ID,EXTID,PARENT_ID,PARENT_EXTID,IS_GROUP,NAME,DISP_SEQNO,Descr,Flags,ACID,CLID,IsItLedger,SpecialTypeID,CR_BAL,DB_BAL,TreeNode,Addr,PAN,ADDINFO
1,-5,0,-5,1,Liabilities,1,,65536,61,1,,250,0.0,0.0,,,,
2,-5,0,-5,1,Assets,2,,65536,61,1,,150,0.0,0.0,,,,
45,-5,2,-5,1,Fixed Asset,1,,65536,61,1,,150,0.0,0.0,,,,
50,-5,2,-5,1,Investments,5,,65536,61,1,,150,0.0,0.0,,,,
55,-5,2,-5,1,Current Assets,10,,65536,61,1,,150,0.0,0.0,,,,
60,-5,55,-5,1,Banks,1,All Bank Accounts,65536,61,1,,40,0.0,0.0,,,,
64,-5,1,-5,1,Capital Account,1,,65536,61,1,,250,0.0,0.0,,,,
65,-5,1,-5,1,Current Liabilities,65,,65536,61,1,,250,0.0,0.0,,,,
70,-5,55,-5,1,Loans and Advances (Asset),7,,65536,61,1,,125,0.0,0.0,,,,
75,-5,65,-5,1,Sundry Creditors,5,,65536,61,1,,275,0.0,0.0,,,,
85,-5,65,-5,1,Loans (Liability),1,,65536,61,1,,275,0.0,0.0,,,,
90,-5,55,-5,1,Sundry Debtors,10,,65536,61,1,,125,0.0,0.0,,,,
150,-5,1,-5,1,Profit & Loss,1000,Excess of Income over Expenditure,65536,61,1,,250,0.0,0.0,,,,
155,-5,150,-5,1,Income,1,,65536,61,1,,280,0.0,0.0,,,,
160,-5,150,-5,1,Expenses,5,,65536,61,1,,290,0.0,0.0,,,,
170,-5,160,-5,1,STT,100,Security Transaction Tax,65536,61,1,,290,0.0,0.0,<null>,,,
171,-5,160,-5,1,Tax & Charges - Stocks,100,"Stock - Tax and Charges Expenses for Tally
",65536,61,1,,290,0.0,0.0,<null>,,,
175,-5,160,-5,1,Share Transaction Charges,100,Total of all Charges in Contract Note,65536,61,1,,290,0.0,0.0,,,,
180,-5,155,-5,1,Capital Gains,100,,65536,61,1,,290,0.0,0.0,<null>,,,
205,-5,55,-5,0,Cash on Hand,0,,65536,61,1,,50,173000.0,173504.0,,,,
210,-5,55,-5,0,Unassigned Bank/Ledger,0,Possible banking transactions where bank is not known,65536,61,1,,40,0.0,0.0,,,,
215,-5,75,-5,0,Unassigned Broker,0,Transactions with brokers where broker is not known,65536,61,1,,275,0.0,0.0,,,,
220,-5,155,-5,0,Suspense Account,0,Transactions where account is not known,65536,61,1,,280,0.0,0.0,<null>,,,
230,-5,64,-5,0,Capital Account,0,,65536,61,1,,250,483277.0,0.0,,,,
235,-5,55,-5,0,TDS,0,,65536,61,1,,150,0.0,0.0,,,,
237,-5,55,-5,0,Asset Switch / Renewal / Demerger,0,Holds switch in and switch out journal entries,65536,61,1,,150,0.0,0.0,,,,
240,-5,1,-5,0,Difference in Opening Balances,0,This is auto calculated ledger,65536,61,1,,250,0.0,0.0,,,,
401,-5,155,-5,0,Interest on Investment,0,,65536,61,1,,280,0.0,0.0,,,,
402,-5,55,-5,0,Interest Receivable,0,,65536,61,1,,280,0.0,0.0,,,,
405,-5,155,-5,0,Interest Tax Free,0,,65536,61,1,,280,0.0,0.0,,,,
407,-5,155,-5,0,Interest On Saving Account,0,,0,61,1,,280,3182.0,2271.0,,,,
410,-5,155,-5,0,Rent Income,0,,65536,61,1,,280,0.0,0.0,,,,
415,-5,155,-5,0,Dividend,0,,65536,61,1,,280,0.0,0.0,,,,
416,-5,55,-5,0,Dividend Receivable,0,,65536,61,1,,280,0.0,0.0,,,,
420,-5,155,-5,0,Salary,0,,65536,61,1,,280,0.0,0.0,,,,
425,-5,155,-5,0,Other Income,0,,65536,61,1,,280,0.0,0.0,,,,
427,-5,155,-5,0,Misc. Gain/Loss,0,,65536,61,1,,280,0.0,0.0,,,,
455,-5,180,-5,0,Intra-day/Trading Profit/Loss,0,,65536,61,1,,280,0.0,0.0,,,,
460,-5,180,-5,0,Short Term Gain (Equity),0,,65536,61,1,,280,0.0,0.0,,,,
465,-5,180,-5,0,Long Term Gain (Equity),0,,0,61,1,,280,0.0,4971.73,,,,
470,-5,180,-5,0,Short Term Gain (Debt),0,,65536,61,1,,280,0.0,0.0,,,,
475,-5,180,-5,0,Long Term Gain (Debt),0,,65536,61,1,,280,0.0,0.0,,,,
480,-5,155,-5,0,F & O Trading Gain/Loss,0,,65536,61,1,,280,0.0,0.0,,,,
485,-5,180,-5,0,Long Term Gain (Bonds),0,,65536,61,1,,280,0.0,0.0,,,,
490,-5,180,-5,0,Short Term Gain (Bonds),0,,65536,61,1,,280,0.0,0.0,,,,
492,-5,180,-5,0,Long Term Gain (InvIT/REIT),0,,65536,61,1,,280,0.0,0.0,,,,
494,-5,180,-5,0,Short Term Gain (InvIT/REIT),0,,65536,61,1,,280,0.0,0.0,,,,
600,-5,160,-5,0,Credit Card Expense,0,,65536,61,1,,290,0.0,0.0,,,,
603,-5,160,-5,0,Telephone Expense,0,,65536,61,1,,290,0.0,0.0,,,,
605,-5,160,-5,0,Electricity Expense,0,,65536,61,1,,290,0.0,0.0,,,,
607,-5,160,-5,0,Admin & Other Charges,0,,65536,61,1,,290,0.0,0.0,,,,
610,-5,160,-5,0,Rent Expense,0,,65536,61,1,,290,0.0,0.0,,,,
614,-5,160,-5,0,Interest on Loan,0,,65536,61,1,,290,0.0,0.0,,,,
615,-5,160,-5,0,Bank Charges,0,,65536,61,1,,290,0.0,0.0,,,,
620,-5,160,-5,0,Donation and Charity,0,,65536,61,1,,290,0.0,0.0,,,,
621,-5,160,-5,0,Household Expense,0,,65536,61,1,,290,2.0,2.0,,,,
625,-5,160,-5,0,Courier & Postage,0,,65536,61,1,,290,0.0,0.0,,,,
630,-5,160,-5,0,Legal & Professional Fees,0,,65536,61,1,,290,0.0,0.0,,,,
635,-5,160,-5,0,Insurance Premium,0,,65536,61,1,,290,0.0,0.0,,,,
640,-5,160,-5,0,Children Education Expense,0,,65536,61,1,,290,0.0,0.0,,,,
645,-5,160,-5,0,Society Maintenance Charges,0,,65536,61,1,,290,0.0,0.0,,,,
646,-5,160,-5,0,Loan Charges,0,,65536,61,1,,290,0.0,0.0,,,,
650,-5,170,-5,0,STT - Equity,0,,65536,61,1,,290,0.0,0.0,,,,
651,-5,171,-5,0,GST - Equity,0,,65536,61,1,,290,0.0,0.0,,,,
652,-1,171,-5,0,Trans. Charges - Equity(T),0,,65536,61,1,,290,0.0,0.0,,,,
653,-5,171,-5,0,Stamp Charges - Equity,0,,65536,61,1,,290,0.0,0.0,,,,
654,-5,171,-5,0,Other Charges - Equity,0,,65536,61,1,,290,0.0,0.0,,,,
655,-5,170,-5,0,STT - MFs,0,,0,61,1,,290,0.0,0.55,,,,
660,-5,170,-5,0,STT - F & O,0,,65536,61,1,,290,0.0,0.0,,,,
665,-5,175,-5,0,Trans. Charges - Equity,0,,65536,61,1,,290,0.0,0.0,,,,
670,-5,175,-5,0,Trans. Charges - F & O,0,,65536,61,1,,290,0.0,0.0,,,,
21,-2,155,-5,0,Gift,0,,65536,61,1,0,280,481004.0,481004.0,,,,
52,-2,2,-5,0,Jewellery,0,,65536,61,1,0,150,0.0,307500.0,,,,
58,-2,155,-5,0,Interest on FD,0,,65536,61,1,0,280,0.0,0.0,,,,
72,-2,2,-5,0,Dharampur House Deposit,0,,65536,61,1,0,150,0.0,0.0,,,,
92,-2,160,-5,0,Mediclaim,0,,65536,61,1,0,290,0.0,0.0,,,,
103,-2,1,-5,0,Krisha Shah,0,,0,61,1,0,250,199000.0,199000.0,,,,
111,-2,55,-5,0,Accrued Interest,0,,65536,61,1,0,150,0.0,0.0,,,,
117,-2,90,-5,0,RBI Retail Direct,0,,65536,61,1,0,125,0.0,0.0,,,,
121,-2,55,-5,0,Accounts Receivable,0,,65536,61,1,0,150,0.0,0.0,,,,
123,-2,55,-5,0,TDS,0,,65536,61,1,0,150,0.0,0.0,,,,
130,-2,1,-5,0,Arjin Shah,0,,65536,61,1,0,250,0.0,0.0,,,,
132,-2,60,-5,0,Kotak Bank (A/c. No. - 5348806437),0,,0,61,1,0,40,730200.0,781411.72,,,,
133,-2,1,-5,0,Saahil Shah,0,,0,61,1,0,250,258000.0,258000.0,,,,
138,-2,1,-5,0,Saahil Shah HUF,0,,65536,61,1,0,250,0.0,0.0,,,,
140,-2,1,-5,0,Pramesh Shah,0,,0,61,1,0,250,55700.0,55700.0,,,,
151,-2,2,-5,0,Canara HSBC Life Insurance,0,,65536,61,1,0,150,0.0,0.0,,,,
152,-2,1,-5,0,Unnati Shah,0,,0,61,1,0,250,37500.0,37500.0,,,,
154,-2,64,-5,0,capital account arjin,0,,65536,61,1,0,250,0.0,0.0,,,,
155,-2,90,-5,0,Dhan,0,,65536,61,1,0,125,0.0,0.0,,,,
100004,-1,75,-5,0,Direct,,,65536,61,1,0,276,0.0,0.0,,,,
100003,-1,75,-5,0,KARVY,,,65536,61,1,0,276,0.0,0.0,,,,
100006,-1,75,-5,0,Kotak Securities Ltd,,,65536,61,1,0,276,0.0,0.0,,,,
100008,-1,75,-5,0,MStock,,,65536,61,1,0,276,0.0,0.0,,,,
100001,-1,75,-5,0,R K Global,,,65536,61,1,0,276,0.0,0.0,,,,
100009,-1,75,-5,0,Raise Securities,,,65536,61,1,0,276,0.0,0.0,,,,
100002,-1,75,-5,0,RKSV,,,65536,61,1,0,276,0.0,0.0,,,,
100007,-1,75,-5,0,Zerodha,,,65536,61,1,0,276,0.0,0.0,,,,
200050,-1,50,-5,1,Stocks,5,,65536,61,1,0,150,0.0,0.0,,,,
200051,-1,2,-5,1,Stock-in-Trade,5,,65536,61,1,0,150,0.0,0.0,,,,
200061,-1,50,-5,1,Mutual Funds(Equity),10,,65536,61,1,0,150,0.0,0.0,,,,
200062,-1,50,-5,1,Mutual Funds(Debt),11,,65536,61,1,0,150,0.0,0.0,,,,
200058,-1,50,-5,1,Special Inv. Funds,12,,65536,61,1,0,150,0.0,0.0,,,,
200141,-1,50,-5,1,NPS/ULIP,20,,65536,61,1,0,150,0.0,0.0,,,,
200140,-1,50,-5,1,Insurance,25,,65536,61,1,0,150,0.0,0.0,,,,
200066,-1,50,-5,1,Private Equity,30,,65536,61,1,0,150,0.0,0.0,,,,
200095,-1,50,-5,1,FDs,35,,65536,61,1,0,150,0.0,0.0,,,,
200040,-1,50,-5,1,Traded Bonds,38,,65536,61,1,0,150,0.0,0.0,,,,
200070,-1,50,-5,1,NCD/Debentures,40,,65536,61,1,0,150,0.0,0.0,,,,
200115,-1,50,-5,1,Deposits/Loans,45,,65536,61,1,0,150,0.0,0.0,,,,
200120,-1,50,-5,1,PPF/EPF,50,,65536,61,1,0,150,0.0,0.0,,,,
200135,-1,50,-5,1,Post Office,55,,65536,61,1,0,150,0.0,0.0,,,,
200075,-1,45,-5,1,Gold,60,,65536,61,1,0,150,0.0,0.0,,,,
200077,-1,45,-5,1,Silver,65,,65536,61,1,0,150,0.0,0.0,,,,
200155,-1,45,-5,1,Jewellery,70,,65536,61,1,0,150,0.0,0.0,,,,
200150,-1,45,-5,1,Properties,75,,65536,61,1,0,150,0.0,0.0,,,,
200145,-1,50,-5,1,Art,80,,65536,61,1,0,150,0.0,0.0,,,,
200160,-1,50,-5,1,AIF,85,,65536,61,1,0,150,0.0,0.0,,,,
200195,-1,85,-5,1,Loans,95,,65536,61,1,0,150,0.0,0.0,,,,
502791,-1,200061,-1,0,Quant Small Cap Fund-Growth Option-Direct Plan (51074476845 / 0),,,0,61,1,0,150,20000.0,20000.0,,,,
502792,-1,200061,-1,0,Quant Mid Cap Fund-Growth Option-Direct Plan (51074476855 / 0),,,0,61,1,0,150,20000.0,20000.0,,,,
502809,-1,200061,-1,0,SBI Contra Fund - Direct Plan - Growth (38967944),,,65536,61,1,0,150,0.0,20000.0,,,,
502869,-1,200061,-1,0,JM Flexicap Fund (Direct) - Growth Option (79915382765 / 0),,,0,61,1,0,150,20000.0,20000.0,,,,
502870,-1,200061,-1,0,ICICI Prudential Dividend Yield Equity Fund Direct Plan Growth Option (34838122/30),,,65536,61,1,0,150,0.0,20000.0,,,,
503067,-1,200061,-1,0,BANDHAN Arbitrage Fund-Direct Plan- Growth (6341159/66),,,0,61,1,0,150,0.0,35000.0,,,,
503083,-1,200061,-1,0,Edelweiss Nifty Midcap150 Momentum 50 Index Fund - Direct Plan - Growth (91044592493 / 0),,,0,61,1,0,150,0.0,10000.0,,,,
503084,-1,200061,-1,0,Mirae Asset Nifty MidSmallcap400 Momentum Quality 100 ETF Fund of Fund - Direct Plan - Growth (79987024706 / 0),,,0,61,1,0,150,0.0,25000.0,,,,
503085,-1,200061,-1,0,Edelweiss Nifty500 Multicap Momentum Quality 50 Index Fund - Direct - Growth (91044592514 / 0),,,0,61,1,0,150,0.0,10000.0,,,,
1,-5,0,-5,1,Liabilities,1,,65536,36,1,,250,0.0,0.0,,,,
2,-5,0,-5,1,Assets,2,,65536,36,1,,150,0.0,0.0,,,,
45,-5,2,-5,1,Fixed Asset,1,,65536,36,1,,150,0.0,0.0,,,,
50,-5,2,-5,1,Investments,5,,65536,36,1,,150,0.0,0.0,,,,
55,-5,2,-5,1,Current Assets,10,,65536,36,1,,150,0.0,0.0,,,,
60,-5,55,-5,1,Banks,1,All Bank Accounts,65536,36,1,,40,0.0,0.0,,,,
64,-5,1,-5,1,Capital Account,1,,65536,36,1,,250,0.0,0.0,,,,
65,-5,1,-5,1,Current Liabilities,65,,65536,36,1,,250,0.0,0.0,,,,
70,-5,55,-5,1,Loans and Advances (Asset),7,,65536,36,1,,125,0.0,0.0,,,,
75,-5,65,-5,1,Sundry Creditors,5,,65536,36,1,,275,0.0,0.0,,,,
85,-5,65,-5,1,Loans (Liability),1,,65536,36,1,,275,0.0,0.0,,,,
90,-5,55,-5,1,Sundry Debtors,10,,65536,36,1,,125,0.0,0.0,,,,
150,-5,1,-5,1,Profit & Loss,1000,Excess of Income over Expenditure,65536,36,1,,250,0.0,0.0,,,,
155,-5,150,-5,1,Income,1,,65536,36,1,,280,0.0,0.0,,,,
160,-5,150,-5,1,Expenses,5,,65536,36,1,,290,0.0,0.0,,,,
170,-5,160,-5,1,STT,100,Security Transaction Tax,65536,36,1,,290,0.0,0.0,<null>,,,
171,-5,160,-5,1,Tax & Charges - Stocks,100,"Stock - Tax and Charges Expenses for Tally
",65536,36,1,,290,0.0,0.0,<null>,,,
175,-5,160,-5,1,Share Transaction Charges,100,Total of all Charges in Contract Note,65536,36,1,,290,0.0,0.0,,,,
180,-5,155,-5,1,Capital Gains,100,,65536,36,1,,290,0.0,0.0,<null>,,,
205,-5,55,-5,0,Cash on Hand,0,,65536,36,1,,50,815916.0,965257.0,,,,
210,-5,55,-5,0,Unassigned Bank/Ledger,0,Possible banking transactions where bank is not known,0,36,1,,40,537000.0,0.0,,,,
215,-5,75,-5,0,Unassigned Broker,0,Transactions with brokers where broker is not known,65536,36,1,,275,0.0,0.0,,,,
220,-5,155,-5,0,Suspense Account,0,Transactions where account is not known,65536,36,1,,280,0.0,0.0,<null>,,,
230,-5,64,-5,0,Capital Account,0,,65536,36,1,,250,5977903.4799999995,1222143.76,,,,
235,-5,55,-5,0,TDS,0,,65536,36,1,,150,19286.58,48602.240000000005,,,,
237,-5,55,-5,0,Asset Switch / Renewal / Demerger,0,Holds switch in and switch out journal entries,0,36,1,,150,299634.29,302634.29,,,,
240,-5,1,-5,0,Difference in Opening Balances,0,This is auto calculated ledger,65536,36,1,,250,0.0,0.0,,,,
401,-5,155,-5,0,Interest on Investment,0,,65536,36,1,,280,114852.62,81956.0,,,,
402,-5,55,-5,0,Interest Receivable,0,,65536,36,1,,280,0.0,0.0,,,,
405,-5,155,-5,0,Interest Tax Free,0,,65536,36,1,,280,127880.31,101056.31,,,,
407,-5,155,-5,0,Interest On Saving Account,0,,65536,36,1,,280,93362.4,78500.4,,,,
410,-5,155,-5,0,Rent Income,0,,65536,36,1,,280,0.0,0.0,,,,
415,-5,155,-5,0,Dividend,0,,65536,36,1,,280,25790.33,16887.33,,,,
416,-5,55,-5,0,Dividend Receivable,0,,65536,36,1,,280,0.0,0.0,,,,
420,-5,155,-5,0,Salary,0,,65536,36,1,,280,1649356.0,1232855.0,,,,
425,-5,155,-5,0,Other Income,0,,65536,36,1,,280,276625.52,276625.52,,,,
427,-5,155,-5,0,Misc. Gain/Loss,0,,65536,36,1,,280,0.0,0.0,,,,
455,-5,180,-5,0,Intra-day/Trading Profit/Loss,0,,0,36,1,,280,418.74,15.6,,,,
460,-5,180,-5,0,Short Term Gain (Equity),0,,0,36,1,,280,400411.45999999996,320435.26,,,,
465,-5,180,-5,0,Long Term Gain (Equity),0,,65536,36,1,,280,674641.8599999999,545987.3099999999,,,,
470,-5,180,-5,0,Short Term Gain (Debt),0,,0,36,1,,280,41902.23999999995,10936.910000000002,,,,
475,-5,180,-5,0,Long Term Gain (Debt),0,,65536,36,1,,280,0.0,0.0,,,,
480,-5,155,-5,0,F & O Trading Gain/Loss,0,,65536,36,1,,280,193266.44,193266.44,,,,
485,-5,180,-5,0,Long Term Gain (Bonds),0,,65536,36,1,,280,16706.23,16706.23,,,,
490,-5,180,-5,0,Short Term Gain (Bonds),0,,65536,36,1,,280,0.0,0.0,,,,
492,-5,180,-5,0,Long Term Gain (InvIT/REIT),0,,65536,36,1,,280,0.0,0.0,,,,
494,-5,180,-5,0,Short Term Gain (InvIT/REIT),0,,65536,36,1,,280,0.0,0.0,,,,
600,-5,160,-5,0,Credit Card Expense,0,,65536,36,1,,290,0.0,0.0,,,,
603,-5,160,-5,0,Telephone Expense,0,,65536,36,1,,290,0.0,0.0,,,,
605,-5,160,-5,0,Electricity Expense,0,,65536,36,1,,290,0.0,0.0,,,,
607,-5,160,-5,0,Admin & Other Charges,0,,65536,36,1,,290,25.0,25.0,,,,
610,-5,160,-5,0,Rent Expense,0,,65536,36,1,,290,0.0,0.0,,,,
614,-5,160,-5,0,Interest on Loan,0,,65536,36,1,,290,0.0,0.0,,,,
615,-5,160,-5,0,Bank Charges,0,,65536,36,1,,290,4080.8799999999997,4080.8799999999997,,,,
620,-5,160,-5,0,Donation and Charity,0,,65536,36,1,,290,2000.0,2000.0,,,,
621,-5,160,-5,0,Household Expense,0,,65536,36,1,,290,668357.2100000001,794120.6299999999,,,,
625,-5,160,-5,0,Courier & Postage,0,,65536,36,1,,290,0.0,0.0,,,,
630,-5,160,-5,0,Legal & Professional Fees,0,,65536,36,1,,290,0.0,0.0,,,,
635,-5,160,-5,0,Insurance Premium,0,,65536,36,1,,290,0.0,0.0,,,,
640,-5,160,-5,0,Children Education Expense,0,,65536,36,1,,290,0.0,0.0,,,,
645,-5,160,-5,0,Society Maintenance Charges,0,,65536,36,1,,290,0.0,0.0,,,,
646,-5,160,-5,0,Loan Charges,0,,65536,36,1,,290,0.0,0.0,,,,
650,-5,170,-5,0,STT - Equity,0,,0,36,1,,290,4939.0,6256.0,,,,
651,-5,171,-5,0,GST - Equity,0,,65536,36,1,,290,0.0,0.0,,,,
652,-1,171,-5,0,Trans. Charges - Equity(T),0,,65536,36,1,,290,0.0,0.0,,,,
653,-5,171,-5,0,Stamp Charges - Equity,0,,65536,36,1,,290,0.0,0.0,,,,
654,-5,171,-5,0,Other Charges - Equity,0,,65536,36,1,,290,0.0,0.0,,,,
655,-5,170,-5,0,STT - MFs,0,,65536,36,1,,290,13.41,18.69,,,,
660,-5,170,-5,0,STT - F & O,0,,65536,36,1,,290,0.0,0.0,,,,
665,-5,175,-5,0,Trans. Charges - Equity,0,,0,36,1,,290,674.35,954.9100000000003,,,,
670,-5,175,-5,0,Trans. Charges - F & O,0,,65536,36,1,,290,0.0,0.0,,,,
21,-2,155,-5,0,Gift,0,,65536,36,1,0,280,389846.0,342346.0,,,,
52,-2,2,-5,0,Jewellery,0,,65536,36,1,0,150,0.0,143500.0,,,,
58,-2,155,-5,0,Interest on FD,0,,65536,36,1,0,280,0.0,0.0,,,,
72,-2,2,-5,0,Dharampur House Deposit,0,,65536,36,1,0,150,0.0,0.0,,,,
92,-2,160,-5,0,Mediclaim,0,,65536,36,1,0,290,0.0,0.0,,,,
101,-2,60,-5,0,Kotak Bank (A/c. No. 6945111207),0,,0,36,1,0,40,14827364.350000001,16322330.010000002,,,,
102,-2,60,-5,0,IDFC Bank (A/c. No. 10066812526),0,,0,36,1,0,40,10149848.879999999,10123178.81,,,,
103,-2,1,-5,0,Krisha Shah,0,,65536,36,1,0,250,0.0,0.0,,,,
104,-2,60,-5,0,SBI Bank (A/c. No. 32352372302),0,,65536,36,1,0,40,56658.95000000001,56658.95,,,,
105,-2,1,-5,0,Pramesh Shah,0,,65536,36,1,0,250,2358000.0,2358000.0,,,,
106,-2,1,-5,0,Unnati Shah,0,,65536,36,1,0,250,2943000.0,2943000.0,,,,
108,-2,155,-5,0,income from Enchante,0,,65536,36,1,0,280,1618612.21,1488812.21,,,,
109,-2,2,-5,0,Enchante,0,,65536,36,1,0,150,37850.0,37850.0,,,,
110,-2,1,-5,0,Saahil Shah,0,,65536,36,1,0,250,3041600.0,3041600.0,,,,
111,-2,55,-5,0,Accrued Interest,0,,65536,36,1,0,150,0.0,0.0,,,,
115,-2,60,-5,0,IDBI Bank (A/c.No. -0409104000111720),0,,65536,36,1,0,40,3062.5999999999995,3062.6,,,,
116,-2,160,-5,0,Income Tax,0,,65536,36,1,0,290,97055.0,133605.0,,,,
117,-2,90,-5,0,RBI Retail Direct,0,,65536,36,1,0,125,0.0,0.0,,,,
118,-2,160,-5,0,DP and other charges,0,,65536,36,1,0,290,5304.52,5304.5248,,,,
120,-2,60,-5,0,Bank of Baroda,0,,65536,36,1,0,40,1946597.3099999998,1951138.8199999998,,,,
121,-2,55,-5,0,Accounts Receivable,0,,65536,36,1,0,150,216665.0,214665.0,,,,
123,-2,55,-5,0,TDS,0,,65536,36,1,0,150,0.0,0.0,,,,
125,-2,160,-5,0,Profession Tax,0,,65536,36,1,0,290,5300.0,7550.0,,,,
126,-2,200120,-1,0,EPF - Salary,0,,65536,36,1,0,150,0.0,66600.0,,,,
129,-2,160,-5,0,Expenses in Enchante,0,,65536,36,1,0,290,65000.0,65000.0,,,,
130,-2,1,-5,0,Arjin Shah,0,,65536,36,1,0,250,199000.0,199000.0,,,,
137,-2,155,-5,0,Brokerage Income,0,,65536,36,1,0,280,2239378.66,490649.0,,,,
138,-2,1,-5,0,Saahil Shah HUF,0,,65536,36,1,0,250,0.0,0.0,,,,
146,-2,65,-5,0,Creative Printers,0,,65536,36,1,0,250,148775.0,148775.0,,,,
147,-2,55,-5,0,Creative Packaging,0,,65536,36,1,0,150,50000.0,50000.0,,,,
149,-2,1,-5,0,Salary Receivable,0,,65536,36,1,0,250,0.0,0.0,,,,
151,-2,2,-5,0,Canara HSBC Life Insurance,0,,65536,36,1,0,150,0.0,250000.0,,,,
155,-2,90,-5,0,Dhan,0,,65536,36,1,0,125,0.0,0.0,,,,
100004,-1,75,-5,0,Direct,,,65536,36,1,0,276,436911.84,436911.84,,,,
100003,-1,75,-5,0,KARVY,,,65536,36,1,0,276,0.0,0.0,,,,
100006,-1,75,-5,0,Kotak Securities Ltd,,,65536,36,1,0,276,0.0,0.0,,,,
100008,-1,75,-5,0,MStock,,,65536,36,1,0,276,290861.05999999994,290861.05999999994,,,,
100001,-1,75,-5,0,R K Global,,,65536,36,1,0,276,0.0,0.0,,,,
100009,-1,75,-5,0,Raise Securities,,,65536,36,1,0,276,0.0,0.0,,,,
100002,-1,75,-5,0,RKSV,,,65536,36,1,0,276,0.0,0.0,,,,
100007,-1,75,-5,0,Zerodha,,,0,36,1,0,276,5783689.250000003,5427962.379999998,,,,
200050,-1,50,-5,1,Stocks,5,,65536,36,1,0,150,0.0,0.0,,,,
200051,-1,2,-5,1,Stock-in-Trade,5,,65536,36,1,0,150,0.0,0.0,,,,
200061,-1,50,-5,1,Mutual Funds(Equity),10,,65536,36,1,0,150,0.0,0.0,,,,
200062,-1,50,-5,1,Mutual Funds(Debt),11,,65536,36,1,0,150,0.0,0.0,,,,
200058,-1,50,-5,1,Special Inv. Funds,12,,65536,36,1,0,150,0.0,0.0,,,,
200141,-1,50,-5,1,NPS/ULIP,20,,65536,36,1,0,150,0.0,0.0,,,,
200140,-1,50,-5,1,Insurance,25,,65536,36,1,0,150,0.0,0.0,,,,
200066,-1,50,-5,1,Private Equity,30,,65536,36,1,0,150,0.0,0.0,,,,
200095,-1,50,-5,1,FDs,35,,65536,36,1,0,150,0.0,0.0,,,,
200040,-1,50,-5,1,Traded Bonds,38,,65536,36,1,0,150,0.0,0.0,,,,
200070,-1,50,-5,1,NCD/Debentures,40,,65536,36,1,0,150,0.0,0.0,,,,
200115,-1,50,-5,1,Deposits/Loans,45,,65536,36,1,0,150,0.0,0.0,,,,
200120,-1,50,-5,1,PPF/EPF,50,,65536,36,1,0,150,0.0,0.0,,,,
200135,-1,50,-5,1,Post Office,55,,65536,36,1,0,150,0.0,0.0,,,,
200075,-1,45,-5,1,Gold,60,,65536,36,1,0,150,0.0,0.0,,,,
200077,-1,45,-5,1,Silver,65,,65536,36,1,0,150,0.0,0.0,,,,
200155,-1,45,-5,1,Jewellery,70,,65536,36,1,0,150,0.0,0.0,,,,
200150,-1,45,-5,1,Properties,75,,65536,36,1,0,150,0.0,0.0,,,,
200145,-1,50,-5,1,Art,80,,65536,36,1,0,150,0.0,0.0,,,,
200160,-1,50,-5,1,AIF,85,,65536,36,1,0,150,0.0,0.0,,,,
200195,-1,85,-5,1,Loans,95,,65536,36,1,0,150,0.0,0.0,,,,
501589,-1,200061,-1,0,HDFC Large Cap Fund - Growth Option - Regular Plan (14874946 / 12),,,65536,36,1,0,150,45899.6,45899.600000000006,,,,
501590,-1,200061,-1,0,Mirae Asset ELSS Tax Saver Fund - Regular Plan - Growth (79937606743),,,65536,36,1,0,150,0.0,0.0,,,,
501591,-1,200061,-1,0,Mirae Asset ELSS Tax Saver Fund - Direct Plan - Growth (79937606743),,,65536,36,1,0,150,0.0,0.0,,,,
501592,-1,200061,-1,0,Axis ELSS Tax Saver Fund - Direct Plan - Growth Option (910111084245),,,65536,36,1,0,150,0.0,0.0,,,,
501632,-1,200050,-1,0,SBI-ETF Nifty 50,,,65536,36,1,0,150,199171.92,199171.92000000004,,,,
501633,-1,200050,-1,0,IDFC First Bank,,,65536,36,1,0,150,39004.54,39004.54,,,,
501635,-1,200050,-1,0,Indian Railway Finance Corporation,,,65536,36,1,0,150,2105.08,2105.08,,,,
501639,-1,200061,-1,0,Axis ELSS Tax Saver Fund - Direct Plan - Growth Option (910111084245),,,65536,36,1,0,150,50000.0,50000.0,,,,
501653,-1,200061,-1,0,Mirae Asset ELSS Tax Saver Fund - Direct Plan - Growth (79937606743),,,65536,36,1,0,150,100000.0,100000.0,,,,
501667,-1,200061,-1,0,Parag Parikh Flexi Cap Fund - Direct Plan - Growth (10980517),,,65536,36,1,0,150,21000.0,21000.0,,,,
501668,-1,200040,-1,0,Housing & Urban Development Corporation NCD 7.64% 08/02/2031 (ISIN INE031A07AO5),,,65536,36,1,0,150,186313.64,186313.64,,,,
501669,-1,200040,-1,0,Indian Railway Finance Corporation NCD NJ 7.53% 21/12/2030 (ISIN INE053F07835),,,65536,36,1,0,150,13783.59,13783.59,,,,
501683,-1,200061,-1,0,Mirae Asset Large & Midcap Fund - Direct Plan - Growth (79937606743),,,65536,36,1,0,150,55000.0,55000.0,,,,
501714,-1,200120,-1,0,PPF - Krisha,,,65536,36,1,0,150,352759.31,757388.6200000001,,,,
501720,-1,200062,-1,0,Axis Liquid Fund - Direct Plan - Growth Option (910111084245),,,65536,36,1,0,150,250000.0,250000.0,,,,
501736,-1,200061,-1,0,CANARA ROBECO LARGE CAP FUND - DIRECT PLAN - GROWTH OPTION (19930087466),,,65536,36,1,0,150,3000.0,3000.0,,,,
501751,-1,200050,-1,0,HDFC Life Insurance Company,,,65536,36,1,0,150,40769.34,40769.34,,,,
501757,-1,200061,-1,0,Parag Parikh Flexi Cap Fund - Direct Plan - Growth (11603480),,,65536,36,1,0,150,40999.89,41000.0,,,,
501758,-1,200050,-1,0,Tata Consultancy Services,,,65536,36,1,0,150,92786.81,92786.81,,,,
501822,-1,200050,-1,0,Kotak Mahindra Bank,,,65536,36,1,0,150,16394.31,16394.31,,,,
501871,-1,200050,-1,0,Divi's Laboratories,,,65536,36,1,0,150,4496.15,4496.15,,,,
501900,-1,200115,-1,0,7.54 GS 2036,,,65536,36,1,0,150,0.0,0.0,,,,
501902,-1,200115,-1,0,6.99 GS 2051,,,65536,36,1,0,150,0.0,0.0,,,,
501911,-1,200050,-1,0,Tata Power Company,,,65536,36,1,0,150,21812.5,21812.5,,,,
501918,-1,200050,-1,0,HDFC Limited,,,65536,36,1,0,150,26388.3,26388.3,,,,
501919,-1,200050,-1,0,State Bank Of India,,,65536,36,1,0,150,14100.7,14100.7,,,,
501920,-1,200050,-1,0,UltraTech Cement,,,65536,36,1,0,150,45910.0,45910.0,,,,
501922,-1,200050,-1,0,GMM Pfaudler,,,65536,36,1,0,150,5031.0,5031.0,,,,
501927,-1,200061,-1,0,Canara Robeco Small Cap Fund - Direct Plan- Growth Option (19930087466 / 0),,,65536,36,1,0,150,62499.99,62499.99,,,,
501931,-1,200050,-1,0,Infosys,,,65536,36,1,0,150,28550.9,28550.9,,,,
501934,-1,200050,-1,0,Tata Investment Corporation,,,65536,36,1,0,150,34987.0,70337.0,,,,
501935,-1,200050,-1,0,L&T Technology Services,,,65536,36,1,0,150,6775.6,6775.6,,,,
501948,-1,200061,-1,0,quant Flexi Cap Fund - Growth Option-Direct Plan (51017464005 / 0),,,65536,36,1,0,150,0.0,180000.0,,,,
501955,-1,200050,-1,0,Mahindra & Mahindra,,,65536,36,1,0,150,8953.5,8953.5,,,,
501956,-1,200050,-1,0,Asian Paints,,,65536,36,1,0,150,3052.2,3052.2,,,,
501957,-1,200050,-1,0,SBI Cards & Payment Services,,,65536,36,1,0,150,4054.75,4054.75,,,,
501960,-1,200050,-1,0,Computer Age Management Services,,,65536,36,1,0,150,4715.5,4715.5,,,,
501969,-1,200050,-1,0,Canara Bank,,,65536,36,1,0,150,7883.75,7883.75,,,,
501970,-1,200050,-1,0,Life Insurance Corporation of India (LIC),,,65536,36,1,0,150,48190.0,48190.0,,,,
501971,-1,200050,-1,0,Greenply Industries,,,65536,36,1,0,150,12213.75,12213.75,,,,
501979,-1,200050,-1,0,Gail India,,,65536,36,1,0,150,45597.5,45597.5,,,,
502096,-1,200061,-1,0,Quant Mid Cap Fund-Growth Option-Direct Plan (51017464005 / 0),,,65536,36,1,0,150,198750.0,198750.0,,,,
502127,-1,200061,-1,0,Mirae Asset Large & Midcap Fund - Direct Plan - Growth (79964748286 / 0),,,65536,36,1,0,150,5000.0,5000.0,,,,
502128,-1,200061,-1,0,quant Flexi Cap Fund - Growth Option-Direct Plan (51025558664 / 0),,,65536,36,1,0,150,0.0,35000.0,,,,
502197,-1,200120,-1,0,EPF - Salary,,,65536,36,1,0,150,0.0,0.0,,,,
502253,-1,200062,-1,0,360 ONE Dynamic Bond Fund - Regular Plan - Growth Option (51025558664 / 0),,,65536,36,1,0,150,0.0,0.0,,,,
502270,-1,200061,-1,0,Quant Small Cap Fund-Growth Option-Direct Plan (51025558664 / 0),,,65536,36,1,0,150,29993.38,245000.0,,,,
502379,-1,200062,-1,0,Quant Liquid Plan-Growth Option-Direct Plan (51025558664),,,65536,36,1,0,150,80000.00000000001,80000.0,,,,
502404,-1,200050,-1,0,HDFC Bank,,,65536,36,1,0,150,26388.44,26388.3,,,,
502405,-1,200062,-1,0,HDFC Liquid Fund -Direct Plan - Growth Option (23036025 / 60),,,65536,36,1,0,150,50000.00000000001,50000.0,,,,
502406,-1,200062,-1,0,SBI Liquid Fund - DIRECT PLAN -Growth (34054628),,,65536,36,1,0,150,115000.0,115000.0,,,,
502407,-1,200062,-1,0,Nippon India Liquid Fund - Direct Plan Growth Plan - Growth Option (499288980916 / 0),,,0,36,1,0,150,15000.0,215000.0,,,,
502495,-1,200061,-1,0,HDFC Flexi Cap Fund -Direct Plan - Growth Option (23036025 / 60),,,65536,36,1,0,150,37782.09,142592.81,,,,
502504,-1,200050,-1,0,Huhtamaki India,,,65536,36,1,0,150,9070.2,9070.2,,,,
502507,-1,200050,-1,0,Kirloskar Ferrous,,,65536,36,1,0,150,2869.5,2869.5,,,,
502508,-1,200050,-1,0,Techno Electric & Engg.,,,65536,36,1,0,150,9153.95,9153.95,,,,
502509,-1,200050,-1,0,Elecon Engineering,,,65536,36,1,0,150,15810.1,15810.1,,,,
502510,-1,200050,-1,0,Shivalik Bimetal Controls,,,65536,36,1,0,150,31022.899999999998,31022.9,,,,
502511,-1,200050,-1,0,Ganesha Ecosphere,,,65536,36,1,0,150,23070.050000000003,23070.050000000003,,,,
502512,-1,200050,-1,0,Ador Welding,,,65536,36,1,0,150,14433.5,14433.500000000002,,,,
502513,-1,200050,-1,0,Usha Martin,,,65536,36,1,0,150,16933.7,16933.7,,,,
502514,-1,200050,-1,0,HBL Engineering,,,65536,36,1,0,150,20171.4,20171.399999999998,,,,
502515,-1,200050,-1,0,Centum Electronics,,,65536,36,1,0,150,28908.3,28908.300000000003,,,,
502516,-1,200050,-1,0,Shanthi Gears,,,65536,36,1,0,150,6831.2,6831.2,,,,
502517,-1,200050,-1,0,Control Print,,,65536,36,1,0,150,24773.45,24773.45,,,,
502518,-1,200050,-1,0,Mold-Tek Technologies,,,65536,36,1,0,150,2363.55,2363.55,,,,
502519,-1,200050,-1,0,Goodluck India,,,65536,36,1,0,150,18494.1,18494.1,,,,
502520,-1,200050,-1,0,KDDL Limited,,,65536,36,1,0,150,26675.7,26675.7,,,,
502521,-1,200050,-1,0,Gokaldas Exports,,,65536,36,1,0,150,19074.3,19074.3,,,,
502522,-1,200050,-1,0,Action Construction,,,65536,36,1,0,150,26119.1,26119.1,,,,
502523,-1,200050,-1,0,Gravita India,,,65536,36,1,0,150,1569.1,1569.1,,,,
502524,-1,200050,-1,0,PSP Projects,,,65536,36,1,0,150,8525.4,8525.4,,,,
502525,-1,200050,-1,0,Arvind Fashions,,,65536,36,1,0,150,14712.6,14712.6,,,,
502526,-1,200050,-1,0,Hindware Home Innovation,,,65536,36,1,0,150,2616.8,2616.8,,,,
502527,-1,200050,-1,0,Borosil,,,65536,36,1,0,150,29918.949999999997,29918.95,,,,
502560,-1,200050,-1,0,Nippon India ETF Nifty PSU Bank BeES,,,65536,36,1,0,150,79661.75,79661.75,,,,
502574,-1,200050,-1,0,MMTC Limited,,,65536,36,1,0,150,53710.0,53710.0,,,,
502582,-1,200050,-1,0,Garware Hi-Tech Films,,,65536,36,1,0,150,18620.55,18620.55,,,,
502587,-1,200050,-1,0,OnMobile Global,,,65536,36,1,0,150,20145.0,20145.0,,,,
502590,-1,200050,-1,0,Borosil Renewables,,,65536,36,1,0,150,0.0,0.0,,,,
502591,-1,200050,-1,0,Mold-Tek Packaging,,,65536,36,1,0,150,0.0,0.0,,,,
502599,-1,200050,-1,0,Agi Greenpac,,,65536,36,1,0,150,18502.3,18502.300000000003,,,,
502600,-1,200050,-1,0,Indo Count,,,65536,36,1,0,150,21434.7,21434.7,,,,
502601,-1,200050,-1,0,Transformers and Rectifiers,,,65536,36,1,0,150,27449.25,27449.249999999996,,,,
502604,-1,200061,-1,0,Nippon India Multi Cap Fund - Direct Plan Growth Plan - Growth Option (499288980916 / 0),,,65536,36,1,0,150,0.0,45327.42,,,,
502620,-1,200061,-1,0,SBI Contra Fund - Direct Plan - Growth (34054628),,,65536,36,1,0,150,0.0,15407.36,,,,
502625,-1,200050,-1,0,Nippon India ETF Nifty 1D Rate Liquid BeES,,,65536,36,1,0,150,35000.18,35000.17999999999,,,,
502626,-1,200050,-1,0,Interglobe Aviation,,,65536,36,1,0,150,17552.3,17552.3,,,,
502639,-1,200050,-1,0,Concord Biotech,,,65536,36,1,0,150,68910.3,68910.3,,,,
502643,-1,200061,-1,0,Nippon India Power & Infra Fund - Direct Plan Growth Plan - Growth Option (499288980916 / 0),,,65536,36,1,0,150,0.0,275000.0,,,,
502645,-1,200050,-1,0,Wipro Limited,,,65536,36,1,0,150,98350.5,98350.5,,,,
502655,-1,200050,-1,0,Rain Industries,,,65536,36,1,0,150,51012.5,51012.5,,,,
502656,-1,200050,-1,0,Reliance Infrastructure,,,65536,36,1,0,150,4362.4,4362.4,,,,
502667,-1,200050,-1,0,Everest Kanto Cylinders,,,65536,36,1,0,150,27324.0,27324.0,,,,
502696,-1,200050,-1,0,Jio Financial Services,,,65536,36,1,0,150,0.0,40361.75,,,,
502722,-1,200061,-1,0,Kotak Multicap Fund-Direct Plan-Growth (14472046 / 92),,,65536,36,1,0,150,0.0,75000.0,,,,
502723,-1,200061,-1,0,Motilal Oswal Midcap Fund-Direct Plan-Growth Option (91049626794 / 0),,,65536,36,1,0,150,110000.0,110000.0,,,,
502799,-1,200050,-1,0,Arvind,,,65536,36,1,0,150,19488.55,19488.55,,,,
502800,-1,200050,-1,0,Welspun Enterprises,,,65536,36,1,0,150,18745.35,18745.35,,,,
502801,-1,200050,-1,0,Sterling and Wilson Renewable Energy,,,65536,36,1,0,150,20214.35,20214.35,,,,
502802,-1,200050,-1,0,Nuvama Wealth Management,,,65536,36,1,0,150,20049.0,20049.0,,,,
502803,-1,200050,-1,0,NCC Limited,,,65536,36,1,0,150,19684.95,19684.95,,,,
502804,-1,200050,-1,0,Zen Technologies,,,65536,36,1,0,150,13860.0,13860.0,,,,
502805,-1,200050,-1,0,Borosil Scientific,,,65536,36,1,0,150,0.0,0.0,,,,
502821,-1,200061,-1,0,Quant Mid Cap Fund-Growth Option-Direct Plan (51025558664 / 0),,,65536,36,1,0,150,35206.71,35206.71,,,,
502828,-1,200050,-1,0,Exide Industries,,,65536,36,1,0,150,27279.05,27279.05,,,,
502829,-1,200050,-1,0,Zensar Technologies,,,65536,36,1,0,150,23651.800000000003,23651.8,,,,
502830,-1,200050,-1,0,GIC Housing Finance,,,65536,36,1,0,150,26194.32,26194.32,,,,
502831,-1,200050,-1,0,IRCON International,,,65536,36,1,0,150,27677.85,27677.85,,,,
502832,-1,200050,-1,0,Cyient Limited,,,65536,36,1,0,150,30466.3,30466.3,,,,
502833,-1,200050,-1,0,Sonata Software,,,65536,36,1,0,150,23872.6,23872.600000000002,,,,
502834,-1,200050,-1,0,Birlasoft,,,65536,36,1,0,150,28179.4,28179.4,,,,
502835,-1,200050,-1,0,PTC India,,,65536,36,1,0,150,25413.08,25413.08,,,,
502836,-1,200050,-1,0,SJVN Limited,,,65536,36,1,0,150,24750.0,24750.0,,,,
502837,-1,200050,-1,0,CARE Ratings,,,65536,36,1,0,150,26857.300000000003,26857.300000000003,,,,
502838,-1,200050,-1,0,RBL Bank,,,65536,36,1,0,150,27330.1,27330.1,,,,
502839,-1,200050,-1,0,Housing & Urban Development Corporation,,,65536,36,1,0,150,27138.8,27138.8,,,,
502840,-1,200050,-1,0,Cochin Shipyard,,,65536,36,1,0,150,27679.1,27679.1,,,,
502841,-1,200050,-1,0,Rites Ltd,,,65536,36,1,0,150,34997.95,26345.95,,,,
502842,-1,200050,-1,0,Rail Vikas Nigam,,,0,36,1,0,150,24649.8,83789.8,,,,
502843,-1,200050,-1,0,Mazagon Dock Shipbuilders,,,65536,36,1,0,150,33019.35,33019.35,,,,
502844,-1,200050,-1,0,RailTel Corporation of India,,,65536,36,1,0,150,26751.7,26751.7,,,,
502845,-1,200050,-1,0,Jubilant Ingrevia,,,65536,36,1,0,150,22571.0,22571.0,,,,
502861,-1,200061,-1,0,JM Flexicap Fund (Direct) - Growth Option (79915138125 / 0),,,65536,36,1,0,150,160000.0,160000.0,,,,
502864,-1,200061,-1,0,DSP India T.I.G.E.R. Fund - Direct Plan - Growth (9373134 / 25),,,65536,36,1,0,150,0.0,85000.0,,,,
502868,-1,200061,-1,0,BANK OF INDIA Flexi Cap Fund Direct Plan -Growth (9109048722 / 0),,,65536,36,1,0,150,55000.0,55000.0,,,,
502877,-1,200040,-1,0,G-Sec 7.54% GS 2036 (ISIN IN0020220029),,,65536,36,1,0,150,0.0,408576.76,,,,
502878,-1,200040,-1,0,G-Sec 6.99% GS 2051 (ISIN IN0020210194),,,65536,36,1,0,150,0.0,28335.08,,,,
502887,-1,200050,-1,0,Mphasis Limited,,,65536,36,1,0,150,11099.6,11099.6,,,,
502888,-1,200050,-1,0,HCL Technologies,,,65536,36,1,0,150,12885.2,12885.2,,,,
502889,-1,200050,-1,0,Oracle Financial Services Software,,,65536,36,1,0,150,10415.4,10415.4,,,,
502890,-1,200050,-1,0,Coforge,,,65536,36,1,0,150,12187.5,12187.5,,,,
502891,-1,200050,-1,0,Persistent Systems,,,65536,36,1,0,150,9282.3,9282.3,,,,
502892,-1,200050,-1,0,LTIMindtree,,,65536,36,1,0,150,11037.0,11037.0,,,,
502893,-1,200050,-1,0,KPIT Technologies,,,65536,36,1,0,150,15601.5,15601.5,,,,
502900,-1,200050,-1,0,Fedbank Financial Services,,,65536,36,1,0,150,31656.25,31656.25,,,,
502908,-1,200050,-1,0,Can Fin Homes,,,65536,36,1,0,150,18976.1,18976.1,,,,
502909,-1,200050,-1,0,Vadilal Industries,,,65536,36,1,0,150,29749.65,29749.65,,,,
502910,-1,200050,-1,0,Sanghvi Movers,,,65536,36,1,0,150,19866.0,19866.0,,,,
502911,-1,200050,-1,0,Ahluwalia Contracts,,,65536,36,1,0,150,18104.55,18104.55,,,,
502912,-1,200050,-1,0,PTC India Financial Services,,,65536,36,1,0,150,19181.33,19181.33,,,,
502913,-1,200050,-1,0,Repco Home Finance,,,65536,36,1,0,150,19017.45,19017.45,,,,
502914,-1,200050,-1,0,Quess Corp,,,65536,36,1,0,150,19417.2,19417.2,,,,
502915,-1,200050,-1,0,PNB Housing Finance,,,65536,36,1,0,150,19233.9,19233.9,,,,
502916,-1,200050,-1,0,H.G. Infra Engineering,,,65536,36,1,0,150,18480.0,18480.0,,,,
502917,-1,200050,-1,0,CMS Info Systems,,,65536,36,1,0,150,19003.4,19003.4,,,,
502918,-1,200050,-1,0,Gateway Distriparks,,,65536,36,1,0,150,19260.6,19260.6,,,,
502924,-1,200061,-1,0,Motilal Oswal Nifty 500 Momentum 50 Index Fund-Direct Plan-Growth (91049626794 / 0),,,65536,36,1,0,150,400000.0,400000.0,,,,
502932,-1,200061,-1,0,Edelweiss Nifty Midcap150 Momentum 50 Index Fund - Direct Plan - Growth (91026913966 / 0),,,65536,36,1,0,150,0.0,265000.0,,,,
502941,-1,200050,-1,0,Indian Oil Corporation,,,65536,36,1,0,150,41565.0,41565.0,,,,
502943,-1,200050,-1,0,Lloyds Enterprises,,,65536,36,1,0,150,30099.0,30099.0,,,,
502944,-1,200050,-1,0,Laurus Labs,,,65536,36,1,0,150,52056.2,126091.59999999999,,,,
502946,-1,200050,-1,0,Reliance Industries,,,65536,36,1,0,150,36464.2,36464.2,,,,
502956,-1,200050,-1,0,Marathon Nextgen Realty,,,65536,36,1,0,150,92750.0,92750.0,,,,
502957,-1,200050,-1,0,Vodafone Idea,,,65536,36,1,0,150,0.0,4150.0,,,,
502973,-1,200062,-1,0,Kotak Liquid - Growth - Direct (14472046 / 92),,,65536,36,1,0,150,149583.96000000002,150000.0,,,,
502974,-1,200062,-1,0,DSP Liquidity Fund - Direct Plan - Growth (9373134 / 25),,,65536,36,1,0,150,229824.62,250000.0,,,,
502975,-1,200062,-1,0,ICICI Prudential Multi-Asset Fund - Direct Plan - Growth (38044977 / 22),,,65536,36,1,0,150,0.0,222000.0,,,,
502980,-1,200062,-1,0,DSP Multi Asset Allocation Fund - Direct - Growth (9373134 / 25),,,65536,36,1,0,150,0.0,200000.0,,,,
502986,-1,200050,-1,0,Sammaan Capital,,,65536,36,1,0,150,0.0,154856.0,,,,
502987,-1,200050,-1,0,Protean eGov Technologies,,,65536,36,1,0,150,183812.65,183812.65,,,,
502990,-1,200061,-1,0,Edelweiss Nifty500 Multicap Momentum Quality 50 Index Fund - Direct - Growth (91026913966 / 0),,,65536,36,1,0,150,0.0,100000.0,,,,
503011,-1,200061,-1,0,Invesco India Flexi Cap Fund - Direct Plan - Growth (31031249691 / 0),,,65536,36,1,0,150,0.0,72000.0,,,,
503017,-1,200050,-1,0,Hubtown Limited,,,65536,36,1,0,150,99710.0,99710.0,,,,
503034,-1,200050,-1,0,Lloyds Enterprises Rights Entitlement,,,65536,36,1,0,150,1.2,1.2,,,,
503035,-1,200061,-1,0,BANDHAN Arbitrage Fund-Direct Plan- Growth (6969537 / 30),,,65536,36,1,0,150,100000.0,100000.0,,,,
503036,-1,200061,-1,0,Motilal Oswal Arbitrage Fund-Direct Plan-Growth (910136545781 / 0),,,65536,36,1,0,150,100000.0,100000.0,,,,
503042,-1,200050,-1,0,Navneet Education,,,65536,36,1,0,150,50111.5,50111.5,,,,
503043,-1,200050,-1,0,Tourism Finance Corporation,,,65536,36,1,0,150,47060.0,47060.0,,,,
503044,-1,200050,-1,0,Arisinfra Solutions,,,65536,36,1,0,150,49376.63,49376.63,,,,
503051,-1,200050,-1,0,LG Electronics India,,,65536,36,1,0,150,207480.0,207480.0,,,,
503058,-1,200050,-1,0,Hindustan Copper,,,65536,36,1,0,150,111325.0,146600.0,,,,
503059,-1,200050,-1,0,Nippon India Silver ETF,,,65536,36,1,0,150,22304.25,282575.72,,,,
503063,-1,200040,-1,0,Sovereign Gold Bond 2.50% SEP 2028 SR-VI 2020-21 (IN0020200195),,,65536,36,1,0,150,0.0,136910.0,,,,
503065,-1,200050,-1,0,Nippon India ETF Gold BeES,,,65536,36,1,0,150,0.0,74938.26,,,,
503070,-1,200062,-1,0,Mirae Asset Liquid Fund - Direct Plan - Growth (79964748286 / 0),,,0,36,1,0,150,51516.35000000004,175000.0,,,,
503071,-1,200062,-1,0,Edelweiss Liquid Fund-Direct Plan-Growth Option (91044129963 / 0),,,0,36,1,0,150,102980.34000000023,275000.0,,,,
503073,-1,200061,-1,0,Edelweiss Nifty Midcap150 Momentum 50 Index Fund - Direct Plan - Growth (91044127612 / 0),,,65536,36,1,0,150,0.0,200000.0,,,,
503074,-1,200061,-1,0,Mirae Asset Nifty MidSmallcap400 Momentum Quality 100 ETF Fund of Fund - Direct Plan - Growth (79964748286 / 0),,,0,36,1,0,150,0.0,226000.0,,,,
503075,-1,200061,-1,0,Edelweiss Nifty500 Multicap Momentum Quality 50 Index Fund - Direct - Growth (91044127602 / 0),,,65536,36,1,0,150,0.0,200000.0,,,,
503076,-1,200061,-1,0,Kotak Nifty Alpha 50 Index Fund - Direct Plan - Growth (18513926),,,65536,36,1,0,150,0.0,95000.0,,,,
503081,-1,200061,-1,0,Edelweiss Nifty Midcap150 Momentum 50 Index Fund - Direct Plan - Growth (91044129963 / 0),,,0,36,1,0,150,0.0,51000.0,,,,
503082,-1,200061,-1,0,Edelweiss Nifty500 Multicap Momentum Quality 50 Index Fund - Direct - Growth (91044129963 / 0),,,0,36,1,0,150,0.0,51000.0,,,,
503101,-1,200050,-1,0,Nippon India ETF Nifty 50 BeES,,,65536,36,1,0,150,0.0,28669.29,,,,
503102,-1,200050,-1,0,Kotak Nifty Alpha 50 ETF,,,0,36,1,0,150,0.0,280631.80000000005,,,,
503103,-1,200050,-1,0,Mirae Asset Nifty Metal ETF,,,65536,36,1,0,150,0.0,55086.0,,,,
503104,-1,200050,-1,0,Edelweiss Nifty500 Multicap Momentum Qual. 50 ETF,,,65536,36,1,0,150,0.0,44337.13,,,,
503105,-1,200050,-1,0,Hindustan Zinc,,,65536,36,1,0,150,0.0,19780.0,,,,
503106,-1,200050,-1,0,Aegis Vopak Terminals,,,65536,36,1,0,150,0.0,15489.0,,,,
503117,-1,200050,-1,0,MIRAE ASSET NIFTY MIDSMALLCAP400 MOMENTUM QUALIFTY 100 ETF,,,0,36,1,0,150,0.0,74450.0,,,,
503118,-1,200050,-1,0,Tata Communications,,,0,36,1,0,150,0.0,55475.0,,,,
503119,-1,200050,-1,0,CreditAccess Grameen,,,0,36,1,0,150,63310.0,63310.0,,,,
503120,-1,200050,-1,0,Cholamandalam Investment and Finance Company,,,0,36,1,0,150,57067.11,57067.11,,,,
503126,-1,200062,-1,0,Kotak Liquid - Growth - Direct (18513926),,,0,36,1,0,150,0.0,75000.0,,,,
503127,-1,200062,-1,0,BANDHAN LIQUID Fund -Direct Plan-Growth (6969537 / 30),,,0,36,1,0,150,0.0,100000.0,,,,
503128,-1,200062,-1,0,DSP Liquidity Fund - Direct Plan - Growth (11096548 / 77),,,0,36,1,0,150,0.0,200000.0,,,,
503129,-1,200062,-1,0,Motilal Oswal Liquid Fund - Direct Growth (910136545781 / 0),,,0,36,1,0,150,0.0,75000.0,,,,
503132,-1,200062,-1,0,DSP Multi Asset Allocation Fund - Direct - Growth (11099513 / 09),,,0,36,1,0,150,0.0,75000.0,,,,
1,-5,0,-5,1,Liabilities,1,,65536,32,1,,250,0.0,0.0,,,,
2,-5,0,-5,1,Assets,2,,65536,32,1,,150,0.0,0.0,,,,
45,-5,2,-5,1,Fixed Asset,1,,65536,32,1,,150,0.0,0.0,,,,
50,-5,2,-5,1,Investments,5,,65536,32,1,,150,0.0,0.0,,,,
55,-5,2,-5,1,Current Assets,10,,65536,32,1,,150,0.0,0.0,,,,
60,-5,55,-5,1,Banks,1,All Bank Accounts,65536,32,1,,40,0.0,0.0,,,,
64,-5,1,-5,1,Capital Account,1,,65536,32,1,,250,0.0,0.0,,,,
65,-5,1,-5,1,Current Liabilities,65,,65536,32,1,,250,0.0,0.0,,,,
70,-5,55,-5,1,Loans and Advances (Asset),7,,65536,32,1,,125,0.0,0.0,,,,
75,-5,65,-5,1,Sundry Creditors,5,,65536,32,1,,275,0.0,0.0,,,,
85,-5,65,-5,1,Loans (Liability),1,,65536,32,1,,275,0.0,0.0,,,,
90,-5,55,-5,1,Sundry Debtors,10,,65536,32,1,,125,0.0,0.0,,,,
150,-5,1,-5,1,Profit & Loss,1000,Excess of Income over Expenditure,65536,32,1,,250,0.0,0.0,,,,
155,-5,150,-5,1,Income,1,,65536,32,1,,280,0.0,0.0,,,,
160,-5,150,-5,1,Expenses,5,,65536,32,1,,290,0.0,0.0,,,,
170,-5,160,-5,1,STT,100,Security Transaction Tax,65536,32,1,,290,0.0,0.0,<null>,,,
171,-5,160,-5,1,Tax & Charges - Stocks,100,"Stock - Tax and Charges Expenses for Tally
",65536,32,1,,290,0.0,0.0,<null>,,,
175,-5,160,-5,1,Share Transaction Charges,100,Total of all Charges in Contract Note,65536,32,1,,290,0.0,0.0,,,,
180,-5,155,-5,1,Capital Gains,100,,65536,32,1,,290,0.0,0.0,<null>,,,
205,-5,55,-5,0,Cash on Hand,0,,65536,32,1,,50,0.0,27000.0,,,,
210,-5,55,-5,0,Unassigned Bank/Ledger,0,Possible banking transactions where bank is not known,0,32,1,,40,250000.0,0.0,,,,
215,-5,75,-5,0,Unassigned Broker,0,Transactions with brokers where broker is not known,65536,32,1,,275,0.0,0.0,,,,
220,-5,155,-5,0,Suspense Account,0,Transactions where account is not known,65536,32,1,,280,0.0,0.0,<null>,,,
230,-5,64,-5,0,Capital Account,0,,65536,32,1,,250,5003901.849999999,1003372.3200000001,,,,
235,-5,55,-5,0,TDS,0,,65536,32,1,,150,8731.09,8731.09,,,,
237,-5,55,-5,0,Asset Switch / Renewal / Demerger,0,Holds switch in and switch out journal entries,65536,32,1,,150,620600.0700000001,622100.0700000001,,,,
240,-5,1,-5,0,Difference in Opening Balances,0,This is auto calculated ledger,65536,32,1,,250,0.0,0.0,,,,
401,-5,155,-5,0,Interest on Investment,0,,65536,32,1,,280,459424.94000000006,365342.67000000004,,,,
402,-5,55,-5,0,Interest Receivable,0,,65536,32,1,,280,0.0,0.0,,,,
405,-5,155,-5,0,Interest Tax Free,0,,65536,32,1,,280,15280.0,15280.0,,,,
407,-5,155,-5,0,Interest On Saving Account,0,,65536,32,1,,280,54554.4,50733.4,,,,
410,-5,155,-5,0,Rent Income,0,,65536,32,1,,280,0.0,0.0,,,,
415,-5,155,-5,0,Dividend,0,,65536,32,1,,280,4823.65,2636.6499999999996,,,,
416,-5,55,-5,0,Dividend Receivable,0,,65536,32,1,,280,0.0,0.0,,,,
420,-5,155,-5,0,Salary,0,,65536,32,1,,280,0.0,0.0,,,,
425,-5,155,-5,0,Other Income,0,,65536,32,1,,280,0.0,0.0,,,,
427,-5,155,-5,0,Misc. Gain/Loss,0,,65536,32,1,,280,0.0,0.0,,,,
455,-5,180,-5,0,Intra-day/Trading Profit/Loss,0,,65536,32,1,,280,9.42,9.42,,,,
460,-5,180,-5,0,Short Term Gain (Equity),0,,0,32,1,,280,195117.16999999998,205094.74000000002,,,,
465,-5,180,-5,0,Long Term Gain (Equity),0,,65536,32,1,,280,335308.59,211348.63,,,,
470,-5,180,-5,0,Short Term Gain (Debt),0,,65536,32,1,,280,27210.310000000016,5651.4400000000005,,,,
475,-5,180,-5,0,Long Term Gain (Debt),0,,65536,32,1,,280,0.0,0.0,,,,
480,-5,155,-5,0,F & O Trading Gain/Loss,0,,65536,32,1,,280,1164524.1300000001,1164524.1300000001,,,,
485,-5,180,-5,0,Long Term Gain (Bonds),0,,65536,32,1,,280,8231.08,8231.08,,,,
490,-5,180,-5,0,Short Term Gain (Bonds),0,,65536,32,1,,280,34049.56,34049.560000000005,,,,
492,-5,180,-5,0,Long Term Gain (InvIT/REIT),0,,65536,32,1,,280,0.0,0.0,,,,
494,-5,180,-5,0,Short Term Gain (InvIT/REIT),0,,65536,32,1,,280,0.0,0.0,,,,
600,-5,160,-5,0,Credit Card Expense,0,,65536,32,1,,290,0.0,0.0,,,,
603,-5,160,-5,0,Telephone Expense,0,,65536,32,1,,290,0.0,0.0,,,,
605,-5,160,-5,0,Electricity Expense,0,,65536,32,1,,290,0.0,0.0,,,,
607,-5,160,-5,0,Admin & Other Charges,0,,65536,32,1,,290,0.0,0.0,,,,
610,-5,160,-5,0,Rent Expense,0,,65536,32,1,,290,0.0,0.0,,,,
614,-5,160,-5,0,Interest on Loan,0,,65536,32,1,,290,0.0,0.0,,,,
615,-5,160,-5,0,Bank Charges,0,,65536,32,1,,290,585.59,603.2899999999998,,,,
620,-5,160,-5,0,Donation and Charity,0,,65536,32,1,,290,0.0,0.0,,,,
621,-5,160,-5,0,Household Expense,0,,65536,32,1,,290,45612.35,45611.350000000006,,,,
625,-5,160,-5,0,Courier & Postage,0,,65536,32,1,,290,0.0,0.0,,,,
630,-5,160,-5,0,Legal & Professional Fees,0,,65536,32,1,,290,0.0,0.0,,,,
635,-5,160,-5,0,Insurance Premium,0,,65536,32,1,,290,0.0,0.0,,,,
640,-5,160,-5,0,Children Education Expense,0,,65536,32,1,,290,0.0,0.0,,,,
645,-5,160,-5,0,Society Maintenance Charges,0,,65536,32,1,,290,0.0,0.0,,,,
646,-5,160,-5,0,Loan Charges,0,,65536,32,1,,290,0.0,0.0,,,,
650,-5,170,-5,0,STT - Equity,0,,65536,32,1,,290,2060.0,2540.0,,,,
651,-5,171,-5,0,GST - Equity,0,,65536,32,1,,290,0.0,0.0,,,,
652,-1,171,-5,0,Trans. Charges - Equity(T),0,,65536,32,1,,290,0.0,0.0,,,,
653,-5,171,-5,0,Stamp Charges - Equity,0,,65536,32,1,,290,0.0,0.0,,,,
654,-5,171,-5,0,Other Charges - Equity,0,,65536,32,1,,290,0.0,0.0,,,,
655,-5,170,-5,0,STT - MFs,0,,65536,32,1,,290,5.970000000000001,9.810000000000013,,,,
660,-5,170,-5,0,STT - F & O,0,,65536,32,1,,290,0.0,0.0,,,,
665,-5,175,-5,0,Trans. Charges - Equity,0,,0,32,1,,290,337.18,387.81,,,,
670,-5,175,-5,0,Trans. Charges - F & O,0,,65536,32,1,,290,0.0,0.0,,,,
21,-2,155,-5,0,Gift,0,,65536,32,1,0,280,0.0,0.0,,,,
52,-2,2,-5,0,Jewellery,0,,65536,32,1,0,150,0.0,0.0,,,,
58,-2,155,-5,0,Interest on FD,0,,65536,32,1,0,280,0.0,0.0,,,,
68,-2,60,-5,0,IOB Bank (A/c. No. - 020501000023127),0,,65536,32,1,0,40,5657150.3,5668658.509999999,,,,
69,-2,2,-5,0,Creative Enterprise,0,,65536,32,1,0,150,13024246.0,12606554.35,,,,
70,-2,1,-5,0,Pramesh Shah,0,,65536,32,1,0,250,4002536.0,4002536.0,,,,
71,-2,60,-5,0,Kotak Bank (A/c. No. - 5013113969),0,,65536,32,1,0,40,26095198.5,26126236.729999997,,,,
72,-2,2,-5,0,Dharampur House Deposit,0,,65536,32,1,0,150,0.0,0.0,,,,
85,-2,160,-5,0,DP and other expenses Broker,0,,65536,32,1,0,290,2949.05,2949.05,,,,
88,-2,155,-5,0,Income from Creative Enterprise,0,,65536,32,1,0,280,3325443.35,3325443.35,,,,
90,-2,1,-5,0,Saahil Shah,0,,65536,32,1,0,250,1665000.0,1665000.0,,,,
92,-2,160,-5,0,Mediclaim,0,,65536,32,1,0,290,42045.0,89987.0,,,,
94,-2,1,-5,0,Unnati Shah,0,,65536,32,1,0,250,2611000.0,2611000.0,,,,
98,-2,160,-5,0,Income Tax,0,,65536,32,1,0,290,118300.0,118300.0,,,,
103,-2,1,-5,0,Krisha Shah,0,,65536,32,1,0,250,0.0,0.0,,,,
111,-2,55,-5,0,Accrued Interest,0,,65536,32,1,0,150,0.0,446785.63,,,,
117,-2,90,-5,0,RBI Retail Direct,0,,65536,32,1,0,125,0.0,0.0,,,,
121,-2,55,-5,0,Accounts Receivable,0,,65536,32,1,0,150,0.0,0.0,,,,
123,-2,55,-5,0,TDS,0,,65536,32,1,0,150,0.0,0.0,,,,
130,-2,1,-5,0,Arjin Shah,0,,65536,32,1,0,250,0.0,0.0,,,,
138,-2,1,-5,0,Saahil Shah HUF,0,,65536,32,1,0,250,0.0,0.0,,,,
151,-2,2,-5,0,Canara HSBC Life Insurance,0,,65536,32,1,0,150,0.0,0.0,,,,
155,-2,90,-5,0,Dhan,0,,65536,32,1,0,125,0.0,0.0,,,,
100004,-1,75,-5,0,Direct,,,65536,32,1,0,276,0.0,0.0,,,,
100003,-1,75,-5,0,KARVY,,,65536,32,1,0,276,0.0,0.0,,,,
100006,-1,75,-5,0,Kotak Securities Ltd,,,65536,32,1,0,276,0.0,0.0,,,,
100008,-1,75,-5,0,MStock,,,65536,32,1,0,276,0.0,0.0,,,,
100001,-1,75,-5,0,R K Global,,,65536,32,1,0,276,4746274.319999999,4853011.990000001,,,,
100009,-1,75,-5,0,Raise Securities,,,0,32,1,0,276,32870.59,64055.34,,,,
100002,-1,75,-5,0,RKSV,,,65536,32,1,0,276,0.0,0.0,,,,
100007,-1,75,-5,0,Zerodha,,,65536,32,1,0,276,0.0,0.0,,,,
200050,-1,50,-5,1,Stocks,5,,65536,32,1,0,150,0.0,0.0,,,,
200051,-1,2,-5,1,Stock-in-Trade,5,,65536,32,1,0,150,0.0,0.0,,,,
200061,-1,50,-5,1,Mutual Funds(Equity),10,,65536,32,1,0,150,0.0,0.0,,,,
200062,-1,50,-5,1,Mutual Funds(Debt),11,,65536,32,1,0,150,0.0,0.0,,,,
200058,-1,50,-5,1,Special Inv. Funds,12,,65536,32,1,0,150,0.0,0.0,,,,
200141,-1,50,-5,1,NPS/ULIP,20,,65536,32,1,0,150,0.0,0.0,,,,
200140,-1,50,-5,1,Insurance,25,,65536,32,1,0,150,0.0,0.0,,,,
200066,-1,50,-5,1,Private Equity,30,,65536,32,1,0,150,0.0,0.0,,,,
200095,-1,50,-5,1,FDs,35,,65536,32,1,0,150,0.0,0.0,,,,
200040,-1,50,-5,1,Traded Bonds,38,,65536,32,1,0,150,0.0,0.0,,,,
200070,-1,50,-5,1,NCD/Debentures,40,,65536,32,1,0,150,0.0,0.0,,,,
200115,-1,50,-5,1,Deposits/Loans,45,,65536,32,1,0,150,0.0,0.0,,,,
200120,-1,50,-5,1,PPF/EPF,50,,65536,32,1,0,150,0.0,0.0,,,,
200135,-1,50,-5,1,Post Office,55,,65536,32,1,0,150,0.0,0.0,,,,
200075,-1,45,-5,1,Gold,60,,65536,32,1,0,150,0.0,0.0,,,,
200077,-1,45,-5,1,Silver,65,,65536,32,1,0,150,0.0,0.0,,,,
200155,-1,45,-5,1,Jewellery,70,,65536,32,1,0,150,0.0,0.0,,,,
200150,-1,45,-5,1,Properties,75,,65536,32,1,0,150,0.0,0.0,,,,
200145,-1,50,-5,1,Art,80,,65536,32,1,0,150,0.0,0.0,,,,
200160,-1,50,-5,1,AIF,85,,65536,32,1,0,150,0.0,0.0,,,,
200195,-1,85,-5,1,Loans,95,,65536,32,1,0,150,0.0,0.0,,,,
501377,-1,200062,-1,0,Franklin India Ultra Short Bond Fund - Super Institutional Plan Direct - Growth (22172768 / 0),,,65536,32,1,0,150,160000.0,160000.0,,,,
501378,-1,200062,-1,0,DSP Liquidity Fund - Direct Plan - Growth (70003664 / 01),,,65536,32,1,0,150,205000.0,205000.0,,,,
501417,-1,200061,-1,0,Mirae Asset ELSS Tax Saver Fund - Direct Plan - Growth (70427356715),,,65536,32,1,0,150,0.0,0.0,,,,
501588,-1,200062,-1,0,Kotak Bond - Growth - Direct (7889418/37),,,65536,32,1,0,150,200000.0,200000.0,,,,
501593,-1,200061,-1,0,DSP ELSS Tax Saver Fund - Direct Plan - Growth (70072023 / 01),,,65536,32,1,0,150,0.0,0.0,,,,
501387,-1,200040,-1,0,NTPC NCD N7 8.49% 25/03/2025 (ISIN INE733E07JP6),,,65536,32,1,0,150,284009.41000000003,284009.41,,,,
501410,-1,200040,-1,0,L&T Finance NCD Y9 8.65% 23/12/2026 (ISIN INE027E07BC8),,,65536,32,1,0,150,500000.0,500000.0,,,,
501498,-1,200070,-1,0,RBI BOND 7.75 %,,,65536,32,1,0,150,0.0,0.0,,,,
501542,-1,200040,-1,0,National Bank for Agriculture & Rural Development NCD 7.64% 23/03/2031 (ISIN INE261F07032),,,65536,32,1,0,150,126115.52,126115.52,,,,
501651,-1,200061,-1,0,Mirae Asset ELSS Tax Saver Fund - Direct Plan - Growth (70427356715),,,65536,32,1,0,150,150000.0,150000.0,,,,
501652,-1,200061,-1,0,DSP ELSS Tax Saver Fund - Direct Plan - Growth (70072023 / 01),,,65536,32,1,0,150,36268.31,150000.0,,,,
501815,-1,200070,-1,0,RBI 800 HUF,,,65536,32,1,0,150,0.0,800000.0,,,,
501859,-1,200061,-1,0,quant ELSS Tax Saver Fund - Growth Option - Direct Plan (51010979693),,,65536,32,1,0,150,125000.0,125000.0,,,,
501945,-1,200050,-1,0,Marathon Nextgen Realty,,,65536,32,1,0,150,265465.56,265465.56,,,,
501950,-1,200050,-1,0,Nippon India ETF Nifty IT,,,65536,32,1,0,150,14233.83,14233.83,,,,
501952,-1,200050,-1,0,IDFC First Bank,,,65536,32,1,0,150,21385.13,21385.13,,,,
501962,-1,200050,-1,0,Mahindra & Mahindra,,,65536,32,1,0,150,3846.67,3846.67,,,,
501972,-1,200050,-1,0,Canara Bank,,,65536,32,1,0,150,8055.32,8055.32,,,,
501973,-1,200050,-1,0,Computer Age Management Services,,,65536,32,1,0,150,11385.13,11385.13,,,,
501974,-1,200050,-1,0,Life Insurance Corporation of India (LIC),,,65536,32,1,0,150,63541.03,63541.03,,,,
501994,-1,200050,-1,0,Bank of India,,,65536,32,1,0,150,15663.29,15663.29,,,,
502190,-1,200040,-1,0,Sovereign Gold Bond 2.50% JUN 2029 SR-II 2021-22 (IN0020210061),,,65536,32,1,0,150,0.0,56259.45,,,,
502191,-1,200040,-1,0,Sovereign Gold Bond 2.50% JUL 2029 SR-IV 2021-22 (IN0020210111),,,65536,32,1,0,150,0.0,56289.0,,,,
502192,-1,200040,-1,0,Sovereign Gold Bond 2.50% DEC 2029 SR-VIII 2021-22 (IN0020210228),,,65536,32,1,0,150,0.0,56368.0,,,,
502204,-1,200040,-1,0,Sovereign Gold Bond 2.50% JAN 2028 Sr-VIII 2019-20 (IN0020190537),,,65536,32,1,0,150,0.0,28209.0,,,,
502208,-1,200061,-1,0,SBI Contra Fund - Direct Plan - Growth (33269477),,,65536,32,1,0,150,0.0,400000.0,,,,
502528,-1,200050,-1,0,Kirloskar Ferrous,,,65536,32,1,0,150,2946.88,2946.88,,,,
502529,-1,200050,-1,0,Techno Electric & Engg.,,,65536,32,1,0,150,2198.06,2198.06,,,,
502530,-1,200050,-1,0,Elecon Engineering,,,65536,32,1,0,150,3441.0299999999997,3441.03,,,,
502531,-1,200050,-1,0,Shivalik Bimetal Controls,,,65536,32,1,0,150,6647.49,6647.49,,,,
502532,-1,200050,-1,0,Ganesha Ecosphere,,,65536,32,1,0,150,6189.86,6189.86,,,,
502533,-1,200050,-1,0,Ador Welding,,,65536,32,1,0,150,3966.19,3966.19,,,,
502534,-1,200050,-1,0,Usha Martin,,,65536,32,1,0,150,2859.26,2859.26,,,,
502535,-1,200050,-1,0,HBL Engineering,,,65536,32,1,0,150,3779.03,3779.03,,,,
502536,-1,200050,-1,0,Centum Electronics,,,65536,32,1,0,150,6108.0,6108.0,,,,
502537,-1,200050,-1,0,Shanthi Gears,,,65536,32,1,0,150,2906.98,2906.98,,,,
502538,-1,200050,-1,0,Control Print,,,65536,32,1,0,150,3236.9700000000003,3236.97,,,,
502539,-1,200050,-1,0,Mold-Tek Technologies,,,65536,32,1,0,150,2274.38,2274.38,,,,
502540,-1,200050,-1,0,Goodluck India,,,65536,32,1,0,150,3514.0499999999997,3514.05,,,,
502541,-1,200050,-1,0,KDDL Limited,,,65536,32,1,0,150,3779.13,3779.13,,,,
502542,-1,200050,-1,0,Gokaldas Exports,,,65536,32,1,0,150,4627.389999999999,4627.39,,,,
502543,-1,200050,-1,0,Action Construction,,,65536,32,1,0,150,5021.59,5021.59,,,,
502544,-1,200050,-1,0,Gravita India,,,65536,32,1,0,150,3138.94,3138.94,,,,
502545,-1,200050,-1,0,PSP Projects,,,65536,32,1,0,150,3275.58,3275.58,,,,
502546,-1,200050,-1,0,Arvind Fashions,,,65536,32,1,0,150,2698.8,2698.8,,,,
502547,-1,200050,-1,0,Hindware Home Innovation,,,65536,32,1,0,150,2311.69,2311.69,,,,
502548,-1,200050,-1,0,Borosil,,,65536,32,1,0,150,5029.51,5029.51,,,,
502583,-1,200050,-1,0,Garware Hi-Tech Films,,,65536,32,1,0,150,3150.95,3150.95,,,,
502596,-1,200050,-1,0,Agi Greenpac,,,65536,32,1,0,150,3811.54,3811.54,,,,
502597,-1,200050,-1,0,Indo Count,,,65536,32,1,0,150,3777.63,3777.63,,,,
502598,-1,200050,-1,0,Transformers and Rectifiers,,,65536,32,1,0,150,4008.95,4008.95,,,,
502627,-1,200050,-1,0,Biocon Limited,,,65536,32,1,0,150,27028.11,27028.11,,,,
502638,-1,200050,-1,0,Wipro Limited,,,65536,32,1,0,150,48564.0,48564.0,,,,
502660,-1,200050,-1,0,Reliance Infrastructure,,,65536,32,1,0,150,22876.86,22876.86,,,,
502703,-1,200061,-1,0,SBI ELSS Tax Saver Fund - Direct Plan - Growth (33269477),,,65536,32,1,0,150,0.0,150000.0,,,,
502780,-1,200050,-1,0,Gail India,,,65536,32,1,0,150,19405.82,19405.82,,,,
502807,-1,200050,-1,0,Borosil Scientific,,,65536,32,1,0,150,0.0,0.0,,,,
502810,-1,200050,-1,0,Skipper,,,65536,32,1,0,150,112812.0,112812.0,,,,
502811,-1,200050,-1,0,Tarc,,,65536,32,1,0,150,0.0,48984.69,,,,
502817,-1,200062,-1,0,Kotak Debt Hybrid - Growth - Direct (14767068 / 54),,,65536,32,1,0,150,0.0,50000.0,,,,
502822,-1,200061,-1,0,DSP India T.I.G.E.R. Fund - Direct Plan - Growth (70072023 / 01),,,65536,32,1,0,150,105000.0,105000.0,,,,
502826,-1,200050,-1,0,HDFC Bank,,,65536,32,1,0,150,34830.0,34830.0,,,,
502827,-1,200050,-1,0,Davangere Sugar Company,,,65536,32,1,0,150,49609.0,49609.0,,,,
502848,-1,200050,-1,0,The Ramco Cements,,,65536,32,1,0,150,39821.5,39821.5,,,,
502859,-1,200061,-1,0,JM Flexicap Fund (Direct) - Growth Option (79915154431 / 0),,,65536,32,1,0,150,200000.0,200000.0,,,,
502860,-1,200061,-1,0,ICICI Prudential Dividend Yield Equity Fund Direct Plan Growth Option (34719701 / 79),,,65536,32,1,0,150,0.0,80000.0,,,,
502919,-1,200050,-1,0,Bharat Electronics,,,65536,32,1,0,150,34798.45,57454.75,,,,
502926,-1,200050,-1,0,Shakti Pumps,,,65536,32,1,0,150,32108.0,32108.0,,,,
502969,-1,200062,-1,0,DSP Liquidity Fund - Direct Plan - Growth (70072023 / 01),,,65536,32,1,0,150,300000.00000000006,300000.0,,,,
502970,-1,200062,-1,0,DSP Arbitrage Fund - Direct - Growth (70072023 / 01),,,65536,32,1,0,150,150000.00000000003,150000.0,,,,
502972,-1,200062,-1,0,DSP Multi Asset Allocation Fund - Direct - Growth (70072023 / 01),,,65536,32,1,0,150,0.0,582734.3600000001,,,,
502977,-1,200062,-1,0,Edelweiss Liquid Fund-Direct Plan-Growth Option (91031207053 / 0),,,65536,32,1,0,150,100000.0,100000.0,,,,
502978,-1,200062,-1,0,ICICI Prudential Liquid Fund - Direct Plan - Growth (38048146 / 21),,,65536,32,1,0,150,204602.10000000003,400000.0,,,,
502979,-1,200062,-1,0,Tata Liquid Fund- Direct Plan-Growth (13089000 / 55),,,65536,32,1,0,150,100000.0,100000.0,,,,
502981,-1,200062,-1,0,ICICI Prudential Multi-Asset Fund - Direct Plan - Growth (38048146 / 21),,,65536,32,1,0,150,0.0,170000.0,,,,
502991,-1,200050,-1,0,Protean eGov Technologies,,,65536,32,1,0,150,122931.4,122931.4,,,,
502992,-1,200050,-1,0,Unimech Aerospace and Manufacturing,,,65536,32,1,0,150,96889.0,96889.0,,,,
502995,-1,200050,-1,0,Deccan Cements,,,65536,32,1,0,150,17023.86,17023.86,,,,
502999,-1,200062,-1,0,ICICI Prudential Equity Arbitrage Fund - Direct Plan -  Growth (38048146 / 21),,,65536,32,1,0,150,0.0,100000.0,,,,
503000,-1,200062,-1,0,ICICI Prudential Income plus Arbitrage Omni FOF - Direct Plan - Growth (34719701 / 79),,,65536,32,1,0,150,0.0,200000.0,,,,
503006,-1,200062,-1,0,DSP Gilt Fund - Direct Plan - Growth (70072023 / 01),,,65536,32,1,0,150,0.0,147865.71,,,,
503048,-1,200040,-1,0,Sovereign Gold Bond 2.50% JUL 2028 SR-IV 2020-21 (IN0020200146),,,65536,32,1,0,150,0.0,61108.95,,,,
503054,-1,200070,-1,0,MLD,,,65536,32,1,0,150,0.0,500000.0,,,,
503097,-1,200050,-1,0,Nippon India ETF Nifty PSU Bank BeES,,,0,32,1,0,150,32864.37,32864.37,,,,
503116,-1,200061,-1,0,Kotak Nifty Alpha 50 Index Fund - Direct Plan - Growth (14767068 / 54),,,65536,32,1,0,150,0.0,130000.0,,,,
503131,-1,200062,-1,0,quant Multi Asset Allocation Fund-Growth Option-Direct Plan (51010979693 / 0),,,0,32,1,0,150,0.0,250000.0,,,,
1,-5,0,-5,1,Liabilities,1,,65536,30,1,,250,0.0,0.0,,,,
2,-5,0,-5,1,Assets,2,,65536,30,1,,150,0.0,0.0,,,,
45,-5,2,-5,1,Fixed Asset,1,,65536,30,1,,150,0.0,0.0,,,,
50,-5,2,-5,1,Investments,5,,65536,30,1,,150,0.0,0.0,,,,
55,-5,2,-5,1,Current Assets,10,,65536,30,1,,150,0.0,0.0,,,,
60,-5,55,-5,1,Banks,1,All Bank Accounts,65536,30,1,,40,0.0,0.0,,,,
64,-5,1,-5,1,Capital Account,1,,65536,30,1,,250,0.0,0.0,,,,
65,-5,1,-5,1,Current Liabilities,65,,65536,30,1,,250,0.0,0.0,,,,
70,-5,55,-5,1,Loans and Advances (Asset),7,,65536,30,1,,125,0.0,0.0,,,,
75,-5,65,-5,1,Sundry Creditors,5,,65536,30,1,,275,0.0,0.0,,,,
85,-5,65,-5,1,Loans (Liability),1,,65536,30,1,,275,0.0,0.0,,,,
90,-5,55,-5,1,Sundry Debtors,10,,65536,30,1,,125,0.0,0.0,,,,
150,-5,1,-5,1,Profit & Loss,1000,Excess of Income over Expenditure,65536,30,1,,250,0.0,0.0,,,,
155,-5,150,-5,1,Income,1,,65536,30,1,,280,0.0,0.0,,,,
160,-5,150,-5,1,Expenses,5,,65536,30,1,,290,0.0,0.0,,,,
170,-5,160,-5,1,STT,100,Security Transaction Tax,65536,30,1,,290,0.0,0.0,<null>,,,
171,-5,160,-5,1,Tax & Charges - Stocks,100,"Stock - Tax and Charges Expenses for Tally
",65536,30,1,,290,0.0,0.0,<null>,,,
175,-5,160,-5,1,Share Transaction Charges,100,Total of all Charges in Contract Note,65536,30,1,,290,0.0,0.0,,,,
180,-5,155,-5,1,Capital Gains,100,,65536,30,1,,290,0.0,0.0,<null>,,,
205,-5,55,-5,0,Cash on Hand,0,,65536,30,1,,50,522443.13,735257.0700000001,,,,
210,-5,55,-5,0,Unassigned Bank/Ledger,0,Possible banking transactions where bank is not known,0,30,1,,40,670000.0,0.0,,,,
215,-5,75,-5,0,Unassigned Broker,0,Transactions with brokers where broker is not known,65536,30,1,,275,0.0,0.0,,,,
220,-5,155,-5,0,Suspense Account,0,Transactions where account is not known,65536,30,1,,280,318.18,0.0,<null>,,,
230,-5,64,-5,0,Capital Account,0,,65536,30,1,,250,20636732.729999997,5566718.99,,,,
235,-5,55,-5,0,TDS,0,,65536,30,1,,150,87715.98000000001,121257.84,,,,
237,-5,55,-5,0,Asset Switch / Renewal / Demerger,0,Holds switch in and switch out journal entries,0,30,1,,150,555808.12,563808.12,,,,
240,-5,1,-5,0,Difference in Opening Balances,0,This is auto calculated ledger,65536,30,1,,250,0.0,5000.0,,,,
401,-5,155,-5,0,Interest on Investment,0,,65536,30,1,,280,3309231.0699999975,2822035.95,,,,
402,-5,55,-5,0,Interest Receivable,0,,65536,30,1,,280,0.0,0.0,,,,
405,-5,155,-5,0,Interest Tax Free,0,,65536,30,1,,280,1187247.0,1007043.0,,,,
407,-5,155,-5,0,Interest On Saving Account,0,,65536,30,1,,280,117473.02,105556.01999999999,,,,
410,-5,155,-5,0,Rent Income,0,,65536,30,1,,280,0.0,0.0,,,,
415,-5,155,-5,0,Dividend,0,,65536,30,1,,280,52609.62,36712.62,,,,
416,-5,55,-5,0,Dividend Receivable,0,,65536,30,1,,280,0.0,0.0,,,,
420,-5,155,-5,0,Salary,0,,65536,30,1,,280,476400.0,401400.0,,,,
425,-5,155,-5,0,Other Income,0,,65536,30,1,,280,546105.0,546105.0,,,,
427,-5,155,-5,0,Misc. Gain/Loss,0,,65536,30,1,,280,0.0,0.0,,,,
455,-5,180,-5,0,Intra-day/Trading Profit/Loss,0,,65536,30,1,,280,16.93,16.93,,,,
460,-5,180,-5,0,Short Term Gain (Equity),0,,0,30,1,,280,437891.61999999994,392367.6,,,,
465,-5,180,-5,0,Long Term Gain (Equity),0,,0,30,1,,280,702444.2099999997,595440.7299999999,,,,
470,-5,180,-5,0,Short Term Gain (Debt),0,,0,30,1,,280,53333.04000000003,44798.280000000006,,,,
475,-5,180,-5,0,Long Term Gain (Debt),0,,65536,30,1,,280,118884.22,118884.22,,,,
480,-5,155,-5,0,F & O Trading Gain/Loss,0,,65536,30,1,,280,4729967.149999998,4729415.370000005,,,,
485,-5,180,-5,0,Long Term Gain (Bonds),0,,65536,30,1,,280,318729.82999999996,318729.82999999996,,,,
490,-5,180,-5,0,Short Term Gain (Bonds),0,,65536,30,1,,280,99143.33,99143.33,,,,
492,-5,180,-5,0,Long Term Gain (InvIT/REIT),0,,65536,30,1,,280,0.0,0.0,,,,
494,-5,180,-5,0,Short Term Gain (InvIT/REIT),0,,65536,30,1,,280,0.0,0.0,,,,
600,-5,160,-5,0,Credit Card Expense,0,,65536,30,1,,290,0.0,0.0,,,,
603,-5,160,-5,0,Telephone Expense,0,,65536,30,1,,290,4481.8,4481.8,,,,
605,-5,160,-5,0,Electricity Expense,0,,65536,30,1,,290,3892.0,3892.0,,,,
607,-5,160,-5,0,Admin & Other Charges,0,,65536,30,1,,290,0.0,0.0,,,,
610,-5,160,-5,0,Rent Expense,0,,65536,30,1,,290,0.0,0.0,,,,
614,-5,160,-5,0,Interest on Loan,0,,65536,30,1,,290,0.0,0.0,,,,
615,-5,160,-5,0,Bank Charges,0,,65536,30,1,,290,18509.68,18509.680000000004,,,,
620,-5,160,-5,0,Donation and Charity,0,,65536,30,1,,290,26000.0,26000.0,,,,
621,-5,160,-5,0,Household Expense,0,,65536,30,1,,290,826276.3599999998,968632.8999999999,,,,
625,-5,160,-5,0,Courier & Postage,0,,65536,30,1,,290,0.0,0.0,,,,
630,-5,160,-5,0,Legal & Professional Fees,0,,65536,30,1,,290,0.0,0.0,,,,
635,-5,160,-5,0,Insurance Premium,0,,65536,30,1,,290,365328.0,416928.0,,,,
640,-5,160,-5,0,Children Education Expense,0,,65536,30,1,,290,0.0,0.0,,,,
645,-5,160,-5,0,Society Maintenance Charges,0,,65536,30,1,,290,0.0,0.0,,,,
646,-5,160,-5,0,Loan Charges,0,,65536,30,1,,290,0.0,0.0,,,,
650,-5,170,-5,0,STT - Equity,0,,0,30,1,,290,4939.0,6170.0,,,,
651,-5,171,-5,0,GST - Equity,0,,65536,30,1,,290,0.0,0.0,,,,
652,-1,171,-5,0,Trans. Charges - Equity(T),0,,65536,30,1,,290,0.0,0.0,,,,
653,-5,171,-5,0,Stamp Charges - Equity,0,,65536,30,1,,290,0.0,0.0,,,,
654,-5,171,-5,0,Other Charges - Equity,0,,65536,30,1,,290,0.0,0.0,,,,
655,-5,170,-5,0,STT - MFs,0,,65536,30,1,,290,12.89,23.810000000000002,,,,
660,-5,170,-5,0,STT - F & O,0,,65536,30,1,,290,1105.0,1401.0,,,,
665,-5,175,-5,0,Trans. Charges - Equity,0,,0,30,1,,290,1630.35,1783.54,,,,
670,-5,175,-5,0,Trans. Charges - F & O,0,,65536,30,1,,290,0.0,138.51999999999998,,,,
21,-2,155,-5,0,Gift,0,,65536,30,1,0,280,48500.0,0.0,,,,
28,-2,60,-5,0,HDFC Bank (A/c No. - 00801000031775),0,,65536,30,1,0,40,5415505.37,5415505.369999999,,,,
43,-2,1,-5,0,Saahil Shah,0,,65536,30,1,0,250,6359515.0,6359515.0,,,,
44,-2,1,-5,0,Unnati Shah,0,,65536,30,1,0,250,8924715.0,8924715.0,,,,
45,-2,1,-5,0,Pramesh Shah (HUF),0,,65536,30,1,0,250,4012536.0,4012536.0,,,,
48,-2,60,-5,0,Kotak Bank (A/c No. - 2012066081),0,,65536,30,1,0,40,43708854.85000002,44481020.21000001,,,,
49,-2,60,-5,0,BOM Locker,0,,65536,30,1,0,40,0.0,11699.0,,,,
50,-2,60,-5,0,BOM,0,,65536,30,1,0,40,17284.97,23245.93,,,,
51,-2,50,-5,0,FD HDFC,0,,65536,30,1,0,150,0.0,0.0,,,,
52,-2,2,-5,0,Jewellery,0,,65536,30,1,0,150,0.0,234501.0,,,,
53,-2,90,-5,0,Karvy Broker,0,,65536,30,1,0,125,631.64,631.64,,,,
54,-2,50,-5,0,Mutual Fund,0,,65536,30,1,0,150,0.0,0.0,,,,
55,-2,50,-5,0,PPF,0,,65536,30,1,0,150,0.0,0.0,,,,
56,-2,90,-5,0,RR Broker,0,,65536,30,1,0,125,434467.0,1521230.54,,,,
57,-2,2,-5,0,Manifold Graphics,0,,65536,30,1,0,150,461301.0,461301.0,,,,
58,-2,155,-5,0,Interest on FD,0,,65536,30,1,0,280,70815.0,70815.0,,,,
59,-2,155,-5,0,GIFT,0,,65536,30,1,0,280,376215.0,376215.0,,,,
60,-2,160,-5,0,Income Tax,0,,65536,30,1,0,290,345550.0,330500.0,,,,
61,-2,50,-5,0,Shares,0,,65536,30,1,0,150,0.0,0.0,,,,
62,-2,50,-5,0,NCD Bonds,0,,65536,30,1,0,150,0.0,0.0,,,,
63,-2,1,-5,0,Creative Enterprise,0,,65536,30,1,0,250,1393123.62,1393123.62,,,,
65,-2,45,-5,0,House,0,,65536,30,1,0,150,0.0,67816.0,,,,
66,-2,50,-5,0,OLD Shares,0,,65536,30,1,0,150,5000.0,340189.68,,,,
67,-2,160,-5,0,Prepaid Mediclaim,0,,65536,30,1,0,290,21723.0,21723.0,,,,
72,-2,2,-5,0,Dharampur House Deposit,0,,65536,30,1,0,150,0.0,0.0,,,,
74,-2,160,-5,0,DP and other expenses Broker,0,,65536,30,1,0,290,6514.91,6514.91,,,,
80,-2,60,-5,0,SBI Bank (A/c No. - 39223255696),0,,65536,30,1,0,40,1953779.0,1958535.0,,,,
91,-2,155,-5,0,Commission Income,0,,65536,30,1,0,280,572338.0,525338.0,,,,
92,-2,160,-5,0,Mediclaim,0,,65536,30,1,0,290,161653.0,161653.0,,,,
96,-2,60,-5,0,IDFC BANK (A/c. No. - 10055495198),0,,0,30,1,0,40,9070972.0,8977021.129999999,,,,
99,-2,55,-5,0,Creative Printers,0,,65536,30,1,0,150,200775.0,200775.0,,,,
100,-2,160,-5,0,Advance Income Tax,0,,65536,30,1,0,290,60000.0,60000.0,,,,
103,-2,1,-5,0,Krisha Shah,0,,65536,30,1,0,250,2503000.0,2503000.0,,,,
107,-2,55,-5,0,jainam corporation,0,,65536,30,1,0,150,292501.0,292501.0,,,,
111,-2,55,-5,0,Accrued Interest,0,,65536,30,1,0,150,867.0,1168932.52,,,,
113,-2,60,-5,0,IDBI Bank (A/c. No. - 0409104000113038),0,,65536,30,1,0,40,472350.88,480835.55,,,,
117,-2,90,-5,0,RBI Retail Direct,0,,65536,30,1,0,125,0.0,0.0,,,,
121,-2,55,-5,0,Accounts Receivable,0,,65536,30,1,0,150,17502.0,17502.0,,,,
123,-2,55,-5,0,TDS,0,,65536,30,1,0,150,0.0,0.0,,,,
130,-2,1,-5,0,Arjin Shah,0,,65536,30,1,0,250,55700.0,55700.0,,,,
131,-2,1,-5,0,Creative Packaging,0,,65536,30,1,0,250,105000.0,105000.0,,,,
138,-2,1,-5,0,Saahil Shah HUF,0,,65536,30,1,0,250,0.0,0.0,,,,
144,-2,155,-5,0,Brokerage Income,0,,65536,30,1,0,280,2322690.48,734774.0,,,,
151,-2,2,-5,0,Canara HSBC Life Insurance,0,,65536,30,1,0,150,0.0,0.0,,,,
155,-2,90,-5,0,Dhan,0,,65536,30,1,0,125,0.0,0.0,,,,
100004,-1,75,-5,0,Direct,,,65536,30,1,0,276,1214179.89,1214179.89,,,,
100003,-1,75,-5,0,KARVY,,,65536,30,1,0,276,0.0,0.0,,,,
100006,-1,75,-5,0,Kotak Securities Ltd,,,65536,30,1,0,276,1033265.7000000001,1033265.7,,,,
100008,-1,75,-5,0,MStock,,,0,30,1,0,276,7645463.949999998,8300197.260000002,,,,
100001,-1,75,-5,0,R K Global,,,65536,30,1,0,276,11220400.93999999,11220566.300000006,,,,
100009,-1,75,-5,0,Raise Securities,,,65536,30,1,0,276,0.0,0.0,,,,
100002,-1,75,-5,0,RKSV,,,65536,30,1,0,276,8849391.56,8849391.559999999,,,,
100007,-1,75,-5,0,Zerodha,,,65536,30,1,0,276,0.0,0.0,,,,
200050,-1,50,-5,1,Stocks,5,,65536,30,1,0,150,0.0,0.0,,,,
200051,-1,2,-5,1,Stock-in-Trade,5,,65536,30,1,0,150,0.0,0.0,,,,
200061,-1,50,-5,1,Mutual Funds(Equity),10,,65536,30,1,0,150,0.0,0.0,,,,
200062,-1,50,-5,1,Mutual Funds(Debt),11,,65536,30,1,0,150,0.0,0.0,,,,
200058,-1,50,-5,1,Special Inv. Funds,12,,65536,30,1,0,150,0.0,0.0,,,,
200141,-1,50,-5,1,NPS/ULIP,20,,65536,30,1,0,150,0.0,0.0,,,,
200140,-1,50,-5,1,Insurance,25,,65536,30,1,0,150,0.0,0.0,,,,
200066,-1,50,-5,1,Private Equity,30,,65536,30,1,0,150,0.0,0.0,,,,
200095,-1,50,-5,1,FDs,35,,65536,30,1,0,150,0.0,0.0,,,,
200040,-1,50,-5,1,Traded Bonds,38,,65536,30,1,0,150,0.0,0.0,,,,
200070,-1,50,-5,1,NCD/Debentures,40,,65536,30,1,0,150,0.0,0.0,,,,
200115,-1,50,-5,1,Deposits/Loans,45,,65536,30,1,0,150,0.0,0.0,,,,
200120,-1,50,-5,1,PPF/EPF,50,,65536,30,1,0,150,0.0,0.0,,,,
200135,-1,50,-5,1,Post Office,55,,65536,30,1,0,150,0.0,0.0,,,,
200075,-1,45,-5,1,Gold,60,,65536,30,1,0,150,0.0,0.0,,,,
200077,-1,45,-5,1,Silver,65,,65536,30,1,0,150,0.0,0.0,,,,
200155,-1,45,-5,1,Jewellery,70,,65536,30,1,0,150,0.0,0.0,,,,
200150,-1,45,-5,1,Properties,75,,65536,30,1,0,150,0.0,0.0,,,,
200145,-1,50,-5,1,Art,80,,65536,30,1,0,150,0.0,0.0,,,,
200160,-1,50,-5,1,AIF,85,,65536,30,1,0,150,0.0,0.0,,,,
200195,-1,85,-5,1,Loans,95,,65536,30,1,0,150,0.0,0.0,,,,
500001,-1,200050,-1,0,Escorts Kubota,,,65536,30,1,0,150,0.0,0.0,,,,
500002,-1,200050,-1,0,South Indian Bank,,,65536,30,1,0,150,0.0,0.0,,,,
500003,-1,200050,-1,0,State Bank Of India,,,65536,30,1,0,150,0.0,0.0,,,,
500004,-1,200050,-1,0,Torrent Pharmaceuticals,,,65536,30,1,0,150,0.0,0.0,,,,
500005,-1,200050,-1,0,NDTV,,,65536,30,1,0,150,0.0,0.0,,,,
500006,-1,200050,-1,0,Aditya Birla Real Estate,,,65536,30,1,0,150,52887.61,52887.61,,,,
500007,-1,200050,-1,0,Wockhardt,,,65536,30,1,0,150,0.0,0.0,,,,
500008,-1,200050,-1,0,Asian Paints,,,65536,30,1,0,150,0.0,0.0,,,,
500009,-1,200050,-1,0,Sun Pharmaceutical,,,65536,30,1,0,150,0.0,0.0,,,,
500010,-1,200050,-1,0,3i Infotech,,,65536,30,1,0,150,0.0,0.0,,,,
500011,-1,200050,-1,0,LIC Housing Finance,,,65536,30,1,0,150,0.0,0.0,,,,
500012,-1,200050,-1,0,HDFC Bank,,,65536,30,1,0,150,0.0,0.0,,,,
500013,-1,200050,-1,0,Finolex Cables,,,65536,30,1,0,150,0.0,0.0,,,,
500014,-1,200050,-1,0,HCL Technologies,,,65536,30,1,0,150,0.0,0.0,,,,
500015,-1,200050,-1,0,Cipla Limited,,,65536,30,1,0,150,0.0,0.0,,,,
500016,-1,200050,-1,0,Tata Consumer Products,,,65536,30,1,0,150,0.0,0.0,,,,
500017,-1,200050,-1,0,Bank Of Baroda,,,65536,30,1,0,150,0.0,0.0,,,,
500018,-1,200050,-1,0,Bajaj Auto,,,65536,30,1,0,150,0.0,0.0,,,,
500019,-1,200050,-1,0,Godrej Industries,,,65536,30,1,0,150,0.0,0.0,,,,
500020,-1,200050,-1,0,Biocon Limited,,,65536,30,1,0,150,0.0,0.0,,,,
500021,-1,200050,-1,0,Tata Consultancy Services,,,65536,30,1,0,150,0.0,0.0,,,,
500022,-1,200050,-1,0,Esab India,,,65536,30,1,0,150,0.0,0.0,,,,
500023,-1,200050,-1,0,Bank of India,,,65536,30,1,0,150,0.0,0.0,,,,
500024,-1,200050,-1,0,Cummins India,,,65536,30,1,0,150,0.0,0.0,,,,
500025,-1,200050,-1,0,Jain Irrigation,,,65536,30,1,0,150,0.0,0.0,,,,
500026,-1,200050,-1,0,Indraprashtha Gas,,,65536,30,1,0,150,0.0,0.0,,,,
500027,-1,200050,-1,0,Brigade Enterprises,,,65536,30,1,0,150,0.0,0.0,,,,
500028,-1,200050,-1,0,Triveni Turbine,,,65536,30,1,0,150,0.0,0.0,,,,
500029,-1,200050,-1,0,Infosys,,,65536,30,1,0,150,4325.42,4325.42,,,,
500030,-1,200050,-1,0,L&T Finance,,,0,30,1,0,150,171216.25,171216.25,,,,
500031,-1,200050,-1,0,Dish TV,,,65536,30,1,0,150,0.0,0.0,,,,
500032,-1,200050,-1,0,IL&FS Transportation Networks,,,65536,30,1,0,150,0.0,0.0,,,,
500033,-1,200050,-1,0,JSW Energy,,,65536,30,1,0,150,0.0,0.0,,,,
500034,-1,200050,-1,0,Hero Motocorp,,,65536,30,1,0,150,6513.0,6513.0,,,,
500035,-1,200050,-1,0,Voltas Limited,,,65536,30,1,0,150,0.0,0.0,,,,
500036,-1,200050,-1,0,PCBL Chemical,,,65536,30,1,0,150,0.0,0.0,,,,
500071,-1,200050,-1,0,Apollo Tyres,,,65536,30,1,0,150,0.0,0.0,,,,
500072,-1,200050,-1,0,Fresenius Kabi Oncology,,,65536,30,1,0,150,0.0,0.0,,,,
500073,-1,200050,-1,0,Sintex Industries,,,65536,30,1,0,150,0.0,0.0,,,,
500074,-1,200050,-1,0,Deccan Gold Mines,,,65536,30,1,0,150,0.0,0.0,,,,
500075,-1,200050,-1,0,20 Micron,,,65536,30,1,0,150,0.0,0.0,,,,
500084,-1,200050,-1,0,Hindustan Petroleum Corporation,,,65536,30,1,0,150,0.0,0.0,,,,
500085,-1,200050,-1,0,ONGC Limited,,,65536,30,1,0,150,0.0,0.0,,,,
500086,-1,200050,-1,0,Gail India,,,65536,30,1,0,150,0.0,0.0,,,,
500087,-1,200050,-1,0,TVS Motor Company,,,65536,30,1,0,150,0.0,0.0,,,,
500088,-1,200050,-1,0,TATAMOTORS-DVR-A-ORDY,,,65536,30,1,0,150,0.0,0.0,,,,
500089,-1,200050,-1,0,BirlaNu,,,65536,30,1,0,150,16750.5,16750.5,,,,
500090,-1,200050,-1,0,Glenmark Pharmaceuticals,,,65536,30,1,0,150,0.0,0.0,,,,
500091,-1,200050,-1,0,MBL Infrastructure,,,65536,30,1,0,150,0.0,0.0,,,,
500092,-1,200050,-1,0,Hindustan Construction Company,,,65536,30,1,0,150,81367.36,390602.18,,,,
500093,-1,200050,-1,0,Everest Industries,,,65536,30,1,0,150,0.0,0.0,,,,
500094,-1,200050,-1,0,Metalyst Forgings,,,65536,30,1,0,150,0.0,0.0,,,,
500095,-1,200050,-1,0,Kesoram Industries,,,65536,30,1,0,150,0.0,0.0,,,,
500096,-1,200050,-1,0,Oberoi Realty,,,65536,30,1,0,150,0.0,0.0,,,,
500097,-1,200050,-1,0,Prestige Estates Projects,,,65536,30,1,0,150,0.0,0.0,,,,
500098,-1,200050,-1,0,Visaka Industries,,,65536,30,1,0,150,0.0,0.0,,,,
500099,-1,200050,-1,0,Bharat Heavy Electricals,,,65536,30,1,0,150,0.0,0.0,,,,
500100,-1,200050,-1,0,Ballarpur Industries,,,65536,30,1,0,150,0.0,0.0,,,,
500101,-1,200050,-1,0,Munjal Showa,,,65536,30,1,0,150,0.0,0.0,,,,
500102,-1,200050,-1,0,Leel Electricals,,,65536,30,1,0,150,0.0,0.0,,,,
500103,-1,200050,-1,0,Morepen Laboratories,,,65536,30,1,0,150,48042.6,48042.6,,,,
500104,-1,200050,-1,0,Union Bank of India,,,65536,30,1,0,150,0.0,0.0,,,,
500105,-1,200050,-1,0,Yes Bank,,,65536,30,1,0,150,0.0,0.0,,,,
500106,-1,200050,-1,0,ICICI Bank,,,65536,30,1,0,150,0.0,0.0,,,,
500107,-1,200050,-1,0,Aurobindo Pharma,,,65536,30,1,0,150,0.0,0.0,,,,
500108,-1,200050,-1,0,Jain Irrigation Systems Ltd-DVR,,,65536,30,1,0,150,0.0,0.0,,,,
500113,-1,200050,-1,0,Unitech Limited,,,65536,30,1,0,150,0.0,0.0,,,,
500114,-1,200050,-1,0,Tata Coffee,,,65536,30,1,0,150,0.0,0.0,,,,
500115,-1,200050,-1,0,PTC India,,,65536,30,1,0,150,0.0,0.0,,,,
500116,-1,200050,-1,0,Patel Engineering,,,65536,30,1,0,150,0.0,0.0,,,,
500117,-1,200050,-1,0,Wanbury Limited,,,65536,30,1,0,150,0.0,0.0,,,,
500118,-1,200050,-1,0,Bharti Airtel,,,65536,30,1,0,150,0.0,0.0,,,,
500119,-1,200050,-1,0,CESC Limited,,,65536,30,1,0,150,0.0,0.0,,,,
500120,-1,200050,-1,0,Tata Steel,,,65536,30,1,0,150,0.0,0.0,,,,
500121,-1,200050,-1,0,Power Grid,,,65536,30,1,0,150,0.0,0.0,,,,
500122,-1,200050,-1,0,Multi Commodity Exchange of India,,,65536,30,1,0,150,0.0,0.0,,,,
500123,-1,200050,-1,0,KNR Constructions,,,65536,30,1,0,150,0.0,0.0,,,,
500124,-1,200050,-1,0,Gujarat Sidhee Cement,,,65536,30,1,0,150,0.0,0.0,,,,
500125,-1,200050,-1,0,Bombay Dyeing,,,65536,30,1,0,150,0.0,0.0,,,,
500126,-1,200050,-1,0,Lupin Limited,,,65536,30,1,0,150,0.0,0.0,,,,
500156,-1,200050,-1,0,Hindustan Unilever,,,65536,30,1,0,150,0.0,0.0,,,,
500157,-1,200050,-1,0,Samvardhana Motherson International,,,65536,30,1,0,150,0.0,0.0,,,,
500158,-1,200050,-1,0,Jindal Steel,,,65536,30,1,0,150,0.0,0.0,,,,
500159,-1,200050,-1,0,Geometric,,,65536,30,1,0,150,0.0,0.0,,,,
500160,-1,200050,-1,0,Adani Ports and Special Economic Zone,,,65536,30,1,0,150,0.0,0.0,,,,
500161,-1,200050,-1,0,Adani Power,,,65536,30,1,0,150,0.0,0.0,,,,
500162,-1,200050,-1,0,Reliance Industries,,,65536,30,1,0,150,0.0,0.0,,,,
500163,-1,200050,-1,0,Bharat Petroleum Corporation,,,65536,30,1,0,150,0.0,0.0,,,,
500164,-1,200050,-1,0,Tata Motors Passenger Vehicles,,,65536,30,1,0,150,104015.01999999999,104015.01999999999,,,,
500165,-1,200050,-1,0,IG Petrochemicals,,,65536,30,1,0,150,0.0,0.0,,,,
500166,-1,200050,-1,0,Pratibha Industries,,,65536,30,1,0,150,0.0,0.0,,,,
500167,-1,200050,-1,0,Reliance Power,,,65536,30,1,0,150,0.0,0.0,,,,
500168,-1,200050,-1,0,Praj Industries,,,65536,30,1,0,150,0.0,0.0,,,,
500169,-1,200050,-1,0,Jayaswal Neco,,,65536,30,1,0,150,0.0,0.0,,,,
500170,-1,200050,-1,0,Ess Dee Aluminium,,,65536,30,1,0,150,0.0,0.0,,,,
500171,-1,200050,-1,0,Larsen & Toubro,,,65536,30,1,0,150,0.0,0.0,,,,
500174,-1,200050,-1,0,India Cements,,,65536,30,1,0,150,0.0,0.0,,,,
500175,-1,200050,-1,0,Kalpataru Projects International,,,65536,30,1,0,150,0.0,0.0,,,,
500186,-1,200061,-1,0,Nippon India Vision Large & Mid Cap Fund-GROWTH PLAN-Growth Option (4046479572 / 0),,,65536,30,1,0,150,0.0,0.0,,,,
500187,-1,200061,-1,0,NIPPON INDIA MULTI CAP FUND - IDCW Option (4038092291 / 0),,,65536,30,1,0,150,0.0,0.0,,,,
500188,-1,200061,-1,0,Nippon India Multi Cap Fund-Growth Plan-Growth Option (4038092286 / 0),,,65536,30,1,0,150,0.0,0.0,,,,
500189,-1,200061,-1,0,L&T Flexicap Fund-Regular Plan-IDCW (195792 / 56),,,65536,30,1,0,150,0.0,0.0,,,,
500190,-1,200061,-1,0,L&T Flexicap Fund-Regular Plan-Growth (195707 / 20),,,65536,30,1,0,150,0.0,0.0,,,,
500191,-1,200061,-1,0,Reliance Focused Large Cap Fund-Growth Plan-Growth Option (40218230070 / 0),,,65536,30,1,0,150,0.0,0.0,,,,
500192,-1,200061,-1,0,Nippon India Growth Mid Cap Fund-Growth Plan-Growth Option (40431693475 / 0),,,65536,30,1,0,150,0.0,0.0,,,,
500193,-1,200061,-1,0,Reliance Infrastructure Fund -Growth Option (48397209185 / 0),,,65536,30,1,0,150,0.0,0.0,,,,
500194,-1,200061,-1,0,HDFC ELSS Tax saver - Growth Plan (7620102 / 72),,,65536,30,1,0,150,0.0,0.0,,,,
500195,-1,200062,-1,0,HDFC Liquid Fund-GROWTH (8256609 / 93),,,65536,30,1,0,150,0.0,0.0,,,,
500196,-1,200062,-1,0,HDFC Gilt Fund - Growth Plan (8256609 / 93),,,65536,30,1,0,150,0.0,0.0,,,,
500197,-1,200062,-1,0,HDFC Gilt Fund - Growth Plan (8261020 / 52),,,65536,30,1,0,150,0.0,0.0,,,,
500198,-1,200062,-1,0,UTI - G-Sec Fund-Growth (502261124467 / 0),,,65536,30,1,0,150,0.0,0.0,,,,
500199,-1,200062,-1,0,UTI - G-Sec Fund-Growth (502261124492 / 0),,,65536,30,1,0,150,0.0,0.0,,,,
500200,-1,200061,-1,0,HDFC INFRASTRUCTURE FUND-GROWTH OPTION (8261020 / 52),,,65536,30,1,0,150,0.0,0.0,,,,
500201,-1,200061,-1,0,Reliance Liquid Fund-Cash Plan-Growth (404133492841 / 0),,,65536,30,1,0,150,0.0,0.0,,,,
500202,-1,200061,-1,0,HDFC Long Term Advantage Fund - Growth Option (7620102 / 72),,,65536,30,1,0,150,0.0,0.0,,,,
500203,-1,200061,-1,0,HDFC ELSS Tax saver - Growth Plan (8261020 / 52),,,65536,30,1,0,150,0.0,0.0,,,,
500204,-1,200062,-1,0,Kotak Gilt-Investment Regular-Growth (2047113 / 22),,,65536,30,1,0,150,0.0,0.0,,,,
500205,-1,200061,-1,0,Nippon India Power & Infra Fund-Growth Plan -Growth Option (48397209185 / 0),,,65536,30,1,0,150,0.0,0.0,,,,
500206,-1,200061,-1,0,HDFC Mid Cap Fund - Growth Option - Direct Plan (7620102 / 72),,,65536,30,1,0,150,0.0,0.0,,,,
500207,-1,200061,-1,0,HDFC Large Cap Fund - Growth Option - Direct Plan (8256609 / 93),,,65536,30,1,0,150,0.0,0.0,,,,
500208,-1,200061,-1,0,HDFC Large Cap Fund - Growth Option - Direct Plan (8261020 / 52),,,65536,30,1,0,150,0.0,0.0,,,,
500209,-1,200061,-1,0,HDFC ELSS Tax saver - Growth Plan (8256609 / 93),,,65536,30,1,0,150,0.0,0.0,,,,
500210,-1,200061,-1,0,ICICI Prudential ELSS Tax Saver Fund - Growth (7155965 / 48),,,65536,30,1,0,150,0.0,0.0,,,,
500211,-1,200061,-1,0,Nippon India Tax Saver (ELSS) Fund-Growth Plan-Growth Option (404145658506 / 0),,,65536,30,1,0,150,0.0,0.0,,,,
500212,-1,200061,-1,0,L&T Flexicap Fund-Direct Plan-Growth (2549100 / 83),,,65536,30,1,0,150,0.0,0.0,,,,
500213,-1,200070,-1,0,muthoot NCD,,,65536,30,1,0,150,0.0,0.0,,,,
500383,-1,200061,-1,0,Nippon India Tax Saver Fund - Direct Plan Growth Plan - Growth Option (499149035761 / 0),,,65536,30,1,0,150,0.0,0.0,,,,
500398,-1,200062,-1,0,Franklin India GOVERNMENT SECURITIES FUND - Long Term Plan - Direct - Growth (18687024 / 0),,,65536,30,1,0,150,0.0,0.0,,,,
500399,-1,200062,-1,0,HDFC Gilt Fund - Growth Option - Direct Plan (8256609 / 93),,,65536,30,1,0,150,0.0,0.0,,,,
500400,-1,200062,-1,0,HDFC Balanced Fund - Growth Option (8256609 / 93),,,65536,30,1,0,150,0.0,0.0,,,,
500401,-1,200062,-1,0,Aditya Birla Sun Life Government Securities Fund - Long Term Plan - Growth - Regular Plan (1015951041),,,65536,30,1,0,150,0.0,0.0,,,,
500426,-1,200070,-1,0,muthoot NCD 14sep14 12.25,,,65536,30,1,0,150,0.0,0.0,,,,
500428,-1,200050,-1,0,Bharat Forge,,,65536,30,1,0,150,0.0,0.0,,,,
500429,-1,200050,-1,0,Strides Pharma Science,,,65536,30,1,0,150,0.0,0.0,,,,
500456,-1,200050,-1,0,Caplin Point Laboratories,,,65536,30,1,0,150,0.0,0.0,,,,
500485,-1,200050,-1,0,Aban  Offshore,,,65536,30,1,0,150,0.0,0.0,,,,
500486,-1,200050,-1,0,Torrent Cables,,,65536,30,1,0,150,0.0,0.0,,,,
500490,-1,200050,-1,0,Bhandari Hosiery Exports,,,65536,30,1,0,150,0.0,0.0,,,,
500491,-1,200050,-1,0,Suzlon Energy,,,65536,30,1,0,150,0.0,0.0,,,,
500493,-1,200050,-1,0,Styrenix Performance Materials,,,65536,30,1,0,150,0.0,0.0,,,,
500508,-1,200050,-1,0,Bharat Financial Inclusion,,,65536,30,1,0,150,0.0,0.0,,,,
500511,-1,200050,-1,0,Shasun Pharmaceuticals,,,65536,30,1,0,150,0.0,0.0,,,,
500512,-1,200050,-1,0,Novartis India,,,65536,30,1,0,150,0.0,0.0,,,,
500551,-1,200050,-1,0,Orbit Exports,,,65536,30,1,0,150,0.0,0.0,,,,
500552,-1,200050,-1,0,Kingfa Science & Technology (India),,,65536,30,1,0,150,0.0,0.0,,,,
500568,-1,200050,-1,0,HBL Engineering,,,65536,30,1,0,150,0.0,0.0,,,,
500662,-1,200050,-1,0,Kumar Wire Cloth Mfg.,,,65536,30,1,0,150,0.0,0.0,,,,
500663,-1,200050,-1,0,Dynavision Limited,,,65536,30,1,0,150,0.0,0.0,,,,
500706,-1,200050,-1,0,Subex,,,65536,30,1,0,150,0.0,0.0,,,,
500707,-1,200050,-1,0,Nirlon Limited,,,65536,30,1,0,150,0.0,0.0,,,,
500711,-1,200040,-1,0,Muthoot Finance NCD N6 12.25% 14/09/2016 (ISIN INE414G07100),,,65536,30,1,0,150,0.0,0.0,,,,
500721,-1,200050,-1,0,Kotak Mahindra Bank,,,65536,30,1,0,150,0.0,0.0,,,,
500725,-1,200040,-1,0,Muthoot Finance NCD NB 01/11/2018 (ISIN INE414G07241),,,65536,30,1,0,150,0.0,0.0,,,,
500738,-1,200050,-1,0,AXIS Bank,,,65536,30,1,0,150,0.0,0.0,,,,
500741,-1,200050,-1,0,Raj Oil Mills,,,65536,30,1,0,150,0.0,0.0,,,,
500742,-1,200050,-1,0,Mahindra & Mahindra,,,65536,30,1,0,150,0.0,0.0,,,,
500748,-1,200050,-1,0,Maruti Suzuki,,,65536,30,1,0,150,6344.0,6344.0,,,,
500750,-1,200050,-1,0,Dewan Housing Finance,,,65536,30,1,0,150,0.0,0.0,,,,
500755,-1,200050,-1,0,Federal Bank,,,65536,30,1,0,150,0.0,0.0,,,,
500776,-1,200120,-1,0,PPF PRS,,,65536,30,1,0,150,2369369.09,5088166.9799999995,,,,
500779,-1,200050,-1,0,CPSE ETF,,,65536,30,1,0,150,199998.43,199998.43,,,,
500792,-1,200050,-1,0,Bajaj Finance,,,65536,30,1,0,150,0.0,0.0,,,,
500795,-1,200050,-1,0,Future Consumer,,,65536,30,1,0,150,0.0,0.0,,,,
500799,-1,200050,-1,0,Repco Home Finance,,,65536,30,1,0,150,0.0,0.0,,,,
500804,-1,200050,-1,0,Orient Cement,,,65536,30,1,0,150,0.0,0.0,,,,
500807,-1,200050,-1,0,Seya Industries,,,65536,30,1,0,150,0.0,0.0,,,,
500816,-1,200050,-1,0,Minda Corporation,,,65536,30,1,0,150,0.0,0.0,,,,
500817,-1,200050,-1,0,Inox Wind,,,65536,30,1,0,150,0.0,0.0,,,,
500818,-1,200050,-1,0,Prima Agro,,,65536,30,1,0,150,0.0,0.0,,,,
500820,-1,200050,-1,0,National Aluminium,,,65536,30,1,0,150,0.0,0.0,,,,
500828,-1,200050,-1,0,Coal India,,,65536,30,1,0,150,0.0,0.0,,,,
500829,-1,200050,-1,0,Punjab National Bank,,,65536,30,1,0,150,0.0,0.0,,,,
500831,-1,200050,-1,0,Sunil Hitech Engineers,,,65536,30,1,0,150,0.0,0.0,,,,
500834,-1,200050,-1,0,Oriental Bank Of Commerce,,,65536,30,1,0,150,0.0,0.0,,,,
500842,-1,200040,-1,0,Muthoot Finance NCD 10% 23/04/2018 (ISIN INE414G07993),,,65536,30,1,0,150,0.0,0.0,,,,
500854,-1,200050,-1,0,Kotak Nifty PSU Bank ETF,,,65536,30,1,0,150,0.0,0.0,,,,
500870,-1,200050,-1,0,Moil Ltd,,,65536,30,1,0,150,0.0,0.0,,,,
500872,-1,200050,-1,0,Hindustan Copper,,,65536,30,1,0,150,0.0,0.0,,,,
500882,-1,200050,-1,0,Aditya Birla Capital,,,65536,30,1,0,150,0.0,0.0,,,,
500883,-1,200050,-1,0,Vedanta Limited,,,65536,30,1,0,150,0.0,0.0,,,,
500884,-1,200050,-1,0,ICICI Prudential Life Insurance Company,,,65536,30,1,0,150,0.0,0.0,,,,
500894,-1,200050,-1,0,ICICI Lombard General Insurance Company,,,65536,30,1,0,150,0.0,0.0,,,,
500902,-1,200050,-1,0,SBI Life Insurance Company,,,65536,30,1,0,150,0.0,0.0,,,,
500954,-1,200040,-1,0,Muthoot Finance NCD 9% 20/01/2019 (ISIN INE414G07AR3),,,65536,30,1,0,150,0.0,0.0,,,,
500980,-1,200050,-1,0,General Insurance Corporation of India,,,65536,30,1,0,150,0.0,0.0,,,,
500982,-1,200040,-1,0,State Bank of India BONDS N5 9.95% 16/03/2026 (ISIN INE062A08058),,,65536,30,1,0,150,0.0,0.0,,,,
500984,-1,200040,-1,0,IDFC Bank NCD N1 8% 12/11/2020 (ISIN INE092T08CC6),,,65536,30,1,0,150,0.0,0.0,,,,
500985,-1,200040,-1,0,IDFC Bank NCD NC 21/03/2022 (ISIN INE092T08CN3),,,65536,30,1,0,150,165374.71,165374.71,,,,
500989,-1,200040,-1,0,IDFC Bank NCD N7 8.25% 30/03/2021 (ISIN INE092T08CI3),,,65536,30,1,0,150,0.0,0.0,,,,
500995,-1,200070,-1,0,UP POWER CORPORATION,,,65536,30,1,0,150,0.0,1007911.99,,,,
501015,-1,200040,-1,0,Shriram Transport Finance Company NCD YL 9.4% 12/07/2028 (ISIN INE721A07NX5),,,65536,30,1,0,150,600000.0,600000.0,,,,
501016,-1,200040,-1,0,Shriram Transport Finance Company NCD YN 12/07/2023 (ISIN INE721A07NZ0),,,65536,30,1,0,150,300000.0,300000.0,,,,
501024,-1,200040,-1,0,Muthoot Finance NCD 8.75% 19/04/2023 (ISIN INE414G07CK4),,,65536,30,1,0,150,101259.62,101259.62,,,,
501041,-1,200040,-1,0,Tata Capital Financial Services NCD N9 10.5% 05/03/2019 (ISIN INE306N07BN4),,,65536,30,1,0,150,0.0,0.0,,,,
501042,-1,200040,-1,0,Tata Capital Financial Services NCD ND 8.9% 27/09/2023 (ISIN INE306N07KF1),,,65536,30,1,0,150,300000.0,300000.0,,,,
501049,-1,200040,-1,0,Tata Capital Financial Services NCD N8 10.5% 05/03/2019 (ISIN INE306N07BM6),,,65536,30,1,0,150,0.0,0.0,,,,
501072,-1,200040,-1,0,Manappuram Finance NCD 9.85% 28/11/2020 (ISIN INE522D07AJ7),,,65536,30,1,0,150,9801.35,9801.35,,,,
501089,-1,200050,-1,0,BHARAT 22 ETF - ICICI Prudential AMC,,,65536,30,1,0,150,199982.76,199982.76,,,,
501098,-1,200050,-1,0,eClerx Services,,,65536,30,1,0,150,56631.38,56631.38,,,,
501113,-1,200050,-1,0,Rail Vikas Nigam,,,65536,30,1,0,150,0.0,0.0,,,,
501117,-1,200050,-1,0,Metropolis Healthcare,,,65536,30,1,0,150,16456.0,16456.0,,,,
501120,-1,200050,-1,0,Polycab India,,,65536,30,1,0,150,17678.25,17678.25,,,,
501342,-1,200040,-1,0,Mahindra & Mahindra Financial Services NCD 9.3% 18/01/2027 (ISIN INE774D07SW9),,,65536,30,1,0,150,451938.72,451938.72,,,,
501343,-1,200070,-1,0,956 SBI PERP,,,65536,30,1,0,150,0.0,0.0,,,,
501346,-1,200040,-1,0,L&T Finance NCD NO 9% 15/04/2024 (ISIN INE027E07AF3),,,65536,30,1,0,150,131000.0,131000.0,,,,
501360,-1,200040,-1,0,L&T Finance NCD NG 9.35% 13/03/2029 (ISIN INE027E07972),,,65536,30,1,0,150,52500.0,52500.0,,,,
501379,-1,200095,-1,0,HDFC BANK FD,,,65536,30,1,0,150,100000.0,100000.0,,,,
501380,-1,200095,-1,0,HDFC BANK FD 2,,,65536,30,1,0,150,150000.0,150000.0,,,,
501381,-1,200095,-1,0,HDFC BANK FD 3,,,65536,30,1,0,150,100000.0,100000.0,,,,
501382,-1,200095,-1,0,HDFC BANK FD 4,,,65536,30,1,0,150,100000.0,100000.0,,,,
501390,-1,200040,-1,0,Manappuram Finance NCD 10.4% 29/11/2023 (ISIN INE522D07AL3),,,65536,30,1,0,150,10390.0,10390.0,,,,
501391,-1,200040,-1,0,State Bank of India BONDS 9.56% (ISIN INE062A08173),,,65536,30,1,0,150,1050500.0,1050500.0,,,,
501401,-1,200050,-1,0,UltraTech Cement,,,65536,30,1,0,150,23892.449999999997,23892.45,,,,
501409,-1,200040,-1,0,State Bank of India BONDS 8.75% (ISIN INE062A08215),,,65536,30,1,0,150,1036000.0,1036000.0,,,,
501412,-1,200040,-1,0,L&T Finance NCD Y9 8.65% 23/12/2026 (ISIN INE027E07BC8),,,65536,30,1,0,150,115172.5,115172.5,,,,
501442,-1,200095,-1,0,PRS SBI FD - 1 - 9TH MAY 2020,,,65536,30,1,0,150,0.0,0.0,,,,
501443,-1,200095,-1,0,PRS SBI FD - 2 - 22ND MAY 2020,,,65536,30,1,0,150,100000.0,100000.0,,,,
501444,-1,200095,-1,0,PRS SBI FD - 3 - 6TH JUNE 2020,,,65536,30,1,0,150,100000.0,100000.0,,,,
501445,-1,200040,-1,0,NTPC NCD N7 8.49% 25/03/2025 (ISIN INE733E07JP6),,,65536,30,1,0,150,26119.340000000004,26119.34,,,,
501446,-1,200040,-1,0,Housing & Urban Development Corporation NCD N3 8.1% 05/03/2022 (ISIN INE031A07832),,,65536,30,1,0,150,930175.53,930175.53,,,,
501474,-1,200070,-1,0,L&T Finance NCD NO 9% 15/04/2024 (ISIN INE027E07AF3),,,65536,30,1,0,150,0.0,0.0,,,,
501486,-1,200095,-1,0,PRS HDFC FD 5 - 13TH OCT 2020,,,65536,30,1,0,150,100000.0,100000.0,,,,
501487,-1,200095,-1,0,PRS HDFC FD 6 - 13TH OCT 2020,,,65536,30,1,0,150,100000.0,100000.0,,,,
501491,-1,200050,-1,0,Nippon India ETF Gold BeES,,,65536,30,1,0,150,176421.19,176421.19,,,,
501493,-1,200095,-1,0,PRS SBI FD 1 - 9TH MAY 2020,,,65536,30,1,0,150,100000.0,100000.0,,,,
501496,-1,200070,-1,0,RBI BOND 7.75 %,,,65536,30,1,0,150,0.0,1000.0,,,,
501502,-1,200040,-1,0,Rural Electrification Corporation BONDS 8.12% 27/03/2027 (ISIN INE020B07GH7),,,65536,30,1,0,150,854504.1200000001,854504.12,,,,
501509,-1,200040,-1,0,Indian Railway Finance Corporation NCD N9 8.48% 18/02/2024 (ISIN INE053F07678),,,65536,30,1,0,150,83451.58,83451.58,,,,
501511,-1,200040,-1,0,National Bank for Agriculture & Rural Development NCD 7.64% 23/03/2031 (ISIN INE261F07032),,,65536,30,1,0,150,469938.34,469938.33999999997,,,,
501513,-1,200040,-1,0,National Highways Authority of India NCD NE 7.69% 09/03/2031 (ISIN INE906B07EP5),,,65536,30,1,0,150,789039.61,789039.61,,,,
501518,-1,200040,-1,0,Power Finance Corporation NCD 8.3% 01/02/2027 (ISIN INE134E07208),,,65536,30,1,0,150,162372.19,162372.19,,,,
501519,-1,200040,-1,0,Housing & Urban Development Corporation NCD N5 7.51% 16/02/2028 (ISIN INE031A07865),,,65536,30,1,0,150,192142.73,192142.72999999998,,,,
501522,-1,200040,-1,0,Rural Electrification Corporation NCD N2 7.38% 19/12/2027 (ISIN INE020B07GX4),,,65536,30,1,0,150,445833.64999999997,445833.65,,,,
501541,-1,200040,-1,0,Housing & Urban Development Corporation NCD 7.64% 08/02/2031 (ISIN INE031A07AO5),,,65536,30,1,0,150,457087.1,457087.1,,,,
501548,-1,200040,-1,0,Sovereign Gold Bond 2.50% Nov 2026 Sr-III 2018-19 (IN0020180314),,,65536,30,1,0,150,0.0,34166.34,,,,
501560,-1,200075,-1,0,Gold,,,65536,30,1,0,150,0.0,0.0,,,,
501584,-1,200050,-1,0,K&R Rail Engineering,,,65536,30,1,0,150,11681.25,11681.25,,,,
501585,-1,200040,-1,0,Indian Railway Finance Corporation NCD NJ 7.53% 21/12/2030 (ISIN INE053F07835),,,65536,30,1,0,150,199459.17,199459.17,,,,
501681,-1,200050,-1,0,Stephanotis Finance,,,65536,30,1,0,150,250.0,250.0,,,,
501716,-1,200061,-1,0,Mirae Asset Large & Midcap Fund - Direct Plan - Growth (79914404539),,,65536,30,1,0,150,25000.0,25000.0,,,,
501735,-1,200061,-1,0,CANARA ROBECO LARGE CAP FUND - DIRECT PLAN - GROWTH OPTION (19930034186),,,65536,30,1,0,150,18000.0,18000.0,,,,
501744,-1,200061,-1,0,Parag Parikh Flexi Cap Fund - Direct Plan - Growth (11300832),,,65536,30,1,0,150,5000.0,5000.0,,,,
501745,-1,200050,-1,0,NTPC Limited,,,65536,30,1,0,150,699524.17,699524.17,,,,
501755,-1,200061,-1,0,Parag Parikh Flexi Cap Fund - Direct Plan - Growth (11554985),,,65536,30,1,0,150,60999.75,61000.0,,,,
501810,-1,200070,-1,0,RBI New,,,65536,30,1,0,150,0.0,0.0,,,,
501811,-1,200070,-1,0,RBI 900,,,65536,30,1,0,150,0.0,0.0,,,,
501812,-1,200070,-1,0,RBI 400,,,65536,30,1,0,150,0.0,2100000.0,,,,
501818,-1,200061,-1,0,Tata Digital India Fund-Direct Plan-Growth (6583963/27),,,65536,30,1,0,150,0.0,221000.0,,,,
501824,-1,200095,-1,0,Bajaj Finserv FD 1,,,65536,30,1,0,150,50000.0,50000.0,,,,
501886,-1,200061,-1,0,Mirae Asset Large & Midcap Fund - Direct Plan - Growth (79955487935),,,65536,30,1,0,150,32500.0,32500.0,,,,
501890,-1,200050,-1,0,Pidilite Industries,,,65536,30,1,0,150,2162.14,2162.14,,,,
501891,-1,200050,-1,0,SBI-ETF Nifty 50,,,65536,30,1,0,150,4882.5,4882.5,,,,
501892,-1,200050,-1,0,L&T Technology Services,,,65536,30,1,0,150,49017.9,49017.90000000001,,,,
501893,-1,200050,-1,0,Life Insurance Corporation of India (LIC),,,65536,30,1,0,150,6525.35,6525.35,,,,
501894,-1,200050,-1,0,Computer Age Management Services,,,65536,30,1,0,150,77806.67,77806.67,,,,
501899,-1,200050,-1,0,HDFC Asset Management Company,,,65536,30,1,0,150,9301.83,9301.83,,,,
501903,-1,200050,-1,0,Indian Oil Corporation,,,65536,30,1,0,150,147105.09999999998,147105.1,,,,
501908,-1,200061,-1,0,Canara Robeco Small Cap Fund - Direct Plan- Growth Option (19930034186),,,65536,30,1,0,150,100000.0,100000.0,,,,
501909,-1,200061,-1,0,Nippon India Small Cap Fund - Direct Plan Growth Plan - Growth Option (499266851405 / 0),,,65536,30,1,0,150,0.0,268500.0,,,,
501910,-1,200061,-1,0,Quant Small Cap Fund-Growth Option-Direct Plan (51014331091 / 0),,,65536,30,1,0,150,77485.48,169000.0,,,,
501937,-1,200115,-1,0,7.54 GS 2036,,,65536,30,1,0,150,93989.65,93989.65,,,,
502124,-1,200061,-1,0,Quant Small Cap Fund-Growth Option-Direct Plan (51025980465 / 0),,,65536,30,1,0,150,15000.0,15000.0,,,,
502125,-1,200061,-1,0,quant Multi Cap Fund-Growth Option-Direct Plan (51025980475 / 0),,,65536,30,1,0,150,25000.0,25000.0,,,,
502126,-1,200061,-1,0,SBI Contra Fund - Direct Plan - Growth (33002695),,,65536,30,1,0,150,0.0,25000.0,,,,
502193,-1,200040,-1,0,Sovereign Gold Bond 2.50% JUN 2029 SR-II 2021-22 (IN0020210061),,,65536,30,1,0,150,0.0,135268.66,,,,
502194,-1,200040,-1,0,Sovereign Gold Bond 2.50% DEC 2029 SR-VIII 2021-22 (IN0020210228),,,65536,30,1,0,150,0.0,56344.0,,,,
502201,-1,200040,-1,0,Sovereign Gold Bond 2.50% MAR 2029 SR-XII 2020-21 (IN0020200427),,,65536,30,1,0,150,0.0,141097.0,,,,
502202,-1,200040,-1,0,Sovereign Gold Bond 2.50% JUL 2029 SR-IV 2021-22 (IN0020210111),,,65536,30,1,0,150,0.0,28134.0,,,,
502252,-1,200062,-1,0,Nippon India Liquid Fund - Direct Plan Growth Plan - Growth Option (499266851405 / 0),,,65536,30,1,0,150,149999.99999999997,150000.0,,,,
502567,-1,200061,-1,0,Nippon India Large Cap Fund - Direct Plan Growth Plan - Growth Option (499266851405 / 0),,,65536,30,1,0,150,100000.0,100000.0,,,,
502602,-1,200061,-1,0,HDFC Balanced Advantage Fund -Direct Plan - Growth Option (25156019 / 77),,,65536,30,1,0,150,0.0,350000.0,,,,
502621,-1,200050,-1,0,Sammaan Capital,,,0,30,1,0,150,351120.0,351120.0,,,,
502644,-1,200061,-1,0,Quant Infrastructure Fund - Growth Option (51014331091),,,65536,30,1,0,150,0.0,0.0,,,,
502646,-1,200061,-1,0,Quant Infrastructure Fund - Growth Option-Direct Plan (51014331091 / 0),,,65536,30,1,0,150,225000.0,225000.0,,,,
502661,-1,200050,-1,0,Reliance Infrastructure,,,65536,30,1,0,150,151017.2,151017.2,,,,
502662,-1,200050,-1,0,Concord Biotech,,,65536,30,1,0,150,70636.85,70636.85,,,,
502665,-1,200050,-1,0,Everest Kanto Cylinders,,,65536,30,1,0,150,221097.75,221097.75,,,,
502666,-1,200062,-1,0,Parag Parikh Conservative Hybrid Fund - Direct Plan - Growth (11554985),,,65536,30,1,0,150,0.0,455000.0,,,,
502674,-1,200050,-1,0,Sammaan Capital Partly Paidup,,,65536,30,1,0,150,77500.0,77500.0,,,,
502691,-1,200050,-1,0,Vascon Engineers,,,65536,30,1,0,150,73112.0,73112.0,,,,
502693,-1,200062,-1,0,Kotak Debt Hybrid - Growth - Direct (14425316 / 20),,,65536,30,1,0,150,0.0,125000.0,,,,
502699,-1,200050,-1,0,Jio Financial Services,,,0,30,1,0,150,33962.5,33962.5,,,,
502700,-1,200050,-1,0,Canara Bank,,,65536,30,1,0,150,268031.3,268031.3,,,,
502701,-1,200061,-1,0,Motilal Oswal Midcap Fund-Direct Plan-Growth Option (91049485403 / 0),,,65536,30,1,0,150,325000.0,325000.0,,,,
502702,-1,200061,-1,0,Kotak Multicap Fund-Direct Plan-Growth (14425316 / 20),,,65536,30,1,0,150,120000.0,120000.0,,,,
502704,-1,200061,-1,0,Mirae Asset Large & Midcap Fund - Direct Plan - Growth (79914404536 / 0),,,65536,30,1,0,150,0.0,0.0,,,,
502721,-1,200050,-1,0,IDFC First Bank,,,65536,30,1,0,150,62160.0,62160.0,,,,
502724,-1,200061,-1,0,SBI ELSS Tax Saver Fund - Direct Plan - Growth (33002695),,,65536,30,1,0,150,0.0,90000.0,,,,
502779,-1,200050,-1,0,Marathon Nextgen Realty,,,65536,30,1,0,150,32352.1,32352.1,,,,
502863,-1,200061,-1,0,JM Flexicap Fund (Direct) - Growth Option (79915225076 / 0),,,65536,30,1,0,150,227500.0,227500.0,,,,
502879,-1,200040,-1,0,G-Sec 7.54% GS 2036 (ISIN IN0020220029),,,65536,30,1,0,150,0.0,1053693.89,,,,
502906,-1,200040,-1,0,G-Sec 7.34% GS 2064 (ISIN IN0020240035),,,65536,30,1,0,150,0.0,1035000.0,,,,
502928,-1,200061,-1,0,Motilal Oswal Flexi cap Fund Direct Plan-Growth Option (91049485403 / 0),,,65536,30,1,0,150,160000.0,160000.0,,,,
502929,-1,200061,-1,0,Motilal Oswal Nifty 500 Momentum 50 Index Fund-Direct Plan-Growth (91049485403 / 0),,,65536,30,1,0,150,140000.0,140000.0,,,,
502930,-1,200050,-1,0,Davangere Sugar Company,,,0,30,1,0,150,34050.0,34050.0,,,,
502945,-1,200140,-1,0,TATA AIA,,,65536,30,1,0,150,0.0,0.0,,,,
502976,-1,200062,-1,0,Parag Parikh Liquid Fund- Direct Plan- Growth (11554985),,,65536,30,1,0,150,99999.99999999999,100000.0,,,,
502983,-1,200061,-1,0,BANK OF INDIA Flexi Cap Fund Direct Plan -Growth (91011262372 / 0),,,65536,30,1,0,150,275000.0,275000.0,,,,
502994,-1,200062,-1,0,DSP Gilt Fund - Direct Plan - Growth (70245382),,,65536,30,1,0,150,0.0,500000.0,,,,
502998,-1,200062,-1,0,Kotak Liquid - Growth - Direct (14425316 / 20),,,65536,30,1,0,150,59999.99999999999,60000.0,,,,
503049,-1,200040,-1,0,Sovereign Gold Bond 2.50% JUN 2030 Sr-I 2022-23 (IN0020220045),,,65536,30,1,0,150,0.0,63995.0,,,,
503060,-1,200062,-1,0,quant Multi Asset Allocation Fund-Growth Option-Direct Plan (51025980465 / 0),,,65536,30,1,0,150,0.0,275000.0,,,,
503062,-1,200062,-1,0,Nippon India Multi Asset Fund - Direct Plan - Growth Option (404133492841 / 0),,,65536,30,1,0,150,0.0,325000.0,,,,
503088,-1,200062,-1,0,Kotak Liquid - Growth - Direct (18636976),,,0,30,1,0,150,156637.52000000005,325000.0,,,,
503089,-1,200062,-1,0,Edelweiss Liquid Fund-Direct Plan-Growth Option (91045047956 / 0),,,0,30,1,0,150,272912.92000000016,325000.0,,,,
503090,-1,200061,-1,0,Edelweiss Nifty Midcap150 Momentum 50 Index Fund - Direct Plan - Growth (91045047956 / 0),,,0,30,1,0,150,74973.86,518000.0,,,,
503091,-1,200061,-1,0,Mirae Asset Nifty MidSmallcap400 Momentum Quality 100 ETF Fund of Fund - Direct Plan - Growth (79955487935 / 0),,,65536,30,1,0,150,0.0,75000.0,,,,
503092,-1,200061,-1,0,Kotak Nifty Alpha 50 Index Fund - Direct Plan - Growth (18636976),,,0,30,1,0,150,0.0,309000.0,,,,
503096,-1,200061,-1,0,Edelweiss Nifty500 Multicap Momentum Quality 50 Index Fund - Direct - Growth (91045047956 / 0),,,0,30,1,0,150,0.0,135000.0,,,,
503099,-1,200050,-1,0,Anant Raj,,,65536,30,1,0,150,0.0,5000.0,,,,
503107,-1,200050,-1,0,Nippon India ETF Nifty PSU Bank BeES,,,0,30,1,0,150,305305.0,305305.0,,,,
503108,-1,200050,-1,0,Aegis Vopak Terminals,,,0,30,1,0,150,61957.35,61957.35,,,,
503110,-1,200040,-1,0,Muthoot Fincorp NCD 9.1% 12/02/2032 (ISIN INE549K07HI2),,,65536,30,1,0,150,0.0,199000.0,,,,
503115,-1,200061,-1,0,BANDHAN SMALL CAP FUND - DIRECT PLAN GROWTH (8620534 / 53),,,65536,30,1,0,150,0.0,217000.0,,,,
503121,-1,200062,-1,0,BANDHAN LIQUID Fund -Direct Plan-Growth (8620534 / 53),,,0,30,1,0,150,0.0,100000.0,,,,
503122,-1,200062,-1,0,DSP Liquidity Fund - Direct Plan - Growth (11096549 / 74),,,0,30,1,0,150,0.0,200000.0,,,,
503123,-1,200062,-1,0,DSP Liquidity Fund - Direct Plan - Growth (11096551 / 68),,,0,30,1,0,150,0.0,100000.0,,,,
503124,-1,200062,-1,0,Mirae Asset Liquid Fund - Direct Plan - Growth (79955487935 / 0),,,0,30,1,0,150,0.0,75000.0,,,,
503125,-1,200062,-1,0,Motilal Oswal Liquid Fund - Direct Growth (910163279795 / 0),,,0,30,1,0,150,0.0,75000.0,,,,
503130,-1,200062,-1,0,DSP Multi Asset Allocation Fund - Direct - Growth (11099592 / 63),,,0,30,1,0,150,0.0,100000.0,,,,
500397,-1,200061,-1,0,Nippon India Tax Saver Fund - Direct Plan Growth Plan - Growth Option (499149035761 / 0),,,65536,30,1,0,150,0.0,0.0,,,,
500418,-1,200062,-1,0,HDFC Gilt Fund - Growth Plan (8256609 / 93),,,65536,30,1,0,150,0.0,0.0,,,,
500419,-1,200062,-1,0,Franklin India GOVERNMENT SECURITIES FUND - Long Term Plan - Direct - Growth (18687024 / 0),,,65536,30,1,0,150,285000.0,285000.0,,,,
500420,-1,200062,-1,0,HDFC Gilt Fund - Growth Option - Direct Plan (8256609 / 93),,,65536,30,1,0,150,0.0,0.0,,,,
500421,-1,200061,-1,0,HDFC Large Cap Fund - Growth Option - Direct Plan (8256609 / 93),,,65536,30,1,0,150,0.0,0.0,,,,
500422,-1,200061,-1,0,HDFC ELSS Tax saver - Growth Plan (8256609 / 93),,,65536,30,1,0,150,0.0,0.0,,,,
500423,-1,200061,-1,0,Franklin INDIA OPPORTUNITIES FUND - Direct - IDCW (18687024 / 0),,,65536,30,1,0,150,0.0,0.0,,,,
500470,-1,200062,-1,0,Aditya Birla Sun Life Government Securities Fund - Long Term Plan - Growth - Regular Plan (1015951041),,,65536,30,1,0,150,0.0,0.0,,,,
500643,-1,200061,-1,0,NIPPON INDIA MULTI CAP FUND - IDCW Option (4038092291 / 0),,,65536,30,1,0,150,0.0,0.0,,,,
500644,-1,200061,-1,0,Reliance Focused Large Cap Fund-Growth Plan-Growth Option (40218230092 / 0),,,65536,30,1,0,150,0.0,0.0,,,,
500645,-1,200062,-1,0,HDFC Liquid Fund-GROWTH (8256609 / 93),,,65536,30,1,0,150,0.0,0.0,,,,
500646,-1,200062,-1,0,UTI - G-Sec Fund-Growth (502261124492 / 0),,,65536,30,1,0,150,0.0,0.0,,,,
500647,-1,200062,-1,0,HDFC Balanced Fund - Growth Option (8256609 / 93),,,65536,30,1,0,150,0.0,0.0,,,,
500648,-1,200061,-1,0,Reliance Liquid Fund-Cash Plan-Growth (404133492841 / 0),,,65536,30,1,0,150,0.0,0.0,,,,
500702,-1,200062,-1,0,ICICI Prudential Liquid Fund - Direct Plan - Growth (8355994 / 19),,,65536,30,1,0,150,0.0,0.0,,,,
500712,-1,200061,-1,0,DSP Small Cap Fund - Direct Plan - Growth (3540662 / 96),,,65536,30,1,0,150,100000.0,100000.0,,,,
500715,-1,200061,-1,0,ICICI Prudential Banking and Financial Services Fund - Direct Plan -  Growth (8355994 / 19),,,65536,30,1,0,150,75000.0,75000.0,,,,
500729,-1,200061,-1,0,ICICI Prudential Equity & Debt Fund - Direct Plan - Growth (8355994 / 19),,,65536,30,1,0,150,371065.04,371065.04,,,,
500731,-1,200062,-1,0,HDFC Gilt Fund - Growth Option - Direct Plan (10931284 / 05),,,65536,30,1,0,150,0.0,0.0,,,,
500747,-1,200061,-1,0,HDFC Mid Cap Fund - Growth Option - Direct Plan (10931284 / 05),,,65536,30,1,0,150,0.0,0.0,,,,
500753,-1,200061,-1,0,Franklin India Credit Risk Fund - Direct - IDCW (18687024 / 0),,,65536,30,1,0,150,0.0,0.0,,,,
500773,-1,200062,-1,0,HDFC Liquid Fund -Direct Plan - Growth Option (10931284 / 05),,,65536,30,1,0,150,0.0,0.0,,,,
500826,-1,200062,-1,0,DSP Liquidity Fund - Direct Plan - Growth (3540662 / 96),,,65536,30,1,0,150,0.0,0.0,,,,
500847,-1,200061,-1,0,ICICI Prudential Equity Savings Fund - Direct Plan - Cumulative option (8355994 / 19),,,65536,30,1,0,150,0.0,0.0,,,,
500862,-1,200061,-1,0,ICICI Prudential Equity & Debt Fund - Direct Plan - Growth (10012638 / 76),,,65536,30,1,0,150,0.0,0.0,,,,
500952,-1,200061,-1,0,Motilal Oswal Flexi cap Fund Direct Plan-Growth Option (9106398845 / 0),,,65536,30,1,0,150,0.0,0.0,,,,
500963,-1,200062,-1,0,Nippon India Medium to Long Duration Fund - Growth Plan Growth Option (4042588754 / 0),,,65536,30,1,0,150,0.0,0.0,,,,
500964,-1,200061,-1,0,Nippon India Growth Mid Cap Fund-Growth Plan-Growth Option (4042213332 / 0),,,65536,30,1,0,150,0.0,0.0,,,,
500965,-1,200061,-1,0,Nippon India Multi Cap Fund-Growth Plan-Growth Option (4038092286 / 0),,,65536,30,1,0,150,0.0,0.0,,,,
501036,-1,200062,-1,0,DSP Liquidity Fund - Direct Plan - Growth (5548048 / 86),,,65536,30,1,0,150,0.0,0.0,,,,
501057,-1,200062,-1,0,Nippon India Liquid Fund - Direct Plan Growth Plan - Growth Option (499207234851 / 0),,,65536,30,1,0,150,49000.88,49000.88,,,,
501059,-1,200062,-1,0,Axis Liquid Fund - Direct Plan - Growth Option (91047924964 /        0),,,65536,30,1,0,150,100000.0,100000.0,,,,
501071,-1,200061,-1,0,Mirae Asset Large Cap Fund - Direct Plan - Growth (79914404536 / 0),,,65536,30,1,0,150,50000.0,50000.0,,,,
501073,-1,200061,-1,0,HDFC Small Cap Fund - Direct Growth Plan (10931284 / 05),,,65536,30,1,0,150,257500.0,257500.0,,,,
501081,-1,200061,-1,0,Axis Midcap Fund - Direct Plan - Growth (91047924964 / 0),,,65536,30,1,0,150,75000.0,75000.0,,,,
501082,-1,200061,-1,0,Tata Value Fund - Direct Plan Growth Option (4735272 / 28),,,65536,30,1,0,150,150000.0,150000.0,,,,
501104,-1,200061,-1,0,Mirae Asset Large & Midcap Fund - Direct Plan - Growth (79914404536 / 0),,,65536,30,1,0,150,125000.0,125000.0,,,,
501116,-1,200062,-1,0,Kotak Liquid - Growth - Direct (6001451 / 11),,,65536,30,1,0,150,100000.0,100000.0,,,,
501364,-1,200062,-1,0,Franklin India Ultra Short Bond Fund - Super Institutional Plan Direct - Growth (22167967 / 0),,,65536,30,1,0,150,425000.0,425000.0,,,,
501365,-1,200062,-1,0,ICICI Prudential Ultra Short Term Fund - Direct Plan - Growth (8355994 / 19),,,65536,30,1,0,150,485308.12,485308.12,,,,
501441,-1,200095,-1,0,PRS SBI FD - 1 - 9TH MAY 2020,,,65536,30,1,0,150,0.0,0.0,,,,
1,-5,0,-5,1,Liabilities,1,,65536,31,1,,250,0.0,0.0,,,,
2,-5,0,-5,1,Assets,2,,65536,31,1,,150,0.0,0.0,,,,
45,-5,2,-5,1,Fixed Asset,1,,65536,31,1,,150,0.0,0.0,,,,
50,-5,2,-5,1,Investments,5,,65536,31,1,,150,0.0,0.0,,,,
55,-5,2,-5,1,Current Assets,10,,65536,31,1,,150,0.0,0.0,,,,
60,-5,55,-5,1,Banks,1,All Bank Accounts,65536,31,1,,40,0.0,0.0,,,,
64,-5,1,-5,1,Capital Account,1,,65536,31,1,,250,0.0,0.0,,,,
65,-5,1,-5,1,Current Liabilities,65,,65536,31,1,,250,0.0,0.0,,,,
70,-5,55,-5,1,Loans and Advances (Asset),7,,65536,31,1,,125,0.0,0.0,,,,
75,-5,65,-5,1,Sundry Creditors,5,,65536,31,1,,275,0.0,0.0,,,,
85,-5,65,-5,1,Loans (Liability),1,,65536,31,1,,275,0.0,0.0,,,,
90,-5,55,-5,1,Sundry Debtors,10,,65536,31,1,,125,0.0,0.0,,,,
150,-5,1,-5,1,Profit & Loss,1000,Excess of Income over Expenditure,65536,31,1,,250,0.0,0.0,,,,
155,-5,150,-5,1,Income,1,,65536,31,1,,280,0.0,0.0,,,,
160,-5,150,-5,1,Expenses,5,,65536,31,1,,290,0.0,0.0,,,,
170,-5,160,-5,1,STT,100,Security Transaction Tax,65536,31,1,,290,0.0,0.0,<null>,,,
171,-5,160,-5,1,Tax & Charges - Stocks,100,"Stock - Tax and Charges Expenses for Tally
",65536,31,1,,290,0.0,0.0,<null>,,,
175,-5,160,-5,1,Share Transaction Charges,100,Total of all Charges in Contract Note,65536,31,1,,290,0.0,0.0,,,,
180,-5,155,-5,1,Capital Gains,100,,65536,31,1,,290,0.0,0.0,<null>,,,
205,-5,55,-5,0,Cash on Hand,0,,0,31,1,,50,701499.0,867783.15,,,,
210,-5,55,-5,0,Unassigned Bank/Ledger,0,Possible banking transactions where bank is not known,0,31,1,,40,35000.0,35000.0,,,,
215,-5,75,-5,0,Unassigned Broker,0,Transactions with brokers where broker is not known,65536,31,1,,275,0.0,0.0,,,,
220,-5,155,-5,0,Suspense Account,0,Transactions where account is not known,65536,31,1,,280,0.0,0.0,<null>,,,
230,-5,64,-5,0,Capital Account,0,,65536,31,1,,250,17696391.68,3933758.6000000006,,,,
235,-5,55,-5,0,TDS,0,,65536,31,1,,150,24517.0,24517.0,,,,
237,-5,55,-5,0,Asset Switch / Renewal / Demerger,0,Holds switch in and switch out journal entries,0,31,1,,150,1757710.19,1757710.19,,,,
240,-5,1,-5,0,Difference in Opening Balances,0,This is auto calculated ledger,65536,31,1,,250,0.0,0.0,,,,
401,-5,155,-5,0,Interest on Investment,0,,0,31,1,,280,946561.77,668638.69,,,,
402,-5,55,-5,0,Interest Receivable,0,,65536,31,1,,280,0.0,0.0,,,,
405,-5,155,-5,0,Interest Tax Free,0,,0,31,1,,280,1005028.16,918941.16,,,,
407,-5,155,-5,0,Interest On Saving Account,0,,0,31,1,,280,246875.9,228651.9,,,,
410,-5,155,-5,0,Rent Income,0,,65536,31,1,,280,0.0,0.0,,,,
415,-5,155,-5,0,Dividend,0,,0,31,1,,280,40541.35000000001,33602.55,,,,
416,-5,55,-5,0,Dividend Receivable,0,,65536,31,1,,280,0.0,0.0,,,,
420,-5,155,-5,0,Salary,0,,65536,31,1,,280,0.0,0.0,,,,
425,-5,155,-5,0,Other Income,0,,65536,31,1,,280,16790.0,16790.0,,,,
427,-5,155,-5,0,Misc. Gain/Loss,0,,65536,31,1,,280,1.0,1.0,,,,
455,-5,180,-5,0,Intra-day/Trading Profit/Loss,0,,65536,31,1,,280,18314.260000000002,18314.26,,,,
460,-5,180,-5,0,Short Term Gain (Equity),0,,0,31,1,,280,1286498.0600000005,1156948.2699999998,,,,
465,-5,180,-5,0,Long Term Gain (Equity),0,,0,31,1,,280,1153215.5,1030573.7499999999,,,,
470,-5,180,-5,0,Short Term Gain (Debt),0,,0,31,1,,280,374514.11999999994,319954.67,,,,
475,-5,180,-5,0,Long Term Gain (Debt),0,,65536,31,1,,280,41494.77,41494.77,,,,
480,-5,155,-5,0,F & O Trading Gain/Loss,0,,65536,31,1,,280,1198017.3699999996,1198017.3699999999,,,,
485,-5,180,-5,0,Long Term Gain (Bonds),0,,65536,31,1,,280,342715.43,342715.43,,,,
490,-5,180,-5,0,Short Term Gain (Bonds),0,,65536,31,1,,280,110942.8,110942.79999999999,,,,
492,-5,180,-5,0,Long Term Gain (InvIT/REIT),0,,65536,31,1,,280,0.0,0.0,,,,
494,-5,180,-5,0,Short Term Gain (InvIT/REIT),0,,65536,31,1,,280,0.0,0.0,,,,
600,-5,160,-5,0,Credit Card Expense,0,,65536,31,1,,290,0.0,0.0,,,,
603,-5,160,-5,0,Telephone Expense,0,,65536,31,1,,290,1949.0,1949.0,,,,
605,-5,160,-5,0,Electricity Expense,0,,65536,31,1,,290,0.0,0.0,,,,
607,-5,160,-5,0,Admin & Other Charges,0,,65536,31,1,,290,0.0,0.0,,,,
610,-5,160,-5,0,Rent Expense,0,,65536,31,1,,290,0.0,0.0,,,,
614,-5,160,-5,0,Interest on Loan,0,,65536,31,1,,290,0.0,0.0,,,,
615,-5,160,-5,0,Bank Charges,0,,65536,31,1,,290,6110.36,6110.3600000000015,,,,
620,-5,160,-5,0,Donation and Charity,0,,65536,31,1,,290,30500.0,30500.0,,,,
621,-5,160,-5,0,Household Expense,0,,0,31,1,,290,1320829.39,1765246.0199999996,,,,
625,-5,160,-5,0,Courier & Postage,0,,65536,31,1,,290,0.0,0.0,,,,
630,-5,160,-5,0,Legal & Professional Fees,0,,65536,31,1,,290,0.0,0.0,,,,
635,-5,160,-5,0,Insurance Premium,0,,0,31,1,,290,0.0,83292.62999999999,,,,
640,-5,160,-5,0,Children Education Expense,0,,65536,31,1,,290,0.0,0.0,,,,
645,-5,160,-5,0,Society Maintenance Charges,0,,65536,31,1,,290,0.0,0.0,,,,
646,-5,160,-5,0,Loan Charges,0,,65536,31,1,,290,0.0,0.0,,,,
650,-5,170,-5,0,STT - Equity,0,,0,31,1,,290,10575.0,12926.0,,,,
651,-5,171,-5,0,GST - Equity,0,,65536,31,1,,290,0.0,0.0,,,,
652,-1,171,-5,0,Trans. Charges - Equity(T),0,,65536,31,1,,290,0.0,0.0,,,,
653,-5,171,-5,0,Stamp Charges - Equity,0,,65536,31,1,,290,0.0,0.0,,,,
654,-5,171,-5,0,Other Charges - Equity,0,,65536,31,1,,290,0.0,0.0,,,,
655,-5,170,-5,0,STT - MFs,0,,0,31,1,,290,20.43,36.380000000000045,,,,
660,-5,170,-5,0,STT - F & O,0,,65536,31,1,,290,1.0,1.0,,,,
665,-5,175,-5,0,Trans. Charges - Equity,0,,0,31,1,,290,1799.7,2270.1099999999988,,,,
670,-5,175,-5,0,Trans. Charges - F & O,0,,65536,31,1,,290,0.0,0.0,,,,
21,-2,155,-5,0,Gift,0,,0,31,1,0,280,429091.0,384091.0,,,,
29,-2,60,-5,0,HDFC Bank (A/c. No. - 00201000054356),0,,65536,31,1,0,40,3704751.7299999995,3704751.73,,,,
30,-2,1,-5,0,Pramesh Shah,0,,0,31,1,0,250,6459518.0,6459518.0,,,,
31,-2,1,-5,0,Unnati Shah,0,,0,31,1,0,250,5895676.0,5895676.0,,,,
32,-2,60,-5,0,Kotak Bank (A/c. No. - 1712151141),0,,0,31,1,0,40,70149907.45,70153625.41,,,,
35,-2,60,-5,0,BOM,0,,65536,31,1,0,40,17741.6,19897.24,,,,
36,-2,90,-5,0,KARVY Broker,0,,65536,31,1,0,125,0.0,0.0,,,,
37,-2,160,-5,0,Income Tax,0,,0,31,1,0,290,760400.0,959770.0,,,,
38,-2,2,-5,0,Creative Printers,0,,0,31,1,0,150,24607999.0,24286274.490000002,,,,
39,-2,50,-5,0,Mutual Fund,0,,65536,31,1,0,150,0.0,0.0,,,,
41,-2,50,-5,0,Shares,0,,65536,31,1,0,150,0.0,0.0,,,,
52,-2,2,-5,0,Jewellery,0,,65536,31,1,0,150,0.0,48750.0,,,,
58,-2,155,-5,0,Interest on FD,0,,65536,31,1,0,280,28179.0,28179.0,,,,
72,-2,2,-5,0,Dharampur House Deposit,0,,65536,31,1,0,150,0.0,787500.0,,,,
73,-2,160,-5,0,Travel Expense,0,,65536,31,1,0,290,3700.0,3700.0,,,,
76,-2,60,-5,0,SBI Bank (A/c. No. - 39223253916),0,,0,31,1,0,40,4119208.2699999996,4119656.02,,,,
77,-2,1,-5,0,Pramesh Shah HUF,0,,0,31,1,0,250,1665000.0,1665000.0,,,,
83,-2,160,-5,0,DP and other expenses Broker,0,,65536,31,1,0,290,12355.49,12355.490000000002,,,,
86,-2,155,-5,0,INCOME FROM CREATIVE PRINTERS,0,,65536,31,1,0,280,5181675.25,5181675.25,,,,
92,-2,160,-5,0,Mediclaim,0,,65536,31,1,0,290,41267.0,41267.0,,,,
95,-2,60,-5,0,IDFC BANK (A/c. No. 10055506177),0,,0,31,1,0,40,25744281.459999997,25949221.560000002,,,,
103,-2,1,-5,0,Krisha Shah,0,,0,31,1,0,250,3041600.0,3041600.0,,,,
111,-2,55,-5,0,Accrued Interest,0,,65536,31,1,0,150,890.0,890.0,,,,
112,-2,60,-5,0,IDBI Bank (A/c. No. - 0409104000111713),0,,0,31,1,0,40,176610.0,176610.0,,,,
117,-2,90,-5,0,RBI Retail Direct,0,,65536,31,1,0,125,0.0,0.0,,,,
121,-2,55,-5,0,Accounts Receivable,0,,65536,31,1,0,150,9120.0,9120.0,,,,
122,-2,2,-5,0,Advance Mediclaim,0,,65536,31,1,0,150,7193.0,7193.0,,,,
123,-2,55,-5,0,TDS,0,,65536,31,1,0,150,0.0,0.0,,,,
124,-2,200075,-1,0,JEWELLERY.,0,,65536,31,1,0,150,0.0,0.0,,,,
127,-2,2,-5,0,Loan To Bijal,0,,65536,31,1,0,150,50000.0,50000.0,,,,
128,-2,155,-5,0,Brokerage Income,0,,0,31,1,0,280,1488887.6100000017,1193079.47,,,,
130,-2,1,-5,0,Arjin Shah,0,,0,31,1,0,250,310000.0,310000.0,,,,
138,-2,1,-5,0,Saahil Shah HUF,0,,0,31,1,0,250,634000.0,634000.0,,,,
141,-2,60,-5,0,Jio Bank,0,,0,31,1,0,40,127943.78,134972.57,,,,
143,-2,2,-5,0,Creative Packaging,0,,65536,31,1,0,150,55000.0,55000.0,,,,
151,-2,2,-5,0,Canara HSBC Life Insurance,0,,0,31,1,0,150,0.0,250000.0,,,,
153,-2,2,-5,0,MG Car,0,,0,31,1,0,150,0.0,206960.0,,,,
155,-2,90,-5,0,Dhan,0,,65536,31,1,0,125,0.0,0.0,,,,
100004,-1,75,-5,0,Direct,,,65536,31,1,0,276,3580606.7800000003,3580607.38,,,,
100003,-1,75,-5,0,KARVY,,,65536,31,1,0,276,0.0,0.0,,,,
100006,-1,75,-5,0,Kotak Securities Ltd,,,65536,31,1,0,276,0.0,0.0,,,,
100008,-1,75,-5,0,MStock,,,65536,31,1,0,276,0.0,0.0,,,,
100001,-1,75,-5,0,R K Global,,,0,31,1,0,276,4952033.960000001,4952215.960000005,,,,
100009,-1,75,-5,0,Raise Securities,,,65536,31,1,0,276,0.0,0.0,,,,
100002,-1,75,-5,0,RKSV,,,65536,31,1,0,276,7246354.92,7246354.920000001,,,,
100007,-1,75,-5,0,Zerodha,,,0,31,1,0,276,16384283.160000002,16420745.580000013,,,,
200050,-1,50,-5,1,Stocks,5,,65536,31,1,0,150,0.0,0.0,,,,
200051,-1,2,-5,1,Stock-in-Trade,5,,65536,31,1,0,150,0.0,0.0,,,,
200061,-1,50,-5,1,Mutual Funds(Equity),10,,65536,31,1,0,150,0.0,0.0,,,,
200062,-1,50,-5,1,Mutual Funds(Debt),11,,65536,31,1,0,150,0.0,0.0,,,,
200058,-1,50,-5,1,Special Inv. Funds,12,,65536,31,1,0,150,0.0,0.0,,,,
200141,-1,50,-5,1,NPS/ULIP,20,,65536,31,1,0,150,0.0,0.0,,,,
200140,-1,50,-5,1,Insurance,25,,65536,31,1,0,150,0.0,0.0,,,,
200066,-1,50,-5,1,Private Equity,30,,65536,31,1,0,150,0.0,0.0,,,,
200095,-1,50,-5,1,FDs,35,,65536,31,1,0,150,0.0,0.0,,,,
200040,-1,50,-5,1,Traded Bonds,38,,65536,31,1,0,150,0.0,0.0,,,,
200070,-1,50,-5,1,NCD/Debentures,40,,65536,31,1,0,150,0.0,0.0,,,,
200115,-1,50,-5,1,Deposits/Loans,45,,65536,31,1,0,150,0.0,0.0,,,,
200120,-1,50,-5,1,PPF/EPF,50,,65536,31,1,0,150,0.0,0.0,,,,
200135,-1,50,-5,1,Post Office,55,,65536,31,1,0,150,0.0,0.0,,,,
200075,-1,45,-5,1,Gold,60,,65536,31,1,0,150,0.0,0.0,,,,
200077,-1,45,-5,1,Silver,65,,65536,31,1,0,150,0.0,0.0,,,,
200155,-1,45,-5,1,Jewellery,70,,65536,31,1,0,150,0.0,0.0,,,,
200150,-1,45,-5,1,Properties,75,,65536,31,1,0,150,0.0,0.0,,,,
200145,-1,50,-5,1,Art,80,,65536,31,1,0,150,0.0,0.0,,,,
200160,-1,50,-5,1,AIF,85,,65536,31,1,0,150,0.0,0.0,,,,
200195,-1,85,-5,1,Loans,95,,65536,31,1,0,150,0.0,0.0,,,,
500230,-1,200050,-1,0,Electrosteel Castings,,,65536,31,1,0,150,0.0,0.0,,,,
500231,-1,200050,-1,0,PTC India,,,65536,31,1,0,150,28610.75,28610.75,,,,
500232,-1,200050,-1,0,TATAMOTORS-DVR-A-ORDY,,,65536,31,1,0,150,0.0,0.0,,,,
500233,-1,200050,-1,0,Cipla Limited,,,65536,31,1,0,150,0.0,0.0,,,,
500234,-1,200050,-1,0,Ballarpur Industries,,,65536,31,1,0,150,0.0,0.0,,,,
500235,-1,200050,-1,0,Bharat Heavy Electricals,,,0,31,1,0,150,73688.15,73688.15,,,,
500236,-1,200050,-1,0,Morepen Laboratories,,,65536,31,1,0,150,0.0,0.0,,,,
500237,-1,200050,-1,0,Bombay Dyeing,,,65536,31,1,0,150,0.0,0.0,,,,
500238,-1,200050,-1,0,Kesoram Industries,,,65536,31,1,0,150,0.0,0.0,,,,
500239,-1,200050,-1,0,Mah & Mah Financial Services,,,65536,31,1,0,150,0.0,0.0,,,,
500240,-1,200050,-1,0,Bajaj Auto,,,65536,31,1,0,150,0.0,0.0,,,,
500241,-1,200050,-1,0,Bharat Petroleum Corporation,,,65536,31,1,0,150,0.0,0.0,,,,
500242,-1,200050,-1,0,HDFC Bank,,,0,31,1,0,150,151780.85,151781.69999999998,,,,
500243,-1,200050,-1,0,Wockhardt,,,65536,31,1,0,150,0.0,0.0,,,,
500244,-1,200050,-1,0,Brigade Enterprises,,,65536,31,1,0,150,0.0,0.0,,,,
500245,-1,200050,-1,0,Finolex Cables,,,65536,31,1,0,150,0.0,0.0,,,,
500246,-1,200050,-1,0,L&T Finance,,,0,31,1,0,150,204582.5,204582.5,,,,
500247,-1,200050,-1,0,Karnataka Bank,,,65536,31,1,0,150,0.0,0.0,,,,
500248,-1,200050,-1,0,Adani Power,,,65536,31,1,0,150,0.0,0.0,,,,
500249,-1,200050,-1,0,Hindustan Construction Company,,,0,31,1,0,150,82968.83,113409.83,,,,
500250,-1,200050,-1,0,BirlaNu,,,65536,31,1,0,150,0.0,0.0,,,,
500251,-1,200050,-1,0,Larsen & Toubro,,,0,31,1,0,150,84314.15,84314.15,,,,
500252,-1,200050,-1,0,Everest Industries,,,65536,31,1,0,150,0.0,0.0,,,,
500454,-1,200050,-1,0,Caplin Point Laboratories,,,65536,31,1,0,150,0.0,0.0,,,,
500525,-1,200050,-1,0,Seya Industries,,,65536,31,1,0,150,0.0,0.0,,,,
500526,-1,200050,-1,0,Kumar Wire Cloth Mfg.,,,65536,31,1,0,150,0.0,0.0,,,,
500527,-1,200050,-1,0,Prima Agro,,,65536,31,1,0,150,0.0,0.0,,,,
500528,-1,200050,-1,0,Tata Motors Passenger Vehicles,,,65536,31,1,0,150,0.0,0.0,,,,
500530,-1,200050,-1,0,HEG Limited,,,65536,31,1,0,150,0.0,0.0,,,,
500537,-1,200050,-1,0,Nirlon Limited,,,65536,31,1,0,150,0.0,0.0,,,,
500538,-1,200050,-1,0,Intellect Design Arena,,,65536,31,1,0,150,0.0,0.0,,,,
500540,-1,200050,-1,0,MBL Infrastructure,,,65536,31,1,0,150,0.0,0.0,,,,
500541,-1,200050,-1,0,Tata Steel,,,65536,31,1,0,150,0.0,0.0,,,,
500545,-1,200050,-1,0,Hawkins Cooker,,,65536,31,1,0,150,0.0,0.0,,,,
500555,-1,200050,-1,0,Jamna Auto,,,65536,31,1,0,150,0.0,0.0,,,,
500564,-1,200050,-1,0,RICO Auto,,,65536,31,1,0,150,0.0,0.0,,,,
500565,-1,200050,-1,0,Inox Wind,,,65536,31,1,0,150,0.0,0.0,,,,
500576,-1,200050,-1,0,Sequent Scientific,,,65536,31,1,0,150,0.0,0.0,,,,
500589,-1,200050,-1,0,Bhandari Hosiery Exports,,,0,31,1,0,150,0.0,20944.940000000002,,,,
500590,-1,200050,-1,0,Suzlon Energy,,,65536,31,1,0,150,0.0,0.0,,,,
500591,-1,200050,-1,0,Federal Bank,,,65536,31,1,0,150,0.0,0.0,,,,
500653,-1,200050,-1,0,State Bank Of India,,,0,31,1,0,150,94368.29000000001,94368.29,,,,
500654,-1,200050,-1,0,Adani Ports and Special Economic Zone,,,65536,31,1,0,150,0.0,0.0,,,,
500716,-1,200050,-1,0,Kalpataru Projects International,,,65536,31,1,0,150,0.0,0.0,,,,
500771,-1,200040,-1,0,Muthoot Finance NCD 18/07/2017 (ISIN INE414G07142),,,65536,31,1,0,150,0.0,0.0,,,,
500772,-1,200040,-1,0,Muthoot Finance NCD 18/10/2017 (ISIN INE414G07191),,,65536,31,1,0,150,0.0,0.0,,,,
500777,-1,200120,-1,0,PPF SPS,,,0,31,1,0,150,1131630.16,2430693.3200000003,,,,
500780,-1,200050,-1,0,CPSE ETF,,,65536,31,1,0,150,199998.43,199998.43,,,,
500783,-1,200050,-1,0,Mahindra & Mahindra,,,65536,31,1,0,150,0.0,0.0,,,,
500791,-1,200050,-1,0,Maruti Suzuki,,,65536,31,1,0,150,0.0,0.0,,,,
500806,-1,200050,-1,0,Music Broadcast,,,65536,31,1,0,150,0.0,0.0,,,,
500853,-1,200050,-1,0,Central Depository Services (India),,,65536,31,1,0,150,0.0,0.0,,,,
500888,-1,200050,-1,0,Bank Of Baroda,,,65536,31,1,0,150,30886.29,30886.289999999997,,,,
500892,-1,200050,-1,0,ICICI Lombard General Insurance Company,,,65536,31,1,0,150,37520.0,37520.0,,,,
500901,-1,200050,-1,0,Aditya Birla Capital,,,65536,31,1,0,150,0.0,0.0,,,,
500906,-1,200050,-1,0,Finolex Industries,,,65536,31,1,0,150,0.0,0.0,,,,
500910,-1,200050,-1,0,National Aluminium,,,65536,31,1,0,150,0.0,0.0,,,,
500911,-1,200050,-1,0,Indian Energy Exchange,,,65536,31,1,0,150,0.0,0.0,,,,
500912,-1,200050,-1,0,Yes Bank,,,65536,31,1,0,150,0.0,0.0,,,,
500913,-1,200050,-1,0,Hindustan Copper,,,0,31,1,0,150,0.0,64626.5,,,,
500916,-1,200050,-1,0,Vedanta Limited,,,65536,31,1,0,150,0.0,0.0,,,,
500917,-1,200050,-1,0,UltraTech Cement,,,0,31,1,0,150,0.0,104656.35,,,,
500928,-1,200050,-1,0,Jindal Steel,,,65536,31,1,0,150,0.0,0.0,,,,
500939,-1,200050,-1,0,Reliance Industries,,,65536,31,1,0,150,0.0,74210.5,,,,
500940,-1,200050,-1,0,HDFC Limited,,,65536,31,1,0,150,54159.270000000004,54159.270000000004,,,,
500942,-1,200050,-1,0,KSK Energy Ventures,,,65536,31,1,0,150,0.0,0.0,,,,
500943,-1,200050,-1,0,Bank of India,,,65536,31,1,0,150,2254.31,2254.31,,,,
500944,-1,200050,-1,0,Punjab National Bank,,,65536,31,1,0,150,4297.58,4297.58,,,,
500957,-1,200040,-1,0,Muthoot Finance NCD NB 01/11/2018 (ISIN INE414G07241),,,65536,31,1,0,150,0.0,0.0,,,,
500972,-1,200050,-1,0,Aditya Birla Real Estate,,,65536,31,1,0,150,0.0,0.0,,,,
500973,-1,200050,-1,0,General Insurance Corporation of India,,,65536,31,1,0,150,0.0,0.0,,,,
500983,-1,200040,-1,0,State Bank of India BONDS N5 9.95% 16/03/2026 (ISIN INE062A08058),,,65536,31,1,0,150,0.0,0.0,,,,
500986,-1,200050,-1,0,ICICI Bank,,,65536,31,1,0,150,21945.5,21945.5,,,,
500987,-1,200040,-1,0,IDFC Bank NCD NC 21/03/2022 (ISIN INE092T08CN3),,,65536,31,1,0,150,66416.3,66416.3,,,,
501007,-1,200040,-1,0,IFCI NCD NG 01/12/2021 (ISIN INE039A07793),,,65536,31,1,0,150,98013.1,98013.1,,,,
501008,-1,200040,-1,0,Muthoot Finance NCD 9% 19/04/2023 (ISIN INE414G07CN8),,,65536,31,1,0,150,200268.09,200268.09,,,,
501009,-1,200040,-1,0,Muthoot Finance NCD 19/04/2023 (ISIN INE414G07CR9),,,65536,31,1,0,150,30534.09,30534.09,,,,
501019,-1,200040,-1,0,Shriram Transport Finance Company NCD YN 12/07/2023 (ISIN INE721A07NZ0),,,65536,31,1,0,150,70000.0,70000.0,,,,
501020,-1,200040,-1,0,Shriram Transport Finance Company NCD YL 9.4% 12/07/2028 (ISIN INE721A07NX5),,,65536,31,1,0,150,130000.0,130000.0,,,,
501045,-1,200040,-1,0,Tata Capital Financial Services NCD N9 10.5% 05/03/2019 (ISIN INE306N07BN4),,,65536,31,1,0,150,0.0,0.0,,,,
501114,-1,200050,-1,0,Rail Vikas Nigam,,,0,31,1,0,150,67248.70000000001,67248.70000000001,,,,
501118,-1,200050,-1,0,Metropolis Healthcare,,,65536,31,1,0,150,14960.0,14960.0,,,,
501349,-1,200050,-1,0,Neogen Chemicals,,,65536,31,1,0,150,13975.0,13975.0,,,,
501395,-1,200050,-1,0,Nippon India ETF Nifty 1D Rate Liquid BeES,,,65536,31,1,0,150,386055.76,386055.76,,,,
501398,-1,200050,-1,0,BHARAT 22 ETF - ICICI Prudential AMC,,,65536,31,1,0,150,79972.9,79972.9,,,,
501426,-1,200050,-1,0,Kotak Nifty PSU Bank ETF,,,65536,31,1,0,150,42943.83,42943.83,,,,
501427,-1,200040,-1,0,NTPC NCD N7 8.49% 25/03/2025 (ISIN INE733E07JP6),,,65536,31,1,0,150,54608.590000000004,54608.59,,,,
501428,-1,200040,-1,0,National Highway Authority of India NCD N6 8.75% 05/02/2029 (ISIN INE906B07DF8),,,65536,31,1,0,150,448956.5,448956.5,,,,
501434,-1,200095,-1,0,SPS SBI FD 1 - 9TH MAY 2020,,,65536,31,1,0,150,100000.0,100000.0,,,,
501435,-1,200095,-1,0,SPS SBI FD 2 - 22ND MAY 2020,,,65536,31,1,0,150,100000.0,100000.0,,,,
501436,-1,200095,-1,0,SPS SBI FD 3 - 6TH JUNE 2020,,,65536,31,1,0,150,100000.0,100000.0,,,,
501437,-1,200095,-1,0,SPS SBI FD 4 - 21ST JUNE 2020,,,65536,31,1,0,150,100000.0,100000.0,,,,
501438,-1,200095,-1,0,SPS SBI FD 5 - 16TH  JULY 2020,,,65536,31,1,0,150,95000.0,95000.0,,,,
501453,-1,200095,-1,0,SPS HDFC FD 1 - 10TH MAY 2020,,,65536,31,1,0,150,100000.0,100000.0,,,,
501454,-1,200095,-1,0,SPS HDFC FD 2 - 11TH MAY 2020,,,65536,31,1,0,150,100000.0,100000.0,,,,
501455,-1,200095,-1,0,SPS HDFC FD 3 - 10TH MAY 2020,,,65536,31,1,0,150,145000.0,145000.0,,,,
501456,-1,200095,-1,0,SPS SBI FD 6 - 13TH MAY 2020,,,65536,31,1,0,150,100000.0,100000.0,,,,
501457,-1,200095,-1,0,SPS SBI FD 7 -,,,65536,31,1,0,150,0.0,0.0,,,,
501458,-1,200095,-1,0,SPS SBI FD 7 - 14TH MAY 2020,,,65536,31,1,0,150,100000.0,100000.0,,,,
501459,-1,200095,-1,0,SPS SBI FD 8 - 15TH MAY 2020,,,65536,31,1,0,150,100000.0,100000.0,,,,
501460,-1,200095,-1,0,SPS SBI FD 7 - 16TH MAY 2020,,,65536,31,1,0,150,0.0,0.0,,,,
501461,-1,200095,-1,0,SPS SBI FD 9 - 16TH MAY 2020,,,65536,31,1,0,150,100000.0,100000.0,,,,
501462,-1,200095,-1,0,SPS SBI FD 10 - 17TH MAY 2020,,,65536,31,1,0,150,105000.0,105000.0,,,,
501463,-1,200095,-1,0,SPS HDFC FD 4 - 15TH MAY 2020,,,65536,31,1,0,150,50000.0,50000.0,,,,
501464,-1,200095,-1,0,SPS HDFC FD 5 - 13TH MAY 2020,,,65536,31,1,0,150,100000.0,100000.0,,,,
501466,-1,200095,-1,0,SPS HDFC FD 6 - 25TH JULY 2020,,,65536,31,1,0,150,200000.0,200000.0,,,,
501467,-1,200095,-1,0,SPS HDFC FD 7 - 25TH JULY 2020,,,65536,31,1,0,150,50000.0,50000.0,,,,
501473,-1,200095,-1,0,SPS SBI FD - 26 JUNE 2020,,,65536,31,1,0,150,200000.0,200000.0,,,,
501476,-1,200040,-1,0,Rural Electrification Corporation NCD N9 8.71% 24/09/2028 (ISIN INE020B07HS2),,,65536,31,1,0,150,939435.8700000001,939435.87,,,,
501480,-1,200095,-1,0,SPS HDFC FD - 13TH OCT 2020,,,65536,31,1,0,150,100000.0,100000.0,,,,
501481,-1,200095,-1,0,SPS HDFC FD 2 - 13TH OCT 2020,,,65536,31,1,0,150,100000.0,100000.0,,,,
501482,-1,200095,-1,0,SPS HDFC FD 3 - 13TH OCT 2020,,,65536,31,1,0,150,100000.0,100000.0,,,,
501505,-1,200040,-1,0,National Highway Authority of India BONDS N2 8.3% 25/01/2027 (ISIN INE906B07CB9),,,65536,31,1,0,150,1771887.14,1771887.1400000001,,,,
501506,-1,200040,-1,0,National Highway Authority of India NCD NA 7.6% 11/01/2031 (ISIN INE906B07EJ8),,,65536,31,1,0,150,300653.09,300653.09,,,,
501508,-1,200040,-1,0,Rural Electrification Corporation BONDS 8.12% 27/03/2027 (ISIN INE020B07GH7),,,65536,31,1,0,150,704773.1499999999,704773.1499999999,,,,
501510,-1,200040,-1,0,Indian Railway Finance Corporation NCD N9 8.48% 18/02/2024 (ISIN INE053F07678),,,65536,31,1,0,150,222934.95,222934.95,,,,
501514,-1,200040,-1,0,Rural Electrification Corporation BONDS 7.93% 27/03/2022 (ISIN INE020B07GG9),,,65536,31,1,0,150,105271.31,105271.31,,,,
501517,-1,200040,-1,0,Housing & Urban Development Corporation NCD N5 7.51% 16/02/2028 (ISIN INE031A07865),,,65536,31,1,0,150,478066.16000000003,478066.16,,,,
501520,-1,200040,-1,0,Housing & Urban Development Corporation NCD 7.64% 08/02/2031 (ISIN INE031A07AO5),,,65536,31,1,0,150,893336.74,893336.74,,,,
501521,-1,200040,-1,0,Housing & Urban Development Corporation NCD 7.69% 15/03/2031 (ISIN INE031A07AT4),,,65536,31,1,0,150,251291.41,251291.41,,,,
501526,-1,200040,-1,0,National Bank for Agriculture & Rural Development NCD 7.64% 23/03/2031 (ISIN INE261F07032),,,65536,31,1,0,150,1869136.32,1869136.32,,,,
501530,-1,200040,-1,0,Indian Railway Finance Corporation NCD NJ 7.53% 21/12/2030 (ISIN INE053F07835),,,65536,31,1,0,150,938503.1599999999,938503.16,,,,
501532,-1,200040,-1,0,National Highways Authority of India NCD NE 7.69% 09/03/2031 (ISIN INE906B07EP5),,,65536,31,1,0,150,1018314.3999999999,1018314.3999999999,,,,
501535,-1,200040,-1,0,Power Finance Corporation NCD 8.79% 16/11/2028 (ISIN INE134E07448),,,65536,31,1,0,150,24928.84,24928.84,,,,
501562,-1,200040,-1,0,Sovereign Gold Bond 2.50% AUG 2028 SR-V 2020-21 (IN0020200161),,,65536,31,1,0,150,0.0,72917.85,,,,
501563,-1,200050,-1,0,Nippon India ETF Gold BeES,,,0,31,1,0,150,44646.16,156733.31,,,,
501576,-1,200040,-1,0,Housing & Urban Development Corporation NCD 9.01% 13/01/2034 (ISIN INE031A07AB2),,,65536,31,1,0,150,100771.92,100771.92,,,,
501594,-1,200050,-1,0,Bank of maharashtra,,,65536,31,1,0,150,714.57,714.57,,,,
501595,-1,200050,-1,0,Nippon India ETF Nifty 50 BeES,,,65536,31,1,0,150,4874.64,4874.64,,,,
501602,-1,200050,-1,0,Union Bank of India,,,65536,31,1,0,150,29052.780000000002,29052.780000000002,,,,
501603,-1,200050,-1,0,Canara Bank,,,0,31,1,0,150,182025.77000000002,575616.44,,,,
501630,-1,200050,-1,0,IDFC First Bank,,,65536,31,1,0,150,90396.1,179995.1,,,,
501631,-1,200050,-1,0,SBI-ETF Nifty 50,,,65536,31,1,0,150,48146.61,48146.61,,,,
501640,-1,200061,-1,0,SBI Contra Fund - Direct Plan - Growth (7551598),,,65536,31,1,0,150,0.0,0.0,,,,
501641,-1,200061,-1,0,SBI Contra Fund - Regular Plan - Growth (7551598),,,65536,31,1,0,150,0.0,12000.0,,,,
501642,-1,200061,-1,0,Motilal Oswal ELSS Tax Saver Fund - Direct Plan - Growth Option (9105363746 / 0),,,65536,31,1,0,150,75000.0,75000.0,,,,
501643,-1,200061,-1,0,HDFC Housing Opportunities Fund - Growth Option - Direct Plan (13069359 / 02),,,65536,31,1,0,150,125000.0,125419.0,,,,
501644,-1,200061,-1,0,BANDHAN ELSS Tax Saver Fund - Direct Plan - Growth (2232676 / 16),,,65536,31,1,0,150,150000.0,150000.0,,,,
501645,-1,200062,-1,0,Bandhan Medium Duration Fund - Direct Plan - Growth (2232676/16),,,65536,31,1,0,150,799960.02,799960.02,,,,
501646,-1,200062,-1,0,Kotak Bond - Growth - Direct (6004580/33),,,65536,31,1,0,150,450000.0,450000.0,,,,
501647,-1,200061,-1,0,Parag Parikh Flexi Cap Fund - Direct Plan - Growth (10926853),,,65536,31,1,0,150,0.0,35000.0,,,,
501679,-1,200050,-1,0,Motilal Oswal MOSt Shares NASDAQ-100 ETF,,,65536,31,1,0,150,3861.14,3861.14,,,,
501685,-1,200040,-1,0,Indian Railway Finance Corporation NCD NO 7.64% 22/03/2031 (ISIN INE053F07900),,,65536,31,1,0,150,190968.58000000002,190968.58,,,,
501715,-1,200061,-1,0,Mirae Asset Large & Midcap Fund - Direct Plan - Growth (79918665556),,,65536,31,1,0,150,60000.0,60000.0,,,,
501717,-1,200062,-1,0,DSP Liquidity Fund - Direct Plan - Growth (5537291/56),,,65536,31,1,0,150,810000.0,810000.0,,,,
501731,-1,200061,-1,0,CANARA ROBECO LARGE CAP FUND - DIRECT PLAN - GROWTH OPTION (19929909114),,,65536,31,1,0,150,14003.0,14000.0,,,,
501733,-1,200050,-1,0,HDFC Life Insurance Company,,,65536,31,1,0,150,20624.93,20624.93,,,,
501734,-1,200050,-1,0,Mirae Asset NYSE FANG+ ETF,,,65536,31,1,0,150,3208.36,3208.3599999999997,,,,
501737,-1,200050,-1,0,Asian Paints,,,65536,31,1,0,150,20749.17,20749.17,,,,
501738,-1,200050,-1,0,Berger Paints,,,65536,31,1,0,150,23380.99,23380.99,,,,
501747,-1,200050,-1,0,Kotak Mahindra Bank,,,65536,31,1,0,150,55572.009999999995,55572.009999999995,,,,
501754,-1,200061,-1,0,Parag Parikh Flexi Cap Fund - Direct Plan - Growth (11553370),,,65536,31,1,0,150,104197.44,160000.0,,,,
501759,-1,200061,-1,0,quant Multi Cap Fund-Growth Option-Direct Plan (5107432726),,,65536,31,1,0,150,150000.0,150000.0,,,,
501819,-1,200070,-1,0,T Bill 24/11/22,,,65536,31,1,0,150,9606.25,9606.25,,,,
501820,-1,200050,-1,0,ICICI Prudential Life Insurance Company,,,65536,31,1,0,150,5227.74,5227.74,,,,
501821,-1,200095,-1,0,Bajaj Finserv 1,,,65536,31,1,0,150,50000.0,50000.0,,,,
501826,-1,200095,-1,0,HDFC FD SPS 1,,,65536,31,1,0,150,50000.0,50000.0,,,,
501827,-1,200050,-1,0,Titan Company,,,65536,31,1,0,150,7609.85,7609.85,,,,
501828,-1,200050,-1,0,Dr Lal Pathlabs,,,65536,31,1,0,150,6445.17,6445.17,,,,
501836,-1,200050,-1,0,Bajaj Finance,,,65536,31,1,0,150,6569.99,6569.99,,,,
501837,-1,200070,-1,0,772GS2055,,,65536,31,1,0,150,0.0,0.0,,,,
501838,-1,200115,-1,0,6.67 GS 2050,,,65536,31,1,0,150,0.0,0.0,,,,
501839,-1,200115,-1,0,6.10 GS 2031,,,65536,31,1,0,150,0.0,0.0,,,,
501842,-1,200115,-1,0,7.72 GS 2055,,,65536,31,1,0,150,0.0,85023.56,,,,
501895,-1,200050,-1,0,GMM Pfaudler,,,65536,31,1,0,150,104227.5,104227.5,,,,
501896,-1,200115,-1,0,6.65 GS 2035,,,65536,31,1,0,150,0.0,0.0,,,,
501901,-1,200115,-1,0,6.67 GS 2035,,,65536,31,1,0,150,0.0,0.0,,,,
501906,-1,200070,-1,0,364 D T Bill 22-Jun-2023 IN002022Z127,,,65536,31,1,0,150,235324.25,235324.25,,,,
501907,-1,200115,-1,0,7.54 GS 2036,,,65536,31,1,0,150,0.0,0.0,,,,
501921,-1,200050,-1,0,Tata Power Company,,,65536,31,1,0,150,31986.0,31986.0,,,,
501963,-1,200061,-1,0,quant Multi Cap Fund-Growth Option-Direct Plan (51019056414 / 0),,,65536,31,1,0,150,50000.0,50000.0,,,,
501967,-1,200050,-1,0,Greenply Industries,,,65536,31,1,0,150,24558.6,24558.6,,,,
501968,-1,200050,-1,0,Life Insurance Corporation of India (LIC),,,65536,31,1,0,150,314232.65,314232.65,,,,
501980,-1,200050,-1,0,Gail India,,,65536,31,1,0,150,228411.75,228411.75,,,,
501988,-1,200050,-1,0,Arham Technologies,,,65536,31,1,0,150,126000.0,126000.0,,,,
501993,-1,200050,-1,0,Tata Investment Corporation,,,65536,31,1,0,150,4110.5,24260.0,,,,
502095,-1,200061,-1,0,Quant Small Cap Fund-Growth Option-Direct Plan (51019056414 / 0),,,65536,31,1,0,150,42839.68,218453.1,,,,
502123,-1,200050,-1,0,Nippon India ETF Nifty PSU Bank BeES,,,0,31,1,0,150,133800.9,133800.9,,,,
502132,-1,200061,-1,0,Nippon India Large Cap Fund - Direct Plan Growth Plan - Growth Option (499280680933 / 0),,,0,31,1,0,150,25000.0,25000.0,,,,
502134,-1,200061,-1,0,HDFC Flexi Cap Fund -Direct Plan - Growth Option (21787591 / 95),,,65536,31,1,0,150,272500.0,272500.0,,,,
502186,-1,200040,-1,0,Sovereign Gold Bond 2.50% NOV 2029 SR-VII 2021-22 (IN0020210178),,,65536,31,1,0,150,0.0,83858.85,,,,
502187,-1,200040,-1,0,Sovereign Gold Bond 2.50% DEC 2029 SR-VIII 2021-22 (IN0020210228),,,65536,31,1,0,150,0.0,168164.95,,,,
502188,-1,200040,-1,0,Sovereign Gold Bond 2.50% JAN 2029 SR-X 2020-21 (IN0020200385),,,65536,31,1,0,150,0.0,28159.0,,,,
502189,-1,200040,-1,0,Sovereign Gold Bond 2.50% JUN 2029 SR-II 2021-22 (IN0020210061),,,65536,31,1,0,150,0.0,11259.1,,,,
502199,-1,200040,-1,0,Sovereign Gold Bond 2.50% JUNE 2029 SR-III 2021-22 (IN0020210087),,,65536,31,1,0,150,0.0,56359.0,,,,
502200,-1,200040,-1,0,Sovereign Gold Bond 2.50% JUL 2029 SR-IV 2021-22 (IN0020210111),,,65536,31,1,0,150,0.0,95757.0,,,,
502203,-1,200061,-1,0,SBI Contra Fund - Direct Plan - Growth (33176140),,,65536,31,1,0,150,0.0,145141.26,,,,
502209,-1,200062,-1,0,HDFC Liquid Fund -Direct Plan - Growth Option (21787591/95),,,0,31,1,0,150,700000.0,700000.0,,,,
502228,-1,200062,-1,0,Nippon India Liquid Fund - Direct Plan Growth Plan - Growth Option (499282417663 / 0),,,65536,31,1,0,150,400000.00000000006,400000.0,,,,
502241,-1,200062,-1,0,SBI Liquid Fund - DIRECT PLAN -Growth (33176140 / 0),,,0,31,1,0,150,549468.5000000001,550000.0,,,,
502242,-1,200061,-1,0,Nippon India Small Cap Fund - Direct Plan Growth Plan - Growth Option (499282417663 / 0),,,65536,31,1,0,150,0.0,210000.0,,,,
502251,-1,200040,-1,0,Sovereign Gold Bond 2.50% MAY 2029 SR-I 2021-22 (IN0020210053),,,65536,31,1,0,150,0.0,58449.0,,,,
502276,-1,200050,-1,0,Kotyark Industries,,,65536,31,1,0,150,90470.0,90470.0,,,,
502294,-1,200061,-1,0,Nippon India Large Cap Fund - Direct Plan Growth Plan - Growth Option (499282417663 / 0),,,0,31,1,0,150,133618.45,133618.45,,,,
502308,-1,200115,-1,0,7.36 GS 2052,,,65536,31,1,0,150,0.0,0.0,,,,
502371,-1,200050,-1,0,Jaiprakash Power Ventures,,,65536,31,1,0,150,63400.0,63400.0,,,,
502372,-1,200050,-1,0,Wardwizard Innovations & Mobility,,,65536,31,1,0,150,10980.0,10980.0,,,,
502496,-1,200115,-1,0,7.30 GS 2053,,,65536,31,1,0,150,0.0,0.0,,,,
502503,-1,200050,-1,0,Mukand Limited,,,65536,31,1,0,150,24913.0,24913.0,,,,
502576,-1,200050,-1,0,Vascon Engineers,,,65536,31,1,0,150,139337.0,139337.0,,,,
502589,-1,200050,-1,0,OnMobile Global,,,65536,31,1,0,150,123032.0,123032.0,,,,
502610,-1,200050,-1,0,GIC Housing Finance,,,65536,31,1,0,150,27375.8,27375.800000000003,,,,
502611,-1,200050,-1,0,IndusInd Bank,,,65536,31,1,0,150,28522.5,28522.499999999996,,,,
502612,-1,200050,-1,0,AXIS Bank,,,65536,31,1,0,150,21265.1,21265.100000000002,,,,
502613,-1,200050,-1,0,Power Finance Corporation,,,65536,31,1,0,150,23404.7,23404.699999999997,,,,
502614,-1,200050,-1,0,REC Ltd,,,0,31,1,0,150,28491.949999999997,28491.950000000004,,,,
502615,-1,200050,-1,0,PTC India Financial Services,,,65536,31,1,0,150,26203.9,26203.9,,,,
502616,-1,200050,-1,0,CARE Ratings,,,65536,31,1,0,150,22805.8,22805.8,,,,
502617,-1,200050,-1,0,RBL Bank,,,65536,31,1,0,150,32698.2,32698.2,,,,
502618,-1,200050,-1,0,Housing & Urban Development Corporation,,,65536,31,1,0,150,17406.9,17406.899999999998,,,,
502619,-1,200050,-1,0,Indian Railway Finance Corporation,,,0,31,1,0,150,80970.9,80970.9,,,,
502628,-1,200062,-1,0,Axis Liquid Fund - Direct Plan - Growth Option (910177046125 / 0),,,65536,31,1,0,150,120000.0,120000.0,,,,
502634,-1,200050,-1,0,Bharat Electronics,,,0,31,1,0,150,54895.15,123180.75,,,,
502635,-1,200050,-1,0,IRCON International,,,0,31,1,0,150,68483.35,68483.35,,,,
502636,-1,200050,-1,0,Rites Ltd,,,0,31,1,0,150,74591.55,74591.54999999999,,,,
502637,-1,200050,-1,0,RailTel Corporation of India,,,0,31,1,0,150,65626.6,65626.6,,,,
502653,-1,200061,-1,0,quant Large Cap Fund - Growth Option - Direct Plan (51019056414 / 0),,,0,31,1,0,150,100000.0,100000.0,,,,
502657,-1,200050,-1,0,Reliance Infrastructure,,,65536,31,1,0,150,154783.0,154783.0,,,,
502669,-1,200062,-1,0,Kotak Debt Hybrid - Growth - Direct (14214659 / 36),,,65536,31,1,0,150,0.0,375000.0,,,,
502670,-1,200062,-1,0,Kotak Debt Hybrid - Growth - Direct (14220612 / 25),,,65536,31,1,0,150,0.0,100000.0,,,,
502675,-1,200050,-1,0,Emami Limited,,,65536,31,1,0,150,92350.0,92350.0,,,,
502676,-1,200050,-1,0,Wipro Limited,,,65536,31,1,0,150,13126.25,13126.25,,,,
502677,-1,200050,-1,0,Concord Biotech,,,0,31,1,0,150,56372.0,56372.0,,,,
502678,-1,200062,-1,0,Parag Parikh Conservative Hybrid Fund - Direct Plan - Growth (11553370),,,65536,31,1,0,150,0.0,275000.0,,,,
502679,-1,200050,-1,0,Vaibhav Global,,,65536,31,1,0,150,43275.0,43275.0,,,,
502680,-1,200062,-1,0,Mirae Asset Arbitrage Fund Direct Growth (79972502376),,,65536,31,1,0,150,500000.0,500000.0,,,,
502681,-1,200062,-1,0,Quant Liquid Plan-Growth Option-Direct Plan (51019056414 / 0),,,65536,31,1,0,150,100000.00000000001,100000.0,,,,
502692,-1,200050,-1,0,Shakti Pumps,,,0,31,1,0,150,136575.0,136575.0,,,,
502695,-1,200050,-1,0,Jio Financial Services,,,65536,31,1,0,150,215740.5,411373.15,,,,
502697,-1,200061,-1,0,Quant Infrastructure Fund - Growth Option-Direct Plan (51019056414 / 0),,,65536,31,1,0,150,48000.0,48000.0,,,,
502705,-1,200061,-1,0,Motilal Oswal Midcap Fund-Direct Plan-Growth Option (91049521142 / 0),,,65536,31,1,0,150,0.0,495000.0,,,,
502732,-1,200061,-1,0,HDFC Balanced Advantage Fund -Direct Plan - Growth Option (21787591 / 95),,,65536,31,1,0,150,0.0,465000.0,,,,
502733,-1,200062,-1,0,Tata Liquid Fund- Direct Plan-Growth (10783908 / 07),,,0,31,1,0,150,208456.34,210000.0,,,,
502736,-1,200050,-1,0,LIC Housing Finance,,,65536,31,1,0,150,25763.25,25763.25,,,,
502737,-1,200050,-1,0,CMS Info Systems,,,65536,31,1,0,150,24449.35,24449.35,,,,
502808,-1,200061,-1,0,SBI Contra Fund - Direct Plan - Growth (38967944),,,65536,31,1,0,150,0.0,0.0,,,,
502814,-1,200050,-1,0,Bhilwara Technical Textiles,,,65536,31,1,0,150,0.0,31200.0,,,,
502815,-1,200050,-1,0,Skipper,,,65536,31,1,0,150,0.0,108362.0,,,,
502816,-1,200050,-1,0,Tarc,,,65536,31,1,0,150,0.0,19405.0,,,,
502846,-1,200061,-1,0,quant PSU Fund - Growth Option - Direct Plan (51019056414 / 0),,,65536,31,1,0,150,2500.0,2500.0,,,,
502847,-1,200050,-1,0,The Ramco Cements,,,0,31,1,0,150,39512.5,39512.5,,,,
502849,-1,200050,-1,0,Transport Corporation of India,,,0,31,1,0,150,58301.1,58301.100000000006,,,,
502850,-1,200050,-1,0,Allcargo Logistics,,,0,31,1,0,150,58377.45,58377.450000000004,,,,
502851,-1,200050,-1,0,H.G. Infra Engineering,,,0,31,1,0,150,58082.3,58082.299999999996,,,,
502852,-1,200050,-1,0,Gateway Distriparks,,,0,31,1,0,150,58428.25,58428.25,,,,
502855,-1,200050,-1,0,Can Fin Homes,,,65536,31,1,0,150,20142.0,20142.0,,,,
502856,-1,200050,-1,0,Repco Home Finance,,,65536,31,1,0,150,20314.9,20314.9,,,,
502857,-1,200050,-1,0,PNB Housing Finance,,,65536,31,1,0,150,20628.0,20628.0,,,,
502858,-1,200061,-1,0,JM Flexicap Fund (Direct) - Growth Option (79915138162 / 0),,,0,31,1,0,150,405999.98,405999.98,,,,
502865,-1,200061,-1,0,ICICI Prudential Dividend Yield Equity Fund Direct Plan Growth Option (34838122 / 30),,,65536,31,1,0,150,0.0,0.0,,,,
502866,-1,200061,-1,0,BANK OF INDIA Flexi Cap Fund Direct Plan -Growth (9109048562 / 0),,,65536,31,1,0,150,320000.0,320000.0,,,,
502894,-1,200040,-1,0,G-Sec 7.54% GS 2036 (ISIN IN0020220029),,,65536,31,1,0,150,0.0,1091183.96,,,,
502895,-1,200040,-1,0,G-Sec 6.10% GS 2031 (ISIN IN0020210095),,,65536,31,1,0,150,0.0,47724.44,,,,
502896,-1,200040,-1,0,G-Sec 6.67% GS 2050 (ISIN IN0020200252),,,65536,31,1,0,150,0.0,93951.228,,,,
502897,-1,200040,-1,0,G-Sec 7.30% GS 2053 (ISIN IN0020230051),,,65536,31,1,0,150,0.0,998000.0,,,,
502898,-1,200040,-1,0,G-Sec 7.36% GS 2052 (ISIN IN0020220086),,,65536,31,1,0,150,0.0,1013800.0,,,,
502899,-1,200040,-1,0,G-Sec 6.67% GS 2035 (ISIN IN0020210152),,,65536,31,1,0,150,0.0,286500.0,,,,
502905,-1,200050,-1,0,Bajaj Housing Finance,,,65536,31,1,0,150,209720.0,209720.0,,,,
502920,-1,200050,-1,0,Jaykay Enterprises,,,65536,31,1,0,150,65950.0,65950.0,,,,
502927,-1,200061,-1,0,Motilal Oswal Nifty 500 Momentum 50 Index Fund-Direct Plan-Growth (91049521142 / 0),,,65536,31,1,0,150,0.0,530000.0,,,,
502933,-1,200050,-1,0,Infosys,,,0,31,1,0,150,9651.5,9651.5,,,,
502934,-1,200050,-1,0,Sanghvi Movers,,,0,31,1,0,150,6349.2,6349.2,,,,
502935,-1,200050,-1,0,Ahluwalia Contracts,,,0,31,1,0,150,6930.3,6930.3,,,,
502936,-1,200050,-1,0,Quess Corp,,,0,31,1,0,150,7347.2,7347.2,,,,
502937,-1,200050,-1,0,Ajmera Realty & Infra India,,,0,31,1,0,150,60324.0,60324.0,,,,
502939,-1,200061,-1,0,Edelweiss Nifty500 Multicap Momentum Quality 50 Index Fund - Direct - Growth (91027880641 / 0),,,0,31,1,0,150,388713.77,650000.0,,,,
502940,-1,200050,-1,0,Vodafone Idea,,,0,31,1,0,150,0.0,24834.0,,,,
502942,-1,200050,-1,0,Laurus Labs,,,0,31,1,0,150,39552.5,39552.5,,,,
502947,-1,200050,-1,0,Bondada Engineering,,,65536,31,1,0,150,130000.0,130000.0,,,,
502953,-1,200050,-1,0,Protean eGov Technologies,,,65536,31,1,0,150,179641.75,179641.75,,,,
502959,-1,200050,-1,0,Indian Oil Corporation,,,0,31,1,0,150,30972.5,30972.5,,,,
502960,-1,200050,-1,0,Unimech Aerospace and Manufacturing,,,65536,31,1,0,150,125498.15,125498.15,,,,
502961,-1,200050,-1,0,Integra Essentia,,,65536,31,1,0,150,0.0,6280.0,,,,
502964,-1,200062,-1,0,Edelweiss Arbitrage Fund- Direct Plan- Growth Option (91027880641 / 0),,,0,31,1,0,150,278527.12,300000.0,,,,
502968,-1,200062,-1,0,ICICI Prudential Multi-Asset Fund - Direct Plan - Growth (38034478 / 91),,,0,31,1,0,150,0.0,472000.0,,,,
502982,-1,200061,-1,0,Edelweiss Nifty Midcap150 Momentum 50 Index Fund - Direct Plan - Growth (91027880641 / 0),,,0,31,1,0,150,0.0,327000.0,,,,
502984,-1,200061,-1,0,Motilal Oswal Flexi cap Fund Direct Plan-Growth Option (9105363746 / 0),,,65536,31,1,0,150,0.0,208000.0,,,,
502985,-1,200061,-1,0,Motilal Oswal Flexi cap Fund Direct Plan-Growth Option (91049521142 / 0),,,65536,31,1,0,150,0.0,144000.0,,,,
502988,-1,200061,-1,0,DSP India T.I.G.E.R. Fund - Direct Plan - Growth (5537291 / 56),,,65536,31,1,0,150,0.0,90000.0,,,,
502989,-1,200061,-1,0,Motilal Oswal Nifty 500 Momentum 50 Index Fund-Direct Plan-Growth (9105363746 / 0),,,65536,31,1,0,150,0.0,106000.0,,,,
502993,-1,200062,-1,0,DSP Gilt Fund - Direct Plan - Growth (5537291 / 56),,,0,31,1,0,150,0.0,300000.0,,,,
503013,-1,200050,-1,0,Wendt India,,,0,31,1,0,150,92785.0,92785.0,,,,
503014,-1,200061,-1,0,BANDHAN Arbitrage Fund-Direct Plan- Growth (6341159 / 66),,,0,31,1,0,150,35000.34999999999,0.0,,,,
503018,-1,200050,-1,0,John Cockerill India,,,0,31,1,0,150,74164.5,74164.5,,,,
503019,-1,200050,-1,0,Nippon India Silver ETF,,,0,31,1,0,150,80734.4,250498.1,,,,
503020,-1,200061,-1,0,BANDHAN SMALL CAP FUND - DIRECT PLAN GROWTH (6364315 / 50),,,0,31,1,0,150,240000.0,240000.0,,,,
503021,-1,200061,-1,0,BANDHAN SMALL CAP FUND - DIRECT PLAN GROWTH (6341159 / 66),,,0,31,1,0,150,0.0,35000.0,,,,
503022,-1,200050,-1,0,Sadhana Nitrochem,,,0,31,1,0,150,24885.0,24885.0,,,,
503023,-1,200050,-1,0,ACS Technologies,,,0,31,1,0,150,0.0,88900.0,,,,
503024,-1,200050,-1,0,Sammaan Capital,,,0,31,1,0,150,102687.5,102687.5,,,,
503025,-1,200050,-1,0,Digitide Solutions,,,0,31,1,0,150,2486.55,0.0,,,,
503026,-1,200050,-1,0,Bluspring Enterprises,,,0,31,1,0,150,886.3,0.0,,,,
503027,-1,200062,-1,0,DSP Multi Asset Allocation Fund - Direct - Growth (10331828/90),,,0,31,1,0,150,0.0,75000.0,,,,
503028,-1,200061,-1,0,Invesco India Flexi Cap Fund - Direct Plan - Growth (31033176971 / 0),,,0,31,1,0,150,250000.0,250000.0,,,,
503032,-1,200050,-1,0,Cemindia Projects,,,0,31,1,0,150,101000.0,101000.0,,,,
503037,-1,200061,-1,0,BANDHAN Arbitrage Fund-Direct Plan- Growth (6364315 / 50),,,0,31,1,0,150,200000.0,200000.0,,,,
503039,-1,200062,-1,0,ICICI Prudential Multi-Asset Fund - Direct Plan - Growth (39319480),,,0,31,1,0,150,0.0,60000.0,,,,
503040,-1,200062,-1,0,DSP Multi Asset Allocation Fund - Direct - Growth (10339800/36),,,0,31,1,0,150,0.0,50000.0,,,,
503045,-1,200050,-1,0,Navneet Education,,,0,31,1,0,150,36041.7,36041.7,,,,
503046,-1,200050,-1,0,Tourism Finance Corporation,,,0,31,1,0,150,36375.0,36375.0,,,,
503047,-1,200050,-1,0,Arisinfra Solutions,,,0,31,1,0,150,36179.0,36179.0,,,,
503052,-1,200050,-1,0,LG Electronics India,,,0,31,1,0,150,207480.0,207480.0,,,,
503053,-1,200050,-1,0,Aegis Vopak Terminals,,,0,31,1,0,150,99848.05,99848.05,,,,
503064,-1,200050,-1,0,ICICI Prudential Asset Management Company,,,0,31,1,0,150,207840.0,207840.0,,,,
503069,-1,200050,-1,0,Hindustan Zinc,,,0,31,1,0,150,0.0,40708.75,,,,
503072,-1,200050,-1,0,Mirae Asset Nifty Metal ETF,,,0,31,1,0,150,0.0,30460.0,,,,
503112,-1,200061,-1,0,Edelweiss Nifty Midcap150 Momentum 50 Index Fund - Direct Plan - Growth (91046232461 / 0),,,0,31,1,0,150,0.0,75000.0,,,,
503113,-1,200061,-1,0,Mirae Asset Nifty MidSmallcap400 Momentum Quality 100 ETF Fund of Fund - Direct Plan - Growth (79988087324 / 0),,,0,31,1,0,150,0.0,215000.0,,,,
503114,-1,200061,-1,0,Kotak Nifty Alpha 50 Index Fund - Direct Plan - Growth (18819101),,,0,31,1,0,150,0.0,215000.0,,,,
500385,-1,200061,-1,0,Nippon India Tax Saver Fund - Direct Plan Growth Plan - Growth Option (404145658506 / 0),,,65536,31,1,0,150,0.0,0.0,,,,
500392,-1,200061,-1,0,HDFC Mid Cap Fund - Growth Option - Direct Plan (7620102 / 72),,,65536,31,1,0,150,0.0,0.0,,,,
500393,-1,200061,-1,0,Nippon India Tax Saver (ELSS) Fund-Growth Plan-Growth Option (404145658506 / 0),,,65536,31,1,0,150,0.0,0.0,,,,
500394,-1,200061,-1,0,HDFC Flexi Cap Fund - Growth Option (2368368 / 49),,,65536,31,1,0,150,0.0,0.0,,,,
500395,-1,200062,-1,0,HDFC Gilt Fund - Growth Option - Direct Plan (7620102 / 72),,,65536,31,1,0,150,150000.0,150000.0,,,,
500396,-1,200061,-1,0,Nippon India Growth Mid Cap Fund-Growth Plan-Growth Option (40431693475 / 0),,,65536,31,1,0,150,0.0,0.0,,,,
500410,-1,200061,-1,0,L&T Flexicap Fund-Regular Plan-Growth (195707 / 20),,,65536,31,1,0,150,0.0,0.0,,,,
500411,-1,200061,-1,0,Reliance Infrastructure Fund -Growth Option (48397209185 / 0),,,65536,31,1,0,150,0.0,0.0,,,,
500412,-1,200061,-1,0,HDFC ELSS Tax saver - Growth Plan (7620102 / 72),,,65536,31,1,0,150,0.0,0.0,,,,
500413,-1,200061,-1,0,HDFC Long Term Advantage Fund - Growth Option (7620102 / 72),,,65536,31,1,0,150,0.0,0.0,,,,
500414,-1,200061,-1,0,Nippon India Power & Infra Fund-Growth Plan -Growth Option (48397209185 / 0),,,65536,31,1,0,150,0.0,0.0,,,,
500417,-1,200061,-1,0,Nippon India Focused Fund - Direct Plan Growth Plan - Growth Option (404145658506 / 0),,,65536,31,1,0,150,0.0,0.0,,,,
500424,-1,200061,-1,0,L&T Flexicap Fund-Direct Plan-Growth (2549100),,,65536,31,1,0,150,0.0,0.0,,,,
500425,-1,200061,-1,0,SBI Contra Fund - Direct Plan - Growth (7551598),,,65536,31,1,0,150,0.0,0.0,,,,
500468,-1,200061,-1,0,L&T Flexicap Fund-Direct Plan-IDCW (195792),,,65536,31,1,0,150,0.0,0.0,,,,
500469,-1,200061,-1,0,Franklin India Large & Mid Cap Fund - Direct - Growth (14318149),,,65536,31,1,0,150,0.0,0.0,,,,
500649,-1,200061,-1,0,Axis ELSS Tax Saver Fund - Direct Plan - Growth Option (91022840686 / 0),,,65536,31,1,0,150,150000.0,150000.0,,,,
500701,-1,200062,-1,0,ICICI Prudential Liquid Fund - Direct Plan - Growth (8360155 / 49),,,65536,31,1,0,150,43760.94,43760.94,,,,
500722,-1,200062,-1,0,SBI Liquid Fund - DIRECT PLAN -Growth (15864532),,,65536,31,1,0,150,0.0,0.0,,,,
500723,-1,200062,-1,0,HDFC Hybrid Debt Fund -Direct Plan - Growth Option (7620102 / 72),,,65536,31,1,0,150,55000.0,55000.0,,,,
500745,-1,200062,-1,0,HDFC Liquid Fund -Direct Plan - Growth Option (7620102 / 72),,,65536,31,1,0,150,0.0,0.0,,,,
500746,-1,200061,-1,0,Aditya Birla Sun Life Small Cap Fund - Growth - Direct Plan (1018033152),,,65536,31,1,0,150,0.0,0.0,,,,
500815,-1,200061,-1,0,Motilal Oswal ELSS Tax Saver Fund - Direct Plan - Growth Option (9105363746 / 0),,,65536,31,1,0,150,0.0,0.0,,,,
500846,-1,200061,-1,0,HSBC Infrastructure Fund - Direct Growth (2549100 / 83),,,65536,31,1,0,150,0.0,0.0,,,,
500849,-1,200061,-1,0,ICICI Prudential Equity Savings Fund - Direct Plan - Cumulative option (8360155 / 49),,,65536,31,1,0,150,0.0,0.0,,,,
500850,-1,200061,-1,0,ICICI Prudential Banking and Financial Services Fund - Direct Plan -  Growth (8360155 / 49),,,65536,31,1,0,150,86000.0,86000.0,,,,
500852,-1,200061,-1,0,ICICI Prudential Equity & Debt Fund - Direct Plan - Growth (8360155 / 49),,,65536,31,1,0,150,274000.0,274000.0,,,,
500856,-1,200061,-1,0,Motilal Oswal Flexi cap Fund Direct Plan-Growth Option (9105363746 / 0),,,65536,31,1,0,150,0.0,0.0,,,,
500857,-1,200061,-1,0,Motilal Oswal Midcap Fund-Direct Plan-Growth Option (9105363746 / 0),,,65536,31,1,0,150,0.0,0.0,,,,
500861,-1,200061,-1,0,ICICI Prudential Equity Savings Fund - Direct Plan - Cumulative option (10012637 / 79),,,65536,31,1,0,150,0.0,0.0,,,,
500897,-1,200061,-1,0,HDFC Equity Savings Fund -Direct Plan - Growth Option (7620102 / 72),,,65536,31,1,0,150,0.0,0.0,,,,
500930,-1,200061,-1,0,HDFC Housing Opportunities Fund - Growth Option - Direct Plan (13069359 / 02),,,65536,31,1,0,150,0.0,0.0,,,,
500953,-1,200061,-1,0,BANDHAN ELSS Tax Saver Fund - Direct Plan - Growth (2232676 / 16),,,65536,31,1,0,150,0.0,0.0,,,,
500960,-1,200061,-1,0,SBI Contra Fund - Regular Plan - Growth (5993747),,,65536,31,1,0,150,0.0,0.0,,,,
500962,-1,200061,-1,0,SBI Contra Fund - Regular Plan - Growth (7551598),,,65536,31,1,0,150,0.0,0.0,,,,
500994,-1,200061,-1,0,Motilal Oswal Flexi cap Fund Direct Plan-Growth Option (9106398845 / 0),,,65536,31,1,0,150,0.0,0.0,,,,
501034,-1,200062,-1,0,DSP Liquidity Fund - Direct Plan - Growth (5537291 / 56),,,65536,31,1,0,150,401412.53,401412.53,,,,
501035,-1,200062,-1,0,DSP Liquidity Fund - Direct Plan - Growth (5548050 / 80),,,65536,31,1,0,150,305053.38,305053.38,,,,
501060,-1,200062,-1,0,Nippon India Liquid Fund - Direct Plan Growth Plan - Growth Option (488207335026 / 0),,,65536,31,1,0,150,50000.0,50000.0,,,,
501083,-1,200062,-1,0,Aditya Birla Sun Life Liquid Fund - Growth - Direct Plan (1038388967),,,65536,31,1,0,150,700000.0,700000.0,,,,
501094,-1,200061,-1,0,HDFC Small Cap Fund - Direct Growth Plan (13069359 / 02),,,65536,31,1,0,150,50000.0,50000.0,,,,
501095,-1,200062,-1,0,Aditya Birla Sun Life Liquid Fund - Growth - Direct Plan (1037935937),,,65536,31,1,0,150,0.0,0.0,,,,
501345,-1,200062,-1,0,Kotak Liquid - Growth - Direct (6004580 / 33),,,65536,31,1,0,150,100000.0,100000.0,,,,
501353,-1,200061,-1,0,Nippon India Small Cap Fund - Direct Plan Growth Plan - Growth Option (488207335026),,,65536,31,1,0,150,20000.0,20000.0,,,,
501354,-1,200062,-1,0,Axis Liquid Fund - Direct Plan - Growth Option (91055257315),,,65536,31,1,0,150,100000.0,100000.0,,,,
501366,-1,200062,-1,0,ICICI Prudential Ultra Short Term Fund - Direct Plan - Growth (8360155 / 49),,,65536,31,1,0,150,144486.21,144486.21,,,,
501372,-1,200062,-1,0,Aditya Birla Sun Life Savings Fund - Growth - Direct Plan (1038388967),,,65536,31,1,0,150,1126011.17,1126011.17,,,,
501373,-1,200062,-1,0,ICICI Prudential Ultra Short Term Fund - Direct Plan - Growth (10012637 / 79),,,65536,31,1,0,150,750000.0,750000.0,,,,
501376,-1,200061,-1,0,Mirae Asset Large & Midcap Fund - Direct Plan - Growth (79918665556 / 0),,,65536,31,1,0,150,75000.0,75000.0,,,,
501388,-1,200062,-1,0,Franklin India Ultra Short Bond Fund - Super Institutional Plan Direct - Growth (22175495),,,65536,31,1,0,150,250000.0,250000.0,,,,
501472,-1,200061,-1,0,Axis Midcap Fund - Direct Plan - Growth (91055257315),,,65536,31,1,0,150,15000.0,15000.0,,,,
501536,-1,200062,-1,0,Franklin India Ultra Short Bond Fund- Super Institutional Plan-Segregated Portfolio 1- 8.25 Vodafone Idea Ltd-10JUL20-Direct Daily Dividend Option (22175495),,,65536,31,1,0,150,0.0,0.0,,,,
501559,-1,200062,-1,0,Bandhan Medium Duration Fund - Direct Plan - Growth (2232676/16),,,65536,31,1,0,150,0.0,0.0,,,,
501572,-1,200062,-1,0,ICICI Prudential Long Term Bond Fund - Direct Plan - Growth (10012637/79),,,65536,31,1,0,150,599970.0,599970.0,,,,
501574,-1,200062,-1,0,Kotak Bond - Growth - Direct (7672003/54),,,65536,31,1,0,150,0.0,0.0,,,,
501586,-1,200062,-1,0,Kotak Corporate Bond Fund- Direct Plan- Growth Option (6004580/33),,,65536,31,1,0,150,0.0,0.0,,,,
501587,-1,200062,-1,0,Kotak Bond - Growth - Direct (6004580/33),,,65536,31,1,0,150,0.0,0.0,,,,
501634,-1,200061,-1,0,Parag Parikh Flexi Cap Fund - Direct Plan - Growth (10926853),,,65536,31,1,0,150,0.0,0.0,,,,
501621,-1,200050,-1,0,Bank Of Baroda,,,65536,31,1,0,150,0.0,0.0,,,,
501622,-1,200050,-1,0,Bank of India,,,65536,31,1,0,150,0.0,0.0,,,,
501623,-1,200050,-1,0,Bank of maharashtra,,,65536,31,1,0,150,0.0,0.0,,,,
501624,-1,200050,-1,0,Canara Bank,,,65536,31,1,0,150,0.0,0.0,,,,
501625,-1,200050,-1,0,Punjab National Bank,,,65536,31,1,0,150,0.0,0.0,,,,
501626,-1,200050,-1,0,State Bank Of India,,,65536,31,1,0,150,0.0,0.0,,,,
501627,-1,200050,-1,0,Union Bank of India,,,65536,31,1,0,150,0.0,0.0,,,,
1,-5,0,-5,1,Liabilities,1,,65536,62,1,,250,0.0,0.0,,,,
2,-5,0,-5,1,Assets,2,,65536,62,1,,150,0.0,0.0,,,,
45,-5,2,-5,1,Fixed Asset,1,,65536,62,1,,150,0.0,0.0,,,,
50,-5,2,-5,1,Investments,5,,65536,62,1,,150,0.0,0.0,,,,
55,-5,2,-5,1,Current Assets,10,,65536,62,1,,150,0.0,0.0,,,,
60,-5,55,-5,1,Banks,1,All Bank Accounts,65536,62,1,,40,0.0,0.0,,,,
64,-5,1,-5,1,Capital Account,1,,65536,62,1,,250,0.0,0.0,,,,
65,-5,1,-5,1,Current Liabilities,65,,65536,62,1,,250,0.0,0.0,,,,
70,-5,55,-5,1,Loans and Advances (Asset),7,,65536,62,1,,125,0.0,0.0,,,,
75,-5,65,-5,1,Sundry Creditors,5,,65536,62,1,,275,0.0,0.0,,,,
85,-5,65,-5,1,Loans (Liability),1,,65536,62,1,,275,0.0,0.0,,,,
90,-5,55,-5,1,Sundry Debtors,10,,65536,62,1,,125,0.0,0.0,,,,
150,-5,1,-5,1,Profit & Loss,1000,Excess of Income over Expenditure,65536,62,1,,250,0.0,0.0,,,,
155,-5,150,-5,1,Income,1,,65536,62,1,,280,0.0,0.0,,,,
160,-5,150,-5,1,Expenses,5,,65536,62,1,,290,0.0,0.0,,,,
170,-5,160,-5,1,STT,100,Security Transaction Tax,65536,62,1,,290,0.0,0.0,<null>,,,
171,-5,160,-5,1,Tax & Charges - Stocks,100,"Stock - Tax and Charges Expenses for Tally
",65536,62,1,,290,0.0,0.0,<null>,,,
175,-5,160,-5,1,Share Transaction Charges,100,Total of all Charges in Contract Note,65536,62,1,,290,0.0,0.0,,,,
180,-5,155,-5,1,Capital Gains,100,,65536,62,1,,290,0.0,0.0,<null>,,,
205,-5,55,-5,0,Cash on Hand,0,,0,62,1,,50,45000.0,90000.0,,,,
210,-5,55,-5,0,Unassigned Bank/Ledger,0,Possible banking transactions where bank is not known,0,62,1,,40,250000.0,0.0,,,,
215,-5,75,-5,0,Unassigned Broker,0,Transactions with brokers where broker is not known,65536,62,1,,275,0.0,0.0,,,,
220,-5,155,-5,0,Suspense Account,0,Transactions where account is not known,65536,62,1,,280,0.0,0.0,<null>,,,
230,-5,64,-5,0,Capital Account,0,,0,62,1,,250,813783.4199999999,114213.88,,,,
235,-5,55,-5,0,TDS,0,,0,62,1,,150,32866.88,33496.880000000005,,,,
237,-5,55,-5,0,Asset Switch / Renewal / Demerger,0,Holds switch in and switch out journal entries,0,62,1,,150,407784.89999999997,407784.89999999997,,,,
240,-5,1,-5,0,Difference in Opening Balances,0,This is auto calculated ledger,65536,62,1,,250,0.0,0.0,,,,
401,-5,155,-5,0,Interest on Investment,0,,65536,62,1,,280,0.0,0.0,,,,
402,-5,55,-5,0,Interest Receivable,0,,65536,62,1,,280,0.0,0.0,,,,
405,-5,155,-5,0,Interest Tax Free,0,,65536,62,1,,280,0.0,0.0,,,,
407,-5,155,-5,0,Interest On Saving Account,0,,0,62,1,,280,5599.0,2573.0,,,,
410,-5,155,-5,0,Rent Income,0,,65536,62,1,,280,0.0,0.0,,,,
415,-5,155,-5,0,Dividend,0,,65536,62,1,,280,0.0,0.0,,,,
416,-5,55,-5,0,Dividend Receivable,0,,65536,62,1,,280,0.0,0.0,,,,
420,-5,155,-5,0,Salary,0,,65536,62,1,,280,0.0,0.0,,,,
425,-5,155,-5,0,Other Income,0,,65536,62,1,,280,0.0,0.0,,,,
427,-5,155,-5,0,Misc. Gain/Loss,0,,65536,62,1,,280,0.0,0.0,,,,
455,-5,180,-5,0,Intra-day/Trading Profit/Loss,0,,65536,62,1,,280,0.0,0.0,,,,
460,-5,180,-5,0,Short Term Gain (Equity),0,,0,62,1,,280,138.34,0.0,,,,
465,-5,180,-5,0,Long Term Gain (Equity),0,,65536,62,1,,280,0.0,0.0,,,,
470,-5,180,-5,0,Short Term Gain (Debt),0,,0,62,1,,280,7647.059999999996,530.15,,,,
475,-5,180,-5,0,Long Term Gain (Debt),0,,65536,62,1,,280,0.0,0.0,,,,
480,-5,155,-5,0,F & O Trading Gain/Loss,0,,65536,62,1,,280,0.0,0.0,,,,
485,-5,180,-5,0,Long Term Gain (Bonds),0,,65536,62,1,,280,0.0,0.0,,,,
490,-5,180,-5,0,Short Term Gain (Bonds),0,,65536,62,1,,280,0.0,0.0,,,,
492,-5,180,-5,0,Long Term Gain (InvIT/REIT),0,,65536,62,1,,280,0.0,0.0,,,,
494,-5,180,-5,0,Short Term Gain (InvIT/REIT),0,,65536,62,1,,280,0.0,0.0,,,,
600,-5,160,-5,0,Credit Card Expense,0,,65536,62,1,,290,0.0,0.0,,,,
603,-5,160,-5,0,Telephone Expense,0,,65536,62,1,,290,0.0,0.0,,,,
605,-5,160,-5,0,Electricity Expense,0,,65536,62,1,,290,0.0,0.0,,,,
607,-5,160,-5,0,Admin & Other Charges,0,,65536,62,1,,290,0.0,0.0,,,,
610,-5,160,-5,0,Rent Expense,0,,65536,62,1,,290,0.0,0.0,,,,
614,-5,160,-5,0,Interest on Loan,0,,65536,62,1,,290,0.0,0.0,,,,
615,-5,160,-5,0,Bank Charges,0,,65536,62,1,,290,0.0,0.0,,,,
620,-5,160,-5,0,Donation and Charity,0,,65536,62,1,,290,0.0,0.0,,,,
621,-5,160,-5,0,Household Expense,0,,0,62,1,,290,7.0,0.0,,,,
625,-5,160,-5,0,Courier & Postage,0,,65536,62,1,,290,0.0,0.0,,,,
630,-5,160,-5,0,Legal & Professional Fees,0,,65536,62,1,,290,0.0,0.0,,,,
635,-5,160,-5,0,Insurance Premium,0,,0,62,1,,290,67741.0,67741.0,,,,
640,-5,160,-5,0,Children Education Expense,0,,65536,62,1,,290,0.0,0.0,,,,
645,-5,160,-5,0,Society Maintenance Charges,0,,65536,62,1,,290,0.0,0.0,,,,
646,-5,160,-5,0,Loan Charges,0,,65536,62,1,,290,0.0,0.0,,,,
650,-5,170,-5,0,STT - Equity,0,,65536,62,1,,290,0.0,0.0,,,,
651,-5,171,-5,0,GST - Equity,0,,65536,62,1,,290,0.0,0.0,,,,
652,-1,171,-5,0,Trans. Charges - Equity(T),0,,65536,62,1,,290,0.0,0.0,,,,
653,-5,171,-5,0,Stamp Charges - Equity,0,,65536,62,1,,290,0.0,0.0,,,,
654,-5,171,-5,0,Other Charges - Equity,0,,65536,62,1,,290,0.0,0.0,,,,
655,-5,170,-5,0,STT - MFs,0,,0,62,1,,290,0.0,0.5,,,,
660,-5,170,-5,0,STT - F & O,0,,65536,62,1,,290,0.0,0.0,,,,
665,-5,175,-5,0,Trans. Charges - Equity,0,,65536,62,1,,290,0.0,0.0,,,,
670,-5,175,-5,0,Trans. Charges - F & O,0,,65536,62,1,,290,0.0,0.0,,,,
21,-2,155,-5,0,Gift,0,,65536,62,1,0,280,0.0,0.0,,,,
52,-2,2,-5,0,Jewellery,0,,65536,62,1,0,150,0.0,0.0,,,,
58,-2,155,-5,0,Interest on FD,0,,65536,62,1,0,280,0.0,0.0,,,,
72,-2,2,-5,0,Dharampur House Deposit,0,,65536,62,1,0,150,0.0,0.0,,,,
92,-2,160,-5,0,Mediclaim,0,,0,62,1,0,290,13606.0,29710.0,,,,
103,-2,1,-5,0,Krisha Shah,0,,65536,62,1,0,250,0.0,0.0,,,,
111,-2,55,-5,0,Accrued Interest,0,,65536,62,1,0,150,0.0,0.0,,,,
117,-2,90,-5,0,RBI Retail Direct,0,,65536,62,1,0,125,0.0,0.0,,,,
121,-2,55,-5,0,Accounts Receivable,0,,65536,62,1,0,150,0.0,0.0,,,,
123,-2,55,-5,0,TDS,0,,65536,62,1,0,150,0.0,0.0,,,,
130,-2,1,-5,0,Arjin Shah,0,,65536,62,1,0,250,0.0,0.0,,,,
134,-2,60,-5,0,Kotak Bank (A/c No. - 7349494996),0,,0,62,1,0,40,2043821.0,2275543.390000001,,,,
135,-2,2,-5,0,Crescendo Finserv,0,,0,62,1,0,150,419300.0,361592.53,,,,
136,-2,155,-5,0,Income from Crescendo Finserv,0,,0,62,1,0,280,256592.53,256592.53,,,,
138,-2,1,-5,0,Saahil Shah HUF,0,,65536,62,1,0,250,0.0,0.0,,,,
139,-2,1,-5,0,Saahil Shah,0,,0,62,1,0,250,634000.0,634000.0,,,,
145,-2,155,-5,0,Brokerage Income,0,,0,62,1,0,280,1175134.2699999993,579457.74,,,,
148,-2,1,-5,0,Unnati Shah,0,,0,62,1,0,250,75000.0,75000.0,,,,
151,-2,2,-5,0,Canara HSBC Life Insurance,0,,65536,62,1,0,150,0.0,0.0,,,,
155,-2,90,-5,0,Dhan,0,,65536,62,1,0,125,0.0,0.0,,,,
100004,-1,75,-5,0,Direct,,,65536,62,1,0,276,0.0,0.0,,,,
100003,-1,75,-5,0,KARVY,,,65536,62,1,0,276,0.0,0.0,,,,
100006,-1,75,-5,0,Kotak Securities Ltd,,,65536,62,1,0,276,0.0,0.0,,,,
100008,-1,75,-5,0,MStock,,,65536,62,1,0,276,0.0,0.0,,,,
100001,-1,75,-5,0,R K Global,,,65536,62,1,0,276,0.0,0.0,,,,
100009,-1,75,-5,0,Raise Securities,,,65536,62,1,0,276,0.0,0.0,,,,
100002,-1,75,-5,0,RKSV,,,65536,62,1,0,276,0.0,0.0,,,,
100007,-1,75,-5,0,Zerodha,,,65536,62,1,0,276,0.0,0.0,,,,
200050,-1,50,-5,1,Stocks,5,,65536,62,1,0,150,0.0,0.0,,,,
200051,-1,2,-5,1,Stock-in-Trade,5,,65536,62,1,0,150,0.0,0.0,,,,
200061,-1,50,-5,1,Mutual Funds(Equity),10,,65536,62,1,0,150,0.0,0.0,,,,
200062,-1,50,-5,1,Mutual Funds(Debt),11,,65536,62,1,0,150,0.0,0.0,,,,
200058,-1,50,-5,1,Special Inv. Funds,12,,65536,62,1,0,150,0.0,0.0,,,,
200141,-1,50,-5,1,NPS/ULIP,20,,65536,62,1,0,150,0.0,0.0,,,,
200140,-1,50,-5,1,Insurance,25,,65536,62,1,0,150,0.0,0.0,,,,
200066,-1,50,-5,1,Private Equity,30,,65536,62,1,0,150,0.0,0.0,,,,
200095,-1,50,-5,1,FDs,35,,65536,62,1,0,150,0.0,0.0,,,,
200040,-1,50,-5,1,Traded Bonds,38,,65536,62,1,0,150,0.0,0.0,,,,
200070,-1,50,-5,1,NCD/Debentures,40,,65536,62,1,0,150,0.0,0.0,,,,
200115,-1,50,-5,1,Deposits/Loans,45,,65536,62,1,0,150,0.0,0.0,,,,
200120,-1,50,-5,1,PPF/EPF,50,,65536,62,1,0,150,0.0,0.0,,,,
200135,-1,50,-5,1,Post Office,55,,65536,62,1,0,150,0.0,0.0,,,,
200075,-1,45,-5,1,Gold,60,,65536,62,1,0,150,0.0,0.0,,,,
200077,-1,45,-5,1,Silver,65,,65536,62,1,0,150,0.0,0.0,,,,
200155,-1,45,-5,1,Jewellery,70,,65536,62,1,0,150,0.0,0.0,,,,
200150,-1,45,-5,1,Properties,75,,65536,62,1,0,150,0.0,0.0,,,,
200145,-1,50,-5,1,Art,80,,65536,62,1,0,150,0.0,0.0,,,,
200160,-1,50,-5,1,AIF,85,,65536,62,1,0,150,0.0,0.0,,,,
200195,-1,85,-5,1,Loans,95,,65536,62,1,0,150,0.0,0.0,,,,
502962,-1,200062,-1,0,Edelweiss Liquid Fund-Direct Plan-Growth Option (91030222832 / 0),,,0,62,1,0,150,150000.00000000017,150000.0,,,,
502963,-1,200062,-1,0,Motilal Oswal Liquid Fund - Direct Growth (910107197092 / 0),,,0,62,1,0,150,150000.00000000003,150000.0,,,,
502966,-1,200061,-1,0,Motilal Oswal Nifty 500 Momentum 50 Index Fund-Direct Plan-Growth (910107197092 / 0),,,0,62,1,0,150,0.0,123500.0,,,,
502967,-1,200061,-1,0,Edelweiss Nifty500 Multicap Momentum Quality 50 Index Fund - Direct - Growth (91030222832 / 0),,,0,62,1,0,150,0.0,238203.6,,,,
503002,-1,200062,-1,0,UTI Multi Asset Allocation Fund - Direct Plan - Growth Option (599378417875 / 0),,,0,62,1,0,150,0.0,50000.0,,,,
503003,-1,200062,-1,0,UTI Arbitrage Fund - Direct Plan - Growth Option (599378412016 / 0),,,0,62,1,0,150,50000.0,50000.0,,,,
503004,-1,200062,-1,0,DSP Liquidity Fund - Direct Plan - Growth (10167232 / 51),,,0,62,1,0,150,50000.000000000015,50000.0,,,,
503005,-1,200062,-1,0,DSP Multi Asset Allocation Fund - Direct - Growth (10168558 / 50),,,0,62,1,0,150,0.0,100000.0,,,,
503007,-1,200061,-1,0,Motilal Oswal Large Cap Direct Plan Growth (910107197092 / 0),,,0,62,1,0,150,0.0,79459.52,,,,
503008,-1,200062,-1,0,UTI Multi Asset Allocation Fund - Direct Plan - Growth Option (599378412016 / 0),,,0,62,1,0,150,0.0,50137.84,,,,
503012,-1,200061,-1,0,BANDHAN SMALL CAP FUND - DIRECT PLAN GROWTH (6272761 / 08),,,0,62,1,0,150,0.0,22000.0,,,,
503015,-1,200062,-1,0,ICICI Prudential Multi-Asset Fund - Direct Plan - Growth (39318845 / 24),,,0,62,1,0,150,0.0,60000.0,,,,
503016,-1,200061,-1,0,BANDHAN SMALL CAP FUND - DIRECT PLAN GROWTH (6358340 / 30),,,0,62,1,0,150,0.0,40000.0,,,,
503050,-1,200062,-1,0,DSP Multi Asset Allocation Fund - Direct - Growth (10167232 / 51),,,0,62,1,0,150,0.0,51483.94,,,,
503061,-1,200062,-1,0,Kotak Silver ETF Fund of Fund - Direct Plan - Growth Option (18121245),,,0,62,1,0,150,0.0,150000.0,,,,
503093,-1,200061,-1,0,Edelweiss Nifty Midcap150 Momentum 50 Index Fund - Direct Plan - Growth (91030222832 / 0),,,0,62,1,0,150,0.0,35000.0,,,,
503094,-1,200061,-1,0,Mirae Asset Nifty MidSmallcap400 Momentum Quality 100 ETF Fund of Fund - Direct Plan - Growth (79987483294 / 0),,,0,62,1,0,150,0.0,35000.0,,,,
503095,-1,200061,-1,0,Kotak Nifty Alpha 50 Index Fund - Direct Plan - Growth (18121245),,,0,62,1,0,150,0.0,35000.0,,,,
503133,-1,200062,-1,0,Nippon India Multi Asset Fund - Direct Plan - Growth Option (499492481024 / 0),,,0,62,1,0,150,0.0,250000.0,,,,
1,-5,0,-5,1,Liabilities,1,,65536,29,1,,250,0.0,0.0,,,,
2,-5,0,-5,1,Assets,2,,65536,29,1,,150,0.0,0.0,,,,
45,-5,2,-5,1,Fixed Asset,1,,65536,29,1,,150,0.0,0.0,,,,
50,-5,2,-5,1,Investments,5,,65536,29,1,,150,0.0,0.0,,,,
55,-5,2,-5,1,Current Assets,10,,65536,29,1,,150,0.0,0.0,,,,
60,-5,55,-5,1,Banks,1,All Bank Accounts,65536,29,1,,40,0.0,0.0,,,,
64,-5,1,-5,1,Capital Account,1,,65536,29,1,,250,0.0,0.0,,,,
65,-5,1,-5,1,Current Liabilities,65,,65536,29,1,,250,0.0,0.0,,,,
70,-5,55,-5,1,Loans and Advances (Asset),7,,65536,29,1,,125,0.0,0.0,,,,
75,-5,65,-5,1,Sundry Creditors,5,,65536,29,1,,275,0.0,0.0,,,,
85,-5,65,-5,1,Loans (Liability),1,,65536,29,1,,275,0.0,0.0,,,,
90,-5,55,-5,1,Sundry Debtors,10,,65536,29,1,,125,0.0,0.0,,,,
150,-5,1,-5,1,Profit & Loss,1000,Excess of Income over Expenditure,65536,29,1,,250,0.0,0.0,,,,
155,-5,150,-5,1,Income,1,,65536,29,1,,280,0.0,0.0,,,,
160,-5,150,-5,1,Expenses,5,,65536,29,1,,290,0.0,0.0,,,,
170,-5,160,-5,1,STT,100,Security Transaction Tax,65536,29,1,,290,0.0,0.0,<null>,,,
171,-5,160,-5,1,Tax & Charges - Stocks,100,"Stock - Tax and Charges Expenses for Tally
",65536,29,1,,290,0.0,0.0,<null>,,,
175,-5,160,-5,1,Share Transaction Charges,100,Total of all Charges in Contract Note,65536,29,1,,290,0.0,0.0,,,,
180,-5,155,-5,1,Capital Gains,100,,65536,29,1,,290,0.0,0.0,<null>,,,
205,-5,55,-5,0,Cash on Hand,0,,65536,29,1,,50,540247.6,789411.14,,,,
210,-5,55,-5,0,Unassigned Bank/Ledger,0,Possible banking transactions where bank is not known,0,29,1,,40,6000.0,0.0,,,,
215,-5,75,-5,0,Unassigned Broker,0,Transactions with brokers where broker is not known,65536,29,1,,275,0.0,0.0,,,,
220,-5,155,-5,0,Suspense Account,0,Transactions where account is not known,65536,29,1,,280,0.0,0.0,<null>,,,
230,-5,64,-5,0,Capital Account,0,,65536,29,1,,250,25176122.51000001,5282823.48,,,,
235,-5,55,-5,0,TDS,0,,65536,29,1,,150,29541.0,29541.0,,,,
237,-5,55,-5,0,Asset Switch / Renewal / Demerger,0,Holds switch in and switch out journal entries,0,29,1,,150,373738.25,370238.25,,,,
240,-5,1,-5,0,Difference in Opening Balances,0,This is auto calculated ledger,65536,29,1,,250,0.0,7000.0,,,,
401,-5,155,-5,0,Interest on Investment,0,,65536,29,1,,280,3091139.360000001,2487483.5,,,,
402,-5,55,-5,0,Interest Receivable,0,,65536,29,1,,280,0.0,0.0,,,,
405,-5,155,-5,0,Interest Tax Free,0,,65536,29,1,,280,1609676.0,1432495.0,,,,
407,-5,155,-5,0,Interest On Saving Account,0,,65536,29,1,,280,256905.65,223201.65,,,,
410,-5,155,-5,0,Rent Income,0,,65536,29,1,,280,0.0,0.0,,,,
415,-5,155,-5,0,Dividend,0,,65536,29,1,,280,80245.61,58151.60999999999,,,,
416,-5,55,-5,0,Dividend Receivable,0,,65536,29,1,,280,0.0,0.0,,,,
420,-5,155,-5,0,Salary,0,,65536,29,1,,280,0.0,0.0,,,,
425,-5,155,-5,0,Other Income,0,,65536,29,1,,280,0.0,0.0,,,,
427,-5,155,-5,0,Misc. Gain/Loss,0,,65536,29,1,,280,0.0,0.0,,,,
455,-5,180,-5,0,Intra-day/Trading Profit/Loss,0,,65536,29,1,,280,0.0,0.0,,,,
460,-5,180,-5,0,Short Term Gain (Equity),0,,65536,29,1,,280,654406.9700000002,647074.88,,,,
465,-5,180,-5,0,Long Term Gain (Equity),0,,65536,29,1,,280,1522594.59,1397373.2500000005,,,,
470,-5,180,-5,0,Short Term Gain (Debt),0,,0,29,1,,280,397853.27000000014,379003.02999999997,,,,
475,-5,180,-5,0,Long Term Gain (Debt),0,,65536,29,1,,280,129987.38,129987.38,,,,
480,-5,155,-5,0,F & O Trading Gain/Loss,0,,65536,29,1,,280,1059179.11,1059179.1100000003,,,,
485,-5,180,-5,0,Long Term Gain (Bonds),0,,65536,29,1,,280,440752.60000000003,386942.60000000003,,,,
490,-5,180,-5,0,Short Term Gain (Bonds),0,,65536,29,1,,280,185262.23,185262.22999999998,,,,
492,-5,180,-5,0,Long Term Gain (InvIT/REIT),0,,65536,29,1,,280,0.0,0.0,,,,
494,-5,180,-5,0,Short Term Gain (InvIT/REIT),0,,65536,29,1,,280,0.0,0.0,,,,
600,-5,160,-5,0,Credit Card Expense,0,,65536,29,1,,290,0.0,0.0,,,,
603,-5,160,-5,0,Telephone Expense,0,,65536,29,1,,290,750.0,750.0,,,,
605,-5,160,-5,0,Electricity Expense,0,,65536,29,1,,290,0.0,0.0,,,,
607,-5,160,-5,0,Admin & Other Charges,0,,65536,29,1,,290,0.0,0.0,,,,
610,-5,160,-5,0,Rent Expense,0,,65536,29,1,,290,0.0,0.0,,,,
614,-5,160,-5,0,Interest on Loan,0,,65536,29,1,,290,0.0,0.0,,,,
615,-5,160,-5,0,Bank Charges,0,,65536,29,1,,290,3618.43,3618.429999999999,,,,
620,-5,160,-5,0,Donation and Charity,0,,65536,29,1,,290,93502.0,93502.0,,,,
621,-5,160,-5,0,Household Expense,0,,65536,29,1,,290,910036.9900000001,914274.8899999998,,,,
625,-5,160,-5,0,Courier & Postage,0,,65536,29,1,,290,0.0,0.0,,,,
630,-5,160,-5,0,Legal & Professional Fees,0,,65536,29,1,,290,0.0,0.0,,,,
635,-5,160,-5,0,Insurance Premium,0,,65536,29,1,,290,0.0,0.0,,,,
640,-5,160,-5,0,Children Education Expense,0,,65536,29,1,,290,0.0,0.0,,,,
645,-5,160,-5,0,Society Maintenance Charges,0,,65536,29,1,,290,0.0,0.0,,,,
646,-5,160,-5,0,Loan Charges,0,,65536,29,1,,290,0.0,0.0,,,,
650,-5,170,-5,0,STT - Equity,0,,65536,29,1,,290,14133.0,14831.0,,,,
651,-5,171,-5,0,GST - Equity,0,,65536,29,1,,290,0.0,0.0,,,,
652,-1,171,-5,0,Trans. Charges - Equity(T),0,,65536,29,1,,290,0.0,0.0,,,,
653,-5,171,-5,0,Stamp Charges - Equity,0,,65536,29,1,,290,0.0,0.0,,,,
654,-5,171,-5,0,Other Charges - Equity,0,,65536,29,1,,290,0.0,0.0,,,,
655,-5,170,-5,0,STT - MFs,0,,65536,29,1,,290,10.83,15.030000000000001,,,,
660,-5,170,-5,0,STT - F & O,0,,65536,29,1,,290,615.36,615.36,,,,
665,-5,175,-5,0,Trans. Charges - Equity,0,,65536,29,1,,290,2340.69,2454.3599999999988,,,,
670,-5,175,-5,0,Trans. Charges - F & O,0,,65536,29,1,,290,0.0,0.0,,,,
11,-2,60,-5,0,HDFC Bank (A/c. No. - 00801000031785),0,,65536,29,1,0,40,5935055.710000001,5935055.71,,,,
13,-2,60,-5,0,Kotak Bank (A/c. No. - 1912581915),0,,65536,29,1,0,40,65300574.3,65310210.68000002,,,,
14,-2,1,-5,0,Pramesh R Shah,0,,65536,29,1,0,250,8925700.0,8925700.0,,,,
16,-2,2,-5,0,Creative Packaging,0,,65536,29,1,0,150,17507909.0,17628477.77,,,,
17,-2,60,-5,0,DBS Bank (A/c. No. -  881029233939),0,,65536,29,1,0,40,54732.850000000006,54732.85,,,,
18,-2,1,-5,0,Saahil Shah,0,,65536,29,1,0,250,5895675.0,5895675.0,,,,
19,-2,160,-5,0,Income Tax,0,,65536,29,1,0,290,779715.26,819715.26,,,,
21,-2,155,-5,0,Gift,0,,65536,29,1,0,280,1066241.0,1018241.0,,,,
26,-2,60,-5,0,BOM UPS,0,,65536,29,1,0,40,1604.5,10204.24,,,,
27,-2,50,-5,0,OLD Shares,0,,65536,29,1,0,150,7000.0,646922.54,,,,
52,-2,2,-5,0,Jewellery,0,,65536,29,1,0,150,0.0,296500.0,,,,
58,-2,155,-5,0,Interest on FD,0,,65536,29,1,0,280,24244.0,24244.0,,,,
72,-2,2,-5,0,Dharampur House Deposit,0,,65536,29,1,0,150,43329.9,1930829.9,,,,
75,-2,60,-5,0,SBI Bank,0,,65536,29,1,0,40,0.0,0.0,,,,
78,-2,60,-5,0,SBI,0,,65536,29,1,0,40,0.0,0.0,,,,
79,-2,60,-5,0,SBI Bank (A/c. No. - 39223256906),0,,65536,29,1,0,40,3063754.1,3070170.42,,,,
82,-2,50,-5,0,FD,0,,65536,29,1,0,150,0.0,0.0,,,,
84,-2,160,-5,0,DP and other expenses Broker,0,,65536,29,1,0,290,10479.36,10479.36,,,,
87,-2,155,-5,0,Income from Creative Packaging,0,,65536,29,1,0,280,3609129.8200000003,3609129.8200000003,,,,
92,-2,160,-5,0,Mediclaim,0,,65536,29,1,0,290,0.0,0.0,,,,
93,-2,1,-5,0,Pramesh Shah HUF,0,,65536,29,1,0,250,2611000.0,2611000.0,,,,
97,-2,60,-5,0,IDFC BANK (A/c. No. - 10055495438),0,,0,29,1,0,40,26415585.37,26574678.990000013,,,,
103,-2,1,-5,0,Krisha Shah,0,,65536,29,1,0,250,2943000.0,2943000.0,,,,
111,-2,55,-5,0,Accrued Interest,0,,65536,29,1,0,150,0.0,950334.3,,,,
114,-2,60,-5,0,IDBI Bank (A/c. No. - 0409104000113045),0,,65536,29,1,0,40,186911.89,305006.0,,,,
117,-2,90,-5,0,RBI Retail Direct,0,,65536,29,1,0,125,250000.0,250000.0,,,,
121,-2,55,-5,0,Accounts Receivable,0,,65536,29,1,0,150,0.0,5400.0,,,,
123,-2,55,-5,0,TDS,0,,65536,29,1,0,150,0.0,0.0,,,,
130,-2,1,-5,0,Arjin Shah,0,,65536,29,1,0,250,37500.0,37500.0,,,,
138,-2,1,-5,0,Saahil Shah HUF,0,,65536,29,1,0,250,75000.0,75000.0,,,,
142,-2,55,-5,0,Creative Printers,0,,65536,29,1,0,150,40000.0,40000.0,,,,
150,-2,1,-5,0,Creative Enterprises,0,,65536,29,1,0,250,50000.0,50000.0,,,,
151,-2,2,-5,0,Canara HSBC Life Insurance,0,,65536,29,1,0,150,0.0,0.0,,,,
155,-2,90,-5,0,Dhan,0,,65536,29,1,0,125,0.0,0.0,,,,
100004,-1,75,-5,0,Direct,,,65536,29,1,0,276,4579742.97,4579742.97,,,,
100003,-1,75,-5,0,KARVY,,,65536,29,1,0,276,0.0,0.0,,,,
100006,-1,75,-5,0,Kotak Securities Ltd,,,65536,29,1,0,276,0.0,0.0,,,,
100008,-1,75,-5,0,MStock,,,65536,29,1,0,276,0.0,0.0,,,,
100001,-1,75,-5,0,R K Global,,,65536,29,1,0,276,8256670.470000003,8256286.47,,,,
100009,-1,75,-5,0,Raise Securities,,,65536,29,1,0,276,0.0,0.0,,,,
100002,-1,75,-5,0,RKSV,,,65536,29,1,0,276,15022577.049999997,15022577.049999997,,,,
100007,-1,75,-5,0,Zerodha,,,65536,29,1,0,276,20471486.590000004,20472517.990000002,,,,
200050,-1,50,-5,1,Stocks,5,,65536,29,1,0,150,0.0,0.0,,,,
200051,-1,2,-5,1,Stock-in-Trade,5,,65536,29,1,0,150,0.0,0.0,,,,
200061,-1,50,-5,1,Mutual Funds(Equity),10,,65536,29,1,0,150,0.0,0.0,,,,
200062,-1,50,-5,1,Mutual Funds(Debt),11,,65536,29,1,0,150,0.0,0.0,,,,
200058,-1,50,-5,1,Special Inv. Funds,12,,65536,29,1,0,150,0.0,0.0,,,,
200141,-1,50,-5,1,NPS/ULIP,20,,65536,29,1,0,150,0.0,0.0,,,,
200140,-1,50,-5,1,Insurance,25,,65536,29,1,0,150,0.0,0.0,,,,
200066,-1,50,-5,1,Private Equity,30,,65536,29,1,0,150,0.0,0.0,,,,
200095,-1,50,-5,1,FDs,35,,65536,29,1,0,150,0.0,0.0,,,,
200040,-1,50,-5,1,Traded Bonds,38,,65536,29,1,0,150,0.0,0.0,,,,
200070,-1,50,-5,1,NCD/Debentures,40,,65536,29,1,0,150,0.0,0.0,,,,
200115,-1,50,-5,1,Deposits/Loans,45,,65536,29,1,0,150,0.0,0.0,,,,
200120,-1,50,-5,1,PPF/EPF,50,,65536,29,1,0,150,0.0,0.0,,,,
200135,-1,50,-5,1,Post Office,55,,65536,29,1,0,150,0.0,0.0,,,,
200075,-1,45,-5,1,Gold,60,,65536,29,1,0,150,0.0,0.0,,,,
200077,-1,45,-5,1,Silver,65,,65536,29,1,0,150,0.0,0.0,,,,
200155,-1,45,-5,1,Jewellery,70,,65536,29,1,0,150,0.0,0.0,,,,
200150,-1,45,-5,1,Properties,75,,65536,29,1,0,150,0.0,0.0,,,,
200145,-1,50,-5,1,Art,80,,65536,29,1,0,150,0.0,0.0,,,,
200160,-1,50,-5,1,AIF,85,,65536,29,1,0,150,0.0,0.0,,,,
200195,-1,85,-5,1,Loans,95,,65536,29,1,0,150,0.0,0.0,,,,
500253,-1,200050,-1,0,Sintex Industries,,,65536,29,1,0,150,0.0,0.0,,,,
500254,-1,200050,-1,0,Kothari Products,,,65536,29,1,0,150,0.0,0.0,,,,
500255,-1,200050,-1,0,HCL Technologies,,,65536,29,1,0,150,21006.45,21006.45,,,,
500256,-1,200050,-1,0,South Indian Bank,,,65536,29,1,0,150,0.0,0.0,,,,
500257,-1,200050,-1,0,Torrent Cables,,,65536,29,1,0,150,0.0,0.0,,,,
500258,-1,200050,-1,0,7Seas Technologies,,,65536,29,1,0,150,0.0,0.0,,,,
500259,-1,200050,-1,0,PCBL Chemical,,,65536,29,1,0,150,34634.1,34634.1,,,,
500260,-1,200050,-1,0,Vadilal Industries,,,65536,29,1,0,150,0.0,0.0,,,,
500261,-1,200050,-1,0,Elecon Engineering,,,65536,29,1,0,150,0.0,0.0,,,,
500262,-1,200050,-1,0,Aban  Offshore,,,65536,29,1,0,150,0.0,0.0,,,,
500263,-1,200050,-1,0,Hindalco Industries,,,65536,29,1,0,150,0.0,0.0,,,,
500264,-1,200050,-1,0,Indraprashtha Gas,,,65536,29,1,0,150,0.0,0.0,,,,
500265,-1,200050,-1,0,Tata Steel,,,65536,29,1,0,150,0.0,0.0,,,,
500266,-1,200050,-1,0,KEC International,,,65536,29,1,0,150,0.0,0.0,,,,
500267,-1,200050,-1,0,State Bank Of India,,,65536,29,1,0,150,10529.0,10529.0,,,,
500268,-1,200050,-1,0,NMDC Limited,,,65536,29,1,0,150,0.0,0.0,,,,
500269,-1,200050,-1,0,63 Moons Technologies,,,65536,29,1,0,150,0.0,0.0,,,,
500270,-1,200050,-1,0,Multi Commodity Exchange of India,,,65536,29,1,0,150,0.0,0.0,,,,
500271,-1,200050,-1,0,Tata Motors Passenger Vehicles,,,65536,29,1,0,150,0.0,0.0,,,,
500272,-1,200050,-1,0,Coal India,,,65536,29,1,0,150,0.0,0.0,,,,
500273,-1,200050,-1,0,Hero Motocorp,,,65536,29,1,0,150,12381.3,12381.3,,,,
500274,-1,200050,-1,0,Navneet Education,,,65536,29,1,0,150,0.0,0.0,,,,
500275,-1,200050,-1,0,Rolta India,,,65536,29,1,0,150,0.0,0.0,,,,
500276,-1,200050,-1,0,Gujarat NRE Coke,,,65536,29,1,0,150,0.0,0.0,,,,
500277,-1,200050,-1,0,Bharat Heavy Electricals,,,65536,29,1,0,150,0.0,0.0,,,,
500278,-1,200050,-1,0,Ambuja Cements,,,65536,29,1,0,150,0.0,0.0,,,,
500279,-1,200050,-1,0,SVOGL Oil Gas And Energy,,,65536,29,1,0,150,0.0,0.0,,,,
500280,-1,200050,-1,0,Polaris Consulting & Services,,,65536,29,1,0,150,0.0,0.0,,,,
500281,-1,200050,-1,0,Exide Industries,,,65536,29,1,0,150,0.0,0.0,,,,
500282,-1,200050,-1,0,Apollo Tyres,,,65536,29,1,0,150,0.0,0.0,,,,
500283,-1,200050,-1,0,Reliance Power,,,65536,29,1,0,150,0.0,0.0,,,,
500284,-1,200050,-1,0,Splendid Metal Products,,,65536,29,1,0,150,0.0,0.0,,,,
500285,-1,200050,-1,0,Bank of India,,,65536,29,1,0,150,0.0,0.0,,,,
500286,-1,200050,-1,0,Finolex Cables,,,65536,29,1,0,150,0.0,0.0,,,,
500287,-1,200050,-1,0,Motilal Oswal Financial,,,65536,29,1,0,150,33151.5,33151.5,,,,
500288,-1,200050,-1,0,Infosys,,,65536,29,1,0,150,35590.45,35590.45,,,,
500289,-1,200050,-1,0,20 Micron,,,65536,29,1,0,150,0.0,0.0,,,,
500290,-1,200050,-1,0,Adani Enterprises,,,65536,29,1,0,150,0.0,0.0,,,,
500291,-1,200050,-1,0,Munjal Showa,,,65536,29,1,0,150,0.0,0.0,,,,
500292,-1,200050,-1,0,Punjab National Bank,,,65536,29,1,0,150,0.0,0.0,,,,
500293,-1,200050,-1,0,Ballarpur Industries,,,65536,29,1,0,150,0.0,0.0,,,,
500294,-1,200050,-1,0,HEG Limited,,,65536,29,1,0,150,0.0,0.0,,,,
500295,-1,200050,-1,0,Power Grid,,,65536,29,1,0,150,0.0,0.0,,,,
500296,-1,200050,-1,0,JSW Energy,,,65536,29,1,0,150,0.0,0.0,,,,
500297,-1,200050,-1,0,Bajaj Auto,,,65536,29,1,0,150,0.0,0.0,,,,
500298,-1,200050,-1,0,TATAMOTORS-DVR-A-ORDY,,,65536,29,1,0,150,0.0,0.0,,,,
500299,-1,200050,-1,0,Samvardhana Motherson International,,,65536,29,1,0,150,0.0,0.0,,,,
500300,-1,200050,-1,0,Wockhardt,,,65536,29,1,0,150,0.0,0.0,,,,
500301,-1,200050,-1,0,Visaka Industries,,,65536,29,1,0,150,0.0,0.0,,,,
500302,-1,200050,-1,0,BirlaNu,,,65536,29,1,0,150,79318.55,79318.55,,,,
500303,-1,200050,-1,0,Aditya Birla Real Estate,,,65536,29,1,0,150,138105.86000000002,138105.86,,,,
500304,-1,200050,-1,0,ONGC Limited,,,65536,29,1,0,150,0.0,0.0,,,,
500305,-1,200050,-1,0,Jain Irrigation,,,65536,29,1,0,150,0.0,0.0,,,,
500306,-1,200050,-1,0,Larsen & Toubro,,,65536,29,1,0,150,0.0,0.0,,,,
500307,-1,200050,-1,0,L&T Finance,,,65536,29,1,0,150,0.0,0.0,,,,
500308,-1,200050,-1,0,Torrent Pharmaceuticals,,,65536,29,1,0,150,0.0,0.0,,,,
500309,-1,200050,-1,0,Ashok Leyland,,,65536,29,1,0,150,32566.6,32566.6,,,,
500310,-1,200050,-1,0,Brigade Enterprises,,,65536,29,1,0,150,0.0,0.0,,,,
500311,-1,200050,-1,0,Tata Coffee,,,65536,29,1,0,150,0.0,0.0,,,,
500312,-1,200050,-1,0,Tata Consumer Products,,,65536,29,1,0,150,0.0,0.0,,,,
500313,-1,200050,-1,0,Escorts Kubota,,,65536,29,1,0,150,0.0,0.0,,,,
500314,-1,200050,-1,0,Voltas Limited,,,65536,29,1,0,150,0.0,0.0,,,,
500315,-1,200050,-1,0,Oberoi Realty,,,65536,29,1,0,150,0.0,0.0,,,,
500316,-1,200050,-1,0,Everest Industries,,,65536,29,1,0,150,0.0,0.0,,,,
500427,-1,200070,-1,0,Mutooth Fin NCD INE414G07084,,,65536,29,1,0,150,0.0,0.0,,,,
500430,-1,200050,-1,0,Caplin Point Laboratories,,,65536,29,1,0,150,0.0,0.0,,,,
500444,-1,200050,-1,0,Morepen Laboratories,,,65536,29,1,0,150,0.0,0.0,,,,
500445,-1,200050,-1,0,Camlin Fine Sciences,,,65536,29,1,0,150,0.0,0.0,,,,
500477,-1,200050,-1,0,Federal Bank,,,65536,29,1,0,150,0.0,0.0,,,,
500479,-1,200050,-1,0,Cipla Limited,,,65536,29,1,0,150,0.0,0.0,,,,
500487,-1,200050,-1,0,Novartis India,,,65536,29,1,0,150,0.0,0.0,,,,
500488,-1,200050,-1,0,Kalyani Steels,,,65536,29,1,0,150,0.0,0.0,,,,
500489,-1,200050,-1,0,Kalyani Investment Company,,,65536,29,1,0,150,0.0,0.0,,,,
500495,-1,200050,-1,0,Styrenix Performance Materials,,,65536,29,1,0,150,0.0,0.0,,,,
500517,-1,200050,-1,0,Bhandari Hosiery Exports,,,65536,29,1,0,150,0.0,0.0,,,,
500521,-1,200050,-1,0,Wanbury Limited,,,65536,29,1,0,150,0.0,0.0,,,,
500522,-1,200050,-1,0,Shasun Pharmaceuticals,,,65536,29,1,0,150,0.0,0.0,,,,
500523,-1,200050,-1,0,Sun Pharmaceutical,,,65536,29,1,0,150,0.0,0.0,,,,
500524,-1,200050,-1,0,MBL Infrastructure,,,65536,29,1,0,150,0.0,0.0,,,,
500553,-1,200050,-1,0,Inox Wind,,,65536,29,1,0,150,0.0,0.0,,,,
500554,-1,200050,-1,0,Zydus Lifesciences,,,65536,29,1,0,150,32683.15,32683.15,,,,
500655,-1,200050,-1,0,AXIS Bank,,,65536,29,1,0,150,0.0,0.0,,,,
500664,-1,200050,-1,0,Dynavision Limited,,,65536,29,1,0,150,0.0,0.0,,,,
500726,-1,200040,-1,0,Muthoot Finance NCD NB 01/11/2018 (ISIN INE414G07241),,,65536,29,1,0,150,0.0,0.0,,,,
500734,-1,200050,-1,0,ICICI Bank,,,65536,29,1,0,150,0.0,0.0,,,,
500757,-1,200050,-1,0,Kumar Wire Cloth Mfg.,,,65536,29,1,0,150,0.0,0.0,,,,
500761,-1,200050,-1,0,Bajaj Finance,,,65536,29,1,0,150,30929.53,30929.53,,,,
500762,-1,200050,-1,0,Kotak Mahindra Bank,,,65536,29,1,0,150,20838.9,20838.9,,,,
500763,-1,200050,-1,0,Bharat Financial Inclusion,,,65536,29,1,0,150,0.0,0.0,,,,
500768,-1,200040,-1,0,Muthoot Finance NCD N9 11.75% 01/11/2017 (ISIN INE414G07225),,,65536,29,1,0,150,0.0,0.0,,,,
500769,-1,200040,-1,0,Muthoot Finance NCD 18/10/2017 (ISIN INE414G07191),,,65536,29,1,0,150,0.0,0.0,,,,
500770,-1,200040,-1,0,Muthoot Finance NCD 04/07/2017 (ISIN INE414G07738),,,65536,29,1,0,150,0.0,0.0,,,,
500774,-1,200050,-1,0,Orient Cement,,,65536,29,1,0,150,0.0,0.0,,,,
500775,-1,200040,-1,0,Muthoot Finance NCD 18/07/2017 (ISIN INE414G07142),,,65536,29,1,0,150,0.0,0.0,,,,
500781,-1,200050,-1,0,CPSE ETF,,,65536,29,1,0,150,199998.43,199998.43,,,,
500784,-1,200050,-1,0,Hindustan Construction Company,,,65536,29,1,0,150,20137.76,20137.76,,,,
500797,-1,200050,-1,0,Prima Agro,,,65536,29,1,0,150,0.0,0.0,,,,
500801,-1,200050,-1,0,Dr. Reddy's Laboratories,,,65536,29,1,0,150,0.0,0.0,,,,
500802,-1,200050,-1,0,Aurobindo Pharma,,,65536,29,1,0,150,32308.5,32308.5,,,,
500803,-1,200050,-1,0,Divi's Laboratories,,,65536,29,1,0,150,0.0,0.0,,,,
500805,-1,200050,-1,0,Avenue Supermarts,,,65536,29,1,0,150,0.0,0.0,,,,
500814,-1,200050,-1,0,Seya Industries,,,65536,29,1,0,150,0.0,0.0,,,,
500827,-1,200050,-1,0,Oriental Bank Of Commerce,,,65536,29,1,0,150,0.0,0.0,,,,
500830,-1,200050,-1,0,Housing & Urban Development Corporation,,,65536,29,1,0,150,0.0,0.0,,,,
500841,-1,200050,-1,0,National Aluminium,,,65536,29,1,0,150,32993.1,32993.1,,,,
500848,-1,200040,-1,0,Muthoot Finance NCD 10% 23/04/2018 (ISIN INE414G07993),,,65536,29,1,0,150,0.0,0.0,,,,
500860,-1,200050,-1,0,Kotak Nifty PSU Bank ETF,,,65536,29,1,0,150,19609.0,19609.0,,,,
500885,-1,200050,-1,0,Kalpataru Projects International,,,65536,29,1,0,150,0.0,0.0,,,,
500886,-1,200050,-1,0,Jindal Steel,,,65536,29,1,0,150,0.0,0.0,,,,
500889,-1,200050,-1,0,Vedanta Limited,,,65536,29,1,0,150,0.0,0.0,,,,
500890,-1,200050,-1,0,Mahindra & Mahindra,,,65536,29,1,0,150,33863.0,33863.0,,,,
500893,-1,200050,-1,0,ICICI Lombard General Insurance Company,,,65536,29,1,0,150,0.0,0.0,,,,
500898,-1,200050,-1,0,Finolex Industries,,,65536,29,1,0,150,0.0,0.0,,,,
500899,-1,200050,-1,0,Bank Of Baroda,,,65536,29,1,0,150,0.0,0.0,,,,
500900,-1,200050,-1,0,Aditya Birla Capital,,,65536,29,1,0,150,0.0,0.0,,,,
500905,-1,200050,-1,0,Indian Energy Exchange,,,65536,29,1,0,150,0.0,0.0,,,,
500909,-1,200050,-1,0,NLC India,,,65536,29,1,0,150,0.0,0.0,,,,
500923,-1,200050,-1,0,Hindustan Copper,,,65536,29,1,0,150,0.0,55282.5,,,,
500979,-1,200050,-1,0,General Insurance Corporation of India,,,65536,29,1,0,150,0.0,0.0,,,,
500988,-1,200040,-1,0,State Bank of India BONDS N5 9.95% 16/03/2026 (ISIN INE062A08058),,,65536,29,1,0,150,0.0,0.0,,,,
501010,-1,200040,-1,0,Muthoot Finance NCD 30/01/2025 (ISIN INE414G08330),,,65536,29,1,0,150,53507.17,53507.17,,,,
501011,-1,200040,-1,0,Shriram Transport Finance Company NCD YD 15/07/2019 (ISIN INE721A07HN8),,,65536,29,1,0,150,295784.11,295784.11,,,,
501012,-1,200040,-1,0,Muthoot Finance NCD 9% 19/04/2023 (ISIN INE414G07CN8),,,65536,29,1,0,150,859955.03,859955.03,,,,
501017,-1,200040,-1,0,Shriram Transport Finance Company NCD YL 9.4% 12/07/2028 (ISIN INE721A07NX5),,,65536,29,1,0,150,300000.0,300000.0,,,,
501018,-1,200040,-1,0,Shriram Transport Finance Company NCD YN 12/07/2023 (ISIN INE721A07NZ0),,,65536,29,1,0,150,100000.0,100000.0,,,,
501039,-1,200040,-1,0,Tata Capital Financial Services NCD N9 10.5% 05/03/2019 (ISIN INE306N07BN4),,,65536,29,1,0,150,0.0,0.0,,,,
501040,-1,200040,-1,0,Tata Capital Financial Services NCD ND 8.9% 27/09/2023 (ISIN INE306N07KF1),,,65536,29,1,0,150,948550.0,948550.0,,,,
501050,-1,200040,-1,0,Tata Capital Financial Services NCD N8 10.5% 05/03/2019 (ISIN INE306N07BM6),,,65536,29,1,0,150,0.0,0.0,,,,
501067,-1,200040,-1,0,Manappuram Finance NCD 9.85% 28/11/2020 (ISIN INE522D07AJ7),,,65536,29,1,0,150,142084.48,142084.48,,,,
501088,-1,200050,-1,0,BHARAT 22 ETF - ICICI Prudential AMC,,,65536,29,1,0,150,199982.76,199982.76,,,,
501092,-1,200040,-1,0,Mahindra & Mahindra Financial Services NCD 9.3% 18/01/2027 (ISIN INE774D07SW9),,,65536,29,1,0,150,300000.0,300000.0,,,,
501103,-1,200040,-1,0,L&T Finance NCD NE 8.89% 13/03/2024 (ISIN INE027E07956),,,65536,29,1,0,150,700000.0,700000.0,,,,
501115,-1,200050,-1,0,Rail Vikas Nigam,,,65536,29,1,0,150,14430.0,14430.0,,,,
501119,-1,200050,-1,0,Metropolis Healthcare,,,65536,29,1,0,150,14960.0,14960.0,,,,
501361,-1,200050,-1,0,Maruti Suzuki,,,65536,29,1,0,150,12875.0,12875.0,,,,
501389,-1,200120,-1,0,PPF UPS,,,65536,29,1,0,150,2329607.23,5002297.46,,,,
501400,-1,200050,-1,0,UltraTech Cement,,,65536,29,1,0,150,16789.34,47868.59,,,,
501411,-1,200040,-1,0,Bank of Baroda BONDS 8.7% (ISIN INE028A08174),,,65536,29,1,0,150,2018534.46,2018534.46,,,,
501422,-1,200040,-1,0,Housing & Urban Development Corporation NCD N3 8.1% 05/03/2022 (ISIN INE031A07832),,,65536,29,1,0,150,0.0,0.0,,,,
501424,-1,200040,-1,0,NTPC NCD N7 8.49% 25/03/2025 (ISIN INE733E07JP6),,,65536,29,1,0,150,330000.35000000003,330000.35000000003,,,,
501425,-1,200040,-1,0,National Highway Authority of India NCD N6 8.75% 05/02/2029 (ISIN INE906B07DF8),,,65536,29,1,0,150,1127367.51,1127367.51,,,,
501429,-1,200095,-1,0,ups fd,,,65536,29,1,0,150,0.0,0.0,,,,
501430,-1,200095,-1,0,UPS HDFC FD 1,,,65536,29,1,0,150,0.0,0.0,,,,
501431,-1,200095,-1,0,UPS HDFC FD 2,,,65536,29,1,0,150,0.0,0.0,,,,
501432,-1,200095,-1,0,UPS HDFC FD 1 - 9TH MAY 2020,,,65536,29,1,0,150,100000.0,100000.0,,,,
501433,-1,200095,-1,0,UPS HDFC FD 1 - 22ND MAY 2020,,,65536,29,1,0,150,100000.0,100000.0,,,,
501439,-1,200095,-1,0,UPS HDFC FD 3 - 6TH JUNE 2020,,,65536,29,1,0,150,100000.0,100000.0,,,,
501440,-1,200095,-1,0,UPS HDFC FD 4 - 21ST JUNE 2020,,,65536,29,1,0,150,100000.0,100000.0,,,,
501447,-1,200095,-1,0,UPS SBI FD 1 - 11TH MAY 2020,,,65536,29,1,0,150,200000.0,200000.0,,,,
501448,-1,200095,-1,0,UPS SBI FD 2 - 23RD MAY 2020,,,65536,29,1,0,150,100000.0,100000.0,,,,
501449,-1,200095,-1,0,UPS SBI FD 3 - 11TH MAY 2020,,,65536,29,1,0,150,200000.0,200000.0,,,,
501450,-1,200095,-1,0,UPS HDFC FD 5,,,65536,29,1,0,150,0.0,0.0,,,,
501451,-1,200095,-1,0,UPS HDFC FD 5 - 17 JUNE 2020,,,65536,29,1,0,150,0.0,0.0,,,,
501452,-1,200095,-1,0,UPS HDFC FD 5 - 17 JULY 2020,,,65536,29,1,0,150,95000.0,95000.0,,,,
501469,-1,200040,-1,0,Housing & Urban Development Corporation NCD 8.39% 25/10/2023 (ISIN INE031A07931),,,65536,29,1,0,150,218029.75,218029.75,,,,
501470,-1,200095,-1,0,UPS SBI FD 4 - 26th June 2020,,,65536,29,1,0,150,200000.0,200000.0,,,,
501471,-1,200095,-1,0,UPS SBI FD 5 - 26TH jUNE  2020,,,65536,29,1,0,150,200000.0,200000.0,,,,
501477,-1,200040,-1,0,Rural Electrification Corporation NCD N9 8.71% 24/09/2028 (ISIN INE020B07HS2),,,65536,29,1,0,150,560582.2,560582.2,,,,
501478,-1,200040,-1,0,National Highway Authority of India NCD NA 7.6% 11/01/2031 (ISIN INE906B07EJ8),,,65536,29,1,0,150,742626.45,742626.45,,,,
501483,-1,200095,-1,0,UPS HDFC FD 7 - 13TH OCT 2020,,,65536,29,1,0,150,100000.0,100000.0,,,,
501484,-1,200095,-1,0,UPS HDFC FD 6 - 13TH OCT 2020,,,65536,29,1,0,150,100000.0,100000.0,,,,
501485,-1,200095,-1,0,UPS HDFC FD 8 - 13TH OCT 2020,,,65536,29,1,0,150,100000.0,100000.0,,,,
501488,-1,200040,-1,0,National Bank for Agriculture & Rural Development NCD 7.64% 23/03/2031 (ISIN INE261F07032),,,65536,29,1,0,150,2453362.67,2453362.67,,,,
501489,-1,200050,-1,0,KOTAK GOLD - ETF,,,65536,29,1,0,150,44511.21,44511.21,,,,
501490,-1,200050,-1,0,Nippon India ETF Gold BeES,,,65536,29,1,0,150,233884.9,389335.30000000005,,,,
501495,-1,200115,-1,0,RBI Bonds 7.75,,,65536,29,1,0,150,0.0,0.0,,,,
501497,-1,200070,-1,0,RBI BOND 7.75 %,,,65536,29,1,0,150,0.0,0.0,,,,
501499,-1,200040,-1,0,HDFC Bank BONDS 8.85% (ISIN INE040A08377),,,65536,29,1,0,150,1000136.41,1000136.41,,,,
501503,-1,200040,-1,0,Rural Electrification Corporation BONDS 8.12% 27/03/2027 (ISIN INE020B07GH7),,,65536,29,1,0,150,3256416.15,3256416.15,,,,
501507,-1,200040,-1,0,Sovereign Gold Bond 2.50% MAY 2028 Sr-II 2020-21 (IN0020200088),,,65536,29,1,0,150,45400.0,45400.0,,,,
501512,-1,200040,-1,0,National Highways Authority of India NCD NE 7.69% 09/03/2031 (ISIN INE906B07EP5),,,65536,29,1,0,150,1298786.73,1298786.73,,,,
501515,-1,200040,-1,0,Power Finance Corporation NCD 8.3% 01/02/2027 (ISIN INE134E07208),,,65536,29,1,0,150,11251.55,11251.55,,,,
501516,-1,200040,-1,0,Rural Electrification Corporation BONDS 7.93% 27/03/2022 (ISIN INE020B07GG9),,,65536,29,1,0,150,421685.95,421685.95,,,,
501523,-1,200040,-1,0,Housing & Urban Development Corporation NCD 7.69% 15/03/2031 (ISIN INE031A07AT4),,,65536,29,1,0,150,169071.72,169071.71999999997,,,,
501528,-1,200040,-1,0,Housing & Urban Development Corporation NCD 7.64% 08/02/2031 (ISIN INE031A07AO5),,,65536,29,1,0,150,835365.73,835365.73,,,,
501529,-1,200040,-1,0,Indian Railway Finance Corporation NCD NK 7.5% 21/12/2035 (ISIN INE053F07843),,,65536,29,1,0,150,26605.46,26605.46,,,,
501531,-1,200040,-1,0,Housing & Urban Development Corporation NCD N5 7.51% 16/02/2028 (ISIN INE031A07865),,,65536,29,1,0,150,162435.33,162435.33,,,,
501533,-1,200040,-1,0,National Highway Authority of India BONDS N2 8.3% 25/01/2027 (ISIN INE906B07CB9),,,65536,29,1,0,150,834805.5700000001,834805.57,,,,
501538,-1,200040,-1,0,Power Finance Corporation NCD 8.79% 16/11/2028 (ISIN INE134E07448),,,65536,29,1,0,150,356204.43,356204.43,,,,
501547,-1,200040,-1,0,Indian Railway Finance Corporation NCD NJ 7.53% 21/12/2030 (ISIN INE053F07835),,,65536,29,1,0,150,823610.36,823610.36,,,,
501549,-1,200040,-1,0,Sovereign Gold Bond 2.50% Nov 2026 Sr-III 2018-19 (IN0020180314),,,65536,29,1,0,150,0.0,24399.95,,,,
501556,-1,200040,-1,0,Power Finance Corporation NCD 8.92% 16/11/2033 (ISIN INE134E07463),,,65536,29,1,0,150,217537.92,217537.92,,,,
501575,-1,200040,-1,0,Housing & Urban Development Corporation NCD 9.01% 13/01/2034 (ISIN INE031A07AB2),,,65536,29,1,0,150,200040.13,200040.13,,,,
501583,-1,200050,-1,0,K&R Rail Engineering,,,65536,29,1,0,150,10237.5,10237.5,,,,
501604,-1,200050,-1,0,HDFC Limited,,,65536,29,1,0,150,50150.65,50150.65,,,,
501605,-1,200050,-1,0,Reliance Industries,,,65536,29,1,0,150,60.0,16002.779999999999,,,,
501606,-1,200050,-1,0,Pidilite Industries,,,65536,29,1,0,150,20593.53,20593.53,,,,
501607,-1,200050,-1,0,Asian Paints,,,65536,29,1,0,150,16382.42,16382.42,,,,
501608,-1,200050,-1,0,Berger Paints,,,65536,29,1,0,150,5924.32,5924.32,,,,
501609,-1,200050,-1,0,Dr Lal Pathlabs,,,65536,29,1,0,150,22838.35,22838.35,,,,
501610,-1,200050,-1,0,HDFC Life Insurance Company,,,65536,29,1,0,150,24189.85,24189.850000000002,,,,
501611,-1,200050,-1,0,AAVAS Financiers,,,65536,29,1,0,150,4600.68,4600.68,,,,
501629,-1,200050,-1,0,HDFC Bank,,,65536,29,1,0,150,72302.53,208573.43,,,,
501636,-1,200050,-1,0,SBI-ETF Nifty 50,,,65536,29,1,0,150,11605.46,11605.46,,,,
501648,-1,200061,-1,0,ICICI Prudential Value Fund - Series 19 - Direct Plan - Cumulative Option (8356250 / 27),,,65536,29,1,0,150,200000.0,200000.0,,,,
501649,-1,200062,-1,0,Bandhan Medium Duration Fund - Direct Plan - Growth (2954648/13),,,65536,29,1,0,150,799960.0,799960.0,,,,
501650,-1,200062,-1,0,Kotak Bond - Growth - Direct (7672003/54),,,65536,29,1,0,150,1000000.0,1000000.0,,,,
501684,-1,200061,-1,0,PGIM India Global Equity Opportunities Fund of Fund - Direct Plan - Growth (9106159482),,,65536,29,1,0,150,30000.0,30000.0,,,,
501686,-1,200061,-1,0,Mirae Asset Large & Midcap Fund - Direct Plan - Growth (7999435692),,,65536,29,1,0,150,22500.0,22500.0,,,,
501721,-1,200061,-1,0,ICICI Prudential Value Fund - Direct Plan - Growth (8356250/27),,,65536,29,1,0,150,200000.0,200000.0,,,,
501748,-1,200050,-1,0,Alivus Life Sciences,,,65536,29,1,0,150,14400.0,14400.0,,,,
501813,-1,200070,-1,0,RBI 800,,,65536,29,1,0,150,0.0,800000.0,,,,
501814,-1,200070,-1,0,RBI 900 U,,,65536,29,1,0,150,0.0,900000.0,,,,
501823,-1,200040,-1,0,State Bank of India BONDS 7.74% (ISIN INE062A08249),,,65536,29,1,0,150,1039434.75,1039434.75,,,,
501825,-1,200095,-1,0,Bajaj Finserv UPS FD 1,,,65536,29,1,0,150,50000.0,50000.0,,,,
501829,-1,200061,-1,0,Parag Parikh Flexi Cap Fund - Direct Plan - Growth (12192424),,,65536,29,1,0,150,236000.0,236000.0,,,,
501830,-1,200050,-1,0,Abbott India,,,65536,29,1,0,150,16303.98,16303.98,,,,
501831,-1,200061,-1,0,CANARA ROBECO LARGE CAP FUND - DIRECT PLAN - GROWTH OPTION (19936679396),,,65536,29,1,0,150,8000.04,8000.0,,,,
501835,-1,200061,-1,0,Parag Parikh Flexi Cap Fund - Direct Plan - Growth (11562458),,,65536,29,1,0,150,1000.0,1000.0,,,,
501841,-1,200050,-1,0,IDFC First Bank,,,65536,29,1,0,150,156487.04,156487.04,,,,
501872,-1,200061,-1,0,Tata Digital India Fund-Direct Plan-Growth (7480766/10),,,65536,29,1,0,150,34914.5,64000.0,,,,
501876,-1,200115,-1,0,6.67 GS 2050,,,65536,29,1,0,150,0.0,0.0,,,,
501878,-1,200050,-1,0,GMM Pfaudler,,,65536,29,1,0,150,42651.65,42651.65,,,,
501879,-1,200050,-1,0,Computer Age Management Services,,,65536,29,1,0,150,33572.45,33572.45,,,,
501880,-1,200061,-1,0,Canara Robeco Small Cap Fund - Direct Plan- Growth Option (19936679396),,,65536,29,1,0,150,37500.0,37500.0,,,,
501889,-1,200061,-1,0,Mirae Asset Large & Midcap Fund - Direct Plan - Growth (79955482266 / 0),,,65536,29,1,0,150,35000.0,35000.0,,,,
501904,-1,200115,-1,0,6.10 GS 2031,,,65536,29,1,0,150,0.0,0.0,,,,
501905,-1,200115,-1,0,6.67 GS 2035,,,65536,29,1,0,150,0.0,0.0,,,,
501912,-1,200050,-1,0,Fiem Industries,,,65536,29,1,0,150,14922.25,14922.25,,,,
501913,-1,200050,-1,0,Wardwizard Innovations & Mobility,,,65536,29,1,0,150,61802.5,61802.5,,,,
501916,-1,200050,-1,0,Yes Bank,,,65536,29,1,0,150,311300.0,311300.0,,,,
501923,-1,200062,-1,0,Axis Liquid Fund - Direct Plan - Growth Option (910158657572),,,65536,29,1,0,150,500000.0,500000.0,,,,
501924,-1,200062,-1,0,Tata Liquid Fund- Direct Plan-Growth (7480766 / 10),,,65536,29,1,0,150,250000.00000000003,250000.0,,,,
501926,-1,200050,-1,0,SBI Cards & Payment Services,,,65536,29,1,0,150,17515.85,17515.85,,,,
501928,-1,200115,-1,0,6.99 GS 2051,,,65536,29,1,0,150,0.0,0.0,,,,
501930,-1,200050,-1,0,Tata Investment Corporation,,,65536,29,1,0,150,90132.85,152104.15,,,,
501946,-1,200115,-1,0,7.54 GS 2036,,,65536,29,1,0,150,0.0,0.0,,,,
501947,-1,200050,-1,0,Wipro Limited,,,65536,29,1,0,150,83385.25,83385.25,,,,
501949,-1,200040,-1,0,Sovereign Gold Bond 2.50% JAN 2029 SR-IX 2020-21 (IN0020200377),,,65536,29,1,0,150,0.0,127004.9,,,,
501966,-1,200050,-1,0,Jaiprakash Power Ventures,,,65536,29,1,0,150,76750.0,76750.0,,,,
501977,-1,200050,-1,0,Canara Bank,,,65536,29,1,0,150,461301.85,461301.85,,,,
501978,-1,200050,-1,0,Life Insurance Corporation of India (LIC),,,65536,29,1,0,150,515263.35,515263.35,,,,
501981,-1,200050,-1,0,Gail India,,,65536,29,1,0,150,88506.0,88506.0,,,,
502116,-1,200061,-1,0,Nippon India Small Cap Fund - Direct Plan Growth Plan - Growth Option (499279601502 / 0),,,65536,29,1,0,150,0.0,50000.0,,,,
502117,-1,200061,-1,0,SBI Contra Fund - Direct Plan - Growth (32950965),,,65536,29,1,0,150,0.0,50000.0,,,,
502118,-1,200061,-1,0,Nippon India Small Cap Fund - Direct Plan Growth Plan - Growth Option (499279875595 / 0),,,65536,29,1,0,150,0.0,25000.0,,,,
502119,-1,200061,-1,0,quant Flexi Cap Fund - Growth Option-Direct Plan (51025694454 / 0),,,65536,29,1,0,150,0.0,50000.0,,,,
502120,-1,200061,-1,0,quant Multi Cap Fund-Growth Option-Direct Plan (51025694444 / 0),,,65536,29,1,0,150,25000.0,25000.0,,,,
502129,-1,200061,-1,0,Quant Mid Cap Fund-Growth Option-Direct Plan (51025694454 / 0),,,65536,29,1,0,150,25000.0,25000.0,,,,
502130,-1,200061,-1,0,Nippon India Large Cap Fund - Direct Plan Growth Plan - Growth Option (499279875595 / 0),,,65536,29,1,0,150,0.0,25000.0,,,,
502370,-1,200050,-1,0,IDFC Limited,,,65536,29,1,0,150,60460.75,60460.75,,,,
502572,-1,200062,-1,0,SBI Conservative Hybrid Fund - Direct Plan - Growth (32950965),,,65536,29,1,0,150,0.0,122983.70999999999,,,,
502573,-1,200062,-1,0,Parag Parikh Conservative Hybrid Fund - Direct Plan - Growth (12192424),,,65536,29,1,0,150,0.0,225000.0,,,,
502575,-1,200050,-1,0,Vascon Engineers,,,65536,29,1,0,150,379392.6,379392.6,,,,
502580,-1,200050,-1,0,MMTC Limited,,,65536,29,1,0,150,102190.0,102190.0,,,,
502588,-1,200050,-1,0,OnMobile Global,,,65536,29,1,0,150,90694.0,90694.0,,,,
502603,-1,200061,-1,0,Nippon India Multi Cap Fund - Direct Plan Growth Plan - Growth Option (499279875595 / 0),,,65536,29,1,0,150,0.0,55000.0,,,,
502622,-1,200062,-1,0,SBI Liquid Fund - DIRECT PLAN -Growth (32950965),,,65536,29,1,0,150,120000.0,120000.0,,,,
502623,-1,200062,-1,0,Nippon India Liquid Fund - Direct Plan Growth Plan - Growth Option (499279875595 / 0),,,65536,29,1,0,150,60000.0,60000.0,,,,
502624,-1,200115,-1,0,7.30 GS 2053 (`),,,65536,29,1,0,150,0.0,0.0,,,,
502654,-1,200061,-1,0,Quant Small Cap Fund-Growth Option-Direct Plan (51025694454 / 0),,,65536,29,1,0,150,0.0,150000.0,,,,
502658,-1,200050,-1,0,Reliance Infrastructure,,,65536,29,1,0,150,17250.0,17250.0,,,,
502659,-1,200050,-1,0,Mahindra Logistics,,,65536,29,1,0,150,99371.25,99371.25,,,,
502664,-1,200050,-1,0,Everest Kanto Cylinders,,,65536,29,1,0,150,107480.0,107480.0,,,,
502668,-1,200062,-1,0,Kotak Debt Hybrid - Growth - Direct (14214658 / 39),,,65536,29,1,0,150,0.0,170000.0,,,,
502671,-1,200050,-1,0,Dish TV,,,65536,29,1,0,150,141500.0,141500.0,,,,
502672,-1,200050,-1,0,Concord Biotech,,,65536,29,1,0,150,32614.0,32614.0,,,,
502690,-1,200050,-1,0,Indian Oil Corporation,,,65536,29,1,0,150,41687.5,41687.5,,,,
502698,-1,200050,-1,0,L&T Technology Services,,,65536,29,1,0,150,75926.2,75926.2,,,,
502734,-1,200062,-1,0,Kotak Debt Hybrid - Growth - Direct (14544598 / 07),,,65536,29,1,0,150,0.0,170000.0,,,,
502735,-1,200061,-1,0,HDFC Balanced Advantage Fund -Direct Plan - Growth Option (8261020 / 52),,,65536,29,1,0,150,0.0,135000.0,,,,
502771,-1,200050,-1,0,Marathon Nextgen Realty,,,65536,29,1,0,150,19577.25,19577.25,,,,
502781,-1,200050,-1,0,Arvind,,,65536,29,1,0,150,33197.85,33197.85,,,,
502782,-1,200050,-1,0,NCC Limited,,,65536,29,1,0,150,31449.35,31449.35,,,,
502783,-1,200050,-1,0,Marksans Pharma,,,65536,29,1,0,150,33563.75,33563.75,,,,
502784,-1,200050,-1,0,Apar Industries,,,65536,29,1,0,150,31829.8,31829.8,,,,
502785,-1,200050,-1,0,NTPC Limited,,,65536,29,1,0,150,33744.0,33744.0,,,,
502786,-1,200050,-1,0,Power Finance Corporation,,,65536,29,1,0,150,30928.9,30928.9,,,,
502787,-1,200050,-1,0,Karur Vysya Bank,,,65536,29,1,0,150,33906.8,33906.8,,,,
502788,-1,200050,-1,0,Oil India,,,65536,29,1,0,150,33779.0,33779.0,,,,
502789,-1,200050,-1,0,Prestige Estates Projects,,,65536,29,1,0,150,33741.95,33741.95,,,,
502790,-1,200050,-1,0,Minda Corporation,,,65536,29,1,0,150,33653.85,33653.85,,,,
502793,-1,200050,-1,0,SAIL,,,65536,29,1,0,150,33768.45,33768.45,,,,
502794,-1,200050,-1,0,Engineers India,,,65536,29,1,0,150,33624.85,33624.85,,,,
502795,-1,200050,-1,0,Kirloskar Oil Engines,,,65536,29,1,0,150,34312.9,34312.9,,,,
502796,-1,200050,-1,0,Indus Towers,,,65536,29,1,0,150,33460.15,33460.15,,,,
502797,-1,200050,-1,0,Hindustan Aeronautics,,,65536,29,1,0,150,31911.6,31911.6,,,,
502798,-1,200050,-1,0,Nippon India ETF Nifty PSU Bank BeES,,,65536,29,1,0,150,0.0,39000.0,,,,
502812,-1,200050,-1,0,Bhilwara Technical Textiles,,,65536,29,1,0,150,52380.3,182600.69,,,,
502813,-1,200050,-1,0,Skipper,,,65536,29,1,0,150,37080.0,109665.0,,,,
502818,-1,200050,-1,0,Tarc,,,65536,29,1,0,150,19075.0,19075.0,,,,
502819,-1,200061,-1,0,quant Aggressive Hybrid Fund-Growth Option-Direct Plan (51025694444 / 0),,,65536,29,1,0,150,50000.0,50000.0,,,,
502820,-1,200062,-1,0,Motilal Oswal Liquid Fund - Direct Growth (91057188304 / 0),,,65536,29,1,0,150,110000.0,110000.0,,,,
502853,-1,200061,-1,0,Motilal Oswal Midcap Fund-Direct Plan-Growth Option (91057188304 / 0),,,65536,29,1,0,150,0.0,30000.0,,,,
502854,-1,200061,-1,0,ICICI Prudential Dividend Yield Equity Fund Direct Plan Growth Option (34699259 / 04),,,65536,29,1,0,150,0.0,300000.0,,,,
502862,-1,200061,-1,0,JM Flexicap Fund (Direct) - Growth Option (79915224832 / 0),,,65536,29,1,0,150,405000.0,405000.0,,,,
502867,-1,200061,-1,0,Kotak Multicap Fund-Direct Plan-Growth (15228441 / 28),,,65536,29,1,0,150,0.0,45000.0,,,,
502871,-1,200040,-1,0,G-Sec 7.54% GS 2036 (ISIN IN0020220029),,,65536,29,1,0,150,0.0,1439902.0,,,,
502872,-1,200040,-1,0,G-Sec 7.30% GS 2053 (ISIN IN0020230051),,,65536,29,1,0,150,0.0,985633.34,,,,
502873,-1,200040,-1,0,G-Sec 6.10% GS 2031 (ISIN IN0020210095),,,65536,29,1,0,150,0.0,91100.0,,,,
502874,-1,200040,-1,0,G-Sec 6.99% GS 2051 (ISIN IN0020210194),,,65536,29,1,0,150,0.0,932000.0,,,,
502875,-1,200040,-1,0,G-Sec 6.67% GS 2035 (ISIN IN0020210152),,,65536,29,1,0,150,0.0,637914.0,,,,
502876,-1,200040,-1,0,G-Sec 6.67% GS 2050 (ISIN IN0020200252),,,65536,29,1,0,150,0.0,421076.0,,,,
502880,-1,200050,-1,0,Mphasis Limited,,,65536,29,1,0,150,19598.6,19598.6,,,,
502881,-1,200050,-1,0,Oracle Financial Services Software,,,65536,29,1,0,150,21140.0,21140.0,,,,
502882,-1,200050,-1,0,Tata Consultancy Services,,,65536,29,1,0,150,30254.55,30254.550000000003,,,,
502883,-1,200050,-1,0,Coforge,,,65536,29,1,0,150,18292.050000000003,18292.05,,,,
502884,-1,200050,-1,0,Persistent Systems,,,65536,29,1,0,150,18658.2,18658.2,,,,
502885,-1,200050,-1,0,LTIMindtree,,,65536,29,1,0,150,22267.1,22267.1,,,,
502886,-1,200050,-1,0,KPIT Technologies,,,65536,29,1,0,150,29793.6,29793.6,,,,
502901,-1,200050,-1,0,KNR Constructions,,,65536,29,1,0,150,32736.35,32736.35,,,,
502902,-1,200050,-1,0,Muthoot Finance,,,65536,29,1,0,150,33298.15,33298.15,,,,
502903,-1,200050,-1,0,Balrampur Chini,,,65536,29,1,0,150,32548.85,32548.85,,,,
502904,-1,200050,-1,0,Castrol India,,,65536,29,1,0,150,32375.0,32375.0,,,,
502907,-1,200040,-1,0,G-Sec 7.34% GS 2064 (ISIN IN0020240035),,,65536,29,1,0,150,0.0,1035028.0,,,,
502921,-1,200050,-1,0,Bharat Electronics,,,65536,29,1,0,150,0.0,14182.5,,,,
502922,-1,200061,-1,0,Motilal Oswal Flexi cap Fund Direct Plan-Growth Option (91057188304 / 0),,,65536,29,1,0,150,230000.0,230000.0,,,,
502923,-1,200061,-1,0,Motilal Oswal Nifty 500 Momentum 50 Index Fund-Direct Plan-Growth (91057188304 / 0),,,65536,29,1,0,150,0.0,812756.3,,,,
502925,-1,200050,-1,0,Sammaan Capital,,,65536,29,1,0,150,200720.0,200720.0,,,,
502931,-1,200061,-1,0,Edelweiss Nifty Midcap150 Momentum 50 Index Fund - Direct Plan - Growth (91026866652 / 0),,,65536,29,1,0,150,215000.0,315000.0,,,,
502938,-1,200050,-1,0,Jio Financial Services,,,65536,29,1,0,150,205064.25,205064.25,,,,
502948,-1,200040,-1,0,Sovereign Gold Bond 2.50% Jan 2026 Sr-XIV 2017-18 (IN0020170166),,,65536,29,1,0,150,81050.0,81050.0,,,,
502949,-1,200040,-1,0,Sovereign Gold Bond 2.50% SEP 2029 SR-VI 2021-22 (IN0020210145),,,65536,29,1,0,150,0.0,40500.0,,,,
502950,-1,200050,-1,0,Protean eGov Technologies,,,65536,29,1,0,150,248563.6,248563.59999999998,,,,
502951,-1,200040,-1,0,Sovereign Gold Bond 2.5% MAR 2028 Sr-X 2019-20 (ISIN IN0020190552),,,65536,29,1,0,150,0.0,64224.0,,,,
502952,-1,200040,-1,0,Sovereign Gold Bond 2.50% JUN 2028 SR-III 2020-21 (ISIN IN0020200104),,,65536,29,1,0,150,0.0,80910.0,,,,
502954,-1,200062,-1,0,quant Multi Asset Allocation Fund-Growth Option-Direct Plan (51025694444 / 0),,,65536,29,1,0,150,0.0,450000.0,,,,
502955,-1,200050,-1,0,Vodafone Idea,,,65536,29,1,0,150,0.0,1586.0,,,,
502958,-1,200050,-1,0,Unimech Aerospace and Manufacturing,,,65536,29,1,0,150,144575.0,144575.0,,,,
502965,-1,200061,-1,0,Edelweiss Nifty500 Multicap Momentum Quality 50 Index Fund - Direct - Growth (91026866652 / 0),,,65536,29,1,0,150,0.0,473000.0,,,,
502971,-1,200062,-1,0,ICICI Prudential Liquid Fund - Direct Plan - Growth (34699259 / 04),,,65536,29,1,0,150,258627.95,260000.0,,,,
502996,-1,200062,-1,0,DSP Liquidity Fund - Direct Plan - Growth (5537285 / 74),,,65536,29,1,0,150,60000.0,60000.0,,,,
502997,-1,200062,-1,0,Kotak Arbitrage Fund - Direct Plan - Growth (14544598 / 07),,,65536,29,1,0,150,0.0,200000.0,,,,
503001,-1,200062,-1,0,DSP Gilt Fund - Direct Plan - Growth (5548051 / 77),,,65536,29,1,0,150,0.0,100000.0,,,,
503009,-1,200062,-1,0,ICICI Prudential Multi-Asset Fund - Direct Plan - Growth (34699259 / 04),,,65536,29,1,0,150,0.0,22000.0,,,,
503010,-1,200061,-1,0,Motilal Oswal Small Cap Fund - Direct Plan - Growth (91057188304 / 0),,,65536,29,1,0,150,0.0,22000.0,,,,
503031,-1,200062,-1,0,DSP Multi Asset Allocation Fund - Direct - Growth (5548051 / 77),,,65536,29,1,0,150,0.0,50000.0,,,,
503038,-1,200040,-1,0, NCD 11.6% 31/01/2025 (ISIN INE0NES07022),,,65536,29,1,0,150,0.0,0.0,,,,
503041,-1,200062,-1,0,Nippon India Multi Asset Fund - Direct Plan - Growth Option (499279875595 / 0),,,65536,29,1,0,150,0.0,164212.61,,,,
503066,-1,200050,-1,0,Nippon India Silver ETF,,,65536,29,1,0,150,50794.0,50794.0,,,,
503068,-1,200062,-1,0,Edelweiss Liquid Fund-Direct Plan-Growth Option (91026866652 / 0),,,65536,29,1,0,150,0.0,300000.0,,,,
503077,-1,200061,-1,0,Edelweiss Nifty Midcap150 Momentum 50 Index Fund - Direct Plan - Growth (91044592574 / 0),,,65536,29,1,0,150,0.0,200000.0,,,,
503078,-1,200061,-1,0,Mirae Asset Nifty MidSmallcap400 Momentum Quality 100 ETF Fund of Fund - Direct Plan - Growth (79955482266 / 0),,,65536,29,1,0,150,0.0,100000.0,,,,
503079,-1,200061,-1,0,Edelweiss Nifty500 Multicap Momentum Quality 50 Index Fund - Direct - Growth (91044592504 / 0),,,65536,29,1,0,150,0.0,200000.0,,,,
503080,-1,200061,-1,0,Kotak Nifty Alpha 50 Index Fund - Direct Plan - Growth (15228441 / 28),,,0,29,1,0,150,0.0,252500.0,,,,
503086,-1,200062,-1,0,Kotak Liquid - Growth - Direct (15228441 / 28),,,0,29,1,0,150,53497.54,100000.0,,,,
503087,-1,200062,-1,0,Edelweiss Liquid Fund-Direct Plan-Growth Option (91044592504 / 0),,,0,29,1,0,150,36648.95999999999,200000.0,,,,
503098,-1,200050,-1,0,Anant Raj,,,65536,29,1,0,150,0.0,5000.0,,,,
503109,-1,200061,-1,0,Edelweiss Nifty Midcap150 Momentum 50 Index Fund - Direct Plan - Growth (91044592504 / 0),,,0,29,1,0,150,0.0,36000.0,,,,
503111,-1,200040,-1,0,Muthoot Fincorp NCD 9.1% 12/02/2032 (ISIN INE549K07HI2),,,65536,29,1,0,150,0.0,199000.0,,,,
500384,-1,200061,-1,0,Nippon India Tax Saver Fund - Direct Plan Growth Plan - Growth Option (499149081794 / 0),,,65536,29,1,0,150,0.0,0.0,,,,
500386,-1,200062,-1,0,HDFC Gilt Fund - Growth Plan (8261020 / 52),,,65536,29,1,0,150,0.0,0.0,,,,
500387,-1,200062,-1,0,Aditya Birla Sun Life Government Securities Fund - Long Term Plan - Growth - Regular Plan (1015951040),,,65536,29,1,0,150,0.0,0.0,,,,
500388,-1,200062,-1,0,Franklin India GOVERNMENT SECURITIES FUND - Long Term Plan - Direct - Growth (18692376 / 0),,,65536,29,1,0,150,155000.0,155000.0,,,,
500389,-1,200061,-1,0,HDFC Large Cap Fund - Growth Option - Direct Plan (8261020 / 52),,,65536,29,1,0,150,0.0,0.0,,,,
500390,-1,200061,-1,0,ICICI Prudential ELSS Tax Saver Fund - Growth (7155965 / 48),,,65536,29,1,0,150,0.0,0.0,,,,
500391,-1,200062,-1,0,HDFC Gilt Fund - Growth Option - Direct Plan (8261020 / 52),,,65536,29,1,0,150,0.0,0.0,,,,
500402,-1,200061,-1,0,Reliance Focused Large Cap Fund-Growth Plan-Growth Option (40218230070 / 0),,,65536,29,1,0,150,0.0,0.0,,,,
500403,-1,200061,-1,0,Nippon India Multi Cap Fund-Growth Plan-Growth Option (4038092286 / 0),,,65536,29,1,0,150,0.0,0.0,,,,
500404,-1,200061,-1,0,Nippon India Vision Large & Mid Cap Fund-GROWTH PLAN-Growth Option (4046479572 / 0),,,65536,29,1,0,150,0.0,0.0,,,,
500405,-1,200062,-1,0,UTI - G-Sec Fund-Growth (502261124467 / 0),,,65536,29,1,0,150,0.0,0.0,,,,
500406,-1,200062,-1,0,HDFC Balanced Fund - Growth Option (8261020 / 52),,,65536,29,1,0,150,0.0,0.0,,,,
500407,-1,200061,-1,0,HDFC INFRASTRUCTURE FUND-GROWTH OPTION (8261020 / 52),,,65536,29,1,0,150,0.0,0.0,,,,
500408,-1,200061,-1,0,HDFC ELSS Tax saver - Growth Plan (8261020 / 52),,,65536,29,1,0,150,0.0,0.0,,,,
500409,-1,200062,-1,0,Kotak Gilt-Investment Regular-Growth (2047113 / 22),,,65536,29,1,0,150,0.0,0.0,,,,
500415,-1,200061,-1,0,Nippon India Focused Fund - Direct Plan Growth Plan - Growth Option (499149081794 / 0),,,65536,29,1,0,150,0.0,0.0,,,,
500416,-1,200061,-1,0,Franklin INDIA OPPORTUNITIES FUND - Direct - Growth (18692376 / 0),,,65536,29,1,0,150,0.0,0.0,,,,
500642,-1,200061,-1,0,DSP ELSS Tax Saver Fund - Direct Plan - Growth (3315977 / 01),,,65536,29,1,0,150,150000.0,150000.0,,,,
500700,-1,200062,-1,0,ICICI Prudential Liquid Fund - Direct Plan - Growth (8356250 / 27),,,65536,29,1,0,150,0.0,0.0,,,,
500713,-1,200061,-1,0,Kotak Flexicap Fund - Growth - Direct (2047113 / 22),,,65536,29,1,0,150,76624.52,76624.52,,,,
500714,-1,200061,-1,0,Aditya Birla Sun Life Banking and Financial Services Fund - Direct Plan - Growth (1015951040),,,65536,29,1,0,150,0.0,0.0,,,,
500727,-1,200062,-1,0,Aditya Birla Sun Life Liquid Fund - Growth - Direct Plan (1015951040),,,65536,29,1,0,150,0.0,0.0,,,,
500728,-1,200062,-1,0,L&T Liquid Fund - Direct Plan -Growth (2795375 / 10),,,65536,29,1,0,150,0.0,0.0,,,,
500732,-1,200062,-1,0,HDFC Gilt Fund - Growth Option - Direct Plan (10931283 / 08),,,65536,29,1,0,150,307000.0,307000.0,,,,
500743,-1,200062,-1,0,HDFC Liquid Fund -Direct Plan - Growth Option (10931283 / 08),,,65536,29,1,0,150,0.0,0.0,,,,
500744,-1,200061,-1,0,Aditya Birla Sun Life Flexi Cap Fund - Growth - Direct Plan (1015951040),,,65536,29,1,0,150,0.0,0.0,,,,
500822,-1,200061,-1,0,Franklin India Credit Risk Fund - Direct - Growth (18692376 / 0),,,65536,29,1,0,150,0.0,0.0,,,,
500825,-1,200062,-1,0,HDFC Liquid Fund -Direct Plan - Growth Option (8261020 / 52),,,65536,29,1,0,150,0.0,0.0,,,,
500845,-1,200062,-1,0,Kotak Liquid - Growth - Direct (2047113 / 22),,,65536,29,1,0,150,312441.94,312441.94,,,,
500855,-1,200061,-1,0,Motilal Oswal Flexi cap Fund Direct Plan-Growth Option (9106362652 / 0),,,65536,29,1,0,150,0.0,0.0,,,,
500858,-1,200061,-1,0,Motilal Oswal Midcap Fund-Direct Plan-Growth Option (9106362652 / 0),,,65536,29,1,0,150,0.0,0.0,,,,
500859,-1,200061,-1,0,HSBC Infrastructure Fund - Direct Growth (2795375 / 10),,,65536,29,1,0,150,0.0,0.0,,,,
500871,-1,200061,-1,0,Motilal Oswal Ultra Short Term Fund - Direct Growth (9106362652 / 0),,,65536,29,1,0,150,0.0,0.0,,,,
500873,-1,200061,-1,0,ICICI Prudential Banking and Financial Services Fund - Direct Plan -  Growth (8356250 / 27),,,65536,29,1,0,150,148758.53,148758.53,,,,
500887,-1,200061,-1,0,Motilal Oswal Midcap Fund-Direct Plan-Growth Option (9107460662 / 0),,,65536,29,1,0,150,0.0,0.0,,,,
500896,-1,200061,-1,0,Motilal Oswal Flexi cap Fund Direct Plan-Growth Option (9107460662 / 0),,,65536,29,1,0,150,0.0,0.0,,,,
500920,-1,200061,-1,0,Mirae Asset ELSS Tax Saver Fund - Direct Plan - Growth (7999435692),,,65536,29,1,0,150,150000.0,150000.0,,,,
500921,-1,200061,-1,0,HSBC Small Cap Fund - Direct Growth (2795375 / 10),,,65536,29,1,0,150,0.0,0.0,,,,
500926,-1,200061,-1,0,HDFC Flexi Cap Fund -Direct Plan - Growth Option (8261020 / 52),,,65536,29,1,0,150,0.0,0.0,,,,
500929,-1,200061,-1,0,HDFC Housing Opportunities Fund - Growth Option - Direct Plan (13070134 / 05),,,65536,29,1,0,150,125000.0,125000.0,,,,
500935,-1,200061,-1,0,ICICI Prudential Value Fund - Series 19 - Direct Plan - Cumulative Option (8356250 / 27),,,65536,29,1,0,150,0.0,0.0,,,,
500961,-1,200062,-1,0,Franklin India Govt.Sec. Fund-Composite Plan - Growth (13333714 / 0),,,65536,29,1,0,150,0.0,0.0,,,,
500974,-1,200061,-1,0,Bandhan Focused Fund - Direct Plan - Growth (2289742 / 23),,,65536,29,1,0,150,0.0,0.0,,,,
501033,-1,200062,-1,0,DSP Liquidity Fund - Direct Plan - Growth (5537285 / 74),,,65536,29,1,0,150,206094.64,206094.64,,,,
501046,-1,200062,-1,0,DSP Liquidity Fund - Direct Plan - Growth (5548051 / 77),,,65536,29,1,0,150,905176.75,905176.75,,,,
501058,-1,200061,-1,0,Nippon India Small Cap Fund - Direct Plan Growth Plan - Growth Option (499149081794 / 0),,,65536,29,1,0,150,10000.0,10000.0,,,,
501070,-1,200061,-1,0,Mirae Asset Large Cap Fund - Direct Plan - Growth (7999435692 / 0),,,65536,29,1,0,150,100000.0,100000.0,,,,
501093,-1,200061,-1,0,Mirae Asset Large & Midcap Fund - Direct Plan - Growth (7999435692 / 0),,,65536,29,1,0,150,350000.0,350000.0,,,,
501352,-1,200062,-1,0,Nippon India Liquid Fund - Direct Plan Growth Plan - Growth Option (499217489566),,,65536,29,1,0,150,100000.0,100000.0,,,,
501367,-1,200061,-1,0,Franklin India Focused Equity Fund - Direct - Growth (22145297 / 0),,,65536,29,1,0,150,50000.0,50000.0,,,,
501368,-1,200061,-1,0,SBI BANKING & FINANCIAL SERVICES FUND - DIRECT PLAN - GROWTH (22662702),,,65536,29,1,0,150,50000.0,50000.0,,,,
501369,-1,200062,-1,0,SBI Liquid Fund - DIRECT PLAN -Growth (22662702),,,65536,29,1,0,150,75000.0,75000.0,,,,
501370,-1,200062,-1,0,Franklin India Ultra Short Bond Fund - Super Institutional Plan Direct - Growth (22145297 / 0),,,65536,29,1,0,150,1725000.0,1725000.0,,,,
501371,-1,200062,-1,0,ICICI Prudential Ultra Short Term Fund - Direct Plan - Growth (8356250 / 27),,,65536,29,1,0,150,860785.63,860785.63,,,,
501534,-1,200062,-1,0,Franklin India Ultra Short Bond Fund- Super Institutional Plan-Segregated Portfolio 1- 8.25 Vodafone Idea Ltd-10JUL20-Direct-Growth Option (22145297),,,65536,29,1,0,150,0.0,0.0,,,,
501558,-1,200062,-1,0,Bandhan Medium Duration Fund - Direct Plan - Growth (2954648/13),,,65536,29,1,0,150,0.0,0.0,,,,
501564,-1,200062,-1,0,ICICI Prudential Long Term Bond Fund - Direct Plan - Growth (8356250 / 27),,,65536,29,1,0,150,849957.5,849957.5,,,,
501573,-1,200062,-1,0,Kotak Bond - Growth - Direct (7672003/54),,,65536,29,1,0,150,0.0,0.0,,,,
501612,-1,200050,-1,0,AAVAS Financiers,,,65536,29,1,0,150,0.0,0.0,,,,
501613,-1,200050,-1,0,Asian Paints,,,65536,29,1,0,150,0.0,0.0,,,,
501614,-1,200050,-1,0,Berger Paints,,,65536,29,1,0,150,0.0,0.0,,,,
501615,-1,200050,-1,0,Dr Lal Pathlabs,,,65536,29,1,0,150,0.0,0.0,,,,
501616,-1,200050,-1,0,HDFC Life Insurance Company,,,65536,29,1,0,150,0.0,0.0,,,,
501617,-1,200050,-1,0,HDFC Limited,,,65536,29,1,0,150,0.0,0.0,,,,
501618,-1,200050,-1,0,Kotak Mahindra Bank,,,65536,29,1,0,150,0.0,0.0,,,,
501619,-1,200050,-1,0,Pidilite Industries,,,65536,29,1,0,150,0.0,0.0,,,,
501620,-1,200050,-1,0,Reliance Industries,,,65536,29,1,0,150,0.0,0.0,,,,
