IMP_ID,ACCID,DTOFIMPORT,DTTRANS,CHQNO,TREF,NARR,CRAMT,DBAMT,DuplicateVoucherNo,Notes,VID,LSERIALNUM,ROWBAL
1,29,2019-07-28 15:42:46.6608082,2019-06-13 00:00:00,0000191642200367,,L AND T FIN SERV IV200000000000000004529,0.0,5271.0,,,,-1,
2,29,2019-07-28 15:42:46.6764433,2019-06-30 00:00:00,,,CREDIT INTEREST CAPITALISED,0.0,116.0,,,,-1,
3,29,2019-07-28 15:42:46.6764433,2019-07-12 00:00:00,0000000774338118,,ACH C- SHRIRAM TRANSPORT FI-N8A071912241,0.0,28500.0,,,,-1,
4,29,2019-07-28 15:42:46.6764433,2019-07-15 00:00:00,0000191963111194,,L AND T FIN SERV IV200000000000000006710,0.0,5103.0,,,,-1,
5,29,2019-07-28 15:42:46.6764433,2019-07-15 00:00:00,0000000794588030,,ACH C- SHRIRAM TRANSPORT FI-N7R071903985,0.0,323878.0,,,,-1,
6,29,2019-07-28 15:42:46.6764433,2019-07-20 00:00:00,0000920112108065,,IMPS-920112108065-UNNATI SHAH KOTAK-KKBK-XXXXXX1915-UPS HDFC TO UPS KOTAK,135000.0,0.0,,,,-1,
7,29,2019-07-28 15:42:46.6764433,2019-07-20 00:00:00,N201190880731910,,NEFT DR-KKBK0000667-UNNATI SHAH KOTAK-NETBANK MUM-N201190880731910-UPS HDFC TO,230000.0,0.0,,,,-1,
8,29,2019-07-28 15:42:46.6764433,2019-07-26 00:00:00,MIR1920573452895,,.IMPS P2P 920112108065#20/07/2019 200719-MIR1920573452895,17.7,0.0,,,,-1,
9,29,2019-07-28 15:59:06.8444199,2019-07-26 00:00:00,KPG-0088576075,,OS 1912581915271627799023651,450000.0,0.0,,,,-1,
10,29,2019-07-28 15:59:06.8464186,2019-07-26 00:00:00,RTGSINW-0025622580,,RTGSCITIR52019072600701126,0.0,300000.0,,,,-1,
11,29,2019-07-28 15:59:06.8474183,2019-07-26 00:00:00,RTGSINW-0025622569,,RTGSCITIR52019072600701018,0.0,217303.32,,,,-1,
12,29,2019-07-28 15:59:06.8484172,2019-07-25 00:00:00,KPG-0088507418,,OS 1912581915271627795800279,450000.0,0.0,,,,-1,
13,29,2019-07-28 15:59:06.8494165,2019-07-25 00:00:00,GBM-0013427449,,IB: ETAX ITNS2800013427449,96000.0,0.0,,,,-1,
14,29,2019-07-28 15:59:06.8504158,2019-07-25 00:00:00,NEFTINW-0165783090,,NEFT AXISCN0036449372RELIANCE LIQUID FUND,0.0,101989.38,,,,-1,
15,29,2019-07-28 15:59:06.8504158,2019-07-25 00:00:00,RTGSINW-0025600145,,RTGSCITIR52019072500700965,0.0,450000.0,,,,-1,
16,29,2019-07-28 15:59:06.8514149,2019-07-24 00:00:00,NEFTINW-0165754788,,NEFT CMS1185437022 R KGLOBAL SHARES AND,0.0,100000.0,,,,-1,
17,29,2019-07-28 15:59:06.8524143,2019-07-24 00:00:00,KPG-0088448083,,OS 1912581915271627793055798,175000.0,0.0,,,,-1,
18,29,2019-07-28 15:59:06.8534141,2019-07-24 00:00:00,IMPS-920513959223,,IMPS from DSP BLACKRORef 920513020950,0.0,50000.0,,,,-1,
19,29,2019-07-28 15:59:06.8534141,2019-07-24 00:00:00,KPG-0088443345,,OS 1912581915271627792875221,200000.0,0.0,,,,-1,
20,29,2019-07-28 15:59:06.8544131,2019-07-20 00:00:00,MB-999585850561,,MB:TO PACK KOTAK,220000.0,0.0,,,,-1,
21,29,2019-07-28 15:59:06.8554129,2019-07-20 00:00:00,MB-999585879703,,MB:RECEIVED MONEYFROM CREATIVE PACKAGI,0.0,25775.0,,,,-1,
22,29,2019-07-28 15:59:06.8564121,2019-07-18 00:00:00,KPG-0088039326,,OS WWW.INSTAMOJO.COM8770988721,1500.0,0.0,,,,-1,
23,29,2019-07-28 15:59:06.8564121,2019-07-16 00:00:00,KPG-0087880416,,OS 1912581915271627765162582,75000.0,0.0,,,,-1,
24,29,2019-07-28 15:59:06.8574118,2019-07-08 00:00:00,KPG-0087270480,,OS 1912581915271627734799469,50000.0,0.0,,,,-1,
25,29,2019-07-28 15:59:06.8584111,2019-07-08 00:00:00,KPG-0087267650,,OS 1912581915271627734686781,50000.0,0.0,,,,-1,
26,29,2019-07-28 15:59:06.85941,2019-07-08 00:00:00,KPG-0087266392,,OS 1912581915271627734658831,50000.0,0.0,,,,-1,
27,29,2019-07-28 15:59:06.85941,2019-07-04 00:00:00,MB-999593106915,,MB:TO PACK KOTAK,40000.0,0.0,,,,-1,
28,29,2019-07-28 15:59:06.8624088,2019-07-02 00:00:00,MB-999594405807,,MB:TO SPS KOTAK,40000.0,0.0,,,,-1,
29,29,2019-07-28 15:59:06.8634085,2019-07-01 00:00:00,MB-999594812147,,MB:TO SPS KOTAK,35000.0,0.0,,,,-1,
30,29,2019-07-28 15:59:06.8634085,2019-07-01 00:00:00,MB-999594890671,,MB:TO PACK KOTAKInt.Pd:1912581915:01-04-,20000.0,0.0,,,,-1,
31,29,2019-07-28 15:59:06.8644074,2019-06-30 00:00:00,,,Int.Pd:1912581915:01-04-2019 to 30-06-2019,0.0,7879.0,,,,-1,
32,29,2019-07-28 15:59:06.8654069,2019-06-27 00:00:00,MB-999596473639,,MB:RECEIVED MONEYFROM ALPANA SUNIL SHA,0.0,27000.0,,,,-1,
33,29,2019-07-28 15:59:06.8664066,2019-06-27 00:00:00,EBPP-0143332467,,AP:BILLPAY FOR BPMIRMFSIP 0143332467,25000.0,0.0,,,,-1,
34,29,2019-07-28 15:59:06.8664066,2019-06-26 00:00:00,KPG-0086341639,,OS 1912581915271627688845046,400000.0,0.0,,,,-1,
35,29,2019-07-28 15:59:06.8674054,2019-06-19 00:00:00,NEFTINW-0160419334,,NEFT CMS1152394919 R KGLOBAL SHARES AND,0.0,125000.0,,,,-1,
36,29,2019-07-28 15:59:06.8684055,2019-06-11 00:00:00,MB-999603258919,,MB:RECEIVED MONEYFROM CREATIVE PACKAGI,0.0,50000.0,,,,-1,
37,29,2019-07-28 15:59:06.8694045,2019-06-11 00:00:00,MB-999603259580,,MB:RECEIVED MONEYFROM CREATIVE PACKAGI,0.0,450000.0,,,,-1,
38,29,2019-07-28 15:59:06.8694045,2019-06-07 00:00:00,MB-999604650372,,MB:TO PACK KOTAK,50000.0,0.0,,,,-1,
39,29,2019-07-28 15:59:06.8704043,2019-06-03 00:00:00,MB-999606666826,,MB:RECEIVED MONEYFROM ALPANA SUNIL SHA,0.0,25000.0,,,,-1,
40,29,2019-07-28 15:59:06.8714039,2019-06-02 00:00:00,Ref              IMPS-915319375178,,MB PPF FOR 2019 2020915319375495,150000.0,0.0,,,,-1,
41,29,2019-07-28 15:59:06.872403,2019-05-28 00:00:00,IMPS-914817879124,,MB TO PACK IOB                                     Ref914817879066,25000.0,0.0,,,,-1,
42,29,2019-07-28 15:59:06.8734024,2019-05-28 00:00:00,NEFTINW-0156922526,,NEFT CMS1133602905 R KGLOBAL SHARES AND,0.0,150000.0,,,,-1,
43,29,2019-07-28 15:59:06.8734024,2019-05-28 00:00:00,EBPP-0140675106,,AP:BILLPAY FOR BPMIRMFSIP 0140675106,25000.0,0.0,,,,-1,
44,29,2019-07-28 15:59:06.8744019,2019-05-27 00:00:00,IMPS-914709666132,,MB TO PACK                                     Ref914709666131,30000.0,0.0,,,,-1,
45,29,2019-07-28 15:59:06.8754013,2019-05-27 00:00:00,MB-999609954222,,MB:TO SPS KOTAK,10000.0,0.0,,,,-1,
46,29,2019-07-28 15:59:06.8764033,2019-05-17 00:00:00,MB-999613122114,,MB:TO PRS KOTAK,20000.0,0.0,,,,-1,
47,29,2019-07-28 15:59:06.8764033,2019-05-15 00:00:00,NEFTINW-0155300663,,NEFT N135190826761569RKGLOBAL SHARES AND,0.0,75000.0,,,,-1,
48,29,2019-07-28 15:59:06.8774024,2019-05-08 00:00:00,MB-999617103235,,MB:RECEIVED MONEYFROM ALPANA SUNIL SHA,0.0,20000.0,,,,-1,
49,29,2019-07-28 15:59:06.878402,2019-04-30 00:00:00,MB-999620768560,,MB:TO PRS KOTAK,25000.0,0.0,,,,-1,
50,29,2019-07-28 15:59:06.8794012,2019-04-28 00:00:00,EBPP-0138006708,,AP:BILLPAY FOR BPMIRMFSIP 0138006708,25000.0,0.0,,,,-1,
51,29,2019-07-28 15:59:06.8804006,2019-04-23 00:00:00,IMPS-911318891414,,IMPS from UNNATI P SH Ref911318149738,0.0,90000.0,,,,-1,
52,29,2019-07-28 15:59:06.8804006,2019-04-19 00:00:00,IMPS-910912860921,,MB TO PACK                                     Ref910912860868,150000.0,0.0,,,,-1,
53,29,2019-07-28 15:59:06.8814,2019-04-19 00:00:00,IMPS-910911785986,,MB TO PACK                                     Ref,50000.0,0.0,,,,-1,
54,29,2019-07-28 15:59:06.8823995,2019-04-16 00:00:00,IMPS-910620058985,,MB TO PACK IOB                                     Ref910620059106,55000.0,0.0,,,,-1,
55,29,2019-07-28 15:59:06.8833988,2019-04-16 00:00:00,KPG-0081120239,,OT OT RELMFDIR0081120239,100000.0,0.0,,,,-1,
56,29,2019-07-28 15:59:06.8833988,2019-04-16 00:00:00,IMPS-910612628943,,IMPS from RELIANCE NI Ref910612572156,0.0,1.0,,,,-1,
57,29,2019-07-28 15:59:06.8843983,2019-04-11 00:00:00,,,2841350-MB00000000759831,14960.0,0.0,,,,-1,
58,29,2019-07-28 15:59:06.8853976,2019-04-11 00:00:00,MB-999628398450,,MB:RECEIVED MONEYFROM PRAMESH,0.0,180000.0,,,,-1,
59,29,2019-07-28 15:59:06.8863971,2019-04-10 00:00:00,,,2827839-MB00000000754354 RVNL,14430.0,0.0,,,,-1,
60,29,2019-07-28 15:59:06.8863971,2019-04-09 00:00:00,MB-999629394176,,MB:RECEIVED MONEYFROM PRAMESH,0.0,167000.0,,,,-1,
61,29,2019-07-28 15:59:06.8873966,2019-04-08 00:00:00,IMPS-909819260297,,MB TO UNNATI DBS                                       Ref909819260703,5000.0,0.0,,,,-1,
62,29,2019-07-28 15:59:06.8883961,2019-04-04 00:00:00,MB-999631737504,,MB:TO PRS KOTAKas on 01/04/2019                          INR 494966.18,85000.0,0.0,,,,-1,
63,29,2019-07-28 16:21:55.029282,2019-04-02 00:00:00,0000007011291092,,ACH C- MAHINDRA AND MAHINDR-1108955,0.0,5580.0,,,,-1,
64,29,2019-07-28 16:21:55.0362127,2019-04-15 00:00:00,0000191051521248,,L AND T FIN SERV IV200000000000000000235,0.0,5271.0,,,,-1,
65,29,2019-07-28 16:21:55.0372113,2019-04-20 00:00:00,0000009266392735,,ACH C- MUTHOOT FINANCE LIMI-7CN87553,0.0,77490.0,,,,-1,
66,29,2019-07-28 16:21:55.0382107,2019-04-26 00:00:00,MIR1911629319598,,.IMPS P2P 911318149738#23/04/2019 240419-MIR1911629319598,5.9,0.0,,,,-1,
67,29,2019-07-28 16:21:55.03921,2019-05-13 00:00:00,0000191331778233,,L AND T FIN SERV IV200000000000000002378,0.0,5103.0,,,,-1,
68,31,2019-07-28 18:51:52.9890353,2019-04-02 00:00:00,0000000000000018,,FT - CR - 00801000031775 - PRAMESH R SHAH,0.0,38000.0,,,,-1,
69,31,2019-07-28 18:51:52.9911669,2019-04-04 00:00:00,N094190793490646,,NEFT DR-KKBK0000634-SAAHIL SHAH-NETBANKMUM-N094190793490646-TO SPS KOTAK,130000.0,0.0,,,,-1,
70,31,2019-07-28 18:51:52.9911669,2019-04-20 00:00:00,0000009266392736,,ACH C- MUTHOOT FINANCE LIMI-7CN87554,0.0,18000.0,,,,-1,
71,31,2019-07-28 18:51:52.9921663,2019-04-23 00:00:00,0000911318150725,,IMPS-911318150725-SAAHIL SHAH-KKBK-XXXXXX1141-TO SPS KOTAK,20000.0,0.0,,,,-1,
72,31,2019-07-28 18:51:52.9931655,2019-04-26 00:00:00,MIR1911629319608,,.IMPS P2P 911318150725#23/04/2019 240419-MIR1911629319608,5.9,0.0,,,,-1,
73,31,2019-07-28 18:51:52.9941648,2019-05-15 00:00:00,000CMS1113621297,,NEFT CR-ICIC0000104-KARVY STOCK BROKINGLIMITED-SAAHIL P SHAH-CMS1113621297,0.0,2500.0,,,,-1,
74,31,2019-07-28 18:51:52.9951644,2019-06-30 00:00:00,,,CREDIT INTEREST CAPITALISED,0.0,73.0,,,,-1,
75,31,2019-07-28 18:51:52.9951644,2019-07-08 00:00:00,MIR1918626832722,,AMB CHRG INCL GST FOR JUN2019-MIR1918626832722,531.0,0.0,,,,-1,
76,31,2019-07-28 18:51:52.9961639,2019-07-08 00:00:00,MIR1918626692110,,AMB CHRG INCL GST FOR MAY2019-MIR1918626692110,531.0,0.0,,,,-1,
77,31,2019-07-28 18:51:52.9971632,2019-07-12 00:00:00,0000000774338340,,ACH C- SHRIRAM TRANSPORT FI-N8A071912463,0.0,12350.0,,,,-1,
78,31,2019-07-28 18:51:52.9981627,2019-07-20 00:00:00,N201190880736732,,NEFT DR-KKBK0000634-SAAHIL SHAH-NETBANKMUM-N201190880736732-SPS HDFC TO SPS KO,14000.0,0.0,,,,-1,
79,31,2019-07-28 18:51:52.9981627,2019-07-25 00:00:00,0000920611596407,,IMPS-920611596407-SAAHIL PRAMESH SHAH-HDFC-XXXXXX1141-MB: TO SPS HDFC,0.0,48000.0,,,,-1,
80,31,2019-07-28 18:51:52.9991621,2019-07-25 00:00:00,IB25110615332228,,051030825071902545- CBDT TAX,48000.0,0.0,,,,-1,
81,30,2019-07-28 19:14:23.6042242,2019-04-02 00:00:00,0000008695762680,,ACH C- MUTHOOT FINANCE LIMI-7CK417008,0.0,765.0,,,,-1,
82,30,2019-07-28 19:14:23.6042242,2019-04-02 00:00:00,0000000000000018,,FT - DR - 00801000054356 - SAAHIL PRAMESH SHAH,38000.0,0.0,,,,-1,
83,30,2019-07-28 19:14:23.6042242,2019-04-03 00:00:00,0000000000004022,,CHQ DEP MICR 08-MUM CLG - MICR CLG - MUM,0.0,247911.0,,,,-1,
84,30,2019-07-28 19:14:23.6042242,2019-04-04 00:00:00,N094190793490318,,NEFT DR-KKBK0000634-SAAHIL SHAH-NETBANKMUM-N094190793490318-TO SPEND KOTAK,109000.0,0.0,,,,-1,
85,30,2019-07-28 19:14:23.6042242,2019-04-09 00:00:00,0000909911335430,,IMPS-909911335430-PRAMESH SHAH-KKBK-XXXXXX6081-TO PRS KOTAK,200000.0,0.0,,,,-1,
86,30,2019-07-28 19:14:23.6042242,2019-04-11 00:00:00,3304220190411764,,MONTHLY INTEREST CREDIT 50300030938637,0.0,617.0,,,,-1,
87,30,2019-07-28 19:14:23.6042242,2019-04-11 00:00:00,3304220190411764,,MONTHLY INTEREST CREDIT 50300030939041,0.0,617.0,,,,-1,
88,30,2019-07-28 19:14:23.6042242,2019-04-16 00:00:00,MIR1910599722226,,.IMPS P2P 909911335430#09/04/2019 090419-MIR1910599722226,17.7,0.0,,,,-1,
89,30,2019-07-28 19:14:23.6042242,2019-04-22 00:00:00,ICIB191120004438,,NEFT CR-ICIC0000105-UPPCL BOND SERVICINGACCOUNT-PRAMESH RAJENDRA SHAH-ICIB19112,0.0,24308.0,,,,-1,
90,30,2019-07-28 19:14:23.6198428,2019-04-26 00:00:00,0000911612189018,,IMPS-911612189018-PRAMESH SHAH-KKBK-XXXXXX6081-PRS KOTAK,75000.0,0.0,,,,-1,
91,30,2019-07-28 19:14:23.6198428,2019-04-26 00:00:00,0000911612193573,,IMPS-911612193573-PRAMESH SHAH-KKBK-XXXXXX6081-TO PRS KOTAK,20000.0,0.0,,,,-1,
92,30,2019-07-28 19:14:23.6198428,2019-05-02 00:00:00,0000009401993907,,ACH C- MUTHOOT FINANCE LIMI-7CK418605,0.0,741.0,,,,-1,
93,30,2019-07-28 19:14:23.6198428,2019-05-02 00:00:00,MIR1912131645009,,.IMPS P2P 911612189018#26/04/2019 260419-MIR1912131645009,5.9,0.0,,,,-1,
94,30,2019-07-28 19:14:23.6198428,2019-05-02 00:00:00,MIR1912131638279,,.IMPS P2P 911612193573#26/04/2019 260419-MIR1912131638279,5.9,0.0,,,,-1,
95,30,2019-07-28 19:14:23.6198428,2019-05-11 00:00:00,3304220190511762,,MONTHLY INTEREST CREDIT 50300030938637,0.0,597.0,,,,-1,
96,30,2019-07-28 19:14:23.6198428,2019-05-11 00:00:00,3304220190511762,,MONTHLY INTEREST CREDIT 50300030939041,0.0,597.0,,,,-1,
97,30,2019-07-28 19:14:23.6198428,2019-05-20 00:00:00,0000000000000016,,FT - CR - 00051140014415 - AANSH PRASHANT DESAI,0.0,3640.0,,,,-1,
98,30,2019-07-28 19:14:23.6198428,2019-05-29 00:00:00,0000191494091800,,20190529048060636727/PAYTMIRCTCECATERING,1427.29,0.0,,,,-1,
99,30,2019-07-28 19:14:23.6198428,2019-05-31 00:00:00,0000191515703014,,20190531048291933770/PAYTMIRCTCECATERING,1427.29,0.0,,,,-1,
100,30,2019-07-28 19:14:23.6198428,2019-06-01 00:00:00,0000009981591793,,ACH C- MUTHOOT FINANCE LIMI-7CK420207,0.0,765.0,,,,-1,
101,30,2019-07-28 19:14:23.6198428,2019-06-03 00:00:00,0000097947000007,,00210340000107-CLIENT PAYOUT A070780,0.0,631.0,,,,-1,
102,30,2019-07-28 19:14:23.6198428,2019-06-11 00:00:00,3304220190611779,,MONTHLY INTEREST CREDIT 50300030938637,0.0,617.0,,,,-1,
103,30,2019-07-28 19:14:23.6198428,2019-06-11 00:00:00,3304220190611779,,MONTHLY INTEREST CREDIT 50300030939041,0.0,617.0,,,,-1,
104,30,2019-07-28 19:14:23.6198428,2019-06-20 00:00:00,0190620270015305,,GST/BANK REFERENCE NO: R1917112241557/CIN NO: HDFC19062700574141,14243.0,0.0,,,,-1,
105,30,2019-07-28 19:14:23.6354674,2019-06-21 00:00:00,IOBAN19172010500,,NEFT CR-IOBA0000205-CREATIVE ENTERPRISE-PRAMESH SHAH-IOBAN19172010500,0.0,14243.0,,,,-1,
106,30,2019-07-28 19:14:23.6354674,2019-06-30 00:00:00,,,CREDIT INTEREST CAPITALISED,0.0,331.0,,,,-1,
107,30,2019-07-28 19:14:23.6354674,2019-06-30 00:00:00,,,DEBIT INTEREST CAPITALIZED,2.0,0.0,,,,-1,
108,30,2019-07-28 19:14:23.6354674,2019-07-01 00:00:00,0000000547184880,,ACH C- MUTHOOT FINANCE LIMI-7CK421817,0.0,741.0,,,,-1,
109,30,2019-07-28 19:14:23.6354674,2019-07-11 00:00:00,3304220190711770,,MONTHLY INTEREST CREDIT 50300030938637,0.0,597.0,,,,-1,
110,30,2019-07-28 19:14:23.6354674,2019-07-11 00:00:00,3304220190711770,,MONTHLY INTEREST CREDIT 50300030939041,0.0,597.0,,,,-1,
111,30,2019-07-28 19:14:23.6354674,2019-07-12 00:00:00,0000000774338115,,ACH C- SHRIRAM TRANSPORT FI-N8A071912238,0.0,57000.0,,,,-1,
112,30,2019-07-28 19:14:23.6354674,2019-07-19 00:00:00,ICIB192000013162,,NEFT CR-ICIC0000105-UPPCL BOND SERVICINGACCOUNT-PRAMESH RAJENDRA SHAH-ICIB19200,0.0,23507.0,,,,-1,
113,30,2019-07-28 19:14:23.6354674,2019-07-20 00:00:00,0000920112105412,,IMPS-920112105412-PRAMESH SHAH-KKBK-XXXXXX6081-HDFC PRS TO KOTAK PRS,85000.0,0.0,,,,-1,
114,30,2019-07-28 19:14:23.6354674,2019-07-25 00:00:00,IB25110309694277,,051030825071902396- CBDT TAX,90000.0,0.0,,,,-1,
115,30,2019-07-28 19:14:23.6354674,2019-07-25 00:00:00,0000920611595657,,IMPS-920611595657-PRAMESH RAJENDRA SHA-HDFC-XXXXXX6081-MB: TO PRS HDFC,0.0,90000.0,,,,-1,
116,30,2019-07-28 19:14:23.6354674,2019-07-26 00:00:00,0000192073668527,,101907030253262/CITRUSAIRTEL,235.0,0.0,,,,-1,
117,30,2019-07-28 19:14:23.6354674,2019-07-26 00:00:00,MIR1920573455012,,.IMPS P2P 920112105412#20/07/2019 200719-MIR1920573455012,5.9,0.0,,,,-1,
118,30,2019-07-28 19:34:20.1462281,2019-04-01 00:00:00,EBPP-,,AP:BILLPAY FOR BP MIRMFSIP,25000.0,0.0,,,,-1,
119,30,2019-07-28 19:34:20.1462281,2019-04-04 00:00:00,,,MB:RECEIVED MONEY FROM SAAHIL MB-,0.0,25000.0,,,,-1,
120,30,2019-07-28 19:34:20.1462281,2019-04-04 00:00:00,,,MB:RECEIVED MONEY FROM SAAHIL MB-,0.0,84000.0,,,,-1,
121,30,2019-07-28 19:34:20.1462281,2019-04-04 00:00:00,,,MB:RECEIVED MONEY FROM UNNATI MB-,0.0,85000.0,,,,-1,
122,30,2019-07-28 19:34:20.1462281,2019-04-05 00:00:00,EBPP-,,AP:BILLPAY FOR BP HDFCMF,7500.0,0.0,,,,-1,
123,30,2019-07-28 19:34:20.1462281,2019-04-09 00:00:00,RTGSINW-,,RTGS HDFCR52019040973063658,0.0,350000.0,,,,-1,
124,30,2019-07-28 19:34:20.1462281,2019-04-09 00:00:00,MB-,,MB:TO SPS KOTAK,104000.0,0.0,,,,-1,
125,30,2019-07-28 19:34:20.1462281,2019-04-09 00:00:00,MB-,,MB:TO UPS KOTAK,167000.0,0.0,,,,-1,
126,30,2019-07-28 19:34:20.1462281,2019-04-10 00:00:00,RTGSINW-,,RTGS HDFCR52019041073254687,0.0,400000.0,,,,-1,
127,30,2019-07-28 19:34:20.1462281,2019-04-11 00:00:00,MB-,,MB:TO UPS KOTAK,180000.0,0.0,,,,-1,
128,30,2019-07-28 19:34:20.1462281,2019-04-11 00:00:00,,,2841383-MB00000000759853,14960.0,0.0,,,,-1,
129,30,2019-07-28 19:34:20.1462281,2019-04-15 00:00:00,,,2916085-39156679 LTFNCD2 2871647,131000.0,0.0,,,,-1,
130,30,2019-07-28 19:34:20.1462281,2019-04-15 00:00:00,,,2871054-MB00000000782696,14526.0,0.0,,,,-1,
131,30,2019-07-28 19:34:20.1462281,2019-04-16 00:00:00,IMPS-,,IMPS from Customer Ref 910619758858,0.0,200000.0,,,,-1,
132,30,2019-07-28 19:34:20.1618544,2019-04-17 00:00:00,,,NEFT IOBAN19107238510 PRAMESH NEFTINW-,0.0,60000.0,,,,-1,
133,30,2019-07-28 19:34:20.1618544,2019-04-18 00:00:00,KPG-,,OS 2012066081 271627451227050,100000.0,0.0,,,,-1,
134,30,2019-07-28 19:34:20.1618544,2019-04-26 00:00:00,KPG-,,OT UPSTOX 2012066081,450000.0,0.0,,,,-1,
135,30,2019-07-28 19:34:20.1618544,2019-04-26 00:00:00,KPG-,,OT UPSTOX 2012066081,60000.0,0.0,,,,-1,
136,30,2019-07-28 19:34:20.1618544,2019-04-30 00:00:00,MB-,,MB:RECEIVED MONEY FROM UNNATI,0.0,25000.0,,,,-1,
137,30,2019-07-28 19:34:20.1618544,2019-05-01 00:00:00,EBPP-,,AP:BILLPAY FOR BP MIRMFSIP,25000.0,0.0,,,,-1,
138,30,2019-07-28 19:34:20.1618544,2019-05-06 00:00:00,EBPP-,,AP:BILLPAY FOR BP HDFCMF,7500.0,0.0,,,,-1,
139,30,2019-07-28 19:34:20.1618544,2019-05-16 00:00:00,,,CASH DEPOSIT BY SELF AT WARDEN,0.0,8050.0,,,,-1,
140,30,2019-07-28 19:34:20.1618544,2019-05-17 00:00:00,MB-,,MB:RECEIVED MONEY FROM UNNATI,0.0,20000.0,,,,-1,
141,30,2019-07-28 19:34:20.1618544,2019-05-27 00:00:00,IMPS-,,MB TO ENTERPRISE     Ref,25000.0,0.0,,,,-1,
142,30,2019-07-28 19:34:20.1618544,2019-05-27 00:00:00,NEFTINW-,,NEFT CMS1132425281 R K GLOBAL,0.0,150000.0,,,,-1,
143,30,2019-07-28 19:34:20.1618544,2019-05-27 00:00:00,IMPS-,,MB TO PRS HUF      Ref,7000.0,0.0,,,,-1,
144,30,2019-07-28 19:34:20.1618544,2019-05-28 00:00:00,IMPS-,,MB TO PRS HUF      Ref,5000.0,0.0,,,,-1,
145,30,2019-07-28 19:34:20.1618544,2019-05-29 00:00:00,NEFTINW-,,NEFT CMS1134401157 R K GLOBAL,0.0,150000.0,,,,-1,
146,30,2019-07-28 19:34:20.1618544,2019-05-30 00:00:00,NEFTINW-,,NEFT CMS1136045803 R K GLOBAL,0.0,100000.0,,,,-1,
147,30,2019-07-28 19:34:20.1618544,2019-05-31 00:00:00,EBPP-,,AP:BILLPAY FOR BP MIRMFSIP,25000.0,0.0,,,,-1,
148,30,2019-07-28 19:34:20.1618544,2019-06-05 00:00:00,EBPP-,,AP:BILLPAY FOR BP HDFCMF,7500.0,0.0,,,,-1,
149,30,2019-07-28 19:34:20.1618544,2019-06-06 00:00:00,KPG-,,OS 2012066081 271627618486603,50000.0,0.0,,,,-1,
150,30,2019-07-28 19:34:20.1618544,2019-06-07 00:00:00,KPG-,,OT UPSTOX 2012066081,200000.0,0.0,,,,-1,
151,30,2019-07-28 19:34:20.1774787,2019-06-07 00:00:00,KPG-,,OT UPSTOX 2012066081,118000.0,0.0,,,,-1,
152,30,2019-07-28 19:34:20.1774787,2019-06-07 00:00:00,NEFTINW-,,NEFT CMS1143537325 R K GLOBAL,0.0,250000.0,,,,-1,
153,30,2019-07-28 19:34:20.1774787,2019-06-20 00:00:00,IMPS-,,MB TO ENTERPRISE IOB Ref,15000.0,0.0,,,,-1,
154,30,2019-07-28 19:34:20.1774787,2019-06-21 00:00:00,K8047,,FUND TRANSFERRED TO KSEC,10375.0,0.0,,,,-1,
155,30,2019-07-28 19:34:20.1774787,2019-06-24 00:00:00,MB-,,MB:TO SPS KOTAK,190000.0,0.0,,,,-1,
156,30,2019-07-28 19:34:20.1774787,2019-06-26 00:00:00,,,IMPS from Custome Ref 917712374441 IMPS-,0.0,130000.0,,,,-1,
157,30,2019-07-28 19:34:20.1774787,2019-06-26 00:00:00,MB-,,MB:TO PRS HUF KOTAK,50000.0,0.0,,,,-1,
158,30,2019-07-28 19:34:20.1774787,2019-06-26 00:00:00,MB-,,MB:TO SPS KOTAK,15000.0,0.0,,,,-1,
159,30,2019-07-28 19:34:20.1774787,2019-06-28 00:00:00,MB-,,MB:TO PRS HUF KOTAK,80000.0,0.0,,,,-1,
160,30,2019-07-28 19:34:20.1774787,2019-06-30 00:00:00,,,Int.Pd:2012066081:01-04-2019 to 30-06-,0.0,4044.0,,,,-1,
161,30,2019-07-28 19:34:20.1774787,2019-07-02 00:00:00,,,NEFT CMS1163847112 R K GLOBAL NEFTINW-,0.0,200000.0,,,,-1,
162,30,2019-07-28 19:34:20.1774787,2019-07-05 00:00:00,EBPP-,,AP:BILLPAY FOR BP HDFCMF,7500.0,0.0,,,,-1,
163,30,2019-07-28 19:34:20.1774787,2019-07-05 00:00:00,,,NEFT CMS1167532432 R K GLOBAL NEFTINW-,0.0,125000.0,,,,-1,
164,30,2019-07-28 19:34:20.1774787,2019-07-08 00:00:00,,,NEFT CMS1169568552 R K GLOBAL NEFTINW-,0.0,125000.0,,,,-1,
165,30,2019-07-28 19:34:20.1774787,2019-07-24 00:00:00,IMPS-,,IMPS from INGENICO EP Ref,0.0,1.0,,,,-1,
166,30,2019-07-28 19:34:20.1774787,2019-07-24 00:00:00,KPG-,,OS 20120666081 271627792841946,100000.0,0.0,,,,-1,
167,30,2019-07-28 19:34:20.1774787,2019-07-24 00:00:00,IMPS-,,IMPS from AXIS MUTUAL Ref,0.0,50000.0,,,,-1,
168,30,2019-07-28 19:34:20.1931029,2019-07-25 00:00:00,NEFTINW-,,NEFT AXISCN0036460095 AXIS,0.0,51879.2,,,,-1,
169,30,2019-07-28 19:34:20.1931029,2019-07-25 00:00:00,,,NEFT AXISCN0036448821 RELIANCE NEFTINW-,0.0,51725.02,,,,-1,
170,30,2019-07-28 19:34:20.1931029,2019-07-25 00:00:00,KPG-,,OS 2012066081 271627795827100,400000.0,0.0,,,,-1,
171,30,2019-07-28 19:34:20.1931029,2019-07-25 00:00:00,IMPS-,,IMPS from INGENICO EP Ref,0.0,1.0,,,,-1,
172,30,2019-07-28 19:34:20.1931029,2019-07-25 00:00:00,,,NEFT CMS1186468896 R K GLOBAL NEFTINW-,0.0,100000.0,,,,-1,
173,30,2019-07-28 19:34:20.1931029,2019-07-26 00:00:00,KPG-,,OS 20120666081,200000.0,0.0,,,,-1,
174,32,2019-07-28 20:25:38.6988804,2019-04-11 00:00:00,,,FROM ENTERPRISE-NET@115957,0.0,75000.0,,,,-1,
175,32,2019-07-28 20:25:38.7144977,2019-04-11 00:00:00,,,FROM ENTERPRISE-NET@117836,0.0,50000.0,,,,-1,
176,32,2019-07-28 20:25:38.7144977,2019-04-11 00:00:00,,,FROM ENTERPRISE-NET@117914,0.0,40000.0,,,,-1,
177,32,2019-07-28 20:25:38.7144977,2019-04-16 00:00:00,,,TRTR/910619758858/IMPS/16-04- 2019 19:25:23,200000.0,0.0,,,,-1,
178,32,2019-07-28 20:25:38.7144977,2019-04-16 00:00:00,,,IMPS CHARGES/910619758858,17.7,0.0,,,,-1,
179,32,2019-07-28 20:25:38.7144977,2019-04-17 00:00:00,,,CHARGES FOR PORD CUSTOMER PAYMENT :000169504885,4.72,0.0,,,,-1,
180,32,2019-07-28 20:25:38.7144977,2019-04-17 00:00:00,,,NEFT-KKBK-IOBAN19107238510- PRAMESH SH-TO PRS INDIV,60000.0,0.0,,,,-1,
181,32,2019-07-28 20:25:38.7144977,2019-05-01 00:00:00,,,INT.PD:05-02-2019 TO 30-04- 2019:020501000023127,0.0,351.0,,,,-1,
182,32,2019-07-28 20:25:38.7144977,2019-05-27 00:00:00,,,TRTR/914716031802/IMPS/PRAMES H RAJENDRA SHA,0.0,7000.0,,,,-1,
183,32,2019-07-28 20:25:38.7144977,2019-05-28 00:00:00,,,TRTR/914814737963/IMPS/PRAMES H RAJENDRA SHA,0.0,5000.0,,,,-1,
184,32,2019-07-28 20:25:38.7144977,2019-06-13 00:00:00,,,PRAMESH SHAH HUF,11000.0,0.0,,,,-1,
185,32,2019-07-28 20:25:38.7144977,2019-06-26 00:00:00,,,TRTR/917713279551/IMPS/PRAMES H SHAH HUF,0.0,10000.0,,,,-1,
186,32,2019-07-28 20:25:38.7144977,2019-06-28 00:00:00,,,CHRGS- SMS ALERT JUNE2019,17.7,0.0,,,,-1,
187,31,2019-07-28 20:32:29.824972,2019-04-04 00:00:00,NEFTINW-,,NEFT CMS1093123310 R K GLOBAL,0.0,125000.0,,,,-1,
188,31,2019-07-28 20:32:29.824972,2019-04-04 00:00:00,MB-,,MB:TO PRS KOTAK,25000.0,0.0,,,,-1,
189,31,2019-07-28 20:32:29.824972,2019-04-04 00:00:00,MB-,,MB:TO PRS KOTAK,84000.0,0.0,,,,-1,
190,31,2019-07-28 20:32:29.824972,2019-04-04 00:00:00,,,NEFT N094190793490318 PRAMESH R NEFTINW-,0.0,109000.0,,,,-1,
191,31,2019-07-28 20:32:29.824972,2019-04-08 00:00:00,IMPS-,,MB PPF INV FOR 1920 Ref,150000.0,0.0,,,,-1,
192,31,2019-07-28 20:32:29.824972,2019-04-09 00:00:00,MB-,,MB:RECEIVED MONEY FROM,0.0,104000.0,,,,-1,
193,31,2019-07-28 20:32:29.824972,2019-04-10 00:00:00,,,2827836-MB00000000754352 RVNL,14430.0,0.0,,,,-1,
194,31,2019-07-28 20:32:29.824972,2019-04-11 00:00:00,,,2841340-MB00000000759824,14960.0,0.0,,,,-1,
195,31,2019-07-28 20:32:29.824972,2019-04-16 00:00:00,KPG-,,OTKOTAMC 364479,100000.0,0.0,,,,-1,
196,31,2019-07-28 20:32:29.8410507,2019-04-16 00:00:00,KPG-,,OS 1712151141 271627445227902,100000.0,0.0,,,,-1,
197,31,2019-07-28 20:32:29.8420498,2019-04-16 00:00:00,IMPS-,,MB TO PRINTERS       Ref,150000.0,0.0,,,,-1,
198,31,2019-07-28 20:32:29.8430541,2019-04-18 00:00:00,KPG-,,OS 1712151141 271627451260728,100000.0,0.0,,,,-1,
199,31,2019-07-28 20:32:29.8440507,2019-04-22 00:00:00,IMPS-,,IMPS from NOVARRIS FA Ref,0.0,566.05,,,,-1,
200,31,2019-07-28 20:32:29.8450495,2019-04-22 00:00:00,IMPS-,,IMPS from NOVARRIS FA Ref,0.0,584.96,,,,-1,
201,31,2019-07-28 20:32:29.8460487,2019-04-22 00:00:00,UPI-,,UPI/av.pranay@o/911222620869/Parkin,0.0,50.0,,,,-1,
202,31,2019-07-28 20:32:29.8470479,2019-05-04 00:00:00,,,2925093-MB00000000788853 NEOGEN,13975.0,0.0,,,,-1,
203,31,2019-07-28 20:32:29.8470479,2019-05-06 00:00:00,,,NEFT N126190818230144 RKGLOBAL NEFTINW-,0.0,34889.78,,,,-1,
204,31,2019-07-28 20:32:29.8490472,2019-05-08 00:00:00,,,NEFT N128190820973695 RKGLOBAL NEFTINW-,0.0,43974.0,,,,-1,
205,31,2019-07-28 20:32:29.8500462,2019-05-18 00:00:00,IMPS-,,MB TO PRINTERS       Ref,70000.0,0.0,,,,-1,
206,31,2019-07-28 20:32:29.8510457,2019-05-24 00:00:00,IMPS-,,MB TO IOB PRINT      Ref,40000.0,0.0,,,,-1,
207,31,2019-07-28 20:32:29.8520452,2019-05-27 00:00:00,IMPS-,,MB TO PRINTERS        Ref,70000.0,0.0,,,,-1,
208,31,2019-07-28 20:32:29.8530444,2019-05-27 00:00:00,,,MB:RECEIVED MONEY FROM UNNATI MB-,0.0,10000.0,,,,-1,
209,31,2019-07-28 20:32:29.8530444,2019-05-27 00:00:00,IMPS-,,MB TO IOB PRINT      Ref,10000.0,0.0,,,,-1,
210,31,2019-07-28 20:32:29.8540436,2019-06-20 00:00:00,,,UPI/9819295560@/917115329285/NA UPI-,125.0,0.0,,,,-1,
211,31,2019-07-28 20:32:29.8550434,2019-06-24 00:00:00,,,IMPS from Custome Ref 917510679468 IMPS-,0.0,17000.0,,,,-1,
212,31,2019-07-28 20:32:29.8560429,2019-06-24 00:00:00,MB-,,MB:RECEIVED MONEY FROM,0.0,190000.0,,,,-1,
213,31,2019-07-28 20:32:29.8560429,2019-06-24 00:00:00,MB-,,MB:TO PRINTERS KOTAK,200000.0,0.0,,,,-1,
214,31,2019-07-28 20:32:29.8570421,2019-06-24 00:00:00,MB-,,MB:TO PRINTERS KOTAK,7000.0,0.0,,,,-1,
215,31,2019-07-28 20:32:29.8580422,2019-06-24 00:00:00,MB-,,MB:TO PRINTERS KOTAK,2000.0,0.0,,,,-1,
216,31,2019-07-28 20:32:29.8590411,2019-06-26 00:00:00,MB-,,MB:RECEIVED MONEY FROM,0.0,15000.0,,,,-1,
217,31,2019-07-28 20:32:29.8600426,2019-06-30 00:00:00,,,Int.Pd:1712151141:01-04-2019 to 30-06-,0.0,1996.0,,,,-1,
218,31,2019-07-28 20:32:29.8600426,2019-07-01 00:00:00,,,MB:RECEIVED MONEY FROM UNNATI MB-,0.0,35000.0,,,,-1,
219,31,2019-07-28 20:32:29.8610399,2019-07-02 00:00:00,,,MB:RECEIVED MONEY FROM UNNATI MB-,0.0,40000.0,,,,-1,
220,31,2019-07-28 20:32:29.8620393,2019-07-02 00:00:00,MB-,,MB:TO PRINTERS KOTAK,40000.0,0.0,,,,-1,
221,31,2019-07-28 20:32:29.8630388,2019-07-02 00:00:00,,,MB:TO PRINTERS KOTAK(Value Date: MB-,15000.0,0.0,,,,-1,
222,31,2019-07-28 20:32:29.8640384,2019-07-04 00:00:00,MB-,,MB:TO PRINTERS KOTAK,37000.0,0.0,,,,-1,
223,31,2019-07-28 20:32:29.8640384,2019-07-08 00:00:00,MB-,,MB:RECEIVED MONEY FROM,0.0,450000.0,,,,-1,
224,31,2019-07-28 20:32:29.8650375,2019-07-11 00:00:00,IMPS-,,IMPS from NOVARRI Ref,0.0,1990.66,,,,-1,
225,31,2019-07-28 20:32:29.8660371,2019-07-11 00:00:00,IMPS-,,IMPS from NOVARRI Ref,0.0,2212.5,,,,-1,
226,31,2019-07-28 20:32:29.8670361,2019-07-11 00:00:00,IMPS-,,IMPS from NOVARRI Ref,0.0,1725.16,,,,-1,
227,31,2019-07-28 20:32:29.8670361,2019-07-11 00:00:00,,,IMPS from NOVARRI Ref           IMPS-,0.0,2355.27,,,,-1,
228,31,2019-07-28 20:32:29.868036,2019-07-12 00:00:00,,,IMPS from NOVARRI Ref           IMPS-,0.0,2507.5,,,,-1,
229,31,2019-07-28 20:32:29.8690352,2019-07-14 00:00:00,,,IMPS from NOVARRIS FA Ref       IMPS-,0.0,1416.0,,,,-1,
230,31,2019-07-28 20:32:29.8700347,2019-07-17 00:00:00,,,OS 1712151141 271627768264984   KPG-,300000.0,0.0,,,,-1,
231,31,2019-07-28 20:32:29.8710343,2019-07-20 00:00:00,,,MB CREATIVE PRINTERS Ref        IMPS-,25775.0,0.0,,,,-1,
232,31,2019-07-28 20:32:29.8710343,2019-07-24 00:00:00,,,IMPS from DSP BLACKRO Ref       IMPS-,0.0,50000.0,,,,-1,
233,31,2019-07-28 20:32:29.8720336,2019-07-24 00:00:00,,,IMPS from AXIS MUTUAL Ref       IMPS-,0.0,50000.0,,,,-1,
234,31,2019-07-28 20:32:29.873033,2019-07-25 00:00:00,,,NEFT AXISCN0036459108 AXIS      NEFTINW-,0.0,51879.2,,,,-1,
235,31,2019-07-28 20:32:29.8740324,2019-07-25 00:00:00,,,OS 1712151141 271627795847707   KPG-,100000.0,0.0,,,,-1,
236,31,2019-07-28 20:32:29.8750319,2019-07-28 00:00:00,,,AP:BILLPAY FOR BP MIRMFSIP      EBPP-,25000.0,0.0,,,,-1,
237,30,2019-08-21 15:53:40.8468159,2019-07-29 00:00:00,0000007060630210,,ACH C- HIL LTD.FIN_DI_18_19-00010414,0.0,125.0,,,,-1,
238,30,2019-08-21 15:53:40.8518025,2019-08-01 00:00:00,0000001119895646,,ACH C- MUTHOOT FINANCE LIMI-7CK423423,0.0,765.0,,,,-1,
239,30,2019-08-21 15:53:40.8527998,2019-08-08 00:00:00,0000192205350969,,08082019300196/RKGLOBALSHAREANDSECU,60000.0,0.0,,,,-1,
240,30,2019-08-21 15:53:40.8537971,2019-08-11 00:00:00,3304220190811770,,MONTHLY INTEREST CREDIT 50300030938637,0.0,617.0,,,,-1,
241,30,2019-08-21 15:53:40.8547944,2019-08-11 00:00:00,3304220190811770,,MONTHLY INTEREST CREDIT 50300030939041,0.0,617.0,,,,-1,
242,30,2019-08-21 15:53:40.8547944,2019-08-16 00:00:00,0000192282285309,,QHDF7879613670/BILLDKRELIANCEJIOINF,149.0,0.0,,,,-1,
243,30,2019-08-21 15:53:40.8557917,2019-08-19 00:00:00,,,IB FUNDS TRANSFER DR-00801000031785,85000.0,0.0,,,,-1,
244,30,2019-08-21 15:53:40.856789,2019-08-19 00:00:00,,,IB FUNDS TRANSFER CR-00801000031785,0.0,90000.0,,,,-1,
245,30,2019-08-21 15:53:40.8577864,2019-08-21 00:00:00,0000192335618292,,21082019300233/RKGLOBALSHAREANDSECU,40000.0,0.0,,,,-1,
246,29,2019-08-21 15:56:08.148707,2019-07-29 00:00:00,CITIR52019072900,,RTGS CR-CITI0100000-DSP MUTUAL FUND REDEMPTION AC-UNNATI PRAMESH SHAH-CITIR52019,0.0,241269.25,,,,-1,
247,29,2019-08-21 15:56:08.1507023,2019-07-29 00:00:00,N210190885862195,,NEFT DR-KKBK0000667-UNNATI SHAH KOTAK-NETBANK MUM-N210190885862195-TO UPS KOTAK,240000.0,0.0,,,,-1,
248,29,2019-08-21 15:56:08.1526964,2019-07-29 00:00:00,0000007060629210,,ACH C- HIL LTD.FIN_DI_18_19-0009764,0.0,1125.0,,,,-1,
249,29,2019-08-21 15:56:08.1536996,2019-08-01 00:00:00,0000192133963501,,CENTURY TEXTILES DIV00000000000000014177,0.0,562.5,,,,-1,
250,29,2019-08-21 15:56:08.1546908,2019-08-08 00:00:00,0000922014171121,,IMPS-922014171121-UNNATI PRAMESH SHAH-HDFC-XXXXXX1915-MB: TO UPS HDFC,0.0,50000.0,,,,-1,
251,29,2019-08-21 15:56:08.1556882,2019-08-08 00:00:00,0000192205356050,,08082019300199/RKGLOBALSHAREANDSECU,50000.0,0.0,,,,-1,
252,29,2019-08-21 15:56:08.1566857,2019-08-13 00:00:00,0000148523700283,,KMMF REDEMPTIONS-KMMF RED,0.0,362366.5,,,,-1,
253,29,2019-08-21 15:56:08.157683,2019-08-13 00:00:00,N225190899988226,,NEFT DR-KKBK0000667-UNNATI SHAH KOTAK-NETBANK MUM-N225190899988226-TO UPS KOTAK,370000.0,0.0,,,,-1,
254,29,2019-08-21 15:56:08.1626768,2019-08-13 00:00:00,0000192255125003,,L AND T FIN SERV IV200000000000000008897,0.0,5271.0,,,,-1,
255,29,2019-08-21 15:56:08.1636669,2019-08-19 00:00:00,,,IB FUNDS TRANSFER CR-00801000031775,0.0,85000.0,,,,-1,
256,29,2019-08-21 15:56:08.1646643,2019-08-19 00:00:00,0190819270107861,,GST/BANK REFERENCE NO: R1923113465000/CIN NO: HDFC19082700528822,85396.0,0.0,,,,-1,
257,29,2019-08-21 15:56:08.1656616,2019-08-19 00:00:00,0000923119409688,,IMPS-923119409688-UNNATI PRAMESH SHAH-HDFC-XXXXXX1915-MB: KOTAK UPS TO HDFC UPS,0.0,85396.0,,,,-1,
258,29,2019-08-21 15:56:08.1666589,2019-08-19 00:00:00,,,IB FUNDS TRANSFER DR-00801000031775,90000.0,0.0,,,,-1,
259,29,2019-08-21 15:56:08.1676563,2019-08-21 00:00:00,KKBKH19233639222,,NEFT CR-KKBK0000958-UNNATI PRAMESH SHAH-UNNATI PRAMESH SHAH-KKBKH19233639222,0.0,25000.0,,,,-1,
260,31,2019-08-21 16:20:44.2675699,2019-07-29 00:00:00,UTIBR52019072900,,RTGS CR-UTIB0000004-AXIS MUTUAL FUND REDEMPTION POOL A/-SAAHIL PRAMESH SHAH-UTIB,0.0,239946.04,,,,-1,
261,31,2019-08-21 16:20:44.2695643,2019-07-29 00:00:00,0000921011195677,,IMPS-921011195677-SAAHIL SHAH-KKBK-XXXXXX1141-TO SPS KOTAK,200000.0,0.0,,,,-1,
262,31,2019-08-21 16:20:44.2715589,2019-07-29 00:00:00,N210190885865424,,NEFT DR-KKBK0000634-SAAHIL SHAH-NETBANKMUM-N210190885865424-TO SPS KOTAK,35000.0,0.0,,,,-1,
263,31,2019-08-21 16:20:44.2725568,2019-08-01 00:00:00,MIR1921383705720,,.IMPS P2P 921011195677#29/07/2019 290719-MIR1921383705720,17.7,0.0,,,,-1,
264,31,2019-08-21 16:20:44.2735539,2019-08-08 00:00:00,MIR1921888824313,,AMB CHRG INCL GST FOR JUL2019-MIR1921888824313,354.0,0.0,,,,-1,
265,32,2019-09-03 14:29:32.5028526,2019-08-21 00:00:00,MB-999571769638,,MB:TO ENTERPRISESKOTAK,30000.0,0.0,,,,-1,
266,32,2019-09-03 14:29:32.5124036,2019-08-20 00:00:00,MB-999572131973,,MB:TO ENTERPRISE,45000.0,0.0,,,,-1,
267,32,2019-09-03 14:29:32.5143979,2019-08-20 00:00:00,MB-999572189811,,MB:TO ENTERPRISE,25000.0,0.0,,,,-1,
268,32,2019-09-03 14:29:32.5153954,2019-08-19 00:00:00,IMPS-923116228509,,MB CREATIVEENTERPRISE IOB                                     Ref,40000.0,0.0,,,,-1,
269,32,2019-09-03 14:29:32.5163927,2019-08-14 00:00:00,NEFTINW-0168984591,,NEFT CITIN19016750415DSP MUTUAL FUND,0.0,25113.61,,,,-1,
270,32,2019-09-03 14:29:32.51739,2019-08-14 00:00:00,IMPS-922607950975,,Received from TEMPXX4747 IMPS REF,0.0,160643.21,,,,-1,
271,32,2019-09-03 14:29:32.5183874,2019-08-06 00:00:00,MB-999578553994,,MB:TO ENTERPRISE,30000.0,0.0,,,,-1,
272,32,2019-09-03 14:29:32.5193847,2019-08-06 00:00:00,NEFTINW-0167730980,,NEFT CITIN19013379044DSP MUTUAL FUND,0.0,30000.0,,,,-1,
273,32,2019-09-03 14:29:32.5203821,2019-08-05 00:00:00,IMPS-921721656054,,IMPS from Computer Ag Ref921721047080,0.0,1.0,,,,-1,
274,32,2019-09-03 14:29:32.5213793,2019-08-05 00:00:00,IB,,TO ENTERPRISE KOTAK,6075.0,0.0,,,,-1,
275,32,2019-09-03 14:29:32.5213793,2019-07-31 00:00:00,KPG-0088928602,,OS 5013113969271627816106045,60000.0,0.0,,,,-1,
276,32,2019-09-03 14:29:32.5233741,2019-07-29 00:00:00,KPG-0088794589,,OS 5013113969271627809768700,55000.0,0.0,,,,-1,
277,32,2019-09-03 14:29:32.5243713,2019-07-29 00:00:00,KPG-0088793651,,OS 5013113969271627809751654,100000.0,0.0,,,,-1,
278,32,2019-09-03 14:29:32.5253686,2019-07-22 00:00:00,MB-999585279559,,MB:RECEIVED MONEYFROM CREATIVE ENTERPR,0.0,50000.0,,,,-1,
279,32,2019-09-03 14:29:32.526366,2019-06-26 00:00:00,MB-999597089229,,MB:RECEIVED MONEYFROM PRAMESH,0.0,50000.0,,,,-1,
280,32,2019-09-03 15:21:04.5861296,2019-08-05 00:00:00,,,INT.PD:01-05-2019 TO 31-07- 2019:020501000023127,0.0,105.0,,,,-1,
281,32,2019-09-27 10:01:11.4531896,2019-09-25 00:00:00,,,CHRGS- SMS ALERT SEPTEMBER 2019,17.7,0.0,,,,-1,
282,30,2019-09-27 10:07:05.1058286,2019-09-09 00:00:00,0000192521725500,,QHDF7962647979/BILLDKJIOMONEY,399.0,0.0,,,,-1,
283,30,2019-09-27 10:07:05.1078315,2019-09-09 00:00:00,0000192521770608,,101909031614525/CITRUSAIRTEL,235.0,0.0,,,,-1,
284,30,2019-09-27 10:07:05.1098245,2019-09-10 00:00:00,0000192532241835,,QHDF7964905797/BILLDKJIOMONEY,399.0,0.0,,,,-1,
285,30,2019-09-27 10:07:05.1108261,2019-09-11 00:00:00,3304220190911778,,MONTHLY INTEREST CREDIT 50300030938637,0.0,617.0,,,,-1,
286,30,2019-09-27 10:07:05.1118251,2019-09-11 00:00:00,3304220190911778,,MONTHLY INTEREST CREDIT 50300030939041,0.0,617.0,,,,-1,
287,30,2019-09-27 10:07:05.1138135,2019-09-13 00:00:00,,,IB FUNDS TRANSFER DR-00801000031785,50000.0,0.0,,,,-1,
288,30,2019-09-27 10:07:05.1217992,2019-09-13 00:00:00,0000925622114782,,IMPS-925622114782-UNNATI PRAMESH SHAH-HD,0.0,50000.0,,,,-1,
289,30,2019-09-27 10:07:05.1227943,2019-09-18 00:00:00,0000192618626732,,QHDF7993989536/BILLDKJIOMONEY,349.0,0.0,,,,-1,
290,31,2019-09-27 10:17:43.3291018,2019-09-05 00:00:00,MIR1924739651778,,AMB CHRG INCL GST FOR AUG2019-MIR1924739,354.0,0.0,,,,-1,
291,29,2019-09-27 10:18:08.6573414,2019-09-12 00:00:00,0000000000000010,,I/W CHQ RETURN-MICR -SRASSK,50000.0,0.0,,,,-1,
292,29,2019-09-27 10:18:08.6593384,2019-09-12 00:00:00,0000000000000010,,I/W CHQ RETURN-MICR CTS-MUMBAI CLEAR,0.0,50000.0,,,,-1,
293,29,2019-09-27 10:18:08.6613384,2019-09-13 00:00:00,0000192566656336,,L AND T FIN SERV IV200000000000000011091,0.0,5271.0,,,,-1,
294,29,2019-09-27 10:18:08.6623308,2019-09-13 00:00:00,,,IB FUNDS TRANSFER CR-00801000031775,0.0,50000.0,,,,-1,
295,29,2019-09-27 10:18:08.6633281,2019-09-16 00:00:00,0000000000000010,,CHQ RETURN CHGS INCL GST 120919-MIR19257,413.0,0.0,,,,-1,
296,29,2019-09-27 10:18:08.6653225,2019-09-25 00:00:00,0000000129231813,,00061500046229-TPT-GADLA EXP,0.0,7955.0,,,,-1,
297,29,2019-09-27 10:18:08.6663238,2019-09-25 00:00:00,IOBAN19268634122,,NEFT CR-IOBA0000205-INDUMATI RAJENDRA SH,0.0,4000.0,,,,-1,
298,29,2019-09-27 10:18:08.6673168,2019-09-26 00:00:00,0000000000000010,,CHQ PAID-MICR CTS-MU-SRASSK,50000.0,0.0,,,,-1,
299,30,2019-10-07 08:22:30.5952921,2019-09-27 00:00:00,0000002236215442,,ACH C- TATA CAPITAL FINANCI-535306,0.0,26700.0,,,,-1,
300,30,2019-10-07 08:22:30.5952921,2019-10-01 00:00:00,,,CREDIT INTEREST CAPITALISED,0.0,111.0,,,,-1,
301,30,2019-10-07 08:22:30.5952921,2019-10-01 00:00:00,0000002351734474,,ACH C- MUTHOOT FINANCE LIMI-7CK426635,0.0,741.0,,,,-1,
302,29,2019-10-07 08:22:45.198169,2019-09-27 00:00:00,0000002236215444,,ACH C- TATA CAPITAL FINANCI-535307,0.0,84550.0,,,,-1,
303,29,2019-10-07 08:22:45.2001464,2019-10-01 00:00:00,,,CREDIT INTEREST CAPITALISED,0.0,361.0,,,,-1,
304,31,2019-10-07 08:22:55.7661725,2019-10-01 00:00:00,,,CREDIT INTEREST CAPITALISED,0.0,59.0,,,,-1,
305,30,2019-11-05 08:38:57.2125446,2019-10-11 00:00:00,3304220191011768,,MONTHLY INTEREST CREDIT 50300030938637,0.0,597.0,,,,-1,
306,30,2019-11-05 08:38:57.2175295,2019-10-11 00:00:00,3304220191011768,,MONTHLY INTEREST CREDIT 50300030939041,0.0,597.0,,,,-1,
307,30,2019-11-05 08:38:57.2185263,2019-10-16 00:00:00,0000192890635867,,16102019300263/RKGLOBALSHAREANDSECU,50000.0,0.0,,,,-1,
308,30,2019-11-05 08:38:57.2205424,2019-10-16 00:00:00,IB16104958868194,,IB FUNDS TRANSFER DR-00801000031785,87000.0,0.0,,,,-1,
309,30,2019-11-05 08:38:57.2215188,2019-10-17 00:00:00,0000192901992855,,ZP8EE9456DCB46/ZAAKINSTAMOJOTECHNOL,4725.0,0.0,,,,-1,
310,30,2019-11-05 08:38:57.2225156,2019-10-18 00:00:00,ICIB192910003227,,NEFT CR-ICIC0000105-UPPCL BOND SERVICING,0.0,24308.0,,,,-1,
311,30,2019-11-05 08:38:57.2243524,2019-11-01 00:00:00,,,DEBIT INTEREST CAPITALIZED,153.0,0.0,,,,-1,
312,30,2019-11-05 08:38:57.2253581,2019-11-01 00:00:00,0000003107497406,,ACH C- MUTHOOT FINANCE LIMI-7CK428234,0.0,765.0,,,,-1,
313,29,2019-11-05 08:41:04.8007809,2019-10-14 00:00:00,0000192877795935,,L AND T FIN SERV IV200000000000000013277,0.0,5103.0,,,,-1,
314,29,2019-11-05 08:41:04.8028115,2019-10-16 00:00:00,IB16104958868194,,IB FUNDS TRANSFER CR-00801000031775,0.0,87000.0,,,,-1,
315,29,2019-11-05 08:41:04.8037961,2019-10-16 00:00:00,0000192890712114,,16102019300296/RKGLOBALSHAREANDSECU,100000.0,0.0,,,,-1,
316,31,2019-11-05 08:41:45.6559907,2019-10-07 00:00:00,MIR1927702808309,,AMB CHRG INCL GST FOR SEP2019-MIR1927702,354.0,0.0,,,,-1,
317,31,2019-11-05 08:41:45.6589826,2019-10-29 00:00:00,0000930212256167,,IMPS-930212256167-SAAHIL PRAMESH SHAH-HD,0.0,10000.0,,,,-1,
318,31,2019-11-05 08:41:45.6599794,2019-10-29 00:00:00,0000000310762780,,00030340025017-TPT-TO RK HDFC I22099,10000.0,0.0,,,,-1,
319,31,2019-11-05 08:41:45.660981,2019-11-04 00:00:00,MIR1930875854591,,AMB CHRG INCL GST FOR OCT2019-MIR1930875,354.0,0.0,,,,-1,
320,30,2019-12-04 14:04:30.4665588,2019-11-11 00:00:00,3304220191111778,,MONTHLY INTEREST CREDIT 50300030938637,0.0,617.0,,,,-1,
321,30,2019-12-04 14:04:30.471012,2019-11-11 00:00:00,3304220191111778,,MONTHLY INTEREST CREDIT 50300030939041,0.0,617.0,,,,-1,
322,30,2019-12-04 14:04:30.4720089,2019-11-13 00:00:00,,,DEPOSITORY CHARGES OCT19 - 10278767,885.0,0.0,,,,-1,
323,30,2019-12-04 14:04:30.474004,2019-11-28 00:00:00,0000193324072502,,20191128140092491753/PAYTMWALLETLOADING,170.8,0.0,,,,-1,
324,30,2019-12-04 14:04:30.4750063,2019-11-29 00:00:00,0000193339274879,,MANAPPURAM FIN L INT00000000000077000120,0.0,985.0,,,,-1,
325,30,2019-12-04 14:04:30.4760042,2019-11-29 00:00:00,0000193339274471,,MANAPPURAM FIN L INT00000000000073000207,0.0,1040.0,,,,-1,
326,30,2019-12-04 14:04:30.4770019,2019-12-02 00:00:00,0000003723825222,,ACH C- MUTHOOT FINANCE LIMI-7CK429837,0.0,741.0,,,,-1,
327,30,2019-12-04 14:04:30.4779931,2019-12-04 00:00:00,SBIN219338734700,,NEFT CR-SBIN0011777-STATE BANK OF INDIA-,0.0,95600.0,,,,-1,
328,29,2019-12-04 14:05:54.1667974,2019-11-13 00:00:00,,,DEPOSITORY CHARGES OCT19 - 10278898,885.0,0.0,,,,-1,
329,29,2019-12-04 14:05:54.1686798,2019-11-13 00:00:00,0000193178482970,,L AND T FIN SERV IV200000000000000015470,0.0,5271.0,,,,-1,
330,29,2019-12-04 14:05:54.1697121,2019-11-29 00:00:00,0000193339274880,,MANAPPURAM FIN L INT00000000000077000121,0.0,14283.0,,,,-1,
331,29,2019-12-04 14:05:54.1707057,2019-12-02 00:00:00,0000228804700021,,RELIANCE SMALL CAP-KR99 374903 49914908,0.0,8477.45,,,,-1,
332,30,2019-12-13 18:39:11.4074943,2019-09-03 00:00:00,MB-999566018434,,MB:TO CREATIVE ENTERPRISE,50000.0,0.0,,,,-1,
333,30,2019-12-13 18:39:11.4134787,2019-09-04 00:00:00,000136258840,,MB:PRS PPF for 19 20,150000.0,0.0,,,,-1,
334,30,2019-12-13 18:39:11.4144821,2019-09-04 00:00:00,NEFTINW-,,NEFT RTN KKBKH19247624858,0.0,150000.0,,,,-1,
335,30,2019-12-13 18:39:11.4154731,2019-09-05 00:00:00,MB-999565210001,,MB:TO ENTERPRISE KOTAK,40000.0,0.0,,,,-1,
336,30,2019-12-13 18:39:11.4164702,2019-10-07 00:00:00,NEFTINW-,,NEFT N280190947172954,0.0,30000.0,,,,-1,
337,30,2019-12-13 18:39:11.4174679,2019-10-20 00:00:00,,,MB:PRS KOTAK TO SAAHIL KOTAK MB-999544367515,40000.0,0.0,,,,-1,
338,30,2019-12-13 18:39:11.4184651,2019-11-04 00:00:00,,,NEFT CMS1290155937 R K GLOBALNEFTINW-,0.0,30000.0,,,,-1,
339,30,2019-12-13 18:39:11.4194626,2019-11-06 00:00:00,,,Chrg: IMPS Transaction Dated On 21 TBMS-435569025,5.9,0.0,,,,-1,
340,30,2019-12-13 18:39:11.4204599,2019-11-07 00:00:00,,,Chrg: IMPS Transaction Dated On 13 TBMS-434535205,5.9,0.0,,,,-1,
341,30,2019-12-13 18:39:11.4214575,2019-11-19 00:00:00,MB-999530336177,,MB:TO SPS KOTAK,25000.0,0.0,,,,-1,
342,30,2019-12-13 18:39:11.4224547,2019-11-20 00:00:00,MB-999530085254,,MB:TO SPS KOTAK,50000.0,0.0,,,,-1,
343,30,2019-12-13 18:39:11.4234522,2019-11-28 00:00:00,SUN-214207,,REV:IMPS TRANSACTION DATED,0.0,5.0,,,,-1,
344,30,2019-12-13 18:39:11.4244492,2019-11-28 00:00:00,SUN-214213,,REV:IMPS TRANSACTION DATED,0.0,5.0,,,,-1,
345,30,2019-12-13 18:39:11.4254466,2019-11-28 00:00:00,SUN-214222,,REV:IMPS TRANSACTION DATED,0.0,5.0,,,,-1,
346,30,2019-12-13 18:39:11.4264439,2019-11-29 00:00:00,NEFTINW-,,NEFT N333190994030752,0.0,100000.0,,,,-1,
347,30,2019-12-13 18:39:11.4274411,2019-12-02 00:00:00,,,NEFT CMS1317617752 R K GLOBALNEFTINW-,0.0,100000.0,,,,-1,
348,30,2019-12-13 18:39:11.4284443,2019-12-04 00:00:00,NEFTINW-,,NEFT N338190998751711,0.0,100000.0,,,,-1,
349,30,2019-12-13 18:39:11.4294419,2019-12-04 00:00:00,MB-999523079387,,MB:TO SPS KOTAK,25000.0,0.0,,,,-1,
350,30,2019-12-13 18:39:11.4304398,2019-12-06 00:00:00,MB-999522083122,,MB:TO SPS KOTAK,40000.0,0.0,,,,-1,
351,30,2019-12-13 18:39:11.4314361,2019-12-06 00:00:00,,,NEFT CMS1322070819 R K GLOBALNEFTINW-,0.0,150000.0,,,,-1,
352,30,2019-12-13 18:39:11.432433,2019-12-10 00:00:00,CMS-191210000IJ8,,FUND TRANSFER-CMS-FROM,0.0,102303.63,,,,-1,
353,30,2019-12-13 18:39:11.4334301,2019-12-11 00:00:00,MB-999519524006,,MB:RECEIVED MONEY FROM,0.0,232000.0,,,,-1,
354,30,2019-12-13 18:39:11.4344283,2019-12-11 00:00:00,KPG-0099235496,,OT OT RKSVSEC 0099235496,450000.0,0.0,,,,-1,
355,30,2019-12-13 18:39:11.4354196,2019-12-11 00:00:00,KPG-0099235966,,OT OT RKSVSEC 0099235966,190000.0,0.0,,,,-1,
356,30,2019-12-13 18:39:11.436417,2019-12-11 00:00:00,,,NEFT CMS1327755682 R K GLOBALNEFTINW-,0.0,200000.0,,,,-1,
357,30,2019-12-13 18:39:11.4374146,2019-12-11 00:00:00,Ref            IMPS-,,MB TO PRS HDFC,200000.0,0.0,,,,-1,
358,30,2019-12-13 19:08:39.2708222,2019-12-11 00:00:00,3304220191211782,,MONTHLY INTEREST CREDIT 50300030938637,0.0,597.0,,,,-1,
359,30,2019-12-13 19:08:39.272859,2019-12-11 00:00:00,3304220191211782,,MONTHLY INTEREST CREDIT 50300030939041,0.0,597.0,,,,-1,
360,30,2019-12-13 19:08:39.2738157,2019-12-11 00:00:00,0000193453089650,,DQNK6SFL9ZCYVX/RAZPRKSVSECURITIESPR,400000.0,0.0,,,,-1,
361,30,2019-12-13 19:08:39.2747867,2019-12-11 00:00:00,0000934520636158,,IMPS-934520636158-SAAHIL PRAMESH SHAH-HD,0.0,200000.0,,,,-1,
362,31,2019-12-13 19:09:34.8947419,2019-12-06 00:00:00,MIR1933945138420,,AMB CHRG INCL GST FOR NOV2019-MIR1933945,354.0,0.0,,,,-1,
363,29,2019-12-13 19:10:07.9181662,2019-12-06 00:00:00,0000007006152340,,ACH C- ULTRATECH CEMENT LTD-000000000000,0.0,1536.12,,,,-1,
364,29,2019-12-13 19:58:54.227766,2019-09-01 00:00:00,MB-999566998843,,MB:RECEIVED MONEY FROM,0.0,500000.0,,,,-1,
365,29,2019-12-13 19:58:54.229785,2019-09-03 00:00:00,MB-999566269367,,MB:TO PACK KOTAK,85000.0,0.0,,,,-1,
366,29,2019-12-13 19:58:54.2317809,2019-09-03 00:00:00,MB-999566257290,,MB:TO PACK KOTAK,125000.0,0.0,,,,-1,
367,29,2019-12-13 19:58:54.2327782,2019-09-13 00:00:00,IMPS-,,MB UPS KOTAK                            TO PRS HDFC,50000.0,0.0,,,,-1,
368,29,2019-12-13 19:58:54.233774,2019-09-18 00:00:00,MB-999559093884,,MB:UPS KOTAK TO PACK KOTAK,85000.0,0.0,,,,-1,
369,29,2019-12-13 19:58:54.234823,2019-09-27 00:00:00,EBPP-0161032727,,AP:BILLPAY FOR MIRAEASSETMF,25000.0,0.0,,,,-1,
370,29,2019-12-13 19:58:54.2358565,2019-10-07 00:00:00,MB-999550224254,,MB:RECEIVED MONEY FROM,0.0,500000.0,,,,-1,
371,29,2019-12-13 19:58:54.2368361,2019-10-28 00:00:00,EBPP-0169022118,,AP:BILLPAY FOR MIRAEASSETMF,25000.0,0.0,,,,-1,
372,29,2019-12-13 19:58:54.2378242,2019-11-06 00:00:00,KPG-0096468918,,OS 1912581915 281628173274522,350000.0,0.0,,,,-1,
373,29,2019-12-13 19:58:54.2388037,2019-11-07 00:00:00,KPG-0096574654,,OS 1912581915 281628177477177,350000.0,0.0,,,,-1,
374,29,2019-12-13 19:58:54.2397935,2019-11-07 00:00:00,NEFTINW-,,NEFT N311190975543625,0.0,85000.0,,,,-1,
375,29,2019-12-13 19:58:54.2407918,2019-11-08 00:00:00,MB-999535381027,,MB:TO PACK KOTAK,40000.0,0.0,,,,-1,
376,29,2019-12-13 19:58:54.2417739,2019-11-18 00:00:00,MB-999530976361,,MB:TO PACK KOTAK,40000.0,0.0,,,,-1,
377,29,2019-12-13 19:58:54.2427553,2019-11-20 00:00:00,MB-999529850757,,MB:TO SPS KOTAK,40000.0,0.0,,,,-1,
378,29,2019-12-13 19:58:54.2437479,2019-11-27 00:00:00,EBPP-0176959348,,AP:BILLPAY FOR MIRAEASSETMF,25000.0,0.0,,,,-1,
379,29,2019-12-13 19:58:54.2447433,2019-11-27 00:00:00,MB-999527001370,,MB:TO KOTAK PACKAGING,40000.0,0.0,,,,-1,
380,29,2019-12-13 19:58:54.245742,2019-11-28 00:00:00,MB-999526637185,,MB:TO PACK KOTAK,125000.0,0.0,,,,-1,
381,29,2019-12-13 19:58:54.246738,2019-12-04 00:00:00,NEFTINW-,,NEFT N338190998762651,0.0,25000.0,,,,-1,
382,29,2019-12-13 19:58:54.247735,2019-12-04 00:00:00,MB-999523076895,,MB:TO KOTAK PACKAGING,20000.0,0.0,,,,-1,
383,29,2019-12-13 19:58:54.2487379,2019-12-06 00:00:00,MB-999522083805,,MB:TO KOTAK PACK,40000.0,0.0,,,,-1,
384,29,2019-12-13 19:58:54.2497459,2019-12-06 00:00:00,,,NEFT CMS1322070820 R K GLOBALNEFTINW-,0.0,60000.0,,,,-1,
385,29,2019-12-13 19:58:54.2507331,2019-12-07 00:00:00,MB-999521533795,,MB:RECEIVED MONEY FROM,0.0,500000.0,,,,-1,
386,29,2019-12-13 19:58:54.252727,2019-12-09 00:00:00,MB-999520424776,,MB:RECEIVED MONEY FROM,0.0,75000.0,,,,-1,
387,32,2020-03-17 08:55:52.9239252,2020-02-26 00:00:00,IMPS-005709872008,,MB TO PRS HUF IOBRef 005709872006,100000.0,0.0,,,,-1,
388,32,2020-03-17 08:55:52.9299543,2020-02-26 00:00:00,IMPS-005709869469,,MB TO PRS HUF IOBRef 005709869468,50000.0,0.0,,,,-1,
389,32,2020-03-17 08:55:52.9309049,2020-02-26 00:00:00,MB-999480820390,,MB:RECEIVED MONEYFROM 2012066081,0.0,100000.0,,,,-1,
390,32,2020-03-17 08:55:52.931902,2020-02-26 00:00:00,MB-999480820748,,MB:RECEIVED MONEYFROM 5013414721,0.0,10000.0,,,,-1,
391,32,2020-03-17 08:55:52.9328989,2020-02-18 00:00:00,IB,,TO ENT K,15000.0,0.0,,,,-1,
392,31,2020-03-17 09:05:45.8225643,2020-03-14 00:00:00,MB-999470684222,,MB:TO PRINTERS KOTAK,50000.0,0.0,,,,-1,
393,31,2020-03-17 09:05:45.8245647,2020-03-13 00:00:00,IMPS-007322120507,,MB TO PRS HDFCRef 007322120506,50000.0,0.0,,,,-1,
394,31,2020-03-17 09:05:45.8255632,2020-03-13 00:00:00,IMPS-007308087724,,MB TO PRS HDFCRef 007308087499,100000.0,0.0,,,,-1,
395,31,2020-03-17 09:05:45.8265605,2020-03-12 00:00:00,MB-999471873261,,MB:TO PRINTERS KOTAK,20000.0,0.0,,,,-1,
396,31,2020-03-17 09:05:45.8275557,2020-03-09 00:00:00,NEFTINW-0204529209,,NEFT CMS1427435322BIRLA SUNLIFE MUTUAL,0.0,181998.08,,,,-1,
397,31,2020-03-17 09:05:45.8285536,2020-03-08 00:00:00,MWFA-0042874677,,FASTAG AUTOTOPUP-101127-,300.0,0.0,,,,-1,
398,31,2020-03-17 09:05:45.8295527,2020-03-05 00:00:00,IMPS-006513893645,,MB I22099 TO RK GLOBALRef 006513893533,50000.0,0.0,,,,-1,
399,31,2020-03-17 09:05:45.8305503,2020-03-05 00:00:00,IMPS-006513870927,,MB TO SPS HDFCRef 006513871033,50000.0,0.0,,,,-1,
400,31,2020-03-17 09:05:45.8315403,2020-03-03 00:00:00,000157581434,,MB:to PRS hdfc,125000.0,0.0,,,,-1,
401,31,2020-03-17 09:05:45.8325376,2020-03-02 00:00:00,IMPS-006212429565,,Received from CAMSXX5001 IMPS REF,0.0,1.0,,,,-1,
402,31,2020-03-17 09:05:45.8335349,2020-02-28 00:00:00,MB-999479513334,,MB:RECEIVED MONEYFROM 5013215984,0.0,400000.0,,,,-1,
403,31,2020-03-17 09:05:45.8345325,2020-02-27 00:00:00,EBPP-0200444715,,AP:BILLPAY FORMIRAEASSETMF,25000.0,0.0,,,,-1,
404,31,2020-03-17 09:05:45.8355299,2020-02-24 00:00:00,KPG-0105108698,,OT AXSMFDIR 1712151141158255188735615,7500.0,0.0,,,,-1,
405,31,2020-03-17 09:05:45.8365273,2020-02-24 00:00:00,MWFA-0041723461,,FASTAG AUTOTOPUP-101127-,300.0,0.0,,,,-1,
406,31,2020-03-17 09:05:45.8375245,2020-02-20 00:00:00,IMPS-005114271111,,MB TO PRINT IOBRef 005114271098,20000.0,0.0,,,,-1,
407,31,2020-03-17 09:05:45.8385219,2020-02-18 00:00:00,MB-999484371849,,MB:TO PRINT KOTAK,40000.0,0.0,,,,-1,
408,31,2020-03-17 09:05:45.8395192,2020-02-17 00:00:00,MB-999485004110,,MB:TO PRINTERS KOTAK,40000.0,0.0,,,,-1,
409,31,2020-03-17 09:05:45.8415196,2020-02-11 00:00:00,MB-999488245751,,MB:SPS TO KOTAK,75000.0,0.0,,,,-1,
410,31,2020-03-17 09:05:45.8425186,2020-02-10 00:00:00,MB-999488554295,,MB:SPS TO PRINTERS,20000.0,0.0,,,,-1,
411,30,2020-03-17 11:41:57.4053525,2020-01-11 00:00:00,3304220200111771,,MONTHLY INTEREST CREDIT 50300030938637,0.0,616.0,,,,-1,
412,30,2020-03-17 11:41:57.407389,2020-01-11 00:00:00,3304220200111771,,MONTHLY INTEREST CREDIT 50300030939041,0.0,616.0,,,,-1,
413,30,2020-03-17 11:41:57.4083446,2020-02-11 00:00:00,3304220200211768,,MONTHLY INTEREST CREDIT 50300030938637,0.0,615.0,,,,-1,
414,30,2020-03-17 11:41:57.4094037,2020-02-11 00:00:00,3304220200211768,,MONTHLY INTEREST CREDIT 50300030939041,0.0,615.0,,,,-1,
415,30,2020-03-17 11:41:57.4113872,2020-02-12 00:00:00,3304220200212771,,INT. AUTO_REDEMPTION 50300030941710,0.0,7521.0,,,,-1,
416,30,2020-03-17 11:41:57.4123422,2020-02-12 00:00:00,3304220200212771,,INT. AUTO_REDEMPTION 50300030942140,0.0,11282.0,,,,-1,
417,30,2020-03-17 11:41:57.4143348,2020-02-12 00:00:00,3304220200212771,,MONTHLY INTEREST CREDIT 50300030938637,0.0,20.0,,,,-1,
418,30,2020-03-17 11:41:57.4153073,2020-02-12 00:00:00,3304220200212771,,MONTHLY INTEREST CREDIT 50300030939041,0.0,20.0,,,,-1,
419,30,2020-03-17 11:41:57.4163062,2020-02-28 00:00:00,0000200592663558,,28022020200208/RKGLOBALSHAREANDSECU,72000.0,0.0,,,,-1,
420,30,2020-03-17 11:41:57.4182997,2020-02-28 00:00:00,0000007009083059,,ACH C- HIL LTD INT DIV 2019-000000000000,0.0,100.0,,,,-1,
421,30,2020-03-17 11:41:57.4192969,2020-03-01 00:00:00,,,DEBIT INTEREST CAPITALIZED,21.0,0.0,,,,-1,
422,30,2020-03-17 11:41:57.4203348,2020-03-03 00:00:00,0000200636306913,,03032020500061/RKGLOBALSHAREANDSECU,130000.0,0.0,,,,-1,
423,30,2020-03-17 11:41:57.4223143,2020-03-03 00:00:00,0000006313080327,,IMPS-006313080327-PRAMESH RAJENDRA SHA-H,0.0,96000.0,,,,-1,
424,30,2020-03-17 11:41:57.4233153,2020-03-03 00:00:00,KKBKH20063791734,,NEFT CR-KKBK0000958-SAAHIL PRAMESH SHAH-,0.0,125000.0,,,,-1,
425,30,2020-03-17 11:41:57.4243071,2020-03-06 00:00:00,0000200668862525,,06032020301106/RKGLOBALSHAREANDSECU,100000.0,0.0,,,,-1,
426,30,2020-03-17 11:41:57.4253044,2020-03-09 00:00:00,BM00690575357866,,IB FUNDS TRANSFER DR-00801000054356-SAAH,40000.0,0.0,,,,-1,
427,30,2020-03-17 11:41:57.4263016,2020-03-09 00:00:00,BM00690582606556,,IB FUNDS TRANSFER DR-00801000031785-UNNA,60000.0,0.0,,,,-1,
428,30,2020-03-17 11:41:57.4272986,2020-03-09 00:00:00,0000200691319241,,09032020200402/RKGLOBALSHAREANDSECU,100000.0,0.0,,,,-1,
429,30,2020-03-17 11:41:57.4292984,2020-03-09 00:00:00,KKBKH20069664462,,NEFT CR-KKBK0000958-PRAMESH RAJENDRA SHA,0.0,270000.0,,,,-1,
430,30,2020-03-17 11:41:57.4302688,2020-03-11 00:00:00,0000200712383952,,11032020200070/RKGLOBALSHAREANDSECU,100000.0,0.0,,,,-1,
431,30,2020-03-17 11:41:57.4312928,2020-03-11 00:00:00,0000000237209163,,00061500045365-TPT-GIFT ASS TO PRS-ALPAN,0.0,25000.0,,,,-1,
432,30,2020-03-17 11:41:57.4322629,2020-03-12 00:00:00,3304220200312776,,MONTHLY INTEREST CREDIT 50300030938637,0.0,497.0,,,,-1,
433,30,2020-03-17 11:41:57.4332621,2020-03-12 00:00:00,3304220200312776,,MONTHLY INTEREST CREDIT 50300030939041,0.0,497.0,,,,-1,
434,30,2020-03-17 11:41:57.4342575,2020-03-12 00:00:00,0000200723213618,,12032020200414/RKGLOBALSHAREANDSECU,100000.0,0.0,,,,-1,
435,30,2020-03-17 11:41:57.4352841,2020-03-12 00:00:00,0000007210923972,,IMPS-007210923972-PRAMESH RAJENDRA SHA-H,0.0,160000.0,,,,-1,
436,30,2020-03-17 11:41:57.4362856,2020-03-12 00:00:00,IB12152359707216,,IB FUNDS TRANSFER DR-00801000054356 -SA,100000.0,0.0,,,,-1,
437,30,2020-03-17 11:41:57.4372929,2020-03-13 00:00:00,0000200734017573,,13032020300538/RKGLOBALSHAREANDSECU,150000.0,0.0,,,,-1,
438,30,2020-03-17 11:41:57.4383027,2020-03-13 00:00:00,0000007308086868,,IMPS-007308086868-PRAMESH RAJENDRA SHA-H,0.0,110000.0,,,,-1,
439,30,2020-03-17 11:41:57.4393152,2020-03-13 00:00:00,0000007308087499,,IMPS-007308087499-SAAHIL SHAH-HDFC-XXXX,0.0,100000.0,,,,-1,
440,30,2020-03-17 11:41:57.4403307,2020-03-13 00:00:00,BM00730673570064,,IB FUNDS TRANSFER DR-00801000031785-UNNA,100000.0,0.0,,,,-1,
441,30,2020-03-17 11:41:57.4413412,2020-03-13 00:00:00,IB13114214285844,,IB FUNDS TRANSFER DR-00801000031785 -UN,200000.0,0.0,,,,-1,
442,30,2020-03-17 11:41:57.442347,2020-03-13 00:00:00,0000007322120506,,IMPS-007322120506-SAAHIL SHAH-HDFC-XXXX,0.0,50000.0,,,,-1,
443,30,2020-03-17 11:41:57.4432571,2020-03-13 00:00:00,KKBKH20073657782,,NEFT CR-KKBK0000958-UNNATI PRAMESH SHAH-,0.0,300000.0,,,,-1,
444,29,2020-03-17 12:20:25.4120262,2020-03-17 00:00:00,KPG-0106989591,,OT OT RKSVSEC0106989591,100000.0,0.0,,,,-1,
445,29,2020-03-17 12:20:25.4140178,2020-03-16 00:00:00,KPG-0106935630,,OT OT RKSVSEC0106935630,100000.0,0.0,,,,-1,
446,29,2020-03-17 12:20:25.4160126,2020-03-13 00:00:00,000159161819,,MB:to prs hdfc,300000.0,0.0,,,,-1,
447,29,2020-03-17 12:20:25.4170101,2020-03-12 00:00:00,MB-999471781062,,MB:PRS KOTAK,100000.0,0.0,,,,-1,
448,29,2020-03-17 12:20:25.4179841,2020-03-12 00:00:00,MB-999471841821,,MB:PACK KOTAK,200000.0,0.0,,,,-1,
449,29,2020-03-17 12:20:25.4200019,2020-03-12 00:00:00,KPG-0106567531,,OT OT RKSVSEC0106567531,450000.0,0.0,,,,-1,
450,29,2020-03-17 12:20:25.4210797,2020-03-11 00:00:00,MB-999472289156,,MB:UPS TO KOTAK PACK,400000.0,0.0,,,,-1,
451,29,2020-03-17 12:20:25.4219968,2020-03-06 00:00:00,RTGSINW-0030019013,,RTGSICICR22020030600688092 R,0.0,292500.0,,,,-1,
452,29,2020-04-14 10:51:07.1013501,2020-04-10 00:00:00,UPI-010116547009,,UPI/unnati@dbs/010116508212/UPI,0.0,168.0,,,,-1,
453,29,2020-04-14 10:51:07.1073286,2020-04-09 00:00:00,NEFTINW-0209242316,,NEFT CMS1457135774 R KGLOBAL SHARES AND,0.0,375000.0,,,,-1,
454,29,2020-04-14 10:51:07.1083671,2020-04-09 00:00:00,IMPS-010010733967,,REV:IMPS 10865910239 Ref010010733864,0.0,500.0,,,,-1,
455,29,2020-04-14 10:51:07.1093548,2020-04-09 00:00:00,IMPS-010010733961,,MB UPS PPFRef 010010733864,500.0,0.0,,,,-1,
456,29,2020-04-14 10:51:07.1103209,2020-04-08 00:00:00,RTGSINW-0030491083,,RTGSICICR22020040800444115 R,0.0,800000.0,,,,-1,
457,29,2020-04-14 10:51:07.1113182,2020-04-08 00:00:00,000161316595,,MB:to ups hdfc,270000.0,0.0,,,,-1,
458,29,2020-04-14 10:51:07.1123201,2020-04-08 00:00:00,MB-999461589440,,MB:TO PRS KOTAK,500000.0,0.0,,,,-1,
459,29,2020-04-14 10:51:07.1133126,2020-04-08 00:00:00,RTGSINW-0030483223,,RTGSHDFCR52020040876679874,0.0,300000.0,,,,-1,
460,29,2020-04-14 10:51:07.11431,2020-04-04 00:00:00,CMS-200404001O0X,,BNO.193000190058/1.4.20PD BY UNNATI,0.0,230.0,,,,-1,
461,29,2020-04-14 10:51:07.1163053,2020-04-04 00:00:00,NEFTINW-0208615368,,NEFT N095201110357116RKSV SECURITIES INDIA,0.0,80000.0,,,,-1,
462,29,2020-04-14 10:51:07.1173029,2020-04-03 00:00:00,KPG-0108158127,,OS RELIANCEJIO291628678526863,230.0,0.0,,,,-1,
463,29,2020-04-14 10:51:07.1182994,2020-04-03 00:00:00,NEFTINW-0208532410,,NEFT CMS1453137829 R KGLOBAL SHARES AND,0.0,650000.0,,,,-1,
464,32,2020-04-14 10:57:51.0411619,2020-04-08 00:00:00,MB-999461589599,,MB:RECEIVED MONEYFROM PRAMESH RAJENDR,0.0,500000.0,,,,-1,
465,32,2020-04-14 10:57:51.0441558,2020-04-08 00:00:00,MB-999461590746,,MB:RECEIVED MONEYFROM SAAHIL SHAH,0.0,400000.0,,,,-1,
466,31,2020-04-14 10:58:08.4571923,2020-04-13 00:00:00,RTGSINW-0030504747,,RTGSHDFCR52020041376846231,0.0,370000.0,,,,-1,
467,31,2020-04-14 10:58:08.4621615,2020-04-08 00:00:00,NEFTINW-0209091193,,NEFT CMS1456457049 R KGLOBAL SHARES AND,0.0,80000.0,,,,-1,
468,31,2020-04-14 10:58:08.4632576,2020-04-08 00:00:00,MB-999461590746,,MB:TO PRS HUF KOTAK,400000.0,0.0,,,,-1,
469,31,2020-04-14 10:58:08.4641798,2020-04-06 00:00:00,MB-999462157823,,MB:TO PRINTERS KOTAK,7000.0,0.0,,,,-1,
470,31,2020-04-14 10:58:08.4652139,2020-04-03 00:00:00,NEFTINW-0208532405,,NEFT CMS1453137827 R KGLOBAL SHARES AND,0.0,25888.16,,,,-1,
471,31,2020-04-14 11:14:32.3771676,2020-04-08 00:00:00,SBINR52020040800,,RTGS CR-SBIN0000290-SAAHIL PRAMESH SHAH-,0.0,310000.0,,,,-1,
472,31,2020-04-14 11:14:32.3801587,2020-04-08 00:00:00,IB08131345049900,,FD THROUGH NET-50300416996262:SAAHIL PRA,100000.0,0.0,,,,-1,
473,31,2020-04-14 11:14:32.3811574,2020-04-08 00:00:00,IB08131421851113,,FD THROUGH NET-50300416996532:SAAHIL PRA,100000.0,0.0,,,,-1,
474,31,2020-04-14 11:14:32.3821511,2020-04-08 00:00:00,IB08131435264750,,FD THROUGH NET-50300416996657:SAAHIL PRA,100000.0,0.0,,,,-1,
475,29,2020-04-14 11:15:36.1416264,2020-04-03 00:00:00,0000007006490094,,ACH C- MAHINDRA & MAHINDRA-1209031,0.0,27900.0,,,,-1,
476,29,2020-04-14 11:15:36.1435965,2020-04-08 00:00:00,IB08131145130103,,FD THROUGH NET-50300416995390:UNNATI P S,100000.0,0.0,,,,-1,
477,29,2020-04-14 11:15:36.145596,2020-04-08 00:00:00,IB08131242861885,,FD THROUGH NET-50300416995772:UNNATI P S,100000.0,0.0,,,,-1,
478,29,2020-04-14 11:15:36.1465882,2020-04-08 00:00:00,IB08131305584046,,FD THROUGH NET-50300416995911:UNNATI P S,100000.0,0.0,,,,-1,
479,29,2020-04-14 11:15:36.1485826,2020-04-13 00:00:00,0000201046591100,,L AND T FIN SERV IV200000000000000026481,0.0,3700.0,,,,-1,
480,30,2020-04-14 11:17:33.0295299,2020-04-08 00:00:00,0000009912779066,,IMPS-009912779066-PRAMESH RAJENDRA SHA-H,0.0,200000.0,,,,-1,
481,30,2020-04-14 11:17:33.0325563,2020-04-08 00:00:00,IB08130859670275,,FD THROUGH NET-50300416994256:PRAMESH R,100000.0,0.0,,,,-1,
482,30,2020-04-14 11:17:33.0335203,2020-04-08 00:00:00,IB08131039591283,,FD THROUGH NET-50300416995029:PRAMESH R,100000.0,0.0,,,,-1,
483,30,2020-04-14 11:17:33.0345358,2020-04-12 00:00:00,3304220200412777,,MONTHLY INTEREST CREDIT 50300030938637,0.0,531.0,,,,-1,
484,30,2020-04-14 11:17:33.0414741,2020-04-12 00:00:00,3304220200412777,,MONTHLY INTEREST CREDIT 50300030939041,0.0,531.0,,,,-1,
485,29,2020-04-26 13:23:20.0672723,2020-04-20 00:00:00,NEFTINW-0210133589,,NEFT N111201119714668RKGLOBAL SHARES AND,0.0,200000.0,,,,-1,
486,29,2020-04-26 13:23:20.0822319,2020-04-19 00:00:00,KPG-0109074636,,OS WWW.INSTAMOJO.COM10209016797,28.0,0.0,,,,-1,
487,29,2020-04-26 13:23:20.0832355,2020-04-16 00:00:00,RTGSINW-0030547360,,RTGSICICR22020041600741648 R,0.0,299868.38,,,,-1,
488,29,2020-04-26 13:23:20.0842342,2020-04-15 00:00:00,MB-999459503787,,MB:TO PACKAGING KOTAK,12000.0,0.0,,,,-1,
489,32,2020-04-26 13:25:05.7409552,2020-04-26 00:00:00,IB,,TO ENTERPRISE KOTAK,50000.0,0.0,,,,-1,
490,32,2020-04-26 13:25:05.7439468,2020-04-26 00:00:00,000162342411,,IB:TO IOB HUF,50000.0,0.0,,,,-1,
491,32,2020-04-26 13:25:05.7449445,2020-04-23 00:00:00,000162194926,,IB:TO ENTERPRISE IOB,500000.0,0.0,,,,-1,
492,32,2020-04-26 13:25:05.7459446,2020-04-17 00:00:00,IMPS-010811281393,,Received from CREAXX3127 IMPS IOBN1,0.0,200000.0,,,,-1,
493,31,2020-05-20 09:43:42.16903,2020-05-05 00:00:00,KPG-0110034527,,OSWWW.LIBERTYINSURANCE,14386.0,0.0,,,,-1,
494,31,2020-05-20 09:43:42.1710929,2020-05-01 00:00:00,000162666974,,MB:to PPF 20 21as on 01/05/2020                          INR 1813102.32,150000.0,0.0,,,,-1,
495,31,2020-06-07 10:49:14.7183686,2020-06-05 00:00:00,KPG-0112025005,,OT OT RKSVSEC0112025005,30000.0,0.0,,,,-1,
496,31,2020-06-07 10:49:14.733959,2020-06-05 00:00:00,KPG-0112024936,,OT OT RKSVSEC0112024936,450000.0,0.0,,,,-1,
497,31,2020-06-07 10:49:14.733959,2020-06-05 00:00:00,KPG-0112024888,,OT OT RKSVSEC0112024888,450000.0,0.0,,,,-1,
498,31,2020-06-07 10:49:14.733959,2020-06-03 00:00:00,000165664610,,IB:to sps idfc,175000.0,0.0,,,,-1,
499,31,2020-06-07 10:49:14.733959,2020-06-03 00:00:00,IMPS-015508647523,,IBIMPS Sent to SA10055506177 ID Ref,200000.0,0.0,,,,-1,
500,31,2020-06-07 10:49:14.733959,2020-06-02 00:00:00,NEFTINW-0215571315,,NEFT RTNKKBKH20154794512 ANY,0.0,300000.0,,,,-1,
501,31,2020-06-07 10:49:14.733959,2020-06-02 00:00:00,KPG-0111809198,,OT OT RKSVSEC0111809198,246000.0,0.0,,,,-1,
502,31,2020-06-07 10:49:14.733959,2020-06-02 00:00:00,000165551874,,IB:to sps IDFC,300000.0,0.0,,,,-1,
503,31,2020-06-07 10:49:14.733959,2020-06-02 00:00:00,IMPS-015411921134,,REV:IMPS 10055506177 Ref015411921077,0.0,200000.0,,,,-1,
504,31,2020-06-07 10:49:14.733959,2020-06-02 00:00:00,IMPS-015411921078,,IBIMPS Sent to SA10055506177 ID Ref,200000.0,0.0,,,,-1,
505,31,2020-06-07 10:49:14.733959,2020-06-01 00:00:00,NEFTINW-0215496007,,NEFT RTNKKBKH20153742408 ANY,0.0,300000.0,,,,-1,
506,31,2020-06-07 10:49:14.733959,2020-06-01 00:00:00,000165498943,,MB:to sps IDFC,300000.0,0.0,,,,-1,
507,31,2020-06-07 10:49:14.733959,2020-06-01 00:00:00,IMPS-015317395375,,REV:IMPS 10055506177 Ref015317395428,0.0,200000.0,,,,-1,
508,31,2020-06-07 10:49:14.7495836,2020-06-01 00:00:00,IMPS-015317395371,,MB TO SPS IDFCRef 015317395428,200000.0,0.0,,,,-1,
509,31,2020-06-07 10:49:14.7495836,2020-06-01 00:00:00,NEFTINW-0215359063,,NEFT RTNKKBKH20153647851 ANY,0.0,375000.0,,,,-1,
510,31,2020-06-07 10:49:14.7495836,2020-06-01 00:00:00,IMPS-015312983821,,Received from Mr.                          XX6177IMPS IDFC BANK,0.0,1000.0,,,,-1,
511,31,2020-06-07 10:49:14.7495836,2020-06-01 00:00:00,000165411895,,MB:to sps idfc,375000.0,0.0,,,,-1,
512,31,2020-06-07 10:49:14.7495836,2020-05-31 00:00:00,IMPS-015213358169,,MB TO SPS IDFCRef 015213358167,25000.0,0.0,,,,-1,
513,31,2020-06-07 10:49:14.7495836,2020-05-30 00:00:00,IMPS-015112554868,,IBIMPS Sent to10055506177 IDFC Ref,49000.0,0.0,,,,-1,
514,31,2020-06-07 10:49:14.7495836,2020-05-30 00:00:00,IMPS-015112554337,,IBIMPS Sent to10055506177 IDFC Ref,1000.0,0.0,,,,-1,
515,31,2020-06-07 10:49:14.7495836,2020-05-29 00:00:00,KPG-0111528052,,OSHTTP://WWW.IDFCBANK.,25000.0,0.0,,,,-1,
516,31,2020-06-07 10:49:14.7495836,2020-05-28 00:00:00,NEFTINW-0214664940,,NEFT MAHBH20149160895PRAMESH RAJENDRA,0.0,5000.0,,,,-1,
517,31,2020-06-07 10:49:14.7495836,2020-05-01 00:00:00,000162666974,,MB:to PPF 20 21,150000.0,0.0,,,,-1,
518,30,2020-08-20 11:04:26.3373649,2020-08-18 00:00:00,NEFTINW-0229247610,,NEFT N231201217483423RKSV SECURITIES INDIA,0.0,42641.5,,,,-1,
519,30,2020-08-20 11:04:26.3473485,2020-08-03 00:00:00,,,ECSICR-SHCIL_INT TAXBONDSNC-KMB-,0.0,23.68,,,,-1,
520,30,2020-08-20 11:04:26.3483433,2020-07-30 00:00:00,NEFTINW-0225682723,,NEFT N212201199210821RKSV SECURITIES INDIA,0.0,9617.5,,,,-1,
521,31,2020-08-20 11:07:03.7694445,2020-08-19 00:00:00,NEFTINW-0229464529,,NEFT N232201218532982RKSV SECURITIES INDIA,0.0,42676.5,,,,-1,
522,31,2020-08-20 11:07:03.7744862,2020-08-17 00:00:00,UPI-023015484415,,UPI/walletmoney/023067101781/NA,0.0,472.0,,,,-1,
523,31,2020-08-20 11:07:03.7764811,2020-08-04 00:00:00,MWFA-0051151241,,FASTAG AUTOTOPUP-101127-,300.0,0.0,,,,-1,
524,31,2020-08-20 11:07:03.7774781,2020-08-04 00:00:00,MWFA-0051080661,,FASTAG AUTOTOPUP-101127-,300.0,0.0,,,,-1,
525,31,2020-08-20 11:07:03.7784755,2020-08-01 00:00:00,MB-999417262191,,MB:TO PRINTERS K,10000.0,0.0,,,,-1,
526,31,2020-08-20 11:07:03.7804702,2020-07-30 00:00:00,IMPS-021211797155,,MB TO SPS IDFCRef 021211797154,33000.0,0.0,,,,-1,
527,31,2020-08-20 11:07:03.7814676,2020-07-29 00:00:00,RTGSINW-0032141530,,RTGSHDFCR52020072990294402,0.0,376795.38,,,,-1,
528,31,2020-08-20 11:07:03.7824647,2020-07-28 00:00:00,IMPS-021016171742,,MB TO SPS IDFCRef 021016171738,67000.0,0.0,,,,-1,
529,31,2020-08-20 11:07:03.7844651,2020-07-28 00:00:00,IMPS-021016167045,,Received from SAAH XX4356IMPS HDFCBANKLT,0.0,67000.0,,,,-1,
530,31,2020-08-20 11:07:03.7854567,2020-07-28 00:00:00,000172174410,,MB:to sps IDFC,395000.0,0.0,,,,-1,
531,31,2020-08-20 11:07:03.7864539,2020-07-27 00:00:00,MWFA-0050455547,,IB:TO PRINTERS K,3000.0,0.0,,,,-1,
532,31,2020-08-20 11:07:03.7884486,2020-07-27 00:00:00,RTGSINW-0032078174,,RTGSIDFBR52020072700300574,0.0,398000.0,,,,-1,
533,31,2020-08-20 11:07:03.7894509,2020-07-26 00:00:00,MB-999419981177,,MB:TO PRINTERS KOTAK,11300.0,0.0,,,,-1,
534,31,2020-08-20 11:07:03.7904433,2020-07-26 00:00:00,MB-999419981432,,MB:RECEIVED MONEYFROM UNNATI PRAMESH,0.0,11300.0,,,,-1,
535,31,2020-08-20 11:07:03.7914406,2020-07-24 00:00:00,000171915348,,MB:to sps IDFC,398855.47,0.0,,,,-1,
536,31,2020-08-20 11:07:03.7924447,2020-07-24 00:00:00,NEFTINW-0224698749,,NEFT N206201194795328RKSV SECURITIES INDIA,0.0,179194.2,,,,-1,
537,31,2020-08-20 11:07:03.7944388,2020-07-24 00:00:00,MB-999420967776,,MB:DR SAUMILKAPADIA,500.0,0.0,,,,-1,
538,31,2020-08-20 11:07:03.7954299,2020-07-23 00:00:00,NEFTINW-0224532988,,NEFT N205201194020542RKSV SECURITIES INDIA,0.0,27355.51,,,,-1,
539,31,2020-08-20 11:07:03.7964271,2020-07-22 00:00:00,MB-999421737927,,MB:TO PRINTERS KOTAK,12000.0,0.0,,,,-1,
540,31,2020-08-20 11:07:03.7974245,2020-07-21 00:00:00,NEFTINW-0224170960,,NEFT N203201192329991RKSV SECURITIES INDIA,0.0,138162.17,,,,-1,
541,29,2020-08-20 11:07:27.9717108,2020-08-18 00:00:00,MB-999409013036,,MB:TO PACK KOTAK,28000.0,0.0,,,,-1,
542,29,2020-08-20 11:07:27.9759047,2020-08-14 00:00:00,UPI-022721442555,,UPI/faithfinanc/022721995832/UPI,2235.0,0.0,,,,-1,
543,29,2020-08-20 11:07:27.9778986,2020-08-05 00:00:00,CMS-2008050002WR,,FUND TRANSFER-CMS-FROM SHRIMAD83,0.0,1568.0,,,,-1,
544,29,2020-08-20 11:07:27.9799177,2020-08-01 00:00:00,MB-999417061939,,MB:TO PACKAGING,10000.0,0.0,,,,-1,
545,29,2020-08-20 11:07:27.9809155,2020-07-31 00:00:00,IMPS-021311891235,,MB TO UPS HDFCRef 021311891036,25000.0,0.0,,,,-1,
546,29,2020-08-20 11:07:27.9819211,2020-07-30 00:00:00,IMPS-021211793631,,MB TO UPS IDFCRef 021211793629,200000.0,0.0,,,,-1,
547,29,2020-08-20 11:07:27.983945,2020-07-21 00:00:00,NEFTINW-0224168281,,NEFT N203201192318787RKSV SECURITIES INDIA,0.0,156772.73,,,,-1,
548,30,2020-09-08 08:04:13.8806497,2020-09-05 00:00:00,UPI-024921128492,,UPI/vilasnavgha/024921588314/Creative pa,400.0,0.0,,,,-1,
549,30,2020-09-08 08:04:13.8896085,2020-09-01 00:00:00,NEFTINW-0231866253,,NEFT N245201230235789RKSV SECURITIES INDIA,0.0,3684.27,,,,-1,
550,30,2020-09-08 08:04:13.8906063,2020-08-31 00:00:00,NEFTINW-0231528974,,NEFT SBIN220244702937STATE BANK OF INDIA,0.0,87500.0,,,,-1,
551,30,2020-09-08 08:04:13.8916262,2020-08-27 00:00:00,NEFTINW-0230829660,,NEFT N240201225015836RKSV SECURITIES INDIA,0.0,24447.2,,,,-1,
552,29,2020-09-08 08:05:56.6374431,2020-09-07 00:00:00,MB-999399161750,,MB:TO PACK K,5000.0,0.0,,,,-1,
553,29,2020-09-08 08:05:56.6374431,2020-09-07 00:00:00,MB-999399197132,,MB:TO PACK KOTAK,5000.0,0.0,,,,-1,
554,29,2020-09-08 08:05:56.6374431,2020-09-04 00:00:00,UPI-024818672451,,UPI/dhwanika@ok/024818848457/Dr,700.0,0.0,,,,-1,
555,29,2020-09-08 08:05:56.6374431,2020-09-04 00:00:00,UPI-024808142100,,UPI/flipkart.pa/024808470652/payURefund,0.0,2283.0,,,,-1,
556,29,2020-09-08 08:05:56.6374431,2020-09-03 00:00:00,CMS-200903000N4P,,FUND TRANSFER-CMS-FROM SHRIMAD83,0.0,2008.0,,,,-1,
557,29,2020-09-08 08:05:56.6374431,2020-09-03 00:00:00,CMS-200903000N4G,,FUND TRANSFER-CMS-FROM SHRIMAD83,0.0,230.0,,,,-1,
558,29,2020-09-08 08:05:56.6374431,2020-09-02 00:00:00,KPG-0118530806,,OSHTTP://WWW.INSTAMOJO,800.0,0.0,,,,-1,
559,29,2020-09-08 08:05:56.6374431,2020-09-02 00:00:00,MB-999401715743,,MB:TO PACKAGING KOTAK,20000.0,0.0,,,,-1,
560,29,2020-09-08 08:05:56.6374431,2020-09-01 00:00:00,UPI-024520569417,,UPI/rjio2091206/024520621233/NA,230.0,0.0,,,,-1,
561,29,2020-09-08 08:05:56.6374431,2020-09-01 00:00:00,KPG-0118426539,,OS WWW.INSTAMOJO.COM11017946423,5000.0,0.0,,,,-1,
562,29,2020-09-08 08:05:56.652978,2020-08-30 00:00:00,UPI-024320978184,,UPI/goog-paymen/024320691139/Rew,0.0,10.0,,,,-1,
563,29,2020-09-08 08:05:56.652978,2020-08-30 00:00:00,UPI-024320976508,,UPI/goog-paymen/024320685006/Rew,0.0,10.0,,,,-1,
564,29,2020-09-08 08:05:56.652978,2020-08-30 00:00:00,UPI-024320962871,,UPI/flipkart.pa/024320191870/UPI,2283.0,0.0,,,,-1,
565,29,2020-09-08 08:05:56.652978,2020-08-29 00:00:00,NEFTINW-0231306473,,NEFT N242201227469850RKSV SECURITIES INDIA,0.0,61125.79,,,,-1,
566,29,2020-09-08 08:05:56.652978,2020-08-28 00:00:00,000176029485,,MB:to ups IDFC,250000.0,0.0,,,,-1,
567,29,2020-09-08 08:05:56.652978,2020-08-27 00:00:00,KPG-0118016574,,OS WWW.VODAFONE.IN10978710423,2008.0,0.0,,,,-1,
568,29,2020-09-08 08:05:56.652978,2020-08-26 00:00:00,NEFTINW-0230614755,,NEFT N239201223990706RKSV SECURITIES INDIA,0.0,105.25,,,,-1,
569,29,2020-09-08 08:05:56.652978,2020-08-22 00:00:00,UPI-023519346289,,UPI/8655533374@/023519854993/Courier,72.0,0.0,,,,-1,
570,29,2020-09-08 08:05:56.652978,2020-08-21 00:00:00,IMPS-023411391072,,MB TO UPS HDFCRef 023411391069,5000.0,0.0,,,,-1,
571,31,2020-09-08 08:07:40.5716118,2020-09-05 00:00:00,MWFA-0053469588,,FASTAG AUTOTOPUP-101127-,300.0,0.0,,,,-1,
572,31,2020-09-08 08:07:40.5736257,2020-09-04 00:00:00,IMPS-024812248910,,Received from Flip XX0602IMPS ICICI Bank,0.0,2970.0,,,,-1,
573,31,2020-09-08 08:07:40.5747162,2020-09-04 00:00:00,IMPS-024812247232,,Received from Flip XX0602IMPS ICICI Bank,0.0,3596.0,,,,-1,
574,31,2020-09-08 08:07:40.5766143,2020-09-04 00:00:00,MB-999400804821,,MB:TO PRINTERS K,4000.0,0.0,,,,-1,
575,31,2020-09-08 08:07:40.5776172,2020-09-01 00:00:00,NEFTINW-0231866000,,NEFT N245201230241270RKSV SECURITIES INDIA,0.0,70952.44,,,,-1,
576,31,2020-09-08 08:07:40.5857027,2020-08-30 00:00:00,IMPS-024319935212,,Received from Flip XX0602IMPS ICICI Bank,0.0,1700.0,,,,-1,
577,31,2020-09-08 08:07:40.5865935,2020-08-30 00:00:00,IMPS-024313690404,,Received from Flip XX0602IMPS ICICI Bank,0.0,3596.0,,,,-1,
578,31,2020-09-08 08:07:40.5875907,2020-08-30 00:00:00,IMPS-024313690323,,Received from Flip XX0602IMPS ICICI Bank,0.0,3396.0,,,,-1,
579,31,2020-09-08 08:07:40.5885554,2020-08-30 00:00:00,IMPS-024313681373,,Received from Flip XX0602IMPS ICICI Bank,0.0,3295.0,,,,-1,
580,31,2020-09-08 08:07:40.5896045,2020-08-28 00:00:00,IMPS-024115015105,,Received from Flip XX0602IMPS ICICI Bank,0.0,2275.0,,,,-1,
581,31,2020-09-08 08:07:40.5911071,2020-08-28 00:00:00,IMPS-024115015056,,Received from Flip XX0602IMPS ICICI Bank,0.0,1500.0,,,,-1,
582,31,2020-09-08 08:07:40.5921064,2020-08-26 00:00:00,MB-999405242031,,MB:TO PRINT K,16000.0,0.0,,,,-1,
583,31,2020-09-08 08:07:40.5931034,2020-08-26 00:00:00,NEFTINW-0230615220,,NEFT N239201223978869RKSV SECURITIES INDIA,0.0,605.46,,,,-1,
584,31,2020-09-08 08:07:40.5941007,2020-08-21 00:00:00,MB-999407541048,,MB:TO PRINTERS K,6000.0,0.0,,,,-1,
585,31,2020-09-23 12:45:54.7432539,2020-09-22 00:00:00,026611038755,,PCD/7692/WWWFACEBOOK COM,116.87,0.0,,,,-1,
586,31,2020-09-23 12:45:54.7482112,2020-09-22 00:00:00,026611482895,,PCD/7692/WWWFACEBOOK COM,3.0,0.0,,,,-1,
587,31,2020-09-23 12:45:54.7502305,2020-09-22 00:00:00,MWFA-0054779189,,FASTAG AUTOTOPUP-101127-,300.0,0.0,,,,-1,
588,31,2020-09-23 12:45:54.7512316,2020-09-22 00:00:00,MWFA-0054713483,,FASTAG AUTOTOPUP-101127-,300.0,0.0,,,,-1,
589,31,2020-09-23 12:45:54.7522315,2020-09-21 00:00:00,IMPS-026520052085,,Received from Mynt XX9001IMPS HSB,0.0,576.0,,,,-1,
590,31,2020-09-23 12:45:54.7541938,2020-09-20 00:00:00,IMPS-026419033582,,Received from Mynt XX9001IMPS HSB,0.0,279.0,,,,-1,
591,31,2020-09-23 12:45:54.7551924,2020-09-11 00:00:00,IMPS-025512919409,,MB TO IOB PRINTRef 025512919228,110000.0,0.0,,,,-1,
592,31,2020-09-23 12:45:54.7561891,2020-09-10 00:00:00,MB-999397129667,,MB:TO PRINTERS K,100000.0,0.0,,,,-1,
593,31,2020-09-23 12:45:54.7572169,2020-09-08 00:00:00,NEFTINW-0233404991,,NEFT N252201237710913RKSV SECURITIES INDIA,0.0,107297.8,,,,-1,
594,31,2020-09-23 12:45:54.75836,2020-09-08 00:00:00,MB-999398527286,,MB:TO PRINTERS K,11000.0,0.0,,,,-1,
595,29,2020-09-23 12:48:16.2727082,2020-09-23 00:00:00,MWFA-0054826803,,IB:TO PRSKOTAK,41000.0,0.0,,,,-1,
596,29,2020-09-23 12:48:16.2727082,2020-09-23 00:00:00,000179559598,,MB:ups kotak to prs Hdfc,242000.0,0.0,,,,-1,
597,29,2020-09-23 12:48:16.2727082,2020-09-18 00:00:00,IMPS-026218168173,,Received from Mynt XX9001IMPS HSB,0.0,649.0,,,,-1,
598,29,2020-09-23 12:48:16.2727082,2020-09-18 00:00:00,IMPS-026218126086,,Received from Mynt XX9001IMPS HSB,0.0,1451.0,,,,-1,
599,29,2020-09-23 12:48:16.2727082,2020-09-16 00:00:00,UPI-026008920793,,UPI/faithfinanc/026008445239/Oil and pow,565.0,0.0,,,,-1,
600,29,2020-09-23 12:48:16.2727082,2020-09-10 00:00:00,MB-999397399948,,MB:TO PACK K,15000.0,0.0,,,,-1,
601,29,2020-09-23 12:48:16.2727082,2020-09-08 00:00:00,RTGSINW-0032911996,,RTGSHDFCR52020090896357470,0.0,428985.76,,,,-1,
602,30,2020-09-23 13:23:34.0096561,2020-09-23 00:00:00,000179570504,,MB:to prs idfc,105000.0,0.0,,,,-1,
603,30,2020-09-23 13:23:34.0126508,2020-09-23 00:00:00,MB-999390807012,,MB:PRS HUF K,41000.0,0.0,,,,-1,
604,30,2020-09-23 13:23:34.0136476,2020-09-23 00:00:00,MWFA-0054826803,,IB:RECEIVED MONEYFROM UNNATI PRAMESH S,0.0,41000.0,,,,-1,
605,30,2020-09-23 13:23:34.0146453,2020-09-23 00:00:00,IMPS-026710333131,,Received from Mr.                          XX5198IMPS IDFC BANK,0.0,105000.0,,,,-1,
606,30,2020-09-23 13:23:34.0166398,2020-09-23 00:00:00,000179560171,,MB:to prs hdfc,103000.0,0.0,,,,-1,
607,30,2020-09-23 13:23:34.0176435,2020-09-15 00:00:00,MB-999394506487,,MB:TO RKGLOBAL,7000.0,0.0,,,,-1,
608,31,2020-09-29 11:53:25.8988914,2020-09-29 00:00:00,MWFA-0055286615,,IB:TO PRINTERSK,23000.0,0.0,,,,-1,
609,31,2020-09-29 11:53:25.9128487,2020-09-29 00:00:00,IB,,IB: FUND TRANSFER FROMPRAMESH SHAH HUF,0.0,71000.0,,,,-1,
610,31,2020-09-29 11:53:25.9139394,2020-09-28 00:00:00,IMPS-027223924682,,Received from Mynt XX9001IMPS HSB,0.0,493.0,,,,-1,
611,31,2020-09-29 11:53:25.9148438,2020-09-27 00:00:00,UPI-027112291969,,UPI/deepakkhapa/027112247877/Myntra,493.0,0.0,,,,-1,
612,31,2020-09-29 11:53:25.9168375,2020-09-24 00:00:00,UPI-026823714005,,UPI/goog-paymen/026823985690/Rew,0.0,5.0,,,,-1,
613,31,2020-09-29 11:53:25.923824,2020-09-23 00:00:00,IMPS-026719993932,,Received from Mynt XX9001IMPS HSB,0.0,600.0,,,,-1,
614,31,2020-09-29 11:53:25.9247952,2020-09-23 00:00:00,MB-999390595277,,MB:TO PRS HUF K,93000.0,0.0,,,,-1,
615,31,2020-09-29 11:53:25.9257969,2020-09-23 00:00:00,MB-999390697785,,MB:TO PRINTERSK,100000.0,0.0,,,,-1,
616,29,2020-09-29 11:54:48.3925682,2020-09-26 00:00:00,KPG-0120369191,,OS WWW.VODAFONE.IN11196578769,1460.0,0.0,,,,-1,
617,29,2020-09-29 11:54:48.4005701,2020-09-26 00:00:00,MWFA-0055120575,,IB:TO PRSKOTAK,2000.0,0.0,,,,-1,
618,29,2020-09-29 11:54:48.4015509,2020-09-23 00:00:00,IMPS-026723156998,,Received from Mynt XX9001IMPS HSB,0.0,719.0,,,,-1,
619,29,2020-09-29 11:54:48.4025479,2020-09-23 00:00:00,IMPS-026719987406,,Received from Mynt XX9001IMPS HSB,0.0,719.0,,,,-1,
620,29,2020-09-29 11:54:48.4035449,2020-09-23 00:00:00,IMPS-026719980180,,Received from Mynt XX9001IMPS HSB,0.0,719.0,,,,-1,
621,29,2020-09-29 11:54:48.4045428,2020-09-23 00:00:00,NEFTINW-0236423571,,NEFT N267201253035575RKGLOBAL SHARES AND,0.0,60000.0,,,,-1,
622,29,2020-09-29 11:54:48.4055335,2020-09-23 00:00:00,IMPS-026717867635,,Received from Mynt XX9001IMPS HSB,0.0,599.0,,,,-1,
623,29,2020-09-29 11:54:48.4065308,2020-09-23 00:00:00,MB-999390665893,,MB:TO PACKK,45000.0,0.0,,,,-1,
624,30,2020-09-29 11:55:06.3246715,2020-09-29 00:00:00,MB-999387989968,,MB:PRS HUF K,140000.0,0.0,,,,-1,
625,30,2020-09-29 11:55:06.3276588,2020-09-29 00:00:00,MB-999387992325,,MB:RECEIVED MONEYFROM CREATIVE ENTERP,0.0,170000.0,,,,-1,
626,30,2020-09-29 11:55:06.3296349,2020-09-28 00:00:00,UPI-027219545211,,UPI/kjtust@icic/027219323362/Case no 215,200.0,0.0,,,,-1,
627,30,2020-09-29 11:55:06.3306332,2020-09-28 00:00:00,UPI-027219509726,,UPI/divyeshbhuv/027219276439/for courier,80.0,0.0,,,,-1,
628,30,2020-09-29 11:55:06.3326441,2020-09-26 00:00:00,UPI-027015116530,,UPI/siddambalar/027015303839/Srlc books,2000.0,0.0,,,,-1,
629,30,2020-09-29 11:55:06.3387103,2020-09-26 00:00:00,MWFA-0055120575,,IB:RECEIVED MONEYFROM UNNATI PRAMESH S,0.0,2000.0,,,,-1,
630,32,2020-09-29 12:06:48.5366063,2020-09-29 00:00:00,IMPS-027311213835,,IB IMPS TO CREATIVEENTERPRISE 0 Ref,31000.0,0.0,,,,-1,
631,32,2020-09-29 12:06:48.5396217,2020-09-29 00:00:00,IB,,TO SPS K,71000.0,0.0,,,,-1,
632,32,2020-09-29 12:06:48.5407112,2020-09-29 00:00:00,MB-999387989968,,MB:RECEIVED MONEYFROM PRAMESH RAJENDR,0.0,140000.0,,,,-1,
633,32,2020-09-29 12:06:48.5416154,2020-09-23 00:00:00,IB,,TO ENTERPRISE K,94000.0,0.0,,,,-1,
634,32,2020-09-29 12:06:48.5426425,2020-09-23 00:00:00,MB-999390595277,,MB:RECEIVED MONEYFROM SAAHIL SHAH,0.0,93000.0,,,,-1,
635,32,2020-09-29 12:06:48.5446073,2020-09-23 00:00:00,MB-999390807012,,MB:RECEIVED MONEYFROM PRAMESH RAJENDR,0.0,41000.0,,,,-1,
636,31,2020-11-23 14:37:53.6464058,2020-11-23 00:00:00,NEFTINW-0249717282,,NEFT IDFBH20328172287MR SAAHIL PRAMESH,0.0,190000.0,,,,-1,
637,31,2020-11-23 14:37:53.6543845,2020-11-23 00:00:00,RTGSINW-0034514954,,RTGSIDFBR52020112300301821,0.0,293096.42,,,,-1,
638,31,2020-11-23 14:37:53.6553817,2020-11-18 00:00:00,MWFA-0060191593,,IB:TO PRINTERS K,18000.0,0.0,,,,-1,
639,31,2020-11-23 14:37:53.6563854,2020-11-18 00:00:00,MWFA-0060180261,,IB:TO PRINTERS K,10000.0,0.0,,,,-1,
640,31,2020-11-23 14:37:53.6583737,2020-11-17 00:00:00,MWFA-0060058415,,FASTAG AUTOTOPUP-101127-,300.0,0.0,,,,-1,
641,31,2020-11-23 14:37:53.659371,2020-11-13 00:00:00,KPG-0124326470,,OS 1712151141321629459139559,250000.0,0.0,,,,-1,
642,31,2020-11-23 14:37:53.660372,2020-11-13 00:00:00,IMPS-031812171110,,IBIMPS Sent to Saahi00801000054 Ref,5000.0,0.0,,,,-1,
643,31,2020-11-23 14:37:53.6613689,2020-11-13 00:00:00,IMPS-031812161216,,IBIMPS Sent to00030340025017 H Ref,10000.0,0.0,,,,-1,
644,31,2020-11-23 14:37:53.6623692,2020-11-08 00:00:00,UPI-031316712991,,UPI/8169411168@/031316863597/ajio,1030.0,0.0,,,,-1,
645,31,2020-11-23 14:37:53.6633677,2020-11-08 00:00:00,031212315230,,VISA-REFUND/061120/0312/WW,0.0,3.0,,,,-1,
646,31,2020-11-23 14:37:53.6643576,2020-11-07 00:00:00,UPI-031217659694,,UPI/9146178720./031217468065/na,10.0,0.0,,,,-1,
647,31,2020-11-23 14:37:53.6723367,2020-11-07 00:00:00,UPI-031217641804,,UPI/9146178720./031217446614/na,0.0,10.0,,,,-1,
648,31,2020-11-23 14:37:53.6733335,2020-11-07 00:00:00,UPI-031217622220,,UPI/8975571676./031217425016/na,10.0,0.0,,,,-1,
649,31,2020-11-23 14:37:53.674331,2020-11-07 00:00:00,UPI-031217592112,,UPI/8975571676./031217390526/na,0.0,10.0,,,,-1,
650,31,2020-11-23 14:37:53.6753283,2020-11-05 00:00:00,MWFA-0059016493,,IB:TO PRINTERSK,20000.0,0.0,,,,-1,
651,31,2020-11-23 14:37:53.6773229,2020-11-03 00:00:00,MWFA-0058886884,,IB:TO PRINTERSK,2000.0,0.0,,,,-1,
652,31,2020-11-23 14:37:53.6783203,2020-11-03 00:00:00,MWFA-0058853635,,FASTAG AUTOTOPUP-101127-,300.0,0.0,,,,-1,
653,31,2020-11-23 14:37:53.6793176,2020-11-03 00:00:00,IB,,IB: FUND TRANSFER FROMCREATIVE PRINTERS,0.0,270.0,,,,-1,
654,31,2020-11-23 14:37:53.6803149,2020-11-01 00:00:00,MWFA-0058676517,,FASTAG AUTOTOPUP-101127-,300.0,0.0,,,,-1,
655,31,2020-11-23 14:37:53.681338,2020-10-31 00:00:00,030620190805,,PCD/7692/WWWFACEBOOK COM,566.38,0.0,,,,-1,
656,31,2020-11-23 14:37:53.6823098,2020-10-29 00:00:00,RTGSINW-0033971771,,RTGSHDFCR52020102954810038,0.0,246728.0,,,,-1,
657,31,2020-11-23 14:37:53.6833111,2020-10-29 00:00:00,000184552938,,IB:to sps idfc,165000.0,0.0,,,,-1,
658,31,2020-11-23 14:37:53.6843095,2020-10-28 00:00:00,NEFTINW-0243700912,,NEFT N302201288055285RKSV SECURITIES INDIA,0.0,62172.14,,,,-1,
659,31,2020-11-23 14:37:53.686299,2020-10-28 00:00:00,IMPS-030207753028,,Received from Mynt XX9001IMPS HSB,0.0,499.28,,,,-1,
660,31,2020-11-23 14:37:53.6872963,2020-10-27 00:00:00,KPG-0122862389,,OS 1712151141321629394757096,350000.0,0.0,,,,-1,
661,31,2020-11-23 14:37:53.6882991,2020-10-25 00:00:00,MWFA-0057836496,,IB:TO PRINTERS K,30000.0,0.0,,,,-1,
662,31,2020-11-23 14:37:53.6892963,2020-10-24 00:00:00,MWFA-0057544891,,IB:TO PRINTERS K FOR AC,25000.0,0.0,,,,-1,
663,31,2020-11-23 14:37:53.6902941,2020-10-22 00:00:00,IMPS-029700038705,,Received from Mynt XX9001IMPS HSB (Value,0.0,958.54,,,,-1,
664,31,2020-11-23 14:37:53.6912922,2020-10-22 00:00:00,UPI-029614552055,,UPI/9773676538@/029614439558/myntra,499.0,0.0,,,,-1,
665,31,2020-11-23 14:37:53.6922828,2020-10-22 00:00:00,KPG-0122493518,,OS WWW.INSTAMOJO.COM11429566553,3000.0,0.0,,,,-1,
666,31,2020-11-23 14:37:53.69328,2020-10-19 00:00:00,MWFA-0057117211,,IB:TO PRINTERS K,5000.0,0.0,,,,-1,
667,31,2020-11-23 14:37:53.6942775,2020-10-17 00:00:00,NEFTINW-0241741640,,NEFT SDC26309425 WELLTAKE ENGINEERS,0.0,7000.0,,,,-1,
668,29,2020-11-23 15:18:52.5998942,2020-11-23 00:00:00,RTGSINW-0034515197,,RTGSIDFBR52020112300301847,0.0,475000.0,,,,-1,
669,29,2020-11-23 15:18:52.6018646,2020-11-20 00:00:00,MWFA-0060451985,,IB:RECEIVED FROM JULIEB JOGANI ALIAS,0.0,1000.0,,,,-1,
670,29,2020-11-23 15:18:52.6038632,2020-11-17 00:00:00,UPI-032214734775,,UPI/9819186696@/032291222705/NA,0.0,1000.0,,,,-1,
671,29,2020-11-23 15:18:52.6115022,2020-11-16 00:00:00,UPI-032115619915,,UPI/dhruvainsev/032115638324/Offering fo,0.0,2000.0,,,,-1,
672,29,2020-11-23 15:18:52.6125047,2020-11-16 00:00:00,UPI-032114292959,,UPI/faithfinanc/032114345201/UPI,0.0,500.0,,,,-1,
673,29,2020-11-23 15:18:52.6134963,2020-11-15 00:00:00,UPI-032019133092,,UPI/raksha.bhed/032019457716/UPI,0.0,500.0,,,,-1,
674,29,2020-11-23 15:18:52.6144939,2020-11-13 00:00:00,MB-999361626291,,MB:TO PRS K,5000.0,0.0,,,,-1,
675,29,2020-11-23 15:18:52.6164885,2020-11-13 00:00:00,KPG-0124327308,,OSKOTAKMF 19125819150124327308,250000.0,0.0,,,,-1,
676,29,2020-11-23 15:18:52.6174859,2020-11-13 00:00:00,IMPS-031812146119,,MB TO UPS HDFCRef 031812146045,10000.0,0.0,,,,-1,
677,29,2020-11-23 15:18:52.6184832,2020-11-12 00:00:00,MB-999362849103,,MB:RECEIVED MONEYFROM CREATIVE PACKAG,0.0,250000.0,,,,-1,
678,29,2020-11-23 15:18:52.6194805,2020-11-09 00:00:00,IMPS-031414598490,,Received from Amaz XX6004IMPS HSB,0.0,619.0,,,,-1,
679,29,2020-11-23 15:18:52.6204838,2020-11-08 00:00:00,UPI-031313331521,,UPI/amazonselle/031313258046/UPI,758.0,0.0,,,,-1,
680,29,2020-11-23 15:18:52.6214806,2020-11-07 00:00:00,UPI-031220983969,,UPI/9146178720./031220231642/na,0.0,1.0,,,,-1,
681,29,2020-11-23 15:18:52.6224789,2020-11-07 00:00:00,UPI-031220967730,,UPI/9146178720./031220214752/na,1.0,0.0,,,,-1,
682,29,2020-11-23 15:18:52.6234763,2020-11-07 00:00:00,MB-999365930825,,MB:TO PRS K,10000.0,0.0,,,,-1,
683,29,2020-11-23 15:18:52.6244672,2020-11-07 00:00:00,UPI-031211876286,,UPI/nil75.ns@ok/031211259525/UPI,0.0,1200.0,,,,-1,
684,29,2020-11-23 15:18:52.6254645,2020-11-06 00:00:00,CMS-2011060048KP,,40,0.0,237.0,,,,-1,
685,29,2020-11-23 15:18:52.6264618,2020-11-05 00:00:00,UPI-031006268422,,UPI/billdesk-te/031006124344/reversa,0.0,10.0,,,,-1,
686,29,2020-11-23 15:18:52.6274592,2020-11-04 00:00:00,UPI-030920560738,,UPI/jio@yesbank/030920392046/JIO20BR0005,129.0,0.0,,,,-1,
687,29,2020-11-23 15:18:52.6284565,2020-11-04 00:00:00,UPI-030919256631,,UPI/euronetgpay/030919107048/UPI,10.0,0.0,,,,-1,
688,29,2020-11-23 15:18:52.6294539,2020-11-04 00:00:00,UPI-030919987995,,UPI/billdesk.pr/030919845045/UPI,10.0,0.0,,,,-1,
689,29,2020-11-23 15:18:52.6304558,2020-11-04 00:00:00,CMS-2011040020V2,,39,0.0,1867.0,,,,-1,
690,29,2020-11-23 15:18:52.6314543,2020-11-03 00:00:00,KPG-0123486490,,OS PAYTM 2020110312430123486490,237.0,0.0,,,,-1,
691,29,2020-11-23 15:18:52.6324528,2020-11-03 00:00:00,MB-999368675072,,MB:SENT MONEY TOPRAMESH RAJENDRA,1000.0,0.0,,,,-1,
692,29,2020-11-23 15:18:52.6334501,2020-11-02 00:00:00,IMPS-030711384682,,MB TP PRS HDFCRef 030711384783,10000.0,0.0,,,,-1,
693,29,2020-11-23 15:18:52.6344403,2020-10-31 00:00:00,IMPS-030517668863,,Received from CAMSXX5001 IMPS HSB,0.0,1.0,,,,-1,
694,29,2020-11-23 15:18:52.6354379,2020-10-30 00:00:00,MB-999371049826,,MB:TO PACK K,140000.0,0.0,,,,-1,
695,29,2020-11-23 15:18:52.6364351,2020-10-28 00:00:00,UPI-030221330961,,UPI/faithfinanc/030221326132/Harde and t,125.0,0.0,,,,-1,
696,29,2020-11-23 15:18:52.6384298,2020-10-27 00:00:00,IMPS-030110866273,,MB TO UPS KOTAKRef 030110866271,10000.0,0.0,,,,-1,
697,29,2020-11-23 15:18:52.6394272,2020-10-26 00:00:00,KPG-0122782728,,OS WWW.VODAFONE.IN11457553209,1867.0,0.0,,,,-1,
698,29,2020-11-23 15:18:52.6404244,2020-10-26 00:00:00,KPG-0122774169,,OS 1912581915321629390640924,450000.0,0.0,,,,-1,
699,29,2020-11-23 15:18:52.6414222,2020-10-24 00:00:00,UPI-029817226943,,UPI/delhivery.p/029817300796/UPI,319.2,0.0,,,,-1,
700,29,2020-11-23 15:18:52.6424257,2020-10-23 00:00:00,IMPS-029708135926,,MB TO UPS HDFCRef 029708135883,5000.0,0.0,,,,-1,
701,29,2020-11-23 15:18:52.6434166,2020-10-22 00:00:00,IMPS-029621960162,,Received from Mynt XX9001IMPS HSB,0.0,679.0,,,,-1,
702,29,2020-11-23 15:18:52.6444138,2020-10-22 00:00:00,IMPS-029616614003,,Received from Mynt XX9001IMPS HSB,0.0,719.0,,,,-1,
703,29,2020-11-23 15:18:52.6464084,2020-10-22 00:00:00,IMPS-029616604550,,Received from Mynt XX9001IMPS HSB,0.0,571.0,,,,-1,
704,29,2020-11-23 15:18:52.6474058,2020-10-22 00:00:00,IMPS-029616603419,,Received from Mynt XX9001IMPS HSB,0.0,739.0,,,,-1,
705,29,2020-11-23 15:18:52.6484031,2020-10-20 00:00:00,UPI-029417429318,,UPI/saeid98khan/029417025375/Myntra,1888.0,0.0,,,,-1,
706,29,2020-11-23 15:18:52.6494005,2020-10-20 00:00:00,IMPS-029416530768,,MB TO PACK IOBRef 029416530761,65000.0,0.0,,,,-1,
707,29,2020-11-23 15:18:52.6504028,2020-10-20 00:00:00,MB-999376113728,,MB:TO PACK KOTAK,20000.0,0.0,,,,-1,
708,29,2020-11-23 15:18:52.6514002,2020-10-20 00:00:00,MB-999376184256,,MB:TO PACK K,10000.0,0.0,,,,-1,
709,29,2020-11-23 15:18:52.6523973,2020-10-17 00:00:00,CMS-201017001I9K,,40,0.0,619.0,,,,-1,
710,29,2020-11-23 15:18:52.6533964,2020-10-17 00:00:00,CMS-201017001I9O,,40,0.0,1920.0,,,,-1,
711,29,2020-11-23 15:18:52.6543871,2020-10-17 00:00:00,IMPS-029113338468,,Received from Mynt XX9001IMPS HSB,0.0,721.0,,,,-1,
712,29,2020-11-23 15:18:52.6553846,2020-10-17 00:00:00,IMPS-029113334541,,Received from Mynt XX9001IMPS HSB,0.0,565.0,,,,-1,
713,29,2020-11-23 15:18:52.6563818,2020-10-17 00:00:00,IMPS-029113334154,,Received from Mynt XX9001IMPS HSB,0.0,599.0,,,,-1,
714,29,2020-11-23 15:18:52.6573791,2020-10-16 00:00:00,UPI-029004339292,,UPI/goog-paymen/029004184731/UPI,0.0,7.0,,,,-1,
715,29,2020-11-23 15:18:52.6583764,2020-10-14 00:00:00,MB-999379206184,,MB:TO KOTAK PACKas on 14/10/2020                          INR       924538.47,5000.0,0.0,,,,-1,
716,31,2021-06-08 13:09:27.2952487,2021-05-14 00:00:00,,,Received from Hypt XX0003 IMPSPAYTMPAYME,0.0,1.0,,,,-1,
717,31,2021-06-08 13:09:27.301939,2021-05-14 00:00:00,,,Received from CASH XX3173 IMPS YBL,0.0,1.0,,,,-1,
718,31,2021-06-08 13:09:27.3031567,2021-05-14 00:00:00,,,MB COIN DCX                                   Ref 113408068100,1000.0,0.0,,,,-1,
719,31,2021-06-08 13:09:27.3041995,2021-05-14 00:00:00,,,Received from WUND XX0066 IMPS YBL,0.0,1000.0,,,,-1,
720,31,2021-06-08 13:09:27.3052548,2021-05-18 00:00:00,,,coin dcx                               Ref 113815685980,5000.0,0.0,,,,-1,
721,31,2021-06-08 13:09:27.306248,2021-05-22 00:00:00,,,FASTAG AUTOTOPUP- 101127-221721197933540001720377,300.0,0.0,,,,-1,
722,31,2021-06-08 13:09:27.3071725,2021-05-24 00:00:00,,,Received from MYNT XX9002 IMPS HSB,0.0,570.0,,,,-1,
723,31,2021-06-08 13:09:27.3082444,2021-05-24 00:00:00,,,Received from MYNT XX9002 IMPS HSB,0.0,466.0,,,,-1,
724,31,2021-06-08 13:09:27.3092469,2021-05-24 00:00:00,,,Received from MYNT XX9002 IMPS HSB,0.0,215.0,,,,-1,
725,31,2021-06-08 13:09:27.3101748,2021-05-26 00:00:00,,,MB:PRINTERS K,2500.0,0.0,,,,-1,
726,31,2021-06-08 13:09:27.3111697,2021-05-28 00:00:00,,,MB:PRINT,8000.0,0.0,,,,-1,
727,31,2021-06-08 13:09:27.3121661,2021-05-29 00:00:00,,,FASTAG AUTOTOPUP- 101127-291430156577540001720377,300.0,0.0,,,,-1,
728,31,2021-06-08 13:09:27.314161,2021-05-30 00:00:00,,,MB:RECEIVED MONEY FROM CREATIVEPRINTE 5013215984,0.0,1000.0,,,,-1,
729,31,2021-06-08 13:09:27.3151599,2021-05-31 00:00:00,,,MB:RECEIVED MONEY FROM CREATIVEPRINTE 5013215984,0.0,1000.0,,,,-1,
730,31,2021-06-08 13:09:27.3161569,2021-05-31 00:00:00,,,MB:PRINTERS K,25000.0,0.0,,,,-1,
731,31,2021-06-08 13:09:27.3171522,2021-05-31 00:00:00,,,PCD/7692/Facebook IndiaOnline/Gurgaon310521/19:01,1180.0,0.0,,,,-1,
732,31,2021-06-08 13:09:27.3180369,2021-06-02 00:00:00,,,AP:BILLPAY FOR PPFASMF 0288043852,5000.0,0.0,,,,-1,
733,31,2021-06-08 13:09:27.3190362,2021-06-02 00:00:00,,,FASTAG AUTOTOPUP- 101127-021520081144540001720377,300.0,0.0,,,,-1,
734,30,2021-06-08 13:16:18.1204212,2021-04-02 00:00:00,,,Received from Mr. XX5198 IMPS IDFC BANK,0.0,100000.0,,,,-1,
735,30,2021-06-08 13:16:18.1228781,2021-04-02 00:00:00,,,MB PPF 21 22                                 Ref 109209909081,150000.0,0.0,,,,-1,
736,30,2021-06-08 13:16:18.1239006,2021-04-08 00:00:00,,,MB:TO RKG,35000.0,0.0,,,,-1,
737,30,2021-06-08 13:16:18.124911,2021-04-12 00:00:00,,,MB:TO PRS HUFK,35000.0,0.0,,,,-1,
738,30,2021-06-08 13:16:18.1259394,2021-04-13 00:00:00,,,MB:TO RKG,20000.0,0.0,,,,-1,
739,30,2021-06-08 13:16:18.1269534,2021-04-13 00:00:00,,,PG SRMD,120.0,0.0,,,,-1,
740,30,2021-06-08 13:16:18.1279587,2021-04-15 00:00:00,,,Received from NEXT XX4613 IMPS AXB,0.0,1.0,,,,-1,
741,30,2021-06-08 13:16:18.1288851,2021-04-21 00:00:00,,,MB:RECEIVED MONEY FROM CREATIVEENTERP 5013414721,0.0,36026.0,,,,-1,
742,30,2021-06-08 13:16:18.1298857,2021-04-21 00:00:00,,,MB TO PRS SBI                                  Ref 111113838714,36026.0,0.0,,,,-1,
743,30,2021-06-08 13:16:18.1310245,2021-05-12 00:00:00,,,MB:ENTERK,110000.0,0.0,,,,-1,
744,30,2021-06-08 13:16:18.1317392,2021-05-24 00:00:00,,,PG DONATION SRMD,5000.0,0.0,,,,-1,
745,30,2021-06-08 13:16:18.1327385,2021-05-28 00:00:00,,,UPI/Mr UTTAM DANJI /114814914374/courier,65.0,0.0,,,,-1,
746,30,2021-06-08 13:16:18.1397194,2021-05-29 00:00:00,,,OS RAZORMF BUNDL TECH 162228840324912,30.0,0.0,,,,-1,
747,30,2021-06-08 13:16:18.1407171,2021-05-29 00:00:00,,,MB:ENTERK,5000.0,0.0,,,,-1,
748,30,2021-06-08 13:16:18.1417143,2021-05-31 00:00:00,,,REV:OS RAZORMF BUNDL TECH162228840324912,0.0,30.0,,,,-1,
749,30,2021-06-08 13:16:18.1427116,2021-06-06 00:00:00,,,UPI/Swiggy/115716890012/ckurier,30.0,0.0,,,,-1,
750,29,2021-06-08 13:18:17.1970469,2021-04-01 00:00:00,,,MB PPF 21 22                                 Ref 109118181680,150000.0,0.0,,,,-1,
751,29,2021-06-08 13:18:17.199385,2021-04-01 00:00:00,,,REV:IMPS 10865910239 Ref 109118181680,0.0,150000.0,,,,-1,
752,29,2021-06-08 13:18:17.2003844,2021-04-01 00:00:00,,,MB FY 21 22                                 Ref 109118186377,150000.0,0.0,,,,-1,
753,29,2021-06-08 13:18:17.2013816,2021-04-01 00:00:00,,,REV:IMPS 10865910239 Ref 109118186377,0.0,150000.0,,,,-1,
754,29,2021-06-08 13:18:17.2073654,2021-04-01 00:00:00,,,MB:TO PACK K,20000.0,0.0,,,,-1,
755,29,2021-06-08 13:18:17.2083649,2021-04-01 00:00:00,,,MB TO PPF 21 22                                  Ref 109121484202,150000.0,0.0,,,,-1,
756,29,2021-06-08 13:18:17.2093603,2021-04-07 00:00:00,,,MB:PACK K,10000.0,0.0,,,,-1,
757,29,2021-06-08 13:18:17.2103578,2021-04-08 00:00:00,,,MB:TO RKG,16000.0,0.0,,,,-1,
758,29,2021-06-08 13:18:17.211355,2021-04-12 00:00:00,,,MB:PACK,20000.0,0.0,,,,-1,
759,29,2021-06-08 13:18:17.211355,2021-04-15 00:00:00,,,MB:TO RKG,10000.0,0.0,,,,-1,
760,29,2021-06-08 13:18:17.212352,2021-04-15 00:00:00,,,MB:PACK,65000.0,0.0,,,,-1,
761,29,2021-06-08 13:18:17.2133522,2021-04-20 00:00:00,,,UPI/Mr CHELANA NAGI/111016647308/FromChelna,0.0,5000.0,,,,-1,
762,29,2021-06-08 13:18:17.2143469,2021-04-20 00:00:00,,,MB:TO PACKK,5000.0,0.0,,,,-1,
763,29,2021-06-08 13:18:17.2153442,2021-04-22 00:00:00,,,MB:RK GLOBAL,10000.0,0.0,,,,-1,
764,29,2021-06-08 13:18:17.2163437,2021-04-27 00:00:00,,,OS WWW.VODAFONE.IN 12845987417,2226.0,0.0,,,,-1,
765,29,2021-06-08 13:18:17.2173388,2021-04-30 00:00:00,,,MB:TO KOTAK PACK,5000.0,0.0,,,,-1,
766,29,2021-06-08 13:18:17.2173388,2021-04-30 00:00:00,,,OS WWW.INSTAMOJO.COM 12871253659,28.0,0.0,,,,-1,
767,29,2021-06-08 13:18:17.2183363,2021-05-01 00:00:00,,,UPI/Reliance Jio In/112121493678/BillPayment fo,246.03,0.0,,,,-1,
768,29,2021-06-08 13:18:17.2193333,2021-05-03 00:00:00,,,UPI/ASHISH JASHWANT/112319851770/UPI,0.0,3182.0,,,,-1,
769,29,2021-06-08 13:18:17.2203309,2021-05-04 00:00:00,,,MB:RECEIVED MONEY FROM CREATIVEPACKAG 4913089961,0.0,165000.0,,,,-1,
770,29,2021-06-08 13:18:17.2213282,2021-05-05 00:00:00,,,CMG/V277/1700/UNNATI PRAMESH SHAH,0.0,2226.0,,,,-1,
771,29,2021-06-08 13:18:17.2223253,2021-05-05 00:00:00,,,CMG/V277/1699/UNNATI PRAMESH SHAH,0.0,246.03,,,,-1,
772,29,2021-06-08 13:18:17.2233254,2021-05-14 00:00:00,,,PG DONATION,5000.0,0.0,,,,-1,
773,29,2021-06-08 13:18:17.2243203,2021-05-15 00:00:00,,,OS WWW.INSTAMOJO.COM 13001797457,28.0,0.0,,,,-1,
774,29,2021-06-08 13:18:17.2253178,2021-05-22 00:00:00,,,Received from Amaz XX6004 IMPS HSB,0.0,684.0,,,,-1,
775,29,2021-06-08 13:18:17.2263152,2021-05-23 00:00:00,,,AP:BILLPAY FOR DHFLMF 0286489237,2500.0,0.0,,,,-1,
776,29,2021-06-08 13:18:17.2263152,2021-05-26 00:00:00,,,PG VODAFONE BILL,5395.0,0.0,,,,-1,
777,29,2021-06-08 13:18:17.2273119,2021-05-27 00:00:00,,,MB:SRASSK ASHISH,3182.0,0.0,,,,-1,
778,29,2021-06-08 13:18:17.2283119,2021-06-01 00:00:00,,,AP:BILLPAY FOR MIRAEASSETMF 0287839333,2500.0,0.0,,,,-1,
779,29,2021-06-08 13:18:17.229307,2021-06-02 00:00:00,,,UPI/Reliance Retail/115319793075/UPI,272.58,0.0,,,,-1,
780,29,2021-06-08 13:18:17.2303042,2021-06-05 00:00:00,,,CMG/V277/1719/UNNATI PRAMESH SHAH,0.0,5395.0,,,,-1,
781,29,2021-06-08 13:18:17.2313048,2021-06-05 00:00:00,,,CMG/V277/1718/UNNATI PRAMESH SHAH,0.0,272.58,,,,-1,
782,36,2021-06-08 13:43:56.0446443,2021-05-04 00:00:00,,,PG PPAS MF,1000.0,0.0,,,,-1,
783,36,2021-06-08 13:43:56.0496214,2021-05-07 00:00:00,,,UPI/AAYUSH RAJESH G/112722776215/UPI,0.0,1200.0,,,,-1,
784,36,2021-06-08 13:43:56.0506235,2021-05-08 00:00:00,,,UPI/NISHITH ARUN SH/112820417987/UPI,0.0,2800.0,,,,-1,
785,36,2021-06-08 13:43:56.0516213,2021-05-09 00:00:00,,,UPI/PRIYAL DEEPAK M/112907091619/UPI,1600.0,0.0,,,,-1,
786,36,2021-06-08 13:43:56.0529329,2021-05-09 00:00:00,,,UPI/DOLLY KISHORE G/112909005224/UPI,0.0,2000.0,,,,-1,
787,36,2021-06-08 13:43:56.054177,2021-05-10 00:00:00,,,AP:BILLPAY FOR MIRAEASSETMF 0284340348,2500.0,0.0,,,,-1,
788,36,2021-06-08 13:43:56.0551762,2021-05-12 00:00:00,,,NEFT CITIN21172139867 PAYPAL PAYMENTSPL INR FBO,0.0,1.14,,,,-1,
789,36,2021-06-08 13:43:56.0561788,2021-05-12 00:00:00,,,NEFT CITIN21172141822 PAYPAL PAYMENTSPL INR FBO,0.0,1.04,,,,-1,
790,36,2021-06-08 13:43:56.0571706,2021-05-15 00:00:00,,,NEFT NRE REM VAIDYA KARTIK UDAY0811OP1001602900,0.0,3535.0,,,,-1,
791,36,2021-06-08 13:43:56.0581678,2021-05-19 00:00:00,,,NEFT CITIN21174691389 PAYPAL PAYMENTSPL OPGSP CO,0.0,1587.26,,,,-1,
792,36,2021-06-08 13:43:56.0601634,2021-05-20 00:00:00,,,UPI/MANDIP TACK/114017944431/UPI,0.0,600.0,,,,-1,
793,36,2021-06-08 13:43:56.0611834,2021-05-29 00:00:00,,,UPI/Instamojo Techn/114901496369/UpiTransaction,2000.0,0.0,,,,-1,
794,36,2021-06-08 13:43:56.062182,2021-06-06 00:00:00,,,NEFT 131162431 RISHAB RAJENDRA BAFNAICIC0SF0002,0.0,2300.0,,,,-1,
795,29,2021-06-08 13:53:31.2195916,2021-05-05 00:00:00,,,IFTBCS/IFT/211253409510/552021/1550,5900.0,0.0,,,,-1,
796,29,2021-06-08 13:53:31.2222335,2021-05-14 00:00:00,,,NEFT/CMS1944954129/CENTRAL DEPOSITORYSERVICES INDIA LIMITED G SEC/ICIC0000104,0.0,198.94,,,,-1,
797,29,2021-06-08 13:53:31.2231971,2021-05-28 00:00:00,,,NEFT/N148210607166921/ZERODHA BROKINGLIMITED NSE CLIENT/YESB0000001,0.0,58000.0,,,,-1,
798,29,2021-06-08 13:53:31.2251729,2021-06-03 00:00:00,,,NEFT/N154211521126334/ZERODHA BROKINGLTDCLIENT ACCOUNT/HDFC0000240,0.0,10963.44,,,,-1,
799,29,2021-07-09 13:55:44.3870019,2021-06-22 00:00:00,,,Received from Amaz XX6004 IMPS HSB,0.0,389.0,,,,-1,
800,29,2021-07-09 13:55:44.3959776,2021-06-22 00:00:00,,,Received from Amaz XX6004 IMPS HSB,0.0,327.0,,,,-1,
801,29,2021-07-09 13:55:44.396976,2021-06-23 00:00:00,,,AP:BILLPAY FOR DHFLMF 0291349358,2500.0,0.0,,,,-1,
802,29,2021-07-09 13:55:44.3989697,2021-06-24 00:00:00,,,MB:IB:RKG,20000.0,0.0,,,,-1,
803,29,2021-07-09 13:55:44.3999716,2021-06-26 00:00:00,,,Received from Amaz XX6004 IMPS HSB,0.0,658.0,,,,-1,
804,29,2021-07-09 13:55:44.4009635,2021-06-26 00:00:00,,,OS WWW.VODAFONE.IN 13373609335,1777.0,0.0,,,,-1,
805,29,2021-07-09 13:55:44.4016785,2021-06-27 00:00:00,,,Received from Amaz XX6004 IMPS HSB,0.0,336.0,,,,-1,
806,29,2021-07-09 13:55:44.4036749,2021-06-30 00:00:00,,,AP:BILLPAY FOR MIRAEASSETMF 0292396957,2500.0,0.0,,,,-1,
807,29,2021-07-09 13:55:44.4094696,2021-07-01 00:00:00,,,UPI/HINALKUMARTHAK/118243058688/pramesh karuna,4050.0,0.0,,,,-1,
808,29,2021-07-09 13:55:44.4114644,2021-07-01 00:00:00,,,Int.Pd:1912581915:01-04-2021 to 30-06-2021,0.0,4205.0,,,,-1,
809,29,2021-07-09 13:55:44.4124623,2021-07-02 00:00:00,,,CMG/V277/1734/UNNATI PRAMESH SHAH,0.0,1777.0,,,,-1,
810,29,2021-07-09 13:55:44.4134821,2021-07-07 00:00:00,,,UPI/Reliance Retail/118818063340/UPI,234.82,0.0,,,,-1,
811,30,2021-07-09 14:37:24.9602081,2021-06-25 00:00:00,,,UPI/null/117687819569/UPI,135.0,0.0,,,,-1,
812,30,2021-07-09 14:37:24.9621956,2021-07-01 00:00:00,,,Int.Pd:2012066081:01-04-2021 to 30-06-2021,0.0,1476.0,,,,-1,
813,30,2021-07-09 14:37:24.9632961,2021-07-03 00:00:00,,,PG SRASSK 2ND QUARANTINE,10000.0,0.0,,,,-1,
814,30,2021-07-09 14:37:24.9642953,2021-07-05 00:00:00,,,IB: FUND TRANSFER FROM CREATIVEENTERPRISE,0.0,56001.0,,,,-1,
815,31,2021-07-09 14:41:10.1476493,2021-06-22 00:00:00,,,PG DSP LIQ,250000.0,0.0,,,,-1,
816,31,2021-07-09 14:41:10.1496439,2021-06-22 00:00:00,,,Received from MYNT XX9002 IMPS HSB,0.0,407.0,,,,-1,
817,31,2021-07-09 14:41:10.1506628,2021-06-23 00:00:00,,,NEFT HSBCN21174734465 MYNTRA DESIGNSPRIVATE LIMI,0.0,444.0,,,,-1,
818,31,2021-07-09 14:41:10.151639,2021-06-23 00:00:00,,,Received from MYNT XX9002 IMPS HSB,0.0,499.0,,,,-1,
819,31,2021-07-09 14:41:10.1546551,2021-06-27 00:00:00,,,Received from MYNT XX9002 IMPS HSB,0.0,444.0,,,,-1,
820,31,2021-07-09 14:41:10.1606432,2021-06-28 00:00:00,,,AP:BILLPAY FOR MIRAEASSETMF 0292080991,2500.0,0.0,,,,-1,
821,31,2021-07-09 14:41:10.1616808,2021-06-30 00:00:00,,,MB LOCKER                                    Ref 118116390166,2500.0,0.0,,,,-1,
822,31,2021-07-09 14:41:10.1627164,2021-07-01 00:00:00,,,AP:BILLPAY FOR PPFASMF 0292582541,5000.0,0.0,,,,-1,
823,31,2021-07-09 14:41:10.1636988,2021-07-01 00:00:00,,,Int.Pd:1712151141:01-04-2021 to 30-06-2021,0.0,3638.0,,,,-1,
824,31,2021-07-09 14:41:10.1646332,2021-07-05 00:00:00,,,FASTAG AUTOTOPUP- 101127-051812247895540001720377,300.0,0.0,,,,-1,
825,36,2021-07-10 10:06:31.2231603,2021-06-09 00:00:00,,,AP:BILLPAY FOR MIRAEASSETMF 0289147135,2500.0,0.0,,,,-1,
826,36,2021-07-10 10:06:31.2281552,2021-06-09 00:00:00,,,NEFT 000014712705 MEHENDALE RAJENDRAARVIND COSB0,0.0,1800.0,,,,-1,
827,36,2021-07-10 10:06:31.2291488,2021-06-10 00:00:00,,,AP:BILLPAY FOR PPFASMF 0289317980,5000.0,0.0,,,,-1,
828,36,2021-07-10 10:06:31.2301411,2021-06-10 00:00:00,,,UPI/BAFNAJAYASHREE/116113761970/tanvis french c,0.0,3200.0,,,,-1,
829,36,2021-07-10 10:06:31.231145,2021-06-12 00:00:00,,,NEFT NRE REM VAIDYA KARTIK UDAY0811OP1002392684,0.0,3535.0,,,,-1,
830,36,2021-07-10 10:06:31.232193,2021-06-16 00:00:00,,,UPI/VRUSHALI AMEYA/116722302461/illustration,0.0,2000.0,,,,-1,
831,36,2021-07-10 10:06:31.2341309,2021-06-21 00:00:00,,,CASH DEPOSIT BY SAHIL AT MUMBAI -GOREGAON WEST,0.0,20000.0,,,,-1,
832,36,2021-07-10 10:06:31.2351281,2021-06-22 00:00:00,,,NEFT N173211540358798 HITESH PRAKASHSOMAYA HDFC0,0.0,10000.0,,,,-1,
833,36,2021-07-10 10:06:31.2361749,2021-06-22 00:00:00,,,PG AXIS LIQ,250000.0,0.0,,,,-1,
834,36,2021-07-10 10:06:31.2371242,2021-06-22 00:00:00,,,MB:RECEIVED FROM 5013215984,0.0,1900.0,,,,-1,
835,36,2021-07-10 10:06:31.2381198,2021-06-26 00:00:00,,,Received from MYNT XX9002 IMPS HSB,0.0,455.0,,,,-1,
836,36,2021-07-10 10:06:31.2401143,2021-06-27 00:00:00,,,Received from MYNT XX9002 IMPS HSB,0.0,474.0,,,,-1,
837,36,2021-07-10 10:06:31.2411123,2021-06-27 00:00:00,,,Received from MYNT XX9002 IMPS HSB,0.0,455.0,,,,-1,
838,36,2021-07-10 10:06:31.2421227,2021-06-28 00:00:00,,,BY CLG INST 18/22-06-21/HDFC/MUMBAI,0.0,50000.0,,,,-1,
839,36,2021-07-10 10:06:31.2431245,2021-07-01 00:00:00,,,Int.Pd:6945111207:01-04-2021 to 30-06-2021,0.0,3804.0,,,,-1,
840,36,2021-07-10 10:06:31.2441516,2021-07-03 00:00:00,,,UPI/NACHIKETMAHEND/118469444706/illustration,0.0,2440.0,,,,-1,
841,36,2021-07-10 10:06:31.2500944,2021-07-08 00:00:00,,,Received from A/C XX4002 IMPS IDFC BANK,0.0,1.0,,,,-1,
842,36,2021-07-10 10:06:31.2511253,2021-07-09 00:00:00,,,AP:BILLPAY FOR MIRAEASSETMF 0293893489,2500.0,0.0,,,,-1,
843,29,2021-07-21 08:40:54.2764383,2021-07-13 00:00:00,,,NEFT N194211564878624 RKSV SECURITIESINDIA PVT L,0.0,25533.68,,,,-1,
844,29,2021-07-21 08:40:54.28242,2021-07-14 00:00:00,,,MB:RECEIVED MONEY FROM CREATIVEPACKAG 4913089961,0.0,450000.0,,,,-1,
845,29,2021-07-21 08:40:54.2834245,2021-07-19 00:00:00,,,CMG/V277/1741/UNNATI PRAMESH SHAH,0.0,234.82,,,,-1,
846,29,2021-07-21 08:40:54.2844213,2021-07-20 00:00:00,,,MB:TO PACKK,30000.0,0.0,,,,-1,
847,31,2021-07-21 08:41:57.9841329,2021-07-13 00:00:00,,,PG DONATION,5000.0,0.0,,,,-1,
848,31,2021-07-21 08:41:57.9861297,2021-07-13 00:00:00,,,UPI/Zomato/119416734448/ZomatoOnlineOrd,1186.5,0.0,,,,-1,
849,31,2021-07-21 08:41:57.9871324,2021-07-14 00:00:00,,,MB:RECEIVED MONEY FROM CREATIVEPRINTE 5013215984,0.0,450000.0,,,,-1,
850,31,2021-07-21 08:41:57.9881306,2021-07-16 00:00:00,,,FASTAG AUTOTOPUP- 101127-162132055414540001720377,300.0,0.0,,,,-1,
851,31,2021-07-21 08:41:57.9891284,2021-07-18 00:00:00,,,PG CAN ROBECO,1000.0,0.0,,,,-1,
852,31,2021-07-21 08:41:57.9901265,2021-07-20 00:00:00,,,MB:TO PRINT K,10000.0,0.0,,,,-1,
853,30,2021-07-21 08:42:53.065198,2021-07-12 00:00:00,,,NEFT CMS2021839623 R K GLOBAL SHARESAND SECURITI,0.0,400000.0,,,,-1,
854,30,2021-07-21 08:42:53.0671951,2021-07-20 00:00:00,,,AP:BILLPAY FOR MIRAEASSETMF 0295607383,2500.0,0.0,,,,-1,
855,30,2021-07-21 08:42:53.0682135,2021-07-20 00:00:00,,,NEFT ICIJ212010006694 UPPCL BONDSERVICING ACCOUN,0.0,24308.0,,,,-1,
856,36,2021-07-21 08:46:14.3484653,2021-07-10 00:00:00,,,UPI/TANVI MALHARKA/119112156842/vaishnavi illus,0.0,2380.0,,,,-1,
857,36,2021-07-21 08:46:14.3504657,2021-07-10 00:00:00,,,NEFT NRE REM VAIDYA KARTIK UDAY0811OP1003177888,0.0,3535.0,,,,-1,
858,36,2021-07-21 08:46:14.3515546,2021-07-11 00:00:00,,,AP:BILLPAY FOR PPFASMF 0294198477,5000.0,0.0,,,,-1,
859,36,2021-07-21 08:46:14.3524792,2021-07-13 00:00:00,,,Received from MYNT XX9002 IMPS HSB,0.0,517.0,,,,-1,
860,36,2021-07-21 08:46:14.3534754,2021-07-15 00:00:00,,,UPI/RANDEEP SINGH K/119601725507/gift,0.0,1000.0,,,,-1,
861,36,2021-07-21 08:46:14.3544805,2021-07-16 00:00:00,,,IB:PPF TRIAL,1000.0,0.0,,,,-1,
862,36,2021-07-21 08:46:14.3554791,2021-07-16 00:00:00,,,Received from MYNT XX9002 IMPS HSB,0.0,299.0,,,,-1,
863,36,2021-07-21 08:46:14.357468,2021-07-16 00:00:00,,,UPI/MEGHANA PALSHIK/119751868581/formugs and di,0.0,1380.0,,,,-1,
864,36,2021-07-21 08:46:14.358466,2021-07-19 00:00:00,,,IMPS from MF Utilitie Ref 120014804935,0.0,1.0,,,,-1,
865,29,2021-08-23 09:48:32.1807127,2021-06-10 00:00:00,,,MB SENT TO 020502000001794 IMPS Ref116119764682,1000.0,0.0,,,,-1,
866,29,2021-08-23 09:48:32.1827134,2021-06-10 00:00:00,,,REV:IMPS 020502000001794 Ref116119764682,0.0,1000.0,,,,-1,
867,29,2021-08-23 09:48:32.1837057,2021-06-11 00:00:00,,,MB:SENT MONEY TO CREATIVE PACKAGING4913089961,500.0,0.0,,,,-1,
868,29,2021-08-23 09:48:32.1847066,2021-06-11 00:00:00,,,MB:RECEIVED MONEY FROM CREATIVEPACKAG 4913089961,0.0,500.0,,,,-1,
869,29,2021-08-23 09:48:32.1857054,2021-06-18 00:00:00,,,OS WWW.INSTAMOJO.COM 13299920063,28.0,0.0,,,,-1,
870,29,2021-08-23 09:48:32.1867054,2021-06-21 00:00:00,,,IB:RKG,150000.0,0.0,,,,-1,
871,29,2021-08-23 09:48:32.1936781,2021-07-21 00:00:00,,,ATW/7668/+Dr. A. B. RoadWorliMumbaiM210721/12:24,20000.0,0.0,,,,-1,
872,29,2021-08-23 09:48:32.1946769,2021-07-21 00:00:00,,,MB:TO PACK K,50000.0,0.0,,,,-1,
873,29,2021-08-23 09:48:32.1957167,2021-07-22 00:00:00,,,AP:BILLPAY FOR DHFLMF 0295952702,2500.0,0.0,,,,-1,
874,29,2021-08-23 09:48:32.1967238,2021-07-23 00:00:00,,,MB:TO PACK K,50000.0,0.0,,,,-1,
875,29,2021-08-23 09:48:32.1976684,2021-07-24 00:00:00,,,UPI/ASHWIN MULCHAND/120513008531/UPI,0.0,2000.0,,,,-1,
876,29,2021-08-23 09:48:32.1986692,2021-07-24 00:00:00,,,UPI/URVISH S SHAH/120599907513/bhaktiteam urv,0.0,1000.0,,,,-1,
877,29,2021-08-23 09:48:32.1996669,2021-07-24 00:00:00,,,UPI/PREETI SUNDAR J/120500050298/GuruPunam Offe,0.0,1000.0,,,,-1,
878,29,2021-08-23 09:48:32.2006366,2021-07-24 00:00:00,,,UPI/RAKESH GANDHI J/120543919491/FromNandi Gand,0.0,500.0,,,,-1,
879,29,2021-08-23 09:48:32.2016604,2021-07-25 00:00:00,,,OS WWW.VODAFONE.IN 13645121779,2935.0,0.0,,,,-1,
880,29,2021-08-23 09:48:32.2027019,2021-07-27 00:00:00,,,UPI/NIMESHSURENDRA/120831149006/shashimama,0.0,500.0,,,,-1,
881,29,2021-08-23 09:48:32.2037137,2021-07-27 00:00:00,,,UPI/NIMESHSURENDRA/120831175231/Mahendrabhai ka,0.0,1000.0,,,,-1,
882,29,2021-08-23 09:48:32.2046486,2021-07-27 00:00:00,,,MB:RECEIVED MONEY FROM CREATIVEPACKAG 4913089961,0.0,200000.0,,,,-1,
883,29,2021-08-23 09:48:32.2056492,2021-07-28 00:00:00,,,MB:TO PACK K,40000.0,0.0,,,,-1,
884,29,2021-08-23 09:48:32.2076451,2021-07-31 00:00:00,,,UPI/KRUPALI JAY PAR/121221338183/UPI,0.0,500.0,,,,-1,
885,29,2021-08-23 09:48:32.2086426,2021-07-31 00:00:00,,,UPI/SHIVANI HIREN S/121284358375/PritiShah Guru,0.0,500.0,,,,-1,
886,29,2021-08-23 09:48:32.2096401,2021-08-01 00:00:00,,,AP:BILLPAY FOR MIRAEASSETMF 0297553986,2500.0,0.0,,,,-1,
887,29,2021-08-23 09:48:32.2106327,2021-08-01 00:00:00,,,UPI/Reliance Retail/121397489761/UPI,234.82,0.0,,,,-1,
888,29,2021-08-23 09:48:32.2116399,2021-08-02 00:00:00,,,UPI/NIMESHSURENDRA/121401655094/rajubhai jhaver,0.0,5000.0,,,,-1,
889,29,2021-08-23 09:48:32.2126754,2021-08-02 00:00:00,,,UPI/NIMESHSURENDRA/121403264814/vishal shah,0.0,500.0,,,,-1,
890,29,2021-08-23 09:48:32.21368,2021-08-03 00:00:00,,,MB:RECEIVED MONEY FROM CREATIVEPACKAG 4913089961,0.0,129000.0,,,,-1,
891,29,2021-08-23 09:48:32.2146217,2021-08-04 00:00:00,,,6992730-MB00000003374407 GLS 6836368 -ASBA,14400.0,0.0,,,,-1,
892,29,2021-08-23 09:48:32.2156241,2021-08-10 00:00:00,,,MB:TO PACK,40000.0,0.0,,,,-1,
893,29,2021-08-23 09:48:32.2166169,2021-08-16 00:00:00,,,CMG/V277/1785/UNNATI PRAMESH SHAH,0.0,234.82,,,,-1,
894,29,2021-08-23 09:48:32.2176204,2021-08-16 00:00:00,,,MB:TO PACK,13000.0,0.0,,,,-1,
895,29,2021-08-23 09:48:32.2186194,2021-08-17 00:00:00,,,MB:TO PACK K,38000.0,0.0,,,,-1,
896,29,2021-08-23 09:48:32.2196133,2021-08-17 00:00:00,,,MB:TO PACK,40000.0,0.0,,,,-1,
897,29,2021-08-23 09:48:32.220631,2021-08-23 00:00:00,,,AP:BILLPAY FOR DHFLMF 0301208767,2500.0,0.0,,,,-1,
898,31,2021-08-31 11:48:08.572452,2021-08-08 00:00:00,,,FASTAG AUTOTOPUP- 101127-080601177445540001720377,300.0,0.0,,,,-1,
899,31,2021-08-31 11:48:08.5794638,2021-08-08 00:00:00,,,FASTAG AUTOTOPUP- 101127-001220143494002002720301,300.0,0.0,,,,-1,
900,31,2021-08-31 11:48:08.5809487,2021-08-10 00:00:00,,,MB:TO PRINTERS,40000.0,0.0,,,,-1,
901,31,2021-08-31 11:48:08.5889336,2021-08-15 00:00:00,,,Received from MYNT XX9002 IMPS HSB,0.0,359.0,,,,-1,
902,31,2021-08-31 11:48:08.5899327,2021-08-15 00:00:00,,,Received from MYNT XX9002 IMPS HSB,0.0,444.0,,,,-1,
903,31,2021-08-31 11:48:08.5909306,2021-08-17 00:00:00,,,MB:PRINTERS KOTAK,40000.0,0.0,,,,-1,
904,31,2021-08-31 11:48:08.5919213,2021-08-18 00:00:00,,,Received from MYNT XX9002 IMPS HSB,0.0,323.0,,,,-1,
905,31,2021-08-31 11:48:08.5929188,2021-08-19 00:00:00,,,MB:navnitlal savailal,1240.0,0.0,,,,-1,
906,31,2021-08-31 11:48:08.5949134,2021-08-22 00:00:00,,,FASTAG AUTOTOPUP- 101127-220921231729540001720377,300.0,0.0,,,,-1,
907,31,2021-08-31 11:48:08.5959108,2021-08-23 00:00:00,,,PG BONO SAGAR,608.16,0.0,,,,-1,
908,31,2021-08-31 11:48:08.596908,2021-08-24 00:00:00,,,MB:TO PRINT K,40000.0,0.0,,,,-1,
909,31,2021-08-31 11:48:08.5979054,2021-08-25 00:00:00,,,PG SWIFGY,45.0,0.0,,,,-1,
910,31,2021-08-31 11:48:08.5989027,2021-08-27 00:00:00,,,AP:BILLPAY FOR MIRAEASSETMF 0301967757,2500.0,0.0,,,,-1,
911,31,2021-08-31 11:48:08.5999,2021-08-27 00:00:00,,,MB:TO PRINTERS,20000.0,0.0,,,,-1,
912,31,2021-08-31 11:48:08.6009026,2021-08-29 00:00:00,,,FASTAG AUTOTOPUP- 101127-929021083664540014720303,300.0,0.0,,,,-1,
913,31,2021-08-31 11:48:08.6018946,2021-08-29 00:00:00,,,FASTAG AUTOTOPUP- 101127-001263769620040001720301,300.0,0.0,,,,-1,
914,31,2021-08-31 11:48:08.6028921,2021-08-30 00:00:00,,,Received from MYNT XX9002 IMPS HSB,0.0,786.0,,,,-1,
915,31,2021-08-31 11:48:08.6038894,2021-08-30 00:00:00,,,Received from MYNT XX9002 IMPS HSB,0.0,594.0,,,,-1,
916,36,2021-08-31 11:55:38.0386127,2021-07-26 00:00:00,,,Received from MYNT XX9002 IMPS HSB,0.0,1799.0,,,,-1,
917,36,2021-08-31 11:55:38.0406106,2021-07-30 00:00:00,,,MB:PPF 2021 2022,148500.0,0.0,,,,-1,
918,36,2021-08-31 11:55:38.0416074,2021-08-03 00:00:00,,,UPI/DEVYANI DEEPAK /121514906437/UPI,0.0,1600.0,,,,-1,
919,36,2021-08-31 11:55:38.0426043,2021-08-03 00:00:00,,,UPI/MEGHANA PALSHIK/121562674854/for 2set of di,0.0,900.0,,,,-1,
920,36,2021-08-31 11:55:38.0446223,2021-08-08 00:00:00,,,UPI/BAFNA JAYASHREE/122089554754/tanvibafana fr,0.0,1600.0,,,,-1,
921,36,2021-08-31 11:55:38.0456193,2021-08-10 00:00:00,,,AP:BILLPAY FOR MIRAEASSETMF 0299120464,2500.0,0.0,,,,-1,
922,36,2021-08-31 11:55:38.0466507,2021-08-10 00:00:00,,,UPI/KAJAL RAJESH ME/122213870959/gift tosaahil,0.0,11000.0,,,,-1,
923,36,2021-08-31 11:55:38.0476458,2021-08-10 00:00:00,,,AP:BILLPAY FOR PPFASMF 0299143620,5000.0,0.0,,,,-1,
924,36,2021-08-31 11:55:38.0486068,2021-08-14 00:00:00,,,NEFT NRE REM VAIDYA KARTIK UDAY0811OP1004240014,0.0,3535.0,,,,-1,
925,36,2021-08-31 11:55:38.0496092,2021-08-16 00:00:00,,,MB:RECEIVED MONEY FROM CREATIVEPACKAG 4913089961,0.0,16000.0,,,,-1,
926,36,2021-08-31 11:55:38.0506062,2021-08-18 00:00:00,,,UPI/KHETARAMNEMARA/123006343518/Vastupal Ranka,0.0,20000.0,,,,-1,
927,36,2021-08-31 11:55:38.0516033,2021-08-20 00:00:00,,,UPI/HETAL KAUSHIK S/123209720844/UPI,0.0,470.0,,,,-1,
928,36,2021-08-31 11:55:38.0526156,2021-08-20 00:00:00,,,Received from MYNT XX9002 IMPS HSB,0.0,699.0,,,,-1,
929,36,2021-08-31 11:55:38.0536398,2021-08-23 00:00:00,,,UPI/KAJAL RAJESH ME/123522962174/diarypayment,0.0,10200.0,,,,-1,
930,36,2021-08-31 11:55:38.0546895,2021-08-24 00:00:00,,,Received from MYNT XX9002 IMPS HSB,0.0,525.0,,,,-1,
931,36,2021-08-31 11:55:38.0557579,2021-08-27 00:00:00,,,AP:BILLPAY FOR CANARAROBECOMF0301975191,1000.0,0.0,,,,-1,
932,36,2021-08-31 11:55:38.0565906,2021-08-30 00:00:00,,,Received from MYNT XX9002 IMPS HSB,0.0,437.0,,,,-1,
933,36,2021-08-31 11:55:38.0575877,2021-08-30 00:00:00,,,Received from MYNT XX9002 IMPS HSB,0.0,489.0,,,,-1,
934,30,2021-08-31 12:06:48.3006017,2021-07-21 00:00:00,,,ATW/7676/+Dr. A. B. RoadWorliMumbaiM210721/12:25,20000.0,0.0,,,,-1,
935,30,2021-08-31 12:06:48.3017055,2021-07-21 00:00:00,,,PG CANARA ROBECCO,1000.0,0.0,,,,-1,
936,30,2021-08-31 12:06:48.3026234,2021-07-27 00:00:00,,,PG MF PARAG PARIKH,5000.0,0.0,,,,-1,
937,30,2021-08-31 12:06:48.3036209,2021-07-28 00:00:00,,,MB:RK GLO,125000.0,0.0,,,,-1,
938,30,2021-08-31 12:06:48.3046142,2021-08-01 00:00:00,,,KSPAYOUT,0.0,3.53,,,,-1,
939,30,2021-08-31 12:06:48.3065855,2021-08-02 00:00:00,,,NACH-ECS-CR-SHCIL_INT TAX BONDS-INT1TBSHC54122603,0.0,38.75,,,,-1,
940,30,2021-08-31 12:06:48.3076061,2021-08-03 00:00:00,,,MB:RK GLO,10000.0,0.0,,,,-1,
941,30,2021-08-31 12:06:48.3086026,2021-08-12 00:00:00,,,AP:BILLPAY FOR CANARAROBECOMF0299457547,1000.0,0.0,,,,-1,
942,30,2021-08-31 12:06:48.3095365,2021-08-17 00:00:00,,,OS RESIDENT.UIDAI.GOV.I 13830073742,50.0,0.0,,,,-1,
943,30,2021-08-31 12:06:48.3105357,2021-08-19 00:00:00,,,AP:BILLPAY FOR MIRAEASSETMF 0300591377,2500.0,0.0,,,,-1,
944,30,2021-08-31 12:06:48.3115329,2021-08-30 00:00:00,,,NEFT SBIN121242018218 STATE BANK                                       OFINDIA SBIN001,0.0,87500.0,,,,-1,
945,29,2021-08-31 12:21:38.1039702,2021-08-26 00:00:00,,,OS WWW.VODAFONE.IN 13871639687,2088.0,0.0,,,,-1,
946,31,2021-10-05 11:25:53.5146734,2021-09-08 00:00:00,,,MB:TO PRINTERS K,10000.0,0.0,,,,-1,
947,31,2021-10-05 11:25:53.5146734,2021-09-16 00:00:00,,,MB:TO PRINTERS,50000.0,0.0,,,,-1,
948,31,2021-10-05 11:25:53.5146734,2021-09-17 00:00:00,,,ATW/7692/+Dr. A. B. RoadWorliMumbaiM170921/13:24,20000.0,0.0,,,,-1,
949,31,2021-10-05 11:25:53.5146734,2021-09-17 00:00:00,,,Received from MYNT XX9002 IMPS HSB,0.0,563.99,,,,-1,
950,31,2021-10-05 11:25:53.5303161,2021-09-17 00:00:00,,,Received from MYNT XX9002 IMPS HSB,0.0,301.18,,,,-1,
951,31,2021-10-05 11:25:53.5303161,2021-09-18 00:00:00,,,FASTAG AUTOTOPUP- 101127-134181432833540010720303,300.0,0.0,,,,-1,
952,31,2021-10-05 11:25:53.5303161,2021-09-18 00:00:00,,,UPI/Coco HP Auto Ca/126106658431/petrol,2000.0,0.0,,,,-1,
953,31,2021-10-05 11:25:53.5303161,2021-09-18 00:00:00,,,FASTAG AUTOTOPUP- 101127-596681626519540005720303,300.0,0.0,,,,-1,
954,31,2021-10-05 11:25:53.5303161,2021-09-19 00:00:00,,,UPI/VAIBHAVJANARDH/126213430547/myntra,934.0,0.0,,,,-1,
955,31,2021-10-05 11:25:53.5303161,2021-09-20 00:00:00,,,UPI/EKART/126314930765/Payment for FMP,359.0,0.0,,,,-1,
956,31,2021-10-05 11:25:53.5303161,2021-09-20 00:00:00,,,Received from MYNT XX9002 IMPS HSB,0.0,532.61,,,,-1,
957,31,2021-10-05 11:25:53.5303161,2021-09-20 00:00:00,,,Received from MYNT XX9002 IMPS HSB,0.0,402.59,,,,-1,
958,31,2021-10-05 11:25:53.5303161,2021-09-21 00:00:00,,,PG PPFAS MF,160000.0,0.0,,,,-1,
959,31,2021-10-05 11:25:53.5303161,2021-09-23 00:00:00,,,UPI/SWATI NITIN KAD/126613511554/creative,900.0,0.0,,,,-1,
960,31,2021-10-05 11:25:53.5303161,2021-09-23 00:00:00,,,Received from RAZO XX7077 IMPS YBL,0.0,1.0,,,,-1,
961,31,2021-10-05 11:25:53.5303161,2021-09-24 00:00:00,,,NEFT N267211647507470 IDFC COMMONREDEMPTI HDFC00,0.0,160000.0,,,,-1,
962,31,2021-10-05 11:25:53.5303161,2021-09-25 00:00:00,,,MB:PRINTERS K,10000.0,0.0,,,,-1,
963,31,2021-10-05 11:25:53.5303161,2021-09-27 00:00:00,,,MB:PRINTERSK,30000.0,0.0,,,,-1,
964,31,2021-10-05 11:25:53.5303161,2021-09-28 00:00:00,,,AP:BILLPAY FOR MIRAEASSETMF 0307966989,2500.0,0.0,,,,-1,
965,31,2021-10-05 11:25:53.5458623,2021-09-29 00:00:00,,,UPI/SHAKUNTALA DEVI/127215238772/UPI,544.5,0.0,,,,-1,
966,31,2021-10-05 11:25:53.5458623,2021-09-29 00:00:00,,,PG TRAFFIC,4672.0,0.0,,,,-1,
967,31,2021-10-05 11:25:53.5458623,2021-09-30 00:00:00,,,AP:BILLPAY FOR PPFASMF 0308457051,5000.0,0.0,,,,-1,
968,31,2021-10-05 11:25:53.5458623,2021-10-01 00:00:00,,,Int.Pd:1712151141:01-07-2021 to 30-09-2021,0.0,5458.0,,,,-1,
969,31,2021-10-05 11:25:53.5458623,2021-10-01 00:00:00,,,MB:PRINTERSK,40000.0,0.0,,,,-1,
970,31,2021-10-05 11:25:53.5458623,2021-10-01 00:00:00,,,NACH-10-CR-NATIONAL HIGHWAYS AU-1011651,0.0,17533.0,,,,-1,
971,31,2021-10-05 11:25:53.5458623,2021-10-02 00:00:00,,,UPI/PRIORITY HEALTH/127509523017/xray,1250.0,0.0,,,,-1,
972,31,2021-10-05 11:25:53.5458623,2021-10-03 00:00:00,,,FASTAG AUTOTOPUP- 101127-031801363284540001720377,300.0,0.0,,,,-1,
973,36,2021-10-05 12:10:02.9171241,2021-08-31 00:00:00,,,Received from MYNT XX9002 IMPS HSB,0.0,596.61,,,,-1,
974,36,2021-10-05 12:10:02.9171241,2021-08-31 00:00:00,,,Received from MYNT XX9002 IMPS HSB,0.0,526.32,,,,-1,
975,36,2021-10-05 12:10:02.9171241,2021-08-31 00:00:00,,,Received from MYNT XX9002 IMPS HSB,0.0,473.6,,,,-1,
976,36,2021-10-05 12:10:02.9171241,2021-08-31 00:00:00,,,Received from MYNT XX9002 IMPS HSB,0.0,473.61,,,,-1,
977,36,2021-10-05 12:10:02.9171241,2021-09-04 00:00:00,,,UPI/NIRAV PRAVIN BH/124715893346/unnatishah far,820.0,0.0,,,,-1,
978,36,2021-10-05 12:10:02.9171241,2021-09-06 00:00:00,,,UPI/KAJAL RAJESH ME/124910166736/krishabirthday,0.0,2501.0,,,,-1,
979,36,2021-10-05 12:10:02.9171241,2021-09-07 00:00:00,,,Received from SIGN XX0774 IMPS ICICI Bank,0.0,1.03,,,,-1,
980,36,2021-10-05 12:10:02.9171241,2021-09-08 00:00:00,,,UPI/ANITA AJAY PAND/125164388263/UPI,0.0,700.0,,,,-1,
981,36,2021-10-05 12:10:02.9171241,2021-09-09 00:00:00,,,AP:BILLPAY FOR MIRAEASSETMF 0304468269,2500.0,0.0,,,,-1,
982,36,2021-10-05 12:10:02.9171241,2021-09-14 00:00:00,,,UPI/SHREYAS ANIL MA/125711637950/UPI,0.0,1200.0,,,,-1,
983,36,2021-10-05 12:10:02.9171241,2021-09-15 00:00:00,,,UPI/SNEHA M DADHA/125865465485/UPI,0.0,3000.0,,,,-1,
984,36,2021-10-05 12:10:02.9171241,2021-09-16 00:00:00,,,UPI/SHIVANI NIKHIL/125967659033/illustration,0.0,2000.0,,,,-1,
985,36,2021-10-05 12:10:02.9171241,2021-09-26 00:00:00,,,UPI/Paytm/126952991110/Oid15258795566@,1000.0,0.0,,,,-1,
986,36,2021-10-05 12:10:02.9171241,2021-09-28 00:00:00,,,AP:BILLPAY FOR CANARAROBECOMF0307948519,1000.0,0.0,,,,-1,
987,36,2021-10-05 12:10:02.9326802,2021-09-29 00:00:00,,,UPI/facebookadsmana/127220348286/UPITransaction,600.0,0.0,,,,-1,
988,36,2021-10-05 12:10:02.9326802,2021-09-29 00:00:00,,,UPI/MANALI SANJAYB/127214948560/Notebook,0.0,380.0,,,,-1,
989,36,2021-10-05 12:10:02.9326802,2021-10-01 00:00:00,,,Int.Pd:6945111207:01-07-2021 to 30-09-2021,0.0,1862.0,,,,-1,
990,36,2021-10-05 12:10:02.9326802,2021-10-01 00:00:00,,,CASH DEPOSIT AT WORLI BY SELF,0.0,40000.0,,,,-1,
991,36,2021-10-05 12:10:02.9326802,2021-10-01 00:00:00,,,UPI/CREATIVE PACKAG/127477121438/UPI,10.0,0.0,,,,-1,
992,36,2021-10-05 12:10:02.9326802,2021-10-03 00:00:00,,,PG PPFAS,1000.0,0.0,,,,-1,
993,36,2021-10-05 12:10:02.9326802,2021-10-04 00:00:00,,,MB:RECEIVED MONEY FROM CREATIVEPACKAG 4913089961,0.0,10.0,,,,-1,
994,30,2021-10-05 13:37:38.469462,2021-08-31 00:00:00,,,UPI/Zomato Ltd/124358598144/Zomatopayment,458.25,0.0,,,,-1,
995,30,2021-10-05 13:37:38.4734514,2021-09-02 00:00:00,,,OS WWW.MAKEMYTRIP.COM 13903357913,429.31,0.0,,,,-1,
996,30,2021-10-05 13:37:38.4754464,2021-09-05 00:00:00,,,Received from MYNT XX9002 IMPS HSB,0.0,474.0,,,,-1,
997,30,2021-10-05 13:37:38.4764434,2021-09-05 00:00:00,,,Received from MYNT XX9002 IMPS HSB,0.0,475.0,,,,-1,
998,30,2021-10-05 13:37:38.4774728,2021-09-06 00:00:00,,,Received from MYNT XX9002 IMPS HSB,0.0,474.0,,,,-1,
999,30,2021-10-05 13:37:38.4784634,2021-09-06 00:00:00,,,Received from MYNT XX9002 IMPS HSB,0.0,489.0,,,,-1,
1000,30,2021-10-05 13:37:38.4794362,2021-09-13 00:00:00,,,PG RK GLOBAL,50008.26,0.0,,,,-1,
1001,30,2021-10-05 13:37:38.4804333,2021-09-14 00:00:00,,,Received from RAZO XX7077 IMPS YBL,0.0,1.0,,,,-1,
1002,30,2021-10-05 13:37:38.4814304,2021-09-15 00:00:00,,,Received from Mr. XX5198 IMPS IDFC BANK,0.0,150000.0,,,,-1,
1003,30,2021-10-05 13:37:38.4824278,2021-09-15 00:00:00,,,PG RK GLOBAL,210008.26,0.0,,,,-1,
1004,30,2021-10-05 13:37:38.4834558,2021-09-19 00:00:00,,,OS NSDLPAN 331620280744162,8.26,0.0,,,,-1,
1005,30,2021-10-05 13:37:38.4844541,2021-09-21 00:00:00,,,Received from Mr. XX5198 IMPS IDFC BANK,0.0,50000.0,,,,-1,
1006,30,2021-10-05 13:37:38.4854198,2021-09-21 00:00:00,,,PG R K GLOBAL,50008.26,0.0,,,,-1,
1007,30,2021-10-05 13:37:38.4874144,2021-10-01 00:00:00,,,Int.Pd:2012066081:01-07-2021 to 30-09-2021,0.0,1283.0,,,,-1,
1008,30,2021-10-05 13:55:02.6715991,2021-09-01 00:00:00,,,MB:LOAN REPAY,2500.0,0.0,,,,-1,
1009,30,2021-10-05 13:55:02.6735961,2021-09-16 00:00:00,,,AP:BILLPAY FOR CANARAROBECOMF0305764247,1000.0,0.0,,,,-1,
1010,30,2021-10-05 13:55:02.6745937,2021-09-17 00:00:00,,,ATW/7676/+Dr. A. B. RoadWorliMumbaiM170921/13:22,20000.0,0.0,,,,-1,
1011,30,2021-10-05 13:55:02.6755984,2021-09-20 00:00:00,,,AP:BILLPAY FOR MIRAEASSETMF 0306523532,2500.0,0.0,,,,-1,
1012,30,2021-10-05 13:55:02.6765879,2021-09-20 00:00:00,,,PG PARAG PARIKH,1000.0,0.0,,,,-1,
1013,29,2021-10-05 14:11:07.08491,2021-09-01 00:00:00,,,AP:BILLPAY FOR MIRAEASSETMF 0302848314,2500.0,0.0,,,,-1,
1014,29,2021-10-05 14:11:07.0869075,2021-09-02 00:00:00,,,CMG/V277/1767/UNNATI PRAMESH SHAH,0.0,2088.0,,,,-1,
1015,29,2021-10-05 14:11:07.0879324,2021-09-13 00:00:00,,,MB:RECEIVED FROM 2012047141,0.0,2000.0,,,,-1,
1016,29,2021-10-05 14:11:07.0889325,2021-09-17 00:00:00,,,ATW/7668/+Dr. A. B. RoadWorliMumbaiM170921/13:24,20000.0,0.0,,,,-1,
1017,29,2021-10-05 14:11:07.0899302,2021-09-22 00:00:00,,,AP:BILLPAY FOR DHFLMF 0306946960,2500.0,0.0,,,,-1,
1018,29,2021-10-05 14:11:07.091003,2021-09-22 00:00:00,,,PG PPFAS MF,1000.0,0.0,,,,-1,
1019,29,2021-10-05 14:11:07.0919909,2021-09-30 00:00:00,,,AP:BILLPAY FOR MIRAEASSETMF 0308388297,2500.0,0.0,,,,-1,
1020,29,2021-10-05 14:11:07.0929223,2021-10-01 00:00:00,,,MB:TO PACK,95000.0,0.0,,,,-1,
1021,29,2021-10-05 14:11:07.0939196,2021-10-01 00:00:00,,,Int.Pd:1912581915:01-07-2021 to 30-09-2021,0.0,6207.0,,,,-1,
1022,29,2021-10-05 14:11:07.0959136,2021-10-03 00:00:00,,,UPI/Reliance Retail/127614312661/BillPayment fo,219.64,0.0,,,,-1,
1023,29,2022-01-13 09:38:30.9746212,2021-12-03 00:00:00,,,MB:TO PACK K,10000.0,0.0,,,,-1,
1024,29,2022-01-13 09:38:30.9865958,2021-12-03 00:00:00,,,MB:TO PACK,15000.0,0.0,,,,-1,
1025,29,2022-01-13 09:38:30.9875867,2021-12-03 00:00:00,,,NACH-10-CR-GLENMARKLIFESCIENCES-233999,0.0,210.0,,,,-1,
1026,29,2022-01-13 09:38:30.9885834,2021-12-04 00:00:00,,,MB:PACK K,15000.0,0.0,,,,-1,
1027,29,2022-01-13 09:38:30.9895849,2021-12-08 00:00:00,,,PG SRASSK DONATIO,25001.0,0.0,,,,-1,
1028,29,2022-01-13 09:38:30.9915757,2021-12-09 00:00:00,,,MB:TO PACK K,350000.0,0.0,,,,-1,
1029,29,2022-01-13 09:38:30.9925728,2021-12-09 00:00:00,,,MB:RECEIVED MONEY FROM CREATIVEPACKAG 4913089961,0.0,400000.0,,,,-1,
1030,29,2022-01-13 09:38:30.9935702,2021-12-10 00:00:00,,,OS 1912581915 331620470615268,50000.0,0.0,,,,-1,
1031,29,2022-01-13 09:38:30.9945738,2021-12-10 00:00:00,,,Received from CASH XX3173 IMPS YBL,0.0,1.0,,,,-1,
1032,29,2022-01-13 09:38:30.995571,2021-12-17 00:00:00,,,MB:TO PACK,15000.0,0.0,,,,-1,
1033,29,2022-01-13 09:38:30.9965621,2021-12-21 00:00:00,,,MB IDFC UNNATI                                   Ref 135515798996,400000.0,0.0,,,,-1,
1034,29,2022-01-13 09:38:30.9975597,2021-12-22 00:00:00,,,AP:BILLPAY FOR DHFLMF 0324974620,2500.0,0.0,,,,-1,
1035,29,2022-01-13 09:38:30.998557,2021-12-22 00:00:00,,,MB:to idfc,400000.0,0.0,,,,-1,
1036,29,2022-01-13 09:38:30.9995543,2021-12-25 00:00:00,,,MB:TO PACK,80000.0,0.0,,,,-1,
1037,29,2022-01-13 09:38:31.0005582,2022-01-01 00:00:00,,,Int.Pd:1912581915:01-10-2021 to 31-12-2021,0.0,7286.0,,,,-1,
1038,29,2022-01-13 09:38:31.0015488,2022-01-06 00:00:00,,,MB:RECEIVED MONEY FROM CREATIVEPACKAG 4913089961,0.0,150000.0,,,,-1,
1039,30,2022-01-13 14:47:43.4341879,2021-11-02 00:00:00,,,AP:BILLPAY FOR TATAMF 0314700998,1000.0,0.0,,,,-1,
1040,30,2022-01-13 14:47:43.4442294,2021-11-09 00:00:00,,,AP:BILLPAY FOR TATAMF 0315972180,1000.0,0.0,,,,-1,
1041,30,2022-01-13 14:47:43.4451589,2021-11-09 00:00:00,,,NEFT CMS2228500018 R K GLOBAL SHARESAND SECURITI,0.0,500000.0,,,,-1,
1042,30,2022-01-13 14:47:43.446156,2021-11-11 00:00:00,,,PG SRASSK SRA CODE PAY,5100.0,0.0,,,,-1,
1043,30,2022-01-13 14:47:43.4471533,2021-11-12 00:00:00,,,AP:BILLPAY FOR CANARAROBECOMF0316636079,1000.0,0.0,,,,-1,
1044,30,2022-01-13 14:47:43.4481756,2021-11-15 00:00:00,,,NEFT CMS2237992365 CENTRALDEPOSITORY SERVICES IN,0.0,278.51,,,,-1,
1045,30,2022-01-13 14:47:43.4492049,2021-11-16 00:00:00,,,AP:BILLPAY FOR TATAMF 0317417269,1000.0,0.0,,,,-1,
1046,30,2022-01-13 14:47:43.4502107,2021-11-19 00:00:00,,,AP:BILLPAY FOR MIRAEASSETMF 0318024229,2500.0,0.0,,,,-1,
1047,30,2022-01-13 14:47:43.4512024,2021-11-21 00:00:00,,,AP:BILLPAY FOR PPFASMF 0318368073,5000.0,0.0,,,,-1,
1048,30,2022-01-13 14:47:43.452142,2021-11-23 00:00:00,,,AP:BILLPAY FOR TATAMF 0318722118,1000.0,0.0,,,,-1,
1049,30,2022-01-13 14:47:43.4531376,2021-11-27 00:00:00,,,UPI/KANERI NITIN GA/133187820878/patricaprint,300.0,0.0,,,,-1,
1050,30,2022-01-13 14:47:43.4541349,2021-11-30 00:00:00,,,AP:BILLPAY FOR TATAMF 0320117390,1000.0,0.0,,,,-1,
1051,30,2022-01-13 14:47:43.4561072,2021-12-02 00:00:00,,,UPI/Swiggy/133666068331/UPI,75.0,0.0,,,,-1,
1052,30,2022-01-13 14:47:43.4571271,2021-12-04 00:00:00,,,NEFT SBIN221338350192 STATE BANK OFINDIA SBIN001,0.0,95600.0,,,,-1,
1053,30,2022-01-13 14:47:43.4581245,2021-12-07 00:00:00,,,AP:BILLPAY FOR TATAMF 0321673056,1000.0,0.0,,,,-1,
1054,30,2022-01-13 14:47:43.4591376,2021-12-07 00:00:00,,,NEFT CMS2277012728 R K GLOBAL SHARESAND SECURITI,0.0,200000.0,,,,-1,
1055,30,2022-01-13 14:47:43.460169,2021-12-09 00:00:00,,,UPI/MARUTI ISHWAR P/134371685670/goldpaper scre,800.0,0.0,,,,-1,
1056,30,2022-01-13 14:47:43.461182,2021-12-10 00:00:00,,,PG BAJAJ FD,50000.0,0.0,,,,-1,
1057,30,2022-01-13 14:47:43.4621134,2021-12-13 00:00:00,,,AP:BILLPAY FOR CANARAROBECOMF0322953623,1000.0,0.0,,,,-1,
1058,30,2022-01-13 14:47:43.4631135,2021-12-14 00:00:00,,,AP:BILLPAY FOR TATAMF 0323181806,1000.0,0.0,,,,-1,
1059,30,2022-01-13 14:47:43.4641079,2021-12-20 00:00:00,,,AP:BILLPAY FOR MIRAEASSETMF 0324466934,2500.0,0.0,,,,-1,
1060,30,2022-01-13 14:47:43.4651077,2021-12-21 00:00:00,,,AP:BILLPAY FOR PPFASMF 0324690887,5000.0,0.0,,,,-1,
1061,30,2022-01-13 14:47:43.4661026,2021-12-21 00:00:00,,,AP:BILLPAY FOR TATAMF 0324704442,1000.0,0.0,,,,-1,
1062,30,2022-01-13 14:47:43.4671087,2021-12-28 00:00:00,,,AP:BILLPAY FOR TATAMF 0326135867,1000.0,0.0,,,,-1,
1063,30,2022-01-13 14:47:43.4681483,2021-12-28 00:00:00,,,UPI/Master RAHUL RA/136217904656/SendPayment,46.0,0.0,,,,-1,
1064,30,2022-01-13 14:47:43.4691484,2022-01-01 00:00:00,,,Int.Pd:2012066081:01-10-2021 to 31-12-2021,0.0,3622.0,,,,-1,
1065,30,2022-01-13 14:47:43.4700924,2022-01-01 00:00:00,,,UPI/SHRIMAD RAJCHAN/200118078883/srmdfood,2150.0,0.0,,,,-1,
1066,30,2022-01-13 14:47:43.4710902,2022-01-04 00:00:00,,,AP:BILLPAY FOR TATAMF 0327621247,1000.0,0.0,,,,-1,
1067,30,2022-01-13 14:47:43.4730616,2022-01-04 00:00:00,,,UPI/SHRIMAD RAJCHAN/200467637899/srmdfood,3000.0,0.0,,,,-1,
1068,30,2022-01-13 14:47:43.4740812,2022-01-11 00:00:00,,,AP:BILLPAY FOR TATAMF 0329379654,1000.0,0.0,,,,-1,
1069,30,2022-01-13 14:47:43.4750787,2022-01-12 00:00:00,,,AP:BILLPAY FOR CANARAROBECOMF0329667448,1000.0,0.0,,,,-1,
1070,31,2022-01-14 10:22:25.8616133,2021-11-30 00:00:00,,,MB:TO PRINT,15000.0,0.0,,,,-1,
1071,31,2022-01-14 10:22:25.8656047,2021-12-02 00:00:00,,,MB:RECEIVED MONEY FROM CREATIVEPRINTE 5013215984,0.0,300000.0,,,,-1,
1072,31,2022-01-14 10:22:25.8666024,2021-12-04 00:00:00,,,KOTAK FASTAG IHMCLKB86DCEB18D2760B27 04/12/21,300.0,0.0,,,,-1,
1073,31,2022-01-14 10:22:25.8676216,2021-12-04 00:00:00,,,PG FALAFEL,521.0,0.0,,,,-1,
1074,31,2022-01-14 10:22:25.8685707,2021-12-06 00:00:00,,,AP:BILLPAY FOR CANARAROBECOMF0321467646,1000.0,0.0,,,,-1,
1075,31,2022-01-14 10:22:25.869568,2021-12-06 00:00:00,,,MB TO SBI SAAHIL                                  Ref134022871191,8000.0,0.0,,,,-1,
1076,31,2022-01-14 10:22:25.871586,2021-12-07 00:00:00,,,UPI/JANAM YOGESHGO/134118778295/advance for kot,500.0,0.0,,,,-1,
1077,31,2022-01-14 10:22:25.8765729,2021-12-07 00:00:00,,,Received from CASH XX3173 IMPS YBL,0.0,1.0,,,,-1,
1078,31,2022-01-14 10:22:25.877615,2021-12-09 00:00:00,,,UPI/VAIBHAVJANARDH/134314833324/myntra,1800.0,0.0,,,,-1,
1079,31,2022-01-14 10:22:25.8786209,2021-12-09 00:00:00,,,OS AMAZON.IN 14374992993,360.0,0.0,,,,-1,
1080,31,2022-01-14 10:22:25.879628,2021-12-10 00:00:00,,,UPI/AMAZON SELLERS/134412740130/Amazon,449.0,0.0,,,,-1,
1081,31,2022-01-14 10:22:25.8805637,2021-12-10 00:00:00,,,PG HDFC FD,50000.0,0.0,,,,-1,
1082,31,2022-01-14 10:22:25.881536,2021-12-12 00:00:00,,,Received from MYNT XX9002 IMPS HSB,0.0,384.0,,,,-1,
1083,31,2022-01-14 10:22:25.8835307,2021-12-13 00:00:00,,,UPI/GURUDAS JAIPAL /134714353228/wefastdress,174.0,0.0,,,,-1,
1084,31,2022-01-14 10:22:25.8845516,2021-12-14 00:00:00,,,KOTAK FASTAG IHMCLKB8FC18612941AECE8 14/12/21,300.0,0.0,,,,-1,
1085,31,2022-01-14 10:22:25.8855509,2021-12-14 00:00:00,,,KOTAK FASTAG IHMCLKB99CD85A16C30850E 14/12/21,300.0,0.0,,,,-1,
1086,31,2022-01-14 10:22:25.8865749,2021-12-17 00:00:00,,,MB:RECEIVED MONEY FROM CREATIVEPRINTE 5013215984,0.0,125000.0,,,,-1,
1087,31,2022-01-14 10:22:25.8875915,2021-12-17 00:00:00,,,MB:TO PRINTERS,30000.0,0.0,,,,-1,
1088,31,2022-01-14 10:22:25.888598,2021-12-21 00:00:00,,,MB:TO PRINTERS,20000.0,0.0,,,,-1,
1089,31,2022-01-14 10:22:25.8895381,2021-12-21 00:00:00,,,UPI/SHRIMADRAJCHAN/135518612088/cafeteria,24.0,0.0,,,,-1,
1090,31,2022-01-14 10:22:25.8905354,2021-12-22 00:00:00,,,UPI/SHRIMAD RAJCHAN/135615201620/dosacafe,70.0,0.0,,,,-1,
1091,31,2022-01-14 10:22:25.8915335,2021-12-24 00:00:00,,,UPI/SHRIMAD RAJCHAN/135822117079/Dpurcafe,45.0,0.0,,,,-1,
1092,31,2022-01-14 10:22:25.8925318,2021-12-28 00:00:00,,,AP:BILLPAY FOR MIRAEASSETMF 0326133170,2500.0,0.0,,,,-1,
1093,31,2022-01-14 10:22:25.8935274,2021-12-28 00:00:00,,,UPI/Master RAHUL RA/136216210630/SendPayment,46.0,0.0,,,,-1,
1094,31,2022-01-14 10:22:25.8945753,2021-12-28 00:00:00,,,UPI/SHRIMAD RAJCHAN/136222793047/cafe,150.0,0.0,,,,-1,
1095,31,2022-01-14 10:22:25.8955872,2022-01-01 00:00:00,,,Int.Pd:1712151141:01-10-2021 to 31-12-2021,0.0,5395.0,,,,-1,
1096,31,2022-01-14 10:22:25.8975216,2022-01-02 00:00:00,,,UPI/SHRIMAD RAJCHAN/200209099671/foodpass,1000.0,0.0,,,,-1,
1097,31,2022-01-14 10:22:25.8985138,2022-01-05 00:00:00,,,AP:BILLPAY FOR CANARAROBECOMF0328094687,1000.0,0.0,,,,-1,
1098,31,2022-01-14 10:22:25.8995118,2022-01-08 00:00:00,,,MB GST FOR OCT                                    Ref200810606923,16082.0,0.0,,,,-1,
1099,31,2022-01-14 10:22:25.9005435,2022-01-08 00:00:00,,,MB:TO PRINTERS,70000.0,0.0,,,,-1,
1100,31,2022-01-14 10:22:25.9015639,2022-01-08 00:00:00,,,UPI/SHRIMADRAJCHAN/200817801856/cafeteria,60.0,0.0,,,,-1,
1101,31,2022-01-14 10:22:25.9025586,2022-01-11 00:00:00,,,KOTAK FASTAGIHMCL~KBA3DE093394A97371~11/01/22,300.0,0.0,,,,-1,
1102,31,2022-01-14 10:22:25.9034781,2022-01-11 00:00:00,,,UPI/Rangoli Resto/201112362249/rangoli rest,951.0,0.0,,,,-1,
1103,31,2022-01-14 10:22:25.9044983,2022-01-11 00:00:00,,,KOTAK FASTAGIHMCL~KBB78436892A7A1BA8~11/01/22,300.0,0.0,,,,-1,
1104,30,2022-02-17 09:34:37.6918902,2022-01-18 00:00:00,,,AP:BILLPAY FOR TATAMF 0330907813,1000.0,0.0,,,,-1,
1105,30,2022-02-17 09:34:37.6918902,2022-01-19 00:00:00,,,AP:BILLPAY FOR MIRAEASSETMF 0331234462,2500.0,0.0,,,,-1,
1106,30,2022-02-17 09:34:37.7074987,2022-01-19 00:00:00,,,UPI/JioFiber/201919720188/JIO20TB00001C91,470.82,0.0,,,,-1,
1107,30,2022-02-17 09:34:37.7074987,2022-01-20 00:00:00,,,AP:BILLPAY FOR PPFASMF 0331403545,5000.0,0.0,,,,-1,
1108,30,2022-02-17 09:34:37.7074987,2022-01-20 00:00:00,,,NEFT ICIB220200019890 UPPCL BONDSERVICING ACCOUN,0.0,24575.0,,,,-1,
1109,30,2022-02-17 09:34:37.7074987,2022-01-22 00:00:00,,,UPI/EKART/202260621290/Payment for FMP,2170.0,0.0,,,,-1,
1110,30,2022-02-17 09:34:37.7074987,2022-01-25 00:00:00,,,AP:BILLPAY FOR TATAMF 0332478810,1000.0,0.0,,,,-1,
1111,30,2022-02-17 09:34:37.7074987,2022-01-25 00:00:00,,,UPI/Instamojo/202535625911/snatra video,125.0,0.0,,,,-1,
1112,30,2022-02-17 09:34:37.7074987,2022-01-31 00:00:00,,,UPI/ANITA BHARAT PA/203128676254/bigkankotri,3420.0,0.0,,,,-1,
1113,30,2022-02-17 09:34:37.7074987,2022-02-01 00:00:00,,,AP:BILLPAY FOR TATAMF 0334008931,1000.0,0.0,,,,-1,
1114,30,2022-02-17 09:34:37.7074987,2022-02-01 00:00:00,,,NACH-ECS-CR-SHCIL_INT TAX BONDS-INT1TBSHC54122603,0.0,38.75,,,,-1,
1115,30,2022-02-17 09:34:37.7074987,2022-02-02 00:00:00,,,UPI/VIKRAM/203361630968/till 2 2 22,800.0,0.0,,,,-1,
1116,30,2022-02-17 09:34:37.7074987,2022-02-04 00:00:00,,,UPI/Swiggy/203503564290/parce,30.0,0.0,,,,-1,
1117,30,2022-02-17 09:34:37.7231273,2022-02-05 00:00:00,,,BY CLG INST 860755/20-01-22/HDFC/MUMBAI,0.0,7714.0,,,,-1,
1118,30,2022-02-17 09:34:37.7231273,2022-02-05 00:00:00,,,MB:TO UPS K,125000.0,0.0,,,,-1,
1119,30,2022-02-17 09:34:37.7231273,2022-02-06 00:00:00,,,UPI/Instamojo Techn/203742545330/UPI,125.0,0.0,,,,-1,
1120,30,2022-02-17 09:34:37.7231273,2022-02-07 00:00:00,,,BY CLG INST 65/04-02-22/HDFC/MUMBAI,0.0,70000.0,,,,-1,
1121,30,2022-02-17 09:34:37.7231273,2022-02-07 00:00:00,,,UPI/Swiggy/203853522818/courier,30.0,0.0,,,,-1,
1122,30,2022-02-17 09:34:37.7231273,2022-02-07 00:00:00,,,PCI/7676/RIZEK/ABU DHABI070222/18:21,4177.1,0.0,,,,-1,
1123,30,2022-02-17 09:34:37.7231273,2022-02-08 00:00:00,,,AP:BILLPAY FOR TATAMF 0335590144,1000.0,0.0,,,,-1,
1124,30,2022-02-17 09:34:37.7231273,2022-02-08 00:00:00,,,UPI/Swiggy/203964365176/courier,30.0,0.0,,,,-1,
1125,30,2022-02-17 09:34:37.7231273,2022-02-08 00:00:00,,,UPI/Swiggy/203964732836/courier,30.0,0.0,,,,-1,
1126,30,2022-02-17 09:34:37.7231273,2022-02-08 00:00:00,,,NACH-ECS-CR-HUDCO TAX FREE BONDS-1011516,0.0,16732.0,,,,-1,
1127,30,2022-02-17 09:34:37.7231273,2022-02-09 00:00:00,,,UPI/Mr. GURUNATH AS/204092115633/gurufoil mandi,2700.0,0.0,,,,-1,
1128,30,2022-02-17 09:34:37.7231273,2022-02-10 00:00:00,,,NEFT 204001872GN00156 LIBERTY GENERALINSURANC DE,0.0,93328.0,,,,-1,
1129,30,2022-02-17 09:34:37.7231273,2022-02-10 00:00:00,,,Tips/Schgs/Exh//RIZEK,1.66,0.0,,,,-1,
1130,30,2022-02-17 09:34:37.7231273,2022-02-10 00:00:00,,,MB IK2408                                  Ref 204123025824,10000.0,0.0,,,,-1,
1131,30,2022-02-17 09:34:37.738748,2022-02-10 00:00:00,,,REV:IMPS 0104SLNEFTPL Ref 204123025824,0.0,10000.0,,,,-1,
1132,30,2022-02-17 09:34:37.738748,2022-02-10 00:00:00,,,MB:RKG IK2404,10000.0,0.0,,,,-1,
1133,30,2022-02-17 09:34:37.738748,2022-02-12 00:00:00,,,UPI/ARVIND ARUN GHA/204364102976/UPI,168.0,0.0,,,,-1,
1134,30,2022-02-17 09:34:37.738748,2022-02-13 00:00:00,,,AP:BILLPAY FOR CANARAROBECOMF0336752621,1000.0,0.0,,,,-1,
1135,30,2022-02-17 09:34:37.738748,2022-02-15 00:00:00,,,AP:BILLPAY FOR TATAMF 0337272896,1000.0,0.0,,,,-1,
1136,30,2022-02-17 09:34:37.738748,2022-02-15 00:00:00,,,NACH-10-CR-AAIPS3625H-AY2021-22-CE22169184077,0.0,12500.0,,,,-1,
1137,30,2022-02-17 09:34:37.738748,2022-02-16 00:00:00,,,UPI/SONAFINE CORPOR/204728338682/sona,188.0,0.0,,,,-1,
1138,31,2022-02-17 11:56:49.5531617,2022-01-17 00:00:00,,,MB:TO PRINTERS,10000.0,0.0,,,,-1,
1139,31,2022-02-17 11:56:49.5531617,2022-01-18 00:00:00,,,MB:TO PRINTERS,50000.0,0.0,,,,-1,
1140,31,2022-02-17 11:56:49.5531617,2022-01-20 00:00:00,,,MB:TO PRINT,45000.0,0.0,,,,-1,
1141,31,2022-02-17 11:56:49.5531617,2022-01-20 00:00:00,,,PG GIFT BRACELET,2000.0,0.0,,,,-1,
1142,31,2022-02-17 11:56:49.5531617,2022-01-22 00:00:00,,,Recd:IMPS/202210185238/MYNTRADES/KKBK/X9002/OaQTm,0.0,1029.0,,,,-1,
1143,31,2022-02-17 11:56:49.5531617,2022-01-23 00:00:00,,,Recd:IMPS/202312709978/FlipkartI/KKBK/X0602/FT220,0.0,752.0,,,,-1,
1144,31,2022-02-17 11:56:49.5531617,2022-01-23 00:00:00,,,Recd:IMPS/202312709981/FlipkartI/KKBK/X0602/FT220,0.0,784.0,,,,-1,
1145,31,2022-02-17 11:56:49.5531617,2022-01-23 00:00:00,,,UPI/Swiggy/202315863252/biscuits dubai,120.0,0.0,,,,-1,
1146,31,2022-02-17 11:56:49.5531617,2022-01-24 00:00:00,,,MB:TO PRINT,40000.0,0.0,,,,-1,
1147,31,2022-02-17 11:56:49.5531617,2022-01-24 00:00:00,,,Recd:IMPS/202414006322/FlipkartI/KKBK/X0602/FT220,0.0,774.0,,,,-1,
1148,31,2022-02-17 11:56:49.5531617,2022-01-24 00:00:00,,,UPI/VAIBHAVJANARDH/202417249007/myntra,2434.0,0.0,,,,-1,
1149,31,2022-02-17 11:56:49.5531617,2022-01-24 00:00:00,,,UPI/EKART/202417969072/Payment for FMP,599.0,0.0,,,,-1,
1150,31,2022-02-17 11:56:49.5531617,2022-01-25 00:00:00,,,Recd:IMPS/202509154917/MYNTRADES/KKBK/X9002/rXbXo,0.0,379.0,,,,-1,
1151,31,2022-02-17 11:56:49.5686902,2022-01-25 00:00:00,,,Recd:IMPS/202513184548/FlipkartI/KKBK/X0602/FT220,0.0,599.0,,,,-1,
1152,31,2022-02-17 11:56:49.5686902,2022-01-25 00:00:00,,,UPI/SAIL SUSHIL CHI/202527931400/UPI,0.0,1.0,,,,-1,
1153,31,2022-02-17 11:56:49.5686902,2022-01-26 00:00:00,,,Recd:IMPS/202614034122/MYNTRADES/KKBK/X9002/zS8R8,0.0,739.0,,,,-1,
1154,31,2022-02-17 11:56:49.5686902,2022-01-27 00:00:00,,,AP:BILLPAY FOR MIRAEASSETMF 0332936890,2500.0,0.0,,,,-1,
1155,31,2022-02-17 11:56:49.5686902,2022-01-27 00:00:00,,,UPI/SANDESHMEGHNAT/202711063199/positive,495.0,0.0,,,,-1,
1156,31,2022-02-17 11:56:49.5686902,2022-01-27 00:00:00,,,UPI/PANKTI DEEPAK C/202713744365/Foodpackets,1680.0,0.0,,,,-1,
1157,31,2022-02-17 11:56:49.5686902,2022-01-27 00:00:00,,,UPI/GOOGLEPAY/202750868467/UPI,0.0,3.0,,,,-1,
1158,31,2022-02-17 11:56:49.5686902,2022-01-27 00:00:00,,,MB:TO PRINT,38000.0,0.0,,,,-1,
1159,31,2022-02-17 11:56:49.5686902,2022-01-27 00:00:00,,,MB TRAVEL INSURANCE                                      Ref202722063779,1770.0,0.0,,,,-1,
1160,31,2022-02-17 11:56:49.5686902,2022-01-27 00:00:00,,,MB:TO PRINT,40000.0,0.0,,,,-1,
1161,31,2022-02-17 11:56:49.5686902,2022-01-28 00:00:00,,,KOTAK FASTAGIHMCL~KBBBC85B3A6E4F6CF3~28/01/22,300.0,0.0,,,,-1,
1162,31,2022-02-17 11:56:49.5686902,2022-01-28 00:00:00,,,KOTAK FASTAGIHMCL~KB9BA2E7945A963DFE~28/01/22,300.0,0.0,,,,-1,
1163,31,2022-02-17 11:56:49.5843343,2022-01-30 00:00:00,,,KOTAK FASTAGIHMCL~KBA20BA401270D641C~30/01/22,300.0,0.0,,,,-1,
1164,31,2022-02-17 11:56:49.5843343,2022-01-31 00:00:00,,,UPI/GOOGLEPAY/203121443318/UPI,0.0,3.0,,,,-1,
1165,31,2022-02-17 11:56:49.5843343,2022-01-31 00:00:00,,,Recd:IMPS/203114228343/MYNTRADES/KKBK/X9002/9RVhu,0.0,374.0,,,,-1,
1166,31,2022-02-17 11:56:49.5843343,2022-01-31 00:00:00,,,Recd:IMPS/203114228402/MYNTRADES/KKBK/X9002/zv5Pp,0.0,374.0,,,,-1,
1167,31,2022-02-17 11:56:49.5843343,2022-01-31 00:00:00,,,Recd:IMPS/203114228496/MYNTRADES/KKBK/X9002/PfJOA,0.0,374.0,,,,-1,
1168,31,2022-02-17 11:56:49.5843343,2022-01-31 00:00:00,,,Recd:IMPS/203117282076/MYNTRADES/KKBK/X9002/vl4t2,0.0,1379.0,,,,-1,
1169,31,2022-02-17 11:56:49.5843343,2022-01-31 00:00:00,,,PG DUBAI FOOD,79.0,0.0,,,,-1,
1170,31,2022-02-17 11:56:49.5843343,2022-02-06 00:00:00,,,AP:BILLPAY FOR CANARAROBECOMF0335163035,1000.0,0.0,,,,-1,
1171,31,2022-02-17 11:56:49.5843343,2022-02-07 00:00:00,,,REV: OSPUECOM 0157945103,0.0,2000.0,,,,-1,
1172,31,2022-02-17 11:56:49.5843343,2022-02-12 00:00:00,,,MB:TO PRINT ERS,5000.0,0.0,,,,-1,
1173,31,2022-02-17 11:56:49.5843343,2022-02-12 00:00:00,,,Recd:IMPS/204317305363/MYNTRADES/KKBK/X9002/xKV4p,0.0,797.0,,,,-1,
1174,31,2022-02-17 11:56:49.5843343,2022-02-12 00:00:00,,,Recd:IMPS/204317305379/MYNTRADES/KKBK/X9002/yhIO6,0.0,749.0,,,,-1,
1175,31,2022-02-17 11:56:49.5999847,2022-02-14 00:00:00,,,NEFT CMS2396047966 R K GLOBALCOMMODITY BROKING L,0.0,93.82,,,,-1,
1176,31,2022-02-17 11:56:49.5999847,2022-02-15 00:00:00,,,KOTAK FASTAGIHMCL~KBB23F452BEB6D8495~15/02/22,300.0,0.0,,,,-1,
1177,31,2022-02-17 11:56:49.5999847,2022-02-15 00:00:00,,,MB:TO PRINTERS,20000.0,0.0,,,,-1,
1178,31,2022-02-17 11:56:49.5999847,2022-02-15 00:00:00,,,NACH-10-CR-CGTPS8217E-AY2021-22-CE22168812501,0.0,390.0,,,,-1,
1179,30,2022-04-25 17:20:54.858164,2022-04-01 00:00:00,,,PPF FY 22 23                           Ref 209212347497                 IMPS-,1000.0,0.0,,,,-1,
1180,30,2022-04-25 17:20:54.858164,2022-04-01 00:00:00,,,PPF FY 22 23                           Ref 209212351877                 IMPS-,149000.0,0.0,,,,-1,
1181,30,2022-04-25 17:20:54.8738094,2022-04-01 00:00:00,,,AP:BILLPAY FOR TATAMF 0347848520                                        EBPP-0347848520,1000.0,0.0,,,,-1,
1182,30,2022-04-25 17:20:54.8738094,2022-04-01 00:00:00,,,UPI/SHRIMAD                                                             UPI-209834195902,440.0,0.0,,,,-1,
1183,30,2022-04-25 17:20:54.8738094,2022-04-01 00:00:00,,,AP:BILLPAY FOR TATAMF 0349198543                                        EBPP-0349198543,1000.0,0.0,,,,-1,
1184,30,2022-04-25 17:20:54.8738094,2022-04-01 00:00:00,,,AP:BILLPAY FOR CANARAROBECOMF                                           EBPP-0349403645,1000.0,0.0,,,,-1,
1185,30,2022-04-25 17:20:54.8738094,2022-04-01 00:00:00,,,Recd:IMPS/210811490770/Razorpay                                         IMPS-,0.0,1.0,,,,-1,
1186,30,2022-04-25 17:20:54.8738094,2022-04-01 00:00:00,,,MB:mstock account opening                                               KKBKH2210889970,2414.63,0.0,,,,-1,
1187,30,2022-04-25 17:20:54.8738094,2022-04-01 00:00:00,,,UPI/MIRAE ASSET                                                         UPI-210887040780,5000.0,0.0,,,,-1,
1188,30,2022-04-25 17:20:54.8738094,2022-04-01 00:00:00,,,UPI/MIRAE ASSET                                                         UPI-210888706348,95000.0,0.0,,,,-1,
1189,30,2022-04-25 17:20:54.8738094,2022-04-01 00:00:00,,,PG MSTOCK RAZORPAY TRADING APA                                          KPG-0164467764,50009.44,0.0,,,,-1,
1190,30,2022-04-25 17:20:54.8738094,2022-04-01 00:00:00,,,AP:BILLPAY FOR TATAMF 0350375470                                        EBPP-0350375470,1000.0,0.0,,,,-1,
1191,30,2022-04-25 17:20:54.8738094,2022-04-01 00:00:00,,,PG RBIRETAIL THE CLEARING CORPORA                                       KPG-0164518365,200000.0,0.0,,,,-1,
1192,30,2022-04-25 17:20:54.8738094,2022-04-01 00:00:00,,,UPI/DEEPAK NARAYAN                                                      UPI-210902115317,2260.0,0.0,,,,-1,
1193,30,2022-04-25 17:20:54.8738094,2022-04-01 00:00:00,,,AP:BILLPAY FOR MIRAEASSETMF                                             EBPP-0350579432,2500.0,0.0,,,,-1,
1194,30,2022-04-25 17:20:54.8738094,2022-04-01 00:00:00,,,NEFT ICIB221100011169 UPPCL BOND                                        NEFTINW-,0.0,24041.0,,,,-1,
1195,30,2022-04-25 17:20:54.8894348,2022-04-01 00:00:00,,,NEFT N110221924843600 THE CLEARING                                      NEFTINW-,0.0,200000.0,,,,-1,
1196,30,2022-04-25 17:20:54.8894348,2022-04-01 00:00:00,,,AP:BILLPAY FOR PPFASMF 0350714970                                       EBPP-0350714970,5000.0,0.0,,,,-1,
1197,30,2022-04-25 17:26:13.6367793,2022-04-02 00:00:00,IMPS-,,PPF FY 22 23                           Ref 209212347497,1000.0,0.0,,,,-1,
1198,30,2022-04-25 17:26:13.6367793,2022-04-02 00:00:00,IMPS-,,PPF FY 22 23                           Ref 209212351877,149000.0,0.0,,,,-1,
1199,30,2022-04-25 17:26:13.6367793,2022-04-05 00:00:00,EBPP-0347848520,,AP:BILLPAY FOR TATAMF 0347848520,1000.0,0.0,,,,-1,
1200,30,2022-04-25 17:26:13.6367793,2022-04-08 00:00:00,UPI-209834195902,,UPI/SHRIMADRAJCHAN/209814092077/pramesh,440.0,0.0,,,,-1,
1201,30,2022-04-25 17:26:13.6367793,2022-04-12 00:00:00,EBPP-0349198543,,AP:BILLPAY FOR TATAMF 0349198543,1000.0,0.0,,,,-1,
1202,30,2022-04-25 17:26:13.6367793,2022-04-13 00:00:00,EBPP-0349403645,,AP:BILLPAY FOR CANARAROBECOMF0349403645,1000.0,0.0,,,,-1,
1203,30,2022-04-25 17:26:13.6367793,2022-04-18 00:00:00,IMPS-,,Recd:IMPS/210811490770/Razorpay,0.0,1.0,,,,-1,
1204,30,2022-04-25 17:26:13.6367793,2022-04-18 00:00:00,KKBKH2210889970,,MB:mstock account opening,2414.63,0.0,,,,-1,
1205,30,2022-04-25 17:26:13.6367793,2022-04-18 00:00:00,UPI-210887040780,,UPI/MIRAE ASSETCAP/210899081844/MIRAEASSETCAPIT,5000.0,0.0,,,,-1,
1206,30,2022-04-25 17:26:13.6367793,2022-04-18 00:00:00,UPI-210888706348,,UPI/MIRAE ASSETCAP/210814304592/MIRAEASSETCAPIT,95000.0,0.0,,,,-1,
1207,30,2022-04-25 17:26:13.6367793,2022-04-18 00:00:00,KPG-0164467764,,PG MSTOCK RAZORPAY TRADING APA,50009.44,0.0,,,,-1,
1208,30,2022-04-25 17:26:13.6367793,2022-04-19 00:00:00,EBPP-0350375470,,AP:BILLPAY FOR TATAMF 0350375470,1000.0,0.0,,,,-1,
1209,30,2022-04-25 17:26:13.6367793,2022-04-19 00:00:00,KPG-0164518365,,PG RBIRETAIL THE CLEARING CORPORA,200000.0,0.0,,,,-1,
1210,30,2022-04-25 17:26:13.6524571,2022-04-19 00:00:00,UPI-210902115317,,UPI/DEEPAK NARAYAN/210917231562/granth,2260.0,0.0,,,,-1,
1211,30,2022-04-25 17:26:13.6524571,2022-04-20 00:00:00,EBPP-0350579432,,AP:BILLPAY FOR MIRAEASSETMF0350579432,2500.0,0.0,,,,-1,
1212,30,2022-04-25 17:26:13.6524571,2022-04-20 00:00:00,NEFTINW-,,NEFT ICIB221100011169 UPPCL BOND,0.0,24041.0,,,,-1,
1213,30,2022-04-25 17:26:13.6524571,2022-04-20 00:00:00,NEFTINW-,,NEFT N110221924843600 THE CLEARING,0.0,200000.0,,,,-1,
1214,30,2022-04-25 17:26:13.6524571,2022-04-20 00:00:00,EBPP-0350714970,,AP:BILLPAY FOR PPFASMF 0350714970,5000.0,0.0,,,,-1,
1215,36,2022-06-30 10:48:02.7729877,2022-05-27 00:00:00,NEFTINW-,,NEFT 0527I27481964981 KRISHA SAAHIL,0.0,2787.22,,,,-1,
1216,36,2022-06-30 10:48:02.7770182,2022-05-29 00:00:00,NEFTINW-,,NEFT N149221239469803 CASHFREE,0.0,563.0,,,,-1,
1217,36,2022-06-30 10:48:02.7770182,2022-05-29 00:00:00,UPI-214978250134,,UPI/Add Money toWa/214989793457/Oid202205293273,1253.59,0.0,,,,-1,
1218,36,2022-06-30 10:48:02.7770182,2022-06-01 00:00:00,KPG-0167481928,,PG RBI RETAIL THE CLEARING CORPORA,30240.08,0.0,,,,-1,
1219,36,2022-06-30 10:48:02.7770182,2022-06-02 00:00:00,UPI-215335692970,,UPI/IRCTC AppUPI/215365026672/Oid100003450224,221.8,0.0,,,,-1,
1220,36,2022-06-30 10:48:02.7770182,2022-06-03 00:00:00,NEFTINW-,,NEFT CMS2624331984 THE CLEARING,0.0,1905.0,,,,-1,
1221,36,2022-06-30 10:48:02.7770182,2022-06-03 00:00:00,NEFTINW-,,NEFT N154221984336039 JAINAM,0.0,92936.0,,,,-1,
1222,36,2022-06-30 10:48:02.7770182,2022-06-08 00:00:00,KPG-0168004887,,PG RBI RETAIL THE CLEARING CORPORA,105000.0,0.0,,,,-1,
1223,36,2022-06-30 10:48:02.7770182,2022-06-09 00:00:00,EBPP-0359914651,,AP:BILLPAY FOR MIRAEASSETMF0359914651,2500.0,0.0,,,,-1,
1224,36,2022-06-30 10:48:02.7770182,2022-06-09 00:00:00,NEFTINW-,,NEFT CMS2634581721 THE CLEARING,0.0,5964.89,,,,-1,
1225,36,2022-06-30 10:48:02.7770182,2022-06-14 00:00:00,EBPP-0360817107,,AP:BILLPAY FOR PPFASMF 0360817107,5000.0,0.0,,,,-1,
1226,36,2022-06-30 10:48:02.7928053,2022-06-21 00:00:00,UPI-217215615555,,UPI/IRCTC AppUPI/217218732712/Oid100003491299,86.8,0.0,,,,-1,
1227,36,2022-06-30 10:48:02.7928053,2022-06-21 00:00:00,NEFTINW-,,NEFT N172222007112256 PPFAS MUTUAL,0.0,5000.0,,,,-1,
1228,36,2022-06-30 10:48:02.7928053,2022-06-30 00:00:00,UPI-218142761287,,UPI/KRISHA RAJESH                 /218101314003/tokrisha bob,5000.0,0.0,,,,-1,
1229,29,2022-07-31 12:43:45.3137513,2022-07-02 00:00:00,IMPS-,,Recd:IMPS/218315478123/Flipkart,0.0,2995.0,,,,-1,
1230,29,2022-07-31 12:44:06.3686764,2022-07-01 00:00:00,MB-999065613643,,MB:TO PACK,20000.0,0.0,,,,-1,
1231,29,2022-07-31 12:44:06.3686764,2022-07-04 00:00:00,UPI-218509753157,,UPI/bigbasket/218511282109/veg,92.62,0.0,,,,-1,
1232,29,2022-07-31 12:44:06.3686764,2022-07-04 00:00:00,EBPP-0364449614,,AP:BILLPAY FOR TATAMF 0364449614,2000.0,0.0,,,,-1,
1233,29,2022-07-31 12:44:06.3686764,2022-07-04 00:00:00,UPI-218509965487,,UPI/Dunzo Digital P/218511586837/DunzoOrder,202.0,0.0,,,,-1,
1234,29,2022-07-31 12:44:06.3686764,2022-07-04 00:00:00,KKBKH2218596571,,MB:ups idbi,1000.0,0.0,,,,-1,
1235,29,2022-07-31 12:44:06.3686764,2022-07-06 00:00:00,IMPS-,,Recd:IMPS/218709055738/Ms.,0.0,400000.0,,,,-1,
1236,29,2022-07-31 12:44:06.3686764,2022-07-06 00:00:00,KPG-0169788226,,PG RBI RETAIL THE CLEARING CORPORA,460000.0,0.0,,,,-1,
1237,29,2022-07-31 12:44:06.3686764,2022-07-06 00:00:00,IMPS-,,Recd:IMPS/218710065460/Ms.,0.0,322000.0,,,,-1,
1238,29,2022-07-31 12:44:06.3686764,2022-07-06 00:00:00,KPG-0169790718,,PG RBI RETAIL THE CLEARING CORPORA,540000.0,0.0,,,,-1,
1239,29,2022-07-31 12:44:06.3686764,2022-07-07 00:00:00,NEFTINW-,,NEFT N188222028891396 THE CLEARING,0.0,1000000.0,,,,-1,
1240,29,2022-07-31 12:44:06.3686764,2022-07-08 00:00:00,MB-999061281925,,MB:RECEIVED MONEY FROM CREATIVEPACKAG 4913089961,0.0,215000.0,,,,-1,
1241,29,2022-07-31 12:44:06.3686764,2022-07-11 00:00:00,MB-999059874676,,MB:TO PACK,12000.0,0.0,,,,-1,
1242,29,2022-07-31 12:44:06.3686764,2022-07-11 00:00:00,MB-999059866085,,MB:TO PACK,15000.0,0.0,,,,-1,
1243,29,2022-07-31 12:44:06.3686764,2022-07-12 00:00:00,NEFTINW-,,NEFT N193222035540445 THE CLEARING,0.0,3050.0,,,,-1,
1244,29,2022-07-31 12:44:06.3686764,2022-07-14 00:00:00,MB-999058185779,,MB:RECEIVED MONEY FROM CREATIVEPACKAG 4913089961,0.0,350000.0,,,,-1,
1245,29,2022-07-31 12:44:06.3842083,2022-07-20 00:00:00,EBPP-0367463807,,AP:BILLPAY FOR CANARAROBECOMF0367463807,1000.0,0.0,,,,-1,
1246,29,2022-07-31 12:44:06.3842083,2022-07-20 00:00:00,IMPS-,,SentIMPS220119728430UNNATI,110000.0,0.0,,,,-1,
1247,29,2022-07-31 12:44:06.3842083,2022-07-26 00:00:00,MB-999052443178,,MB:RECEIVED FROM PRAMESH RAJENDRASHAH,0.0,1.0,,,,-1,
1248,29,2022-07-31 12:44:06.3842083,2022-07-29 00:00:00,IMPS-,,SentIMPS221014747224Saahil p,34248.0,0.0,,,,-1,
1249,31,2022-09-20 08:52:47.7947057,2022-07-27 00:00:00,EBPP-0368694209,,AP:BILLPAY FOR MIRAEASSETMF0368694209,2500.0,0.0,,,,-1,
1250,31,2022-09-20 08:52:47.7947057,2022-08-03 00:00:00,IMPS-,,SentIMPS221518200884SAAHIL,5000.0,0.0,,,,-1,
1251,31,2022-09-20 08:52:47.7947057,2022-08-05 00:00:00,EBPP-0370453733,,AP:BILLPAY FOR CANARAROBECOMF0370453733,1000.0,0.0,,,,-1,
1252,31,2022-09-20 08:52:47.8103131,2022-08-12 00:00:00,KBA3B201F514C91,,KOTAK FASTAG,300.0,0.0,,,,-1,
1253,31,2022-09-20 08:52:47.8103131,2022-08-15 00:00:00,KB97438A47ABFC0,,KOTAK FASTAG,300.0,0.0,,,,-1,
1254,31,2022-09-20 08:52:47.8103131,2022-08-16 00:00:00,KBA07699AA9BB4,,KOTAK FASTAG,300.0,0.0,,,,-1,
1255,31,2022-09-20 08:52:47.8103131,2022-08-17 00:00:00,MB-999040294822,,MB:RECEIVED FROM CREATIVEPRINTERS/BREW BAG,0.0,4950.0,,,,-1,
1256,31,2022-09-20 08:52:47.8103131,2022-08-17 00:00:00,IMPS-,,SentIMPS222912199401SAAHIL,4950.0,0.0,,,,-1,
1257,31,2022-09-20 08:52:47.8103131,2022-08-19 00:00:00,UPI-223158830541,,UPI/CREDCLUB1/223123796755/paymenton CRED,7688.01,0.0,,,,-1,
1258,31,2022-09-20 08:52:47.8103131,2022-08-25 00:00:00,MB-999036406178,,MB:RECEIVED FROM CREATIVEPRINTERS/TO SPS K,0.0,78000.0,,,,-1,
1259,31,2022-09-20 08:52:47.8259341,2022-08-26 00:00:00,IMPS-,,SentIMPS223812804673SAAHIL,5000.0,0.0,,,,-1,
1260,31,2022-09-20 08:52:47.8259341,2022-08-29 00:00:00,EBPP-0374752547,,AP:BILLPAY FOR MIRAEASSETMF0374752547,2500.0,0.0,,,,-1,
1261,31,2022-09-20 08:52:47.8259341,2022-08-29 00:00:00,NACHDB29082200,,NACH-10-CR-CGTPS8217E-AY2022-23-,0.0,1270.0,,,,-1,
1262,31,2022-09-20 08:52:47.8259341,2022-09-02 00:00:00,KB9CF80B716D673,,KOTAK FASTAG,300.0,0.0,,,,-1,
1263,31,2022-09-20 08:52:47.8259341,2022-09-02 00:00:00,IMPS-,,SentIMPS224515567240SAAHIL,4000.0,0.0,,,,-1,
1264,31,2022-09-20 08:52:47.8259341,2022-09-05 00:00:00,MB-999030236202,,MB:SENT TO CREATIVE PRINTERS/TOPRINTERS K,10000.0,0.0,,,,-1,
1265,31,2022-09-20 08:52:47.8259341,2022-09-05 00:00:00,224815252509,,PCD/7692/MYNTRA DESIGNS PVTLTD/bangal050922/21:12,5169.0,0.0,,,,-1,
1266,31,2022-09-20 08:52:47.8259341,2022-09-06 00:00:00,KBAFEB230066EA2,,KOTAK FASTAG,300.0,0.0,,,,-1,
1267,31,2022-09-20 08:52:47.8259341,2022-09-08 00:00:00,UPI-225190886235,,UPI/THE CLEARINGCO/225170906530/BID080922000058,97742.65,0.0,,,,-1,
1268,31,2022-09-20 08:52:47.8259341,2022-09-09 00:00:00,NEFTINW-,,NEFT N252222113999961 THE CLEARING,0.0,3753.0,,,,-1,
1269,31,2022-09-20 08:52:47.8259341,2022-09-12 00:00:00,225431180793,,Visa-Refund/100922/2254/MYNTRADESIGNS PVT LTD,0.0,5034.89,,,,-1,
1270,31,2022-09-20 08:52:47.8416889,2022-09-16 00:00:00,KBB6B8614DD90EF,,KOTAK FASTAG,300.0,0.0,,,,-1,
1271,31,2022-09-20 08:52:47.8416889,2022-09-18 00:00:00,KBB1C6D05806B35,,KOTAK FASTAG,300.0,0.0,,,,-1,
1272,30,2022-09-21 11:29:20.701436,2022-08-09 00:00:00,IMPS-,,SentIMPS222116547084pramesh,5000.0,0.0,,,,-1,
1273,30,2022-09-21 11:29:20.7171059,2022-08-11 00:00:00,IMPS-,,Recd:IMPS/222315270412/Mr.,0.0,100000.0,,,,-1,
1274,30,2022-09-21 11:29:20.7171059,2022-08-11 00:00:00,UPI-222321875644,,UPI/MIRAE ASSETCAP/222346773575/MIRAE ASSET CAP,100000.0,0.0,,,,-1,
1275,30,2022-09-21 11:29:20.7171059,2022-08-12 00:00:00,EBPP-0371769403,,AP:BILLPAY FOR CANARAROBECOMF0371769403,1000.0,0.0,,,,-1,
1276,30,2022-09-21 11:29:20.7171059,2022-08-18 00:00:00,NACHDB18082200,,NACH-10-CR-ULTRATECHCEMENTLTD-,0.0,114.0,,,,-1,
1277,30,2022-09-21 11:29:20.7171059,2022-08-23 00:00:00,NEFTINW-,,NEFT IN1ON220823000YC MIRAE ASSET,0.0,100000.0,,,,-1,
1278,30,2022-09-21 11:29:20.732708,2022-08-23 00:00:00,KKBKH2223587449,,MB:prs idbi,5000.0,0.0,,,,-1,
1279,30,2022-09-21 11:29:20.732708,2022-08-24 00:00:00,NEFTINW-,,NEFT IN1ON220824004CG MIRAE ASSET,0.0,100000.0,,,,-1,
1280,30,2022-09-21 11:29:20.732708,2022-08-25 00:00:00,NEFTINW-,,NEFT IN1ON22082501D60 MIRAE ASSET,0.0,75000.0,,,,-1,
1281,30,2022-09-21 11:29:20.732708,2022-08-26 00:00:00,NACHDB26082200,,NACH-10-CR-COMPUTERAGEMANAGEM-,0.0,168.75,,,,-1,
1282,30,2022-09-21 11:29:20.732708,2022-08-29 00:00:00,NACHDB29082200,,NACH-10-CR-AAIPS3625H-AY2022-23-,0.0,220.0,,,,-1,
1283,30,2022-09-21 11:29:20.732708,2022-08-30 00:00:00,NEFTINW-,,NEFT SBIN522242092065 STATE BANK OF,0.0,87500.0,,,,-1,
1284,30,2022-09-21 11:29:20.732708,2022-09-02 00:00:00,NACHDB02092201,,NACH-10-CR-IOCL-00000000000014857658,0.0,360.0,,,,-1,
1285,30,2022-09-21 11:29:20.732708,2022-09-03 00:00:00,NEFTINW-,,NEFT IN1ON22090300W2Z MIRAE ASSET,0.0,100000.0,,,,-1,
1286,30,2022-09-21 11:29:20.732708,2022-09-06 00:00:00,NEFTINW-,,NEFT IN1ON220906004T7 MIRAE ASSET,0.0,37000.0,,,,-1,
1287,30,2022-09-21 11:29:20.7483879,2022-09-06 00:00:00,NEFTINW-,,NEFT IN1ON220906004TB MIRAE ASSET,0.0,100000.0,,,,-1,
1288,30,2022-09-21 11:29:20.7483879,2022-09-08 00:00:00,NEFTINW-,,NEFT IN1ON22090800QGX MIRAE ASSET,0.0,50000.0,,,,-1,
1289,30,2022-09-21 11:29:20.7483879,2022-09-08 00:00:00,IMPS-,,SentIMPS225115269683pramesh,5000.0,0.0,,,,-1,
1290,30,2022-09-21 11:29:20.7483879,2022-09-12 00:00:00,UPI-225566037945,,UPI/MIRAE ASSETCAP/225526310324/MIRAE ASSET CAP,100000.0,0.0,,,,-1,
1291,30,2022-09-21 11:29:20.7483879,2022-09-13 00:00:00,EBPP-0377693140,,AP:BILLPAY FOR CANARAROBECOMF0377693140,1000.0,0.0,,,,-1,
1292,30,2022-09-21 11:29:20.7483879,2022-09-15 00:00:00,NEFTINW-,,NEFT IN1ON22091500JAT MIRAE ASSET,0.0,75000.0,,,,-1,
1293,30,2022-09-21 11:29:20.7483879,2022-09-16 00:00:00,NEFTINW-,,NEFT IN1ON22091600DQB MIRAE ASSET,0.0,25000.0,,,,-1,
1294,30,2022-09-21 11:29:20.7483879,2022-09-17 00:00:00,NEFTINW-,,NEFT IN1ON22091700BJX MIRAE ASSET,0.0,50000.0,,,,-1,
1295,30,2022-09-21 11:29:20.7483879,2022-09-19 00:00:00,KKBKH2226298624,,MB:prs idbi,5000.0,0.0,,,,-1,
1296,30,2022-09-21 11:29:20.7483879,2022-09-20 00:00:00,NEFTINW-,,NEFT IN1ON22092000GXS MIRAE ASSET,0.0,25000.0,,,,-1,
1297,30,2022-09-21 11:29:20.7640392,2022-09-20 00:00:00,EBPP-0379087416,,AP:BILLPAY FOR MIRAEASSETMF0379087416,2500.0,0.0,,,,-1,
1298,29,2022-11-27 09:43:03.0635302,2022-11-21 00:00:00,IMPS-,,Recd:IMPS/232516240275/Cashfree,0.0,1.0,,,,-1,
1299,29,2022-11-27 09:43:03.0635302,2022-11-26 00:00:00,NEFTINW-,,NEFT YESB23306075358 CASHFREE,0.0,470.0,,,,-1,
1300,31,2022-11-27 09:51:30.8689067,2022-11-02 00:00:00,IMPS-,,SentIMPS230618507546krisha,100.0,0.0,,,,-1,
1301,31,2022-11-27 09:51:30.8689067,2022-11-05 00:00:00,IMPS-,,SentIMPS230917211658SAAHIL,5000.0,0.0,,,,-1,
1302,31,2022-11-27 09:51:30.8689067,2022-11-07 00:00:00,MB-998996732723,,MB:SENT TO CREATIVE PRINTERS/TOCREATIVE,80000.0,0.0,,,,-1,
1303,31,2022-11-27 09:51:30.8845272,2022-11-14 00:00:00,IMPS-,,Recd:IMPS/231812613252/Mr,0.0,50000.0,,,,-1,
1304,31,2022-11-27 09:51:30.8845272,2022-11-16 00:00:00,MB-998992176908,,MB:RECEIVED FROM CREATIVEPRINTERS/TO SPS K,0.0,50000.0,,,,-1,
1305,31,2022-11-27 09:51:30.8845272,2022-11-17 00:00:00,KPG-0178022752,,PG RKG RKGLOBAL SHARES AND,25000.0,0.0,,,,-1,
1306,31,2022-11-27 09:51:30.8845272,2022-11-18 00:00:00,IMPS-,,SentIMPS232217825320SAAHIL,5000.0,0.0,,,,-1,
1307,31,2022-11-27 09:51:30.9002171,2022-11-21 00:00:00,IMPS-,,Recd:IMPS/232510072913/Mr,0.0,75000.0,,,,-1,
1308,31,2022-11-27 09:51:30.9002171,2022-11-21 00:00:00,IMPS-,,Recd:IMPS/232516294988/CASHFREE,0.0,1.0,,,,-1,
1309,31,2022-11-27 09:51:30.9002171,2022-11-24 00:00:00,UPI-232846140728,,UPI/FlipkartIntern/232825027563/22Jo64463617005,0.0,500.0,,,,-1,
1310,31,2022-11-27 09:51:30.9002171,2022-11-25 00:00:00,KPG-0178484023,,PG RKG RKGLOBAL SHARES AND,20000.0,0.0,,,,-1,
1311,31,2022-11-27 09:51:30.9002171,2022-11-26 00:00:00,UPI-233073983138,,UPI/CREDCLUB1/233038591574/paymenton CRED,3890.9,0.0,,,,-1,
1312,31,2022-11-27 09:51:30.9002171,2022-11-26 00:00:00,IMPS-,,Recd:IMPS/233014212374/Flipkart,0.0,329.0,,,,-1,
1313,31,2022-11-27 09:51:30.9002171,2022-11-26 00:00:00,IMPS-,,Recd:IMPS/233014212743/Flipkart,0.0,415.0,,,,-1,
1314,30,2022-11-27 10:30:38.0403759,2022-11-16 00:00:00,UPI-232084387623,,UPI/MIRAE ASSETCAP/232092259685/MIRAE ASSET CAP,100000.0,0.0,,,,-1,
1315,30,2022-11-27 10:30:38.0403759,2022-11-16 00:00:00,KPG-0177965033,,PG MSTOCK RAZORPAY TRADING APA,100009.44,0.0,,,,-1,
1316,30,2022-11-27 10:30:38.0403759,2022-11-20 00:00:00,KPG-0178194001,,PG D PUR RAZORPAY GOVT,817.9,0.0,,,,-1,
1317,30,2022-11-27 10:30:38.0403759,2022-11-21 00:00:00,UPI-232579693578,,UPI/MIRAE ASSETCAP/232506039673/MIRAE ASSET CAP,25000.0,0.0,,,,-1,
1318,30,2022-11-27 10:30:38.0403759,2022-11-21 00:00:00,MB-998989772829,,MB:SENT TO PRAMESH SHAH HUF/HUF K,20000.0,0.0,,,,-1,
1319,30,2022-11-27 10:30:38.0560992,2022-11-21 00:00:00,EBPP-0390621228,,AP:BILLPAY FOR MIRAEASSETMF0390621228,2500.0,0.0,,,,-1,
1320,30,2022-11-27 10:30:38.0560992,2022-11-21 00:00:00,IMPS-,,Recd:IMPS/232516294649/CASHFREE,0.0,1.0,,,,-1,
1321,30,2022-11-27 10:30:38.0560992,2022-11-24 00:00:00,UPI-232836296512,,UPI/MIRAE ASSETCAP/232814166635/MIRAE ASSET CAP,100000.0,0.0,,,,-1,
1322,30,2022-11-27 10:30:38.0560992,2022-11-24 00:00:00,MB-998988242065,,MB:SENT TO PRAMESH SHAH HUF/TO HUF,60000.0,0.0,,,,-1,
1323,30,2022-11-27 10:30:38.0716417,2022-11-24 00:00:00,MB-998988239947,,MB:SENT TO PRAMESH SHAH HUF/TO HUF,20000.0,0.0,,,,-1,
1324,30,2022-11-27 10:30:38.0716417,2022-11-24 00:00:00,KPG-0178417722,,PG MSTOCK RAZORPAY TRADING APA,100009.44,0.0,,,,-1,
1325,30,2022-11-27 10:30:38.0716417,2022-11-25 00:00:00,UPI-232957225589,,UPI/MIRAE ASSETCAP/232917227918/MIRAE ASSET CAP,40000.0,0.0,,,,-1,
1326,30,2022-11-27 10:33:58.1059481,2022-10-20 00:00:00,UPI-229376031818,,UPI/MIRAE ASSETCAP/229322206899/MIRAE ASSET CAP,50000.0,0.0,,,,-1,
1327,30,2022-11-27 10:33:58.1059481,2022-10-20 00:00:00,EBPP-0384997624,,AP:BILLPAY FOR MIRAEASSETMF0384997624,2500.0,0.0,,,,-1,
1328,30,2022-11-27 10:33:58.1059481,2022-10-25 00:00:00,UPI-229881450368,,UPI/MIRAE ASSETCAP/229835267644/MIRAE ASSET CAP,50000.0,0.0,,,,-1,
1329,30,2022-11-27 10:33:58.1059481,2022-10-27 00:00:00,UPI-230006808390,,UPI/MIRAE ASSETCAP/230015029491/MIRAEASSETCAPIT,35000.0,0.0,,,,-1,
1330,36,2022-11-27 11:19:26.9367858,2022-09-29 00:00:00,UPI-227272679989,,UPI/MIRAE ASSETCAP/227265401113/MIRAE ASSET CAP,25000.0,0.0,,,,-1,
1331,36,2022-11-27 11:19:26.9367858,2022-09-29 00:00:00,UPI-227272998587,,UPI/MIRAE ASSETCAP/227216504969/MIRAEASSETCAPIT,40000.0,0.0,,,,-1,
1332,36,2022-11-27 11:19:26.9367858,2022-10-10 00:00:00,IMPS-,,Recd:IMPS/228314193047/Amazon,0.0,498.0,,,,-1,
1333,36,2022-11-27 11:19:26.9524079,2022-10-15 00:00:00,IMPS-,,SentIMPS228816279120Krisha,3000.0,0.0,,,,-1,
1334,36,2022-11-27 11:19:26.9524079,2022-10-15 00:00:00,UPI-228882036091,,UPI/IRCTC AppUPI/228845633419/Oid100003727528,222.5,0.0,,,,-1,
1335,36,2022-11-27 11:19:26.9524079,2022-10-15 00:00:00,UPI-228882350370,,UPI/IRCTC AppUPI/228846757560/Oid100003727528,302.5,0.0,,,,-1,
1336,36,2022-11-27 11:19:26.9524079,2022-10-20 00:00:00,UPI-229377263931,,UPI/Amazon Pay/229395571069/You arepaying,440.0,0.0,,,,-1,
1337,36,2022-11-27 11:19:26.9524079,2022-11-05 00:00:00,UPI-230976996085,,UPI/IRCTC AppUPI/230943297750/Oid100003767131,222.5,0.0,,,,-1,
1338,36,2022-11-27 11:19:26.9680182,2022-11-07 00:00:00,UPI-231111921120,,UPI/Mrs. Krisha Raj/231113357941/PayRequest,0.0,100.0,,,,-1,
1339,36,2022-11-27 11:19:26.9680182,2022-11-07 00:00:00,UPI-231112098371,,UPI/Mrs. Krisha Raj/231114406767/PayRequest,0.0,24900.0,,,,-1,
1340,36,2022-11-27 11:19:26.9680182,2022-11-08 00:00:00,UPI-231243885550,,UPI/IRCTC App UPI/231277390356/collect,0.0,90.56,,,,-1,
1341,36,2022-11-27 11:19:26.9680182,2022-11-14 00:00:00,IMPS-,,Recd:IMPS/231810524991/Mrs,0.0,50000.0,,,,-1,
1342,36,2022-11-27 11:19:26.983643,2022-11-16 00:00:00,UPI-232083840296,,UPI/MIRAE ASSETCAP/232092178349/MIRAE ASSET CAP,20000.0,0.0,,,,-1,
1343,36,2022-11-27 11:19:26.983643,2022-11-21 00:00:00,IMPS-,,Recd:IMPS/232510065177/Mrs,0.0,50000.0,,,,-1,
1344,32,2022-11-27 13:59:01.7150308,2022-11-24 00:00:00,KPG-0178417746,,PG RKGLOBAL SHARES,20000.0,0.0,,,,-1,
1345,32,2022-11-27 13:59:01.7150308,2022-11-24 00:00:00,KPG-0178417491,,PG RKGLOBAL SHARES,60000.0,0.0,,,,-1,
1346,32,2022-11-27 13:59:01.7150308,2022-11-24 00:00:00,MB-998988242065,,MB:RECEIVED FROMPRAMESH RAJENDRA,0.0,60000.0,,,,-1,
1347,32,2022-11-27 13:59:01.7150308,2022-11-21 00:00:00,KPG-0178239904,,PG RKGLOBAL SHARES,20000.0,0.0,,,,-1,
1348,32,2022-11-27 13:59:01.7150308,2022-11-15 00:00:00,MB-998992536857,,MB:RECEIVED FROMCREATIVE,0.0,100000.0,,,,-1,
1349,32,2022-11-27 13:59:01.7150308,2022-10-27 00:00:00,MB-999002871760,,MB:RECEIVED FROMCREATIVE,0.0,88000.0,,,,-1,
1350,31,2022-11-27 16:07:49.3212263,2022-10-12 00:00:00,,,NACH/GMM FNL2021 2022/44961,0.0,60.0,,,,-1,
1351,31,2022-11-27 16:07:49.3212263,2022-10-27 00:00:00,,,NEFT/CMS2912333045/CENTRAL DEPOSITORY SERVICES INDIA LIMITED,0.0,3010.8,,,,-1,
1352,31,2022-11-27 16:07:49.3212263,2022-10-31 00:00:00,,,MONTHLY SAVINGS INTEREST CREDIT,0.0,2968.0,,,,-1,
1353,31,2022-11-27 16:11:42.3764595,2022-11-21 00:00:00,,,UPI/MOB/232510381890/6720954978745798 Zerodha,50000.0,0.0,,,,-1,
1354,29,2022-11-27 16:16:07.4531951,2022-10-09 00:00:00,,,NEFT/YESB22829515544/ZERODHA BROKING LIMITED NSE CLIENT/YESB,0.0,36582.88,,,,-1,
1355,29,2022-11-27 16:16:07.4531951,2022-10-31 00:00:00,,,MONTHLY SAVINGS INTEREST CREDIT,0.0,2200.0,,,,-1,
1356,29,2022-11-27 16:16:07.4531951,2022-11-10 00:00:00,,,NACH/INFOSYS LIMITED/31476606,0.0,99.0,,,,-1,
1357,29,2022-11-27 16:16:07.4531951,2022-11-14 00:00:00,,,NEFT/CMS2944339481/CENTRAL DEPOSITORY SERVICES INDIA LIMITED,0.0,198.93,,,,-1,
1358,29,2022-11-27 16:16:07.4688059,2022-11-17 00:00:00,,,Ecom/41478171/Atom Techn/ZERODHABR/,20000.0,0.0,,,,-1,
1359,31,2023-01-05 12:29:20.2055556,2022-12-17 00:00:00,KB9A775B4301AE9,,KOTAK FASTAG,300.0,0.0,,,,-1,
1360,31,2023-01-05 12:29:20.2211634,2022-12-18 00:00:00,UPI-235217249321,,UPI/CREDCLUB1/235241336579/paymenton CRED,891.0,0.0,,,,-1,
1361,31,2023-01-05 12:29:20.2211634,2022-12-19 00:00:00,UPI-235340488385,,UPI/CREDPAYSWIGGY1/235364797853/payment on CRED,100.0,0.0,,,,-1,
1362,31,2023-01-05 12:29:20.2211634,2022-12-19 00:00:00,UPI-235340503423,,UPI/CREDPAYDUNZO/235318360733/payment on CRED,60.0,0.0,,,,-1,
1363,31,2023-01-05 12:29:20.2211634,2022-12-20 00:00:00,MB-998974388005,,MB:RECEIVED FROM CREATIVEPRINTERS/TO SAAHIL,0.0,170000.0,,,,-1,
1364,31,2023-01-05 12:29:20.2211634,2022-12-20 00:00:00,UPI-235469729365,,UPI/CREDPAYDUNZO/235445994804/payment on CRED,105.0,0.0,,,,-1,
1365,31,2023-01-05 12:29:20.2211634,2022-12-21 00:00:00,235364797853,,Upi_Cradj_U2_tdt_191222_235364797853_20DEC2022_8C,0.0,100.0,,,,-1,
1366,31,2023-01-05 12:29:20.2211634,2022-12-21 00:00:00,UPI-235589341553,,UPI/CREDPAYDUNZO/235544593001/payment on CRED,150.0,0.0,,,,-1,
1367,31,2023-01-05 12:29:20.2211634,2022-12-22 00:00:00,UPI-235603079459,,UPI/CREDPAYDUNZO/235653029910/payment on CRED,150.0,0.0,,,,-1,
1368,31,2023-01-05 12:29:20.2211634,2022-12-23 00:00:00,235544593001,,Upi_Cradj_U2_tdt_211222_235544593001_22DEC2022_8C,0.0,150.0,,,,-1,
1369,31,2023-01-05 12:29:20.2211634,2023-01-01 00:00:00,,,Int.Pd:1712151141:01-10-2022 to 31-12-2022,0.0,1472.0,,,,-1,
1370,31,2023-01-05 12:29:20.2367801,2023-01-02 00:00:00,KB8D26EE29BA2A,,KOTAK FASTAG,300.0,0.0,,,,-1,
1371,31,2023-01-05 12:29:20.2367801,2023-01-03 00:00:00,KB965D519EDC5D9,,KOTAK FASTAG,300.0,0.0,,,,-1,
1372,31,2023-01-05 12:29:20.2367801,2023-01-03 00:00:00,UPI-300355798378,,UPI/Pharmeasy/300397360547/paid viaCRED P,955.17,0.0,,,,-1,
1373,31,2023-01-05 12:29:20.2367801,2023-01-04 00:00:00,UPI-300471715873,,UPI/CREDPAYDUNZO/300490560865/payment on CRED,43.0,0.0,,,,-1,
1374,29,2023-01-05 12:30:56.3023645,2022-12-21 00:00:00,MB-998973688912,,MB:RECEIVED FROM CREATIVEPACKAGING/TO UPSK,0.0,100000.0,,,,-1,
1375,29,2023-01-05 12:30:56.3023645,2022-12-24 00:00:00,MB-998972508763,,MB:RECEIVED FROM CREATIVEPACKAGING/TO UPS K,0.0,350000.0,,,,-1,
1376,29,2023-01-05 12:30:56.3023645,2022-12-29 00:00:00,NEFTINW-,,NEFT CITIN22387683580 FTMF,0.0,1.56,,,,-1,
1377,29,2023-01-05 12:30:56.3179791,2023-01-01 00:00:00,,,Int.Pd:1912581915:01-10-2022 to 31-12-2022,0.0,4811.0,,,,-1,
1378,29,2023-01-05 12:30:56.3179791,2023-01-02 00:00:00,EBPP-0398002480,,AP:BILLPAY FOR MIRAEASSETMF0398002480,2500.0,0.0,,,,-1,
1379,29,2023-01-05 12:30:56.3179791,2023-01-02 00:00:00,IMPS-,,SentIMPS300215280683UNNATI,200000.0,0.0,,,,-1,
1380,30,2023-01-05 12:40:28.9581578,2022-12-18 00:00:00,UPI-235222104246,,UPI/JioFiber/235207021335/ Payment,234.82,0.0,,,,-1,
1381,30,2023-01-05 12:40:28.9581578,2022-12-18 00:00:00,UPI-235236020866,,UPI/GOOGLE INDIA DI/235211274665/Soldby Shenzhe,720.0,0.0,,,,-1,
1382,30,2023-01-05 12:40:28.9581578,2022-12-20 00:00:00,EBPP-0395740131,,AP:BILLPAY FOR MIRAEASSETMF0395740131,2500.0,0.0,,,,-1,
1383,30,2023-01-05 12:40:28.9581578,2022-12-21 00:00:00,EBPP-0395915802,,AP:BILLPAY FOR PPFASMF 0395915802,5000.0,0.0,,,,-1,
1384,30,2023-01-05 12:40:28.9581578,2022-12-21 00:00:00,IMPS-,,SentIMPS235517016916pramesh,10000.0,0.0,,,,-1,
1385,30,2023-01-05 12:40:28.9581578,2022-12-22 00:00:00,NACHDR22122200,,NACH-MUT-DR-BD-ACHKFINOTM-,3000.0,0.0,,,,-1,
1386,30,2023-01-05 12:40:28.9581578,2022-12-23 00:00:00,EBPP-0396309943,,AP:BILLPAY FOR TATAMF 0396309943,1000.0,0.0,,,,-1,
1387,30,2023-01-05 12:40:28.9581578,2022-12-30 00:00:00,EBPP-0397508096,,AP:BILLPAY FOR TATAMF 0397508096,1000.0,0.0,,,,-1,
1388,30,2023-01-05 12:40:28.9581578,2023-01-01 00:00:00,,,Int.Pd:2012066081:01-10-2022 to 31-12-2022,0.0,4510.0,,,,-1,
1389,30,2023-01-05 12:40:28.9581578,2023-01-02 00:00:00,UPI-300225640144,,UPI/JioFiber/300225527579/ Payment,234.82,0.0,,,,-1,
1390,30,2023-01-05 12:40:28.9581578,2023-01-02 00:00:00,KPG-0180774640,,PG CASHFREE PAYMENTS IN,120.0,0.0,,,,-1,
1391,36,2023-01-05 13:03:38.1668,2022-12-19 00:00:00,IMPS-,,SentIMPS235310361328Krisha,5000.0,0.0,,,,-1,
1392,36,2023-01-05 13:03:38.1668,2022-12-21 00:00:00,NACHDR21122200,,NACH-MUT-DR-BD-ACHKFINOTM-,5000.0,0.0,,,,-1,
1393,36,2023-01-05 13:03:38.1668,2022-12-27 00:00:00,UPI-236196954999,,UPI/MIRAE ASSETCAP/236111312770/MIRAE ASSET CAP,15000.0,0.0,,,,-1,
1394,36,2023-01-05 13:03:38.1668,2022-12-28 00:00:00,NACHDR28122200,,NACH-MUT-DR-BD-ACHKFINOTM-,5000.0,0.0,,,,-1,
1395,36,2023-01-05 13:03:38.1824033,2023-01-01 00:00:00,,,Int.Pd:6945111207:01-10-2022 to 31-12-2022,0.0,995.0,,,,-1,
1396,36,2023-01-05 13:03:38.1824033,2023-01-02 00:00:00,IMPS-,,Recd:IMPS/300212182177/Amazon,0.0,1042.0,,,,-1,
1397,36,2023-01-05 13:03:38.1824033,2023-01-04 00:00:00,NACHDR04012300,,NACH-MUT-DR-BD-ACHKFINOTM-,5000.0,0.0,,,,-1,
1398,31,2023-03-09 14:49:40.9092212,2023-01-30 00:00:00,EBPP-0403096390,,AP:BILLPAY FOR MIRAEASSETMF0403096390,2500.0,0.0,,,,-1,
1399,31,2023-03-09 14:49:40.9092212,2023-02-01 00:00:00,IMPS-,,SentIMPS303214337532SAAHIL,5000.0,0.0,,,,-1,
1400,31,2023-03-09 14:49:40.9248645,2023-02-06 00:00:00,NEFTINW-,,NEFT N037232319747628 QUANT M F,0.0,711.66,,,,-1,
1401,31,2023-03-09 14:49:40.9248645,2023-02-08 00:00:00,UPI-303935254823,,UPI/CREDPAYDUNZO/303982290031/payment on CRED,75.0,0.0,,,,-1,
1402,31,2023-03-09 14:49:40.9248645,2023-02-09 00:00:00,UPI-304058501115,,UPI/CREDPAYDUNZO/304096255098/payment on CRED,120.0,0.0,,,,-1,
1403,31,2023-03-09 14:49:40.9248645,2023-02-10 00:00:00,KB8114F39575A7F,,KOTAK FASTAG,300.0,0.0,,,,-1,
1404,31,2023-03-09 14:49:40.9248645,2023-02-12 00:00:00,KB84A3B1BC240B,,KOTAK FASTAG,300.0,0.0,,,,-1,
1405,31,2023-03-09 14:49:40.9248645,2023-02-17 00:00:00,KB99D4415031AC3,,KOTAK FASTAG,300.0,0.0,,,,-1,
1406,31,2023-03-09 14:49:40.9248645,2023-02-20 00:00:00,UPI-305125322108,,UPI/CREDCLUB1/305186343027/paymenton CRED,2254.09,0.0,,,,-1,
1407,31,2023-03-09 14:49:40.9248645,2023-02-23 00:00:00,UPI-305471306910,,UPI/CREDPAYDUNZO/305427219745/payment on CRED,117.0,0.0,,,,-1,
1408,31,2023-03-09 14:49:40.9248645,2023-02-24 00:00:00,KPG-0183894884,,PG FLIGHT SEAT BOOKING RAZORPAYTRAVEL,450.0,0.0,,,,-1,
1409,31,2023-03-09 14:49:40.9248645,2023-02-24 00:00:00,IMPS-,,Recd:IMPS/305515388136/SHILPA,0.0,31302.0,,,,-1,
1410,31,2023-03-09 14:49:40.9248645,2023-02-25 00:00:00,IMPS-,,Recd:IMPS/305616509404/Refunded,0.0,377.0,,,,-1,
1411,31,2023-03-09 14:49:40.9248645,2023-02-28 00:00:00,EBPP-0408752917,,AP:BILLPAY FOR MIRAEASSETMF0408752917,2500.0,0.0,,,,-1,
1412,31,2023-03-09 14:49:40.9248645,2023-03-05 00:00:00,KPG-0184459383,,PG AIR SEAT RAZORPAY TRAVEL,450.0,0.0,,,,-1,
1413,31,2023-03-09 14:49:40.9248645,2023-03-05 00:00:00,KPG-0184460152,,PG FORAM CHECK IN RAZORPAY TRAVEL,150.0,0.0,,,,-1,
1414,31,2023-03-09 14:49:40.9248645,2023-03-05 00:00:00,MB-998933716777,,MB:SENT TO CREATIVE PRINTERS,30000.0,0.0,,,,-1,
1415,31,2023-03-09 14:49:40.9404883,2023-03-06 00:00:00,UPI-306534770508,,UPI/CREDCLUB1/306583836282/paymenton CRED,12514.83,0.0,,,,-1,
1416,31,2023-03-09 14:49:40.9404883,2023-03-06 00:00:00,NEFTINW-,,NEFT CMS3164325431 R K GLOBAL,0.0,100000.0,,,,-1,
1417,31,2023-03-09 14:49:40.9404883,2023-03-06 00:00:00,NEFTINW-,,NEFT N065232360772297 NIPPON INDIA,0.0,276.77,,,,-1,
1418,31,2023-03-09 14:49:40.9404883,2023-03-08 00:00:00,MB-998931918137,,MB:SENT TO CREATIVE PRINTERS/TOPRINTERS,45000.0,0.0,,,,-1,
1419,31,2023-03-09 14:49:40.9404883,2023-03-08 00:00:00,NEFTINW-,,NEFT N067232363659080 SBIMF,0.0,190.33,,,,-1,
1420,31,2023-03-09 14:49:40.9404883,2023-03-09 00:00:00,NEFTINW-,,NEFT N068232364477192 QUANT M F,0.0,3032.48,,,,-1,
1421,30,2023-03-09 15:06:55.2499447,2023-01-30 00:00:00,KPG-0182387553,,PG INDIAN RAILWAY CATER,817.9,0.0,,,,-1,
1422,30,2023-03-09 15:06:55.2499447,2023-02-01 00:00:00,KPG-0182535840,,PG RAZORPAY GOVT,817.9,0.0,,,,-1,
1423,30,2023-03-09 15:06:55.2499447,2023-02-20 00:00:00,EBPP-0407335516,,AP:BILLPAY FOR MIRAEASSETMF0407335516,2500.0,0.0,,,,-1,
1424,30,2023-03-09 15:06:55.2499447,2023-02-25 00:00:00,NEFTINW-,,NEFT IN1ON23022500DWC MIRAE ASSET,0.0,125000.0,,,,-1,
1425,30,2023-03-09 15:06:55.2499447,2023-03-09 00:00:00,NEFTINW-,,NEFT IN1ON23030900AZI MIRAE ASSET,0.0,175000.0,,,,-1,
1426,30,2023-03-09 15:06:55.2499447,2023-03-09 00:00:00,KPG-0184702796,,PG NIPPON SIP SMALL CAP OTNRBDNIPP,3500.0,0.0,,,,-1,
1427,30,2023-03-09 15:06:55.2499447,2023-03-09 00:00:00,IMPS-,,Recd:IMPS/306811107784/COMPLINOVA/K,0.0,1.0,,,,-1,
1428,30,2023-03-09 15:20:11.13729,2023-02-02 00:00:00,UPI-303393477065,,UPI/MIRAE ASSET CAP/303317285180/Payvia Razorpa,50000.0,0.0,,,,-1,
1429,30,2023-03-09 15:20:11.13729,2023-02-03 00:00:00,EBPP-0403998314,,AP:BILLPAY FOR TATAMF 0403998314,1000.0,0.0,,,,-1,
1430,30,2023-03-09 15:20:11.13729,2023-02-06 00:00:00,NACHDR06022300,,NACH-MUT-DR-BD-ACHKFINOTM-,3000.0,0.0,,,,-1,
1431,30,2023-03-09 15:20:11.13729,2023-02-10 00:00:00,EBPP-0405624364,,AP:BILLPAY FOR TATAMF 0405624364,1000.0,0.0,,,,-1,
1432,30,2023-03-09 15:20:11.13729,2023-02-11 00:00:00,KREF-F006853249,,REV: OS RAZORPAY LBDE3AWTQ3EWV60182535840,0.0,390.56,,,,-1,
1433,30,2023-03-09 15:20:11.13729,2023-02-17 00:00:00,EBPP-0406855488,,AP:BILLPAY FOR TATAMF 0406855488,1000.0,0.0,,,,-1,
1434,30,2023-03-09 15:20:11.13729,2023-02-20 00:00:00,NACHDR20022300,,NACH-MUT-DR-BD-ACHKFINOTM-,3000.0,0.0,,,,-1,
1435,30,2023-03-09 15:20:11.13729,2023-02-24 00:00:00,EBPP-0408081181,,AP:BILLPAY FOR TATAMF 0408081181,1000.0,0.0,,,,-1,
1436,30,2023-03-09 15:20:11.13729,2023-03-01 00:00:00,IMPS-,,SentIMPS306017620899pramesh,5000.0,0.0,,,,-1,
1437,30,2023-03-09 15:20:11.13729,2023-03-03 00:00:00,EBPP-0409381606,,AP:BILLPAY FOR TATAMF 0409381606,1000.0,0.0,,,,-1,
1438,30,2023-03-09 15:20:11.13729,2023-03-04 00:00:00,IMPS-,,SentIMPS306314609393pramesh,10000.0,0.0,,,,-1,
1439,30,2023-03-09 15:20:11.13729,2023-03-07 00:00:00,NACHDR07032300,,NACH-MUT-DR-BD-ACHKFINOTM-,3000.0,0.0,,,,-1,
1440,30,2023-03-09 15:23:48.1538678,2023-01-20 00:00:00,EBPP-0401436193,,AP:BILLPAY FOR MIRAEASSETMF0401436193,2500.0,0.0,,,,-1,
1441,31,2023-03-27 13:13:16.7167923,2022-09-07 00:00:00,,,VALSAD UPI/225044682553/GUPTA RAJU GIRISH,1000.0,0.0,,,,-1,
1442,31,2023-03-27 13:13:16.7323325,2022-09-07 00:00:00,,,VALSAD UPI/225044698576/GOOGLEPAY,0.0,3.0,,,,-1,
1443,31,2023-03-27 13:13:16.7323325,2022-09-10 00:00:00,,,VALSAD UPI/225317273211/ASHWIN ASHOK LOKARE,97.0,0.0,,,,-1,
1444,31,2023-03-27 13:13:16.7323325,2022-09-10 00:00:00,,,VALSAD UPI/225329027131/DRITI D BATAVIA,516.0,0.0,,,,-1,
1445,31,2023-03-27 13:13:16.7323325,2022-09-13 00:00:00,,,VALSAD UPI/225694503369/VENZEL SURGICAL AND,270.0,0.0,,,,-1,
1446,31,2023-03-27 13:13:16.7323325,2022-09-15 00:00:00,,,VALSAD UPI/225840407610/VRUDDHI TELECOM T 10,600.0,0.0,,,,-1,
1447,31,2023-03-27 13:13:16.7323325,2022-09-15 00:00:00,,,VALSAD UPI/225847549464/VENZEL SURGICAL AND,236.0,0.0,,,,-1,
1448,31,2023-03-27 13:13:16.7323325,2022-09-15 00:00:00,,,VALSAD UPI/225847739842/Worli medical stores,87.0,0.0,,,,-1,
1449,31,2023-03-27 13:13:16.7323325,2022-09-16 00:00:00,,,VALSAD UPI/225959505724/Swiggy,130.0,0.0,,,,-1,
1450,31,2023-03-27 13:13:16.7323325,2022-09-16 00:00:00,,,VALSAD UPI/225934878776/Swiggy,0.0,130.0,,,,-1,
1451,31,2023-03-27 13:13:16.7323325,2022-09-16 00:00:00,,,VALSAD UPI/225961014738/SUPER SERVICE STATION,2000.0,0.0,,,,-1,
1452,31,2023-03-27 13:13:16.7479762,2022-09-17 00:00:00,,,VALSAD UPI/226082425549/SHRIMAD RAJCHANDRAPRASAD GRUH,150.0,0.0,,,,-1,
1453,31,2023-03-27 13:13:16.7479762,2022-09-19 00:00:00,,,VALSAD UPI/226236067017/SONAFINE CORPORATIONPRIVATE LIMI,342.0,0.0,,,,-1,
1454,31,2023-03-27 13:13:16.7479762,2022-09-24 00:00:00,,,VALSAD Int.:26-06-2022 To 24-09-2022,0.0,34.0,,,,-1,
1455,31,2023-03-27 13:13:16.7479762,2022-09-26 00:00:00,,,VALSAD UPI/226920700357/AVARYA RETAIL,790.0,0.0,,,,-1,
1456,31,2023-03-27 13:13:16.7479762,2022-09-26 00:00:00,,,VALSAD UPI/226921627656/Aiwaz Rais Ahamed Ansari,83.0,0.0,,,,-1,
1457,31,2023-03-27 13:13:16.7479762,2022-09-26 00:00:00,,,VALSAD UPI/226922550788/KISHOR PRALHAD SONI,94.0,0.0,,,,-1,
1458,31,2023-03-27 13:13:16.7479762,2022-09-27 00:00:00,,,VALSAD UPI/227043143930/CHHAGANLAL PANDEY,150.0,0.0,,,,-1,
1459,31,2023-03-27 13:13:16.7479762,2022-09-27 00:00:00,,,VALSAD UPI/227043151081/GOOGLEPAY,0.0,3.0,,,,-1,
1460,31,2023-03-27 13:13:16.7479762,2022-09-30 00:00:00,,,VALSAD UPI/227329865574/GARAGEPRENEURSINTERNET PVT LTD,3081.17,0.0,,,,-1,
1461,31,2023-03-27 13:13:16.7479762,2022-10-02 00:00:00,,,VALSAD UPI/227578118570/SUNILKUMAR SHOBHAGMALJAIN,1320.0,0.0,,,,-1,
1462,31,2023-03-27 13:13:16.7479762,2022-10-03 00:00:00,,,VALSAD UPI/227697371620/YOGESH PANDURANGAKHARE,600.0,0.0,,,,-1,
1463,31,2023-03-27 13:13:16.7479762,2022-10-07 00:00:00,,,VALSAD UPI/228020773409/VENZEL SURGICAL AND,38.0,0.0,,,,-1,
1464,31,2023-03-27 13:13:16.7479762,2022-10-10 00:00:00,,,VALSAD UPI/228374953907/MOHSIN SHAMSUDDINSHAIKH,1800.0,0.0,,,,-1,
1465,31,2023-03-27 13:13:16.7635974,2022-10-11 00:00:00,,,VALSAD UPI/228429134231/YOGESH PANDURANGAKHARE,200.0,0.0,,,,-1,
1466,31,2023-03-27 13:13:16.7635974,2022-10-12 00:00:00,,,VALSAD UPI/228536719417/SHADOWFAX TECHNOLOGI,228.0,0.0,,,,-1,
1467,31,2023-03-27 13:13:16.7635974,2022-10-14 00:00:00,,,VALSAD UPI/228706679305/Cashfree Payments India PvtLtd,0.0,266.0,,,,-1,
1468,31,2023-03-27 13:13:16.7635974,2022-10-14 00:00:00,,,VALSAD UPI/228795997713/HADKE GAJANAN SHIVAJI,600.0,0.0,,,,-1,
1469,31,2023-03-27 13:13:16.7635974,2022-10-15 00:00:00,,,VALSAD UPI/228821981072/JADHAV VIKAS RAJARAM,300.0,0.0,,,,-1,
1470,31,2023-03-27 13:13:16.7635974,2022-10-15 00:00:00,,,VALSAD UPI/228823128756/Dunzo Digital Private Limited,70.0,0.0,,,,-1,
1471,31,2023-03-27 13:13:16.7635974,2022-10-15 00:00:00,,,VALSAD UPI/228810006893/Cashfree Payments India PvtLtd,0.0,278.0,,,,-1,
1472,31,2023-03-27 13:13:16.7635974,2022-10-15 00:00:00,,,VALSAD UPI/228810016322/Cashfree Payments India PvtLtd,0.0,318.0,,,,-1,
1473,31,2023-03-27 13:13:16.7635974,2022-10-15 00:00:00,,,VALSAD UPI/228810039587/Cashfree Payments India PvtLtd,0.0,366.0,,,,-1,
1474,31,2023-03-27 13:13:16.7792207,2022-10-15 00:00:00,,,VALSAD UPI/228810043220/Cashfree Payments India PvtLtd,0.0,322.0,,,,-1,
1475,31,2023-03-27 13:13:16.7792207,2022-10-15 00:00:00,,,VALSAD UPI/228898717976/Cash Free,0.0,173.0,,,,-1,
1476,31,2023-03-27 13:13:16.7792207,2022-10-15 00:00:00,,,VALSAD UPI/228810048648/Cashfree Payments India PvtLtd,0.0,246.0,,,,-1,
1477,31,2023-03-27 13:13:16.7792207,2022-10-15 00:00:00,,,VALSAD UPI/228810051437/Cashfree Payments India PvtLtd,0.0,251.0,,,,-1,
1478,31,2023-03-27 13:13:16.7792207,2022-10-15 00:00:00,,,VALSAD UPI/228810052645/Cashfree Payments India PvtLtd,0.0,252.0,,,,-1,
1479,31,2023-03-27 13:13:16.7792207,2022-10-17 00:00:00,,,VALSAD UPI/229014582734/Cashfree Payments India PvtLtd,0.0,228.0,,,,-1,
1480,31,2023-03-27 13:13:16.7792207,2022-10-18 00:00:00,,,VALSAD UPI/229193052578/Dunzo Digital Private Limited,50.0,0.0,,,,-1,
1481,31,2023-03-27 13:13:16.7792207,2022-10-21 00:00:00,,,VALSAD UPI/229475131457/Dunzo Digital Private Limited,130.0,0.0,,,,-1,
1482,31,2023-03-27 13:13:16.7792207,2022-10-21 00:00:00,,,VALSAD UPI/229475331131/CHHAGANLAL PANDEY,300.0,0.0,,,,-1,
1483,31,2023-03-27 13:13:16.7792207,2022-10-21 00:00:00,,,VALSAD UPI/229453810377/Dunzo Digital Private Limited,0.0,130.0,,,,-1,
1484,31,2023-03-27 13:13:16.7792207,2022-10-21 00:00:00,,,VALSAD UPI/229476616130/Dunzo Digital Private Limited,70.0,0.0,,,,-1,
1485,31,2023-03-27 13:13:16.7792207,2022-10-21 00:00:00,,,VALSAD UPI/229480557873/Dunzo Digital Private Limited,92.0,0.0,,,,-1,
1486,31,2023-03-27 13:13:16.7792207,2022-10-21 00:00:00,,,VALSAD UPI/229425853102/Cashfree Payments India PvtLtd,0.0,214.0,,,,-1,
1487,31,2023-03-27 13:13:16.7792207,2022-10-21 00:00:00,,,VALSAD UPI/229425868848/Cashfree Payments India PvtLtd,0.0,465.0,,,,-1,
1488,31,2023-03-27 13:13:16.7948393,2022-10-21 00:00:00,,,VALSAD UPI/229410053935/Cash Free,0.0,254.0,,,,-1,
1489,31,2023-03-27 13:13:16.7948393,2022-10-21 00:00:00,,,VALSAD UPI/229425904786/Cashfree Payments India PvtLtd,0.0,465.0,,,,-1,
1490,31,2023-03-27 13:13:16.7948393,2022-10-21 00:00:00,,,VALSAD UPI/229425911229/Cashfree Payments India PvtLtd,0.0,421.0,,,,-1,
1491,31,2023-03-27 13:13:16.7948393,2022-10-21 00:00:00,,,VALSAD UPI/229425915307/Cashfree Payments India PvtLtd,0.0,169.0,,,,-1,
1492,31,2023-03-27 13:13:16.7948393,2022-10-25 00:00:00,,,VALSAD UPI/229878964493/SHRIMAD RAJCHANDRAPRASAD GRUH,310.0,0.0,,,,-1,
1493,31,2023-03-27 13:13:16.7948393,2022-10-25 00:00:00,,,VALSAD UPI/229833847745/Cashfree Payments India PvtLtd,0.0,1879.0,,,,-1,
1494,31,2023-03-27 13:13:16.7948393,2022-10-25 00:00:00,,,VALSAD UPI/229886264845/SHRIMAD RAJCHANDRAPRASAD GRUH,230.0,0.0,,,,-1,
1495,31,2023-03-27 13:13:16.7948393,2022-10-26 00:00:00,,,VALSAD UPI/229924429337/SHETH NISHANTRAJESHBHAI,250.0,0.0,,,,-1,
1496,31,2023-03-27 13:13:16.7948393,2022-10-27 00:00:00,,,VALSAD UPI/230038156396/SMARTSHIFT LOGISTICSSOLUTIONS PR,378.0,0.0,,,,-1,
1497,31,2023-03-27 13:13:16.7948393,2022-10-27 00:00:00,,,VALSAD UPI/230041947960/ANISHA JAYESH MEHTA,270.0,0.0,,,,-1,
1498,31,2023-03-27 13:13:16.7948393,2022-10-28 00:00:00,,,VALSAD UPI/230159508572/TAUSIF ALI,1821.0,0.0,,,,-1,
1499,31,2023-03-27 13:13:16.7948393,2022-10-28 00:00:00,,,VALSAD UPI/230161986279/SHRIMAD RAJCHANDRAPRASAD GRUH,110.0,0.0,,,,-1,
1500,31,2023-03-27 13:13:16.7948393,2022-10-28 00:00:00,,,VALSAD UPI/230162294198/SHRIMAD RAJCHANDRAPRASAD GRUH,70.0,0.0,,,,-1,
1501,31,2023-03-27 13:13:16.8104607,2022-10-30 00:00:00,,,VALSAD UPI/230397564139/GOOGLEPAY,0.0,14.0,,,,-1,
1502,31,2023-03-27 13:13:16.8104607,2022-10-31 00:00:00,,,VALSAD UPI/230431179603/Dunzo Digital Private Limited,70.0,0.0,,,,-1,
1503,31,2023-03-27 13:13:16.8104607,2022-10-31 00:00:00,,,VALSAD UPI/230434510806/NARENDRA BAHADUR SINGH,109.0,0.0,,,,-1,
1504,31,2023-03-27 13:13:16.8104607,2022-10-31 00:00:00,,,VALSAD UPI/230441706731/SHUBHAMSINGHCHANDRAPRAKASH SINGH,60.0,0.0,,,,-1,
1505,31,2023-03-27 13:13:16.8104607,2022-10-31 00:00:00,,,VALSAD UPI/230442490258/KEDAR                                        .,129.0,0.0,,,,-1,
1506,31,2023-03-27 13:13:16.8104607,2022-11-01 00:00:00,,,VALSAD UPI/230556429872/DINKAR SHANKAR MORE,99.0,0.0,,,,-1,
1507,31,2023-03-27 13:13:16.8104607,2022-11-01 00:00:00,,,VALSAD UPI/230557194900/GAURAV VILAS DESHMANE,385.0,0.0,,,,-1,
1508,31,2023-03-27 13:13:16.8104607,2022-11-01 00:00:00,,,VALSAD UPI/230560677058/Dunzo Digital Private Limited,50.0,0.0,,,,-1,
1509,31,2023-03-27 13:13:16.8104607,2022-11-01 00:00:00,,,VALSAD UPI/230562836329/Dunzo Digital Private Limited,110.0,0.0,,,,-1,
1510,31,2023-03-27 13:13:16.8104607,2022-11-01 00:00:00,,,VALSAD UPI/230575846827/SAUMA SAMEER GAZDAR,152.0,0.0,,,,-1,
1511,31,2023-03-27 13:13:16.8104607,2022-11-01 00:00:00,,,VALSAD UPI/230575855426/GOOGLEPAY,0.0,4.0,,,,-1,
1512,31,2023-03-27 13:13:16.8104607,2022-11-03 00:00:00,,,VALSAD UPI/230730647755/AMJAD                                         KHAN,119.0,0.0,,,,-1,
1513,31,2023-03-27 13:13:16.8104607,2022-11-04 00:00:00,,,VALSAD SMS_CHARGE_FOR_JUL22_TO_SEP22,24.2,0.0,,,,-1,
1514,31,2023-03-27 13:13:16.8260827,2022-11-04 00:00:00,,,VALSAD UPI/230850696548/Dunzo Digital Private Limited,60.0,0.0,,,,-1,
1515,31,2023-03-27 13:13:16.8260827,2022-11-05 00:00:00,,,VALSAD UPI/230969357670/BIPINKUMAR GUPTA,378.0,0.0,,,,-1,
1516,31,2023-03-27 13:13:16.8260827,2022-11-05 00:00:00,,,VALSAD UPI/230974518756/SADA SHIV PAL,344.0,0.0,,,,-1,
1517,31,2023-03-27 13:13:16.8260827,2022-11-05 00:00:00,,,VALSAD UPI/230980515513/DINESH PURSHOTAM BIND,2683.0,0.0,,,,-1,
1518,31,2023-03-27 13:13:16.8260827,2022-11-07 00:00:00,,,VALSAD UPI/231136357941/SMARTSHIFT LOGISTICSSOLUTIONS PR,294.0,0.0,,,,-1,
1519,31,2023-03-27 13:13:16.8260827,2022-11-08 00:00:00,,,VALSAD UPI/231260078196/SHETH NISHANTRAJESHBHAI,250.0,0.0,,,,-1,
1520,31,2023-03-27 13:13:16.8260827,2022-11-09 00:00:00,,,VALSAD UPI/231375705586/SHRIMAD RAJCHANDRAASHRAM,50.0,0.0,,,,-1,
1521,31,2023-03-27 13:13:16.8260827,2022-11-11 00:00:00,,,VALSAD UPI/231547332942/Naresh Baswanta Naik,1000.0,0.0,,,,-1,
1522,31,2023-03-27 13:13:16.8260827,2022-11-13 00:00:00,,,VALSAD UPI/231797574568/MOHD SHAHRUK HANIFQURESHI,134.0,0.0,,,,-1,
1523,31,2023-03-27 13:13:16.8260827,2022-11-15 00:00:00,,,VALSAD UPI/231956686461/Dunzo Digital Private Limited,60.0,0.0,,,,-1,
1524,31,2023-03-27 13:13:16.8260827,2022-11-17 00:00:00,,,VALSAD UPI/232125475185/Dunzo Digital Private Limited,75.0,0.0,,,,-1,
1525,31,2023-03-27 13:13:16.8260827,2022-11-17 00:00:00,,,VALSAD UPI/232127864752/Dunzo Digital Private Limited,105.0,0.0,,,,-1,
1526,31,2023-03-27 13:13:16.8260827,2022-11-17 00:00:00,,,VALSAD UPI/232104182835/Dunzo Digital Private Limited,0.0,105.0,,,,-1,
1527,31,2023-03-27 13:13:16.8260827,2022-11-17 00:00:00,,,VALSAD UPI/232129460836/Mr MOHAMMAD TARIQUEKHAN,89.0,0.0,,,,-1,
1528,31,2023-03-27 13:13:16.8417362,2022-11-18 00:00:00,,,VALSAD UPI/232238269660/GOOGLEPAY,0.0,3.0,,,,-1,
1529,31,2023-03-27 13:13:16.8417362,2022-11-18 00:00:00,,,VALSAD UPI/232252857021/Dunzo Digital Private Limited,230.0,0.0,,,,-1,
1530,31,2023-03-27 13:13:16.8417362,2022-11-18 00:00:00,,,VALSAD UPI/232253752506/AMBEDE DIPAK SHANKAR,500.0,0.0,,,,-1,
1531,31,2023-03-27 13:13:16.8417362,2022-11-18 00:00:00,,,VALSAD UPI/232205946080/Dunzo Digital Private Limited,0.0,230.0,,,,-1,
1532,31,2023-03-27 13:13:16.8417362,2022-11-18 00:00:00,,,VALSAD UPI/232256508697/Masiullah Khan,234.0,0.0,,,,-1,
1533,31,2023-03-27 13:13:16.8417362,2022-11-19 00:00:00,,,VALSAD UPI/232366309367/YOGESH PANDURANGAKHARE,700.0,0.0,,,,-1,
1534,31,2023-03-27 13:13:16.8417362,2022-11-19 00:00:00,,,VALSAD UPI/232380413772/SANJAY SITARAM MAYEKAR,450.0,0.0,,,,-1,
1535,31,2023-03-27 13:13:16.8417362,2022-11-21 00:00:00,,,VALSAD UPI/232542655168/Dunzo Digital Private Limited,120.0,0.0,,,,-1,
1536,31,2023-03-27 13:13:16.8417362,2022-11-21 00:00:00,,,VALSAD UPI/232511106057/Dunzo Digital Private Limited,0.0,120.0,,,,-1,
1537,31,2023-03-27 13:13:16.8417362,2022-11-21 00:00:00,,,VALSAD UPI/232546717519/ISLAM IBRAHIM KHAN,100.0,0.0,,,,-1,
1538,31,2023-03-27 13:13:16.8417362,2022-11-23 00:00:00,,,VALSAD UPI/232710291489/Dunzo Digital Private Limited,105.0,0.0,,,,-1,
1539,31,2023-03-27 13:13:16.8417362,2022-11-24 00:00:00,,,VALSAD UPI/232824811975/VICTOR R PEREIRA,40.0,0.0,,,,-1,
1540,31,2023-03-27 13:13:16.8417362,2022-11-24 00:00:00,,,VALSAD UPI/232830669118/Dunzo Digital Private Limited,105.0,0.0,,,,-1,
1541,31,2023-03-27 13:13:16.8417362,2022-11-25 00:00:00,,,VALSAD UPI/232951323957/AZIZ ALI KASAM SAYYAD,424.0,0.0,,,,-1,
1542,31,2023-03-27 13:13:16.8574054,2022-11-25 00:00:00,,,VALSAD UPI/232959294040/AMARA JEWELLERS,1439.1,0.0,,,,-1,
1543,31,2023-03-27 13:13:16.8574054,2022-11-26 00:00:00,,,VALSAD UPI/233071472537/Dunzo Digital Private Limited,105.0,0.0,,,,-1,
1544,31,2023-03-27 13:13:16.8574054,2022-11-29 00:00:00,,,VALSAD UPI/233351746721/RUPESH ANANT NARKAR,100.0,0.0,,,,-1,
1545,31,2023-03-27 13:13:16.8574054,2022-11-29 00:00:00,,,VALSAD UPI/233358452417/GOOGLEPAY,0.0,3.0,,,,-1,
1546,31,2023-03-27 13:13:16.8574054,2022-11-30 00:00:00,,,VALSAD UPI/233476252661/AVARYA RETAIL,793.0,0.0,,,,-1,
1547,31,2023-03-27 13:13:16.8574054,2022-12-15 00:00:00,,,VALSAD UPI/234981974074/SANJAY SITARAM MAYEKAR,150.0,0.0,,,,-1,
1548,31,2023-03-27 13:13:16.8574054,2022-12-15 00:00:00,,,VALSAD UPI/234983903574/RAUF A KHAN,300.0,0.0,,,,-1,
1549,31,2023-03-27 13:13:16.8574054,2022-12-15 00:00:00,,,VALSAD UPI/234984041400/Mr SANTOSH TANAJI PATIL,1150.0,0.0,,,,-1,
1550,31,2023-03-27 13:13:16.8574054,2022-12-15 00:00:00,,,VALSAD UPI/234911492193/KANERI NITIN GANGADHAR,250.0,0.0,,,,-1,
1551,31,2023-03-27 13:13:16.8574054,2022-12-17 00:00:00,,,VALSAD UPI/235155301091/RAUF A KHAN,200.0,0.0,,,,-1,
1552,31,2023-03-27 13:13:16.8574054,2022-12-17 00:00:00,,,VALSAD UPI/235165001968/Swiggy,843.0,0.0,,,,-1,
1553,31,2023-03-27 13:13:16.8574054,2022-12-19 00:00:00,,,VALSAD UPI/235325526620/HADKE GAJANAN SHIVAJI,250.0,0.0,,,,-1,
1554,31,2023-03-27 13:13:16.8574054,2022-12-22 00:00:00,,,VALSAD UPI/235678181805/ADITI SANJAY JAGTAP,0.0,5500.0,,,,-1,
1555,31,2023-03-27 13:13:16.8574054,2022-12-22 00:00:00,,,VALSAD UPI/235626200749/SHRIMAD RAJCHANDRAPRASAD GRUH,148.0,0.0,,,,-1,
1556,31,2023-03-27 13:13:16.8730356,2022-12-24 00:00:00,,,VALSAD Int.:25-09-2022 To 24-12-2022,0.0,22.0,,,,-1,
1557,31,2023-03-27 13:13:16.8730356,2022-12-29 00:00:00,,,VALSAD UPI/236347893605/Dunzo,60.0,0.0,,,,-1,
1558,31,2023-03-27 13:13:16.8730356,2022-12-29 00:00:00,,,VALSAD UPI/236315135279/DEVANSHI                                            KAPADIA,0.0,110.0,,,,-1,
1559,31,2023-03-27 13:13:16.8730356,2023-01-06 00:00:00,,,VALSAD UPI/300621162578/Mr GURUNATH ASHOKDORLEKAR,3795.0,0.0,,,,-1,
1560,31,2023-03-27 13:13:16.8730356,2023-01-09 00:00:00,,,VALSAD UPI/300924460674/KISHORE JAGDISH PARIHAR,1457.0,0.0,,,,-1,
1561,31,2023-03-27 13:13:16.8730356,2023-01-14 00:00:00,,,VALSAD UPI/301477360138/ANUJKUMAR                                               TIWARI,3000.0,0.0,,,,-1,
1562,31,2023-03-27 13:13:16.8730356,2023-01-14 00:00:00,,,VALSAD UPI/301424714842/SHETH NISHANTRAJESHBHAI,0.0,1790.0,,,,-1,
1563,31,2023-03-27 13:13:16.8730356,2023-01-15 00:00:00,,,VALSAD UPI/301565427280/SAMYAK KOTHARI,0.0,1200.0,,,,-1,
1564,31,2023-03-27 13:13:16.8730356,2023-01-16 00:00:00,,,VALSAD UPI/301630832905/TUSHAR SADASHIV JOSHI,108.0,0.0,,,,-1,
1565,31,2023-03-27 13:13:16.8730356,2023-01-20 00:00:00,,,VALSAD UPI/302061106043/GAURAV VILAS DESHMANE,419.0,0.0,,,,-1,
1566,31,2023-03-27 13:13:16.8885693,2023-01-20 00:00:00,,,VALSAD UPI/302068767280/KAILASH GUPTA,1500.0,0.0,,,,-1,
1567,31,2023-03-27 13:13:16.8885693,2023-01-23 00:00:00,,,VALSAD UPI/302367902123/NILESH PRAFULLANAGAVEKAR,113.0,0.0,,,,-1,
1568,31,2023-03-27 13:13:16.8885693,2023-01-25 00:00:00,,,VALSAD UPI/302530868288/AMIT KAMLESH MISHRA,143.0,0.0,,,,-1,
1569,31,2023-03-27 13:13:16.8885693,2023-01-25 00:00:00,,,VALSAD UPI/302533315373/GOOGLEPAY,0.0,4.0,,,,-1,
1570,31,2023-03-27 13:13:16.8885693,2023-01-25 00:00:00,,,VALSAD UPI/302536910914/Mr. RITIK RAMESHGHOSALKAR,104.0,0.0,,,,-1,
1571,31,2023-03-27 13:13:16.8885693,2023-01-25 00:00:00,,,VALSAD UPI/302546281051/HARIYAN SANTOSHSHRINIWAS,59.0,0.0,,,,-1,
1572,31,2023-03-27 13:13:16.8885693,2023-01-26 00:00:00,,,VALSAD UPI/302672336150/Jagdamba Colddrinks,166.0,0.0,,,,-1,
1573,31,2023-03-27 13:13:16.8885693,2023-01-27 00:00:00,,,VALSAD UPI/302792538067/SHRIMAD RAJCHANDRADIVINE PROD AN,300.0,0.0,,,,-1,
1574,31,2023-03-27 13:13:16.8885693,2023-01-27 00:00:00,,,VALSAD UPI/302793702860/Tulsi Petroleum,1000.0,0.0,,,,-1,
1575,31,2023-03-27 13:13:16.8885693,2023-01-27 00:00:00,,,VALSAD UPI/302712187899/GURU KRUPA ICE CREAMAND JUICE PA,215.0,0.0,,,,-1,
1576,31,2023-03-27 13:13:16.8885693,2023-01-28 00:00:00,,,VALSAD UPI/302822106280/R K RESTAURANT,470.0,0.0,,,,-1,
1577,31,2023-03-27 13:13:16.8885693,2023-02-01 00:00:00,,,VALSAD UPI/303250277501/Mr VINOD JANGBAHADURSONAR,1000.0,0.0,,,,-1,
1578,31,2023-03-27 13:13:16.8885693,2023-02-04 00:00:00,,,VALSAD UPI/303550565018/IBIBO Group Private Limited,1.0,0.0,,,,-1,
1579,31,2023-03-27 13:13:16.8885693,2023-02-04 00:00:00,,,VALSAD UPI/303555765649/Goibibo,1.0,0.0,,,,-1,
1580,31,2023-03-27 13:13:16.9041952,2023-02-04 00:00:00,,,VALSAD UPI/303513675436/HARDIK KAMLESH SHAH,0.0,500.0,,,,-1,
1581,31,2023-03-27 13:13:16.9041952,2023-02-08 00:00:00,,,VALSAD UPI/303994043642/GITEN RAJU NOR,540.0,0.0,,,,-1,
1582,31,2023-03-27 13:13:16.9041952,2023-02-10 00:00:00,,,VALSAD UPI/304162767669/Mr VISHAL PATIL,59.0,0.0,,,,-1,
1583,31,2023-03-27 13:13:16.9041952,2023-02-10 00:00:00,,,VALSAD UPI/304164118398/MOHAMMED HUSSAINZAINUDDIN MAKDA,61.0,0.0,,,,-1,
1584,31,2023-03-27 13:13:16.9041952,2023-02-10 00:00:00,,,VALSAD UPI/304169454250/Dunzo,60.0,0.0,,,,-1,
1585,31,2023-03-27 13:13:16.9041952,2023-02-11 00:00:00,,,VALSAD UPI/304227168925/SHRIMAD RAJCHANDRADIVINE PROD AN,365.0,0.0,,,,-1,
1586,31,2023-03-27 13:13:16.9041952,2023-02-12 00:00:00,,,VALSAD UPI/304382277645/RAMRUP ACHCHELALNAGBANSHI,0.0,38.0,,,,-1,
1587,31,2023-03-27 13:13:16.9041952,2023-02-13 00:00:00,,,VALSAD UPI/304482519974/ANUJKUMAR                                               TIWARI,1250.0,0.0,,,,-1,
1588,31,2023-03-27 13:13:16.9041952,2023-02-16 00:00:00,,,VALSAD UPI/304792644627/Goibibo,1.0,0.0,,,,-1,
1589,31,2023-03-27 13:13:16.9041952,2023-02-17 00:00:00,,,VALSAD UPI/304831330667/DINESH KUMAR LAYAKRAMVARMA,500.0,0.0,,,,-1,
1590,31,2023-03-27 13:13:16.9162303,2023-02-19 00:00:00,,,VALSAD UPI/305096412951/Mr VIJAY GANGADHARREVADEKAR,100.0,0.0,,,,-1,
1591,31,2023-03-27 13:13:16.9162303,2023-02-20 00:00:00,,,VALSAD UPI/305150951238/Prbu Ram Sharan,230.0,0.0,,,,-1,
1592,31,2023-03-27 13:13:16.9162303,2023-02-21 00:00:00,,,VALSAD UPI/305255940647/GOOGLEPAY,0.0,3.0,,,,-1,
1593,31,2023-03-27 13:13:16.9202648,2023-02-21 00:00:00,,,VALSAD UPI/305257843329/GOOGLEPAY,0.0,3.0,,,,-1,
1594,31,2023-03-27 13:13:16.9202648,2023-02-22 00:00:00,,,ETPC UPIIWFail/305255940647/2102202,3.0,0.0,,,,-1,
1595,31,2023-03-27 13:13:16.9202648,2023-02-22 00:00:00,,,VALSAD UPI/305312809632/Mr. tanaji narayan sakpal,1000.0,0.0,,,,-1,
1596,31,2023-03-27 13:13:16.9202648,2023-02-23 00:00:00,,,VALSAD UPI/305436804487/Indian Railways Ticketing,20.0,0.0,,,,-1,
1597,29,2023-03-30 09:58:44.5190392,2022-05-23 00:00:00,,,VALSAD           SMS_CHARGE_FOR_JAN22_TO_MAR22,0.6,0.0,,,,-1,
1598,29,2023-03-30 09:58:44.5190392,2022-06-25 00:00:00,,,VALSAD           Int.:27-03-2022 To 25-06-2022,0.0,21.0,,,,-1,
1599,29,2023-03-30 09:58:44.5190392,2022-07-04 00:00:00,,,VALSAD           UPI/218513979943/SAAHIL PRAMESH SHAH,5.0,0.0,,,,-1,
1600,29,2023-03-30 09:58:44.5346113,2022-07-06 00:00:00,,,VALSAD           UPI/218747712289/Dunzo Digital Private Limited,158.0,0.0,,,,-1,
1601,29,2023-03-30 09:58:44.5346113,2022-07-11 00:00:00,,,VALSAD           UPI/219266735646/NITIN VIJAY PATADE,678.0,0.0,,,,-1,
1602,29,2023-03-30 09:58:44.5346113,2022-07-11 00:00:00,s,,VALSAD           UPI/219267299159/shrimad rajchandra adhyatmik,180.0,0.0,,,,-1,
1603,29,2023-03-30 09:58:44.5346113,2022-07-12 00:00:00,,,VALSAD           UPI/219379263718/SAAHIL PRAMESH SHAH,0.0,100.0,,,,-1,
1604,29,2023-03-30 09:58:44.5346113,2022-07-12 00:00:00,,,VALSAD           UPI/219379602101/SAAHIL PRAMESH SHAH,0.0,9900.0,,,,-1,
1605,29,2023-03-30 09:58:44.5346113,2022-07-12 00:00:00,,,VALSAD           UPI/219316916617/URVISH S SHAH,0.0,7214.0,,,,-1,
1606,29,2023-03-30 09:58:44.5346113,2022-07-19 00:00:00,,,VALSAD           UPI/220040690170/bigbasket,101.44,0.0,,,,-1,
1607,29,2023-03-30 09:58:44.5346113,2022-07-21 00:00:00,,,VALSAD           SMS_CHARGE_FOR_APR22_TO_JUN22,0.29,0.0,,,,-1,
1608,29,2023-03-30 09:58:44.5346113,2022-07-28 00:00:00,,,VALSAD           UPI/220944741375/bigbasket,134.88,0.0,,,,-1,
1609,29,2023-03-30 09:58:44.5346113,2022-07-29 00:00:00,,,VALSAD           UPI/221056654005/Dunzo Digital Private Limited,67.0,0.0,,,,-1,
1610,29,2023-03-30 09:58:44.5346113,2022-07-29 00:00:00,,,VALSAD           UPI/221056752580/bigbasket,295.16,0.0,,,,-1,
1611,29,2023-03-30 09:58:44.5346113,2022-07-29 00:00:00,,,VALSAD           UPI/221099959948/Dunzo Digital Private Limited,0.0,34.0,,,,-1,
1612,29,2023-03-30 09:58:44.5503027,2022-07-29 00:00:00,,,VALSAD           UPI/221059247036/Dunzo Digital Private Limited,25.0,0.0,,,,-1,
1613,29,2023-03-30 09:58:44.5503027,2022-07-29 00:00:00,,,VALSAD           UPI/221059285858/bigbasket,629.0,0.0,,,,-1,
1614,29,2023-03-30 09:58:44.5503027,2022-07-29 00:00:00,,,VALSAD           UPI/221036798432/bigbasket,0.0,629.0,,,,-1,
1615,29,2023-03-30 09:58:44.5503027,2022-08-10 00:00:00,,,VALSAD           UPI/222230199827/RONAK NARESHKUMARMODI,1400.0,0.0,,,,-1,
1616,29,2023-03-30 09:58:44.5503027,2022-08-18 00:00:00,,,VALSAD           UPI/223016942502/Shrimad Rajchandra AdhyatmikSats,220.0,0.0,,,,-1,
1617,29,2023-03-30 09:58:44.5503027,2022-08-30 00:00:00,,,VALSAD           UPI/224250612867/Worli Gaddi Bhandar,450.0,0.0,,,,-1,
1618,29,2023-03-30 09:58:44.5503027,2022-09-02 00:00:00,,,VALSAD           UPI/224517804385/Dunzo Digital Private Limited,252.0,0.0,,,,-1,
1619,29,2023-03-30 09:58:44.5503027,2022-09-06 00:00:00,,,VALSAD           UPI/224920155650/PAYAL JAVERI,450.0,0.0,,,,-1,
1620,29,2023-03-30 09:58:44.5503027,2022-09-07 00:00:00,,,VALSAD           UPI/225041388787/Dunzo Digital Private Limited,185.0,0.0,,,,-1,
1621,29,2023-03-30 09:58:44.5659438,2022-09-10 00:00:00,,,VALSAD           UPI/225311612436/Dunzo Digital Private Limited,82.0,0.0,,,,-1,
1622,29,2023-03-30 09:58:44.5659438,2022-09-12 00:00:00,,,VALSAD           UPI/225573666661/Shrimad Rajchandra AdhyatmikSats,920.0,0.0,,,,-1,
1623,29,2023-03-30 09:58:44.5659438,2022-09-16 00:00:00,,,VALSAD           UPI/225975043847/Shrimad Rajchandra AdhyatmikSats,380.0,0.0,,,,-1,
1624,29,2023-03-30 09:58:44.5659438,2022-09-19 00:00:00,,,VALSAD           UPI/226236613381/Dunzo Digital Private Limited,219.0,0.0,,,,-1,
1625,29,2023-03-30 09:58:44.5659438,2022-09-20 00:00:00,,,VALSAD           UPI/226358238017/bigbasket,114.53,0.0,,,,-1,
1626,29,2023-03-30 09:58:44.5659438,2022-09-22 00:00:00,,,VALSAD UPI/226531126205/Mr CHELANA NAGINDASSHAH,1000.0,0.0,,,,-1,
1627,29,2023-03-30 09:58:44.5659438,2022-09-24 00:00:00,,,VALSAD Int.:26-06-2022 To 24-09-2022,0.0,115.0,,,,-1,
1628,29,2023-03-30 09:58:44.5659438,2022-09-25 00:00:00,,,VALSAD UPI/226884198113/SWIGGYINSTAMART,61.0,0.0,,,,-1,
1629,29,2023-03-30 09:58:44.5659438,2022-09-25 00:00:00,,,VALSAD UPI/226887448167/bigbasket,198.16,0.0,,,,-1,
1630,29,2023-03-30 09:58:44.5659438,2022-09-26 00:00:00,,,VALSAD UPI/226916909737/bigbasket,138.06,0.0,,,,-1,
1631,29,2023-03-30 09:58:44.5659438,2022-09-26 00:00:00,,,VALSAD UPI/226920316300/bigbasket,114.08,0.0,,,,-1,
1632,29,2023-03-30 09:58:44.5659438,2022-09-29 00:00:00,,,VALSAD UPI/227287208092/bigbasket,300.12,0.0,,,,-1,
1633,29,2023-03-30 09:58:44.5659438,2022-09-30 00:00:00,,,VALSAD UPI/227331657002/DEEPAK KUMAR,102.0,0.0,,,,-1,
1634,29,2023-03-30 09:58:44.5659438,2022-10-03 00:00:00,,,VALSAD UPI/227691807485/SAMTA DADHA,0.0,500.0,,,,-1,
1635,29,2023-03-30 09:58:44.5814722,2022-10-05 00:00:00,,,VALSAD UPI/227848025440/Urban Company,499.0,0.0,,,,-1,
1636,29,2023-03-30 09:58:44.5814722,2022-10-06 00:00:00,,,VALSAD UPI/227972355680/bigbasket,287.79,0.0,,,,-1,
1637,29,2023-03-30 09:58:44.5814722,2022-10-06 00:00:00,,,VALSAD UPI/227972510622/Dunzo Digital Private Limited,84.0,0.0,,,,-1,
1638,29,2023-03-30 09:58:44.5814722,2022-10-06 00:00:00,,,VALSAD UPI/227977719730/Swiggy,130.0,0.0,,,,-1,
1639,29,2023-03-30 09:58:44.5814722,2022-10-08 00:00:00,,,VALSAD UPI/228131058476/UMESH KUMAR                                                  SAHANI,0.0,499.0,,,,-1,
1640,29,2023-03-30 09:58:44.5814722,2022-10-12 00:00:00,,,ETPC REV UPI22784802544005102022,0.0,499.0,,,,-1,
1641,29,2023-03-30 09:58:44.5814722,2022-10-13 00:00:00,,,VALSAD UPI/228659409339/Dunzo Digital Private Limited,97.0,0.0,,,,-1,
1642,29,2023-03-30 09:58:44.5814722,2022-10-15 00:00:00,,,VALSAD UPI/228898699711/Cash Free,0.0,292.0,,,,-1,
1643,29,2023-03-30 09:58:44.5814722,2022-10-15 00:00:00,,,VALSAD UPI/228898706792/Cash Free,0.0,335.0,,,,-1,
1644,29,2023-03-30 09:58:44.5814722,2022-10-17 00:00:00,,,VALSAD UPI/229066705233/Dunzo Digital Private Limited,130.0,0.0,,,,-1,
1645,29,2023-03-30 09:58:44.5814722,2022-10-17 00:00:00,,,VALSAD UPI/229046981004/Dunzo Digital Private Limited,0.0,130.0,,,,-1,
1646,29,2023-03-30 09:58:44.5814722,2022-10-22 00:00:00,,,VALSAD UPI/229594405416/DISHA RAJUBHAI NAGANI,200.0,0.0,,,,-1,
1647,29,2023-03-30 09:58:44.5814722,2022-10-29 00:00:00,,,VALSAD UPI/230272855450/Shrimad Rajchandra AdhyatmikSats,330.0,0.0,,,,-1,
1648,29,2023-03-30 09:58:44.5970937,2022-10-29 00:00:00,,,VALSAD Ret-UPI/230272855450/Shrimad RajchandraAdhyatmik,0.0,330.0,,,,-1,
1649,29,2023-03-30 09:58:44.5970937,2022-10-29 00:00:00,,,VALSAD UPI/230272865578/shrimad rajchandra adhyatmik s,330.0,0.0,,,,-1,
1650,29,2023-03-30 09:58:44.5970937,2022-10-30 00:00:00,,,VALSAD UPI/230396261728/BIG BASKET,303.29,0.0,,,,-1,
1651,29,2023-03-30 09:58:44.5970937,2022-11-02 00:00:00,,,VALSAD UPI/230684118749/KAJAL RAJESH MEHTA,1150.0,0.0,,,,-1,
1652,29,2023-03-30 09:58:44.5970937,2022-11-02 00:00:00,,,VALSAD UPI/230684198794/Mr CHELANA NAGINDASSHAH,1000.0,0.0,,,,-1,
1653,29,2023-03-30 09:58:44.5970937,2022-11-07 00:00:00,,,VALSAD SMS_CHARGE_FOR_JUL22_TO_SEP22,10.04,0.0,,,,-1,
1654,29,2023-03-30 09:58:44.5970937,2022-11-07 00:00:00,,,VALSAD UPI/231135956122/bigbasket,386.79,0.0,,,,-1,
1655,29,2023-03-30 09:58:44.5970937,2022-11-18 00:00:00,,,VALSAD UPI/232242404875/bigbasket,307.41,0.0,,,,-1,
1656,29,2023-03-30 09:58:44.5970937,2022-11-18 00:00:00,,,VALSAD UPI/232252201009/Swiggy,101.0,0.0,,,,-1,
1657,29,2023-03-30 09:58:44.5970937,2022-11-21 00:00:00,,,VALSAD UPI/232533086301/SWIGGYINSTAMART,141.0,0.0,,,,-1,
1658,29,2023-03-30 09:58:44.5970937,2022-11-22 00:00:00,,,VALSAD UPI/232664442118/SWIGGYINSTAMART,265.0,0.0,,,,-1,
1659,29,2023-03-30 09:58:44.5970937,2022-11-24 00:00:00,,,VALSAD UPI/232826613142/SWIGGYINSTAMART,387.0,0.0,,,,-1,
1660,29,2023-03-30 09:58:44.5970937,2022-11-27 00:00:00,,,VALSAD UPI/233110103813/Jio Mobility,2545.0,0.0,,,,-1,
1661,29,2023-03-30 09:58:44.6127877,2022-11-30 00:00:00,,,VALSAD UPI/233473515846/Shrimad Rajchandra AdhyatmikSats,1100.0,0.0,,,,-1,
1662,29,2023-03-30 09:58:44.6127877,2022-11-30 00:00:00,,,VALSAD UPI/233473701862/shrimad rajchandra adhyatmik s,500.0,0.0,,,,-1,
1663,29,2023-03-30 09:58:44.6127877,2022-12-02 00:00:00,,,VALSAD UPI/233660118979/Swiggy,283.0,0.0,,,,-1,
1664,29,2023-03-30 09:58:44.6127877,2022-12-02 00:00:00,,,VALSAD UPI/233664843844/Swiggy,0.0,19.0,,,,-1,
1665,29,2023-03-30 09:58:44.6127877,2022-12-08 00:00:00,,,VALSAD UPI/234253447502/bigbasket,269.59,0.0,,,,-1,
1666,29,2023-03-30 09:58:44.6127877,2022-12-10 00:00:00,,,VALSAD UPI/234410952452/bigbasket,251.82,0.0,,,,-1,
1667,29,2023-03-30 09:58:44.6127877,2022-12-19 00:00:00,,,VALSAD UPI/235330153466/SHRIMAD RAJCHANDRAPRASAD GRUH,356.0,0.0,,,,-1,
1668,29,2023-03-30 09:58:44.6127877,2022-12-19 00:00:00,,,VALSAD UPI/235332233998/shrimad rajchandra adhyatmik s,2580.0,0.0,,,,-1,
1669,29,2023-03-30 09:58:44.6127877,2022-12-19 00:00:00,,,VALSAD UPI/235332386024/shrimad rajchandra adhyatmik s,150.0,0.0,,,,-1,
1670,29,2023-03-30 09:58:44.6127877,2022-12-19 00:00:00,,,VALSAD UPI/235332811233/shrimad rajchandra adhyatmik s,360.0,0.0,,,,-1,
1671,29,2023-03-30 09:58:44.6127877,2022-12-24 00:00:00,,,VALSAD Int.:25-09-2022 To 24-12-2022,0.0,73.0,,,,-1,
1672,29,2023-03-30 09:58:44.6127877,2023-01-05 00:00:00,,,VALSAD UPI/300578888060/Swiggy,202.0,0.0,,,,-1,
1673,29,2023-03-30 09:58:44.6127877,2023-01-05 00:00:00,,,VALSAD UPI/300581083656/Swiggy,0.0,202.0,,,,-1,
1674,29,2023-03-30 09:58:44.6283369,2023-01-07 00:00:00,,,VALSAD UPI/300754495677/SWIGGYINSTAMART,157.0,0.0,,,,-1,
1675,29,2023-03-30 09:58:44.6283369,2023-01-13 00:00:00,,,VALSAD UPI/301345467004/Swiggy,405.0,0.0,,,,-1,
1676,29,2023-03-30 09:58:44.6283369,2023-01-14 00:00:00,,,VALSAD UPI/301468148241/bigbasket,295.78,0.0,,,,-1,
1677,29,2023-03-30 09:58:44.6283369,2023-01-17 00:00:00,,,VALSAD UPI/301758617846/Dunzo,179.0,0.0,,,,-1,
1678,29,2023-03-30 09:58:44.6283369,2023-01-17 00:00:00,,,VALSAD IMPS/301713091494/UNNATI PRA/KotakM/XX1305/TO IDB,0.0,10000.0,,,,-1,
1679,29,2023-03-30 09:58:44.6283369,2023-01-17 00:00:00,,,VALSAD UPI/301763958450/RONAK NARESHKUMARMODI,1500.0,0.0,,,,-1,
1680,29,2023-03-30 09:58:44.6283369,2023-01-18 00:00:00,,,VALSAD UPI/301820701722/bigbasket,331.5,0.0,,,,-1,
1681,29,2023-03-30 09:58:44.6283369,2023-01-22 00:00:00,,,VALSAD UPI/302239364914/Swiggy,544.0,0.0,,,,-1,
1682,29,2023-03-30 09:58:44.6283369,2023-01-25 00:00:00,s,,VALSAD UPI/302537067397/shrimad rajchandra adhyatmik,440.0,0.0,,,,-1,
1683,29,2023-03-30 09:58:44.6283369,2023-01-29 00:00:00,,,VALSAD UPI/302955246517/Dunzo,226.0,0.0,,,,-1,
1684,29,2023-03-30 09:58:44.6283369,2023-01-31 00:00:00,,,VALSAD UPI/303113201217/BBNOW,293.36,0.0,,,,-1,
1685,29,2023-03-30 09:58:44.6283369,2023-02-06 00:00:00,,,VALSAD UPI/303725355645/Swiggy,150.0,0.0,,,,-1,
1686,29,2023-03-30 09:58:44.6439625,2023-02-06 00:00:00,s,,VALSAD UPI/303750283175/shrimad rajchandra adhyatmik,1080.0,0.0,,,,-1,
1687,29,2023-03-30 09:58:44.6439625,2023-02-13 00:00:00,,,VALSAD UPI/304482313526/RAJUPHAAR,200.0,0.0,,,,-1,
1688,29,2023-03-30 09:58:44.6439625,2023-02-15 00:00:00,,,VALSAD UPI/304664160223/bigbasket,290.67,0.0,,,,-1,
1689,29,2023-03-30 09:58:44.6439625,2023-02-17 00:00:00,,,VALSAD UPI/304823467770/RAJESH MANOHAR KARLE,858.0,0.0,,,,-1,
1690,29,2023-03-30 09:58:44.6439625,2023-02-18 00:00:00,,,VALSAD UPI/304971577626/PANKTI DEEPAK CHHEDA,2040.0,0.0,,,,-1,
1691,29,2023-03-30 09:58:44.6439625,2023-02-19 00:00:00,,,VALSAD UPI/305018984670/Swiggy,186.0,0.0,,,,-1,
1692,29,2023-03-30 09:58:44.6439625,2023-02-20 00:00:00,,,VALSAD UPI/305169865995/Swiggy,0.0,49.0,,,,-1,
1693,29,2023-03-30 09:58:44.6439625,2023-02-23 00:00:00,,,VALSAD UPI/305439756539/SHREYA RAMESH SHAH,580.0,0.0,,,,-1,
1694,29,2023-03-30 09:58:44.6439625,2023-03-04 00:00:00,,,VALSAD SMS_CHARGE_FOR_OCT22_TO_DEC22,11.22,0.0,,,,-1,
1695,29,2023-03-30 09:58:44.6439625,2023-03-05 00:00:00,,,VALSAD UPI/306469300602/RAJESH MANOHAR KARLE,742.0,0.0,,,,-1,
1696,29,2023-03-30 09:58:44.6439625,2023-03-06 00:00:00,,,VALSAD UPI/306597603666/SWIGGYGENIE,100.0,0.0,,,,-1,
1697,29,2023-03-30 09:58:44.6439625,2023-03-09 00:00:00,,,VALSAD IMPS/306812417066/UNNATI PRA/KotakM/XX1305/TO IDB,0.0,10000.0,,,,-1,
1698,29,2023-03-30 09:58:44.6439625,2023-03-09 00:00:00,,,VALSAD UPI/306813075893/SWIGGY,1489.0,0.0,,,,-1,
1699,29,2023-03-30 09:58:44.6596353,2023-03-10 00:00:00,,,VALSAD UPI/306942661496/bigbasket,552.25,0.0,,,,-1,
1700,29,2023-03-30 09:58:44.6596353,2023-03-13 00:00:00,,,VALSAD UPI/307263187355/KAJAL RAJESH MEHTA,810.0,0.0,,,,-1,
1701,29,2023-03-30 09:58:44.6596353,2023-03-13 00:00:00,,,VALSAD UPI/307219281086/KAJAL RAJESH MEHTA,0.0,810.0,,,,-1,
1702,29,2023-03-30 09:58:44.6596353,2023-03-14 00:00:00,,,VALSAD UPI/307382561701/bigbasket,314.98,0.0,,,,-1,
1703,29,2023-03-30 09:58:44.6596353,2023-03-15 00:00:00,,,VALSAD UPI/307415731322/bigbasket,357.66,0.0,,,,-1,
1704,29,2023-03-30 09:58:44.6596353,2023-03-18 00:00:00,,,VALSAD UPI/307719674641/bigbasket,299.45,0.0,,,,-1,
1705,29,2023-03-30 09:58:44.6596353,2023-03-24 00:00:00,,,VALSAD ANNUAL_CARDFEE_403839******3227_MAR23,259.6,0.0,,,,-1,
1706,29,2023-03-30 09:58:44.6596353,2023-03-24 00:00:00,,,VALSAD IMPS/308322326431/UNNATI PRA/KotakM/XX1305/KKBKTr,0.0,10000.0,,,,-1,
1707,29,2023-03-30 09:58:44.6596353,2023-03-25 00:00:00,,,VALSAD Int.:25-12-2022 To 25-03-2023,0.0,34.0,,,,-1,
1708,29,2023-03-30 09:58:44.6596353,2023-03-26 00:00:00,,,VALSAD UPI/308568803468/SHRIMAD RAJCHANDRAPRASAD GRUH,151.0,0.0,,,,-1,
1709,30,2023-03-30 11:08:00.011939,2022-05-23 00:00:00,,,VALSAD SMS_CHARGE_FOR_JAN22_TO_MAR22,0.6,0.0,,,,-1,
1710,30,2023-03-30 11:08:00.011939,2022-05-24 00:00:00,,,VALSAD CHRG/IMPS/214420148170/PRAMESHSH/KKBK/XX6081/To p,5.9,0.0,,,,-1,
1711,30,2023-03-30 11:08:00.011939,2022-06-25 00:00:00,,,VALSAD Int.:27-03-2022 To 25-06-2022,0.0,13.0,,,,-1,
1712,30,2023-03-30 11:08:00.011939,2022-07-04 00:00:00,,,VALSAD UPI/218565178059/SAAHIL PRAMESH SHAH,5.0,0.0,,,,-1,
1713,30,2023-03-30 11:08:00.011939,2022-07-04 00:00:00,,,VALSAD NEFT-KKBKH22185964880-PRAMESH,0.0,5000.0,,,,-1,
1714,30,2023-03-30 11:08:00.011939,2022-07-07 00:00:00,,,VALSAD UPI/218826324751/Mr KANJI DEVJI SHIYANI,1680.0,0.0,,,,-1,
1715,30,2023-03-30 11:08:00.011939,2022-07-08 00:00:00,,,VALSAD UPI/218937864579/AMAZON SELLER SERVICESPRIVATE LI,279.0,0.0,,,,-1,
1716,30,2023-03-30 11:08:00.011939,2022-07-16 00:00:00,,,VALSAD UPI/219706603852/rajuphaar,45.0,0.0,,,,-1,
1717,30,2023-03-30 11:08:00.011939,2022-07-18 00:00:00,,,VALSAD UPI/219929775123/SANDESH MEGHNATHCHONKAR 93242660,560.0,0.0,,,,-1,
1718,30,2023-03-30 11:08:00.011939,2022-07-18 00:00:00,,,VALSAD UPI/219929791410/SANDESH MEGHNATHCHONKAR 93242660,30.0,0.0,,,,-1,
1719,30,2023-03-30 11:08:00.011939,2022-07-18 00:00:00,,,VALSAD UPI/219937905486/Swiggy,60.0,0.0,,,,-1,
1720,30,2023-03-30 11:08:00.0274982,2022-07-22 00:00:00,,,VALSAD SMS_CHARGE_FOR_APR22_TO_JUN22,0.89,0.0,,,,-1,
1721,30,2023-03-30 11:08:00.0274982,2022-07-29 00:00:00,,,VALSAD UPI/221041796100/SANDESH MEGHNATHCHONKAR 93242660,635.0,0.0,,,,-1,
1722,30,2023-03-30 11:08:00.0274982,2022-08-01 00:00:00,,,VALSAD UPI/221315498148/PRANAY ASHOK PANCHAL,94.0,0.0,,,,-1,
1723,30,2023-03-30 11:08:00.0274982,2022-08-04 00:00:00,,,VALSAD UPI/221691881404/shrimad rajchandra adhyatmik s,50.0,0.0,,,,-1,
1724,30,2023-03-30 11:08:00.0274982,2022-08-08 00:00:00,,,VALSAD UPI/222017295679/IRCTCC,221.8,0.0,,,,-1,
1725,30,2023-03-30 11:08:00.0274982,2022-08-09 00:00:00,,,VALSAD IMPS/222116547084/PRAMESH RA/KotakM/XX8720/PRS ID,0.0,5000.0,,,,-1,
1726,30,2023-03-30 11:08:00.0274982,2022-08-09 00:00:00,,,VALSAD UPI/222192381997/Shrimad Rajchandra AdhyatmikSats,1500.0,0.0,,,,-1,
1727,30,2023-03-30 11:08:00.0274982,2022-08-10 00:00:00,,,VALSAD UPI/222220651624/IRCTCC,0.0,90.0,,,,-1,
1728,30,2023-03-30 11:08:00.0274982,2022-08-11 00:00:00,,,VALSAD UPI/222326770377/rajuphaar,285.0,0.0,,,,-1,
1729,30,2023-03-30 11:08:00.0274982,2022-08-12 00:00:00,,,VALSAD UPI/222455445033/Mr AKASH SACHIN MORE,168.0,0.0,,,,-1,
1730,30,2023-03-30 11:08:00.0274982,2022-08-12 00:00:00,,,VALSAD UPI/222467992580/JioFiber,234.82,0.0,,,,-1,
1731,30,2023-03-30 11:08:00.0274982,2022-08-14 00:00:00,,,VALSAD UPI/222699114386/Rajuphaar,45.0,0.0,,,,-1,
1732,30,2023-03-30 11:08:00.0274982,2022-08-15 00:00:00,,,VALSAD UPI/222716859101/shrimad rajchandra adhyatmik s,1120.0,0.0,,,,-1,
1733,30,2023-03-30 11:08:00.0274982,2022-08-16 00:00:00,,,VALSAD UPI/222832282356/rajuphaar,45.0,0.0,,,,-1,
1734,30,2023-03-30 11:08:00.0431574,2022-08-16 00:00:00,,,VALSAD UPI/222839501168/RIDDHI MEDICAL AND G,120.0,0.0,,,,-1,
1735,30,2023-03-30 11:08:00.0431574,2022-08-17 00:00:00,,,VALSAD UPI/222950439503/rajuphaar,45.0,0.0,,,,-1,
1736,30,2023-03-30 11:08:00.0431574,2022-08-18 00:00:00,,,VALSAD UPI/223070777409/Rajuphaar,45.0,0.0,,,,-1,
1737,30,2023-03-30 11:08:00.0431574,2022-08-19 00:00:00,,,VALSAD UPI/223190618237/Rajuphaar,45.0,0.0,,,,-1,
1738,30,2023-03-30 11:08:00.0431574,2022-08-19 00:00:00,,,VALSAD UPI/223196869210/SHASHIKANT NATVARLALSHAH,500.0,0.0,,,,-1,
1739,30,2023-03-30 11:08:00.0431574,2022-08-20 00:00:00,,,VALSAD UPI/223217111749/Swiggy,60.0,0.0,,,,-1,
1740,30,2023-03-30 11:08:00.0431574,2022-08-22 00:00:00,,,VALSAD UPI/223457794832/GUPTA RAJU GIRISH,450.0,0.0,,,,-1,
1741,30,2023-03-30 11:08:00.0431574,2022-08-23 00:00:00,,,ETPC NEFT-KKBKH22235874499-PRAMESH,0.0,5000.0,,,,-1,
1742,30,2023-03-30 11:08:00.0431574,2022-08-23 00:00:00,,,VALSAD UPI/223575382619/Knew Electric Trading Co,3250.0,0.0,,,,-1,
1743,30,2023-03-30 11:08:00.0431574,2022-08-23 00:00:00,,,VALSAD UPI/223577305362/NIKLESH DINESHCHAURASIA,91.0,0.0,,,,-1,
1744,30,2023-03-30 11:08:00.0431574,2022-08-23 00:00:00,,,VALSAD UPI/223578451770/ANIL KUMAR YADAV,114.0,0.0,,,,-1,
1745,30,2023-03-30 11:08:00.0431574,2022-08-24 00:00:00,,,VALSAD UPI/223601406892/SHEFALI U SHAH,1005.0,0.0,,,,-1,
1746,30,2023-03-30 11:08:00.0431574,2022-08-24 00:00:00,,,VALSAD UPI/223631719295/GOOGLEPAY,0.0,6.0,,,,-1,
1747,30,2023-03-30 11:08:00.0587345,2022-08-26 00:00:00,,,VALSAD UPI/223843683947/AMAZON SELLER SERVICESPRIVATE LI,948.0,0.0,,,,-1,
1748,30,2023-03-30 11:08:00.0587345,2022-09-06 00:00:00,,,VALSAD UPI/224988305222/Happiness Services,480.0,0.0,,,,-1,
1749,30,2023-03-30 11:08:00.0587345,2022-09-06 00:00:00,,,VALSAD UPI/224993622380/RAHIL ABDUL REHMANSHAIKH,98.0,0.0,,,,-1,
1750,30,2023-03-30 11:08:00.0587345,2022-09-08 00:00:00,,,VALSAD IMPS/225115269683/PRAMESH RA/KotakM/XX8720/PRS ID,0.0,5000.0,,,,-1,
1751,30,2023-03-30 11:08:00.0587345,2022-09-08 00:00:00,,,VALSAD UPI/225133858260/DIVYARAJSINH AJITSINHJHALA,1000.0,0.0,,,,-1,
1752,30,2023-03-30 11:08:00.0587345,2022-09-08 00:00:00,,,VALSAD UPI/225134520186/DIVYARAJSINH AJITSINHJHALA,0.0,1000.0,,,,-1,
1753,30,2023-03-30 11:08:00.0587345,2022-09-12 00:00:00,,,VALSAD UPI/225520577799/Dunzo Digital Private Limited,110.0,0.0,,,,-1,
1754,30,2023-03-30 11:08:00.0587345,2022-09-12 00:00:00,,,VALSAD UPI/225523999833/NILESH RAMESH SUVARNA,184.0,0.0,,,,-1,
1755,30,2023-03-30 11:08:00.0587345,2022-09-12 00:00:00,,,VALSAD UPI/225534404096/Shrimad Rajchandra AdhyatmikSats,810.0,0.0,,,,-1,
1756,30,2023-03-30 11:08:00.0587345,2022-09-12 00:00:00,,,VALSAD UPI/225534531269/rajuphaar,440.0,0.0,,,,-1,
1757,30,2023-03-30 11:08:00.07441,2022-09-14 00:00:00,,,VALSAD UPI/225766652231/JioFiber,234.82,0.0,,,,-1,
1758,30,2023-03-30 11:08:00.07441,2022-09-16 00:00:00,,,VALSAD UPI/225924055884/SANDESH MEGHNATHCHONKAR 93242660,215.0,0.0,,,,-1,
1759,30,2023-03-30 11:08:00.07441,2022-09-19 00:00:00,,,ETPC NEFT-KKBKH22262986241-PRAMESH,0.0,5000.0,,,,-1,
1760,30,2023-03-30 11:08:00.07441,2022-09-19 00:00:00,,,VALSAD UPI/226285637709/Master RAHUL RAVINDRAMALI,67.0,0.0,,,,-1,
1761,30,2023-03-30 11:08:00.07441,2022-09-19 00:00:00,,,VALSAD UPI/226285691056/Mr. BABASAHEB ROHIDASZULUK,3900.0,0.0,,,,-1,
1762,30,2023-03-30 11:08:00.07441,2022-09-19 00:00:00,,,VALSAD UPI/226288240098/SWIGGYGENIE,140.0,0.0,,,,-1,
1763,30,2023-03-30 11:08:00.07441,2022-09-21 00:00:00,,,VALSAD UPI/226433526604/AMAZON SELLER SERVICESPRIVATE LI,576.0,0.0,,,,-1,
1764,30,2023-03-30 11:08:00.07441,2022-09-23 00:00:00,,,VALSAD UPI/226670089360/SHUBHAM                                            SHARMA,88.0,0.0,,,,-1,
1765,30,2023-03-30 11:08:00.07441,2022-09-24 00:00:00,,,VALSAD Int.:26-06-2022 To 24-09-2022,0.0,20.0,,,,-1,
1766,30,2023-03-30 11:08:00.07441,2022-09-24 00:00:00,,,VALSAD UPI/226787729973/VINAYAK SAMBHAJISHIPURKAR,60.0,0.0,,,,-1,
1767,30,2023-03-30 11:08:00.07441,2022-09-24 00:00:00,,,VALSAD UPI/226793662046/KANERI NITIN GANGADHAR,1000.0,0.0,,,,-1,
1768,30,2023-03-30 11:08:00.07441,2022-09-27 00:00:00,,,VALSAD UPI/227064306963/RAUF A KHAN,350.0,0.0,,,,-1,
1769,30,2023-03-30 11:08:00.07441,2022-10-14 00:00:00,,,VALSAD IMPS/228722281046/PRAMESH RA/KotakM/XX8720/PRS ID,0.0,5000.0,,,,-1,
1770,30,2023-03-30 11:08:00.07441,2022-10-14 00:00:00,,,VALSAD UPI/228772280267/GUPTA RAJU GIRISH,4000.0,0.0,,,,-1,
1771,30,2023-03-30 11:08:00.0899771,2022-10-18 00:00:00,,,VALSAD UPI/229144475530/shrimad rajchandra adhyatmik s,1060.0,0.0,,,,-1,
1772,30,2023-03-30 11:08:00.0899771,2022-10-18 00:00:00,,,VALSAD UPI/229144476280/shrimad rajchandra adhyatmik s,110.0,0.0,,,,-1,
1773,30,2023-03-30 11:08:00.0899771,2022-10-22 00:00:00,,,VALSAD UPI/229550874152/KANERI NITIN GANGADHAR,300.0,0.0,,,,-1,
1774,30,2023-03-30 11:08:00.0899771,2022-10-23 00:00:00,,,VALSAD UPI/229666612668/JioFiber,234.82,0.0,,,,-1,
1775,30,2023-03-30 11:08:00.0899771,2022-10-26 00:00:00,,,VALSAD UPI/229939973047/Shrimad Rajchandra AdhyatmikSats,560.0,0.0,,,,-1,
1776,30,2023-03-30 11:08:00.0899771,2022-10-26 00:00:00,,,VALSAD UPI/229940022599/shrimad rajchandra adhyatmik s,100.0,0.0,,,,-1,
1777,30,2023-03-30 11:08:00.0899771,2022-10-29 00:00:00,,,VALSAD UPI/230282258634/Shrimad Rajchandra AdhyatmikSats,330.0,0.0,,,,-1,
1778,30,2023-03-30 11:08:00.0899771,2022-10-29 00:00:00,,,VALSAD Ret-UPI/230282258634/Shrimad RajchandraAdhyatmik,0.0,330.0,,,,-1,
1779,30,2023-03-30 11:08:00.0899771,2022-10-29 00:00:00,,,VALSAD UPI/230282261670/Shrimad Rajchandra AdhyatmikSats,330.0,0.0,,,,-1,
1780,30,2023-03-30 11:08:00.0899771,2022-10-29 00:00:00,,,VALSAD Ret-UPI/230282261670/Shrimad RajchandraAdhyatmik,0.0,330.0,,,,-1,
1781,30,2023-03-30 11:08:00.0899771,2022-11-02 00:00:00,,,VALSAD IMPS/230611763292/PRAMESH RA/KotakM/XX8720/IDBI,0.0,5000.0,,,,-1,
1782,30,2023-03-30 11:08:00.0899771,2022-11-02 00:00:00,,,VALSAD UPI/230676208844/Nasruddin Imtiyaz Ali Sayyed,3000.0,0.0,,,,-1,
1783,30,2023-03-30 11:08:00.0899771,2022-11-03 00:00:00,,,VALSAD UPI/230709017767/JUNAID RAUF AHMEDQURESHI,85.0,0.0,,,,-1,
1784,30,2023-03-30 11:08:00.0899771,2022-11-03 00:00:00,,,VALSAD UPI/230715585512/SANDESH MEGHNATHCHONKAR 93242660,270.0,0.0,,,,-1,
1785,30,2023-03-30 11:08:00.1056502,2022-11-04 00:00:00,,,VALSAD SMS_CHARGE_FOR_JUL22_TO_SEP22,16.52,0.0,,,,-1,
1786,30,2023-03-30 11:08:00.1056502,2022-11-08 00:00:00,,,VALSAD UPI/231228986158/RELIANCE JIO INFOCOMM,234.82,0.0,,,,-1,
1787,30,2023-03-30 11:08:00.1056502,2022-11-08 00:00:00,,,VALSAD UPI/231346742304/shrimad rajchandra adhyatmik s,420.0,0.0,,,,-1,
1788,30,2023-03-30 11:08:00.1056502,2022-11-09 00:00:00,,,VALSAD UPI/231350123943/CHHAGANLAL PANDEY,150.0,0.0,,,,-1,
1789,30,2023-03-30 11:08:00.1056502,2022-11-09 00:00:00,,,VALSAD UPI/231359450223/shrimad rajchandra adhyatmik s,560.0,0.0,,,,-1,
1790,30,2023-03-30 11:08:00.1056502,2022-11-10 00:00:00,,,ETPC REVUPI/231359450223/091122,0.0,560.0,,,,-1,
1791,30,2023-03-30 11:08:00.1056502,2022-11-17 00:00:00,,,VALSAD UPI/232153093769/VRL LOGISTICS LTDMMBSVE,1200.0,0.0,,,,-1,
1792,30,2023-03-30 11:08:00.1056502,2022-12-07 00:00:00,,,VALSAD UPI/234143382860/SPK Financial Consultants LLP,117.0,0.0,,,,-1,
1793,30,2023-03-30 11:08:00.1056502,2022-12-07 00:00:00,,,VALSAD UPI/234151584806/SHRIMAD RAJCHANDRADIVINE PRODUCT,300.0,0.0,,,,-1,
1794,30,2023-03-30 11:08:00.1056502,2022-12-09 00:00:00,,,VALSAD UPI/234385607708/ANURAG KUMAR PAL,453.0,0.0,,,,-1,
1795,30,2023-03-30 11:08:00.1056502,2022-12-09 00:00:00,,,VALSAD IMPS/234314738527/PRAMESH RA/KotakM/XX8720/IDBI,0.0,5000.0,,,,-1,
1796,30,2023-03-30 11:08:00.1056502,2022-12-09 00:00:00,,,VALSAD UPI/234390031297/BUDHAVLE DATTATRAYNAMDEO,1700.0,0.0,,,,-1,
1797,30,2023-03-30 11:08:00.1056502,2022-12-10 00:00:00,,,VALSAD UPI/234419098351/Dunzo,60.0,0.0,,,,-1,
1798,30,2023-03-30 11:08:00.1212233,2022-12-10 00:00:00,,,VALSAD UPI/234427832931/Mr. SUNIL APPA UMASARE,900.0,0.0,,,,-1,
1799,30,2023-03-30 11:08:00.1212233,2022-12-11 00:00:00,,,VALSAD UPI/234552293034/SHRIMAD RAJCHANDRADIVINE PRODUCT,300.0,0.0,,,,-1,
1800,30,2023-03-30 11:08:00.1212233,2022-12-12 00:00:00,,,VALSAD IMPS/234608430040/PRAMESH RA/KotakM/XX8720/IDBI,0.0,5000.0,,,,-1,
1801,30,2023-03-30 11:08:00.1212233,2022-12-12 00:00:00,,,VALSAD UPI/234656200499/Mr. BABASAHEB ROHIDASZULUK,4150.0,0.0,,,,-1,
1802,30,2023-03-30 11:08:00.1212233,2022-12-12 00:00:00,,,VALSAD UPI/234667222739/CHHAGANLAL PANDEY,300.0,0.0,,,,-1,
1803,30,2023-03-30 11:08:00.1212233,2022-12-13 00:00:00,,,VALSAD UPI/234790144102/YOGESH PANDURANGAKHARE,320.0,0.0,,,,-1,
1804,30,2023-03-30 11:08:00.1212233,2022-12-15 00:00:00,,,VALSAD UPI/234928268184/SWIGGYGENIE,80.0,0.0,,,,-1,
1805,30,2023-03-30 11:08:00.1212233,2022-12-17 00:00:00,,,VALSAD UPI/235187884964/rajuphaar,810.0,0.0,,,,-1,
1806,30,2023-03-30 11:08:00.1212233,2022-12-17 00:00:00,,,VALSAD UPI/235188059640/shrimad rajchandra adhyatmik s,560.0,0.0,,,,-1,
1807,30,2023-03-30 11:08:00.1212233,2022-12-19 00:00:00,,,VALSAD UPI/235324104795/shrimad rajchandra adhyatmik s,90.0,0.0,,,,-1,
1808,30,2023-03-30 11:08:00.1212233,2022-12-19 00:00:00,,,VALSAD UPI/235334021419/BANDU NILU PATIL,350.0,0.0,,,,-1,
1809,30,2023-03-30 11:08:00.1212233,2022-12-19 00:00:00,,,VALSAD IMPS/235321444800/PRAMESH RA/KotakM/XX8720/TO PRS,0.0,10000.0,,,,-1,
1810,30,2023-03-30 11:08:00.1212233,2022-12-19 00:00:00,,,VALSAD UPI/235335752067/shrimad rajchandra adhyatmik s,1050.0,0.0,,,,-1,
1811,30,2023-03-30 11:08:00.1368429,2022-12-19 00:00:00,,,VALSAD UPI/235335844167/shrimad rajchandra adhyatmik s,7400.0,0.0,,,,-1,
1812,30,2023-03-30 11:08:00.1368429,2022-12-21 00:00:00,,,VALSAD UPI/235567592728/Mr KANJI DEVJI SHIYANI,1000.0,0.0,,,,-1,
1813,30,2023-03-30 11:08:00.1368429,2022-12-21 00:00:00,,,VALSAD IMPS/235517016916/PRAMESH RA/KotakM/XX8720/TO PRS,0.0,10000.0,,,,-1,
1814,30,2023-03-30 11:08:00.1368429,2022-12-21 00:00:00,,,VALSAD UPI/235575289344/DEEPAK GIRISHCHANDRA,1500.0,0.0,,,,-1,
1815,30,2023-03-30 11:08:00.1368429,2022-12-22 00:00:00,,,VALSAD UPI/235689953757/TAIDAD ALI                                           -,385.0,0.0,,,,-1,
1816,30,2023-03-30 11:08:00.1368429,2022-12-24 00:00:00,,,VALSAD Int.:25-09-2022 To 24-12-2022,0.0,17.0,,,,-1,
1817,30,2023-03-30 11:08:00.1368429,2022-12-26 00:00:00,,,VALSAD UPI/236081304120/JioFiber,234.82,0.0,,,,-1,
1818,30,2023-03-30 11:08:00.1368429,2023-01-06 00:00:00,,,VALSAD UPI/300647452868/Perfect Transport,504.0,0.0,,,,-1,
1819,30,2023-03-30 11:08:00.1368429,2023-01-11 00:00:00,,,VALSAD UPI/301172895251/SANDESH MEGHNATHCHONKAR 93242660,180.0,0.0,,,,-1,
1820,30,2023-03-30 11:08:00.1368429,2023-01-11 00:00:00,,,VALSAD UPI/301174387184/PRAVIN MOTIRAM BHOVAD,100.0,0.0,,,,-1,
1821,30,2023-03-30 11:08:00.1368429,2023-01-13 00:00:00,,,VALSAD UPI/301325841045/RAJESH ANANT ADVILKAR,83.0,0.0,,,,-1,
1822,30,2023-03-30 11:08:00.1368429,2023-01-20 00:00:00,,,VALSAD UPI/302072589851/Dunzo,60.0,0.0,,,,-1,
1823,30,2023-03-30 11:08:00.1368429,2023-01-20 00:00:00,,,VALSAD UPI/302078581694/AMBEDE DIPAK SHANKAR,150.0,0.0,,,,-1,
1824,30,2023-03-30 11:08:00.1368429,2023-01-21 00:00:00,,,VALSAD UPI/302102694432/Dunzo,75.0,0.0,,,,-1,
1825,30,2023-03-30 11:08:00.1525286,2023-01-21 00:00:00,,,VALSAD UPI/302108521439/PRAVIN MOTIRAM BHOVAD,300.0,0.0,,,,-1,
1826,30,2023-03-30 11:08:00.1525286,2023-01-24 00:00:00,,,VALSAD UPI/302478686043/GHANEKAR RAVINDRA KERU,1000.0,0.0,,,,-1,
1827,30,2023-03-30 11:08:00.1525286,2023-01-24 00:00:00,,,VALSAD UPI/302478731092/Mr. KAILAS MAHADEV PATIL,1000.0,0.0,,,,-1,
1828,30,2023-03-30 11:08:00.1525286,2023-01-25 00:00:00,,,VALSAD UPI/302500563992/JioFiber,234.82,0.0,,,,-1,
1829,30,2023-03-30 11:08:00.1525286,2023-01-27 00:00:00,,,VALSAD UPI/302734209312/Dunzo,135.0,0.0,,,,-1,
1830,30,2023-03-30 11:08:00.1525286,2023-01-27 00:00:00,,,VALSAD UPI/339200742816/Dunzo,0.0,135.0,,,,-1,
1831,30,2023-03-30 11:08:00.1525286,2023-01-27 00:00:00,,,VALSAD UPI/302736678730/Anand Gopal Dhangar,106.0,0.0,,,,-1,
1832,30,2023-03-30 11:08:00.1525286,2023-01-27 00:00:00,,,VALSAD UPI/302736735196/Dunzo Digital Private Limited,210.0,0.0,,,,-1,
1833,30,2023-03-30 11:08:00.1525286,2023-01-31 00:00:00,,,VALSAD UPI/303123742663/SONAFINE CORPORATIONPRIVATE LIMI,1680.0,0.0,,,,-1,
1834,30,2023-03-30 11:08:00.1525286,2023-01-31 00:00:00,,,VALSAD UPI/303116406212/GOOGLEPAY,0.0,15.0,,,,-1,
1835,30,2023-03-30 11:08:00.1525286,2023-01-31 00:00:00,,,VALSAD UPI/303129027741/Dunzo,60.0,0.0,,,,-1,
1836,30,2023-03-30 11:08:00.1525286,2023-02-03 00:00:00,,,ETPC NEFT-KKBKH23034722338-CREATIVE,0.0,1680.0,,,,-1,
1837,30,2023-03-30 11:08:00.1525286,2023-02-04 00:00:00,,,VALSAD UPI/303557240206/Dunzo,75.0,0.0,,,,-1,
1838,30,2023-03-30 11:08:00.1680889,2023-02-07 00:00:00,,,VALSAD UPI/303883201684/JioFiber,234.82,0.0,,,,-1,
1839,30,2023-03-30 11:08:00.1680889,2023-02-10 00:00:00,,,VALSAD UPI/304170290278/SRMD,55.0,0.0,,,,-1,
1840,30,2023-03-30 11:08:00.1680889,2023-02-13 00:00:00,,,VALSAD UPI/304418902839/Shrimad Rajchandra AdhyatmikSats,560.0,0.0,,,,-1,
1841,30,2023-03-30 11:08:00.1680889,2023-02-14 00:00:00,,,VALSAD UPI/304550263012/Dunzo,120.0,0.0,,,,-1,
1842,30,2023-03-30 11:08:00.1680889,2023-02-14 00:00:00,,,VALSAD UPI/304551265537/SWAPNIL DATTARAMGORIVALE,80.0,0.0,,,,-1,
1843,30,2023-03-30 11:08:00.1680889,2023-02-14 00:00:00,,,VALSAD UPI/304554227194/Dunzo,0.0,120.0,,,,-1,
1844,30,2023-03-30 11:08:00.1680889,2023-02-18 00:00:00,,,VALSAD UPI/304949879942/MORE CHANDRASHEKHARDATTARAM,2100.0,0.0,,,,-1,
1845,30,2023-03-30 11:08:00.1680889,2023-02-20 00:00:00,,,VALSAD UPI/305189978772/Dunzo,75.0,0.0,,,,-1,
1846,30,2023-03-30 11:08:00.1680889,2023-02-20 00:00:00,,,VALSAD UPI/305190017154/AMBEDE DIPAK SHANKAR,200.0,0.0,,,,-1,
1847,30,2023-03-30 11:08:00.1680889,2023-02-27 00:00:00,,,VALSAD UPI/305836901830/DHARMRAJ JAISWAL,350.0,0.0,,,,-1,
1848,30,2023-03-30 11:08:00.1837798,2023-02-27 00:00:00,,,VALSAD UPI/305839159197/Mr SANTOSH TANAJI PATIL,650.0,0.0,,,,-1,
1849,30,2023-03-30 11:08:00.1837798,2023-02-27 00:00:00,,,VALSAD UPI/305841039453/SANDESH MEGHNATHCHONKAR 93242660,180.0,0.0,,,,-1,
1850,30,2023-03-30 11:08:00.1837798,2023-03-01 00:00:00,,,VALSAD UPI/306085935941/GURUPRASAD VITTHALDEVADIGA VITTH,105.0,0.0,,,,-1,
1851,30,2023-03-30 11:08:00.1837798,2023-03-01 00:00:00,,,VALSAD IMPS/306017620899/PRAMESH RA/KotakM/XX8720/TO PRS,0.0,5000.0,,,,-1,
1852,30,2023-03-30 11:08:00.1837798,2023-03-01 00:00:00,,,VALSAD UPI/306086267094/GURUPRASAD VITTHALDEVADIGA VITTH,105.0,0.0,,,,-1,
1853,30,2023-03-30 11:08:00.1837798,2023-03-02 00:00:00,,,VALSAD UPI/306107179358/VIJENDRA YADAVHARIBHUWAN YADAV,1240.0,0.0,,,,-1,
1854,30,2023-03-30 11:08:00.1837798,2023-03-02 00:00:00,,,ETPC REV UPI/306085935941/01032023,0.0,105.0,,,,-1,
1855,30,2023-03-30 11:08:00.1837798,2023-03-03 00:00:00,,,VALSAD UPI/306236809176/VIKRAM,500.0,0.0,,,,-1,
1856,30,2023-03-30 11:08:00.1837798,2023-03-04 00:00:00,,,VALSAD UPI/306331706149/WARESHI SANDEEP GOVIND,1800.0,0.0,,,,-1,
1857,30,2023-03-30 11:08:00.1837798,2023-03-04 00:00:00,,,VALSAD IMPS/306314609393/PRAMESH RA/KotakM/XX8720/TO PRS,0.0,10000.0,,,,-1,
1858,30,2023-03-30 11:08:00.1837798,2023-03-04 00:00:00,,,VALSAD UPI/342902551849/SAMARTH PRINTCOM,4800.0,0.0,,,,-1,
1859,30,2023-03-30 11:08:00.1837798,2023-03-06 00:00:00,,,VALSAD UPI/306574639372/Dunzo,120.0,0.0,,,,-1,
1860,30,2023-03-30 11:08:00.1837798,2023-03-06 00:00:00,,,VALSAD UPI/306517280766/Dunzo,0.0,120.0,,,,-1,
1861,30,2023-03-30 11:08:00.1993271,2023-03-08 00:00:00,,,VALSAD UPI/306725848525/Vipin Kumar Yadav,66.0,0.0,,,,-1,
1862,30,2023-03-30 11:08:00.1993271,2023-03-09 00:00:00,,,VALSAD SMS_CHARGE_FOR_OCT22_TO_DEC22,14.16,0.0,,,,-1,
1863,30,2023-03-30 11:08:00.1993271,2023-03-15 00:00:00,,,VALSAD UPI/307484702076/Mr SANTOSH TANAJI PATIL,600.0,0.0,,,,-1,
1864,30,2023-03-30 11:08:00.1993271,2023-03-18 00:00:00,,,VALSAD UPI/307738052819/DINESH KUMAR LAYAKRAMVARMA,600.0,0.0,,,,-1,
1865,30,2023-03-30 11:08:00.1993271,2023-03-18 00:00:00,,,VALSAD UPI/307745000505/Mr ATUL ASHOK KURAL,551.0,0.0,,,,-1,
1866,30,2023-03-30 11:08:00.1993271,2023-03-18 00:00:00,,,VALSAD UPI/307745286353/Dunzo,65.0,0.0,,,,-1,
1867,30,2023-03-30 11:08:00.1993271,2023-03-18 00:00:00,,,VALSAD UPI/307745391066/SWIGGYGENIE,95.0,0.0,,,,-1,
1868,30,2023-03-30 11:08:00.1993271,2023-03-18 00:00:00,,,VALSAD UPI/307745082372/Dunzo,0.0,65.0,,,,-1,
1869,30,2023-03-30 11:08:00.1993271,2023-03-18 00:00:00,,,VALSAD UPI/307746335037/SANJAY RAMVISHAL MISHRA,3500.0,0.0,,,,-1,
1870,30,2023-03-30 11:08:00.1993271,2023-03-21 00:00:00,,,VALSAD IMPS/308009759741/PRAMESH RA/KotakM/XX8720/TO PRS,0.0,10000.0,,,,-1,
1871,30,2023-03-30 11:08:00.1993271,2023-03-21 00:00:00,,,VALSAD UPI/308000351104/Shrimad Rajchandra AdhyatmikSats,1600.0,0.0,,,,-1,
1872,30,2023-03-30 11:08:00.1993271,2023-03-21 00:00:00,,,VALSAD UPI/308003967814/JioFiber,234.82,0.0,,,,-1,
1873,30,2023-03-30 11:08:00.1993271,2023-03-21 00:00:00,,,VALSAD UPI/308012683022/SHRIMAD RAJCHANDRADIVINE PRODUCT,250.0,0.0,,,,-1,
1874,30,2023-03-30 11:08:00.1993271,2023-03-21 00:00:00,,,VALSAD UPI/308013422502/NIMESH SURENDRA MEHTA,500.0,0.0,,,,-1,
1875,30,2023-03-30 11:08:00.2149504,2023-03-24 00:00:00,,,VALSAD ANNUAL_CARDFEE_403839******3219_MAR23,259.6,0.0,,,,-1,
1876,30,2023-03-30 11:08:00.2149504,2023-03-25 00:00:00,,,VALSAD Int.:25-12-2022 To 25-03-2023,0.0,43.0,,,,-1,
1877,30,2023-03-30 11:08:00.2149504,2023-03-27 00:00:00,,,VALSAD UPI/308632060087/Shrimad Rajchandra AdhyatmikSats,320.0,0.0,,,,-1,
1878,31,2023-03-31 09:44:12.611225,2022-05-23 00:00:00,,,VALSAD SMS_CHARGE_FOR_JAN22_TO_MAR22,0.6,0.0,,,,-1,
1879,31,2023-03-31 09:44:12.611225,2022-06-25 00:00:00,,,VALSAD Int.:27-03-2022 To 25-06-2022,0.0,14.0,,,,-1,
1880,31,2023-03-31 09:44:12.611225,2022-07-04 00:00:00,,,VALSAD UPI/218513533860/PRAMESH RAJENDRA SHAH,5.0,0.0,,,,-1,
1881,31,2023-03-31 09:44:12.611225,2022-07-04 00:00:00,,,VALSAD UPI/218564998973/PRAMESH RAJENDRA SHAH,0.0,5.0,,,,-1,
1882,31,2023-03-31 09:44:12.611225,2022-07-04 00:00:00,,,VALSAD IMPS/218521017729/SAAHIL                                          SH/KotakM/XX2001/TO SPS,0.0,1000.0,,,,-1,
1883,31,2023-03-31 09:44:12.611225,2022-07-04 00:00:00,,,VALSAD UPI/218565178059/PRAMESH RAJENDRA SHAH,0.0,5.0,,,,-1,
1884,31,2023-03-31 09:44:12.611225,2022-07-04 00:00:00,,,VALSAD UPI/218513979943/UNNATI PRAMESH SHAH,0.0,5.0,,,,-1,
1885,31,2023-03-31 09:44:12.611225,2022-07-06 00:00:00,,,VALSAD UPI/218741774145/PRASHANT MADHUKARSHETYE,85.0,0.0,,,,-1,
1886,31,2023-03-31 09:44:12.6267848,2022-07-09 00:00:00,,,VALSAD UPI/219016308815/SHANKARAPPA SHIVANNAKURE,40.0,0.0,,,,-1,
1887,31,2023-03-31 09:44:12.6267848,2022-07-11 00:00:00,,,VALSAD UPI/219209042713/KAJAL RAJESH MEHTA,0.0,11000.0,,,,-1,
1888,31,2023-03-31 09:44:12.6267848,2022-07-14 00:00:00,,,VALSAD IMPS/219513656616/SAAHIL                                          SH/KotakM/XX2001/,0.0,100.0,,,,-1,
1889,31,2023-03-31 09:44:12.6267848,2022-07-14 00:00:00,,,VALSAD IMPS/219513658782/SAAHIL                                          SH/KotakM/XX2001/TO SPS,0.0,4900.0,,,,-1,
1890,31,2023-03-31 09:44:12.6267848,2022-07-14 00:00:00,,,VALSAD UPI/219530626103/Swiggy,117.0,0.0,,,,-1,
1891,31,2023-03-31 09:44:12.6267848,2022-07-14 00:00:00,,,VALSAD UPI/219534939836/Swiggy,60.0,0.0,,,,-1,
1892,31,2023-03-31 09:44:12.6267848,2022-07-14 00:00:00,,,VALSAD UPI/219574501324/Swiggy,0.0,60.0,,,,-1,
1893,31,2023-03-31 09:44:12.6267848,2022-07-15 00:00:00,,,VALSAD UPI/219650400196/Rakhangi s 7 LLP,550.0,0.0,,,,-1,
1894,31,2023-03-31 09:44:12.6267848,2022-07-15 00:00:00,,,VALSAD UPI/219656833327/Swiggy,100.0,0.0,,,,-1,
1895,31,2023-03-31 09:44:12.6368664,2022-07-15 00:00:00,,,VALSAD UPI/219676757993/Swiggy,0.0,100.0,,,,-1,
1896,31,2023-03-31 09:44:12.6368664,2022-07-15 00:00:00,,,VALSAD UPI/219658635653/KHAWAJA MOINUDDINSHAIKH,100.0,0.0,,,,-1,
1897,31,2023-03-31 09:44:12.6368664,2022-07-16 00:00:00,,,VALSAD UPI/219772725667/SHRIMAD RAJCHANDRAPRASAD GRUH,210.0,0.0,,,,-1,
1898,31,2023-03-31 09:44:12.6368664,2022-07-16 00:00:00,,,VALSAD UPI/219778030503/SHRIMAD RAJCHANDRAPRASAD GRUH,30.0,0.0,,,,-1,
1899,31,2023-03-31 09:44:12.6368664,2022-07-17 00:00:00,,,VALSAD UPI/219897110511/SHRIMAD RAJCHANDRAPRASAD GRUH,80.0,0.0,,,,-1,
1900,31,2023-03-31 09:44:12.6429656,2022-07-17 00:00:00,,,VALSAD UPI/219897206149/SHRIMAD RAJCHANDRAPRASAD GRUH,10.0,0.0,,,,-1,
1901,31,2023-03-31 09:44:12.6429656,2022-07-19 00:00:00,,,VALSAD UPI/220036834471/GAURAV VILAS DESHMANE,376.0,0.0,,,,-1,
1902,31,2023-03-31 09:44:12.6429656,2022-07-21 00:00:00,,,VALSAD UPI/220282514765/Swiggy,60.0,0.0,,,,-1,
1903,31,2023-03-31 09:44:12.6429656,2022-07-22 00:00:00,,,VALSAD SMS_CHARGE_FOR_APR22_TO_JUN22,0.6,0.0,,,,-1,
1904,31,2023-03-31 09:44:12.6429656,2022-07-22 00:00:00,,,VALSAD UPI/220397488431/SAIL SUSHIL CHINTAMANI,400.0,0.0,,,,-1,
1905,31,2023-03-31 09:44:12.6429656,2022-07-22 00:00:00,,,VALSAD UPI/220398831526/SURAJ KAMLESH JAISWAR,121.0,0.0,,,,-1,
1906,31,2023-03-31 09:44:12.6429656,2022-07-23 00:00:00,,,VALSAD UPI/220430506011/BINGI MAHARSHI,118.0,0.0,,,,-1,
1907,31,2023-03-31 09:44:12.6429656,2022-07-24 00:00:00,,,VALSAD UPI/220556848994/BHUPATI SRINIVASAN BOIR,777.0,0.0,,,,-1,
1908,31,2023-03-31 09:44:12.6429656,2022-07-25 00:00:00,,,VALSAD UPI/220667819741/new kmpala service statio,1500.0,0.0,,,,-1,
1909,31,2023-03-31 09:44:12.6429656,2022-07-30 00:00:00,,,VALSAD UPI/221177864140/YASH BECHAR CHAMARIYA,500.0,0.0,,,,-1,
1910,31,2023-03-31 09:44:12.6429656,2022-07-30 00:00:00,,,VALSAD UPI/221179121280/GOOGLEPAY,0.0,3.0,,,,-1,
1911,31,2023-03-31 09:44:12.6429656,2022-07-30 00:00:00,,,VALSAD UPI/221180457294/Swiggy,60.0,0.0,,,,-1,
1912,31,2023-03-31 09:44:12.6585903,2022-08-01 00:00:00,,,VALSAD UPI/221334578839/KIRAN KANJI VORA,1370.0,0.0,,,,-1,
1913,31,2023-03-31 09:44:12.6585903,2022-08-01 00:00:00,,,VALSAD UPI/221334593620/GOOGLEPAY,0.0,3.0,,,,-1,
1914,31,2023-03-31 09:44:12.6585903,2022-08-03 00:00:00,,,VALSAD IMPS/221518200884/SAAHIL                                          SH/KotakM/XX2001/TO SPS,0.0,5000.0,,,,-1,
1915,31,2023-03-31 09:44:12.6585903,2022-08-03 00:00:00,,,VALSAD UPI/221502092123/Swiggy,60.0,0.0,,,,-1,
1916,31,2023-03-31 09:44:12.6585903,2022-08-04 00:00:00,,,VALSAD UPI/221684839382/YOGESH PANDURANGAKHARE,600.0,0.0,,,,-1,
1917,31,2023-03-31 09:44:12.6585903,2022-08-06 00:00:00,,,VALSAD UPI/221843948289/Swiggy,60.0,0.0,,,,-1,
1918,31,2023-03-31 09:44:12.6585903,2022-08-08 00:00:00,,,VALSAD UPI/222079468645/KANERI NITIN GANGADHAR,2000.0,0.0,,,,-1,
1919,31,2023-03-31 09:44:12.6585903,2022-08-08 00:00:00,,,VALSAD UPI/222080250563/CHHAGANLAL PANDEY,450.0,0.0,,,,-1,
1920,31,2023-03-31 09:44:12.6585903,2022-08-10 00:00:00,,,VALSAD UPI/222260178070/KAJAL RAJESH MEHTA,0.0,1000.0,,,,-1,
1921,31,2023-03-31 09:44:12.6585903,2022-08-10 00:00:00,,,VALSAD UPI/222230817469/KAJAL RAJESH MEHTA,1150.0,0.0,,,,-1,
1922,31,2023-03-31 09:44:12.6585903,2022-08-12 00:00:00,,,VALSAD UPI/222468189393/SAIL SUSHIL CHINTAMANI,190.0,0.0,,,,-1,
1923,31,2023-03-31 09:44:12.6585903,2022-08-12 00:00:00,,,VALSAD Ret-UPI/222468189393/SAIL SUSHILCHINTAMANI,0.0,190.0,,,,-1,
1924,31,2023-03-31 09:44:12.6585903,2022-08-17 00:00:00,,,VALSAD UPI/222976122262/MOHSIN SHAMSUDDINSHAIKH,4950.0,0.0,,,,-1,
1925,31,2023-03-31 09:44:12.6742114,2022-08-19 00:00:00,,,VALSAD UPI/223136762287/MyGlamm,99.0,0.0,,,,-1,
1926,31,2023-03-31 09:44:12.6742114,2022-08-19 00:00:00,,,VALSAD UPI/223137009192/MyGlamm,270.0,0.0,,,,-1,
1927,31,2023-03-31 09:44:12.6742114,2022-08-21 00:00:00,,,VALSAD UPI/223373110296/GOOGLEPAY,0.0,3.0,,,,-1,
1928,31,2023-03-31 09:44:12.6742114,2022-08-25 00:00:00,,,VALSAD UPI/223743424904/SAIL SUSHIL CHINTAMANI,220.0,0.0,,,,-1,
1929,31,2023-03-31 09:44:12.6742114,2022-08-25 00:00:00,,,VALSAD UPI/223747957426/MORE TANVI UMESH,50.0,0.0,,,,-1,
1930,31,2023-03-31 09:44:12.6742114,2022-08-25 00:00:00,,,VALSAD UPI/223748002258/BANDU NILU PATIL,300.0,0.0,,,,-1,
1931,31,2023-03-31 09:44:12.6742114,2022-08-26 00:00:00,,,VALSAD IMPS/223812804673/SAAHIL                                          SH/KotakM/XX2001/TO SPS,0.0,5000.0,,,,-1,
1932,31,2023-03-31 09:44:12.6742114,2022-08-26 00:00:00,,,VALSAD UPI/223862828042/JAYANT MANSUKHALAL MER,1400.0,0.0,,,,-1,
1933,31,2023-03-31 09:44:12.6742114,2022-08-27 00:00:00,,,VALSAD UPI/223995005188/GAURAV RAVINDRA YADAV,70.0,0.0,,,,-1,
1934,31,2023-03-31 09:44:12.6742114,2022-09-01 00:00:00,,,VALSAD UPI/224490159393/RAHUL MAHAVIR NAYAK,75.0,0.0,,,,-1,
1935,31,2023-03-31 09:44:12.6742114,2022-09-06 00:00:00,,,VALSAD UPI/224929710774/KAJAL RAJESH MEHTA,0.0,11000.0,,,,-1,
1936,31,2023-03-31 09:44:12.6898322,2022-09-12 00:00:00,,,VALSAD UPI/225573235075/SAIL SUSHIL CHINTAMANI,260.0,0.0,,,,-1,
1937,31,2023-03-31 09:44:12.705459,2022-09-29 00:00:00,,,VALSAD UPI/227294720122/SAIL SUSHIL CHINTAMANI,180.0,0.0,,,,-1,
1938,31,2023-03-31 09:44:12.7210812,2022-10-12 00:00:00,,,VALSAD UPI/228547346716/SAIL SUSHIL CHINTAMANI,160.0,0.0,,,,-1,
1939,31,2023-03-31 09:44:12.7527082,2022-11-01 00:00:00,,,VALSAD UPI/230555438063/BANDU NILU PATIL,300.0,0.0,,,,-1,
1940,31,2023-03-31 09:44:12.7683557,2022-11-01 00:00:00,,,VALSAD UPI/230576027403/SAIL SUSHIL CHINTAMANI,230.0,0.0,,,,-1,
1941,31,2023-03-31 09:44:12.7683557,2022-11-05 00:00:00,,,VALSAD IMPS/230917211658/SAAHIL                                          SH/KotakM/XX2001/TO SPS,0.0,5000.0,,,,-1,
1942,31,2023-03-31 09:44:12.7839547,2022-11-18 00:00:00,,,VALSAD IMPS/232217825320/SAAHIL                                          SH/KotakM/XX2001/TO SPS,0.0,5000.0,,,,-1,
1943,31,2023-03-31 09:44:12.7996177,2022-11-25 00:00:00,,,VALSAD UPI/232941371328/SAIL SUSHIL CHINTAMANI,190.0,0.0,,,,-1,
1944,31,2023-03-31 09:44:12.7996177,2022-11-29 00:00:00,,,VALSAD UPI/233358441708/MORE TANVI UMESH,300.0,0.0,,,,-1,
1945,31,2023-03-31 09:44:12.8152486,2022-11-30 00:00:00,,,VALSAD IMPS/233410369011/SAAHIL                                          SH/KotakM/XX2001/TO SPS,0.0,5000.0,,,,-1,
1946,31,2023-03-31 09:44:12.8152486,2022-11-30 00:00:00,,,VALSAD UPI/233480560988/RAVI AUTO SERVICES,1500.0,0.0,,,,-1,
1947,31,2023-03-31 09:44:12.8308236,2022-12-20 00:00:00,,,VALSAD UPI/235453181849/SAIL SUSHIL CHINTAMANI,140.0,0.0,,,,-1,
1948,31,2023-03-31 09:44:12.8308236,2022-12-23 00:00:00,,,VALSAD UPI/235741896258/SHRIMAD RAJCHANDRAASHRAM,60.0,0.0,,,,-1,
1949,31,2023-03-31 09:44:12.8373284,2023-01-14 00:00:00,,,VALSAD IMPS/301414925672/SAAHIL                                          SH/KotakM/XX2001/TO SPS,0.0,5000.0,,,,-1,
1950,31,2023-03-31 09:44:12.8468581,2023-02-01 00:00:00,,,VALSAD IMPS/303214337532/SAAHIL                                          SH/KotakM/XX2001/TO SPS,0.0,5000.0,,,,-1,
1951,31,2023-03-31 09:44:12.8781948,2023-03-07 00:00:00,,,VALSAD UPI/306649392386/SHIV ENTERPRISE,147.0,0.0,,,,-1,
1952,31,2023-03-31 09:44:12.8781948,2023-03-09 00:00:00,,,VALSAD SMS_CHARGE_FOR_OCT22_TO_DEC22,31.86,0.0,,,,-1,
1953,31,2023-03-31 09:44:12.8781948,2023-03-11 00:00:00,,,VALSAD UPI/307096881968/Naturals Worli,80.0,0.0,,,,-1,
1954,31,2023-03-31 09:44:12.8781948,2023-03-15 00:00:00,,,VALSAD IMPS/307418502973/SAAHIL                                          SH/KotakM/XX2001/TO SPS,0.0,5000.0,,,,-1,
1955,31,2023-03-31 09:44:12.8781948,2023-03-15 00:00:00,,,VALSAD UPI/307428122108/Mr NARENDRA MANOHARTHAKUR,641.0,0.0,,,,-1,
1956,31,2023-03-31 09:44:12.8781948,2023-03-16 00:00:00,,,VALSAD UPI/307551261257/PRBU RAM SHARAN,130.0,0.0,,,,-1,
1957,31,2023-03-31 09:44:12.8781948,2023-03-17 00:00:00,,,VALSAD UPI/307688872157/SURAJ SANGHI SERVICE,1000.0,0.0,,,,-1,
1958,31,2023-03-31 09:44:12.8781948,2023-03-17 00:00:00,,,VALSAD UPI/307689262776/SURAJ SANGHI SERVICE,600.0,0.0,,,,-1,
1959,31,2023-03-31 09:44:12.8781948,2023-03-21 00:00:00,,,VALSAD UPI/308095582451/ANZAR SHAKEEL AHMEDANSARI,50.0,0.0,,,,-1,
1960,31,2023-03-31 09:44:12.8937261,2023-03-21 00:00:00,,,VALSAD UPI/308013188591/SALMAN ANSARI,123.0,0.0,,,,-1,
1961,31,2023-03-31 09:44:12.8937261,2023-03-23 00:00:00,,,VALSAD UPI/308264313696/SUPER SERVICE STATION,1500.0,0.0,,,,-1,
1962,31,2023-03-31 09:44:12.8937261,2023-03-24 00:00:00,,,VALSAD ANNUAL_CARDFEE_403839******1964_MAR23,259.6,0.0,,,,-1,
1963,31,2023-03-31 09:44:12.8937261,2023-03-24 00:00:00,,,VALSAD UPI/308393867724/ANIL DAGDU MANE,108.0,0.0,,,,-1,
1964,31,2023-03-31 09:44:12.8937261,2023-03-24 00:00:00,,,VALSAD UPI/308394904636/MAHESH SHYAM SAROJ,160.0,0.0,,,,-1,
1965,31,2023-03-31 09:44:12.8937261,2023-03-24 00:00:00,,,VALSAD UPI/308315510794/PRAVIN MOTIRAM BHOVAD,300.0,0.0,,,,-1,
1966,31,2023-03-31 09:44:12.8937261,2023-03-25 00:00:00,,,VALSAD Int.:25-12-2022 To 25-03-2023,0.0,20.0,,,,-1,
1967,31,2023-03-31 09:44:12.8937261,2023-03-28 00:00:00,,,VALSAD UPI/308729769579/MOHAMMED TOSIF,135.0,0.0,,,,-1,
1968,31,2023-03-31 09:44:12.8937261,2023-03-29 00:00:00,,,VALSAD UPI/308860629954/SHIV SHANKAR GUPTA SODUKHI GUPTA,250.0,0.0,,,,-1,
1969,31,2023-03-31 09:44:12.8937261,2023-03-29 00:00:00,,,VALSAD UPI/308889527628/KRISHNA YASH VORA JT1,0.0,160.0,,,,-1,
1970,29,2023-05-24 11:54:22.4098834,2023-04-28 00:00:00,311818020422,,Recd:IMPS/311818257189/Amazon,0.0,249.0,,,,-1,
1971,29,2023-05-24 11:54:22.425437,2023-04-29 00:00:00,MB-998903644309,,MB:RECEIVED FROM CREATIVEPACKAGING/TO UNNATI K,0.0,190000.0,,,,-1,
1972,29,2023-05-24 11:54:22.425437,2023-05-03 00:00:00,GBM-0025387513,,SPAY 0012599783 PAY,33000.0,0.0,,,,-1,
1973,30,2023-05-24 11:57:49.0738786,2023-05-04 00:00:00,KPG-0188171485,,PG INSURANCE 3 Y LIBERTY GENERAL INSU,28610.0,0.0,,,,-1,
1974,30,2023-05-24 11:57:49.0738786,2023-05-05 00:00:00,KPG-0188237890,,PG R K GLOBAL RKGLOBAL SHARES AND,50000.0,0.0,,,,-1,
1975,30,2023-05-24 11:57:49.0738786,2023-05-11 00:00:00,0589952031,,NEFT IN1ON23051100Q2K MIRAE ASSET,0.0,116.82,,,,-1,
1976,30,2023-05-24 11:57:49.0738786,2023-05-19 00:00:00,MB-998892339411,,MB:RECEIVED FROM CREATIVEENTERPRISE/TO PRS K,0.0,400000.0,,,,-1,
1977,30,2023-05-24 11:57:49.0738786,2023-05-22 00:00:00,EBPP-0423765909,,AP:BILLPAY FOR MIRAEASSETMF0423765909,2500.0,0.0,,,,-1,
1978,31,2023-05-24 12:21:09.9004082,2023-04-21 00:00:00,UPI-311139501186,,UPI/CREDPAYDUNZO/347791686789/payment on CRED,77.0,0.0,,,,-1,
1979,31,2023-05-24 12:21:09.9004082,2023-04-25 00:00:00,0581302330,,NEFT N115232431445166 SMC GLOBAL,0.0,824.47,,,,-1,
1980,31,2023-05-24 12:21:09.9004082,2023-04-26 00:00:00,UPI-311654093291,,UPI/CREDPAYSWIGGY1/311671555341/payment on CRED,75.0,0.0,,,,-1,
1981,31,2023-05-24 12:21:09.9004082,2023-04-26 00:00:00,KPG-0187632006,,PG R K GLOBAL RKGLOBAL SHARES AND,10000.0,0.0,,,,-1,
1982,31,2023-05-24 12:21:09.9004082,2023-04-26 00:00:00,311613792217,,Recd:IMPS/311613160707/COMPUTER,0.0,1.0,,,,-1,
1983,31,2023-05-24 12:21:09.9004082,2023-04-29 00:00:00,0583713964,,NEFT N119232437130808 SMC GLOBAL,0.0,900.43,,,,-1,
1984,31,2023-05-24 12:21:09.9004082,2023-05-02 00:00:00,0585064573,,NEFT CMS3270803844 R K GLOBAL,0.0,28833.51,,,,-1,
1985,31,2023-05-24 12:21:09.9004082,2023-05-02 00:00:00,0585124786,,NEFT N122232441095437 NATIONAL,0.0,892.69,,,,-1,
1986,31,2023-05-24 12:21:09.9004082,2023-05-03 00:00:00,UPI-312348529379,,UPI/CREDCLUB1/348911852115/paymenton CRED,916.0,0.0,,,,-1,
1987,31,2023-05-24 12:21:09.9160253,2023-05-04 00:00:00,KPG-0188128557,,PG R K GLOBAL RKGLOBAL SHARES AND,30000.0,0.0,,,,-1,
1988,31,2023-05-24 12:21:09.9160253,2023-05-04 00:00:00,MB-998900386751,,MB:RECEIVED FROM CREATIVEPRINTERS/TO SPS K,0.0,275000.0,,,,-1,
1989,31,2023-05-24 12:21:09.9160253,2023-05-05 00:00:00,KPG-0188237622,,PG RK GLOBAL RKGLOBAL SHARES AND,10000.0,0.0,,,,-1,
1990,31,2023-05-24 12:21:09.9160253,2023-05-08 00:00:00,0588364686,,NEFT N128232450849852 QUANT M F,0.0,5813.52,,,,-1,
1991,31,2023-05-24 12:21:09.9160253,2023-05-09 00:00:00,0588621561,,NEFT N129232451158850 SBIMF,0.0,362.24,,,,-1,
1992,31,2023-05-24 12:21:09.9160253,2023-05-09 00:00:00,0588909853,,NEFT N129232452683137 CANARA,0.0,4.64,,,,-1,
1993,31,2023-05-24 12:21:09.9160253,2023-05-14 00:00:00,KPG-0188793845,,PG YASH GIFT DONATION SHRIMADRAJCHANDRA S,1500.0,0.0,,,,-1,
1994,31,2023-05-24 12:21:09.9160253,2023-05-15 00:00:00,MB-998894571149,,MB:SENT TO CREATIVE PRINTERS/LAPTOPDISC,1000.0,0.0,,,,-1,
1995,31,2023-05-24 12:21:09.9160253,2023-05-15 00:00:00,313518885957,,Recd:IMPS/313518929123/BIJAL,0.0,10000.0,,,,-1,
1996,31,2023-05-24 12:21:09.9160253,2023-05-16 00:00:00,UPI-313678569050,,UPI/CREDPAYDUNZO/350259880544/payment on CRED,108.0,0.0,,,,-1,
1997,31,2023-05-24 12:21:09.9316463,2023-05-19 00:00:00,UPI-313951118997,,UPI/CREDPAYDUNZO/313970480182/payment on CRED,124.0,0.0,,,,-1,
1998,30,2023-06-24 11:31:57.8421164,2023-05-26 00:00:00,EBPP-0424526526,,AP:BILLPAY FOR TATAMF 0424526526,1000.0,0.0,,,,-1,
1999,30,2023-06-24 11:31:57.8421164,2023-05-31 00:00:00,KPG-0189730695,,PG NIPPON LLIQ OTNRBDNIPP,150000.0,0.0,,,,-1,
2000,30,2023-06-24 11:31:57.8421164,2023-06-01 00:00:00,EBPP-0425586375,,AP:BILLPAY FOR NIPPONMF 0425586375,3500.0,0.0,,,,-1,
2001,30,2023-06-24 11:31:57.8421164,2023-06-01 00:00:00,0600912528,,NEFT N152232483044692 NATIONAL,0.0,1452.6,,,,-1,
2002,30,2023-06-24 11:31:57.8579212,2023-06-02 00:00:00,EBPP-0425801199,,AP:BILLPAY FOR TATAMF 0425801199,1000.0,0.0,,,,-1,
2003,30,2023-06-24 11:31:57.8579212,2023-06-02 00:00:00,315308423143,,ATW/7676/+Dr. A. B. RoadWorliMumbaiM020623/13:43,20000.0,0.0,,,,-1,
2004,30,2023-06-24 11:31:57.8579212,2023-06-02 00:00:00,MB-998885308676,,MB:RECEIVED FROM SAAHIL SHAH/LOANAT 1000 PERCENT,0.0,1000.0,,,,-1,
2005,30,2023-06-24 11:31:57.8579212,2023-06-02 00:00:00,UPI-315300051859,,eRupee/PRAMESHRAJENDR/315300285552/Pay,20.0,0.0,,,,-1,
2006,30,2023-06-24 11:31:57.8579212,2023-06-05 00:00:00,116302,,NACH-MUT-DR-BD-ACHKFINOTM-,3000.0,0.0,,,,-1,
2007,30,2023-06-24 11:31:57.8579212,2023-06-05 00:00:00,MB-998883676208,,MB:RECEIVED FROM UNNATI PRAMESHSHAH/LOAN,0.0,1000.0,,,,-1,
2008,30,2023-06-24 11:31:57.8579212,2023-06-08 00:00:00,0604748674,,NEFT N159232493456815 NATIONAL,0.0,598.88,,,,-1,
2009,30,2023-06-24 11:31:57.8579212,2023-06-08 00:00:00,EBPP-0426971277,,AP:BILLPAY FOR NIPPONMF 0426971277,3500.0,0.0,,,,-1,
2010,30,2023-06-24 11:31:57.8579212,2023-06-09 00:00:00,EBPP-0427175915,,AP:BILLPAY FOR TATAMF 0427175915,1000.0,0.0,,,,-1,
2011,30,2023-06-24 11:31:57.8579212,2023-06-16 00:00:00,EBPP-0428503071,,AP:BILLPAY FOR TATAMF 0428503071,1000.0,0.0,,,,-1,
2012,30,2023-06-24 11:31:57.8734337,2023-06-16 00:00:00,KPG-0190711983,,PG RKG RKGLOBAL SHARES AND,125000.0,0.0,,,,-1,
2013,30,2023-06-24 11:31:57.8734337,2023-06-20 00:00:00,093485,,NACH-MUT-DR-BD-ACHKFINOTM-,3000.0,0.0,,,,-1,
2014,30,2023-06-24 11:31:57.8734337,2023-06-20 00:00:00,317112101673,,SentIMPS317112050195pramesh,10000.0,0.0,,,,-1,
2015,30,2023-06-24 11:31:57.8734337,2023-06-23 00:00:00,EBPP-0429577140,,AP:BILLPAY FOR TATAMF 0429577140,1000.0,0.0,,,,-1,
2016,29,2023-06-24 15:25:30.6822113,2023-05-23 00:00:00,0595847828,,NEFT N143232470051909 THE CLEARING,0.0,15834.0,,,,-1,
2017,29,2023-06-24 15:25:30.6822113,2023-05-24 00:00:00,0596250177,,NEFT N144232471101494 NATIONAL,0.0,37700.0,,,,-1,
2018,29,2023-06-24 15:25:30.6822113,2023-05-25 00:00:00,MB-998889699928,,MB:SENT TO CREATIVE PACKAGING/PACKK,140000.0,0.0,,,,-1,
2019,29,2023-06-24 15:25:30.6822113,2023-05-31 00:00:00,KPG-0189733066,,PG RKGLOBAL SHARES AND,5000.0,0.0,,,,-1,
2020,29,2023-06-24 15:25:30.6979606,2023-06-01 00:00:00,EBPP-0425632662,,AP:BILLPAY FOR MIRAEASSETMF0425632662,2500.0,0.0,,,,-1,
2021,29,2023-06-24 15:25:30.6979606,2023-06-02 00:00:00,MB-998885556752,,MB:SENT TO CREATIVE PACKAGING/TOPACK,35000.0,0.0,,,,-1,
2022,29,2023-06-24 15:25:30.6979606,2023-06-02 00:00:00,315308423147,,ATW/7668/+Dr. A. B. RoadWorliMumbaiM020623/13:45,20000.0,0.0,,,,-1,
2023,29,2023-06-24 15:25:30.6979606,2023-06-03 00:00:00,MB-998884761838,,MB:SENT TO CREATIVE PACKAGING/TOPACKAGING,20000.0,0.0,,,,-1,
2024,29,2023-06-24 15:25:30.6979606,2023-06-05 00:00:00,MB-998883676208,,MB:SENT TO PRAMESH RAJENDRASHAH/LOAN,1000.0,0.0,,,,-1,
2025,29,2023-06-24 15:25:30.6979606,2023-06-11 00:00:00,MB-998880185559,,MB:RECEIVED FROM CREATIVEPACKAGING/TO UPS K,0.0,60000.0,,,,-1,
2026,29,2023-06-24 15:25:30.6979606,2023-06-15 00:00:00,0608829475,,NEFT N166232505358122 THE CLEARING,0.0,34950.0,,,,-1,
2027,29,2023-06-24 15:25:30.7134425,2023-06-15 00:00:00,0608829683,,NEFT N166232505354184 THE CLEARING,0.0,23011.5,,,,-1,
2028,29,2023-06-24 15:25:30.7134425,2023-06-17 00:00:00,0609855201,,NEFT N168232507660850 THE CLEARING,0.0,15341.02,,,,-1,
2029,36,2023-06-24 15:37:04.4735065,2023-05-24 00:00:00,0596242605,,NEFT IN1ON23052400600 MIRAE ASSET,0.0,7000.0,,,,-1,
2030,36,2023-06-24 15:37:04.4735065,2023-05-24 00:00:00,011316,,NACH-MUT-DR-BD-MF UTILITIES LUMP-,5000.0,0.0,,,,-1,
2031,36,2023-06-24 15:37:04.4735065,2023-05-25 00:00:00,314508079632,,Recd:IMPS/314508559254/Mrs,0.0,6000.0,,,,-1,
2032,36,2023-06-24 15:37:04.4735065,2023-05-26 00:00:00,KPG-0189444908,,PG QUANT LIQ 6945111207,30000.0,0.0,,,,-1,
2033,36,2023-06-24 15:37:04.4735065,2023-05-26 00:00:00,314608183924,,Recd:IMPS/314608140808/Mrs,0.0,30000.0,,,,-1,
2034,36,2023-06-24 15:37:04.4735065,2023-05-29 00:00:00,034291,,NACH-MUT-DR-BD-ACHKFINOTM-,3750.0,0.0,,,,-1,
2035,36,2023-06-24 15:37:04.4735065,2023-05-31 00:00:00,007358,,NACH-MUT-DR-BD-MF UTILITIES LUMP-,5000.0,0.0,,,,-1,
2036,36,2023-06-24 15:37:04.4735065,2023-05-31 00:00:00,315115055189,,Recd:IMPS/315115146731/Mrs,0.0,35000.0,,,,-1,
2037,36,2023-06-24 15:37:04.4735065,2023-06-03 00:00:00,304979,,NACH-MUT-DR-BD-ACHKFINOTM-,3750.0,0.0,,,,-1,
2038,36,2023-06-24 15:37:04.4892847,2023-06-06 00:00:00,0603356280,,NEFT N157232489260348 PURVI VIVEK,0.0,25000.0,,,,-1,
2039,36,2023-06-24 15:37:04.4892847,2023-06-12 00:00:00,114998,,NACH-MUT-DR-BD-ACHKFINOTM-,3750.0,0.0,,,,-1,
2040,36,2023-06-24 15:37:04.4892847,2023-06-15 00:00:00,0608829177,,NEFT N166232505350591 THE CLEARING,0.0,1048.5,,,,-1,
2041,36,2023-06-24 15:37:04.4892847,2023-06-17 00:00:00,006787,,NACH-MUT-DR-BD-ACHKFINOTM-,3750.0,0.0,,,,-1,
2042,36,2023-06-24 15:37:04.4892847,2023-06-19 00:00:00,317020600147,,Recd:IMPS/317020237057/Amazon,0.0,789.0,,,,-1,
2043,36,2023-06-24 15:37:04.4892847,2023-06-21 00:00:00,,,CASH DEPOSIT BY SELF AT WORLI 1393,0.0,12000.0,,,,-1,
2044,36,2023-06-24 15:37:04.4892847,2023-06-21 00:00:00,UPI-317229857897,,UPI/IRCTCC/317262850395/Pay via Razorpa,784.3,0.0,,,,-1,
2045,31,2024-02-12 13:11:11.2885976,2024-01-18 00:00:00,401814665339,,Recd:IMPS/401814269786/MYNTRA,0.0,863.0,,,,-1,
2046,31,2024-02-12 13:11:11.2980195,2024-01-19 00:00:00,401916970373,,Recd:IMPS/401916048649/MYNTRA,0.0,719.0,,,,-1,
2047,31,2024-02-12 13:11:11.2980195,2024-01-23 00:00:00,MB-998757883681,,MB:SENT TO CREATIVE PRINTERS/TOPRINTERS,45000.0,0.0,,,,-1,
2048,31,2024-02-12 13:11:11.2980195,2024-01-29 00:00:00,UPI-402975639080,,UPI/MYNTRA DESIGNS /402924507705/UPITransaction,819.0,0.0,,,,-1,
2049,31,2024-02-12 13:11:11.2980195,2024-01-30 00:00:00,403012166426,,Recd:IMPS/403012315810/MYNTRA,0.0,1359.0,,,,-1,
2050,31,2024-02-12 13:11:11.2980195,2024-01-31 00:00:00,0763474079,,NEFT N031242857653807 SMC GLOBAL,0.0,309.51,,,,-1,
2051,31,2024-02-12 13:11:11.2980195,2024-02-04 00:00:00,MB-998750659260,,MB:SENT TO CREATIVE PRINTERS/TOPRINTERS,100000.0,0.0,,,,-1,
2052,31,2024-02-12 13:11:11.2980195,2024-02-04 00:00:00,MB-998750657768,,MB:SENT TO CREATIVE PRINTERS,5000.0,0.0,,,,-1,
2053,31,2024-02-12 13:11:11.2980195,2024-02-04 00:00:00,MB-998750657013,,MB:SENT TO CREATIVE PRINTERS,5000.0,0.0,,,,-1,
2054,31,2024-02-12 13:11:11.2980195,2024-02-06 00:00:00,0768325695,,NEFT N037242869013762 TMF BROKERAGE,0.0,3271.54,,,,-1,
2055,31,2024-02-12 13:11:11.2980195,2024-02-06 00:00:00,0768395817,,NEFT N037242869212819 PPFAS MUTUAL,0.0,261.05,,,,-1,
2056,31,2024-02-12 13:11:11.2980195,2024-02-06 00:00:00,0768421590,,NEFT N037242869359759 NIPPON INDIA,0.0,6567.4,,,,-1,
2057,31,2024-02-12 13:11:11.2980195,2024-02-06 00:00:00,MB-998749052026,,MB:RECEIVED FROM CREATIVEPRINTERS/TO SPS K,0.0,70000.0,,,,-1,
2058,31,2024-02-12 13:11:11.2980195,2024-02-07 00:00:00,0769000152,,NEFT N038242870297438 QUANT M F,0.0,23320.11,,,,-1,
2059,31,2024-02-12 13:11:11.2980195,2024-02-07 00:00:00,MB-998748666141,,MB:SENT TO CREATIVE PRINTERS/TOPRINTERS,72000.0,0.0,,,,-1,
2060,31,2024-02-12 13:11:11.2980195,2024-02-08 00:00:00,0770364104,,NEFT N039242874403152 SBIMF,0.0,2260.32,,,,-1,
2061,31,2024-02-12 13:11:11.2980195,2024-02-08 00:00:00,0770412351,,NEFT N039242874626081 MOTILAL OSWAL,0.0,1231.14,,,,-1,
2062,31,2024-02-12 13:11:11.2980195,2024-02-08 00:00:00,0770532556,,NEFT N039242875140174 CANARA,0.0,36.13,,,,-1,
2063,31,2024-02-12 13:11:11.2980195,2024-02-09 00:00:00,0771229092,,NEFT CMS3913716509 DSP MF,0.0,1248.52,,,,-1,
2064,31,2024-02-12 13:11:11.2980195,2024-02-09 00:00:00,0771527458,,NEFT N040242877883776 TATA MUTUAL,0.0,1536.68,,,,-1,
2065,31,2024-02-12 13:17:22.9587684,2024-01-31 00:00:00,,,FUNDS TRANSFER FOR OPENING NEWSAVING ACCOUNT,25000.0,0.0,,,,-1,
2066,31,2024-02-12 13:17:22.9697878,2024-02-05 00:00:00,MB-998750187154,,MB:SENT TO PRAMESH RAJENDRASHAH/TO PRS,82000.0,0.0,,,,-1,
2067,31,2024-02-12 13:17:22.9748359,2024-02-05 00:00:00,MB-998750112832,,MB:SENT TO UNNATI PRAMESH SHAH/TOUPS K,155000.0,0.0,,,,-1,
2068,31,2024-02-12 13:24:26.6532149,2024-01-18 00:00:00,076261,,NACH-10-DR-SMALLCASE-IBIEY442YEFF,5900.0,0.0,,,,-1,
2069,31,2024-02-12 13:24:26.6721143,2024-01-21 00:00:00,UPI-402113591245,,UPI/ZOMATO/438740743203/Paid via CRED,268.98,0.0,,,,-1,
