TemplateID,Type,Keyword,MFType,ID,AType,AuxName,AuxData
15800,6,P8758,,222307,60,P8758-ICICI Prudential Equity Income Fund Direct Plan Cumulative(Advisor: DIRECT),1
15800,6,K168D,,213830,60,K168D-Kotak Select Focus Fund -      Direct Plan - Growth(Advisor: DIRECT),1
15800,6,B153GZ,,213327,60,B153GZ-Birla Sun Life Cash Plus - Growth-Direct Plan(Advisor: DIRECT),1
15800,6,P8096,,213312,60,P8096-ICICI Prudential Liquid - Direct Plan -   Growth(Advisor: DIRECT),1
15800,6,K462D,,213291,60,K462D-Kotak Liquid Direct Plan Growth(Advisor: DIRECT),1
15800,6,F154LD,,213279,60,F154LD-L&T Liquid Fund Direct Plan - Growth(Advisor: DIRECT),1
15800,6,P8017,,213218,60,P8017-ICICI Prudential Balanced Fund - Direct Plan - Growth(Advisor: DIRECT),1
15800,6,P8044,,212942,60,P8044-ICICI Prudential Banking and Financial Services Fund - Direct Plan -      Growth(Advisor: DIRECT),1
15800,6,F416D,,212864,60,F416D-L&T Infrastructure Fund Direct Plan - Growth(Advisor: DIRECT),1
15800,6,HLFGTN,,212181,60,HLFGTN-HDFC Liquid Fund - Direct Plan - Growth Option(Advisor: DIRECT),1
15800,2,127FMGDG-Motilal Oswal MOSt Focused Midcap 30 Fund -          Direct Growth(Advisor: 000000-0),,219090,60,,0
15800,2,127CPGDG-Motilal Oswal MOSt Focused Multicap 35 Fund          - Direct Growth(Advisor: 000000-0),,220440,60,,0
15800,2,127FMGDG-Motilal Oswal MOSt Focused Midcap 30 Fund - Direct Growth(Advisor: 000000-0),,220440,60,,0
15800,2,127CPGDG-Motilal Oswal MOSt Focused Multicap 35 Fund - Direct Growth(Advisor: 000000-0),,220440,60,,0
15800,2,127USGDG-Motilal Oswal Most Ultra Short Term Bond Fund - Direct Growth(Advisor: 000000-0),,216770,60,,0
15800,2,127CPGDG-Motilal Oswal MOSt Focused Multicap        35  Fund  -Direct Growth(Advisor: 000000-0),,220440,60,,0
21340,6,INE749A01030,,104315,50,INE749A01030: JINDAL STEEL & POWER LTD-INE749A01030,1
21340,3,R K GLOBAL SHARES & SECURITIES LIMITED,,1,-1,,0
21340,6,INE498L01015,,105312,50,INE498L01015: L&TFH-INE498L01015,1
21340,6,INE029L01018,,105190,50,INE029L01018: KICL-INE029L01018,1
21340,6,INE139A01034,,104296,50,INE139A01034: NATIONAL ALUMINIUM CO LTD-INE139A01034,1
21340,6,INE297D01018,,102090,50,INE297D01018: PRIMA AGR LT-INE297D01018,1
21340,6,INE685A01028,,100305,50,INE685A01028: TORNTPHARM-INE685A01028,1
21340,6,INE090A01021,,104268,50,INE090A01021: ICICIBANK-INE090A01021,1
21340,6,INE062A01020,,100078,50,INE062A01020: SBIN-INE062A01020,1
21340,2,INF373I01023: KOTAKPSUBK-INF373I01023,,105270,50,,0
56660,3,R K GLOBAL SHARES & SECURITIES LIMITED,,1,-1,,0
21340,6,INE807F01027,,101535,50,INE807F01027: SEQUENT-INE807F01027,1
21340,6,INE049B01025,,104323,50,INE049B01025: WOCKHARDT LIMITED-INE049B01025,1
21340,6,INE549A01026,,100132,50,INE549A01026: HCC-INE549A01026,1
15800,2,127FMGDG-Motilal Oswal MOSt Focused        Midcap  30 Fund  - Direct Growth(Advisor: 000000-0),,219090,60,,0
15800,2,127CPGDG-Motilal Oswal MOSt Focused Multicap 35 Fund -         Direct Growth(Advisor: 000000-0),,219090,60,,0
15800,2,127USGDG-Motilal Oswal Most Ultra Short Term Bond Fund         - Direct Growth(Advisor: 000000-0),,216770,60,,0
15800,6,B1180Y,,218048,60,B1180Y-Birla Sun Life Banking And Financial Services Fund - Gr. DIRECT(Advisor: DIRECT),1
15800,6,H44T,,213434,60,H44T-HDFC Top 200 Fund - Direct Plan - Growth Option(Advisor: DIRECT),1
15800,6,HMCOGT,,213430,60,HMCOGT-HDFC Mid-Cap Opportunities Fund - Direct Plan - Growth Option(Advisor: DIRECT),1
15800,6,D798,,213314,60,D798-DSP BlackRock Liquidity Fund - Direct Plan - Growth(Advisor: DIRECT),1
15800,6,FFEFGD,,212879,60,FFEFGD-L&T Equity Fund Direct Plan - Growth(Advisor: DIRECT),1
15800,6,HINFG,,205483,60,HINFG-HDFC Infrastructure Fund - Regular Plan - Growth(Advisor: ARN-0018),1
15800,6,HTPG,,202406,60,HTPG-HDFC Long Term Advantage Fund - Regular Plan - Growth (Advisor: ARN-29345),1
21340,6,INE220B01022,,102370,50,INE220B01022: KALPATPOWR-INE220B01022,1
21340,6,INE155A01022,,100351,50,INE155A01022: TATA MOTORS LIMITED      -INE155A01022,1
21340,6,INE577A01027,,102179,50,INE577A01027: MUNJALSHOW-INE577A01027,1
21340,6,INE101A01026,,100346,50,INE101A01026: M&M-INE101A01026,1
21340,2,INE674K01013: ABCAPITAL-INE674K01013,,121388,50,,0
21340,6,INE531E01026,,101684,50,INE531E01026: HINDCOPPER-INE531E01026,1
21340,6,INE296A01024,,100023,50,INE296A01024: BAJFINANCE-INE296A01024,1
21340,6,INE205A01025,,100216,50,INE205A01025: VEDL-INE205A01025,1
21340,6,INE726G01019,,121218,50,INE726G01019: ICICIPRULI-INE726G01019,1
21340,6,INE935A01035,,104320,50,INE935A01035: GLENMARK PHARMACEUTICALS-INE935A01035,1
21340,6,INE414G07225,,425152,50,INE414G07225: MUTHOOTFIN-INE414G07225,1
21340,6,INE414G07142,,425108,50,INE414G07142: MFINNCD2D-INE414G07142,1
21340,6,INE876N01018,,105462,50,INE876N01018: ORIENTCEM-INE876N01018,1
21340,6,INE158A01026,,100129,50,INE158A01026: HEROMOTOCO-INE158A01026,1
21340,6,INE028A01039,,104242,50,INE028A01039: BANKBARODA-INE028A01039,1
21340,6,INE295A01018,,101057,50,INE295A01018: EVERESTIND-INE295A01018,1
21340,6,INE107F01022,,102627,50,INE107F01022: WANBURY-INE107F01022,1
21340,2,INE765G01017: ICICIGI-INE765G01017,,121408,50,,0
15800,6,HMULGT,,213354,60,HMULGT-HDFC Equity Savings Fund - Direct Plan - Growth Option(Advisor: DIRECT),1
15800,6,K02,,202288,60,K02-Kotak Gilt (Investment Regular) - Growth(Advisor: ARN-0018),1
21340,6,INE183A01016,,100385,50,INE183A01016: FINPIPE-INE183A01016,1
21340,2,INF457M01133: CPSEETF-INF457M01133,,105539,50,,0
21340,6,INE589A01014,,101699,50,INE589A01014: NLCINDIA-INE589A01014,1
21340,6,INE022Q01012,,121444,50,INE022Q01012: IEX-INE022Q01012,1
21340,6,INE528G01027,,104558,50,INE528G01027: YESBANK-INE528G01027,1
15800,2,127FMGDG-Motilal Oswal MOSt Focused Midcap         30 Fund - Direct Growth(Advisor: 000000-0),,219088,60,,0
21340,6,INE481G01011,,104509,50,INE481G01011: ULTRACEMCO-INE481G01011,1
21340,6,INE018A01030,,100345,50,INE018A01030: LARSEN & TOUBRO LTD.     -INE018A01030,1
15800,6,FLEBDG,,220733,60,FLEBDG-L&T Emerging Businesses Fund Direct Growth(Advisor: DIRECT),1
21340,6,INE742F01042,,104821,50,INE742F01042: ADANIPORTS-INE742F01042,1
21640,6,INE840A01011,,101706,50,KUMAR WIRE CLOTH MAN,1
21640,3,KARVY STOCK BROKING LTD,,3,-1,,0
15800,6,H02T,,213442,60,H02T-HDFC Equity Fund - Direct Plan - Growth Option(Advisor: DIRECT),1
15800,2,127CPGDG-Motilal Oswal MOSt Focused Multicap 35 Fund - Direct         Growth(Advisor:   000000-0),,220440,60,,0
21340,6,INE736A01011,,121347,50,INE736A01011: CDSL-INE736A01011,1
15800,2,HHO1GT-HDFC Housing Opportunities Fund - I - 1140D Nov 2017 (1) - Direct - Growth(Advisor: DIRECT),,226834,60,,0
21340,6,INE545A01016,,101144,50,INE545A01016: HEG-INE545A01016,1
21340,6,INE084A01016,,104251,50,INE084A01016: BANKINDIA-INE084A01016,1
15800,2,P9220-ICICI Prudential Value Fund Series 19 Direct Plan Cumulative(Advisor: DIRECT),,226985,60,,0
21340,6,INE001A01036,,100006,50,INE001A01036: HDFC-INE001A01036,1
21340,6,INE002A01018,,100240,50,INE002A01018: RELIANCE-INE002A01018,1
21340,6,INE143H01015,,105028,50,INE143H01015: KSK-INE143H01015,1
21340,6,INE160A01022,,104456,50,INE160A01022: PUNJAB NATIONAL BANK     -INE160A01022,1
15800,6,GD223,,213177,60,GD223-IDFC Tax Advantage (ELSS) Fund-Growth-(Direct Plan)(Advisor: DIRECT),1
15800,6,RMFTSGPG,,202427,60,RMFTSGPG-RELIANCE TAX SAVER (ELSS) FUND - GROWTH PLAN - GROWTH OPTION (Advisor:ARN-0018),1
21340,6,INE414G07241,,425154,50,INE414G07241: MUTHOOTFIN-INE414G07241,1
21340,2,INE414G07AR3: MUTHOOTFIN-INE414G07AR3,,425700,40,,0
15800,6,HGLGT,,213485,60,HGLGT-HDFC Gilt Fund - Long Term Plan        - Direct Plan - Growth Option(Advisor: DIRECT),1
15800,6,HMLTGT,,213347,60,HMLTGT-HDFC      Monthly Income Plan - Long Term Plan       - Direct Plan - Growth Option(Advisor: DIRECT),1
15800,6,LD72SG,,213251,60,LD72SG-SBI Premier Liquid Fund - Direct Plan - Growth(Advisor: DIRECT),1
15800,6,B51Z,,213018,60,B51Z-Aditya Birla Sun Life Equity Fund - Growth-Direct Plan(Advisor: DIRECT),1
15800,6,D788,,212963,60,D788-DSP BlackRock Small Cap Fund - Direct Plan - Growth(Advisor: DIRECT),1
15800,6,B78,,207060,60,B78-Aditya Birla Sun Life Banking & PSU Debt Fund Growth-Regular Plan(Advisor: ARN-0018),1
15800,6,P01,,202412,60,P01-ICICI Prudential Long Term Equity Fund (Tax Saving) - Growth(Advisor: ARN-0018),1
15800,6,H32,,202408,60,H32-HDFC TaxSaver - Regular Plan - Growth (Advisor: ARN-0018),1
15800,6,HGLG,,202257,60,HGLG-HDFC Gilt Fund Long Term - Regular        Plan- Growth (Advisor: ARN-0018),1
15800,6,HLFG,,201926,60,HLFG-HDFC Liquid Fund - Growth (Advisor: ARN-0018),1
15800,6,HBFG,,201770,60,HBFG-HDFC Balanced Fund - Regular Plan - Growth (Advisor: ARN-0018),1
15800,6,L036G,,201623,60,L036G-SBI Contra Fund - Regular Plan - Growth(Advisor: ARN-47791),1
15800,6,B295GZ,,213979,60,B295GZ-Aditya Birla Sun Life Small & Midcap Fund Growth-Direct Plan(Advisor: DIRECT),1
15800,6,D739,,213191,60,D739-DSP BlackRock Tax Saver Fund - Direct Plan - Growth(Advisor: DIRECT),1
15800,6,RMFRIRGG,,207340,60,RMFRIRGG-RELIANCE INFRASTRUCTURE FUND - GROWTH PLAN GROWTH OPTION(Advisor: 000000-0),1
15800,6,FTI165,,202248,60,FTI165-4010081    Franklin India Government Securities Fund - Composite Plan - Growth         (Advisor:,1
15800,6,RMFGFGPG,,201551,60,RMFGFGPG-RELIANCE GROWTH FUND - GROWTH PLAN GROWTH OPTION(Advisor: ARN-47791),1
15800,6,RMFEOGPG,,201545,60,RMFEOGPG-RELIANCE EQUITY OPPORTUNITIES            FUND  - GROWTH PLAN GROWTH OPTION(Advisor: ARN-1308),1
15800,6,RMFPSGPG,,201527,60,RMFPSGPG-RELIANCE DIVERSIFIED POWER SECTOR FUND - GROWTH PLAN - GROWTH OPTION(Advisor: 000000-0),1
15800,6,H02,,201333,60,H02-HDFC Equity Fund - Regular Plan - Growth (Advisor: ARN-47791),1
15800,6,RMFIFGPG,,200840,60,RMFIFGPG-RELIANCE INCOME FUND - GROWTH PLAN - GROWTH OPTION(Advisor: ARN-0018),1
21340,6,INE055A01016,,100029,50,INE055A01016: CENTURYTEX-INE055A01016,1
51710,3,For R K GLOBAL SHARES & SECURITIES LIMITED,,1,-1,,0
15800,6,GD205,,212916,60,GD205-IDFC Focused Equity Fund-Growth-(Direct Plan)(Advisor: DIRECT),1
21340,6,INE481Y01014,,121445,50,INE481Y01014: GICRE-INE481Y01014,1
21340,6,INE522F01014,,105174,50,INE522F01014: COALINDIA-INE522F01014,1
21340,2,AUTO: BAJAJ-AUTO-INE917I01010,,104986,50,,0
21340,6,INE123W01016,,121412,50,INE123W01016: SBILIFE-INE123W01016,1
21340,6,INE683A01023,,104292,50,INE683A01023: THE SOUTH INDIAN BANK LTD-INE683A01023,1
21340,6,INE557A01011,,101147,50,INE557A01011: HIL-INE557A01011,1
1300,2,Adani Ports and Special Economic Zone,,104821,50,,0
1300,2,Adani Power,,105051,50,,0
1300,2,Bhandari Hosiery Exports,,104179,50,,0
1300,2,Esab India,,100093,50,,0
1300,2,G.S. Auto International,,101575,50,,0
1300,2,Gujarat Sidhee Cement,,102035,50,,0
1300,2,Hindustan Construction Company,,100132,50,,0
1300,2,ICICI Bank,,104268,50,,0
1300,2,IL&FS Transportation Networks,,105094,50,,0
1300,2,Jindal Steel & Power,,104315,50,,0
1300,2,L&T Finance Holdings,,105312,50,,0
1300,2,Lakshmi Energy and Foods,,102162,50,,0
1300,2,Larsen & Toubro,,100345,50,,0
1300,2,Mahindra & Mahindra,,100346,50,,0
1300,2,MBL Infrastructures,,105074,50,,0
1300,2,Metalyst Forgings,,101615,50,,0
1300,2,Munjal Showa,,102179,50,,0
1300,2,Nirlon Limited,,100226,50,,0
1300,2,Novartis India,,100360,50,,0
1300,2,Patel Engineering,,103542,50,,0
1300,2,Raj Agro Mills,,105050,50,,0
1300,2,Ramky Infrastructure,,105158,50,,0
1300,2,Reliance Power,,104838,50,,0
1300,2,TATAMOTORS-DVR-A-ORDY,,105100,50,,0
1300,2,Torrent Pharmaceuticals,,100305,50,,0
1300,2,Wanbury Limited,,102627,50,,0
1300,2,Wockhardt,,104323,50,,0
1300,2,CPSE,,105539,50,,0
1300,2,Everest Industries,,101057,50,,0
1300,2,INEOS Styrolution India,,100835,50,,0
1300,2,Jain Irrigation,,100156,50,,0
1300,2,Muthoot Finance,,105216,50,,0
1300,2,Bank of India,,104251,50,,0
1300,2,Bharat Heavy Electricals,,100071,50,,0
1300,2,Hero Motocorp,,100129,50,,0
1300,2,Punjab National Bank,,104456,50,,0
1300,2,Automotive Axles,,100683,50,,0
1300,2,AXIS Bank,,104289,50,,0
1300,2,Bank Of Baroda,,104242,50,,0
1300,2,HDFC Bank,,100128,50,,0
1300,2,HIL Ltd,,101147,50,,0
1300,2,Inox Wind,,105757,50,,0
1300,2,Morepen Laboratories,,100211,50,,0
1300,2,Reliance Infrastructure,,100240,50,,0
1300,2,State Bank Of India,,100078,50,,0
1300,2,Strides Shasun,,104506,50,,0
1300,2,Subex,,104369,50,,0
1300,2,Suzlon Energy,,104576,50,,0
1300,2,Tata Steel,,100335,50,,0
1300,2,ifci,,100073,50,,0
1300,2,kkalpana,,102517,50,,0
21340,6,INE474E01029,,101556,50,INE474E01029: BHANDARI-INE474E01029,1
21340,6,INE257A01026,,100071,50,INE257A01026: BHEL-INE257A01026,1
21340,6,INE062A08058,,425051,50,INE062A08058: SBIN 9.95 (N5)-INE062A08058,1
21340,6,IN9155A01020,,105100,50,IN9155A01020: TATAMTRDVR-IN9155A01020,1
21340,6,INE040H01021,,104576,50,INE040H01021: SUZLON-INE040H01021,1
21340,6,INE244B01030,,103542,50,INE244B01030: PATELENG-INE244B01030,1
21340,6,INE171A01029,,100334,50,INE171A01029: FEDERALBNK-INE171A01029,1
21340,2,INE092T08CN3: IDFCBANK-INE092T08CN3,,104268,50,,0
21340,6,INE425A01011,,101615,50,INE425A01011: METALFORGE-INE425A01011,1
21340,6,INE301C01028,,102905,50,INE301C01028: KALPANA INDU(BSE INDONEXT)-INE301C01028,1
21340,6,INE975G01012,,105094,50,INE975G01012: IL&FSTRANS-INE975G01012,1
21340,6,INE814H01011,,105051,50,INE814H01011: ADANIPOWER-INE814H01011,1
21340,6,INE874I01013,,105158,50,INE874I01013: RAMKY-INE874I01013,1
21340,6,INE992B01026,,102162,50,INE992B01026: LAKSHMI ENG. & FOODS LTD-INE992B01026,1
21340,6,INE736H01024,,101575,50,INE736H01024: G.S. AUTO-INE736H01024,1
21340,6,INE542A01039,,102035,50,INE542A01039: GSCLCEMENT-INE542A01039,1
21340,6,INE234A01025,,100360,50,INE234A01025: NOVARTIS IND-INE234A01025,1
21340,6,INE294G01018,,105050,50,INE294G01018: RAJOIL-INE294G01018,1
21340,6,INE912H01013,,105074,50,INE912H01013: MBLINFRA-INE912H01013,1
21340,6,INE175A01038,,100156,50,INE175A01038: JAIN IRRIGATION SYSTEMS-INE175A01038,1
21340,6,INE189B01011,,100835,50,INE189B01011: INEOSSTYRO-INE189B01011,1
21340,6,INE910A01012,,100226,50,INE910A01012: NIRLON LTD-INE910A01012,1
21340,6,INE754A01014,,104369,50,INE754A01014: SUBEX SYSTEMS LTD.       -INE754A01014,1
21340,6,INE066P01011,,105757,50,INE066P01011: INOXWIND-INE066P01011,1
21340,6,INE939A01011,,104506,50,INE939A01011: STRIDES ARCOLAB LIMITED-INE939A01011,1
21340,6,INE238A01034,,104289,50,INE238A01034: AXISBANK-INE238A01034,1
21340,6,INE449A01011,,100683,50,INE449A01011: AUTOAXLES-INE449A01011,1
21340,6,INE081A01012,,100335,50,INE081A01012: TATASTEEL-INE081A01012,1
21340,6,INE036A01016,,100285,50,INE036A01016: RELINFRA-INE036A01016,1
21340,6,INE083A01026,,100211,50,INE083A01026: MOREPENLAB-INE083A01026,1
21640,6,INE155A01022,,100351,50,TATA MOTORS LIMITED,1
15800,2,127FMGDG-Motilal Oswal Midcap 30 Fund - Direct Growth(Advisor: 000000-0),,219090,60,,0
15800,2,127USGDG-Motilal Oswal Ultra Short Term Fund - Direct Growth(Advisor: 000000-0),,216770,60,,0
15800,2,127CPGDG-Motilal Oswal Multicap 35 Fund - Direct Growth(Advisor: 000000-0),,220440,60,,0
15800,6,RMFSCAGG,,212781,60,RMFSCAGG-RELIANCE SMALL CAP FUND - DIRECT GROWTH PLAN GROWTH OPTION(Advisor: 000000-0),1
15800,2,RMFTSAGG-RELIANCE TAX SAVER (ELSS) FUND - DIRECT PLAN GROWTH PLAN - GROWTH OPTION(Advisor: 000000-0),,213164,60,,0
15800,2,K470D-Kotak Liquid Direct Plan Growth(Advisor: DIRECT),,213291,60,,0
16680,3,RKSV SECURITIES INDIA PVT. LTD.,,2,-1,,0
22200,6,INE062A08058,,425051,50,SBIBIVR             [INE062A08058],1
22200,3,RKSV SECURITIES INDIA PVT. LTD.,,2,-1,,0
22200,6,INE039A07793,,425568,50,IFCI-ZC-SRV-1-12- [INE039A07793],1
22200,2,MFL-9.00%-19-4-23 [INE414G07CN8],,426081,40,,0
22200,2,MFL-ZC-19-4-23-NC [INE414G07CR9],,426085,40,,0
22200,2,MFL-ZC-30-1-25-NC [INE414G08330],,425937,40,,0
22200,6,INE721A07HN8,,425480,50,STFC-ZC-VII-15-7- [INE721A07HN8],1
21340,2,(INE062A08058): Sbin 9.95 (N5)-(INE062A08058),,425051,40,,0
22200,2,MFL-8.75%-19-4-23 [INE414G07CK4],,426078,40,,0
22200,6,INE414G07241,,425154,50,0MFL18                [INE414G07241],1
15800,2,K470D-Kotak Liquid Direct Plan Growth (Advisor: DIRECT),,213291,60,,0
15800,6,127LTGDG,,222573,60,127LTGDG-Motilal Oswal Long Term Equity Fund - Direct        Growth(Advisor: 000000-0),1
15800,6,128TSDGG,,213199,60,128TSDGG-Axis Long Term Equity Fund - Direct Growth(Advisor: 000000-0),1
15800,2,117TSD1G-Mirae Asset Tax Saver Fund - Direct Growth(Advisor: 000000-0),,224129,60,,0
21340,2,(INE557A01011): Hil-(INE557A01011),,101147,50,,0
21340,2,(INF457M01133): Cpseetf-(INF457M01133),,105539,50,,0
22200,6,INE306N07BN4,,425424,50,1050TCFS14A               [INE306N07BN4],1
22200,2,[INE306N07KF1],,426164,40,,0
22200,6,INE306N07BM6,,425423,50,1050TCFS14               [INE306N07BM6],1
15800,6,RMFLFAGG,,213269,60,RMFLFAGG-RELIANCE LIQUID FUND - DIRECT PLAN GROWTH PLAN - GROWTH OPTION(Advisor: 000000-0),1
15800,2,128CFDGG-Axis Liquid Fund     - Direct Growth(Advisor:   000000-0),,213330,60,,0
22200,2,MFL-9.85%-28-11-2 [INE522D07AJ7],,426198,40,,0
15800,6,117IOD1G,,212824,60,117IOD1G-Mirae Asset India Equity Fund - Direct Plan - Growth(Advisor: 000000-0),1
15800,6,HACG1G,,221250,60,HACG1G-HDFC Small Cap Fund - Direct Growth Plan (Advisor: DIRECT),1
15800,2,128MCDGG-Axis Mid Cap Fund - Direct Growth(Advisor: 000000-0),,213037,60,,0
15800,6,TEPEGZ,,213662,60,TEPEGZ-Tata Equity P/E Fund Direct Plan - Growth (Advisor: DIRECT),1
15800,6,P9220,,226985,60,P9220-ICICI Prudential Value Fund Series 19 Direct Plan Cumulative (Advisor: DIRECT),1
15800,6,HHO1GT,,226834,60,HHO1GT-HDFC Housing Opportunities Fund - I - 1140D Nov 2017 (1) - Direct - Growth (Advisor: DIRECT),1
15800,2,128MCDGG-Axis Mid Cap Fund - Direct Growth,,213037,60,,0
21340,2,Icicib22-(INF109KB15Y7),,121460,50,,0
21340,6,INE721A07NX5,,426125,50,INE721A07NX5: Srtransfin-(INE721A07NX5),1
21340,6,INE306N07KF1,,426164,50,INE306N07KF1: Tcfsl-(INE306N07KF1),1
15800,6,117EBD1G,,212818,60,117EBD1G-Mirae Asset Emerging Bluechip Fund - Direct Plan - Growth(Advisor: 000000-0),1
21340,6,INE217B01036,,100165,50,INE217B01036: Kajariacer-(INE217B01036),1
21340,6,INE284A01012,,100093,50,ESABINDIA-INE284A01012: ESABINDIA-INE284A01012,1
21340,2,Cpseetf-(INF457M01133),,105539,50,,0
21340,6,INE738I01010,,104827,50,INE738I01010: Eclerx-(INE738I01010),1
21340,2,INE415G01027: Rvnl-(INE415G01027),,121746,50,,0
21340,2,INE455K01017: Polycab-(INE455K01017),,121749,50,,0
21340,2,INE112L01020: Metropolis-(INE112L01020),,121748,50,,0
22200,6,INE774D07SW9,,426226,50,MMFSL-9.3%-18-1-2 [INE774D07SW9],1
15800,2,128CFDGG-Axis Liquid Fund - Direct Growth,,213330,60,,0
21340,2,INE136S01016: Neogen-(INE136S01016),,121755,50,,0
21340,2,N5: SBIN 9.95 (N5)-INE062A08058,,425051,40,,0
22200,2,LTFL-9.35%-13-4-2 [INE027E07972],,426288,40,,0
21340,6,INE585B01010,,104482,50,INE585B01010: Maruti Udyog Limited     -(INE585B01010),1
15800,6,LD464G,,222843,60,LD464G-SBI Banking & Financial Services Fund - Direct Plan-Growth (Advisor: DIRECT),1
15800,6,P8123,,214045,60,P8123-ICICI Prudential Ultra Short Term Fund - Direct Plan - Growth (formerly ICICI Prudential Regular,1
15800,6,FTI482,,213470,60,FTI482-4829912934014      Franklin India Focused Equity Fund - Direct (erstwhile Franklin India High Growth,1
15800,6,FTI485,,213377,60,FTI485-4859912977872      Franklin India Ultra Short Bond Fund Super Institutional Plan - Direct - GROWTH,1
15800,6,B132GZ,,212621,60,B132GZ-Aditya Birla Sun Life Savings Fund - Growth-Direct Plan       (Advisor: DIRECT),1
15800,2,128CFDGG-Axis Liquid Fund     - Direct Growth,,213330,60,,0
21340,6,INE733E07JP6,,425629,50,INE733E07JP6: Ntpc-(INE733E07JP6),1
5250,2,KEC,,104617,50,,0
5250,3,R K GLOBAL SHARES & SECURITIES LIMITED,,1,-1,,0
5250,2,PHILIPCARB,,100873,50,,0
5250,2,THE SOUTH INDIAN BANK LTD,,104292,50,,0
5245,3,R K GLOBAL SHARES & SECURITIES LIMITED,,1,-1,,0
5225,3,R K GLOBAL SHARES & SECURITIES LIMITED,,1,-1,,0
5225,3,Unique Client Code: I2301R K GLOBAL SHARES & SECURITIES LIMITED,,1,-1,,0
5250,2,HINDALCO,,100316,50,,0
5250,2,ABAN,,102411,50,,0
5250,2,ELECON ENG. CO. LTD,,100756,50,,0
5250,2,APOLLOTYRE,,100381,50,,0
5250,2,MCX,,105346,50,,0
5250,2,GUJNRECOKE,,101544,50,,0
5250,2,RPOWER,,104838,50,,0
5250,2,SINTEX INDUSTRIES LTD,,100495,50,,0
5250,2,EXIDEIND,,100058,50,,0
5250,2,NMDC,,102894,50,,0
5250,2,TATASTEEL,,100335,50,,0
5250,2,POLARIS SOFTWARE LAB LTD,,104299,50,,0
5250,2,SBIN,,100078,50,,0
5250,2,HEROMOTOCO,,100129,50,,0
5250,2,FINANTECH,,103068,50,,0
5250,2,KOTHARIPRO,,103226,50,,0
5250,2,NAVNETPUBL,,101076,50,,0
5250,2,COALINDIA,,105174,50,,0
5250,2,INDRAPRASTHA GAS LTD,,104491,50,,0
5250,2,VADILALIND,,102066,50,,0
5250,2,SMPL,,101636,50,,0
5250,2,VADILAL INDU(BSE INDONEXT),,102066,50,,0
21340,6,MUNJALSHOW,,102179,50,MUNJALSHOW: MUNJALSHOW,1
21340,6,INE059A01026,,100059,50,CIPLA-INE059A01026: CIPLA-INE059A01026,1
21340,6,INE052I01032,,104734,50,CAMLINFINE-INE052I01032: CAMLINFINE-INE052I01032,1
21340,6,INE475E01018,,102772,50,CAPLIPOINT-INE475E01018: CAPLIPOINT-INE475E01018,1
21340,6,PUNJAB NATIONAL BANK,,104456,50,PUNJAB NATIONAL BANK: PUNJAB NATIONAL BANK,1
21340,6,BANKINDIA,,104251,50,BANKINDIA: BANKINDIA,1
21340,6,SBIN,,100078,50,SBIN: SBIN,1
21340,6,CAPLIPOINT,,102772,50,CAPLIPOINT: CAPLIPOINT,1
21340,6,MOREPENLAB,,100211,50,MOREPENLAB: MOREPENLAB,1
21340,2,LARSEN & TOUBRO LTD.: LARSEN & TOUBRO LTD.,,100345,50,,0
21340,2,WOCKHARDT LIMITED: WOCKHARDT LIMITED,,104323,50,,0
21340,6,BHEL,,100071,50,BHEL: BHEL,1
21340,6,INE044A01036,,102762,50,SUNPHARMA-INE044A01036: SUNPHARMA-INE044A01036,1
21340,6,MCX,,105346,50,MCX: MCX,1
21340,6,JSWENERGY,,105071,50,JSWENERGY: JSWENERGY,1
21340,6,POWERGRID,,104798,50,POWERGRID: POWERGRID,1
21340,6,HEG,,101144,50,HEG: HEG,1
21340,6,CAMLINFINE,,104734,50,CAMLINFINE: CAMLINFINE,1
21340,6,TATAMTRDVR,,105100,50,TATAMTRDVR: TATAMTRDVR,1
22200,6,INE522D07AL3,,426200,50,MFL-10.40%-29-11- [INE522D07AL3],1
22200,6,INE062A08173,,426407,50,SBI-9.56%-PERPETU [INE062A08173],1
21340,2,Liquidbees-(INF732E01037),,105202,50,,0
21340,6,INE721A07NZ0,,426127,50,INE721A07NZ0: Srtransfin-(INE721A07NZ0),1
15800,6,K470D,,213291,60,K470D-Kotak Liquid Fund Direct Plan Growth (Advisor: DIRECT),1
15800,2,K2001R-Kotak Unclaim Redemption Transitory Scheme (Advisor: DIRECT),,213291,60,,0
15800,2,FTI471-4719906885618      Franklin India Government    Securities Fund  - Direct (erstwhile Franklin India,,213478,60,,0
15800,2,FTI471-4719906897923      Franklin India Government Securities Fund - Direct (erstwhile Franklin India,,213478,60,,0
22200,2,SBI-8.75%-PERPETU [INE062A08215],,426545,40,,0
22200,2,BOB-8.70%-PERPETU [INE028A08174],,426571,40,,0
22200,6,INE027E07BC8,,426559,50,LTFL-8.65%-23-12- [INE027E07BC8],1
21340,2,Kotakpsubk-(INF373I01023),,105270,50,,0
22200,3,RKSVSECURITIESINDIAPVT.LTD.,,2,-1,,0
22200,6,INE031A07832,,425115,50,09:44:55              H UD CO 05032[INE031A07832],1
15800,6,127CPGDG,,220440,60,127CPGDG-Motilal Oswal Multicap 35 Fund - Direct Growth,1
22200,6,INE733E07JP6,,425629,50,09:23:17               NTPC-8.49%[INE733E07JP6],1
22200,2,10:12:40              NH AI-8.75% [INE906B07D F8],,425328,40,,0
22200,2,10:13:01              NH AI-8.75% [INE906B07D F8],,425328,40,,0
22200,2,11:15:05              NH AI-8.75% [INE906B07D F8],,425328,40,,0
22200,2,11:31:35              NH AI-8.75% [INE906B07D F8],,425328,40,,0
22200,2,11:31:55              NH AI-8.75% [INE906B07D F8],,425328,40,,0
22200,2,11:32:04              NH AI-8.75% [INE906B07D F8],,425328,40,,0
22200,2,13:00:27              NH AI-8.75% [INE906B07D F8],,425328,40,,0
22200,2,15:12:38              NH AI-8.75% [INE906B07D F8],,425328,40,,0
22200,2,15:12:53              NH AI-8.75% [INE906B07D F8],,425328,40,,0
22200,2,10:04:29              NH AI-8.75% [INE906B07D F8],,425328,40,,0
22200,2,10:04:40              NH AI-8.75% [INE906B07D F8],,425328,40,,0
22200,2,10:05:16              NH AI-8.75% [INE906B07D F8],,425328,40,,0
22200,2,10:06:10              NH AI-8.75% [INE906B07D F8],,425328,40,,0
22200,2,09:50:57              NH AI-8.75% [INE906B07D F8],,425328,40,,0
22200,2,09:51:10              NH AI-8.75% [INE906B07D F8],,425328,40,,0
22200,2,09:51:22              NH AI-8.75% [INE906B07D F8],,425328,40,,0
22200,2,10:59:42              NH AI-8.75% [INE906B07D F8],,425328,40,,0
22200,2,11:00:00              NH AI-8.75% [INE906B07D F8],,425328,40,,0
22200,2,11:00:16              NH AI-8.75% [INE906B07D F8],,425328,40,,0
22200,2,09:47:02              NH AI-8.75% [INE906B07D F8],,425328,40,,0
22200,2,11:38:40              NH AI-8.75% [INE906B07D F8],,425328,40,,0
22200,2,11:50:53              NH AI-8.75% [INE906B07D F8],,425328,40,,0
21340,6,INE027E07956,,426287,50,INE027E07956: L&Tfinance-(INE027E07956),1
21340,6,INE774D07SW9,,426226,50,INE774D07SW9: 93mmfsl27-(INE774D07SW9),1
22200,6,INE031A07931,,425259,50,09:59:27              839H UD CO 23[INE031A07931],1
46900,6,INE027E07972,,426288,50,SE RE NCD 9.35% SR.V,1
46900,6,INE774D07SW9,,426226,50,MMFSL-9.3%-18-1-27-NC,1
46900,3,"Kotak Securities Ltd.,",,6,-1,,0
21340,6,INE414G07CN8,,426081,50,INE414G07CN8: 9mfl23-(INE414G07CN8),1
22200,2,13:39:48              NH AI-8.75% [INE906B07D F8],,425328,40,,0
22200,2,15:22:53              NH AI-8.75% [INE906B07D F8],,425328,40,,0
22200,2,15:23:24              NH AI-8.75% [INE906B07D F8],,425328,40,,0
46900,6,INE306N07KF1,,426164,50,SERENCD8.90%SRIICIII&,1
22200,2,11:59:28              871REC28[INE020B07H S2],,425226,40,,0
22200,2,12:43:39              871REC28[INE020B07H S2],,425226,40,,0
22200,6,INE906B07EJ8,,425698,50,12:22:44              NH AI-7.6% -[INE906B07EJ8],1
22200,2,10:53:23              871REC28[INE020B07H S2],,425226,40,,0
22200,2,11:55:31              871REC28[INE020B07H S2],,425226,40,,0
21340,6,INE027E07BC8,,426559,50,INE027E07BC8: L&Tfinance-(INE027E07BC8),1
21340,6,INE027E07AF3,,426310,50,INE027E07AF3: L&Tfinance-(INE027E07AF3),1
22200,6,INE261F07032,,425742,50,15:17:39              NABARD-7.6[INE261F07032],1
46900,6,INE027E07BC8,,426559,50,SE RE NCD 8.65% SR.VI,1
22200,2,15:29:44              KOTAKGOLDE[INF373I01049],,105125,50,,0
22200,2,10:09:52              GOLDBEES[INF732E01102],,105124,50,,0
22200,2,10:13:01              GOLDBEES[INF732E01102],,105124,50,,0
22200,2,10:24:29              GOLDBEES[INF732E01102],,105124,50,,0
22200,2,10:24:40              GOLDBEES[INF732E01102],,105124,50,,0
22200,2,10:25:20              GOLDBEES[INF732E01102],,105124,50,,0
22200,2,10:25:21              GOLDBEES[INF732E01102],,105124,50,,0
22200,2,10:25:35              GOLDBEES[INF732E01102],,105124,50,,0
22200,2,10:25:54              GOLDBEES[INF732E01102],,105124,50,,0
22200,2,10:25:59              GOLDBEES[INF732E01102],,105124,50,,0
22200,2,10:26:07              GOLDBEES[INF732E01102],,105124,50,,0
22200,2,12:35:50              GOLDBEES[INF732E01102],,105124,50,,0
22200,2,12:35:58              GOLDBEES[INF732E01102],,105124,50,,0
22200,2,12:36:09              GOLDBEES[INF732E01102],,105124,50,,0
22200,2,12:36:21              GOLDBEES[INF732E01102],,105124,50,,0
22200,2,12:36:32              GOLDBEES[INF732E01102],,105124,50,,0
22200,2,12:36:39              GOLDBEES[INF732E01102],,105124,50,,0
22200,2,12:36:44              GOLDBEES[INF732E01102],,105124,50,,0
22200,2,12:37:27              GOLDBEES[INF732E01102],,105124,50,,0
22200,2,12:37:29              GOLDBEES[INF732E01102],,105124,50,,0
22200,2,12:38:12              GOLDBEES[INF732E01102],,105124,50,,0
22200,2,12:39:45              GOLDBEES[INF732E01102],,105124,50,,0
22200,2,12:45:27              GOLDBEES[INF732E01102],,105124,50,,0
22200,2,12:50:46              GOLDBEES[INF732E01102],,105124,50,,0
22200,2,12:34:11              KOTAKGOLDE[INF373I01049],,105125,50,,0
22200,2,09:39:15               GOLDBEES[INF732E01102],,105124,50,,0
22200,2,09:27:42               GOLDBEES[INF732E01102],,105124,50,,0
22200,2,10:22:58               GOLDBEES[INF732E01102],,105124,50,,0
21340,6,INE414G07CR9,,426085,50,INE414G07CR9: 0mfl23-(INE414G07CR9),1
21340,6,INE522D07AJ7,,426198,50,INE522D07AJ7: 985mfl20-(INE522D07AJ7),1
21340,6,INE414G08330,,425937,50,INE414G08330: 0mfl25-(INE414G08330),1
46900,6,INE522D07AL3,,426200,50,MFL-10.40%-29-11-23-N,1
46900,6,INE522D07AJ7,,426198,50,MFL-9.85%-28-11-20-NC,1
46900,6,INE414G07CK4,,426078,50,MFL-8.75%-19-4-23-NCD,1
22200,2,10:25:39               GOLDBEES[INF732E01102],,105124,50,,0
22200,2,871REC28[INE020B07H S2],,425226,40,,0
22200,2,GOLDBEES[INF732E01102],,105124,50,,0
22200,6,INE040A08377,,426570,50,H D FCBANK-8[INE040A08377],1
22200,2,821REC27[INE020B07G H 7],,425126,40,,0
22200,6,INE906B07CB9,,425110,50,830NH AI27[INE906B07CB9],1
22200,6,INE053F07678,,425323,50,IRFC-8.48%[INE053F07678],1
22200,2,NH AI-7.69% [INE906B07EP 5],,425730,40,,0
22200,6,INE020B07GG9,,425125,50,793REC22[INE020B07GG9],1
22200,6,INE134E07208,,425112,50,830PFC2027[INE134E07208],1
22200,6,INE031A07865,,425172,50,751H UD CO 28[INE031A07865],1
22200,2,764H UD CO 31[INE031A07AO 5],,425726,40,,0
22200,2,H UD CO -7.69[INE031A07AT 4],,425734,40,,0
22200,6,INE020B07GX4,,425165,50,738REC27TF[INE020B07GX4],1
22200,6,INE053F07843,,425694,50,IRFC-7.50%[INE053F07843],1
22200,6,INE053F07835,,425692,50,IRFC-7.53%[INE053F07835],1
46790,2,769NHAI31,,425730,40,,0
46790,3,zerodha,,7,-1,,0
46770,6,INE906B07EP5,,425730,50,769NHAI31 /: INE906B07EP5,1
46770,3,zerodha,,7,-1,,0
21340,6,INE906B07CB9,,425110,50,INE906B07CB9: Nhai-(INE906B07CB9),1
46770,6,INE906B07CB9,,425110,50,NHAI /: INE906B07CB9,1
46770,6,INE053F07835,,425692,50,IRFC /: INE053F07835,1
46770,6,INE134E07448,,425248,50,879PFC28 /: INE134E07448,1
21340,6,INE039A07793,,425568,50,INE039A07793: Ifci-(INE039A07793),1
21340,2,Sgbmay28-(IN0020200088),,426664,40,,0
21340,6,INE906B07EP5,,425730,50,INE906B07EP5: Nhai-(INE906B07EP5),1
22200,2,764HUDCO31,,425726,40,,0
22200,2,821REC27,,425126,40,,0
21340,6,INE261F07032,,425742,50,INE261F07032: Nabard-(INE261F07032),1
46770,6,INE733E07JP6,,425629,50,849NTPC25 /: INE733E07JP6,1
22200,2,2.50%GOLDB[IN0020180314],,426194,40,,0
46770,2,SGBNOV26 /,,426194,40,,0
46770,6,INE134E07463,,425249,50,PFC /: INE134E07463,1
46770,6,INE261F07032,,425742,50,NABARD /: INE261F07032,1
46770,2,SGBAUG28V /,,426707,40,,0
46770,2,GOLDBEES /,,105124,50,,0
46770,6,INE020B07HS2,,425226,50,RECLTD /: INE020B07HS2,1
46770,6,INE031A07AT4,,425734,50,HUDCO /: INE031A07AT4,1
46770,6,INE020B07GH7,,425126,50,812REC27 /: INE020B07GH7,1
46770,6,INE031A07AO5,,425726,50,HUDCO /: INE031A07AO5,1
46770,6,INE031A07AB2,,425338,50,HUDCO /: INE031A07AB2,1
15800,6,117TSD1G,,224129,60,117TSD1G-Mirae Asset Tax Saver Fund - Direct Growth,1
15800,6,P8007,,212519,60,P8007-ICICI Prudential Long Term Bond Fund - Direct Plan - Growth (formerly ICICI Prudential Income Plan)(Advisor:,1
15800,6,GDMTG,,212516,60,GDMTG-IDFC Bond Fund - Medium Term Plan Plan-Growth-(Direct Plan) (Advisor: DIRECT),1
15800,6,K06D,,212467,60,K06D-Kotak Bond Fund Direct Plan Growth (Advisor: DIRECT),1
46770,6,INE028A08174,,426571,50,87BOBPER /: INE028A08174,1
40940,2,Statement Date:,,201342,60,,0
15800,6,H44,,201342,60,H44-HDFC Top 100 Fund -      Regular Plan - Growth (formerly HDFC Top 200       Fund)(Advisor:  ARN-0524),1
46770,6,INE457A01014,,104501,50,MAHABANK /: INE457A01014,1
46770,2,NIFTYBEES /,,105122,50,,0
46770,6,INE476A01014,,104471,50,CANBK /: INE476A01014,1
46770,6,INE692A01016,,104465,50,UNIONBANK /: INE692A01016,1
46770,6,INE160A01022,,104456,50,PNB /: INE160A01022,1
46770,6,INE084A01016,,104251,50,BANKINDIA /: INE084A01016,1
46770,6,INE028A01039,,104242,50,BANKBARODA /: INE028A01039,1
46770,6,INE062A01020,,100078,50,SBIN /: INE062A01020,1
22200,2,GUPTACA.I[NA],,101804,50,,0
46770,6,INE216P01012,,121670,50,AAVAS /: INE216P01012,1
46770,6,INE795G01014,,121455,50,HDFCLIFE /: INE795G01014,1
46770,6,INE600L01024,,105939,50,LALPATHLAB /: INE600L01024,1
46770,6,INE463A01038,,101126,50,BERGEPAINT /: INE463A01038,1
46770,6,INE021A01026,,100374,50,ASIANPAINT /: INE021A01026,1
46770,6,INE318A01026,,100246,50,PIDILITIND /: INE318A01026,1
46770,6,INE002A01018,,100240,50,RELIANCE /: INE002A01018,1
46770,6,INE237A01028,,100176,50,KOTAKBANK /: INE237A01028,1
46770,6,INE001A01036,,100006,50,HDFC /: INE001A01036,1
46770,6,INE040A01034,,100128,50,HDFCBANK /: INE040A01034,1
46770,6,INE092T01019,,105907,50,IDFCFIRSTB /: INE092T01019,1
46770,2,SETFNIF50 /,,105835,50,,0
46770,6,INE053F01010,,121940,50,IRFC /: INE053F01010,1
56660,3,R K GLOBAL SHARES AND SECURITIES LTD.,,1,-1,,0
75170,3,R K GLOBAL SHARES AND SECURITIES LTD.,,1,-1,,0
75170,3,R K GLOBAL SHARES & SECURITIES LIMITED,,1,-1,,0
21340,6,INE053F07835,,425692,50,INE053F07835: Irfc-(INE053F07835),1
200250,6,INE031A07AO5,,425726,50,764HUDCO31 /: INE031A07AO5,1
200250,6,INE092T01019,,105907,50,IDFCFIRSTB /: INE092T01019,1
200250,3,.zerodha,,7,-1,,0
200250,6,INE053F07835,,425692,50,IRFC /: INE053F07835,1
21340,3,R K GLOBAL SHARES AND SECURITIES LTD.,,1,-1,,0
200250,6,INE457A01014,,104501,50,MAHABANK /: INE457A01014,1
200250,6,INE476A01014,,104471,50,CANBK /: INE476A01014,1
200250,6,INE692A01016,,104465,50,UNIONBANK /: INE692A01016,1
200250,6,INE160A01022,,104456,50,PNB /: INE160A01022,1
200250,2,N100 /,,105213,50,,0
21340,6,INE078T01026,,101804,50,INE078T01026: Krrail-(INE078T01026),1
21340,6,INE902L01016,,101434,50,INE902L01016: Vora Constru-(INE902L01016),1
21340,6,INE053F07900,,425738,50,INE053F07900: Irfc-(INE053F07900),1
51690,3,For R K GLOBAL SHARES & SECURITIES LIMITED,,1,-1,,0
56080,2,NTPC OPTSTK 29JUL2021 100 PE,,1189250,30,,0
56080,2,NTPC OPTSTK 29JUL2021 130 CE,,1193054,30,,0
56080,3,R K GLOBAL SHARES & SECURITIES LIMITED,,1,-1,,0
56080,2,BANKNIFTY OPTIDX 08JUL2021 35500 CE,,1195571,30,,0
56080,2,BANKNIFTY OPTIDX 08JUL2021 35500 PE,,1194421,30,,0
56080,2,BANKNIFTY OPTIDX 08JUL2021 35100 CE,,1197584,30,,0
56080,2,BANKNIFTY OPTIDX 08JUL2021 35300 CE,,1198102,30,,0
56080,2,BANKNIFTY OPTIDX 08JUL2021 35300 PE,,1198000,30,,0
56080,2,BANKNIFTY OPTIDX 08JUL2021 35000 CE,,1195603,30,,0
56080,2,BANKNIFTY OPTIDX 08JUL2021 35000 PE,,1195827,30,,0
56080,2,NIFTY OPTIDX 08JUL2021 15700 CE,,1195029,30,,0
56080,2,NIFTY OPTIDX 08JUL2021 15700 PE,,1195047,30,,0
56080,2,BANKNIFTY OPTIDX 08JUL2021 34800 PE,,1197394,30,,0
56080,2,BANKNIFTY FUTIDX 29JUL2021,,1180278,30,,0
56080,2,BANKNIFTY OPTIDX 08JUL2021 35600 PE,,1199416,30,,0
56080,2,BANKNIFTY OPTIDX 08JUL2021 35800 CE,,1199198,30,,0
56080,2,BANKNIFTY OPTIDX 08JUL2021 35800 PE,,1199832,30,,0
56080,2,NIFTY OPTIDX 15JUL2021 15900 CE,,1198081,30,,0
56080,2,NIFTY OPTIDX 15JUL2021 15900 PE,,1200109,30,,0
56080,2,BANKNIFTY OPTIDX 08JUL2021 35200 CE,,1198140,30,,0
56080,2,BANKNIFTY OPTIDX 15JUL2021 35000 PE,,1198245,30,,0
56080,2,BANKNIFTY OPTIDX 15JUL2021 35300 CE,,1199788,30,,0
56080,2,BANKNIFTY OPTIDX 15JUL2021 35600 CE,,1201334,30,,0
56080,2,BANKNIFTY OPTIDX 15JUL2021 35600 PE,,1201394,30,,0
56080,2,BANKNIFTY OPTIDX 15JUL2021 35000 CE,,1197519,30,,0
56080,2,BANKNIFTY OPTIDX 15JUL2021 35300 PE,,1200680,30,,0
56080,2,BANKNIFTY OPTIDX 15JUL2021 34800 PE,,1198365,30,,0
56080,2,BANKNIFTY OPTIDX 15JUL2021 35700 CE,,1200852,30,,0
56080,2,BANKNIFTY OPTIDX 15JUL2021 35400 CE,,1188835,30,,0
56080,2,BANKNIFTY OPTIDX 15JUL2021 35400 PE,,1200978,30,,0
56080,2,BANKNIFTY OPTIDX 22JUL2021 36000 CE,,1201294,30,,0
56080,2,BANKNIFTY OPTIDX 22JUL2021 36000 PE,,1202424,30,,0
56080,2,BANKNIFTY OPTIDX 22JUL2021 35800 CE,,1202901,30,,0
56080,2,BANKNIFTY OPTIDX 22JUL2021 35800 PE,,1202669,30,,0
200250,6,INE053F01010,,121940,50,IRFC - EQ /: INE053F01010,1
200250,6,INE084A01016,,104251,50,BANKINDIA -,1
200250,6,INE040A01034,,100128,50,HDFCBANK -,1
200250,6,INE001A01036,,100006,50,HDFC - EQ /: INE001A01036,1
200250,2,SETFNIF50 -,,105835,50,,0
200250,6,INE795G01014,,121455,50,HDFCLIFE -,1
200250,2,MAFANG - EQ /,,121991,50,,0
200250,6,INE463A01038,,101126,50,BERGEPAINT -,1
200250,6,INE021A01026,,100374,50,ASIANPAINT -,1
200250,2,MAFANG - EQ,,121991,50,,0
200250,2,MAFANG - B /,,121991,50,,0
21340,6,INE733E01010,,104519,50,INE733E01010: Ntpc-(INE733E01010),1
56080,2,NTPC OPTSTK 30SEP2021 125 CE,,1208581,30,,0
200250,6,INE237A01028,,100176,50,KOTAKBANK -,1
200250,6,INE600L01024,,105939,50,LALPATHLAB,1
15800,6,PP001ZG,,215613,60,PP001ZG-Parag Parikh Flexi Cap Fund - Direct Plan (formerly Parag Parikh Long Term Value Fund)(Advisor:,1
15800,6,P8176,,212945,60,P8176-ICICI Prudential Value Discovery Fund - Direct Plan - Growth (Advisor: DIRECT),1
15800,2,101LCDGG-Canara Robeco Blue Chip Equity Fund - Direct Growth(Advisor: 000000-0),,212969,60,,0
15800,2,129GAD1G-PGIM India Global Equity Opportunities Fund - Direct Plan - Growth,,224483,60,,0
74755,2,HDFC21SEP3300CE,,1223562,30,,0
74755,3,.zerodha,,7,-1,,0
200950,6,INE733E01010,,104519,50,NTPC LTD,1
200950,3,R K GLOBAL SHARES AND SECURITIES LTD.,,1,-1,,0
75220,2,OPTSTKNTPC28OCT2021 CE 125,,1219117,30,,0
75220,2,OPTSTKNTPC30SEP2021 CE 125,,1208581,30,,0
75220,3,R K GLOBAL SHARES AND SECURITIES LTD.,,1,-1,,0
51710,3,For :R K GLOBAL SHARES AND SECURITIES LTD.,,1,-1,,0
200175,2,BANKBARODA -,,104242,50,,0
200175,2,MAFANG -       EQ /,,121991,50,,0
200175,3,zerodha,,7,-1,,0
200175,6,INE216P01012,,121670,50,AAVAS -     A/: INE216P01012,1
200175,2,RELIANCE -,,100240,50,,0
75220,2,FUTSTKNTPC28OCT2021,,1209702,30,,0
200250,6,INE467B01029,,104511,50,TCS - EQ /: INE467B01029,1
56080,2,NTPC FUTSTK 28OCT2021,,1209702,30,,0
56080,2,NTPC OPTSTK 28OCT2021 125 CE,,1219117,30,,0
56080,2,HDFC OPTSTK 28OCT2021 3300 CE,,1225248,30,,0
56080,2,NTPC OPTSTK 28OCT2021 130 CE,,1218397,30,,0
56080,2,NTPC OPTSTK 26AUG2021 100 PE,,1220924,30,,0
75220,3,R K GLOBAL SHARES & SECURITIES LIMITED,,1,-1,,0
200950,3,R K GLOBAL SHARES & SECURITIES LIMITED,,1,-1,,0
200950,2,Ntpc-(INE733E07JP6),,104519,50,,0
200175,2,SETFNIF50 -,,105835,50,,0
200250,2,SETFNIF50 - B,,105835,50,,0
200250,6,INE726G01019,,121218,50,ICICIPRULI -,1
200250,6,INE062A08249,,426732,50,774SBIPER - F,1
200250,6,INE318A01026,,100246,50,PIDILITIND -,1
200250,6,INE280A01028,,100080,50,TITAN - EQ /: INE280A01028,1
200175,2,ABBOTINDIA -,,100340,50,,0
200175,2,BAJFINANCE -,,100023,50,,0
200175,2,HDFCBANK -,,100128,50,,0
200175,2,HDFCLIFE -,,121455,50,,0
200175,2,PIDILITIND -,,100246,50,,0
200250,6,INE358A01014,,100340,50,ABBOTINDIA -,1
200250,6,INE296A01024,,100023,50,BAJFINANCE -,1
200250,2,MON100 - EQ /,,105213,50,,0
200175,2,ASIANPAINT -,,100374,50,,0
200175,2,NIFTYBEES -,,105122,50,,0
200250,6,INE361B01024,,104474,50,DIVISLAB - EQ,1
56080,3,R K GLOBAL SHARES AND SECURITIES LTD.,,1,-1,,0
51690,3,For :R K GLOBAL SHARES AND SECURITIES LTD.,,1,-1,,0
51680,3,For :R K GLOBAL SHARES AND SECURITIES LTD.,,1,-1,,0
200175,6,INE001A01036,,100006,50,HDFC -     EQ /: INE001A01036,1
200250,6,INE002A01018,,100240,50,RELIANCE -,1
200175,6,INE596I01012,,121898,50,CAMS -     EQ /: INE596I01012,1
200175,6,INE009A01021,,100148,50,INFY -   EQ /: INE009A01021,1
200175,2,GMMPFAUDLR -,,100704,50,,0
200250,6,INE596I01012,,121898,50,CAMS - EQ /: INE596I01012,1
200175,2,BERGEPAINT -,,101126,50,,0
200250,6,INE009A01021,,100148,50,INFY - EQ /: INE009A01021,1
15800,6,TDIFGZ,,224110,60,TDIFGZ-Tata Digital India Fund Direct Plan Growth (Advisor: DIRECT),1
15800,2,101SCDGG-Canara Robeco Small Cap Fund - Direct Growth(Advisor: 000000-0),,229980,60,,0
200250,6,INE541A01023,,100704,50,GMMPFAUDLR,1
77295,3,Mirae Asset Capital Markets (India) Private Limited,,8,-1,,0
77290,3,Mirae Asset Capital Markets (India) Private Limited,,8,-1,,0
77290,2,OPTIDX NIFTY 28APR22 15500.00 PE,,1291077,30,,0
77290,2,OPTIDX NIFTY 28APR22 16000.00 PE,,1283782,30,,0
77290,2,OPTIDX NIFTY 28APR22 18000.00 CE,,1283832,30,,0
77290,2,OPTIDX NIFTY 28APR22 18500.00 CE,,1284394,30,,0
200250,6,INE481G01011,,104509,50,ULTRACEMCO,1
206845,6,INE318A01026,,100246,50,INE318A01026,1
206845,3,Mirae Asset Capital Markets (India) Private Limited,,8,-1,,0
206845,6,INE481G01011,,104509,50,INE481G01011,1
206845,2,INF200KA1FS1,,105835,50,,0
206845,6,INE155A01022,,100351,50,INE155A01022,1
206845,6,INE009A01021,,100148,50,INE009A01021,1
206845,6,INE0J1Y01017,,122242,50,INE0J1Y01017,1
200950,6,INE155A01022,,100351,50,TATA MOTORS LIMITED,1
206845,6,INE010V01017,,106129,50,INE010V01017,1
206845,6,INE596I01012,,121898,50,INE596I01012,1
15800,2,101SCDGG-Canara Robeco Small        Cap Fund  - Direct  Growth(Advisor:   000000-0),,229980,60,,0
15800,2,166TPDGG-Quant Tax Plan - Direct Plan(Advisor: 000000-0),,214000,60,,0
206845,6,INE127D01025,,121631,50,INE127D01025,1
200250,2,NIFTYBEES -,,105122,50,,0
15800,2,166TPDGG-Quant Tax Plan - Direct       Plan(Advisor:  000000-0),,214000,60,,0
200250,6,INE062A01020,,100078,50,SBIN - EQ /: INE062A01020,1
206845,6,INE242A01010,,103475,50,INE242A01010,1
15800,6,166GFDGG,,213971,60,166GFDGG-Quant Active Fund - Growth(Advisor: 000000-0),1
200250,6,INE020B07GH7,,425126,50,812REC27 - F /: INE020B07GH7,1
200950,6,INE053F07835,,425692,50,TAX FREE  7.53% SR. 103 A,1
206845,6,INE031A07AO5,,425726,50,INE031A07AO5,1
200250,2,11:00:01                SETFNIF50-EQ/INF200KA1FS1,,105835,50,,0
207290,2,SETFNIF50-EQ/INF200KA1FS1,,105835,50,,0
207290,3,zerodha,,7,-1,,0
207290,6,INE031A07AO5,,425726,50,HUDCO-N8/INE031A07AO5,1
207290,6,INE261F07032,,425742,50,NABARD-N2/INE261F07032,1
207290,6,INE795G01014,,121455,50,HDFCLIFE-EQ/INE795G01014,1
207290,6,INE906B07EP5,,425730,50,NHAI-NE/INE906B07EP5,1
15800,6,166IBDGG,,213950,60,166IBDGG-Quant Small Cap Fund - Direct Plan Growth(Advisor: 000000-0),1
207290,6,INE467B01029,,104511,50,TCS-EQ/INE467B01029,1
207290,6,INE245A01021,,100290,50,TATAPOWER-EQ/INE245A01021,1
207290,6,INE737H01014,,104669,50,FIEMIND-EQ/INE737H01014,1
207290,6,INE092T01019,,105907,50,IDFCFIRSTB-EQ/INE092T01019,1
207290,6,INE945P01024,,105721,50,WARDINMOBI-B/INE945P01024,1
207290,6,INE528G01035,,104558,50,YESBANK-EQ/INE528G01035,1
207290,6,INE541A01023,,100704,50,GMMPFAUDLR-,1
207290,6,INE001A01036,,100006,50,HDFC-EQ/INE001A01036,1
207290,6,INE481G01011,,104509,50,ULTRACEMCO-EQ/INE481G01011,1
207290,6,INE062A01020,,100078,50,SBIN-EQ/INE062A01020,1
200250,6,INE245A01021,,100290,50,TATAPOWER -,1
15800,6,TMONGZ,,213538,60,TMONGZ-Tata Liquid Fund Direct Plan - Growth (formerly Tata Money Market Fund)(Advisor: DIRECT),1
207290,6,INE101A01026,,100346,50,M&M-EQ/INE101A01026,1
207290,6,INE009A01021,,100148,50,INFY-EQ/INE009A01021,1
207290,6,INE596I01012,,121898,50,CAMS-EQ/INE596I01012,1
207290,6,INE018E01016,,121845,50,SBICARD-EQ/INE018E01016,1
15800,2,101SCDGG-Canara Robeco Small Cap Fund -         Direct Growth(Advisor: 000000-0),,229980,60,,0
207290,6,INE237A01028,,100176,50,KOTAKBANK-EQ/INE237A01028,1
207290,6,INE672A01018,,100407,50,TATAINVEST-EQ/INE672A01018,1
207290,6,INE010V01017,,106129,50,LTTS-EQ/INE010V01017,1
207290,2,SETFNIF50 -,,105835,50,,0
200950,6,INE182D01020,,100517,50,MARATHON NXTGEN REALT LTD,1
15800,2,101LCDGG-Canara Robeco Blue Chip Equity Fund - Direct Growth,,212969,60,,0
15800,2,101SCDGG-Canara Robeco Small Cap Fund - Direct Growth,,229980,60,,0
207290,6,INE031A07AT4,,425734,50,HUDCO-N9/INE031A07AT4,1
207290,6,INE075A01022,,100975,50,WIPRO-EQ/INE075A01022,1
15800,2,166PEDGG-Quant Flexi Cap Fund - Direct Plan Growth,,213970,60,,0
207290,6,IN0020200377,,426785,50,SGBJAN29IX-GB/IN0020200377,1
200950,6,INE261F07032,,425742,50,7.64% TAX FREE TRI SRIIB,1
200950,2,NIPPON INDIA ETF NIFTY IT,,121858,50,,0
200950,6,INE092T01019,,105907,50,IDFC FIRST BANK LIMITED,1
207290,6,INE021A01026,,100374,50,ASIANPAINT-EQ/INE021A01026,1
200950,6,INE733E07JP6,,425629,50,8.49% SEC NON-CUM RED NCD,1
200950,6,INE101A01026,,100346,50,MAHINDRA & MAHINDRA LTD,1
15800,2,101SCDGG-Canara Robeco Small Cap Fund -         Direct Growth,,229980,60,,0
15800,2,166TPDGG-Quant Tax Plan - Direct Plan,,214000,60,,0
207290,6,INE476A01014,,104471,50,CANBK-EQ/INE476A01014,1
207290,6,INE351F01018,,104541,50,JPPOWER-EQ/INE351F01018,1
207290,6,INE0J1Y01017,,122242,50,LICI-EQ/INE0J1Y01017,1
207290,6,INE461C01038,,103037,50,GREENPLY-EQ/INE461C01038,1
200950,6,INE0J1Y01017,,122242,50,LIFE INSURANCE CORPORATION OF INDIA,1
200950,6,INE596I01012,,121898,50,COMPUTER AGE MNGT SER LTD,1
200950,6,INE476A01014,,104471,50,CANARA BANK,1
207290,6,INE129A01019,,104254,50,GAIL-EQ/INE129A01019,1
15800,2,166PEDGG-Quant Flexi Cap Fund -       Direct Plan Growth,,213970,60,,0
207290,2,ARHAM-ST/INE0L2Y01011,,122409,50,,0
15800,2,166PEDGG-Quant Flexi Cap Fund - Direct Plan        Growth,,213970,60,,0
200950,6,INE084A01016,,104251,50,BANK OF INDIA,1
15800,2,166PEDGG-Quant Flexi Cap Fund -       Direct Plan  Growth,,213970,60,,0
207290,6,INE296A01024,,100023,50,BAJFINANCE-EQ/INE296A01024,1
15800,6,128OGGPG,,229252,60,128OGGPG-Axis Growth Opportunities Fund - Regular           Growth(Advisor: ARN-9529),1
15800,6,LD346G,,217678,60,LD346G-SBI Small Cap Fund Direct Growth (formerly SBI Small & Midcap Fund)(Advisor: INA100012190),1
15800,6,PIMPG,,201777,60,PIMPG-ICICI Prudential Regular Savings Fund - Growth (formerly ICICI Prudential MIP 25 erstwhile ICICI,1
15800,6,P15,,201363,60,P15-ICICI Prudential Multi-Asset Fund - Growth (formerly ICICI Prudential Mutual Fund - Dynamic Plan)(Advisor:,1
15800,6,HINNP,,201336,60,HINNP-HDFC Index Fund-NIFTY 50 Plan - Regular Plan (formerly HDFC Index Fund - Nifty Plan)(Advisor: ARN-30583),1
15800,6,H54,,200389,60,H54-HDFC Low Duration Fund - Regular Plan - Growth (formerly HDFC Cash Management Fund - Treasury Advantage,1
15800,6,RMFCPGPG,,227829,60,RMFCPGPG-NIPPON INDIA ULTRA SHORT DURATION               FUND   -GROWTH     OPTION - GROWTH PLAN(Advisor:,1
15800,6,RMFLEGPG,,205542,60,RMFLEGPG-NIPPON INDIA FOCUSED EQUITY FUND - GROWTH PLAN GROWTH OPTION(Advisor: ARN-0005),1
15800,6,120MSGPG,,205535,60,120MSGPG-Invesco India Multicap Fund - Growth(Advisor: ARN-15349),1
15800,6,L079B,,202506,60,L079B-SBI Savings Fund - Regular Plan - Growth (Advisor: ARN-15349),1
15800,6,FTI168,,202465,60,FTI168-Franklin India Savings Fund Retail Option - Growth        (Advisor: ARN-15349),1
15800,6,RMFGLRGG,,202318,60,RMFGLRGG-NIPPON INDIA GILT SECURITIES FUND - GROWTH PLAN GROWTH OPTION(Advisor: ARN-15349),1
15800,6,D60,,202238,60,D60-DSP Government Securities Fund - Regular Plan - Growth (Advisor: ARN-15349),1
15800,6,H22,,201774,60,H22-HDFC Prudence Fund - Regular Plan - Growth (Advisor: ARN-15349),1
15800,6,L091G,,201615,60,L091G-SBI Magnum MidCap Fund - Regular Plan - Growth (Advisor: ARN-15349),1
15800,6,RMFSEGPG,,201577,60,RMFSEGPG-NIPPON INDIA VALUE FUND - GROWTH PLAN GROWTH OPTION(Advisor: ARN-15349),1
15800,6,RMFEFGPG,,201539,60,RMFEFGPG-NIPPON INDIA FOCUSED LARGE CAP FUND - GROWTH PLAN GROWTH OPTION(Advisor: ARN-0005),1
15800,6,P1191,,201378,60,P1191-ICICI Prudential Bluechip Fund - Growth (formerly ICICI Prudential Focused Bluechip Equity Fund)(Advisor:,1
15800,6,HPREG,,201340,60,HPREG-HDFC Hybrid Equity Fund - Regular Plan - Growth (formerly HDFC Premier Multi-Cap Fund erstwhile,1
15800,6,HGFG,,201335,60,HGFG-HDFC Balanced Advantage Fund - Regular Plan - Growth (formerly HDFC Growth                  Fund,1
15800,6,H01,,201332,60,H01-HDFC Flexi Cap Fund - Regular Plan - IDCW# - Reinvest(Advisor:          ARN-0353),1
15800,6,FTI224,,201324,60,FTI224-Templeton India EQUITY INCOME FUND           -IDCW#   -Reinvest(Advisor: ARN-30583),1
15800,6,FTI001,,201316,60,FTI001-Franklin India PRIMA FUND - IDCW# - Reinvest(Advisor:         ARN-9529),1
15800,6,FTI201,,201307,60,FTI201-Franklin India Equity Advantage Fund - Growth (Advisor: ASC8500363),1
15800,6,FTI200,,201306,60,FTI200-Franklin India Equity Advantage Fund - IDCW#        - Reinvest(Advisor:   ARN-30583),1
15800,6,FTI006,,201304,60,FTI006-Franklin India BLUECHIP FUND - IDCW# -        Reinvest(Advisor:   ARN-0353),1
15800,6,D66,,201273,60,D66-DSP Equity Opportunities Fund - Regular - Growth (formerly DSP Opportunities Fund)(Advisor: ARN-15349),1
15800,6,D167,,201262,60,D167-DSP Flexi Cap Fund - Regular Plan - Growth (Advisor: ARN-15349),1
15800,6,RMFSTGPG,,200891,60,RMFSTGPG-NIPPON INDIA SHORT TERM FUND - GROWTH PLAN GROWTH OPTION(Advisor: ARN-15349),1
15800,6,P24,,200538,60,P24-ICICI Prudential Short Term Fund - Growth Option         (formerly  ICICI Prudential  Short  Term,1
15800,6,P1532,,200465,60,P1532-ICICI Prudential Floating Interest Fund A - Growth (formerly ICICI Prudential Savings Fund)(Advisor:,1
15800,6,P1525,,200456,60,P1525-ICICI  Prudential Savings Fund - Growth      (formerly  ICICI Prudential   Mutual  Fund  - Flexible,1
15800,6,HSTG,,200417,60,HSTG-HDFC Regular Savings Fund - Regular Plan - Growth (Advisor: ARN-15349),1
15800,6,HIFG,,200405,60,HIFG-HDFC Income Fund - Regular Plan - Growth (Advisor: ARN-15349),1
15800,6,H59,,200382,60,H59-HDFC Low Duration Fund - Regular Plan - Daily IDCW# (formerly           HDFC  Cash  Management,1
15800,6,FTI104,,200344,60,FTI104-Franklin India Short Term Income       Plan - Retail Plan - Growth   (Advisor: ARN-15349),1
15800,2,120F9GPG-Invesco India Flexi Cap Fund - Regular Plan Growth(Advisor: ARN-113802),,232444,60,,0
15800,2,120GLRGG-Invesco India Gilt Fund - Growth(Advisor: ARN-113802),,202298,60,,0
15800,2,120MTGPG-Invesco India Ultra Short Term Fund - Growth(Advisor: ARN-113802),,200790,60,,0
15800,2,MMMFCRG-Mahindra Manulife Flexi Cap Yojana - Regular - Growth (Advisor: ARN-15349),,232079,60,,0
15800,2,MMMSYRG-Mahindra Manulife Low Duration Fund - Regular - Growth (formerly                Mahindra   ALP-Samay,,225801,60,,0
15800,2,MMMBYRG-Mahindra Manulife Multi Cap Badhat Yojana - Regular - Growth (Advisor: ARN-15349),,226366,60,,0
15800,2,MMMNYRG-Mahindra Manulife Top 250 Nivesh Yojana - Regular - Growth (Advisor: ARN-113802),,231048,60,,0
15800,2,RMFE1GPG-NIPPON INDIA CLOSE ENDED          EQUITY   FUND  - SERIES A - GROWTH PLAN(Advisor: ARN-47791),,217937,60,,0
15800,6,RMFSHGPG,,207963,60,RMFSHGPG-NIPPON INDIA EQUITY HYBRID FUND             - GROWTH    PLAN GROWTH OPTION(Advisor: ARN-15349),1
15800,6,RMFFRGPG,,202500,60,RMFFRGPG-NIPPON INDIA FLOATING RATE FUND - GROWTH PLAN - GROWTH OPTION(Advisor: ARN-15349),1
15800,6,HILG,,202473,60,HILG-HDFC Floating Rate Income Fund - Long Term Plan - Regular Plan - Growth (Advisor: ARN-15349),1
15800,6,L24G,,201790,60,L24G-SBI Equity Hybrid Fund Regular Growth (formerly          SBI Magnum    Balanced  Fund)(Advisor:,1
15800,6,FTI045,,201763,60,FTI045-Franklin India Equity Hybrid Fund - Growth (Advisor:        ARN-15349),1
15800,6,L007G,,201602,60,L007G-SBI Magnum Equity ESG Fund Regular Growth (formerly SBI Magnum               Equity  Fund)(Advisor:,1
15800,6,RMFGSGPG,,201584,60,RMFGSGPG-NIPPON INDIA VISION FUND - GROWTH PLAN GROWTH OPTION(Advisor: ARN-15349),1
15800,6,P121,,201390,60,P121-ICICI Prudential Multicap Fund - Growth (Advisor: ARN-15349),1
15800,6,PIFG,,201388,60,PIFG-ICICI Prudential Infrastructure Fund - Growth (Advisor: ARN-15349),1
15800,6,PESG,,201367,60,PESG-ICICI Prudential MidCap Fund - Growth (Advisor: ARN-15349),1
15800,6,PDFG,,201361,60,PDFG-ICICI Prudential Value Discovery Fund - Growth         (Advisor: ARN-15349),1
15800,6,FTI036,,201317,60,FTI036-Franklin India PRIMA FUND - Growth (Advisor: ARN-15349),1
15800,6,L148RG,,200933,60,L148RG-SBI SHDF-Short Term-Retail       Plan-Growth    (Advisor: ARN-15349),1
15800,6,P27,,200469,60,P27-ICICI Prudential Savings Fund - Premium - Growth (formerly ICICI Prudential           Mutual   Fund,1
15800,6,FTI016,,200337,60,FTI016-Franklin India Corporate Debt Fund - Plan B - Growth         (Advisor: ARN-15349),1
15800,2,FTI062-Franklin India Corporate Debt Fund - Plan B - Half Yearly IDCW# - Reinvest(Advisor: ARN-15349),,200338,60,,0
15800,2,MMMSYRG-Mahindra Manulife Low Duration Fund - Regular - Growth (formerly Mahindra ALP-Samay Bachat,,225801,60,,0
15800,2,L031-SBI - Magnum Insta Cash Fund - Cash Option (Advisor: ARN-15349),,202141,60,,0
15800,6,166OFDGG,,213968,60,166OFDGG-Quant Mid Cap Fund - Growth,1
15800,2,166PEDGG-Quant Flexi Cap Fund -       Direct  Plan Growth,,213970,60,,0
15800,6,LD036G,,212724,60,LD036G-SBI Contra Fund - Direct Plan - Growth (Advisor: DIRECT),1
15800,2,166PEDGG-Quant Flexi Cap Fund        -Direct  Plan Growth,,213970,60,,0
207290,6,INF204KB16I7,,105271,50,PSUBNKBEES-EQ/INF204KB16I7,1
15800,6,RMFEAAGG,,212782,60,RMFEAAGG-NIPPON INDIA LARGE CAP FUND - DIRECT GROWTH PLAN GROWTH OPTION,1
206845,6,INE906B07EP5,,425730,50,INE906B07EP5,1
206845,6,INE020B07GH7,,425126,50,INE020B07GH7,1
15800,6,HUSTGT,,229013,60,HUSTGT-HDFC Ultra Short Term Fund - Direct Growth (Advisor: DIRECT),1
15800,6,128USGPG,,228918,60,128USGPG-Axis Ultra Short Term       Fund  - Regular  Growth(Advisor:   ARN-133121),1
15800,6,PPLFG,,227778,60,PPLFG-Parag Parikh Liquid Fund Regular Plan Growth (Advisor: ARN-133121),1
15800,6,PPLFGZ,,227774,60,PPLFGZ-Parag Parikh Liquid Fund Direct Plan Growth (Advisor: DIRECT),1
15800,6,117STRGG,,227448,60,117STRGG-Mirae Asset Short Term Fund - Regular Growth(Advisor: ARN-133121),1
15800,6,128MLGPG,,226809,60,128MLGPG-Axis Flexi Cap Fund - Regular Growth(Advisor: ARN-133121),1
15800,6,129DEG1G,,222860,60,129DEG1G-PGIM India Flexi Cap Fund - Direct Plan - Growth,1
15800,6,L346G,,217676,60,L346G-SBI Small Cap Fund Regular Growth (formerly SBI Small          & Midcap Fund)(Advisor:     ARN-133121),1
15800,6,PP001RG,,215614,60,PP001RG-Parag Parikh Flexi Cap Fund - Regular Plan (formerly Parag Parikh Long Term Value Fund)(Advisor:,1
15800,6,H01T,,213441,60,H01T-HDFC    Flexi Cap Fund - Direct Plan - IDCW#     - Payout(Advisor: DIRECT),1
15800,6,B02Z,,213202,60,B02Z-Aditya Birla Sun Life Tax Relief '96 Fund (ELSS U/S 80C of IT ACT) - IDCW# -Direct Plan - Payout(Advisor:,1
15800,6,101CYGPG,,209378,60,101CYGPG-Canara Robeco Short Duration Fund          - Regular  Growth(Advisor: ARN-133121),1
15800,6,101LCGPG,,208173,60,101LCGPG-Canara Robeco Blue Chip Equity Fund - Regular Growth(Advisor: ARN-133121),1
15800,6,117EBRDD,,208064,60,117EBRDD-Mirae Asset Emerging Bluechip Fund - Regular Plan IDCW# - Payout(Advisor:              ARN-133121),1
15800,6,128STGPG,,207607,60,128STGPG-Axis Short Term      Fund  - Regular  Growth(Advisor:    ARN-133121),1
15800,6,128EFDPD,,207585,60,128EFDPD-Axis Bluechip Fund - Regular IDCW# - Payout(Advisor: ARN-133121),1
15800,6,128TSGPG,,207579,60,128TSGPG-Axis Long Term Equity Fund - Regular Growth(Advisor: ARN-133121),1
15800,6,B02,,202387,60,B02-Aditya Birla Sun Life Tax Relief '96 Fund- (ELSS U/S 80C of IT ACT) - IDCW#-Regular Plan - Payout(Advisor:,1
15800,6,L24,,201789,60,L24-SBI Equity Hybrid Fund - Regular Plan - IDCW# (formerly SBI Magnum Balanced Fund) - Payout(Advisor:,1
15800,6,176SBDP,,201787,60,176SBDP-SUNDARAM AGGRESSIVE HYBRID FUND (FORMERLY                 KNOWN AS PRINCIPAL      HYBRID   EQUITY,1
15800,6,101GBDPD,,201752,60,101GBDPD-Canara Robeco Equity Hybrid Fund          - Regular Monthly   IDCW# - Payout(Advisor:     ARN-133121),1
15800,6,PEDWRD,,201372,60,PEDWRD-ICICI Prudential Balanced Advantage Fund - IDCW# - Payout(Advisor: ARN-82601),1
15800,6,HGFD,,201334,60,HGFD-HDFC Balanced Advantage Fund -          Regular  Plan - IDCW#   (formerly  HDFC  Growth   Fund  erstwhile,1
15800,6,101DVGPG,,201234,60,101DVGPG-Canara Robeco Flexi Cap Fund - Regular Growth(Advisor: ARN-82601),1
15800,6,101TASGG,,200219,60,101TASGG-Canara Robeco Ultra       Short Term Fund    - Regular  Growth(Advisor: ARN-133121),1
15800,2,166PEGPG-Quant Flexi Cap Fund -       Regular Plan Growth(Advisor: ARN-133121),,206624,60,,0
15800,2,166PEGPG-Quant Flexi Cap Fund -       Regular Plan Growth(Advisor: ARN-84803),,206624,60,,0
15800,2,129DEDPD-PGIM India Flexi Cap Fund - Regular Plan - IDCW# - Payout(Advisor: ARN-133121),,222861,60,,0
15800,2,129MDGPG-PGIM India Money Market Fund           - Regular Plan  - Growth(Advisor: ARN-133121),,231394,60,,0
15800,2,129MODPD-PGIM India Midcap Opportunities Fund - Regular Plan - IDCW# - Payout(Advisor:               ARN-133121),,217887,60,,0
15800,2,117TSD2D-Mirae Asset Tax Saver Fund - Direct IDCW# - Payout,,224130,60,,0
15800,2,117TSRDD-Mirae Asset Tax Saver Fund - Regular IDCW# - Payout(Advisor: ARN-133121),,224131,60,,0
15800,2,101TADGG-Canara Robeco Ultra Short Term Fund           -Direct  Growth,,212568,60,,0
15800,2,101SCGPG-Canara Robeco Small Cap Fund - Regular Growth(Advisor: ARN-29345),,229982,60,,0
15800,2,101SCDPD-Canara Robeco Small Cap Fund - Regular IDCW# - Payout(Advisor: ARN-133121),,229981,60,,0
15800,2,101CFDPD-Canara Robeco Consumer Trends Fund - Regular IDCW# - Payout(Advisor:                ARN-133121),,207419,60,,0
15800,2,128EHRDD-Axis Equity Hybrid Fund - Regular Regular IDCW# - Payout(Advisor: ARN-133121),,228663,60,,0
15800,2,128EHGPG-Axis Equity Hybrid Fund - Regular Growth(Advisor: ARN-133121),,228660,60,,0
207290,6,INE020B07GH7,,425126,50,812REC27-F/INE020B07GH7,1
200950,6,INE053F07900,,425738,50,TAX FREE  7.64% SR. 108A,1
200950,6,IN0020210228,,427087,50,2.50%GOLDBONDS2029SR-VIII,1
200950,6,IN0020210178,,427078,50,SOVEREIGN GOLD BONDS 2.5%,1
200950,6,IN0020200385,,426802,50,SGBJAN29X,1
200950,6,INE906B07EP5,,425730,50,TAX FREE 7.69% SR. IIB,1
200950,6,IN0020210061,,426928,50,SGBJUN29II,1
200950,6,IN0020210111,,426939,50,CENTRAL GOVERNMENT LOAN,1
200950,6,IN0020210087,,426931,50,SGBJU29III,1
200950,6,IN0020200427,,426850,50,SOVEREIGN GOLD BONDS 2.50,1
200950,6,IN0020190537,,426587,50,2.50%GOLDBONDS2028SR-VIII,1
15800,6,P61,,201776,60,P61-ICICI Prudential Equity & Debt Fund - Growth (formerly ICICI Prudential Balanced Fund)(Advisor: ARN-15349),1
15800,6,RMFEARGG,,201533,60,RMFEARGG-NIPPON INDIA LARGE CAP FUND - GROWTH PLAN GROWTH OPTION(Advisor: ARN-84803),1
15800,2,120GLRGG-Invesco India Gilt Fund - Regular Growth(Advisor: ARN-113802),,213731,60,,0
15800,2,120MTGPG-Invesco India Ultra Short Term Fund - Regular Growth(Advisor: ARN-113802),,208707,60,,0
15800,2,MMMFCRG-Mahindra Manulife Flexi Cap Fund - Regular - Growth (Advisor: ARN-15349),,232079,60,,0
15800,2,MMMBYRG-Mahindra Manulife Multi Cap Fund - Regular - Growth (Advisor: ARN-15349),,226366,60,,0
15800,2,MMMNYRG-Mahindra Manulife Large & Mid Cap Fund - Regular - Growth (Advisor: ARN-113802),,231048,60,,0
15800,2,RMFE1GPG-NIPPON INDIA CLOSE ENDED               EQUITY    FUND   - SERIES A - GROWTH PLAN(Advisor: ARN-47791),,229088,60,,0
15800,2,166PEGPG-Quant Flexi Cap Fund -            Regular Plan Growth(Advisor: ARN-84803),,206624,60,,0
15800,2,166LCGPG-Quant Large Cap Fund - Regular               Plan - Growth(Advisor: ARN-84803),,232843,60,,0
15800,2,166OFGPG-Quant Mid Cap Fund - Regular Plan(Advisor: ARN-84803),,201291,60,,0
15800,2,166IBGPG-Quant Small Cap Fund - Growth(Advisor: ARN-84803),,200313,60,,0
15800,2,166PEDGG-Quant Flexi Cap Fund -            Direct  Plan  Growth,,213970,60,,0
75220,2,OPTIDXNIFTY29JUN2023 CE 19100,,1486189,30,,0
75220,2,OPTIDXNIFTY29JUN2023 PE 18150,,1471125,30,,0
207290,2,GOLDBEES-E/INF204KB17I5,,105124,50,,0
75220,2,OPTIDXNIFTY08JUN2023 CE 18750,,1490098,30,,0
75220,2,OPTIDXNIFTY08JUN2023 CE 18850,,1489231,30,,0
75220,2,OPTIDXNIFTY08JUN2023 CE 19000,,1485017,30,,0
75220,2,OPTIDXNIFTY08JUN2023 PE 18250,,1484107,30,,0
75220,2,OPTIDXNIFTY08JUN2023 PE 18350,,1483821,30,,0
75220,2,OPTIDXNIFTY29JUN2023 CE 18950,,1489881,30,,0
200950,6,IN0020210053,,426929,50,2.5%GOLDBONDS2029SR-I,1
15800,2,166LFDGG-Quant Liquid Fund - Direct Plan,,213926,60,,0
75220,2,OPTIDXNIFTY29JUN2023 PE 18400,,1470567,30,,0
75220,2,OPTIDXNIFTY08JUN2023 CE 18800,,1087102,30,,0
75220,2,OPTIDXNIFTY08JUN2023 PE 18450,,1486316,30,,0
75220,2,OPTIDXNIFTY15JUN2023 CE 18950,,1495677,30,,0
75220,2,OPTIDXNIFTY15JUN2023 PE 18300,,1485491,30,,0
75220,2,OPTIDXNIFTY15JUN2023 CE 18850,,1488406,30,,0
75220,2,OPTIDXNIFTY29JUN2023 CE 18850,,1485696,30,,0
75220,2,OPTIDXNIFTY15JUN2023 PE 18450,,1486131,30,,0
75220,2,OPTIDXNIFTY15JUN2023 PE 18550,,1493225,30,,0
207290,6,INE0J0B01017,,122088,50,KOTYARK-SM/INE0J0B01017,1
75220,2,OPTIDXNIFTY15JUN2023 PE 18350,,1485975,30,,0
75220,2,OPTIDXNIFTY15JUN2023 CE 18750,,1494739,30,,0
75220,2,OPTIDXNIFTY15JUN2023 CE 18800,,1490774,30,,0
75220,2,OPTIDXNIFTY22JUN2023 CE 18950,,1498548,30,,0
75220,2,OPTIDXNIFTY22JUN2023 CE 19000,,1496807,30,,0
75220,2,OPTIDXNIFTY22JUN2023 PE 18300,,1488659,30,,0
75220,2,OPTIDXNIFTY22JUN2023 PE 18400,,1489632,30,,0
75220,2,OPTIDXNIFTY22JUN2023 PE 18450,,1489838,30,,0
75220,2,OPTIDXNIFTY22JUN2023 PE 18600,,1492318,30,,0
75220,2,OPTIDXNIFTY22JUN2023 PE 18000,,1489630,30,,0
75220,2,OPTIDXNIFTY27JUL2023 PE 17800,,1478871,30,,0
75220,2,OPTIDXNIFTY27JUL2023 PE 18100,,1479819,30,,0
75220,2,OPTIDXNIFTY27JUL2023 PE 18400,,1481751,30,,0
75220,2,OPTIDXNIFTY22JUN2023 PE 18700,,1489160,30,,0
75220,2,OPTIDXNIFTY27JUL2023 PE 18600,,1482280,30,,0
75220,2,OPTIDXNIFTY27JUL2023 CE 19300,,1489308,30,,0
75220,2,OPTIDXNIFTY29JUN2023 CE 19250,,1494054,30,,0
75220,2,OPTIDXNIFTY29JUN2023 PE 18000,,1385192,30,,0
75220,2,OPTIDXNIFTY29JUN2023 PE 18450,,1478773,30,,0
75220,2,OPTIDXNIFTY29JUN2023 CE 19150,,1471022,30,,0
75220,2,OPTIDXNIFTY29JUN2023 PE 18500,,1467143,30,,0
75220,2,OPTIDXNIFTY29JUN2023 CE 19050,,1493160,30,,0
75220,2,OPTIDXNIFTY29JUN2023 PE 18600,,1479573,30,,0
75220,2,OPTIDXNIFTY27JUL2023 PE 18500,,1479858,30,,0
75220,2,OPTIDXNIFTY29JUN2023 CE 19000,,1344285,30,,0
207290,6,INE002A01018,,100240,50,RELIANCE-EQ/INE002A01018,1
75220,2,OPTIDXNIFTY29JUN2023 PE 18700,,1478048,30,,0
75220,2,OPTIDXNIFTY29JUN2023 CE 18800,,1482431,30,,0
75220,2,OPTIDXNIFTY29JUN2023 CE 18900,,1478451,30,,0
75220,2,OPTIDXNIFTY29JUN2023 PE 18550,,1480978,30,,0
75220,2,OPTIDXNIFTY29JUN2023 PE 18650,,1479093,30,,0
75220,2,OPTIDXNIFTY27JUL2023 CE 19100,,1496663,30,,0
75220,2,OPTIDXNIFTY27JUL2023 PE 18300,,1480637,30,,0
75220,2,OPTIDXNIFTY27JUL2023 PE 18800,,1482966,30,,0
75220,2,OPTIDXNIFTY06JUL2023 CE 19050,,1501144,30,,0
75220,2,OPTIDXNIFTY06JUL2023 CE 19200,,1501812,30,,0
75220,2,OPTIDXNIFTY06JUL2023 PE 18600,,1496989,30,,0
75220,2,OPTIDXNIFTY06JUL2023 PE 18700,,1496578,30,,0
75220,2,OPTIDXNIFTY27JUL2023 PE 18900,,1483618,30,,0
75220,2,OPTIDXNIFTY27JUL2023 CE 19500,,1483812,30,,0
75220,2,OPTIDXNIFTY27JUL2023 PE 18950,,1494118,30,,0
75220,2,OPTIDXNIFTY06JUL2023 CE 19250,,1503160,30,,0
75220,2,OPTIDXNIFTY06JUL2023 CE 19300,,1501819,30,,0
75220,2,OPTIDXNIFTY06JUL2023 PE 18800,,1496539,30,,0
75220,2,OPTIDXNIFTY06JUL2023 PE 18950,,1502409,30,,0
75220,2,OPTIDXNIFTY06JUL2023 PE 19000,,1497793,30,,0
75220,2,OPTIDXNIFTY06JUL2023 PE 19050,,1500491,30,,0
75220,2,OPTIDXNIFTY27JUL2023 CE 19250,,1501693,30,,0
75220,2,OPTIDXNIFTY27JUL2023 CE 19400,,1500567,30,,0
75220,2,OPTIDXNIFTY27JUL2023 PE 19050,,1493907,30,,0
75220,2,OPTIDXNIFTY27JUL2023 CE 19750,,1501205,30,,0
75220,2,OPTIDXNIFTY06JUL2023 CE 19450,,1504614,30,,0
75220,2,OPTIDXNIFTY06JUL2023 PE 18000,,1497305,30,,0
75220,2,OPTIDXNIFTY06JUL2023 PE 19200,,1501462,30,,0
75220,2,OPTIDXNIFTY27JUL2023 CE 19700,,1501781,30,,0
75220,2,OPTIDXNIFTY06JUL2023 PE 18450,,1502151,30,,0
75220,2,OPTIDXNIFTY28JUN2023 CE 18900,,1478451,30,,0
75220,2,OPTIDXNIFTY28JUN2023 PE 18000,,1385192,30,,0
75220,2,OPTIDXNIFTY28JUN2023 PE 18550,,1480978,30,,0
75220,2,OPTIDXNIFTY28JUN2023 CE 18850,,1485696,30,,0
75220,2,OPTIDXNIFTY27JUL2023 PE 19150,,1492239,30,,0
75220,2,OPTIDXNIFTY27JUL2023 PE 19200,,1492234,30,,0
207290,6,INE043D01016,,104568,50,IDFC-EQ/INE043D01016,1
75220,2,OPTIDXNIFTY27JUL2023 CE 19800,,1486997,30,,0
75220,2,OPTIDXNIFTY27JUL2023 CE 19850,,1523179,30,,0
75220,2,OPTIDXNIFTY27JUL2023 CE 19900,,1506817,30,,0
75220,2,OPTIDXNIFTY27JUL2023 PE 19100,,1492182,30,,0
75220,2,OPTIDXNIFTY27JUL2023 PE 19250,,1494401,30,,0
75220,2,OPTIDXNIFTY27JUL2023 PE 19300,,1493129,30,,0
75220,2,OPTIDXNIFTY27JUL2023 CE 19650,,1506613,30,,0
75220,2,OPTIDXNIFTY20JUL2023 CE 19650,,1522463,30,,0
75220,2,OPTIDXNIFTY20JUL2023 CE 19750,,1522749,30,,0
75220,2,OPTIDXNIFTY20JUL2023 PE 18750,,1502328,30,,0
75220,2,OPTIDXNIFTY20JUL2023 PE 19150,,1521289,30,,0
75220,2,OPTIDXNIFTY20JUL2023 CE 19700,,1522956,30,,0
75220,2,OPTIDXNIFTY20JUL2023 PE 19200,,1521273,30,,0
75220,2,OPTIDXNIFTY20JUL2023 PE 19300,,1521638,30,,0
75220,2,OPTIDXNIFTY20JUL2023 PE 19350,,1521268,30,,0
75220,2,OPTIDXNIFTY20JUL2023 PE 19400,,1502296,30,,0
75220,2,OPTIDXNIFTY20JUL2023 PE 19450,,1520554,30,,0
75220,2,OPTIDXNIFTY27JUL2023 PE 19350,,1494393,30,,0
75220,2,OPTIDXNIFTY20JUL2023 CE 19800,,1520022,30,,0
75220,2,OPTIDXNIFTY20JUL2023 PE 19500,,1520536,30,,0
75220,2,OPTIDXNIFTY20JUL2023 PE 19550,,1521747,30,,0
75220,2,OPTIDXNIFTY20JUL2023 PE 19600,,1522876,30,,0
75220,2,OPTIDXNIFTY27JUL2023 PE 19400,,1493123,30,,0
75220,2,OPTIDXNIFTY27JUL2023 PE 19450,,1493908,30,,0
75220,2,OPTIDXNIFTY27JUL2023 PE 19500,,1484818,30,,0
75220,2,OPTIDXNIFTY27JUL2023 PE 19550,,1493910,30,,0
75220,2,OPTIDXNIFTY20JUL2023 CE 19850,,1503887,30,,0
75220,2,OPTIDXNIFTY20JUL2023 PE 19650,,1522296,30,,0
75220,2,OPTIDXNIFTY20JUL2023 PE 19700,,1522763,30,,0
75220,2,OPTIDXNIFTY27JUL2023 PE 19650,,1501497,30,,0
75220,2,OPTIDXBANKNIFTY27JUL2023 PE 44900,,1495169,30,,0
75220,2,OPTIDXBANKNIFTY27JUL2023 PE 45300,,1495168,30,,0
75220,2,OPTIDXNIFTY20JUL2023 CE 19900,,1523170,30,,0
75220,2,OPTIDXNIFTY20JUL2023 PE 19750,,1522885,30,,0
75220,2,OPTIDXNIFTY27JUL2023 CE 19950,,1521755,30,,0
75220,2,OPTIDXNIFTY27JUL2023 CE 20100,,1520048,30,,0
75220,2,OPTIDXNIFTY27JUL2023 PE 19750,,1503571,30,,0
75220,2,OPTIDXNIFTY20JUL2023 PE 19250,,1521035,30,,0
75220,2,OPTIDXNIFTY27JUL2023 CE 20000,,1494311,30,,0
75220,2,OPTIDXNIFTY27JUL2023 CE 20050,,1524025,30,,0
75220,2,OPTIDXNIFTY27JUL2023 PE 19800,,1486022,30,,0
75220,2,OPTIDXNIFTY27JUL2023 PE 19850,,1523054,30,,0
75220,2,OPTIDXNIFTY27JUL2023 PE 19700,,1504142,30,,0
15800,6,RMFSCGPG,,208273,60,RMFSCGPG-NIPPON INDIA SMALL CAP FUND - GROWTH PLAN GROWTH OPTION(Advisor: ARN-84803),1
15800,6,TDIFG,,224113,60,TDIFG-Tata Digital India Fund Regular Plan Growth (Advisor: ARN-162472),1
15800,6,UKLMRDP,,230995,60,UKLMRDP-Union Large and Midcap Fund - Regular Plan                  - IDCW# Payout - Payout(Advisor:,1
15800,6,108INGPG,,201730,60,108INGPG-UTI Infrastructure Fund - Regular Plan(Advisor: ARN-0019),1
15800,6,116MPRDD,,231493,60,116MPRDD-BANK OF INDIA Flexi Cap Fund - Regular - IDCW# - Payout(Advisor: ARN-17297),1
15800,6,TIPHG,,224125,60,TIPHG-Tata     India Pharma & Healthcare Fund Regular             Plan  Growth    (Advisor:   ARN-162472),1
15800,6,129DEDPD,,222861,60,129DEDPD-PGIM India Flexi Cap Fund - Regular Plan - IDCW# - Payout(Advisor: ARN-17297),1
15800,6,120MSDPD,,205534,60,120MSDPD-Invesco India Multicap Fund - IDCW# - Payout(Advisor: ARN-17297),1
15800,6,128EFGPG,,207586,60,128EFGPG-Axis Bluechip Fund - Regular             Growth(Advisor:     ARN-0019),1
15800,6,FTI410,,210791,60,FTI410-Franklin India Feeder - Franklin U S Opportunities               Fund -  Growth (Advisor: SCRIPON),1
15800,6,FTI303,,201300,60,FTI303-Franklin Asian Equity Fund - IDCW# - Payout(Advisor: ARN-0019),1
15800,6,176IADP,,220206,60,176IADP-SUNDARAM INFRASTRUCTURE ADVANTAGE FUND REGULAR IDCW# PAYOUT - Payout(Advisor: ARN-0019),1
15800,6,Y1036,,232799,60,Y1036-WOC      Flexi Cap Fund Regular Plan- IDCW# - Reinvest(Advisor:               ARN-17297),1
15800,6,OEOID,,201349,60,OEOID-HSBC Flexi Cap Fund - Regular IDCW# (Formerly                 HSBC India Opportunities        Fund),1
15800,6,101FEDPD,,231903,60,101FEDPD-Canara Robeco Focused Equity              Fund   -Regular    IDCW#   - Payout(Advisor:     ARN-17297),1
15800,6,128SCDGG,,217882,60,128SCDGG-Axis Small Cap Fund Direct Growth,1
15800,6,120EQGPG,,232660,60,120EQGPG-Invesco India - Invesco EQQQ NASDAQ-100                  ETF  Fund of   Fund - Regular     Plan,1
15800,6,176EGDP,,205561,60,176EGDP-Sundaram Energy Opportunities Fund IDCW# PAYOUT - Payout(Advisor: ARN-0019),1
15800,6,TINFG,,201683,60,TINFG-Tata Infrastructure Fund Regular Plan - Growth                (Advisor: ARN-1390),1
15800,6,101MDGPG,,233237,60,101MDGPG-Canara Robeco Mid Cap Fund - Regular Growth(Advisor: ARN-162472),1
15800,6,G208,,205502,60,G208-Bandhan Large Cap Fund-IDCW#-(Regular Plan) (erstwhile IDFC Large Cap                        Fund-IDCW#-Regular,1
15800,6,105BADPD,,201434,60,105BADPD-JM Value Fund - (Regular) - IDCW# Option - Payout(Advisor: ARN-0019),1
15800,6,K488,,230918,60,K488-Kotak     Pioneer Fund- IDCW#(Regular Plan) - Payout(Advisor:              ARN-17297),1
15800,6,128VFDPD,,232136,60,128VFDPD-Axis Value Fund Regular IDCW# - Payout(Advisor: ARN-17297),1
15800,6,120GFGPG,,201495,60,120GFGPG-Invesco India Growth Opportunities Fund - Regular Growth(Advisor: ARN-84967),1
15800,2,OFEF-D-L&T Flexicap Fund - IDCW# (Formerly L&T Equity Fund - Dividend) - Payout(Advisor: ARN-0019),,212061,60,,0
15800,2,105AGDPD-JM Agri & Infra Fund - IDCW# Plan - Payout(Advisor: ARN-0019),,205512,60,,0
15800,2,MMMBYRD-Mahindra Manulife Multi Cap Fund - Regular - IDCW# - Payout(Advisor:,,226365,60,,0
15800,2,108FAGPG-UTI - INFRASTRUCTURE ADVANTAGE FUND - SERIES I - Regular Plan(Advisor: ARN-0019),,205573,60,,0
75220,2,OPTIDXBANKNIFTY27JUL2023 PE 45800,,1495497,30,,0
75220,2,OPTIDXBANKNIFTY27JUL2023 PE 46200,,1494760,30,,0
75220,2,OPTIDXNIFTY27JUL2023 PE 19600,,1494105,30,,0
15800,6,166LFDGG,,213926,60,166LFDGG-Quant Liquid Fund - Direct Plan - ISIN: INF966L01820,1
15800,6,129GAD1G,,224483,60,129GAD1G-PGIM India Global Equity Opportunities Fund - Direct Plan - Growth - ISIN: INF223J01NF2,1
15800,6,101LCDGG,,212969,60,101LCDGG-Canara Robeco Blue Chip Equity Fund - Direct Growth - ISIN: INF760K01FR2,1
207290,6,INE304A01026,,100328,50,MUKANDLTD-EQ/INE304A01026,1
207290,6,INE275B01026,,101158,50,HUHTAMAKI-EQ/INE275B01026,1
207290,6,INE765G01017,,121408,50,ICICIGI-EQ/INE765G01017,1
207290,6,INE731H01025,,104663,50,ACE-EQ/INE731H01025,1
207290,6,INE488V01015,,121335,50,PSPPROJECT-EQ/INE488V01015,1
207290,6,INE228A01035,,101918,50,USHAMART-EQ/INE228A01035,1
207290,6,INE205B01023,,100756,50,ELECON-EQ/INE205B01023,1
207290,6,INE631A01022,,102301,50,SHANTIGEAR-EQ/INE631A01022,1
207290,6,INE663B01015,,102374,50,CONTROLPR-EQ/INE663B01015,1
207290,6,INE024L01027,,105175,50,GRAVITA-EQ/INE024L01027,1
207290,6,INE320B01020,,102020,50,CENTUM-BE/INE320B01020,1
207290,6,INE292B01021,,101945,50,HBLPOWER-EQ/INE292B01021,1
207290,6,INE835B01035,,102867,50,MOLDTECH-EQ/INE835B01035,1
207290,6,INE127I01024,,103358,50,GOODLUCK-EQ/INE127I01024,1
207290,6,INE386D01027,,101579,50,SBCL-EQ/INE386D01027,1
207290,6,INE045A01017,,101907,50,ADORWELD-EQ/INE045A01017,1
207290,6,INE285K01026,,100717,50,TECHNOE-EQ/INE285K01026,1
207290,6,INE291D01011,,104197,50,KDDL-EQ/INE291D01011,1
207290,6,INE02PY01013,,121867,50,BOROLTD-EQ/INE02PY01013,1
207290,6,INE887G01027,,104544,50,GOKEX-EQ/INE887G01027,1
207290,6,INE05AN01011,,121821,50,HINDWAREAP-EQ/INE05AN01011,1
207290,6,INE884B01025,,100174,50,KIRLFER-EQ/INE884B01025,1
207290,6,INE955V01021,,121729,50,ARVINDFASN-EQ/INE955V01021,1
207290,6,INE845D01014,,101744,50,GANECOS-EQ/INE845D01014,1
200950,6,INE285K01026,,100717,50,TECHNO ELEC & ENG CO. LTD,1
200950,6,INE127I01024,,103358,50,GOODLUCK INDIA LIMITED,1
200950,6,INE663B01015,,102374,50,CONTROL PRINT LIMITED,1
200950,6,INE320B01020,,102020,50,CENTUM ELECTRONICS LTD,1
200950,6,INE291D01011,,104197,50,KDDL LIMITED,1
200950,6,INE631A01022,,102301,50,SHANTHI GEARS LTD,1
200950,6,INE02PY01013,,121867,50,BOROSIL LIMITED,1
200950,6,INE488V01015,,121335,50,PSP PROJECTS LIMITED,1
200950,6,INE292B01021,,101945,50,HBL POWER SYSTEMS LTD.,1
200950,6,INE205B01023,,100756,50,ELECON ENG. CO. LTD,1
200950,6,INE386D01027,,101579,50,SHIVALI BIME,1
200950,6,INE024L01027,,105175,50,GRAVITA INDIA LIMITED,1
200950,6,INE845D01014,,101744,50,GANESHA ECOSPHERE LIMITED,1
200950,6,INE887G01027,,104544,50,GOKALDAS EXPORTS LTD.,1
200950,6,INE045A01017,,101907,50,ADOR WELDING LTD,1
200950,6,INE835B01035,,102867,50,MOLD-TEK TECHNOLOGIES LTD,1
200950,6,INE731H01025,,104663,50,ACTION CONST EQUIP LTD,1
200950,6,INE884B01025,,100174,50,KIRLOSKAR FERROUS IND LTD,1
200950,6,INE955V01021,,121729,50,ARVIND FASHIONS LIMITED,1
200950,6,INE228A01035,,101918,50,USHA MARTIN LTD.,1
200950,6,INE05AN01011,,121821,50,HINDWARE HOME INNOVATION,1
15800,6,166IBGPG,,200313,60,166IBGPG-Quant Small Cap Fund - Growth - ISIN: INF966L01AA0(Advisor: ARN-84803),1
15800,6,MMMUSRG,,230882,60,MMMUSRG-Mahindra Manulife Ultra Short Duration Fund- Regular - Growth - ISIN: INF174V01853(Advisor: ARN-244315),1
15800,6,D13,,201265,60,D13-DSP India T.I.G.E.R. Fund - Regular Plan - Growth - ISIN: INF740K01151(Advisor:,1
15800,6,166BFGPG,,201761,60,166BFGPG-Quant Absolute Fund            - Regular   Plan   Growth   - ISIN: INF966L01267(Advisor:,1
15800,6,166TKGPG,,233909,60,166TKGPG-quant TeCk Fund - Regular              Plan -  ISIN: INF966L01CQ2(Advisor: ARN-84803),1
15800,6,166DAGPG,,233698,60,166DAGPG-Quant Dynamic Asset Allocation Fund - Regular Plan Growth - ISIN: INF966L01BO9(Advisor: ARN-84803),1
15800,6,RMFLCGPG,,232061,60,RMFLCGPG-NIPPON INDIA FLEXI CAP FUND - GROWTH PLAN - ISIN: INF204KC1097(Advisor: ARN-84803),1
15800,6,L101G,,200911,60,L101G-SBI Multi Asset Allocation Fund Regular Growth (formerly SBI Magnum Monthly Income Plan Floater),1
15800,2,117MPRGG-Mirae Asset Multicap Fund - Regular Plan - ISIN: INF769K01KH4(Advisor: ARN-244315),,233877,60,,0
15800,6,MMMNYRG,,231048,60,MMMNYRG-Mahindra Manulife Large & Mid Cap Fund - Regular - Growth - ISIN: INF174V01911(Advisor: ARN-113802),1
15800,6,127DEGPG,,225345,60,127DEGPG-Motilal Oswal Balance Advantage Fund - Regular Plan Growth - ISIN: INF247L01585(Advisor: ARN-84803),1
15800,6,LD44,,212325,60,LD44-SBI Conservative Hybrid Fund Direct Growth (formerly SBI Magnum Monthly Income Plan) - ISIN: INF200K01TS8(Advisor:,1
15800,6,PPCHFGZ,,231922,60,PPCHFGZ-Parag Parikh Conservative Hybrid Fund - Direct Plan Growth - ISIN: INF879O01175(Advisor: DIRECT),1
207290,6,INE123F01029,,101627,50,MMTC-EQ/INE123F01029,1
207290,6,INE893I01013,,105077,50,VASCONEQ-EQ/INE893I01013,1
200950,6,INE893I01013,,105077,50,VASCON ENGINEERS LTD,1
207290,6,INE291A01017,,100357,50,GRWRHITECH-EQ/INE291A01017,1
200950,6,INE291A01017,,100357,50,GARWARE POLY,1
207290,6,INE318A01026,,100246,50,PIDILITIND-A/INE318A01026,1
207290,6,INE809I01019,,104843,50,ONMOBILE-EQ/INE809I01019,1
200250,2,MMTC-EQ/INE123F01029,,101627,50,,0
200250,2,MUKANDLTD-EQ/INE304A01026,,100328,50,,0
200250,2,ACE-EQ/INE731H01025,,104663,50,,0
200250,2,ADORWELD-EQ/INE045A01017,,101907,50,,0
200250,2,ARVINDFASN-EQ/INE955V01021,,121729,50,,0
200250,2,BOROLTD-EQ/INE02PY01013,,100461,50,,0
200250,2,CENTUM-BE/INE320B01020,,102020,50,,0
200250,2,CONTROLPR-EQ/INE663B01015,,102374,50,,0
200250,2,ELECON-EQ/INE205B01023,,100756,50,,0
200250,2,USHAMART-EQ/INE228A01035,,101918,50,,0
200250,2,TECHNOE-EQ/INE285K01026,,100717,50,,0
200250,2,SHANTIGEAR-EQ/INE631A01022,,102301,50,,0
200250,2,SETFNIF50-EQ/INF200KA1FS1,,105835,50,,0
200250,2,SBCL-EQ/INE386D01027,,101579,50,,0
200250,2,PSPPROJECT-EQ/INE488V01015,,121335,50,,0
200250,2,MOLDTECH-EQ/INE835B01035,,105044,50,,0
200250,2,KIRLFER-EQ/INE884B01025,,100174,50,,0
200250,2,KDDL-EQ/INE291D01011,,104197,50,,0
200250,2,HINDWAREAP-EQ/INE05AN01011,,121821,50,,0
200250,2,HBLPOWER-EQ/INE292B01021,,101945,50,,0
200250,2,GRWRHITECH-EQ/INE291A01017,,100357,50,,0
200250,2,GOODLUCK-EQ/INE127I01024,,103358,50,,0
200250,2,GOKEX-EQ/INE887G01027,,104544,50,,0
200250,2,GANECOS-EQ/INE845D01014,,101744,50,,0
200250,2,IDFCFIRSTB-EQ/INE092T01019,,105907,50,,0
15800,6,166PEDGG,,213970,60,166PEDGG-Quant Flexi Cap Fund - Direct Plan Growth - ISIN: INF966L01911,1
200250,2,ONMOBILE-EQ/INE809I01019,,104843,50,,0
200950,6,INE483B01026,,102216,50,INDO COUNT INDUSTRIES LTD,1
200950,6,INE763I01026,,104828,50,TRANS & RECTI. LTD,1
200950,6,INE415A01038,,100134,50,HSIL LIMITED,1
207290,6,INE415A01038,,100134,50,AGI-EQ/INE415A01038,1
207290,6,INE483B01026,,102216,50,ICIL-EQ/INE483B01026,1
207290,6,INE763I01026,,104828,50,TRIL-EQ/INE763I01026,1
15800,6,HGFGT,,213444,60,HGFGT-HDFC Balanced Advantage Fund - Direct Plan - Growth Option (formerly HDFC Growth Fund erstwhile,1
15800,6,RMFEOAGG,,212785,60,RMFEOAGG-NIPPON INDIA MULTI CAP FUND - DIRECT GROWTH PLAN GROWTH OPTION - ISIN: INF204K01XF9(Advisor:,1
15800,6,P1451,,207263,60,P1451-ICICI Prudential Focused Equity Fund - Growth (formerly ICICI Prudential Select Large Cap Fund),1
15800,6,166LCGPG,,232843,60,166LCGPG-Quant Large Cap Fund - Regular Plan - Growth - ISIN: INF966L01AW4(Advisor: ARN-84803),1
15800,6,166OFGPG,,201291,60,166OFGPG-Quant Mid Cap Fund - Regular Plan - ISIN: INF966L01176(Advisor: ARN-84803),1
207290,6,INE289B01019,,101330,50,GICHSGFIN-EQ/INE289B01019,1
207290,6,INE053F01010,,121940,50,IRFC-EQ/INE053F01010,1
207290,6,INE090A01021,,104268,50,ICICIBANK-EQ/INE090A01021,1
207290,6,INE134E01011,,104710,50,PFC-EQ/INE134E01011,1
207290,6,INE752H01013,,105417,50,CARERATING-EQ/INE752H01013,1
207290,6,INE031A01017,,121330,50,HUDCO-EQ/INE031A01017,1
207290,6,INE040A01034,,100128,50,HDFCBANK-EQ/INE040A01034,1
207290,6,INE238A01034,,104289,50,AXISBANK-EQ/INE238A01034,1
207290,6,INE560K01014,,105212,50,PFS-EQ/INE560K01014,1
207290,6,INE028A01039,,104242,50,BANKBARODA-EQ/INE028A01039,1
207290,6,INE095A01012,,104277,50,INDUSINDBK-EQ/INE095A01012,1
207290,6,INE877F01012,,104500,50,PTC-EQ/INE877F01012,1
207290,6,INE976G01028,,106112,50,RBLBANK-EQ/INE976G01028,1
207290,6,INE020B01018,,104853,50,RECLTD-EQ/INE020B01018,1
207290,6,INE692A01016,,104465,50,UNIONBANK-EQ/INE692A01016,1
200950,6,INE03Q201024,,122025,50,GLENMARK LIFE SCIENCES LIMITED,1
207290,2,TCS /,,104511,50,,0
206845,6,INE148I01020,,105464,50,INDIABULLS HSG FIN L,1
207290,6,INE646L01027,,105908,50,INDIGO-EQ/INE646L01027,1
207290,6,INF732E01037,,105202,50,LIQUIDBEES-EQ/INF732E01037,1
200950,6,INE376G01013,,104499,50,BIOCON LIMITED.,1
15800,6,128CFDGG,,213330,60,128CFDGG-Axis Liquid Fund - Direct Growth - ISIN: INF846K01CX4,1
15800,6,166ISGPG,,205477,60,166ISGPG-quant Infrastructure Fund - Regular Plan - ISIN: INF966L01523(Advisor: ARN-84803),1
15800,6,166MOGPG,,234033,60,166MOGPG-quant Momentum Fund - Regular Plan Growth                      - ISIN: INF966L01CW0(Advisor:,1
15800,6,166PEGPG,,206624,60,166PEGPG-quant Flexi Cap Fund - Regular Plan Growth - ISIN: INF966L01457(Advisor: ARN-84803),1
207290,6,INE962Y01021,,102503,50,IRCON-EQ/INE962Y01021,1
207290,6,INE263A01024,,100038,50,BEL-EQ/INE263A01024,1
207290,6,INE0DD101019,,121949,50,RAILTEL-EQ/INE0DD101019,1
207290,6,INE415G01027,,121746,50,RVNL-EQ/INE415G01027,1
207290,6,INE257A01026,,100071,50,BHEL-EQ/INE257A01026,1
207290,6,INE320J01015,,121615,50,RITES-EQ/INE320J01015,1
207290,6,INE018A01030,,100345,50,LT-EQ/INE018A01030,1
200950,6,INE075A01022,,100975,50,WIPRO LTD,1
207290,6,INE338H01029,,122673,50,CONCORDBIO-EQ/INE338H01029,1
15800,6,TBCG,,232052,60,TBCG-Tata Business Cycle Fund Regular Plan - Growth (Non-Demat) - ISIN:                     INF277KA1190(Advisor:,1
15800,6,RMFPSAGG,,212799,60,RMFPSAGG-NIPPON INDIA POWER & INFRA FUND - DIRECT PLAN GROWTH PLAN - GROWTH OPTION - ISIN: INF204K01I92(Advisor:,1
15800,6,166ISDGG,,213976,60,166ISDGG-quant Infrastructure Fund - Direct Plan Growth - ISIN: INF966L01721,1
15800,6,118ATGPG,,221257,60,118ATGPG-Edelweiss Arbitrage Fund - Regular Plan Growth - ISIN: INF754K01EF3(Advisor: ARN-9992),1
15800,6,G209,,201396,60,G209-Bandhan Arbitrage Fund-Growth-(Regular Plan) (erstwhile IDFC Arbitrage Fund-Growth-Regular Plan),1
15800,6,L72SG,,202141,60,L72SG-SBI Liquid Fund Regular Growth (formerly SBI Premier Liquid Fund) (Non-Demat) - ISIN: INF200K01MA1(Advisor:,1
15800,6,K179,,201463,60,K179-Kotak Equity Arbitrage Fund - Growth (Regular Plan) (Non-Demat) -                     ISIN: INF174K01302(Advisor:,1
15800,6,HAFWG,,200379,60,HAFWG-HDFC Arbitrage Fund - Wholesale Plan                - Regular   Plan - Growth     (Non-Demat),1
15800,6,PEDIRG,,201371,60,PEDIRG-ICICI Prudential Equity Arbitrage Fund - Growth (Non-Demat) - ISIN: INF109K01BF6(Advisor: PCASON),1
15800,2,MMMBYRD-Mahindra Manulife Multi Cap Fund - Regular - IDCW# (Non-Demat) - ISIN: INF174V01333 - Payout(Advisor:,,226365,60,,0
15800,6,166LCDGG,,232842,60,166LCDGG-quant Large Cap Fund - Direct Plan - Growth - ISIN: INF966L01AT0,1
207290,6,INE855B01025,,100253,50,RAIN-EQ/INE855B01025,1
207290,6,INE036A01016,,100285,50,RELINFRA-EQ/INE036A01016,1
207290,6,INE766P01016,,121450,50,MAHLOG-EQ/INE766P01016,1
200950,6,INE036A01016,,100285,50,RELIANCE INFRASTRUCTU LTD,1
206845,6,INE338H01029,,122673,50,CONCORD BIOTECH LIMI,1
206845,6,INE036A01016,,100285,50,RELIANCE INFRASTRUCT,1
207290,6,INE184H01027,,104591,50,EKC-EQ/INE184H01027,1
206845,6,INE184H01027,,104591,50,EVEREST KANTO CYLIND,1
207290,6,INE031A07AB2,,425338,50,901HUDCO34-F/INE031A07AB2,1
15800,6,K41D,,214319,60,K41D-Kotak Debt Hybrid Fund - Direct Plan - Growth (Erstwhile Kotak MIP) (Non-Demat) - ISIN: INF174K01JZ1(Advisor:,1
207290,6,INE836F01026,,104739,50,DISHTV-EQ/INE836F01026,1
15800,6,FTI648,,232334,60,FTI648-Franklin India Overnight Fund - Unclaimed IDCW# Plan - Direct Plan                    - Growth,1
207290,6,INE548C01032,,103566,50,EMAMILTD-EQ/INE548C01032,1
206845,6,IN9148I01010,,122917,50,INDIABULL RE.0.67 PP,1
207290,6,INE884A01027,,104255,50,VAIBHAVGBL-EQ/INE884A01027,1
15800,6,117AFD1G,,231481,60,117AFD1G-Mirae Asset Arbitrage Fund - Direct Plan - ISIN: INF769K01FS1,1
207290,6,INE242A01010,,103475,50,IOC-A/INE242A01010,1
206845,6,INE893I01013,,105077,50,VASCON ENGINEERS LTD,1
207290,6,INE908D01010,,103750,50,SHAKTIPUMP,1
207290,6,PSUBNKBEES,,105271,50,PSUBNKBEES,1
200250,6,INF204KB16I7,,105271,50,PSUBNKBEES,1
207290,6,INE758E01017,,122630,50,JIOFIN-EQ/INE758E01017,1
206845,6,INE758E01017,,122630,50,JIO FIN SERVICES LTD,1
206845,6,INE476A01014,,104471,50,CANARA BANK,1
15800,6,K1155D,,232155,60,K1155D-Kotak Multicap Fund Direct Plan - Growth (Non-Demat) - ISIN: INF174KA1HV3(Advisor: DIRECT),1
15800,6,LD018G,,213168,60,LD018G-SBI Long Term Equity Fund            - Direct Plan - Growth (Non-Demat) - ISIN:          INF200K01UM9(Advisor:,1
15800,6,127FMGDG,,219090,60,127FMGDG-Motilal Oswal Midcap Fund - Direct Plan - ISIN: INF247L01445,1
15800,6,101SCDGG,,229980,60,101SCDGG-Canara Robeco Small Cap Fund - Direct Growth - ISIN: INF760K01JC6,1
200250,6,INE672A01018,,100407,50,TATAINVEST-BE/INE672A01018,1
15800,6,K168,,207407,60,K168-Kotak Flexicap Fund - Growth (Regular Plan) (Erstwhile Kotak Standard Multicap Fund - Gr) (Non-Demat),1
15800,6,117EBRGG,,208065,60,117EBRGG-Mirae Asset Large and Midcap Fund (formerly Mirae Asset Emerging Bluechip Fund) - Regular Plan,1
15800,6,102TPGPG,,202421,60,102TPGPG-LIC MF ELSS Tax Saver(Formerly              LIC  MF  ELSS)  - Regular Plan-Growth       - ISIN:,1
15800,6,FTI034,,202404,60,FTI034-Franklin India ELSS Tax Saver Fund - Growth (Non-Demat) - ISIN: INF090I01775(Advisor: ARN-88200),1
15800,2,102TSGPG-LIC MF ELSS (Formerly IDBI Equity Advantage Fund) - Regular Plan - Growth - ISIN: INF397L01DY2(Advisor:,,202421,60,,0
206845,6,INE092T01019,,105907,50,IDFC FIRST BANK LIMI,1
207290,6,INE115A01026,,100182,50,LICHSGFIN-EQ/INE115A01026,1
207290,6,INE925R01014,,122142,50,CMSINFO-EQ/INE925R01014,1
200950,6,INE549A01026,,100132,50,HINDUSTAN CONSTRUCTION CO,1
15800,6,120TPGPG,,202423,60,120TPGPG-Invesco India ELSS Tax Saver Fund - Regular Growth - ISIN: INF205K01270(Advisor: ARN-15349),1
15800,6,120LFURG,,224933,60,120LFURG-Invesco India Liquid Fund - Unclaimed               Redemption Plan Below         3  Years,1
15800,6,H62,,201329,60,H62-HDFC Capital Builder Value Fund - Regular Plan - Growth (formerly HDFC Capital Builder Fund) (Non-Demat),1
15800,6,B02GZ,,213203,60,B02GZ-Aditya Birla Sun Life ELSS Tax Saver Fund- (ELSS U/S 80C of IT ACT) - Growth-Direct Plan (Non-Demat),1
15800,6,176MCGP,,201662,60,176MCGP-SUNDARAM MID CAP FUND - REGULAR GROWTH - ISIN: INF903J01173(Advisor: ARN-15349),1
15800,6,120BFRGG,,201489,60,120BFRGG-Invesco India Financial Services Fund - Regular Growth - ISIN: INF205K01155(Advisor: ARN-113802),1
15800,6,B02G,,202388,60,B02G-Aditya Birla Sun Life ELSS Tax Saver Fund-             (ELSS U/S 80C of IT ACT) - Growth-Regular,1
15800,6,166VFGPG,,232242,60,166VFGPG-quant Value Fund - Regular Plan Growth Growth - ISIN: INF966L01AQ6(Advisor: ARN-84803),1
15800,6,129BLGPG,,231735,60,129BLGPG-PGIM India Balanced Advantage                Fund  - Regular    Plan - Growth -    ISIN: INF663L01V72(Advisor:,1
15800,6,D15,,201282,60,D15-DSP Top 100 Equity Fund - Regular Plan - Growth (Non-Demat) - ISIN: INF740K01243(Advisor: ARN-15349),1
15800,6,THOG,,232943,60,THOG-Tata Housing Opportunities Fund - Regular Plan - Growth (Non-Demat)                        - ISIN:,1
15800,2,HURL3Y-Less Than 3 Years - HDFC Unclaimed Redemption (Non-Demat)(Advisor: DIRECT),,231872,60,,0
15800,6,166LFGPG,,201889,60,166LFGPG-quant Liquid Fund - Regular Plan - ISIN: INF966L01317(Advisor: ARN-84803),1
207290,6,INE182D01020,,100517,50,MARATHON-EQ/INE182D01020,1
15800,6,118ERGPG,,225522,60,118ERGPG-Edelweiss Flexi Cap Fund - Regular Plan Growth - ISIN: INF843K01KN5(Advisor: ARN-84803),1
15800,6,127FMGPG,,219088,60,127FMGPG-Motilal Oswal Midcap Fund - Regular Plan Growth - ISIN: INF247L01411(Advisor: ARN-84803),1
15800,6,P3489,,232952,60,P3489-ICICI Prudential PSU Equity Fund - Growth (Non-Demat) - ISIN: INF109KC19H2(Advisor: ARN-84803),1
15800,6,118MSRGG,,225573,60,118MSRGG-Edelweiss Mid Cap Fund - Regular Plan Growth - ISIN: INF843K01013(Advisor: ARN-84803),1
200950,6,INE129A01019,,104254,50,GAIL (INDIA) LTD,1
207290,6,INE733E01010,,104519,50,NTPC-EQ/INE733E01010,1
207290,6,INE811K01011,,105171,50,PRESTIGE-EQ/INE811K01011,1
207290,6,INE139A01034,,104296,50,NATIONALUM-EQ/INE139A01034,1
207290,6,INE036D01028,,104857,50,KARURVYSYA-EQ/INE036D01028,1
207290,6,INE034A01011,,100069,50,ARVIND-EQ/INE034A01011,1
207290,6,INE476A01022,,104471,50,CANBK-EQ/INE476A01022,1
207290,6,INE750C01026,,102670,50,MARKSANS-EQ/INE750C01026,1
207290,6,INE602A01031,,100873,50,PCBL-EQ/INE602A01031,1
207290,6,INE842C01021,,105639,50,MINDACORP-EQ/INE842C01021,1
207290,6,INE372A01015,,104302,50,APARINDS-EQ/INE372A01015,1
207290,6,INE010B01027,,104343,50,ZYDUSLIFE-EQ/INE010B01027,1
207290,6,INE274J01014,,105059,50,OIL-EQ/INE274J01014,1
207290,6,INE868B01028,,100215,50,NCC-EQ/INE868B01028,1
202125,6,INE372A01015,,104302,50,INE372A01015: APARINDS,1
202125,6,INE184H01027,,104591,50,INE184H01027: EKC,1
202125,6,INE0J1Y01017,,122242,50,INE0J1Y01017: LICI,1
202125,6,INE842C01021,,105639,50,INE842C01021: MINDACORP,1
202125,6,INE121J01017,,105420,50,INE121J01017: INDUSTOWER,1
202125,6,INE134E01011,,104710,50,INE134E01011: PFC,1
202125,6,INE510A01028,,104271,50,INE510A01028: ENGINERSIN,1
202125,6,INE129A01019,,104254,50,INE129A01019: GAIL,1
202125,6,INE750C01026,,102670,50,INE750C01026: MARKSANS,1
202125,6,INE602A01031,,100873,50,INE602A01031: PCBL,1
202125,6,INE034A01011,,100069,50,INE034A01011: ARVIND,1
202125,6,INE528G01035,,104558,50,INE528G01035: YESBANK,1
202125,6,INE075A01022,,100975,50,INE075A01022: WIPRO,1
202125,6,INF204KB16I7,,105271,50,INF204KB16I7: PSUBNKBEES,1
202125,6,INE066F01020,,121542,50,INE066F01020: HAL,1
202125,6,INE114A01011,,100079,50,INE114A01011: SAIL,1
202125,6,INE010B01027,,104343,50,INE010B01027: ZYDUSLIFE,1
202125,6,INE036D01028,,104857,50,INE036D01028: KARURVYSYA,1
202125,6,INE811K01011,,105171,50,INE811K01011: PRESTIGE,1
202125,6,INE274J01014,,105059,50,INE274J01014: OIL,1
202125,6,INE101A01026,,100346,50,INE101A01026: M&M,1
202125,6,INE733E01010,,104519,50,INE733E01010: NTPC,1
202125,6,INE338I01027,,104792,50,INE338I01027: MOTILALOFS,1
202125,6,INE040A01034,,100128,50,INE040A01034: HDFCBANK,1
202125,6,INE182D01020,,100517,50,INE182D01020: MARATHON,1
202125,6,INE043D01016,,104568,50,INE043D01016: IDFC,1
202125,6,INE868B01028,,100215,50,INE868B01028: NCC,1
202125,6,INE809I01019,,104843,50,INE809I01019: ONMOBILE,1
202125,6,INE092T01019,,105907,50,INE092T01019: IDFCFIRSTB,1
202125,6,INE893I01013,,105077,50,INE893I01013: VASCONEQ,1
202125,6,INE476A01022,,104471,50,INE476A01022: CANBK,1
202125,6,INE139A01034,,104296,50,INE139A01034: NATIONALUM,1
202125,6,INE146L01010,,105182,50,INE146L01010: KIRLOSENG,1
202125,3,Client ID,,7,-1,,0
207290,6,INE338I01027,,104792,50,MOTILALOFS-EQ/INE338I01027,1
207290,6,INE066F01020,,121542,50,HAL-EQ/INE066F01020,1
207290,6,INE114A01011,,100079,50,SAIL-EQ/INE114A01011,1
207290,6,INE121J01017,,105420,50,INDUSTOWER-EQ/INE121J01017,1
207290,6,INE146L01010,,105182,50,KIRLOSENG-EQ/INE146L01010,1
207290,6,INE510A01028,,104271,50,ENGINERSIN-EQ/INE510A01028,1
207290,6,INE531F01015,,122697,50,NUVAMA-EQ/INE531F01015,1
207290,6,INE00M201021,,121788,50,SWSOLAR-EQ/INE00M201021,1
207290,6,INE625G01013,,104518,50,WELENT-EQ/INE625G01013,1
207290,6,INE251B01027,,104881,50,ZENTEC-EQ/INE251B01027,1
207290,6,INE02L001032,,122819,50,BOROSCI-BE/INE02L001032,1
15800,6,166 ISDGG,,213976,60,166 ISDGG-quant Infrastructure Fund - Direct Plan Growth                - ISIN:INF966L01721,1
15800,6,166 IBDGG,,213950,60,166 IBDGG-quant Small Cap Fund - Direct Plan Growth                - ISIN:INF966L01689,1
15800,6,166 LFDGG,,213926,60,166 LFDGG-quant Liquid Fund - Direct Plan             - ISIN:INF966L01820,1
200950,6,INE439E01022,,105596,50,SKIPPER LIMITED,1
200950,6,INE0EK901012,,121933,50,TARC LIMITED,1
207290,6,INE274K01012,,105063,50,BTTL-X/INE274K01012,1
207290,6,INE439E01022,,105596,50,SKIPPER-EQ/INE439E01022,1
207290,6,INE0EK901012,,121933,50,TARC-EQ/INE0EK901012,1
15800,6,166BFDGG,,214002,60,166BFDGG-quant Absolute Fund - Direct Plan Growth - ISIN: INF966L01556(Advisor: CAT-1 EOP-0008),1
15800,6,127LFGDG,,229587,60,127LFGDG-Motilal Oswal Liquid fund - Direct Plan Growth - ISIN: INF247L01734,1
15800,6,D779,,212962,60,D779-DSP India T.I.G.E.R. Fund - Direct Plan            - Growth (Non-Demat) - ISIN:        INF740K01PU7(Advisor:,1
200950,6,INE179G01029,,121963,50,DAVANGERE SUGAR COMPANY L,1
200950,6,INE040A01034,,100128,50,HDFC BANK LTD,1
207290,6,INE002L01015,,105108,50,SJVN-EQ/INE002L01015,1
207290,6,INE704P01025,,121379,50,COCHINSHIP-EQ/INE704P01025,1
207290,6,INE136B01020,,104269,50,CYIENT-EQ/INE136B01020,1
207290,6,INE269A01021,,104294,50,SONATSOFTW-EQ/INE269A01021,1
207290,6,INE520A01027,,100586,50,ZENSARTECH-EQ/INE520A01027,1
207290,6,INE836A01035,,104418,50,BSOFT-EQ/INE836A01035,1
207290,6,INE302A01020,,100058,50,EXIDEIND-EQ/INE302A01020,1
207290,6,INE249Z01012,,121904,50,MAZDOCK-EQ/INE249Z01012,1
207290,6,INE0BY001018,,121962,50,JUBLINGREA-EQ/INE0BY001018,1
15800,6,166PUDGG,,234239,60,166PUDGG-quant PSU Fund - Direct Plan Growth - ISIN: INF966L01DT4,1
207290,6,INE331A01037,,100188,50,RAMCOCEM-EQ/INE331A01037,1
200950,6,INE331A01037,,100188,50,THE RAMCO CEMENTS LIMITED,1
200950,6,INE476A01022,,104471,50,CANARA BANK,1
207290,6,INE926X01010,,121527,50,HGINFRA-EQ/INE926X01010,1
207290,6,INE688A01022,,104370,50,TCI-EQ/INE688A01022,1
207290,6,INE418H01029,,104652,50,ALLCARGO-EQ/INE418H01029,1
207290,6,INE079J01017,,122194,50,GATEWAY-EQ/INE079J01017,1
15800,6,P8573,,220771,60,P8573-ICICI Prudential Dividend Yield Equity Fund Direct Plan Growth (Non-Demat) - ISIN: INF109KA1UA0(Advisor:,1
207290,6,INE477A01020,,101220,50,CANFINHOME-EQ/INE477A01020,1
207290,6,INE572E01012,,121244,50,PNBHOUSING-EQ/INE572E01012,1
207290,6,INE612J01015,,105434,50,REPCOHOME-EQ/INE612J01015,1
15800,6,105MSDGG,,212896,60,105MSDGG-JM Flexicap,1
15800,6,127 FMGDG,,219090,60,127 FMGDG-Motilal Oswal Midcap Fund - Direct Plan Growth                  - ISIN:INF247L01445,1
15800,6,105 MSDGG,,212896,60,105 MSDGG-JM Flexicap,1
15800,6,116MPDGG,,231492,60,116MPDGG-Bank of India Flexi Cap Fund - Direct Plan - Growth - ISIN: INF761K01FF5,1
207290,6,INE881D01027,,104459,50,OFSS-EQ/INE881D01027,1
207290,6,INE860A01027,,104310,50,HCLTECH-EQ/INE860A01027,1
207290,6,INE591G01017,,104512,50,COFORGE-EQ/INE591G01017,1
207290,6,INE262H01021,,105096,50,PERSISTENT-EQ/INE262H01021,1
207290,6,INE214T01019,,106097,50,LTIM-EQ/INE214T01019,1
207290,6,INE04I401011,,121750,50,KPITTECH-EQ/INE04I401011,1
207290,6,INE356A01018,,102874,50,MPHASIS-EQ/INE356A01018,1
214420,6,INE075A01022,,100975,50,WIPRO-A/INE075A01022,1
214420,3,zerodha,,7,-1,,0
214420,6,INE467B01029,,104511,50,TCS-EQ/INE467B01029,1
214420,6,INE881D01027,,104459,50,OFSS-EQ/INE881D01027,1
214420,6,INE860A01027,,104310,50,HCLTECH-EQ/INE860A01027,1
214420,6,INE009A01021,,100148,50,INFY-EQ/INE009A01021,1
214420,6,INE591G01017,,104512,50,COFORGE-EQ/INE591G01017,1
214420,6,INE262H01021,,105096,50,PERSISTENT-EQ/INE262H01021,1
214420,6,INE214T01019,,106097,50,LTIM-EQ/INE214T01019,1
214420,6,INE04I401011,,121750,50,KPITTECH-EQ/INE04I401011,1
214420,6,INE356A01018,,102874,50,MPHASIS-EQ/INE356A01018,1
214420,6,INE289B01019,,101330,50,GICHSGFIN-EQ/INE289B01019,1
214420,6,INE302A01020,,100058,50,EXIDEIND-EQ/INE302A01020,1
214420,6,INE976G01028,,106112,50,RBLBANK-EQ/INE976G01028,1
214420,6,INE415G01027,,121746,50,RVNL-EQ/INE415G01027,1
214420,6,INE962Y01021,,102503,50,IRCON-EQ/INE962Y01021,1
214420,6,INE752H01013,,105417,50,CARERATING-EQ/INE752H01013,1
214420,6,INE031A01017,,121330,50,HUDCO-EQ/INE031A01017,1
214420,6,INE320J01015,,121615,50,RITES-EQ/INE320J01015,1
214420,6,INE269A01021,,104294,50,SONATSOFTW-EQ/INE269A01021,1
214420,6,INE002L01015,,105108,50,SJVN-EQ/INE002L01015,1
214420,6,INE0DD101019,,121949,50,RAILTEL-EQ/INE0DD101019,1
214420,6,INE836A01035,,104418,50,BSOFT-EQ/INE836A01035,1
214420,6,INE877F01012,,104500,50,PTC-EQ/INE877F01012,1
214420,6,INE704P01025,,121379,50,COCHINSHIP-EQ/INE704P01025,1
214420,6,INE136B01020,,104269,50,CYIENT-EQ/INE136B01020,1
214420,6,INE520A01027,,100586,50,ZENSARTECH-EQ/INE520A01027,1
214420,6,INE129A01019,,104254,50,GAIL-EQ/INE129A01019,1
214420,6,INE062A08249,,426732,50,774SBIPER-F/INE062A08249,1
214420,6,INF204KB16I7,,105271,50,PSUBNKBEES-EQ/INF204KB16I7,1
214420,6,INE092T01019,,105907,50,IDFCFIRSTB-EQ/INE092T01019,1
214420,6,INE007N01010,,122805,50,FEDFINA-EQ/INE007N01010,1
214420,6,INE338I01027,,104792,50,MOTILALOFS-EQ/INE338I01027,1
214420,6,INE139A01034,,104296,50,NATIONALUM-EQ/INE139A01034,1
214420,6,INE066F01020,,121542,50,HAL-EQ/INE066F01020,1
214420,6,INE114A01011,,100079,50,SAIL-EQ/INE114A01011,1
214420,6,INE414G01012,,105216,50,MUTHOOTFIN-EQ/INE414G01012,1
214420,6,INE208A01029,,100337,50,ASHOKLEY-EQ/INE208A01029,1
214420,6,INE811K01011,,105171,50,PRESTIGE-EQ/INE811K01011,1
214420,6,INE121J01017,,105420,50,INDUSTOWER-EQ/INE121J01017,1
214420,6,INE406A01037,,102791,50,AUROPHARMA-EQ/INE406A01037,1
214420,6,INE476A01022,,104471,50,CANBK-EQ/INE476A01022,1
214420,6,INE510A01028,,104271,50,ENGINERSIN-EQ/INE510A01028,1
214420,6,INE634I01029,,104841,50,KNRCON-EQ/INE634I01029,1
214420,6,INE172A01027,,100379,50,CASTROLIND-EQ/INE172A01027,1
214420,6,INE119A01028,,100027,50,BALRAMCHIN-EQ/INE119A01028,1
214420,6,INE377Y01014,,123247,50,BAJAJHFL-EQ/INE377Y01014,1
214420,6,INE320B01020,,102020,50,CENTUM-EQ/INE320B01020,1
214670,6,INE02L001032,,122819,50,KLASS PACK LIMITED,1
214670,3,R K GLOBAL SHARES AND SECURITIES LTD.,,1,-1,,0
214670,6,INE439E01022,,105596,50,SKIPPER LIMITED,1
214420,6,INE079J01017,,122194,50,GATEWAY-EQ/INE079J01017,1
214420,6,INE560K01014,,105212,50,PFS-EQ/INE560K01014,1
214420,6,INE758C01029,,104711,50,AHLUCONT-EQ/INE758C01029,1
214420,6,INE572E01012,,121244,50,PNBHOUSING-EQ/INE572E01012,1
214420,6,INE612J01015,,105434,50,REPCOHOME-EQ/INE612J01015,1
214420,6,INE477A01020,,101220,50,CANFINHOME-EQ/INE477A01020,1
214420,6,INE615P01015,,106085,50,QUESS-EQ/INE615P01015,1
214420,6,INE989A01024,,103140,50,SANGHVIMOV-EQ/INE989A01024,1
214420,6,INE694D01016,,102066,50,VADILALIND-EQ/INE694D01016,1
214420,6,INE926X01010,,121527,50,HGINFRA-EQ/INE926X01010,1
214420,6,INE925R01014,,122142,50,CMSINFO-EQ/INE925R01014,1
214420,6,INE0BY001018,,121962,50,JUBLINGREA-EQ/INE0BY001018,1
214670,6,INE263A01024,,100038,50,BHARAT ELECTRONICS LTD,1
214420,6,INE036A01016,,100285,50,RELINFRA-A/INE036A01016,1
214420,6,INE903A01025,,100225,50,JAYKAY-X/INE903A01025,1
214420,6,INE263A01024,,100038,50,BEL-EQ/INE263A01024,1
15800,6,127MNGDG,,234701,60,127MNGDG-Motilal Oswal Nifty 500 Momentum 50 Index Fund - Direct Plan Growth - ISIN: INF247L01DL6,1
214420,6,INE148I01020,,105464,50,SAMMAANCAP-EQ/INE148I01020,1
214670,6,INE908D01010,,103750,50,SHAKTI PUMPS (I) LTD,1
206845,6,INE476A01022,,104471,50,CANARA BANK,1
206845,6,INE179G01029,,121963,50,DAVANGERE SUGAR COMP,1
214670,6,INE179G01029,,121963,50,DAVANGERE SUGAR COMPANY L,1
214420,6,INF200KA1FS1,,105835,50,SETFNIF50-EQ/INF200KA1FS1,1
214420,6,INE439E01022,,105596,50,SKIPPER-B/INE439E01022,1
206845,6,INF200KA1FS1,,105835,50,SBI-ETF NIFTY 50,1
214420,6,INE989A01032,,103140,50,SANGHVIMOV-EQ/INE989A01032,1
214420,6,INE249Z01012,,121904,50,MAZDOCK-EQ/INE249Z01012,1
214420,6,INE010B01027,,104343,50,ZYDUSLIFE-EQ/INE010B01027,1
214420,6,INE733E01010,,104519,50,NTPC-EQ/INE733E01010,1
214420,6,INE101A01026,,100346,50,M&M-EQ/INE101A01026,1
214420,6,INE146L01010,,105182,50,KIRLOSENG-EQ/INE146L01010,1
214420,6,INE134E01011,,104710,50,PFC-EQ/INE134E01011,1
214420,6,INE372A01015,,104302,50,APARINDS-EQ/INE372A01015,1
214420,6,INE036D01028,,104857,50,KARURVYSYA-EQ/INE036D01028,1
15800,6,118MDD1G,,233212,60,118MDD1G-Edelweiss Nifty Midcap150 Momentum 50 Index Fund - Direct Plan Growth - ISIN: INF754K01QD2,1
214420,6,INE238A01034,,104289,50,AXISBANK-EQ/INE238A01034,1
214420,6,INE028A01039,,104242,50,BANKBARODA-EQ/INE028A01039,1
214420,6,INE020B01018,,104853,50,RECLTD-EQ/INE020B01018,1
214420,6,INE090A01021,,104268,50,ICICIBANK-EQ/INE090A01021,1
214420,6,INE040A01034,,100128,50,HDFCBANK-EQ/INE040A01034,1
214420,6,INE095A01012,,104277,50,INDUSINDBK-EQ/INE095A01012,1
214420,6,INE692A01016,,104465,50,UNIONBANK-EQ/INE692A01016,1
214420,6,INE115A01026,,100182,50,LICHSGFIN-EQ/INE115A01026,1
214420,6,INE0J1Y01017,,122242,50,LICI-EQ/INE0J1Y01017,1
214420,6,INE237A01028,,100176,50,KOTAKBANK-EQ/INE237A01028,1
214420,6,INE062A01020,,100078,50,SBIN-EQ/INE062A01020,1
214420,6,INE053F01010,,121940,50,IRFC-EQ/INE053F01010,1
214420,6,INE688A01022,,104370,50,TCI-EQ/INE688A01022,1
214420,6,INE018A01030,,100345,50,LT-EQ/INE018A01030,1
214420,6,INE257A01026,,100071,50,BHEL-EQ/INE257A01026,1
214420,6,INE418H01029,,104652,50,ALLCARGO-EQ/INE418H01029,1
214420,6,INE298G01027,,101618,50,AJMERA-EQ/INE298G01027,1
214420,6,INE338H01029,,122673,50,CONCORDBIO-EQ/INE338H01029,1
214420,6,INE758E01017,,122630,50,JIOFIN-EQ/INE758E01017,1
15800,6,118MQD1G,,234799,60,118MQD1G-Edelweiss Nifty500 Multicap Momentum Quality 50 Index Fund                        - Direct Plan,1
214420,6,INE669E01016,,104722,50,IDEA-EQ/INE669E01016,1
214420,6,INE474E01029,,101556,50,BHANDARI-EQ/INE474E01029,1
214420,6,INE242A01010,,103475,50,IOC-EQ/INE242A01010,1
214420,6,INE947Q01028,,121267,50,LAURUSLABS-EQ/INE947Q01028,1
214420,6,INE908D01010,,103750,50,SHAKTIPUMP-EQ/INE908D01010,1
214420,6,INE080I01025,,101517,50,LLOYDSENT-EQ/INE080I01025,1
214420,6,INE002A01018,,100240,50,RELIANCE-EQ/INE002A01018,1
214420,6,INE0Q8P01029,,122681,50,BONDADA-M/INE0Q8P01029,1
214420,6,IN0020210145,,426977,50,SGBSEP29VI-GB/IN0020210145,1
214420,6,IN0020170166,,426039,50,SGBJAN26-GB/IN0020170166,1
214420,6,IN0020190552,,426647,50,SGBMAR28X-GB/IN0020190552,1
214420,6,IN0020200104,,426676,50,SGBJUN28-GB/IN0020200104,1
214420,6,INE004A01022,,122790,50,PROTEAN-B/INE004A01022,1
15800,6,166GLDGG,,213985,60,166GLDGG-quant Multi Asset Fund (Formerly know as Quant Unconstrained Fund) - Direct Plan - ISIN: INF966L01580(Advisor:,1
214420,6,INE672A01018,,100407,50,TATAINVEST-EQ/INE672A01018,1
214420,6,INE0EK901012,,121933,50,TARC-B/INE0EK901012,1
214420,6,INE182D01020,,100517,50,MARATHON-EQ/INE182D01020,1
214420,6,INE0U3I01011,,123416,50,UNIMECH-EQ/INE0U3I01011,1
214420,6,INE418N01035,,105468,50,ESSENTIA-BE/INE418N01035,1
15800,6,118ILD1G,,214155,60,118ILD1G-Edelweiss Liquid Fund - Direct Plan Growth - ISIN: INF754K01GM4,1
15800,6,118ATDGG,,221255,60,118ATDGG-Edelweiss Arbitrage Fund - Direct Plan Growth - ISIN: INF754K01EA4,1
15800,6,D845,,227062,60,D845-DSP Arbitrage Fund - Dir - Growth (Non-Demat) - ISIN: INF740KA1DN4(Advisor: DIRECT),1
15800,6,P8004,,212947,60,P8004-ICICI Prudential Multi-Asset Fund - Direct Plan - Growth (formerly ICICI Prudential,1
15800,6,D896,,233931,60,D896-DSP Multi Asset Allocation Fund - Direct - Growth (Non-Demat) - ISIN: INF740KA1TE9(Advisor: DIRECT),1
216135,6,INE092T01019,,105907,50,IDFC FIRST BANK LIMI,1
216135,3,Mirae Asset Capital Markets (India) Private Limited,,8,-1,,0
214670,6,INE0J1Y01017,,122242,50,LIFE INSURANCE CORPORATIO,1
214670,6,INE004A01022,,122790,50,PROTEAN EGOV TECHNOLOGIES LIMITED,1
214670,6,INE0U3I01011,,123416,50,UNIMECH AEROSPACE AND MANUFACTURING LIMITED,1
15800,6,D707,,213079,60,D707-DSP Gilt Fund - Direct Plan -         Growth (Non-Demat) - ISIN: INF740K01NF3(Advisor: DIRECT),1
214670,6,INE583C01021,,100452,50,DECCAN CEMENTS LIMITED,1
15800,6,P8178,,213900,60,P8178-ICICI Prudential Equity Arbitrage Fund - Direct Plan - Growth (Non-Demat) - ISIN: INF109K016O4(Advisor:,1
15800,6,K179D,,213958,60,K179D-Kotak Equity Arbitrage Fund - Direct Plan - Growth (Non-Demat) - ISIN:                    INF174K01LC6(Advisor:,1
15800,6,P8153,,215306,60,P8153-ICICI Prudential Income plus Arbitrage Active FOF - Direct Plan - Growth                     (formerly,1
15800,6,108W2D2G,,212667,60,108W2D2G-UTI Multi Asset Allocation Fund (Formerly UTI Multi Asset Fund) - Direct Plan - ISIN: INF789F01VE6,1
15800,6,108SFD2G,,214252,60,108SFD2G-UTI Arbitrage Fund - Direct Plan - ISIN: INF789FB1RG6,1
15800,6,127LCGDG,,234227,60,127LCGDG-Motilal Oswal Large Cap Fund - Direct Plan Growth - ISIN: INF247L01CE3,1
15800,6,GD340,,231285,60,GD340-Bandhan Small Cap Fund-Direct Plan-Growth (Non-Demat) - ISIN: INF194KB1AL4(Advisor: DIRECT),1
15800,6,120F9D1G,,232442,60,120F9D1G-Invesco India Flexi Cap Fund - Direct Plan Growth - ISIN: INF205KA1494,1
15800,6,127SCGDG,,234074,60,127SCGDG-Motilal Oswal Small Cap Fund - Direct Plan Growth - ISIN: INF247L01BY3(Advisor: CAT-1 EOP-0008),1
214420,6,INE274C01019,,100719,50,WENDT-EQ/INE274C01019,1
15800,6,GD209,,214210,60,GD209-Bandhan Arbitrage Fund-Direct Plan-Growth (Non-Demat) - ISIN: INF194K01Y60(Advisor: DIRECT),1
214670,6,INE884B01025,,100174,50,KIRLOSKAR FERROUS IND LTD,1
214670,6,INE075A01022,,100975,50,WIPRO LTD,1
214420,6,INE703H01016,,104699,50,HUBTOWN-EQ/INE703H01016,1
214420,6,INE515A01019,,100104,50,COCKERILL-B/INE515A01019,1
214420,6,INF204KC1402,,122169,50,SILVERBEES-EQ/INF204KC1402,1
214420,6,INE888C01040,,100879,50,SADHNANIQ-T/INE888C01040,1
214420,6,INE010V01017,,106129,50,LTTS-EQ/INE010V01017,1
214420,6,INE0U4701011,,123549,50,DIGITIDE-B/INE0U4701011,1
214420,6,INE0U4101014,,123550,50,BLUSPRING-B/INE0U4101014,1
214420,6,INE331A01037,,100188,50,RAMCOCEM-EQ/INE331A01037,1
214420,6,INE366C01021,,103391,50,ACSTECH-XT/INE366C01021,1
214420,6,INE591G01025,,104512,50,COFORGE-EQ/INE591G01025,1
214670,6,INE331A01037,,100188,50,THE RAMCO CEMENTS LIMITED,1
801105,3,R K GLOBAL SHARES AND SECURITIES LTD.,,1,-1,,0
801105,2,FUTSTKJIOFIN28AUG2025,,1911400,30,,0
801105,2,FUTSTKJIOFIN30SEP2025,,1927734,30,,0
214420,6,INE686A01026,,101130,50,ITDCEM-EQ/INE686A01026,1
214420,6,INE080I20017,,123776,50,LLOYDSE-RE-BE/INE080I20017,1
15800,6,127ARGDG,,234957,60,127ARGDG-Motilal Oswal Arbitrage Fund - Direct Plan Growth - ISIN: INF247L01ED1,1
15800,6,RMFMFAGG,,231551,60,RMFMFAGG-NIPPON INDIA MULTI ASSET ALLOCATION FUND - DIRECT GROWTH PLAN - ISIN: INF204KB19V4,1
214420,6,INE060A01024,,101076,50,NAVNETEDUL-EQ/INE060A01024,1
214420,6,INE305A01023,,102987,50,TFCILTD-EQ/INE305A01023,1
214420,6,INE0H9P01028,,123645,50,ARISINFRA-EQ/INE0H9P01028,1
214670,6,INE182D01020,,100517,50,MARATHON NXTGEN REALT LTD,1
214670,6,INE092T01019,,105907,50,IDFC FIRST BANK LIMITED,1
214670,6,INE036A01016,,100285,50,RELIANCE INFRASTRUCTU LTD,1
214670,2,2.50%GOLDBONDS2028SR-IV,,426703,40,,0
216135,6,IN0020220045,,427279,50,2.50%GOLDBONDS2030SR,1
216135,6,INE036A01016,,100285,50,RELIANCE INFRASTRUCT,1
214420,6,INE0INX01018,,123602,50,AEGISVOPAK-EQ/INE0INX01018,1
214420,6,INE324D01010,,123916,50,LGEINDIA-B/INE324D01010,1
214420,6,INE531E01026,,101684,50,HINDCOPPER-EQ/INE531E01026,1
15800,6,166TPDGG,,214000,60,166TPDGG-quant ELSS Tax Saver Fund - Direct Plan - ISIN: INF966L01986,1
15800,6,K290D,,233695,60,K290D-Kotak Silver ETF Fund of Fund - Direct Plan (Non-Demat) - ISIN: INF174KA1MQ3(Advisor: DIRECT),1
214420,6,IN0020200195,,426715,50,SGBSEP28VI-GB/IN0020200195,1
214420,6,INE346A01027,,124044,50,ICICIAMC-EQ/INE346A01027,1
214420,6,INE498L01015,,105312,50,LTF-EQ/INE498L01015,1
214420,6,INE672A01026,,100407,50,TATAINVEST-EQ/INE672A01026,1
216135,6,INE338H01029,,122673,50,CONCORD BIOTECH LIMI,1
214420,6,INF204KB17I5,,105124,50,GOLDBEES-EQ/INF204KB17I5,1
214420,6,INE267A01025,,100135,50,HINDZINC-EQ/INE267A01025,1
15800,6,117CFD1G,,213924,60,117CFD1G-Mirae Asset Liquid Fund ( formerly Mirae Asset Cash Management Fund ) - Direct Plan - ISIN:,1
214420,6,INF769K01LY7,,123306,50,METAL-EQ/INF769K01LY7,1
15800,6,117MSD1G,,234448,60,117MSD1G-Mirae Asset Nifty MidSmallcap400              Momentum Quality 100 ETF Fund            of Fund,1
15800,6,K1271D,,235530,60,K1271D-Kotak Nifty Alpha 50 Index Fund Direct Plan - Growth (Non-Demat) - ISIN: INF174KA1XG1(Advisor:,1
217760,3,Raise Securities Pvt. Ltd (Formerly Moneylicious Securities Pvt .Ltd),,9,-1,,0
220855,6,INF204KB16I7,,105271,50,PSUBNKBEES,1
220855,3,Raise Securities Pvt. Ltd,,9,-1,,0
214670,6,INE040A01034,,100128,50,HDFC BANK LTD,1
214420,6,INF174KA1IA5,,122146,50,ALPHA-EQ/INF174KA1IA5,1
214420,6,INF204KB14I2,,105122,50,NIFTYBEES-B/INF204KB14I2,1
214420,6,INF754K01TF1,,123343,50,EMULTIMQ-EQ/INF754K01TF1,1
214420,6,INE274K01012,,105063,50,BTTL-X/INE274K01012,1
214420,6,INE481G01011,,104509,50,ULTRACEMCO-EQ/INE481G01011,1
216135,6,INF204KB16I7,,105271,50,NIP IND ETF PSU BANK,1
216135,6,INE498L01015,,105312,50,L&T FINANCE LIMITED,1
216135,6,INE0INX01018,,123602,50,AEGIS VOPAK TERMINAL,1
216135,6,INE476A01022,,104471,50,CANARA BANK,1
216135,6,INE242A01010,,103475,50,INDIAN OIL CORP LTD,1
214420,6,INF769K01LJ8,,123062,50,MIDSMALL-EQ/INF769K01LJ8,1
214420,6,INE151A01013,,100339,50,TATACOMM-EQ/INE151A01013,1
214420,6,INE741K01010,,121634,50,CREDITACC-EQ/INE741K01010,1
214420,6,INE121A01024,,101226,50,CHOLAFIN-EQ/INE121A01024,1
217480,6,INE741K01010,,121634,50,CREDITACC,1
217480,6,INE415G01027,,121746,50,RVNL,1
217480,6,INE121A01024,,101226,50,CHOLAFIN,1
217480,3,zerodha,,7,-1,,0
15800,6,GDFCCG,,213308,60,GDFCCG-Bandhan Liquid Fund-Direct Plan-Growth (Non-Demat) - ISIN: INF194K01I60(Advisor:,1
217480,6,INF174KA1IA5,,122146,50,ALPHA,1
216135,6,INE758E01017,,122630,50,JIO FIN SERVICES LTD,1
216135,6,INE148I01020,,105464,50,SAMMAAN CAPITAL LIMI,1
216135,6,INE179G01029,,121963,50,DAVANGERE SUGAR COMP,1
217480,6,INF769K01LJ8,,123062,50,MIDSMALL,1
217480,6,INE947Q01028,,121267,50,LAURUSLABS,1
217480,6,INE151A01013,,100339,50,TATACOMM,1
217480,6,INF204KB14I2,,105122,50,NIFTYBEES,1
217480,6,INF754K01TF1,,123343,50,EMULTIMQ,1
217480,6,INE758E01017,,122630,50,JIOFIN,1
217480,6,INE0INX01018,,123602,50,AEGISVOPAK,1
217480,6,INE148I01020,,105464,50,SAMMAANCAP,1
217480,6,INE669E01016,,104722,50,IDEA,1
214670,6,INE0EK901012,,121933,50,TARC LIMITED,1
15800,6,166ONDGG,,233228,60,166ONDGG-quant Overnight Fund - Direct Plan - Growth - ISIN: INF966L01AZ7,1
214420,6,INE021A01026,,100374,50,ASIANPAINT-A/INE021A01026,1
