SourceID_ATYP,AMID,CURRP,PREVP,Date
555,55555,1653.0,-1.0,31-03-2024
50,104500,185.95,0.0,31-03-2024
50,100071,247.3,0.0,31-03-2024
50,100128,1447.9,0.0,31-03-2024
50,100132,31.6,0.0,31-03-2024
50,100345,3763.9,0.0,31-03-2024
50,100078,752.35,0.0,31-03-2024
50,104242,264.05,0.0,31-03-2024
50,104558,23.2,0.0,31-03-2024
50,104509,9749.15,0.0,31-03-2024
50,104268,1093.3,0.0,31-03-2024
50,121746,252.9,0.0,31-03-2024
50,105202,1000.0,0.0,31-03-2024
40,426707,12175.63,12188.05,31-03-2024
50,104465,153.5,0.0,31-03-2024
50,104471,581.05,0.0,31-03-2024
50,105907,75.4,0.0,31-03-2024
50,105835,233.54,0.0,31-03-2024
60,212724,361.4914,0.0,31-03-2024
60,201623,334.936,0.0,31-03-2024
60,215613,74.8685,0.0,31-03-2024
60,212818,143.306,0.0,31-03-2024
60,213314,3451.3601,0.0,31-03-2024
50,100176,1785.5,0.0,31-03-2024
60,213971,663.6948,0.0,31-03-2024
70,598,,,31-03-2024
70,606,,,31-03-2024
70,640,,,31-03-2024
50,122242,916.15,0.0,31-03-2024
50,104254,181.05,0.0,31-03-2024
50,100407,6243.95,0.0,31-03-2024
60,213950,246.6089,0.0,31-03-2024
50,105271,77.54,0.0,31-03-2024
60,212782,86.2324,0.0,31-03-2024
60,213442,1740.457,0.0,31-03-2024
40,427078,12128.2,11996.72,31-03-2024
40,427087,12053.0,11888.91,31-03-2024
40,426802,12235.92,12068.0,31-03-2024
40,426928,11899.81,11897.89,31-03-2024
40,426931,12003.31,12095.0,31-03-2024
40,426939,11922.3,11844.5,31-03-2024
60,212181,4743.661,0.0,31-03-2024
60,213269,5908.93,0.0,31-03-2024
60,213251,3779.2823,0.0,31-03-2024
60,212781,156.6802,0.0,31-03-2024
40,426929,11900.55,11853.07,31-03-2024
50,104541,15.25,0.0,31-03-2024
50,105077,61.2,0.0,31-03-2024
50,104843,60.05,0.0,31-03-2024
50,101330,201.4,0.0,31-03-2024
50,104277,1553.0,0.0,31-03-2024
50,104289,1047.2,0.0,31-03-2024
50,104710,390.25,0.0,31-03-2024
50,104853,451.0,0.0,31-03-2024
50,105212,40.0,0.0,31-03-2024
50,105417,1119.4,0.0,31-03-2024
50,106112,240.3,0.0,31-03-2024
50,121330,187.25,0.0,31-03-2024
50,121940,142.35,0.0,31-03-2024
60,213330,2683.7178,0.0,31-03-2024
50,100038,201.5,0.0,31-03-2024
50,102503,219.65,0.0,31-03-2024
50,121615,663.8,0.0,31-03-2024
50,121949,363.75,0.0,31-03-2024
60,232842,14.5472,0.0,31-03-2024
50,100285,270.95,0.0,31-03-2024
60,214319,59.5799,0.0,31-03-2024
50,103566,429.35,0.0,31-03-2024
50,100975,480.1,0.0,31-03-2024
50,122673,1520.8,0.0,31-03-2024
60,231922,13.4023,0.0,31-03-2024
50,104255,364.3,0.0,31-03-2024
60,231481,12.302,0.0,31-03-2024
60,213926,38.836,0.0,31-03-2024
50,103750,1333.6,0.0,31-03-2024
50,122630,353.75,0.0,31-03-2024
60,213976,40.7258,0.0,31-03-2024
60,219090,89.5363,0.0,31-03-2024
60,213444,484.131,0.0,31-03-2024
60,213538,3810.2525,0.0,31-03-2024
50,100756,948.75,0.0,31-03-2024
70,189,,,31-03-2024
40,426571,1078960.0,1078960.0,31-03-2024
70,455,,,31-03-2024
40,426194,12000.0,12450.0,31-03-2024
70,594,,,31-03-2024
70,595,,,31-03-2024
40,426732,1069700.0,1069700.0,31-03-2024
60,224110,48.4359,0.0,31-03-2024
40,426785,11962.73,11903.04,31-03-2024
60,213970,101.9824,0.0,31-03-2024
60,213968,233.2192,0.0,31-03-2024
50,104568,110.7,0.0,31-03-2024
60,212325,69.9831,0.0,31-03-2024
60,212785,265.614,0.0,31-03-2024
50,104591,131.35,0.0,31-03-2024
50,104739,16.75,0.0,31-03-2024
50,103475,167.75,0.0,31-03-2024
50,106129,5482.65,0.0,31-03-2024
70,97,,,31-03-2024
70,188,,,31-03-2024
50,101945,454.0,0.0,31-03-2024
70,353,,,31-03-2024
70,380,,,31-03-2024
40,426545,1002500.0,1002500.0,31-03-2024
70,443,,,31-03-2024
75,466,,,31-03-2024
70,591,,,31-03-2024
70,592,,,31-03-2024
70,593,,,31-03-2024
40,426850,11932.08,11851.95,31-03-2024
50,105464,168.3,0.0,31-03-2024
50,122917,84.45,0.0,31-03-2024
60,232155,16.975,0.0,31-03-2024
60,213168,397.4516,0.0,31-03-2024
60,224129,45.606,0.0,31-03-2024
60,213191,123.468,0.0,31-03-2024
70,596,,,31-03-2024
60,214000,387.1711,0.0,31-03-2024
40,426587,11949.98,11871.83,31-03-2024
50,100174,544.65,0.0,31-03-2024
50,100717,771.75,0.0,31-03-2024
50,101579,519.35,0.0,31-03-2024
50,101744,985.0,0.0,31-03-2024
50,101907,1371.0,0.0,31-03-2024
50,101918,318.25,0.0,31-03-2024
50,102020,1683.75,0.0,31-03-2024
50,102374,929.85,0.0,31-03-2024
50,103358,874.8,0.0,31-03-2024
50,104197,2452.25,0.0,31-03-2024
50,104544,705.9,0.0,31-03-2024
50,104663,1426.65,0.0,31-03-2024
50,121729,453.15,0.0,31-03-2024
50,121821,376.7,0.0,31-03-2024
50,121867,357.25,0.0,31-03-2024
50,100357,1748.5,0.0,31-03-2024
50,100134,726.5,0.0,31-03-2024
50,102216,354.1,0.0,31-03-2024
50,104828,395.65,0.0,31-03-2024
50,105908,3548.65,0.0,31-03-2024
60,212799,331.3847,0.0,31-03-2024
75,733,,,31-03-2024
75,734,,,31-03-2024
75,736,,,31-03-2024
50,122142,390.65,0.0,31-03-2024
50,100182,610.95,0.0,31-03-2024
50,100517,512.5,0.0,31-03-2024
60,229252,27.73,0.0,31-03-2024
60,201333,1605.692,0.0,31-03-2024
60,201363,635.2538,0.0,31-03-2024
60,201304,44.8138,0.0,31-03-2024
60,201527,309.4965,0.0,31-03-2024
60,205542,101.8996,0.0,31-03-2024
60,201545,244.6139,0.0,31-03-2024
60,202141,3745.6791,0.0,31-03-2024
60,201291,210.9717,0.0,31-03-2024
60,206624,93.1701,0.0,31-03-2024
60,200313,229.8317,0.0,31-03-2024
60,232843,14.1511,0.0,31-03-2024
60,201533,78.1859,0.0,31-03-2024
70,722,,,31-03-2024
70,723,,,31-03-2024
60,201683,165.3346,0.0,31-03-2024
60,200911,49.9809,0.0,31-03-2024
60,201265,265.352,0.0,31-03-2024
60,201761,395.2151,0.0,31-03-2024
60,233698,15.2264,0.0,31-03-2024
60,233909,11.779,0.0,31-03-2024
60,225345,19.3356,0.0,31-03-2024
60,224113,42.2702,0.0,31-03-2024
70,740,,,31-03-2024
60,205477,37.7068,0.0,31-03-2024
60,232052,17.0679,0.0,31-03-2024
60,232334,11.3369,0.0,31-03-2024
60,217678,167.8136,0.0,31-03-2024
60,208273,141.2247,0.0,31-03-2024
60,232061,14.4142,0.0,31-03-2024
60,233877,11.825,0.0,31-03-2024
60,207263,74.59,0.0,31-03-2024
60,234033,13.3698,0.0,31-03-2024
60,215614,69.3187,0.0,31-03-2024
60,213203,56.45,0.0,31-03-2024
60,202388,51.06,0.0,31-03-2024
60,201662,1098.6799,0.0,31-03-2024
60,201282,390.429,0.0,31-03-2024
60,231735,13.53,0.0,31-03-2024
60,202423,106.08,0.0,31-03-2024
60,201329,614.739,0.0,31-03-2024
60,201262,84.602,0.0,31-03-2024
60,201489,108.65,0.0,31-03-2024
60,232242,18.3588,0.0,31-03-2024
60,231872,15.45,0.0,31-03-2024
60,202257,50.0071,0.0,31-03-2024
60,232943,13.6513,0.0,31-03-2024
60,201889,37.9688,0.0,31-03-2024
60,225522,32.008,0.0,31-03-2024
60,219088,79.1994,0.0,31-03-2024
60,225573,76.412,0.0,31-03-2024
60,232952,18.88,0.0,31-03-2024
50,104343,1007.35,0.0,31-03-2024
50,104296,152.55,0.0,31-03-2024
50,105639,417.7,0.0,31-03-2024
50,105171,1170.0,0.0,31-03-2024
50,105059,600.25,0.0,31-03-2024
50,104857,182.7,0.0,31-03-2024
50,104519,335.8,0.0,31-03-2024
50,104302,6978.9,0.0,31-03-2024
50,102670,151.9,0.0,31-03-2024
50,100215,232.35,0.0,31-03-2024
50,100069,270.45,0.0,31-03-2024
50,100346,1921.35,0.0,31-03-2024
50,100873,267.7,0.0,31-03-2024
60,212969,61.56,0.0,31-03-2024
50,102647,19.55,0.0,31-03-2024
50,105190,3625.7,0.0,31-03-2024
50,100167,856.25,0.0,31-03-2024
50,101434,44.5,0.0,31-03-2024
50,100183,0.2,0.0,31-03-2024
50,103605,10.47,0.0,31-03-2024
50,101856,311.35,0.0,31-03-2024
50,103561,9.5,0.0,31-03-2024
50,100231,34.95,0.0,31-03-2024
50,106093,49.05,0.0,31-03-2024
50,104467,86.75,0.0,31-03-2024
50,100263,5.13,0.0,31-03-2024
50,100240,2971.7,0.0,31-03-2024
50,100344,16.6,0.0,31-03-2024
555,55555,262.0,-1.0,31-03-2023
60,213950,146.6052,0.0,31-03-2023
60,213968,139.1977,0.0,31-03-2023
60,212724,242.0676,0.0,31-03-2023
50,105835,179.49,0.0,31-03-2023
60,213199,94.7314,0.0,31-03-2024
50,105907,55.05,0.0,31-03-2023
50,121940,26.6,0.0,31-03-2023
40,425726,1130.7,1140.0,31-03-2024
60,213199,67.5488,0.0,31-03-2023
60,224129,33.409,0.0,31-03-2023
60,215613,53.0485,0.0,31-03-2023
40,425692,1148.87,1158.0,31-03-2024
120,1714,,,31-03-2024
50,121455,633.35,0.0,31-03-2024
40,425726,1130.0,1130.0,31-03-2023
40,425692,1150.0,1150.0,31-03-2023
60,212818,101.905,0.0,31-03-2023
50,104511,3876.3,0.0,31-03-2024
60,213330,2500.89,0.0,31-03-2023
60,212969,45.66,0.0,31-03-2023
50,121455,499.2,0.0,31-03-2023
50,104474,3445.3,0.0,31-03-2024
50,104511,3205.9,0.0,31-03-2023
115,1900,,,31-03-2024
115,1902,,,31-03-2024
50,100290,394.2,0.0,31-03-2024
50,100176,1732.85,0.0,31-03-2023
50,104474,2823.35,0.0,31-03-2023
50,100290,190.25,0.0,31-03-2023
50,100006,2729.95,0.0,31-03-2024
50,100006,2625.5,0.0,31-03-2023
50,100078,523.75,0.0,31-03-2023
50,100704,1235.9,0.0,31-03-2024
50,104509,7622.15,0.0,31-03-2023
50,100704,1466.0,0.0,31-03-2023
60,229980,25.3,0.0,31-03-2023
60,229980,35.66,0.0,31-03-2024
50,100148,1427.95,0.0,31-03-2023
50,100407,1744.7,0.0,31-03-2023
50,100148,1498.05,0.0,31-03-2024
50,106129,3378.55,0.0,31-03-2023
60,213970,63.9487,0.0,31-03-2023
50,100374,2846.75,0.0,31-03-2024
50,121845,682.55,0.0,31-03-2024
50,100346,1158.7,0.0,31-03-2023
50,100374,2761.65,0.0,31-03-2023
50,121845,740.2,0.0,31-03-2023
50,121898,2915.65,0.0,31-03-2024
50,121898,2030.95,0.0,31-03-2023
50,104471,284.45,0.0,31-03-2023
50,103037,231.2,0.0,31-03-2024
50,122242,534.35,0.0,31-03-2023
50,103037,138.95,0.0,31-03-2023
120,2197,,,31-03-2024
50,101158,299.15,0.0,31-03-2024
50,104254,105.15,0.0,31-03-2023
50,102301,554.05,0.0,31-03-2024
50,102867,181.75,0.0,31-03-2024
60,213926,36.2446,0.0,31-03-2023
50,100128,1609.55,0.0,31-03-2023
50,105175,998.75,0.0,31-03-2024
60,212181,4423.2004,0.0,31-03-2023
60,213251,3523.303,0.0,31-03-2023
60,213269,5506.9354,0.0,31-03-2023
50,121335,687.9,0.0,31-03-2024
60,213442,1207.796,0.0,31-03-2023
50,101158,189.5,0.0,31-03-2023
50,101627,66.45,0.0,31-03-2024
50,100174,465.05,0.0,31-03-2023
50,100717,337.6,0.0,31-03-2023
50,100756,382.15,0.0,31-03-2023
50,101579,513.45,0.0,31-03-2023
50,101744,844.35,0.0,31-03-2023
50,101907,920.6,0.0,31-03-2023
50,101918,214.5,0.0,31-03-2023
50,101945,95.25,0.0,31-03-2023
50,102020,705.25,0.0,31-03-2023
50,102301,367.05,0.0,31-03-2023
50,102374,520.9,0.0,31-03-2023
50,102867,244.1,0.0,31-03-2023
50,103358,425.25,0.0,31-03-2023
50,104197,1025.5,0.0,31-03-2023
50,104544,356.0,0.0,31-03-2023
50,104663,406.9,0.0,31-03-2023
50,100253,150.7,0.0,31-03-2024
50,105175,484.65,0.0,31-03-2023
50,121335,670.9,0.0,31-03-2023
50,122819,-1.0,0.0,31-03-2024
50,121729,279.7,0.0,31-03-2023
50,121821,355.35,0.0,31-03-2023
50,100343,2777.3,0.0,31-03-2024
50,121867,327.15,0.0,31-03-2023
50,104292,27.25,0.0,31-03-2024
50,105271,41.08,0.0,31-03-2023
50,100305,2600.6,0.0,31-03-2024
50,100029,1629.9,0.0,31-03-2024
50,101627,27.9,0.0,31-03-2023
50,104323,585.7,0.0,31-03-2024
50,100357,526.25,0.0,31-03-2023
50,104843,60.4,0.0,31-03-2023
50,100134,323.8,0.0,31-03-2023
50,102762,1620.55,0.0,31-03-2024
50,102216,112.05,0.0,31-03-2023
50,100102,1001.0,0.0,31-03-2024
50,104828,56.9,0.0,31-03-2023
50,104310,1543.55,0.0,31-03-2024
60,212785,175.5637,0.0,31-03-2023
50,100059,1496.95,0.0,31-03-2024
50,100373,1096.2,0.0,31-03-2024
50,104986,9148.15,0.0,31-03-2024
50,104499,264.15,0.0,31-03-2024
50,105202,1000.01,0.0,31-03-2023
50,105908,1910.65,0.0,31-03-2023
50,104251,137.05,0.0,31-03-2024
50,100156,48.9,0.0,31-03-2024
50,104491,430.8,0.0,31-03-2024
50,122673,-1.0,0.0,31-03-2023
50,104829,935.3,0.0,31-03-2024
50,105312,158.25,0.0,31-03-2024
60,212799,186.1154,0.0,31-03-2023
50,105071,528.9,0.0,31-03-2024
50,100975,365.25,0.0,31-03-2023
50,100129,4722.3,0.0,31-03-2024
50,100352,1103.55,0.0,31-03-2024
50,100253,149.05,0.0,31-03-2023
50,100381,466.45,0.0,31-03-2024
50,100495,2.21,0.0,31-03-2024
50,100285,144.25,0.0,31-03-2023
50,104591,90.1,0.0,31-03-2023
50,105010,143.7,0.0,31-03-2024
50,100230,268.05,0.0,31-03-2024
50,122630,-1.0,0.0,31-03-2023
50,105100,657.2,0.0,31-03-2024
50,101147,2604.75,0.0,31-03-2024
60,232155,10.368,0.0,31-03-2023
50,105074,54.55,0.0,31-03-2024
60,219090,55.2204,0.0,31-03-2023
50,101057,1041.55,0.0,31-03-2024
50,100069,85.0,0.0,31-03-2023
50,100507,171.15,0.0,31-03-2024
50,100215,106.1,0.0,31-03-2023
50,122819,-1.0,0.0,31-03-2023
50,105169,1475.85,0.0,31-03-2024
50,101096,106.4,0.0,31-03-2024
50,102179,162.8,0.0,31-03-2024
50,100343,1891.05,0.0,31-03-2023
50,100211,42.05,0.0,31-03-2024
50,104292,14.65,0.0,31-03-2023
50,102791,1088.75,0.0,31-03-2024
50,104324,344.8,0.0,31-03-2024
50,100305,1537.15,0.0,31-03-2023
50,100029,634.0,0.0,31-03-2023
50,104323,153.9,0.0,31-03-2023
50,102627,146.25,0.0,31-03-2024
50,102762,983.1,0.0,31-03-2023
50,100182,328.75,0.0,31-03-2023
50,100335,155.85,0.0,31-03-2024
50,104798,276.9,0.0,31-03-2024
50,105346,3349.6,0.0,31-03-2024
50,100012,158.25,0.0,31-03-2024
50,101956,117.1,0.0,31-03-2024
50,104315,849.15,0.0,31-03-2024
50,100102,812.6,0.0,31-03-2023
50,104821,1341.85,0.0,31-03-2024
50,104310,1085.25,0.0,31-03-2023
50,105051,533.8,0.0,31-03-2024
50,100059,900.5,0.0,31-03-2023
50,100373,708.85,0.0,31-03-2023
50,104242,168.85,0.0,31-03-2023
50,104986,3884.75,0.0,31-03-2023
50,104499,206.35,0.0,31-03-2023
50,100349,602.4,0.0,31-03-2024
50,100351,992.8,0.0,31-03-2024
50,104251,74.65,0.0,31-03-2023
50,100156,34.25,0.0,31-03-2023
50,104491,428.7,0.0,31-03-2023
50,104829,474.7,0.0,31-03-2023
50,104838,28.25,0.0,31-03-2024
50,105312,82.05,0.0,31-03-2023
50,104739,13.0,0.0,31-03-2023
50,105071,240.85,0.0,31-03-2023
50,100129,2347.35,0.0,31-03-2023
50,102370,1069.85,0.0,31-03-2024
50,100352,818.25,0.0,31-03-2023
50,100873,116.1,0.0,31-03-2023
50,100381,319.9,0.0,31-03-2023
50,100495,2.3,0.0,31-03-2023
50,105010,74.3,0.0,31-03-2023
60,202374,22.715,0.0,31-03-2024
50,100230,151.05,0.0,31-03-2023
50,105100,208.75,0.0,31-03-2023
50,101147,2401.55,0.0,31-03-2023
50,105074,15.05,0.0,31-03-2023
50,100132,13.7,0.0,31-03-2023
70,213,,,31-03-2024
50,101057,756.1,0.0,31-03-2023
50,100507,58.6,0.0,31-03-2023
50,105169,842.6,0.0,31-03-2023
50,105171,403.2,0.0,31-03-2023
50,101096,341.9,0.0,31-03-2023
50,100071,70.05,0.0,31-03-2023
50,102179,85.2,0.0,31-03-2023
50,100211,25.8,0.0,31-03-2023
50,104465,66.55,0.0,31-03-2023
50,104558,15.05,0.0,31-03-2023
50,104268,877.25,0.0,31-03-2023
50,102791,518.1,0.0,31-03-2023
50,104324,205.85,0.0,31-03-2023
50,104500,85.05,0.0,31-03-2023
70,426,,,31-03-2024
50,102627,37.3,0.0,31-03-2023
50,100335,104.5,0.0,31-03-2023
50,104798,225.7,0.0,31-03-2023
50,105346,1516.5,0.0,31-03-2023
50,100012,56.75,0.0,31-03-2023
50,101956,67.1,0.0,31-03-2023
50,104315,546.2,0.0,31-03-2023
50,104821,631.9,0.0,31-03-2023
50,105051,191.6,0.0,31-03-2023
50,100240,2331.05,0.0,31-03-2023
50,100349,344.3,0.0,31-03-2023
50,102772,1315.35,0.0,31-03-2024
50,100351,420.8,0.0,31-03-2023
50,104838,9.95,0.0,31-03-2023
50,102411,49.75,0.0,31-03-2024
50,100345,2164.2,0.0,31-03-2023
50,102370,534.25,0.0,31-03-2023
60,202374,22.715,0.0,31-03-2023
50,102573,163.4,0.0,31-03-2024
70,97,,,31-03-2023
70,188,,,31-03-2023
50,101556,7.4,0.0,31-03-2024
50,102772,595.95,0.0,31-03-2023
50,102411,33.25,0.0,31-03-2023
50,104576,40.4,0.0,31-03-2024
50,102573,163.4,0.0,31-03-2023
50,101556,4.35,0.0,31-03-2023
50,100835,1431.05,0.0,31-03-2024
50,104576,7.9,0.0,31-03-2023
50,100835,715.3,0.0,31-03-2023
50,105140,898.0,0.0,31-03-2024
50,105140,898.0,0.0,31-03-2023
50,100360,1028.55,0.0,31-03-2024
50,101706,40.75,0.0,31-03-2024
50,100360,563.7,0.0,31-03-2023
50,101938,278.0,0.0,31-03-2024
50,100226,426.5,0.0,31-03-2024
40,425154,1985.0,1985.0,31-03-2024
50,101706,40.75,0.0,31-03-2023
50,104482,12600.35,0.0,31-03-2024
50,101938,130.05,0.0,31-03-2023
50,100226,375.7,0.0,31-03-2023
40,425154,1985.0,1985.0,31-03-2023
50,100334,150.2,0.0,31-03-2024
50,104289,858.5,0.0,31-03-2023
120,776,,,31-03-2024
50,105539,79.91,0.0,31-03-2024
50,104482,8292.15,0.0,31-03-2023
50,100334,132.3,0.0,31-03-2023
50,105539,39.56,0.0,31-03-2023
50,100023,5616.75,0.0,31-03-2023
50,105462,109.95,0.0,31-03-2023
50,102647,21.6,0.0,31-03-2023
50,105639,215.15,0.0,31-03-2023
50,105757,93.35,0.0,31-03-2023
50,102090,23.85,0.0,31-03-2023
50,104296,78.4,0.0,31-03-2023
50,105174,213.65,0.0,31-03-2023
50,104456,46.6,0.0,31-03-2023
50,100233,43.45,0.0,31-03-2023
40,425622,1090.0,1090.0,31-03-2023
50,105270,369.0,0.0,31-03-2023
50,101684,98.35,0.0,31-03-2023
50,121388,153.55,0.0,31-03-2023
50,100216,274.45,0.0,31-03-2023
50,100023,7245.25,0.0,31-03-2024
50,121218,435.7,0.0,31-03-2023
50,121408,1069.5,0.0,31-03-2023
50,121445,133.65,0.0,31-03-2023
40,425051,10918.2,10918.2,31-03-2023
40,425762,11450.0,11450.0,31-03-2023
70,353,,,31-03-2023
50,105462,195.8,0.0,31-03-2024
40,426125,1045.0,1045.0,31-03-2023
40,426127,1546.77,1546.77,31-03-2023
50,105757,521.6,0.0,31-03-2024
40,425424,1633.0,1633.0,31-03-2023
50,102090,25.8,0.0,31-03-2024
40,426164,1082.5,1082.5,31-03-2023
40,425423,1092.0,1092.0,31-03-2023
40,426198,1090.0,1090.0,31-03-2023
50,121460,58.76,0.0,31-03-2023
50,121746,68.6,0.0,31-03-2023
50,105174,434.1,0.0,31-03-2024
50,121748,1248.3,0.0,31-03-2023
40,426226,1065.0,1065.0,31-03-2023
70,380,,,31-03-2023
50,104456,124.4,0.0,31-03-2024
40,426407,1080000.0,1080000.0,31-03-2023
50,100233,43.45,0.0,31-03-2024
40,425622,1090.0,1090.0,31-03-2024
50,105270,692.54,0.0,31-03-2024
40,426545,1002500.0,1002500.0,31-03-2023
50,101684,278.05,0.0,31-03-2024
40,426559,1061.02,1061.02,31-03-2023
40,425629,5.38,5.38,31-03-2023
70,443,,,31-03-2023
50,121388,175.4,0.0,31-03-2024
50,100216,271.65,0.0,31-03-2024
50,105124,51.07,0.0,31-03-2023
50,121218,608.65,0.0,31-03-2024
70,455,,,31-03-2023
50,121408,1684.5,0.0,31-03-2024
40,425126,1046.25,1046.25,31-03-2023
50,121445,329.75,0.0,31-03-2024
40,425323,1068.26,1068.26,31-03-2023
40,425742,1122.59,1122.59,31-03-2023
40,425051,10918.2,10918.2,31-03-2024
40,425730,1161.01,1161.01,31-03-2023
40,425112,1112.0,1112.0,31-03-2023
40,425762,11450.0,11450.0,31-03-2024
40,425172,1080.01,1080.01,31-03-2023
70,995,,,31-03-2024
40,426194,10698.22,10698.22,31-03-2023
40,426125,1050.0,1045.0,31-03-2024
75,466,,,31-03-2023
40,426127,1546.77,1546.77,31-03-2024
40,425424,1633.0,1633.0,31-03-2024
40,426164,1082.5,1082.5,31-03-2024
50,101804,412.25,0.0,31-03-2023
50,101434,26.32,0.0,31-03-2023
40,425423,1092.0,1092.0,31-03-2024
40,426198,1090.0,1090.0,31-03-2024
50,121460,100.83,0.0,31-03-2024
50,104519,175.1,0.0,31-03-2023
50,121748,1723.6,0.0,31-03-2024
70,591,,,31-03-2023
40,426226,1056.51,1055.0,31-03-2024
70,592,,,31-03-2023
70,1343,,,31-03-2024
70,593,,,31-03-2023
60,224110,35.4643,0.0,31-03-2023
50,100246,2353.0,0.0,31-03-2023
50,121631,1707.85,0.0,31-03-2023
50,103475,77.9,0.0,31-03-2023
95,1379,,,31-03-2024
95,1380,,,31-03-2024
95,1381,,,31-03-2024
95,1382,,,31-03-2024
40,426407,1080000.0,1080000.0,31-03-2024
40,426559,1069.0,1061.72,31-03-2024
60,212781,100.0587,0.0,31-03-2023
95,1442,,,31-03-2024
95,1443,,,31-03-2024
95,1444,,,31-03-2024
60,213971,438.8769,0.0,31-03-2023
40,425629,5.38,5.38,31-03-2024
40,426928,10531.0,10531.0,31-03-2023
40,427087,10701.09,10701.09,31-03-2023
70,1474,,,31-03-2024
40,426850,10530.04,10530.04,31-03-2023
40,426939,10550.0,10550.0,31-03-2023
95,1486,,,31-03-2024
95,1487,,,31-03-2024
50,105124,56.61,0.0,31-03-2024
60,212782,59.0553,0.0,31-03-2023
95,1493,,,31-03-2024
70,1496,,,31-03-2024
60,213444,344.595,0.0,31-03-2023
50,105464,97.35,0.0,31-03-2023
60,213976,23.2537,0.0,31-03-2023
40,425126,1050.0,1048.06,31-03-2024
40,425323,1068.26,1068.26,31-03-2024
60,231922,11.4187,0.0,31-03-2023
50,122917,-1.0,0.0,31-03-2023
40,425742,1123.23,1123.23,31-03-2024
50,105077,24.85,0.0,31-03-2023
40,425730,1170.0,1165.01,31-03-2024
40,425112,1112.12,1111.55,31-03-2024
60,214319,50.1358,0.0,31-03-2023
40,425172,1085.0,1085.0,31-03-2024
50,101804,546.9,0.0,31-03-2024
60,213168,247.9651,0.0,31-03-2023
50,100517,276.35,0.0,31-03-2023
70,1810,,,31-03-2024
70,1811,,,31-03-2024
60,213191,87.186,0.0,31-03-2023
70,596,,,31-03-2023
60,214000,246.6959,0.0,31-03-2023
70,1812,,,31-03-2024
50,121858,29.84,0.0,31-03-2023
95,1824,,,31-03-2024
50,100246,3014.7,0.0,31-03-2024
50,121631,3754.1,0.0,31-03-2024
40,426587,10492.2,10492.2,31-03-2023
115,1937,,,31-03-2024
70,1498,,,31-03-2024
70,1815,,,31-03-2024
50,121858,37.05,0.0,31-03-2024
50,105596,323.4,0.0,31-03-2024
50,121933,139.75,0.0,31-03-2024
50,105596,96.2,0.0,31-03-2023
50,121933,34.1,0.0,31-03-2023
50,101144,920.7,0.0,31-03-2023
50,101144,1844.05,0.0,31-03-2024
40,425108,1985.05,1985.05,31-03-2023
40,425130,1980.0,1980.0,31-03-2023
50,100385,170.6,0.0,31-03-2023
40,425108,1985.05,1985.05,31-03-2024
40,425130,1980.0,1980.0,31-03-2024
120,777,,,31-03-2024
40,426081,1083.8,1083.8,31-03-2023
50,100385,246.45,0.0,31-03-2024
40,425328,1157.0,1157.0,31-03-2023
40,425226,1157.8,1157.8,31-03-2023
40,425110,1116.0,1116.0,31-03-2023
40,425698,1120.38,1120.38,31-03-2023
40,425125,1045.0,1045.0,31-03-2023
40,425734,1142.85,1142.85,31-03-2023
40,425248,1154.8,1154.8,31-03-2023
40,426707,10498.45,10498.45,31-03-2023
40,426081,1083.8,1083.8,31-03-2024
40,425338,1318.99,1318.99,31-03-2023
40,425328,1157.07,1148.27,31-03-2024
60,201623,226.4319,0.0,31-03-2023
95,1434,,,31-03-2024
95,1435,,,31-03-2024
95,1436,,,31-03-2024
95,1437,,,31-03-2024
95,1438,,,31-03-2024
95,1453,,,31-03-2024
60,212516,41.7091,0.0,31-03-2023
95,1454,,,31-03-2024
60,212467,71.14,0.0,31-03-2023
95,1455,,,31-03-2024
95,1456,,,31-03-2024
40,425738,1168.0,1168.0,31-03-2023
95,1457,,,31-03-2024
95,1458,,,31-03-2024
95,1459,,,31-03-2024
95,1460,,,31-03-2024
95,1461,,,31-03-2024
95,1462,,,31-03-2024
95,1463,,,31-03-2024
95,1464,,,31-03-2024
95,1466,,,31-03-2024
95,1467,,,31-03-2024
60,213314,3217.1908,0.0,31-03-2023
95,1473,,,31-03-2024
40,425226,1150.0,1150.04,31-03-2024
95,1480,,,31-03-2024
95,1481,,,31-03-2024
95,1482,,,31-03-2024
40,425110,1117.31,1117.86,31-03-2024
40,425698,1123.06,1123.47,31-03-2024
50,101126,581.7,0.0,31-03-2023
40,425125,1045.0,1045.0,31-03-2024
70,598,,,31-03-2023
50,105939,1828.1,0.0,31-03-2023
70,606,,,31-03-2023
70,640,,,31-03-2023
40,425734,1145.0,1145.0,31-03-2024
40,425248,1154.8,1154.8,31-03-2024
40,425338,1308.5,1320.0,31-03-2024
60,212516,44.8178,0.0,31-03-2024
40,427078,10647.95,10647.95,31-03-2023
60,212467,77.503,0.0,31-03-2024
40,425738,1166.99,1166.99,31-03-2024
40,426802,10482.01,10482.01,31-03-2023
40,426931,10549.0,10549.0,31-03-2023
50,101126,573.05,0.0,31-03-2024
70,1819,,,31-03-2024
95,1821,,,31-03-2024
95,1826,,,31-03-2024
50,105939,2262.85,0.0,31-03-2024
40,426929,10522.77,10522.77,31-03-2023
50,122088,301.7,0.0,31-03-2023
70,1837,,,31-03-2024
50,104541,5.55,0.0,31-03-2023
50,105721,51.8,0.0,31-03-2023
115,1838,,,31-03-2024
115,1839,,,31-03-2024
50,100328,141.05,0.0,31-03-2023
115,1842,,,31-03-2024
115,1896,,,31-03-2024
115,1901,,,31-03-2024
70,1906,,,31-03-2024
50,101330,154.85,0.0,31-03-2023
50,104277,1067.95,0.0,31-03-2023
115,1907,,,31-03-2024
50,104710,151.75,0.0,31-03-2023
50,104853,115.45,0.0,31-03-2023
50,122088,1211.1,0.0,31-03-2024
50,105212,12.65,0.0,31-03-2023
50,105417,642.8,0.0,31-03-2023
50,106112,141.1,0.0,31-03-2023
115,2308,,,31-03-2024
50,105721,56.82,0.0,31-03-2024
50,121330,43.25,0.0,31-03-2023
115,2496,,,31-03-2024
50,100328,148.75,0.0,31-03-2024
50,105063,38.58,0.0,31-03-2024
50,100038,97.55,0.0,31-03-2023
50,102503,56.0,0.0,31-03-2023
50,121615,354.55,0.0,31-03-2023
50,121949,101.1,0.0,31-03-2023
60,232842,9.3982,0.0,31-03-2023
50,103566,358.55,0.0,31-03-2023
50,104255,272.85,0.0,31-03-2023
60,231481,11.356,0.0,31-03-2023
70,427,,,31-03-2024
50,103750,404.4,0.0,31-03-2023
120,1389,,,31-03-2024
95,1429,,,31-03-2024
95,1430,,,31-03-2024
95,1431,,,31-03-2024
95,1432,,,31-03-2024
95,1433,,,31-03-2024
95,1439,,,31-03-2024
95,1440,,,31-03-2024
95,1447,,,31-03-2024
95,1448,,,31-03-2024
95,1449,,,31-03-2024
95,1450,,,31-03-2024
95,1451,,,31-03-2024
95,1452,,,31-03-2024
95,1470,,,31-03-2024
95,1471,,,31-03-2024
95,1483,,,31-03-2024
95,1484,,,31-03-2024
95,1485,,,31-03-2024
60,213538,3551.4134,0.0,31-03-2023
115,1495,,,31-03-2024
70,1497,,,31-03-2024
50,105063,12.12,0.0,31-03-2023
70,189,,,31-03-2023
40,426571,1078960.0,1078960.0,31-03-2023
60,224483,44.78,0.0,31-03-2024
50,122025,776.65,0.0,31-03-2024
70,1813,,,31-03-2024
70,1814,,,31-03-2024
60,224483,32.42,0.0,31-03-2023
50,122025,392.9,0.0,31-03-2023
70,594,,,31-03-2023
70,595,,,31-03-2023
40,426732,1069700.0,1069700.0,31-03-2023
95,1825,,,31-03-2024
115,1876,,,31-03-2024
115,1904,,,31-03-2024
115,1905,,,31-03-2024
50,104669,1132.75,0.0,31-03-2024
50,104669,1565.8,0.0,31-03-2023
115,1928,,,31-03-2024
115,1946,,,31-03-2024
115,2624,,,31-03-2024
50,121450,408.85,0.0,31-03-2024
40,426785,10500.0,10500.0,31-03-2023
95,1441,,,31-03-2024
50,104568,78.55,0.0,31-03-2023
60,212325,60.6305,0.0,31-03-2023
50,121450,354.3,0.0,31-03-2023
50,105190,1751.8,0.0,31-03-2023
50,100167,294.8,0.0,31-03-2023
50,100183,0.2,0.0,31-03-2023
50,103605,7.72,0.0,31-03-2023
50,101856,122.15,0.0,31-03-2023
50,103561,6.12,0.0,31-03-2023
50,100231,14.0,0.0,31-03-2023
50,106093,17.95,0.0,31-03-2023
50,104467,73.45,0.0,31-03-2023
50,100263,3.57,0.0,31-03-2023
50,100344,12.9,0.0,31-03-2023
555,55555,2.0,-1.0,31-03-2022
60,213950,137.2799,0.0,31-03-2022
60,213968,135.6836,0.0,31-03-2022
60,212724,211.9872,0.0,31-03-2022
50,105835,178.67,0.0,31-03-2022
50,105907,39.7,0.0,31-03-2022
50,121940,21.45,0.0,31-03-2022
60,213199,75.5061,0.0,31-03-2022
60,224129,33.432,0.0,31-03-2022
60,215613,52.5141,0.0,31-03-2022
40,425726,1136.6,1135.0,31-03-2022
40,425692,1142.06,1149.05,31-03-2022
60,212818,103.711,0.0,31-03-2022
60,213330,2364.0819,0.0,31-03-2022
60,212969,45.1,0.0,31-03-2022
50,121455,538.2,0.0,31-03-2022
50,104511,3739.95,0.0,31-03-2022
50,100176,1753.85,0.0,31-03-2022
50,104474,4402.05,0.0,31-03-2022
50,100290,238.65,0.0,31-03-2022
50,100006,2390.4,0.0,31-03-2022
50,100078,493.55,0.0,31-03-2022
50,104509,6602.3,0.0,31-03-2022
50,100704,4555.55,0.0,31-03-2022
60,229980,25.69,0.0,31-03-2022
50,100148,1906.85,0.0,31-03-2022
50,100407,1356.5,0.0,31-03-2022
50,106129,5105.3,0.0,31-03-2022
60,213970,62.0673,0.0,31-03-2022
50,100346,806.55,0.0,31-03-2022
50,100374,3079.95,0.0,31-03-2022
50,121845,851.7,0.0,31-03-2022
50,121898,2315.85,0.0,31-03-2022
50,104471,227.75,0.0,31-03-2022
50,122242,-1.0,0.0,31-03-2022
50,103037,219.9,0.0,31-03-2022
50,104254,155.65,0.0,31-03-2022
60,213926,34.2977,0.0,31-03-2022
50,100128,1470.35,0.0,31-03-2022
60,212181,4184.7424,0.0,31-03-2022
60,213251,3333.0896,0.0,31-03-2022
60,213269,5208.027,0.0,31-03-2022
60,213442,1081.826,0.0,31-03-2022
50,100174,214.85,0.0,31-03-2022
50,100717,247.75,0.0,31-03-2022
50,100756,143.8,0.0,31-03-2022
50,101579,513.45,0.0,31-03-2022
50,101744,726.8,0.0,31-03-2022
50,101907,621.9,0.0,31-03-2022
50,101918,134.5,0.0,31-03-2022
50,101945,63.4,0.0,31-03-2022
50,102020,452.25,0.0,31-03-2022
50,102301,180.1,0.0,31-03-2022
50,102374,357.0,0.0,31-03-2022
50,102867,80.7,0.0,31-03-2022
50,103358,277.85,0.0,31-03-2022
50,104197,966.1,0.0,31-03-2022
50,104544,404.3,0.0,31-03-2022
50,104663,240.5,0.0,31-03-2022
50,105175,317.75,0.0,31-03-2022
50,121335,539.15,0.0,31-03-2022
50,121729,283.85,0.0,31-03-2022
50,121821,363.1,0.0,31-03-2022
50,121867,330.75,0.0,31-03-2022
50,105271,29.72,0.0,31-03-2022
50,101627,44.1,0.0,31-03-2022
50,100357,697.2,0.0,31-03-2022
50,104843,114.7,0.0,31-03-2022
50,100134,295.9,0.0,31-03-2022
50,102216,158.95,0.0,31-03-2022
50,104828,32.95,0.0,31-03-2022
60,212785,161.8826,0.0,31-03-2022
50,122673,-1.0,0.0,31-03-2022
50,100975,591.9,0.0,31-03-2022
50,100285,112.3,0.0,31-03-2022
50,104591,226.35,0.0,31-03-2022
50,122630,-1.0,0.0,31-03-2022
60,232155,9.68,0.0,31-03-2022
60,219090,49.6213,0.0,31-03-2022
50,104242,111.6,0.0,31-03-2022
50,104499,335.6,0.0,31-03-2022
50,104251,45.85,0.0,31-03-2022
50,104739,16.35,0.0,31-03-2022
50,100132,15.7,0.0,31-03-2022
50,100071,49.35,0.0,31-03-2022
50,104465,38.7,0.0,31-03-2022
50,104558,12.3,0.0,31-03-2022
50,104268,730.3,0.0,31-03-2022
50,104500,82.25,0.0,31-03-2022
50,100240,2634.75,0.0,31-03-2022
50,100351,433.75,0.0,31-03-2022
50,100345,1767.65,0.0,31-03-2022
70,97,,,31-03-2022
70,188,,,31-03-2022
50,104289,761.15,0.0,31-03-2022
50,100023,7259.95,0.0,31-03-2022
50,121408,1328.3,0.0,31-03-2022
70,353,,,31-03-2022
50,121746,32.7,0.0,31-03-2022
70,380,,,31-03-2022
40,426407,1080000.0,1080000.0,31-03-2022
40,426545,1066000.0,1066000.0,31-03-2022
40,425629,5.23,5.17,31-03-2022
70,443,,,31-03-2022
50,105124,44.12,0.0,31-03-2022
70,455,,,31-03-2022
40,425126,1065.31,1068.06,31-03-2022
40,425730,1160.02,1165.0,31-03-2022
40,426194,7399.0,7300.0,31-03-2022
75,466,,,31-03-2022
70,591,,,31-03-2022
70,592,,,31-03-2022
70,593,,,31-03-2022
60,224110,42.6543,0.0,31-03-2022
50,100246,2454.3,0.0,31-03-2022
50,121631,2146.05,0.0,31-03-2022
50,103475,118.95,0.0,31-03-2022
60,212781,92.9545,0.0,31-03-2022
60,213971,447.2363,0.0,31-03-2022
40,426928,7399.08,7350.0,31-03-2022
40,427087,7490.0,7406.0,31-03-2022
40,426939,7438.21,7356.0,31-03-2022
60,212782,54.959,0.0,31-03-2022
60,213976,22.2477,0.0,31-03-2022
60,231922,10.7166,0.0,31-03-2022
50,105077,23.3,0.0,31-03-2022
60,214319,47.5824,0.0,31-03-2022
60,213168,230.616,0.0,31-03-2022
50,100517,118.2,0.0,31-03-2022
40,425742,1130.0,1129.0,31-03-2022
60,213191,86.225,0.0,31-03-2022
70,596,,,31-03-2022
60,214000,245.3972,0.0,31-03-2022
50,121858,37.24,0.0,31-03-2022
40,426707,7468.9,7452.86,31-03-2022
40,425338,1324.45,1304.0,31-03-2022
50,105122,188.87,0.0,31-03-2022
60,201623,199.888,0.0,31-03-2022
60,222573,27.8541,0.0,31-03-2022
60,213177,108.4,0.0,31-03-2022
60,212516,40.5524,0.0,31-03-2022
40,425738,1159.88,1164.99,31-03-2022
60,213314,3042.9873,0.0,31-03-2022
50,101126,699.7,0.0,31-03-2022
70,598,,,31-03-2022
50,121218,500.9,0.0,31-03-2022
50,100080,2536.15,0.0,31-03-2022
70,606,,,31-03-2022
70,640,,,31-03-2022
50,122409,-1.0,0.0,31-03-2022
50,104541,6.8,0.0,31-03-2022
50,105721,77.1,0.0,31-03-2022
60,213538,3360.4521,0.0,31-03-2022
70,189,,,31-03-2022
40,426571,1046157.0,1049000.0,31-03-2022
40,425734,1143.0,1146.0,31-03-2022
50,105939,2610.7,0.0,31-03-2022
60,224483,35.25,0.0,31-03-2022
50,122025,458.8,0.0,31-03-2022
70,594,,,31-03-2022
70,595,,,31-03-2022
40,426732,1045685.0,1044672.0,31-03-2022
50,100340,17702.85,0.0,31-03-2022
50,104669,900.15,0.0,31-03-2022
40,426785,7433.24,7390.0,31-03-2022
50,102647,35.3,0.0,31-03-2022
50,105190,1582.5,0.0,31-03-2022
50,100167,296.4,0.0,31-03-2022
50,101434,-1.0,0.0,31-03-2022
50,100183,-1.0,0.0,31-03-2022
50,103605,-1.0,0.0,31-03-2022
50,101856,65.9,0.0,31-03-2022
50,103561,-1.0,0.0,31-03-2022
50,100231,9.3,0.0,31-03-2022
50,106093,14.05,0.0,31-03-2022
50,104467,50.0,0.0,31-03-2022
50,100263,5.89,0.0,31-03-2022
50,100344,12.1,0.0,31-03-2022
120,1714,,,31-03-2023
115,1900,,,31-03-2023
115,1902,,,31-03-2023
120,2197,,,31-03-2023
70,213,,,31-03-2023
70,426,,,31-03-2023
120,776,,,31-03-2023
70,995,,,31-03-2023
70,1343,,,31-03-2023
95,1379,,,31-03-2023
95,1380,,,31-03-2023
95,1381,,,31-03-2023
95,1382,,,31-03-2023
95,1442,,,31-03-2023
95,1443,,,31-03-2023
95,1444,,,31-03-2023
70,1474,,,31-03-2023
95,1486,,,31-03-2023
95,1487,,,31-03-2023
95,1493,,,31-03-2023
70,1496,,,31-03-2023
70,1810,,,31-03-2023
70,1811,,,31-03-2023
70,1812,,,31-03-2023
95,1824,,,31-03-2023
115,1937,,,31-03-2023
70,1498,,,31-03-2023
70,1815,,,31-03-2023
120,777,,,31-03-2023
95,1434,,,31-03-2023
95,1435,,,31-03-2023
95,1436,,,31-03-2023
95,1437,,,31-03-2023
95,1438,,,31-03-2023
95,1453,,,31-03-2023
95,1454,,,31-03-2023
95,1455,,,31-03-2023
95,1456,,,31-03-2023
95,1457,,,31-03-2023
95,1458,,,31-03-2023
95,1459,,,31-03-2023
95,1460,,,31-03-2023
95,1461,,,31-03-2023
95,1462,,,31-03-2023
95,1463,,,31-03-2023
95,1464,,,31-03-2023
95,1466,,,31-03-2023
95,1467,,,31-03-2023
95,1473,,,31-03-2023
95,1480,,,31-03-2023
95,1481,,,31-03-2023
95,1482,,,31-03-2023
50,105122,189.86,0.0,31-03-2023
60,222573,29.8743,0.0,31-03-2023
60,213177,110.493,0.0,31-03-2023
70,1819,,,31-03-2023
95,1821,,,31-03-2023
95,1826,,,31-03-2023
50,100080,2514.9,0.0,31-03-2023
70,1837,,,31-03-2023
115,1838,,,31-03-2023
115,1839,,,31-03-2023
115,1842,,,31-03-2023
115,1896,,,31-03-2023
115,1901,,,31-03-2023
70,1906,,,31-03-2023
115,1907,,,31-03-2023
50,122409,49.5,0.0,31-03-2023
115,2308,,,31-03-2023
115,2496,,,31-03-2023
70,427,,,31-03-2023
120,1389,,,31-03-2023
95,1429,,,31-03-2023
95,1430,,,31-03-2023
95,1431,,,31-03-2023
95,1432,,,31-03-2023
95,1433,,,31-03-2023
95,1439,,,31-03-2023
95,1440,,,31-03-2023
95,1447,,,31-03-2023
95,1448,,,31-03-2023
95,1449,,,31-03-2023
95,1450,,,31-03-2023
95,1451,,,31-03-2023
95,1452,,,31-03-2023
95,1470,,,31-03-2023
95,1471,,,31-03-2023
95,1483,,,31-03-2023
95,1484,,,31-03-2023
95,1485,,,31-03-2023
115,1495,,,31-03-2023
70,1497,,,31-03-2023
70,1813,,,31-03-2023
70,1814,,,31-03-2023
95,1825,,,31-03-2023
50,100340,22064.85,0.0,31-03-2023
115,1876,,,31-03-2023
115,1904,,,31-03-2023
115,1905,,,31-03-2023
115,1928,,,31-03-2023
115,1946,,,31-03-2023
115,2624,,,31-03-2023
95,1441,,,31-03-2023
115,2585,,,31-03-2024
40,425568,1880.21,1880.21,31-03-2024
40,426085,1508.0,1508.0,31-03-2024
50,100080,3801.8,0.0,31-03-2024
50,100090,178.2,0.0,31-03-2024
50,101039,6069.3,0.0,31-03-2024
50,101535,115.5,0.0,31-03-2024
50,102175,145.1,0.0,31-03-2024
50,102180,132.25,0.0,31-03-2024
50,104501,62.35,0.0,31-03-2024
50,104562,225.1,0.0,31-03-2024
50,104623,278.8,0.0,31-03-2024
50,105028,0.55,0.0,31-03-2024
50,105122,246.96,0.0,31-03-2024
50,105213,149.38,0.0,31-03-2024
50,105672,1096.8,0.0,31-03-2024
50,121292,16.15,0.0,31-03-2024
50,121347,1711.95,0.0,31-03-2024
50,121444,134.35,0.0,31-03-2024
50,121755,1196.2,0.0,31-03-2024
50,121991,87.56,0.0,31-03-2024
50,122409,178.5,0.0,31-03-2024
60,213177,155.615,0.0,31-03-2024
60,222573,46.5952,0.0,31-03-2024
60,226834,21.791,0.0,31-03-2024
40,425152,1009.0,1009.0,31-03-2024
40,425249,1296.0,1296.0,31-03-2024
40,425259,1069.16,1069.16,31-03-2024
40,425458,1384.94,1384.94,31-03-2024
40,425480,1678.68,1678.68,31-03-2024
40,425694,1241.0,1240.0,31-03-2024
40,425937,1978.55,1978.55,31-03-2024
40,426287,1015.55,1015.55,31-03-2024
40,426570,1084000.0,1084000.0,31-03-2024
40,426664,11939.8,11877.49,31-03-2024
50,100058,304.55,0.0,31-03-2024
50,100079,134.25,0.0,31-03-2024
50,100086,6157.9,0.0,31-03-2024
50,100268,4.82,0.0,31-03-2024
50,100308,612.35,0.0,31-03-2024
50,100316,560.25,0.0,31-03-2024
50,100337,171.25,0.0,31-03-2024
50,100340,27120.8,0.0,31-03-2024
50,101076,137.75,0.0,31-03-2024
50,101544,0.9,0.0,31-03-2024
50,101553,3197.1,0.0,31-03-2024
50,101636,0.5,0.0,31-03-2024
50,101699,228.1,0.0,31-03-2024
50,102066,4343.55,0.0,31-03-2024
50,102333,2.2,0.0,31-03-2024
50,102894,201.75,0.0,31-03-2024
50,103068,381.6,0.0,31-03-2024
50,103226,115.05,0.0,31-03-2024
40,425568,1880.21,1880.21,31-03-2023
50,104271,201.95,0.0,31-03-2024
40,426085,1508.0,1508.0,31-03-2023
50,100090,32.1,0.0,31-03-2023
50,101039,6156.65,0.0,31-03-2023
50,104299,474.6,0.0,31-03-2024
50,101535,72.6,0.0,31-03-2023
50,104617,694.25,0.0,31-03-2024
50,102175,67.25,0.0,31-03-2023
50,104734,89.25,0.0,31-03-2024
50,102180,99.65,0.0,31-03-2023
50,104501,24.75,0.0,31-03-2023
50,104562,135.7,0.0,31-03-2023
50,104792,1666.75,0.0,31-03-2024
50,104623,231.65,0.0,31-03-2023
50,105028,0.55,0.0,31-03-2023
50,105125,56.92,0.0,31-03-2024
50,105213,104.39,0.0,31-03-2023
50,105182,859.45,0.0,31-03-2024
50,105672,410.6,0.0,31-03-2023
50,121292,10.8,0.0,31-03-2023
50,121347,908.75,0.0,31-03-2023
50,105420,291.15,0.0,31-03-2024
50,121444,127.95,0.0,31-03-2023
50,121755,1286.2,0.0,31-03-2023
50,121991,49.5,0.0,31-03-2023
50,122142,276.95,0.0,31-03-2023
50,121294,4525.6,0.0,31-03-2024
60,226834,13.981,0.0,31-03-2023
50,121542,3327.0,0.0,31-03-2024
40,425152,1009.0,1009.0,31-03-2023
40,425249,1286.0,1286.0,31-03-2023
50,121670,1315.65,0.0,31-03-2024
40,425259,1069.16,1069.16,31-03-2023
40,425458,1384.94,1384.94,31-03-2023
60,212945,430.61,0.0,31-03-2024
40,425480,1678.68,1678.68,31-03-2023
40,425694,1215.2,1215.2,31-03-2023
40,425937,1978.55,1978.55,31-03-2023
60,214002,423.241,0.0,31-03-2024
40,426287,1015.55,1015.55,31-03-2023
40,426570,1084000.0,1084000.0,31-03-2023
40,426664,10500.0,10500.0,31-03-2023
60,226985,14.94,0.0,31-03-2024
50,100058,177.95,0.0,31-03-2023
50,100079,82.7,0.0,31-03-2023
60,229587,12.8295,0.0,31-03-2024
50,100086,4622.75,0.0,31-03-2023
50,100268,1.65,0.0,31-03-2023
50,100308,365.55,0.0,31-03-2023
50,100316,405.35,0.0,31-03-2023
50,100337,139.2,0.0,31-03-2023
50,101076,95.35,0.0,31-03-2023
50,101544,0.9,0.0,31-03-2023
50,101553,1750.45,0.0,31-03-2023
50,101636,0.5,0.0,31-03-2023
50,101699,77.15,0.0,31-03-2023
50,102066,2196.15,0.0,31-03-2023
50,102333,2.2,0.0,31-03-2023
50,102670,70.4,0.0,31-03-2023
50,102894,111.55,0.0,31-03-2023
50,103068,174.75,0.0,31-03-2023
50,103226,114.1,0.0,31-03-2023
50,104271,74.45,0.0,31-03-2023
50,104299,474.6,0.0,31-03-2023
50,104302,2504.9,0.0,31-03-2023
50,104343,491.55,0.0,31-03-2023
50,104617,456.35,0.0,31-03-2023
50,104734,127.45,0.0,31-03-2023
50,104792,610.3,0.0,31-03-2023
50,104857,104.4,0.0,31-03-2023
50,105059,251.65,0.0,31-03-2023
50,105125,51.21,0.0,31-03-2023
50,105182,396.1,0.0,31-03-2023
50,105420,143.0,0.0,31-03-2023
50,121294,3401.05,0.0,31-03-2023
50,121542,2731.1,0.0,31-03-2023
50,121670,1610.75,0.0,31-03-2023
60,212945,297.14,0.0,31-03-2023
60,214002,305.6143,0.0,31-03-2023
60,226985,14.94,0.0,31-03-2023
60,229587,11.9978,0.0,31-03-2023
40,425090,1112.3,1112.3,31-03-2023
40,425115,1088.0,1088.0,31-03-2023
40,425165,1087.51,1087.51,31-03-2023
40,425700,996.0,996.0,31-03-2023
40,425090,1112.3,1112.3,31-03-2024
40,426078,999.0,999.0,31-03-2023
40,426200,1093.07,1093.07,31-03-2023
40,426288,1089.0,1089.0,31-03-2023
40,425115,1088.0,1088.0,31-03-2024
40,426310,1051.0,1051.0,31-03-2023
50,100056,66.65,0.0,31-03-2023
50,100072,236.8,0.0,31-03-2023
50,100093,3532.85,0.0,31-03-2023
40,425165,1090.0,1090.0,31-03-2024
50,100115,403.85,0.0,31-03-2023
50,100141,412.65,0.0,31-03-2023
40,425700,996.0,996.0,31-03-2024
50,100186,648.4,0.0,31-03-2023
50,100338,1629.6,0.0,31-03-2023
50,100342,770.45,0.0,31-03-2023
40,426078,999.0,999.0,31-03-2024
50,100365,2560.35,0.0,31-03-2023
50,101006,1.15,0.0,31-03-2023
40,426200,1093.07,1093.07,31-03-2024
50,101191,16.7,0.0,31-03-2023
50,101390,44.43,0.0,31-03-2023
50,101563,116.3,0.0,31-03-2023
40,426288,1087.52,1087.52,31-03-2024
50,101615,2.5,0.0,31-03-2023
50,102012,2.5,0.0,31-03-2023
50,102035,30.4,0.0,31-03-2023
40,426310,1051.0,1051.0,31-03-2024
50,102341,341.0,0.0,31-03-2023
50,102369,21.15,0.0,31-03-2023
50,102592,1318.05,0.0,31-03-2023
50,100056,121.65,0.0,31-03-2024
50,103110,185.05,0.0,31-03-2023
50,103542,14.95,0.0,31-03-2023
50,104320,464.7,0.0,31-03-2023
50,100072,475.65,0.0,31-03-2024
50,104335,262.1,0.0,31-03-2023
50,104364,1077.2,0.0,31-03-2023
50,104369,28.4,0.0,31-03-2023
50,100093,5252.05,0.0,31-03-2024
50,104450,749.0,0.0,31-03-2023
50,104505,191.7,0.0,31-03-2023
50,104506,286.35,0.0,31-03-2023
50,104516,132.5,0.0,31-03-2023
50,100115,782.45,0.0,31-03-2024
50,104614,0.35,0.0,31-03-2023
50,104621,0.95,0.0,31-03-2023
50,104687,1.95,0.0,31-03-2023
50,100141,430.75,0.0,31-03-2024
50,104827,1290.4,0.0,31-03-2023
50,104841,253.7,0.0,31-03-2023
50,105050,37.9,0.0,31-03-2023
50,100186,1616.8,0.0,31-03-2024
50,105094,2.7,0.0,31-03-2023
50,105178,142.2,0.0,31-03-2023
50,105219,0.5,0.0,31-03-2023
50,100338,3006.25,0.0,31-03-2024
50,105332,333.15,0.0,31-03-2023
50,105338,17.85,0.0,31-03-2023
50,105434,179.75,0.0,31-03-2023
50,100342,1129.6,0.0,31-03-2024
50,121412,1101.1,0.0,31-03-2023
50,121749,2880.05,0.0,31-03-2023
60,201770,147.069,0.0,31-03-2023
50,100365,2264.35,0.0,31-03-2024
60,201926,4383.9835,0.0,31-03-2023
60,202107,2714.3026,0.0,31-03-2023
60,202257,46.4521,0.0,31-03-2023
50,101006,11.15,0.0,31-03-2024
50,101191,16.7,0.0,31-03-2024
50,101390,96.05,0.0,31-03-2024
50,101563,141.25,0.0,31-03-2024
50,101615,3.75,0.0,31-03-2024
50,102012,2.5,0.0,31-03-2024
50,102035,33.09,0.0,31-03-2024
60,212962,171.218,0.0,31-03-2023
50,102341,532.95,0.0,31-03-2024
50,102369,47.55,0.0,31-03-2024
50,104518,125.55,0.0,31-03-2023
50,104881,328.15,0.0,31-03-2023
50,102592,1954.6,0.0,31-03-2024
50,121788,291.6,0.0,31-03-2023
50,103110,212.4,0.0,31-03-2024
50,122697,-1.0,0.0,31-03-2023
50,103542,56.9,0.0,31-03-2024
50,104320,958.45,0.0,31-03-2024
50,104335,262.1,0.0,31-03-2024
50,104364,2151.85,0.0,31-03-2024
50,104369,30.05,0.0,31-03-2024
50,104450,1228.6,0.0,31-03-2024
50,104505,210.55,0.0,31-03-2024
50,104506,784.7,0.0,31-03-2024
50,104516,132.5,0.0,31-03-2024
50,104614,0.35,0.0,31-03-2024
50,104621,0.95,0.0,31-03-2024
50,104687,1.95,0.0,31-03-2024
50,104827,2367.3,0.0,31-03-2024
50,104841,246.3,0.0,31-03-2024
50,105050,42.95,0.0,31-03-2024
50,105094,4.25,0.0,31-03-2024
50,105178,278.55,0.0,31-03-2024
50,105219,0.75,0.0,31-03-2024
50,105332,536.7,0.0,31-03-2024
50,105338,29.05,0.0,31-03-2024
50,105434,400.7,0.0,31-03-2024
50,121412,1500.25,0.0,31-03-2024
50,121749,5065.0,0.0,31-03-2024
60,201770,147.069,0.0,31-03-2024
60,201926,4697.9058,0.0,31-03-2024
60,202107,2714.3026,0.0,31-03-2024
60,212962,284.742,0.0,31-03-2024
50,104518,304.1,0.0,31-03-2024
50,104881,956.5,0.0,31-03-2024
50,121788,523.25,0.0,31-03-2024
50,122697,4671.7,0.0,31-03-2024
60,215720,18.5876,0.0,31-03-2023
60,215720,20.2105,0.0,31-03-2024
60,213478,54.7156,0.0,31-03-2023
60,213478,58.0539,0.0,31-03-2024
115,610,,,31-03-2024
115,607,,,31-03-2024
30,1501497,,,31-03-2024
81,669,,,31-03-2024
81,674,,,31-03-2024
81,741,,,31-03-2024
81,728,,,31-03-2024
81,727,,,31-03-2024
81,680,,,31-03-2024
81,725,,,31-03-2024
81,675,,,31-03-2024
81,679,,,31-03-2024
81,676,,,31-03-2024
81,677,,,31-03-2024
81,694,,,31-03-2024
81,684,,,31-03-2024
81,730,,,31-03-2024
81,737,,,31-03-2024
81,724,,,31-03-2024
81,742,,,31-03-2024
81,693,,,31-03-2024
81,685,,,31-03-2024
81,731,,,31-03-2024
81,738,,,31-03-2024
81,717,,,31-03-2024
81,682,,,31-03-2024
81,729,,,31-03-2024
81,743,,,31-03-2024
81,696,,,31-03-2024
81,686,,,31-03-2024
81,732,,,31-03-2024
81,739,,,31-03-2024
50,121963,76.85,0.0,31-03-2024
50,121962,452.7,0.0,31-03-2024
50,121904,1864.1,0.0,31-03-2024
50,121379,871.8,0.0,31-03-2024
50,105108,121.4,0.0,31-03-2024
50,104418,742.0,0.0,31-03-2024
50,104294,722.35,0.0,31-03-2024
50,104269,1996.35,0.0,31-03-2024
50,100586,606.75,0.0,31-03-2024
60,234239,9.9209,0.0,31-03-2024
50,100188,810.55,0.0,31-03-2024
50,100188,756.65,0.0,31-03-2023
60,234239,-1.0,0.0,31-03-2023
50,121963,57.67,0.0,31-03-2023
50,100586,274.35,0.0,31-03-2023
50,104269,995.25,0.0,31-03-2023
50,104294,836.3,0.0,31-03-2023
50,104418,261.15,0.0,31-03-2023
50,105108,33.25,0.0,31-03-2023
50,121379,475.75,0.0,31-03-2023
50,121904,663.05,0.0,31-03-2023
50,121962,359.95,0.0,31-03-2023
115,637,,,31-03-2024
115,726,,,31-03-2024
115,639,,,31-03-2024
115,638,,,31-03-2024
115,608,,,31-03-2024
115,695,,,31-03-2024
50,121527,908.9,0.0,31-03-2024
50,104652,71.6,0.0,31-03-2024
50,104370,811.6,0.0,31-03-2024
50,122194,100.25,0.0,31-03-2024
60,220771,49.29,0.0,31-03-2024
50,101220,752.95,0.0,31-03-2024
50,121244,629.85,0.0,31-03-2024
60,212896,94.8136,0.0,31-03-2024
60,231492,32.07,0.0,31-03-2024
40,440788,106.15,106.27,31-03-2024
40,440767,100.77,101.0879,31-03-2024
60,212896,59.594,0.0,31-03-2023
60,220771,31.57,0.0,31-03-2023
40,440775,97.88,96.95,31-03-2024
60,231492,19.83,0.0,31-03-2023
40,440788,104.95,104.95,31-03-2023
40,440775,96.38,96.38,31-03-2023
50,102874,2388.05,0.0,31-03-2024
50,102874,1795.75,0.0,31-03-2023
50,104459,3263.75,0.0,31-03-2023
50,104459,8774.1,0.0,31-03-2024
50,104512,3814.1,0.0,31-03-2023
50,104512,5502.45,0.0,31-03-2024
50,105096,4609.5,0.0,31-03-2023
50,106097,4759.65,0.0,31-03-2023
50,121750,925.1,0.0,31-03-2023
50,105096,3984.55,0.0,31-03-2024
50,101220,529.2,0.0,31-03-2023
50,103140,352.15,0.0,31-03-2023
50,106097,4938.4,0.0,31-03-2024
50,104711,576.65,0.0,31-03-2023
50,106085,369.65,0.0,31-03-2023
50,121750,1486.4,0.0,31-03-2024
50,121244,513.15,0.0,31-03-2023
50,121527,782.7,0.0,31-03-2023
50,122194,62.4,0.0,31-03-2023
50,103140,1352.1,0.0,31-03-2024
60,234701,-1.0,0.0,31-03-2023
50,104711,1021.4,0.0,31-03-2024
60,233212,9.2876,0.0,31-03-2023
50,121267,292.95,0.0,31-03-2023
50,106085,520.4,0.0,31-03-2024
50,104722,5.8,0.0,31-03-2023
60,212947,518.3991,0.0,31-03-2023
60,234701,-1.0,0.0,31-03-2024
60,233931,-1.0,0.0,31-03-2023
60,233212,15.7092,0.0,31-03-2024
50,121267,392.35,0.0,31-03-2024
50,104722,13.25,0.0,31-03-2024
60,212947,692.1385,0.0,31-03-2024
60,233931,11.3803,0.0,31-03-2024
40,442434,99.35,99.35,31-03-2023
60,220440,33.9033,0.0,31-03-2023
60,214155,2905.2988,0.0,31-03-2023
60,213312,333.1852,0.0,31-03-2023
40,440888,98.1,98.1,31-03-2023
40,440889,93.52,93.52,31-03-2023
40,440767,99.65,99.65,31-03-2023
40,440776,101.29,101.29,31-03-2023
40,440801,99.1,99.1,31-03-2023
60,234799,-1.0,0.0,31-03-2023
50,122790,-1.0,0.0,31-03-2023
50,123416,-1.0,0.0,31-03-2023
40,442434,100.4,100.9,31-03-2024
60,220440,52.7861,0.0,31-03-2024
140,2945,,,31-03-2024
60,214155,3118.3534,0.0,31-03-2024
60,213312,357.4063,0.0,31-03-2024
40,440888,98.36,98.2601,31-03-2024
40,440889,94.41,93.7,31-03-2024
40,440776,101.7,101.6,31-03-2024
40,440801,100.0,100.15,31-03-2024
60,234799,-1.0,0.0,31-03-2024
50,122790,1005.9,0.0,31-03-2024
50,123416,-1.0,0.0,31-03-2024
50,122805,113.45,0.0,31-03-2024
50,101517,27.65,0.0,31-03-2024
60,213291,4879.037,0.0,31-03-2024
60,227774,1341.918,0.0,31-03-2024
60,227062,14.256,0.0,31-03-2024
50,123247,-1.0,0.0,31-03-2024
50,100225,117.4,0.0,31-03-2024
50,101618,722.8,0.0,31-03-2024
50,122681,852.15,0.0,31-03-2024
50,105468,3.5,0.0,31-03-2024
60,221255,18.9144,0.0,31-03-2024
50,105216,1480.45,0.0,31-03-2024
50,100027,361.95,0.0,31-03-2024
50,100379,185.95,0.0,31-03-2024
40,426039,11700.0,11879.81,31-03-2024
40,426977,11905.92,11834.73,31-03-2024
40,426647,11969.99,11908.5,31-03-2024
40,426676,11882.95,11871.05,31-03-2024
60,213985,128.4136,0.0,31-03-2024
555,55555,3749.0,-1.0,31-03-2025
60,213950,248.443,0.0,31-03-2025
60,213968,227.7234,0.0,31-03-2025
60,212724,390.499,0.0,31-03-2025
60,212896,103.1756,0.0,31-03-2025
60,220771,54.58,0.0,31-03-2025
50,104500,163.61,0.0,31-03-2025
50,100071,216.43,0.0,31-03-2025
50,100128,1828.2,0.0,31-03-2025
50,100132,25.85,0.0,31-03-2025
50,100345,3492.3,0.0,31-03-2025
50,101556,4.71,0.0,31-03-2025
50,100078,771.5,0.0,31-03-2025
50,100346,2665.8,0.0,31-03-2025
50,104242,228.53,0.0,31-03-2025
50,104296,175.53,0.0,31-03-2025
50,104558,16.88,0.0,31-03-2025
50,104509,11509.55,0.0,31-03-2025
50,100240,1275.1,0.0,31-03-2025
50,104268,1348.35,0.0,31-03-2025
50,121746,351.85,0.0,31-03-2025
50,105202,1000.0,0.0,31-03-2025
40,426707,12175.63,12188.05,31-03-2025
50,104465,126.18,0.0,31-03-2025
50,104471,89.0,0.0,31-03-2025
50,105907,54.96,0.0,31-03-2025
50,105835,248.81,0.0,31-03-2025
60,201623,358.4757,0.0,31-03-2025
60,215613,85.8001,0.0,31-03-2025
60,212818,152.215,0.0,31-03-2025
60,213314,3708.2695,0.0,31-03-2025
50,100176,2171.2,0.0,31-03-2025
60,213971,634.5833,0.0,31-03-2025
70,598,,,31-03-2025
70,606,,,31-03-2025
70,640,,,31-03-2025
50,122242,799.4,0.0,31-03-2025
50,104254,183.04,0.0,31-03-2025
50,100407,6317.7,0.0,31-03-2025
50,105271,69.44,0.0,31-03-2025
60,212782,92.8702,0.0,31-03-2025
60,213442,2014.473,0.0,31-03-2025
40,427078,12128.2,11996.72,31-03-2025
40,427087,12053.0,11888.91,31-03-2025
40,426802,12235.92,12068.0,31-03-2025
40,426928,11899.81,11897.89,31-03-2025
40,426931,12003.31,12095.0,31-03-2025
40,426939,11922.3,11844.5,31-03-2025
60,212181,5093.4768,0.0,31-03-2025
60,213269,6346.8949,0.0,31-03-2025
60,213251,4055.9471,0.0,31-03-2025
60,212781,167.5258,0.0,31-03-2025
40,426929,11900.55,11853.07,31-03-2025
50,104541,14.25,0.0,31-03-2025
50,105077,37.0,0.0,31-03-2025
50,104843,44.51,0.0,31-03-2025
50,101330,167.75,0.0,31-03-2025
50,104277,649.85,0.0,31-03-2025
50,104289,1102.0,0.0,31-03-2025
50,104710,414.25,0.0,31-03-2025
50,104853,429.2,0.0,31-03-2025
50,105212,31.27,0.0,31-03-2025
50,105417,1106.0,0.0,31-03-2025
50,106112,173.53,0.0,31-03-2025
50,121330,199.45,0.0,31-03-2025
50,121940,124.42,0.0,31-03-2025
60,213330,2883.5986,0.0,31-03-2025
50,100038,301.32,0.0,31-03-2025
50,102503,156.48,0.0,31-03-2025
50,121615,223.37,0.0,31-03-2025
50,121949,302.55,0.0,31-03-2025
60,232842,14.3153,0.0,31-03-2025
50,100285,258.64,0.0,31-03-2025
60,214319,65.396,0.0,31-03-2025
50,103566,579.9,0.0,31-03-2025
50,100975,262.25,0.0,31-03-2025
50,122673,1680.6,0.0,31-03-2025
60,231922,14.7605,0.0,31-03-2025
50,104255,218.99,0.0,31-03-2025
60,231481,13.292,0.0,31-03-2025
60,213926,41.6887,0.0,31-03-2025
50,103750,980.6,0.0,31-03-2025
50,122630,227.51,0.0,31-03-2025
60,213976,38.1879,0.0,31-03-2025
60,219090,105.8034,0.0,31-03-2025
60,213444,529.002,0.0,31-03-2025
60,213538,4092.8312,0.0,31-03-2025
50,100182,563.85,0.0,31-03-2025
50,122142,461.45,0.0,31-03-2025
50,105063,40.34,0.0,31-03-2025
50,105596,437.25,0.0,31-03-2025
50,121933,123.13,0.0,31-03-2025
60,234239,9.8799,0.0,31-03-2025
50,100188,896.75,0.0,31-03-2025
50,104370,1102.5,0.0,31-03-2025
50,104652,28.6,0.0,31-03-2025
50,121527,1056.8,0.0,31-03-2025
50,122194,59.87,0.0,31-03-2025
50,101220,669.45,0.0,31-03-2025
50,105434,335.1,0.0,31-03-2025
50,121244,881.5,0.0,31-03-2025
60,231492,34.21,0.0,31-03-2025
40,440788,106.15,106.27,31-03-2025
40,440888,98.36,98.2601,31-03-2025
40,440889,94.41,93.7,31-03-2025
40,440767,100.77,101.0879,31-03-2025
40,440776,101.7,101.6,31-03-2025
40,440801,100.0,100.15,31-03-2025
50,123247,123.29,0.0,31-03-2025
50,100225,125.55,0.0,31-03-2025
60,234701,7.4338,0.0,31-03-2025
50,100148,1570.65,0.0,31-03-2025
50,103140,244.11,0.0,31-03-2025
50,104711,819.2,0.0,31-03-2025
50,106085,651.2,0.0,31-03-2025
50,101618,900.7,0.0,31-03-2025
60,234799,8.3949,0.0,31-03-2025
50,104722,6.8,0.0,31-03-2025
50,121267,613.4,0.0,31-03-2025
50,122681,374.95,0.0,31-03-2025
50,122790,1340.8,0.0,31-03-2025
50,103475,127.7,0.0,31-03-2025
50,123416,967.75,0.0,31-03-2025
50,105468,2.11,0.0,31-03-2025
60,221255,20.4439,0.0,31-03-2025
60,212947,790.235,0.0,31-03-2025
60,233212,16.4283,0.0,31-03-2025
60,220440,63.0655,0.0,31-03-2025
60,212962,309.192,0.0,31-03-2025
50,104310,1592.5,0.0,31-03-2025
50,100873,423.35,0.0,31-03-2025
50,102066,4592.4,0.0,31-03-2025
50,100756,449.15,0.0,31-03-2025
50,100058,360.45,0.0,31-03-2025
50,104792,615.35,0.0,31-03-2025
50,100337,204.22,0.0,31-03-2025
70,189,,,31-03-2025
50,104343,886.4,0.0,31-03-2025
50,102791,1160.5,0.0,31-03-2025
40,426571,1078960.0,1078960.0,31-03-2025
70,455,,,31-03-2025
40,426194,12000.0,12450.0,31-03-2025
70,594,,,31-03-2025
70,595,,,31-03-2025
40,426732,1069700.0,1069700.0,31-03-2025
60,224110,51.903,0.0,31-03-2025
40,426785,11962.73,11903.04,31-03-2025
60,213970,100.9706,0.0,31-03-2025
50,104568,108.0,0.0,31-03-2025
60,212325,76.3548,0.0,31-03-2025
60,212785,294.7148,0.0,31-03-2025
50,104591,118.48,0.0,31-03-2025
50,104739,5.63,0.0,31-03-2025
50,106129,4501.7,0.0,31-03-2025
50,100517,517.9,0.0,31-03-2025
50,100069,315.15,0.0,31-03-2025
50,100215,209.48,0.0,31-03-2025
50,102670,222.47,0.0,31-03-2025
50,104302,5539.95,0.0,31-03-2025
50,104519,357.6,0.0,31-03-2025
50,104857,209.24,0.0,31-03-2025
50,105059,386.75,0.0,31-03-2025
50,105171,1184.4,0.0,31-03-2025
50,105639,539.3,0.0,31-03-2025
50,100079,115.18,0.0,31-03-2025
50,104271,160.58,0.0,31-03-2025
50,105182,719.75,0.0,31-03-2025
50,105420,334.3,0.0,31-03-2025
50,121542,4177.45,0.0,31-03-2025
60,214002,421.0415,0.0,31-03-2025
60,229587,13.7227,0.0,31-03-2025
60,232155,18.016,0.0,31-03-2025
40,440775,97.88,96.95,31-03-2025
50,102874,2500.2,0.0,31-03-2025
50,104459,7850.9,0.0,31-03-2025
50,104511,3606.15,0.0,31-03-2025
50,104512,8109.2,0.0,31-03-2025
50,105096,5513.75,0.0,31-03-2025
50,106097,4491.35,0.0,31-03-2025
50,121750,1307.45,0.0,31-03-2025
50,104841,228.13,0.0,31-03-2025
50,105216,2382.9,0.0,31-03-2025
50,100027,547.5,0.0,31-03-2025
50,100379,202.96,0.0,31-03-2025
40,442434,100.4,100.9,31-03-2025
50,105464,107.1,0.0,31-03-2025
40,426039,11700.0,11879.81,31-03-2025
40,426977,11905.92,11834.73,31-03-2025
40,426647,11969.99,11908.5,31-03-2025
40,426676,11882.95,11871.05,31-03-2025
60,213985,139.7982,0.0,31-03-2025
60,213312,383.8953,0.0,31-03-2025
70,97,,,31-03-2025
70,188,,,31-03-2025
50,101945,472.5,0.0,31-03-2025
70,353,,,31-03-2025
70,380,,,31-03-2025
40,426545,1002500.0,1002500.0,31-03-2025
70,443,,,31-03-2025
75,466,,,31-03-2025
70,591,,,31-03-2025
70,592,,,31-03-2025
70,593,,,31-03-2025
40,426850,11932.08,11851.95,31-03-2025
50,122917,67.02,0.0,31-03-2025
60,213168,440.8447,0.0,31-03-2025
50,121963,3.8,0.0,31-03-2025
60,227774,1435.98,0.0,31-03-2025
60,224129,49.997,0.0,31-03-2025
60,213191,145.321,0.0,31-03-2025
70,596,,,31-03-2025
60,214000,370.7136,0.0,31-03-2025
40,426587,11949.98,11871.83,31-03-2025
50,100174,470.15,0.0,31-03-2025
50,100717,1003.2,0.0,31-03-2025
50,101579,462.05,0.0,31-03-2025
50,101744,1557.05,0.0,31-03-2025
50,101907,836.65,0.0,31-03-2025
50,101918,337.35,0.0,31-03-2025
50,102020,1594.75,0.0,31-03-2025
50,102374,633.45,0.0,31-03-2025
50,103358,698.75,0.0,31-03-2025
50,104197,3267.3,0.0,31-03-2025
50,104544,806.35,0.0,31-03-2025
50,104663,1257.1,0.0,31-03-2025
50,121729,373.4,0.0,31-03-2025
50,121821,209.49,0.0,31-03-2025
50,121867,334.1,0.0,31-03-2025
50,100357,3944.75,0.0,31-03-2025
50,100134,745.5,0.0,31-03-2025
50,102216,253.95,0.0,31-03-2025
50,104828,536.2,0.0,31-03-2025
50,122819,122.19,0.0,31-03-2025
60,227062,15.381,0.0,31-03-2025
60,233931,13.1505,0.0,31-03-2025
60,214155,3351.1687,0.0,31-03-2025
50,105908,5115.35,0.0,31-03-2025
60,212799,343.3827,0.0,31-03-2025
50,104518,483.15,0.0,31-03-2025
50,121788,250.35,0.0,31-03-2025
50,122697,6075.7,0.0,31-03-2025
50,104881,1478.55,0.0,31-03-2025
50,100586,700.85,0.0,31-03-2025
50,104269,1264.9,0.0,31-03-2025
50,104294,345.7,0.0,31-03-2025
50,104418,387.7,0.0,31-03-2025
50,105108,91.59,0.0,31-03-2025
50,121379,1407.9,0.0,31-03-2025
50,121904,2643.8,0.0,31-03-2025
50,121962,649.9,0.0,31-03-2025
50,122805,82.51,0.0,31-03-2025
50,101517,44.51,0.0,31-03-2025
60,213291,5239.3894,0.0,31-03-2025
60,212969,67.87,0.0,31-03-2025
50,102647,13.3,0.0,31-03-2025
50,105190,4178.8,0.0,31-03-2025
50,100167,764.65,0.0,31-03-2025
50,101434,32.49,0.0,31-03-2025
50,100183,0.2,0.0,31-03-2025
50,103605,9.43,0.0,31-03-2025
50,101856,491.6,0.0,31-03-2025
50,103561,13.0,0.0,31-03-2025
50,100231,73.91,0.0,31-03-2025
50,106093,57.62,0.0,31-03-2025
50,104467,120.2,0.0,31-03-2025
50,100263,10.42,0.0,31-03-2025
50,100344,21.19,0.0,31-03-2025
555,55555,2.0,-1.0,31-03-2020
60,213950,30.7934,0.0,31-03-2020
555,55555,2.0,-1.0,31-03-2019
60,213950,52.2026,0.0,31-03-2019
60,212724,115.321,0.0,31-03-2019
60,212896,33.2613,0.0,31-03-2019
60,220771,17.52,0.0,31-03-2019
50,105907,55.5,0.0,31-03-2019
50,121940,-1.0,0.0,31-03-2019
60,215613,25.7309,0.0,31-03-2019
60,212724,78.9813,0.0,31-03-2020
60,212896,27.9827,0.0,31-03-2020
50,104511,2001.65,0.0,31-03-2019
50,100078,320.75,0.0,31-03-2019
60,220771,11.99,0.0,31-03-2020
50,105907,21.1,0.0,31-03-2020
50,104509,3998.35,0.0,31-03-2019
50,100148,743.85,0.0,31-03-2019
50,121940,-1.0,0.0,31-03-2020
50,100407,833.2,0.0,31-03-2019
50,106129,1572.25,0.0,31-03-2019
60,215613,21.8587,0.0,31-03-2020
60,213970,27.3116,0.0,31-03-2019
50,104471,291.3,0.0,31-03-2019
50,122242,-1.0,0.0,31-03-2019
120,1714,,,31-03-2020
50,100128,2318.9,0.0,31-03-2019
50,104511,1826.1,0.0,31-03-2020
115,1900,,,31-03-2020
115,1902,,,31-03-2020
60,212181,3678.2855,0.0,31-03-2019
50,100078,196.85,0.0,31-03-2020
60,213251,2928.57,0.0,31-03-2019
50,104509,3244.85,0.0,31-03-2020
60,213269,4561.8889,0.0,31-03-2019
50,100174,97.65,0.0,31-03-2019
50,105271,368.81,0.0,31-03-2019
50,100148,641.5,0.0,31-03-2020
60,212785,104.4894,0.0,31-03-2019
50,100407,663.2,0.0,31-03-2020
50,122673,-1.0,0.0,31-03-2019
50,100975,254.8,0.0,31-03-2019
50,100285,137.0,0.0,31-03-2019
50,122630,-1.0,0.0,31-03-2019
60,232155,-1.0,0.0,31-03-2019
60,219090,27.056,0.0,31-03-2019
50,102503,402.25,0.0,31-03-2019
50,121615,259.95,0.0,31-03-2019
50,121746,-1.0,0.0,31-03-2019
50,121949,-1.0,0.0,31-03-2019
60,212962,95.424,0.0,31-03-2019
60,231492,-1.0,0.0,31-03-2019
40,440788,108.05,108.25,31-03-2019
40,440775,102.3739,101.69,31-03-2019
50,102874,991.1,0.0,31-03-2019
50,104310,1087.45,0.0,31-03-2019
50,104459,3387.8,0.0,31-03-2019
50,104512,1325.85,0.0,31-03-2019
50,105096,629.55,0.0,31-03-2019
50,106097,1702.6,0.0,31-03-2019
50,121750,-1.0,0.0,31-03-2019
50,103140,111.15,0.0,31-03-2019
50,104711,324.85,0.0,31-03-2019
50,106085,746.75,0.0,31-03-2019
50,121527,283.15,0.0,31-03-2019
50,122194,-1.0,0.0,31-03-2019
60,234701,-1.0,0.0,31-03-2019
60,233212,-1.0,0.0,31-03-2019
50,103475,162.85,0.0,31-03-2019
50,121267,399.55,0.0,31-03-2019
50,100240,1363.25,0.0,31-03-2019
50,100517,121.45,0.0,31-03-2019
50,104722,18.25,0.0,31-03-2019
60,213314,2673.3912,0.0,31-03-2019
60,212947,282.5982,0.0,31-03-2019
60,233931,-1.0,0.0,31-03-2019
50,122790,-1.0,0.0,31-03-2019
60,234799,-1.0,0.0,31-03-2019
50,100029,933.1,0.0,31-03-2019
50,100129,2553.15,0.0,31-03-2019
50,106129,1161.25,0.0,31-03-2020
60,213970,20.0354,0.0,31-03-2020
50,104471,90.5,0.0,31-03-2020
50,101147,1848.45,0.0,31-03-2019
50,100132,15.0,0.0,31-03-2019
50,100071,74.95,0.0,31-03-2019
50,100211,17.25,0.0,31-03-2019
50,122242,-1.0,0.0,31-03-2020
50,100351,174.25,0.0,31-03-2019
50,100345,1385.3,0.0,31-03-2019
70,97,,,31-03-2019
70,188,,,31-03-2019
50,101556,2.0,0.0,31-03-2019
50,104482,6672.55,0.0,31-03-2019
50,105539,27.24,0.0,31-03-2019
120,2197,,,31-03-2020
40,425762,11450.0,11450.0,31-03-2019
50,100128,861.9,0.0,31-03-2020
70,353,,,31-03-2019
60,212181,3906.6111,0.0,31-03-2020
40,426125,1089.01,1088.0,31-03-2019
40,426127,1546.77,1546.77,31-03-2019
60,213251,3109.0184,0.0,31-03-2020
40,426078,999.0,999.0,31-03-2019
60,213269,4850.6885,0.0,31-03-2020
40,426164,1082.5,1082.5,31-03-2019
50,100174,43.45,0.0,31-03-2020
40,426198,1090.0,1090.0,31-03-2019
50,121460,37.98,0.0,31-03-2019
50,104827,1147.65,0.0,31-03-2019
50,121748,-1.0,0.0,31-03-2019
50,121749,-1.0,0.0,31-03-2019
40,426226,1022.14,1022.2,31-03-2019
50,105271,14.67,0.0,31-03-2020
70,380,,,31-03-2019
40,426310,1051.0,1051.0,31-03-2019
40,426288,1070.0,1065.03,31-03-2019
60,212785,68.3051,0.0,31-03-2020
40,426200,1093.07,1093.07,31-03-2019
40,426407,1080000.0,1080000.0,31-03-2019
50,122673,-1.0,0.0,31-03-2020
50,100975,196.7,0.0,31-03-2020
40,426545,1002500.0,1002500.0,31-03-2019
50,100285,10.2,0.0,31-03-2020
40,426559,1035.67,1037.0,31-03-2019
50,122630,-1.0,0.0,31-03-2020
40,425629,5.38,5.38,31-03-2019
60,232155,-1.0,0.0,31-03-2020
40,425115,1088.0,1088.0,31-03-2019
70,443,,,31-03-2019
60,219090,20.7479,0.0,31-03-2020
70,455,,,31-03-2019
40,426194,9250.0,9199.0,31-03-2019
75,466,,,31-03-2019
50,102503,381.05,0.0,31-03-2020
50,101804,-1.0,0.0,31-03-2019
50,121615,246.1,0.0,31-03-2020
50,101434,54.65,0.0,31-03-2019
50,121746,12.8,0.0,31-03-2020
50,121949,-1.0,0.0,31-03-2020
60,212962,63.305,0.0,31-03-2020
60,231492,-1.0,0.0,31-03-2020
70,591,,,31-03-2019
40,440788,108.05,108.25,31-03-2020
70,592,,,31-03-2019
40,440775,102.3739,101.69,31-03-2020
70,593,,,31-03-2019
50,102874,664.45,0.0,31-03-2020
60,224110,15.8546,0.0,31-03-2019
50,104310,436.4,0.0,31-03-2020
50,104459,2023.65,0.0,31-03-2020
60,212781,42.8223,0.0,31-03-2019
50,104512,1147.75,0.0,31-03-2020
50,105096,550.95,0.0,31-03-2020
50,106097,1428.85,0.0,31-03-2020
50,121750,35.25,0.0,31-03-2020
50,103140,46.15,0.0,31-03-2020
40,426928,8993.69,8916.27,31-03-2019
40,427087,9005.51,8912.66,31-03-2019
40,426939,8991.43,8896.86,31-03-2019
50,104711,171.6,0.0,31-03-2020
60,212782,37.4949,0.0,31-03-2019
60,213444,209.082,0.0,31-03-2019
50,106085,213.15,0.0,31-03-2020
50,121527,173.55,0.0,31-03-2020
60,231922,-1.0,0.0,31-03-2019
60,214319,32.952,0.0,31-03-2019
50,122194,-1.0,0.0,31-03-2020
60,234701,-1.0,0.0,31-03-2020
60,233212,-1.0,0.0,31-03-2020
60,213168,150.1736,0.0,31-03-2019
50,103475,81.65,0.0,31-03-2020
40,442434,106.1,106.25,31-03-2019
60,220440,27.2422,0.0,31-03-2019
50,121267,324.8,0.0,31-03-2020
50,100240,1113.75,0.0,31-03-2020
50,100517,41.4,0.0,31-03-2020
50,104722,3.1,0.0,31-03-2020
60,213314,2840.714,0.0,31-03-2020
60,212947,223.9527,0.0,31-03-2020
60,233931,-1.0,0.0,31-03-2020
50,122790,-1.0,0.0,31-03-2020
60,224129,18.393,0.0,31-03-2019
60,234799,-1.0,0.0,31-03-2020
70,596,,,31-03-2019
50,100029,296.1,0.0,31-03-2020
50,105596,68.4,0.0,31-03-2019
50,121933,-1.0,0.0,31-03-2019
50,100188,735.9,0.0,31-03-2019
50,100038,93.25,0.0,31-03-2019
50,103750,395.45,0.0,31-03-2019
60,214155,2403.412,0.0,31-03-2019
60,213538,2944.4397,0.0,31-03-2019
50,100129,1596.45,0.0,31-03-2020
50,101147,630.2,0.0,31-03-2020
50,100132,3.95,0.0,31-03-2020
50,100071,20.8,0.0,31-03-2020
50,100211,9.55,0.0,31-03-2020
50,100351,71.05,0.0,31-03-2020
40,425568,1880.21,1880.21,31-03-2019
40,426081,1083.8,1083.8,31-03-2019
40,426085,1508.0,1508.0,31-03-2019
50,100345,808.5,0.0,31-03-2020
70,213,,,31-03-2020
70,97,,,31-03-2020
70,426,,,31-03-2020
70,188,,,31-03-2020
50,101556,0.75,0.0,31-03-2020
50,121755,-1.0,0.0,31-03-2019
50,104482,4288.3,0.0,31-03-2020
120,776,,,31-03-2020
50,105539,16.06,0.0,31-03-2020
40,425762,11450.0,11450.0,31-03-2020
50,105202,1000.0,0.0,31-03-2019
70,995,,,31-03-2020
70,353,,,31-03-2020
50,105270,331.04,0.0,31-03-2019
40,426125,1089.01,1088.0,31-03-2020
40,425328,1148.48,1149.79,31-03-2019
40,426127,1546.77,1546.77,31-03-2020
60,201623,110.8503,0.0,31-03-2019
60,222573,18.1551,0.0,31-03-2019
60,226834,9.767,0.0,31-03-2019
60,213177,60.8,0.0,31-03-2019
40,426078,999.0,999.0,31-03-2020
70,598,,,31-03-2019
40,426164,1082.5,1082.5,31-03-2020
70,606,,,31-03-2019
40,426198,1090.0,1090.0,31-03-2020
70,640,,,31-03-2019
50,121460,22.87,0.0,31-03-2020
50,104827,365.4,0.0,31-03-2020
50,121748,1284.45,0.0,31-03-2020
50,121749,742.05,0.0,31-03-2020
50,105063,8.03,0.0,31-03-2019
40,426226,1022.14,1022.2,31-03-2020
40,440888,99.56,99.38,31-03-2019
40,440889,98.45,98.39,31-03-2019
40,440767,105.64,105.68,31-03-2019
40,440801,101.86,101.78,31-03-2019
70,1343,,,31-03-2020
70,380,,,31-03-2020
40,426310,1051.0,1051.0,31-03-2020
40,426288,1070.0,1065.03,31-03-2020
95,1379,,,31-03-2020
95,1380,,,31-03-2020
95,1381,,,31-03-2020
95,1382,,,31-03-2020
40,426200,1093.07,1093.07,31-03-2020
40,426407,1080000.0,1080000.0,31-03-2020
70,189,,,31-03-2019
40,425937,1978.55,1978.55,31-03-2019
40,425480,1678.68,1678.68,31-03-2019
40,426545,1002500.0,1002500.0,31-03-2020
40,426559,1035.67,1037.0,31-03-2020
95,1442,,,31-03-2020
95,1443,,,31-03-2020
95,1444,,,31-03-2020
40,425629,5.38,5.38,31-03-2020
40,426287,1015.55,1015.55,31-03-2019
40,425115,1088.0,1088.0,31-03-2020
70,1474,,,31-03-2020
70,443,,,31-03-2020
95,1486,,,31-03-2020
95,1487,,,31-03-2020
95,1493,,,31-03-2020
70,1496,,,31-03-2020
70,455,,,31-03-2020
40,426194,9250.0,9199.0,31-03-2020
75,466,,,31-03-2020
40,426571,1078960.0,1078960.0,31-03-2019
50,101804,20.05,0.0,31-03-2020
50,101434,42.5,0.0,31-03-2020
70,1810,,,31-03-2020
70,591,,,31-03-2020
60,226985,10.74,0.0,31-03-2019
70,594,,,31-03-2019
70,595,,,31-03-2019
70,1811,,,31-03-2020
70,592,,,31-03-2020
70,1812,,,31-03-2020
70,593,,,31-03-2020
50,102647,457.95,0.0,31-03-2019
50,105190,1589.85,0.0,31-03-2019
50,100167,214.7,0.0,31-03-2019
60,224110,13.4618,0.0,31-03-2020
95,1824,,,31-03-2020
50,100183,0.1,0.0,31-03-2019
50,103605,-1.0,0.0,31-03-2019
50,101856,33.6,0.0,31-03-2019
50,103561,7.55,0.0,31-03-2019
50,100231,14.55,0.0,31-03-2019
50,106093,0.9,0.0,31-03-2019
50,104467,7.9,0.0,31-03-2019
50,100263,-1.0,0.0,31-03-2019
60,212781,29.1479,0.0,31-03-2020
50,100344,7.3,0.0,31-03-2019
115,1937,,,31-03-2020
40,426928,8993.69,8916.27,31-03-2020
40,427087,9005.51,8912.66,31-03-2020
40,426939,8991.43,8896.86,31-03-2020
60,212782,25.7754,0.0,31-03-2020
60,213444,157.176,0.0,31-03-2020
60,231922,-1.0,0.0,31-03-2020
60,214319,33.5098,0.0,31-03-2020
60,213168,109.4057,0.0,31-03-2020
40,442434,106.1,106.25,31-03-2020
60,220440,20.6159,0.0,31-03-2020
140,2945,,,31-03-2020
70,1498,,,31-03-2020
60,224129,14.528,0.0,31-03-2020
70,1815,,,31-03-2020
70,596,,,31-03-2020
50,105596,18.6,0.0,31-03-2020
50,121933,-1.0,0.0,31-03-2020
50,100188,512.85,0.0,31-03-2020
50,100038,74.45,0.0,31-03-2020
50,103750,117.9,0.0,31-03-2020
60,214155,2557.8031,0.0,31-03-2020
60,213538,3131.9848,0.0,31-03-2020
120,777,,,31-03-2020
40,425568,1880.21,1880.21,31-03-2020
40,426081,1083.8,1083.8,31-03-2020
40,426085,1508.0,1508.0,31-03-2020
50,121755,341.15,0.0,31-03-2020
50,105202,1000.0,0.0,31-03-2020
50,105270,130.36,0.0,31-03-2020
40,425328,1148.48,1149.79,31-03-2020
95,1434,,,31-03-2020
95,1435,,,31-03-2020
95,1436,,,31-03-2020
95,1437,,,31-03-2020
95,1438,,,31-03-2020
95,1453,,,31-03-2020
95,1454,,,31-03-2020
95,1455,,,31-03-2020
95,1456,,,31-03-2020
95,1457,,,31-03-2020
95,1458,,,31-03-2020
95,1459,,,31-03-2020
95,1460,,,31-03-2020
95,1461,,,31-03-2020
95,1462,,,31-03-2020
95,1463,,,31-03-2020
95,1464,,,31-03-2020
95,1466,,,31-03-2020
95,1467,,,31-03-2020
95,1473,,,31-03-2020
95,1480,,,31-03-2020
95,1481,,,31-03-2020
95,1482,,,31-03-2020
60,201623,75.4961,0.0,31-03-2020
60,222573,14.5174,0.0,31-03-2020
60,226834,6.501,0.0,31-03-2020
60,213177,40.5,0.0,31-03-2020
70,1819,,,31-03-2020
70,598,,,31-03-2020
95,1821,,,31-03-2020
95,1826,,,31-03-2020
70,1837,,,31-03-2020
70,606,,,31-03-2020
115,1838,,,31-03-2020
115,1839,,,31-03-2020
115,1842,,,31-03-2020
115,1896,,,31-03-2020
115,1901,,,31-03-2020
70,1906,,,31-03-2020
70,640,,,31-03-2020
115,1907,,,31-03-2020
115,2308,,,31-03-2020
115,2496,,,31-03-2020
50,105063,4.43,0.0,31-03-2020
40,440888,99.56,99.38,31-03-2020
40,440889,98.45,98.39,31-03-2020
40,440767,105.64,105.68,31-03-2020
40,440801,101.86,101.78,31-03-2020
70,427,,,31-03-2020
70,189,,,31-03-2020
40,425937,1978.55,1978.55,31-03-2020
40,425480,1678.68,1678.68,31-03-2020
40,426287,1015.55,1015.55,31-03-2020
120,1389,,,31-03-2020
40,426571,1078960.0,1078960.0,31-03-2020
95,1429,,,31-03-2020
95,1430,,,31-03-2020
95,1431,,,31-03-2020
95,1432,,,31-03-2020
95,1433,,,31-03-2020
95,1439,,,31-03-2020
95,1440,,,31-03-2020
95,1447,,,31-03-2020
95,1448,,,31-03-2020
95,1449,,,31-03-2020
95,1450,,,31-03-2020
95,1451,,,31-03-2020
95,1452,,,31-03-2020
95,1470,,,31-03-2020
95,1471,,,31-03-2020
95,1483,,,31-03-2020
95,1484,,,31-03-2020
95,1485,,,31-03-2020
115,1495,,,31-03-2020
70,1497,,,31-03-2020
60,226985,7.24,0.0,31-03-2020
70,1813,,,31-03-2020
70,594,,,31-03-2020
70,1814,,,31-03-2020
70,595,,,31-03-2020
95,1825,,,31-03-2020
115,1876,,,31-03-2020
115,1904,,,31-03-2020
115,1905,,,31-03-2020
115,1928,,,31-03-2020
115,1946,,,31-03-2020
115,2624,,,31-03-2020
50,102647,42.3,0.0,31-03-2020
50,105190,955.5,0.0,31-03-2020
50,100167,127.4,0.0,31-03-2020
50,100183,0.1,0.0,31-03-2020
50,103605,4.83,0.0,31-03-2020
50,101856,19.8,0.0,31-03-2020
50,103561,-1.0,0.0,31-03-2020
50,100231,3.2,0.0,31-03-2020
50,106093,0.35,0.0,31-03-2020
50,104467,2.45,0.0,31-03-2020
50,100263,-1.0,0.0,31-03-2020
50,100344,3.05,0.0,31-03-2020
95,1441,,,31-03-2020
40,426707,9029.55,8926.09,31-03-2019
50,105835,119.56,0.0,31-03-2019
50,104254,347.65,0.0,31-03-2019
60,213442,716.073,0.0,31-03-2019
40,427078,8993.09,8900.65,31-03-2019
40,426802,8980.0,8925.0,31-03-2019
40,426931,8987.9,8899.87,31-03-2019
40,426929,8988.61,8910.61,31-03-2019
50,104853,152.9,0.0,31-03-2019
60,232842,-1.0,0.0,31-03-2019
50,104370,324.75,0.0,31-03-2019
50,104652,115.1,0.0,31-03-2019
40,440776,106.2,105.9,31-03-2019
50,101618,189.85,0.0,31-03-2019
50,123416,-1.0,0.0,31-03-2019
50,105468,1.55,0.0,31-03-2019
60,221255,14.0785,0.0,31-03-2019
40,426785,8992.13,8902.3,31-03-2019
60,213968,58.9098,0.0,31-03-2019
60,212325,41.8356,0.0,31-03-2019
60,214002,139.3814,0.0,31-03-2019
60,229587,10.1679,0.0,31-03-2019
50,105464,858.25,0.0,31-03-2019
40,426039,9149.99,8900.0,31-03-2019
40,426977,9000.0,8897.6,31-03-2019
40,426647,8950.04,8945.03,31-03-2019
40,426676,9005.06,8950.79,31-03-2019
60,213985,36.6185,0.0,31-03-2019
60,213312,276.4164,0.0,31-03-2019
40,426850,8978.31,8889.36,31-03-2019
50,122917,-1.0,0.0,31-03-2019
50,121963,-1.0,0.0,31-03-2019
60,227774,1057.4263,0.0,31-03-2019
60,213191,50.584,0.0,31-03-2019
60,214000,95.8037,0.0,31-03-2019
40,426587,9129.0,9000.0,31-03-2019
60,227062,10.783,0.0,31-03-2019
60,212799,102.7366,0.0,31-03-2019
50,122805,-1.0,0.0,31-03-2019
50,101517,3.33,0.0,31-03-2019
60,213291,3784.3285,0.0,31-03-2019
40,426707,9029.55,8926.09,31-03-2020
50,105835,89.4,0.0,31-03-2020
50,104254,76.55,0.0,31-03-2020
60,213442,483.779,0.0,31-03-2020
40,427078,8993.09,8900.65,31-03-2020
40,426802,8980.0,8925.0,31-03-2020
40,426931,8987.9,8899.87,31-03-2020
40,426929,8988.61,8910.61,31-03-2020
50,104853,88.75,0.0,31-03-2020
60,232842,-1.0,0.0,31-03-2020
50,104370,188.05,0.0,31-03-2020
50,104652,58.45,0.0,31-03-2020
40,440776,106.2,105.9,31-03-2020
50,101618,64.7,0.0,31-03-2020
50,123416,-1.0,0.0,31-03-2020
50,105468,0.55,0.0,31-03-2020
60,221255,15.1202,0.0,31-03-2020
40,426785,8992.13,8902.3,31-03-2020
60,213968,44.41,0.0,31-03-2020
60,212325,41.2179,0.0,31-03-2020
60,214002,113.8892,0.0,31-03-2020
60,229587,10.701,0.0,31-03-2020
50,105464,96.75,0.0,31-03-2020
40,426039,9149.99,8900.0,31-03-2020
40,426977,9000.0,8897.6,31-03-2020
40,426647,8950.04,8945.03,31-03-2020
40,426676,9005.06,8950.79,31-03-2020
60,213985,30.8608,0.0,31-03-2020
60,213312,293.7816,0.0,31-03-2020
40,426850,8978.31,8889.36,31-03-2020
50,122917,-1.0,0.0,31-03-2020
50,121963,-1.0,0.0,31-03-2020
60,227774,1117.0102,0.0,31-03-2020
60,213191,38.93,0.0,31-03-2020
60,214000,71.1828,0.0,31-03-2020
40,426587,9129.0,9000.0,31-03-2020
60,227062,11.54,0.0,31-03-2020
60,212799,68.0017,0.0,31-03-2020
50,122805,-1.0,0.0,31-03-2020
50,101517,1.19,0.0,31-03-2020
60,213291,4014.8691,0.0,31-03-2020
120,1714,,,31-03-2025
115,1900,,,31-03-2025
115,1902,,,31-03-2025
120,2197,,,31-03-2025
70,213,,,31-03-2025
70,426,,,31-03-2025
120,776,,,31-03-2025
70,995,,,31-03-2025
70,1343,,,31-03-2025
95,1379,,,31-03-2025
95,1380,,,31-03-2025
95,1381,,,31-03-2025
95,1382,,,31-03-2025
95,1442,,,31-03-2025
95,1443,,,31-03-2025
95,1444,,,31-03-2025
70,1474,,,31-03-2025
95,1486,,,31-03-2025
95,1487,,,31-03-2025
95,1493,,,31-03-2025
70,1496,,,31-03-2025
70,1810,,,31-03-2025
70,1811,,,31-03-2025
70,1812,,,31-03-2025
95,1824,,,31-03-2025
115,1937,,,31-03-2025
140,2945,,,31-03-2025
70,1498,,,31-03-2025
70,1815,,,31-03-2025
120,777,,,31-03-2025
95,1434,,,31-03-2025
95,1435,,,31-03-2025
95,1436,,,31-03-2025
95,1437,,,31-03-2025
95,1438,,,31-03-2025
95,1453,,,31-03-2025
95,1454,,,31-03-2025
95,1455,,,31-03-2025
95,1456,,,31-03-2025
95,1457,,,31-03-2025
95,1458,,,31-03-2025
95,1459,,,31-03-2025
95,1460,,,31-03-2025
95,1461,,,31-03-2025
95,1462,,,31-03-2025
95,1463,,,31-03-2025
95,1464,,,31-03-2025
95,1466,,,31-03-2025
95,1467,,,31-03-2025
95,1473,,,31-03-2025
95,1480,,,31-03-2025
95,1481,,,31-03-2025
95,1482,,,31-03-2025
70,1819,,,31-03-2025
95,1821,,,31-03-2025
95,1826,,,31-03-2025
70,1837,,,31-03-2025
115,1838,,,31-03-2025
115,1839,,,31-03-2025
115,1842,,,31-03-2025
115,1896,,,31-03-2025
115,1901,,,31-03-2025
70,1906,,,31-03-2025
115,1907,,,31-03-2025
115,2308,,,31-03-2025
115,2496,,,31-03-2025
70,427,,,31-03-2025
50,102370,974.5,0.0,31-03-2025
120,1389,,,31-03-2025
95,1429,,,31-03-2025
95,1430,,,31-03-2025
95,1431,,,31-03-2025
95,1432,,,31-03-2025
95,1433,,,31-03-2025
95,1439,,,31-03-2025
95,1440,,,31-03-2025
95,1447,,,31-03-2025
95,1448,,,31-03-2025
95,1449,,,31-03-2025
95,1450,,,31-03-2025
95,1451,,,31-03-2025
95,1452,,,31-03-2025
95,1470,,,31-03-2025
95,1471,,,31-03-2025
95,1483,,,31-03-2025
95,1484,,,31-03-2025
95,1485,,,31-03-2025
115,1495,,,31-03-2025
70,1497,,,31-03-2025
70,1813,,,31-03-2025
70,1814,,,31-03-2025
95,1825,,,31-03-2025
115,1876,,,31-03-2025
115,1904,,,31-03-2025
115,1905,,,31-03-2025
115,1928,,,31-03-2025
115,1946,,,31-03-2025
115,2624,,,31-03-2025
95,1441,,,31-03-2025
115,2585,,,31-03-2025
50,100090,98.24,0.0,31-03-2025
50,105100,765.15,0.0,31-03-2025
50,100059,1442.2,0.0,31-03-2025
50,100211,47.84,0.0,31-03-2025
50,100012,129.72,0.0,31-03-2025
50,100507,4.19,0.0,31-03-2025
50,104623,283.0,0.0,31-03-2025
50,104986,7878.85,0.0,31-03-2025
50,100349,278.47,0.0,31-03-2025
50,104323,1424.4,0.0,31-03-2025
50,104829,976.65,0.0,31-03-2025
50,100102,913.35,0.0,31-03-2025
50,105312,153.22,0.0,31-03-2025
50,104562,175.85,0.0,31-03-2025
50,105051,509.3,0.0,31-03-2025
50,101147,1804.65,0.0,31-03-2025
50,101057,436.0,0.0,31-03-2025
50,102772,1999.8,0.0,31-03-2025
50,101706,40.75,0.0,31-03-2025
50,102090,23.38,0.0,31-03-2025
50,100351,674.45,0.0,31-03-2025
50,101144,482.85,0.0,31-03-2025
50,100226,511.9,0.0,31-03-2025
50,105672,692.7,0.0,31-03-2025
50,105074,45.19,0.0,31-03-2025
50,100335,154.24,0.0,31-03-2025
50,101039,7214.3,0.0,31-03-2025
50,102180,75.37,0.0,31-03-2025
50,102175,60.37,0.0,31-03-2025
50,105757,163.04,0.0,31-03-2025
50,101535,130.82,0.0,31-03-2025
50,104576,56.66,0.0,31-03-2025
50,100334,192.73,0.0,31-03-2025
50,104821,1182.95,0.0,31-03-2025
40,425108,1985.05,1985.05,31-03-2025
40,425130,1980.0,1980.0,31-03-2025
50,105539,87.07,0.0,31-03-2025
50,104482,11522.15,0.0,31-03-2025
50,121292,9.04,0.0,31-03-2025
50,121347,1220.05,0.0,31-03-2025
50,121408,1792.85,0.0,31-03-2025
50,121388,185.07,0.0,31-03-2025
50,100385,179.93,0.0,31-03-2025
50,121444,175.77,0.0,31-03-2025
50,101684,220.79,0.0,31-03-2025
50,100216,463.4,0.0,31-03-2025
50,104315,912.3,0.0,31-03-2025
50,100006,2729.95,0.0,31-03-2025
50,105028,0.55,0.0,31-03-2025
50,104251,107.12,0.0,31-03-2025
50,104456,96.13,0.0,31-03-2025
40,425154,1985.0,1985.0,31-03-2025
50,100029,1959.9,0.0,31-03-2025
50,121445,421.1,0.0,31-03-2025
40,425051,10918.2,10918.2,31-03-2025
40,425762,11450.0,11450.0,31-03-2025
40,425568,1880.21,1880.21,31-03-2025
40,426081,1083.8,1083.8,31-03-2025
40,426085,1508.0,1508.0,31-03-2025
40,426127,1546.77,1546.77,31-03-2025
40,426125,1050.0,1045.0,31-03-2025
40,425424,1633.0,1633.0,31-03-2025
50,121748,1564.55,0.0,31-03-2025
50,121755,1543.35,0.0,31-03-2025
50,121460,104.37,0.0,31-03-2025
50,105270,623.49,0.0,31-03-2025
40,425629,5.38,5.38,31-03-2025
40,425328,1157.07,1148.27,31-03-2025
40,425226,1150.0,1150.04,31-03-2025
40,425110,1117.31,1117.86,31-03-2025
40,425698,1123.06,1123.47,31-03-2025
40,425126,1050.0,1048.06,31-03-2025
40,425323,1068.26,1068.26,31-03-2025
40,425125,1045.0,1045.0,31-03-2025
40,425172,1085.0,1085.0,31-03-2025
40,425726,1130.7,1140.0,31-03-2025
40,425734,1145.0,1145.0,31-03-2025
40,425742,1123.23,1123.23,31-03-2025
40,425692,1148.87,1158.0,31-03-2025
40,425730,1170.0,1165.01,31-03-2025
40,425248,1154.8,1154.8,31-03-2025
50,105124,74.16,0.0,31-03-2025
40,425338,1308.5,1320.0,31-03-2025
50,104501,46.34,0.0,31-03-2025
50,105122,263.21,0.0,31-03-2025
60,222573,52.1487,0.0,31-03-2025
60,226834,22.274,0.0,31-03-2025
60,213177,161.717,0.0,31-03-2025
60,212516,48.7237,0.0,31-03-2025
60,212467,84.5267,0.0,31-03-2025
50,105213,181.45,0.0,31-03-2025
40,425738,1166.99,1166.99,31-03-2025
50,121455,685.7,0.0,31-03-2025
50,121991,119.49,0.0,31-03-2025
50,100374,2340.65,0.0,31-03-2025
50,101126,500.2,0.0,31-03-2025
50,121218,564.35,0.0,31-03-2025
50,100080,3063.35,0.0,31-03-2025
50,105939,2478.8,0.0,31-03-2025
50,100023,8945.6,0.0,31-03-2025
50,100704,1013.9,0.0,31-03-2025
50,100290,375.4,0.0,31-03-2025
50,103037,286.2,0.0,31-03-2025
50,122409,82.65,0.0,31-03-2025
50,122088,310.65,0.0,31-03-2025
50,105721,18.07,0.0,31-03-2025
50,100328,89.68,0.0,31-03-2025
50,100495,2.21,0.0,31-03-2025
50,103226,68.15,0.0,31-03-2025
50,104292,23.07,0.0,31-03-2025
50,102573,163.4,0.0,31-03-2025
50,102411,36.91,0.0,31-03-2025
50,100316,682.45,0.0,31-03-2025
50,104491,203.12,0.0,31-03-2025
50,104617,782.75,0.0,31-03-2025
50,102894,68.89,0.0,31-03-2025
50,103068,814.1,0.0,31-03-2025
50,105346,5311.75,0.0,31-03-2025
50,105174,398.2,0.0,31-03-2025
50,100129,3722.95,0.0,31-03-2025
50,101076,139.63,0.0,31-03-2025
50,100268,2.0,0.0,31-03-2025
50,101544,0.9,0.0,31-03-2025
50,100308,538.35,0.0,31-03-2025
50,102333,2.2,0.0,31-03-2025
50,104299,474.6,0.0,31-03-2025
50,100381,426.05,0.0,31-03-2025
50,104838,42.98,0.0,31-03-2025
50,101636,0.5,0.0,31-03-2025
50,105010,191.04,0.0,31-03-2025
50,101553,2315.8,0.0,31-03-2025
50,102179,109.05,0.0,31-03-2025
50,104798,290.35,0.0,31-03-2025
50,105071,537.9,0.0,31-03-2025
50,101956,130.96,0.0,31-03-2025
50,101096,57.09,0.0,31-03-2025
50,100230,246.38,0.0,31-03-2025
50,100156,57.4,0.0,31-03-2025
50,100305,3227.95,0.0,31-03-2025
50,104324,344.8,0.0,31-03-2025
50,100373,1001.9,0.0,31-03-2025
50,100343,3250.05,0.0,31-03-2025
50,100352,1458.7,0.0,31-03-2025
50,105169,1637.4,0.0,31-03-2025
50,104734,167.75,0.0,31-03-2025
50,100360,785.05,0.0,31-03-2025
50,100835,2730.0,0.0,31-03-2025
50,102627,234.42,0.0,31-03-2025
50,102762,1734.7,0.0,31-03-2025
50,101938,268.0,0.0,31-03-2025
50,105140,898.0,0.0,31-03-2025
40,425152,1009.0,1009.0,31-03-2025
40,425458,1384.94,1384.94,31-03-2025
50,105462,339.95,0.0,31-03-2025
50,100086,1144.2,0.0,31-03-2025
50,104474,5775.45,0.0,31-03-2025
50,121294,4083.2,0.0,31-03-2025
50,100233,43.45,0.0,31-03-2025
40,425622,1090.0,1090.0,31-03-2025
50,101699,244.67,0.0,31-03-2025
40,425937,1978.55,1978.55,31-03-2025
40,425480,1678.68,1678.68,31-03-2025
40,426164,1082.5,1082.5,31-03-2025
40,425423,1092.0,1092.0,31-03-2025
40,426198,1090.0,1090.0,31-03-2025
40,426226,1056.51,1055.0,31-03-2025
40,426287,1015.55,1015.55,31-03-2025
40,425115,1088.0,1088.0,31-03-2025
40,425259,1069.16,1069.16,31-03-2025
50,105125,74.94,0.0,31-03-2025
40,426570,1084000.0,1084000.0,31-03-2025
40,426664,11939.8,11877.49,31-03-2025
40,425112,1112.12,1111.55,31-03-2025
40,425694,1241.0,1240.0,31-03-2025
40,425249,1296.0,1296.0,31-03-2025
50,101804,159.4,0.0,31-03-2025
50,100246,2849.3,0.0,31-03-2025
50,121670,2084.05,0.0,31-03-2025
60,226985,14.94,0.0,31-03-2025
60,224483,42.8,0.0,31-03-2025
60,212945,479.42,0.0,31-03-2025
50,122025,1081.15,0.0,31-03-2025
50,100340,30720.55,0.0,31-03-2025
50,121898,3723.35,0.0,31-03-2025
60,229980,37.87,0.0,31-03-2025
50,104669,1407.75,0.0,31-03-2025
50,121845,881.1,0.0,31-03-2025
50,101627,52.18,0.0,31-03-2025
50,121450,261.6,0.0,31-03-2025
50,104505,111.76,0.0,31-03-2025
50,100115,1134.15,0.0,31-03-2025
50,104499,341.7,0.0,31-03-2025
50,100093,4528.55,0.0,31-03-2025
50,100338,3051.85,0.0,31-03-2025
50,105332,563.6,0.0,31-03-2025
50,105094,2.91,0.0,31-03-2025
50,104516,132.5,0.0,31-03-2025
50,101390,94.4,0.0,31-03-2025
50,100072,360.35,0.0,31-03-2025
50,104364,2419.85,0.0,31-03-2025
50,104320,1541.05,0.0,31-03-2025
50,101615,4.1,0.0,31-03-2025
50,102012,2.5,0.0,31-03-2025
50,105338,27.22,0.0,31-03-2025
50,101006,5.91,0.0,31-03-2025
50,103542,39.08,0.0,31-03-2025
50,104450,1733.4,0.0,31-03-2025
50,100056,153.86,0.0,31-03-2025
50,102035,33.09,0.0,31-03-2025
50,100186,2027.95,0.0,31-03-2025
50,100365,2258.85,0.0,31-03-2025
50,104335,262.1,0.0,31-03-2025
50,100141,425.15,0.0,31-03-2025
50,104621,0.95,0.0,31-03-2025
50,102341,554.85,0.0,31-03-2025
50,102369,29.94,0.0,31-03-2025
50,104687,1.95,0.0,31-03-2025
50,103110,277.0,0.0,31-03-2025
60,201926,5039.97,0.0,31-03-2025
60,202257,54.6496,0.0,31-03-2025
60,202374,22.715,0.0,31-03-2025
60,202107,2714.3026,0.0,31-03-2025
60,201770,147.069,0.0,31-03-2025
50,100342,1169.15,0.0,31-03-2025
50,104506,669.2,0.0,31-03-2025
50,101563,141.33,0.0,31-03-2025
50,102592,2949.3,0.0,31-03-2025
50,104369,12.2,0.0,31-03-2025
40,425090,1112.3,1112.3,31-03-2025
50,105050,42.31,0.0,31-03-2025
50,101191,16.7,0.0,31-03-2025
50,105219,0.52,0.0,31-03-2025
50,104614,0.35,0.0,31-03-2025
50,105178,323.0,0.0,31-03-2025
50,121412,1547.85,0.0,31-03-2025
40,425700,996.0,996.0,31-03-2025
40,426078,999.0,999.0,31-03-2025
50,104827,2777.0,0.0,31-03-2025
50,121749,5147.95,0.0,31-03-2025
40,426310,1051.0,1051.0,31-03-2025
40,426288,1087.52,1087.52,31-03-2025
40,426200,1093.07,1093.07,31-03-2025
40,426407,1080000.0,1080000.0,31-03-2025
40,426559,1069.0,1061.72,31-03-2025
40,425165,1090.0,1090.0,31-03-2025
50,121631,4013.9,0.0,31-03-2025
50,121858,39.77,0.0,31-03-2025
50,102301,470.75,0.0,31-03-2025
50,102867,148.72,0.0,31-03-2025
50,105175,1831.95,0.0,31-03-2025
50,121335,633.1,0.0,31-03-2025
60,213199,101.5097,0.0,31-03-2025
50,101158,180.66,0.0,31-03-2025
50,100253,134.8,0.0,31-03-2025
60,213079,101.0403,0.0,31-03-2025
50,100452,779.0,0.0,31-03-2025
60,213079,92.08,0.0,31-03-2024
50,100452,591.0,0.0,31-03-2024
50,100070,0.89,0.0,31-03-2025
50,102712,428.55,0.0,31-03-2025
50,104542,21.15,0.0,31-03-2025
50,100461,478.45,0.0,31-03-2025
50,105044,421.25,0.0,31-03-2025
50,105153,14.94,0.0,31-03-2025
95,409,,,31-03-2025
95,410,,,31-03-2025
95,411,,,31-03-2025
95,412,,,31-03-2025
95,413,,,31-03-2025
95,425,,,31-03-2025
95,426,,,31-03-2025
95,427,,,31-03-2025
95,428,,,31-03-2025
95,429,,,31-03-2025
95,430,,,31-03-2025
95,431,,,31-03-2025
95,432,,,31-03-2025
95,433,,,31-03-2025
95,434,,,31-03-2025
95,435,,,31-03-2025
95,436,,,31-03-2025
95,437,,,31-03-2025
95,438,,,31-03-2025
95,442,,,31-03-2025
95,444,,,31-03-2025
95,445,,,31-03-2025
95,446,,,31-03-2025
95,599,,,31-03-2025
95,602,,,31-03-2025
115,607,,,31-03-2025
115,608,,,31-03-2025
115,610,,,31-03-2025
115,634,,,31-03-2025
115,637,,,31-03-2025
115,638,,,31-03-2025
115,695,,,31-03-2025
115,726,,,31-03-2025
120,303,,,31-03-2025
555,55555,,,26-09-2024
60,213950,,,26-09-2024
60,213968,,,26-09-2024
60,212724,,,26-09-2024
60,212896,,,26-09-2024
60,220771,,,26-09-2024
50,105835,,,26-09-2024
50,105907,,,26-09-2024
50,121940,,,26-09-2024
60,213199,,,26-09-2024
60,224129,,,26-09-2024
60,215613,,,26-09-2024
40,425726,,,26-09-2024
40,425692,,,26-09-2024
60,212818,,,26-09-2024
120,1714,,,26-09-2024
60,213330,,,26-09-2024
60,212969,,,26-09-2024
50,121455,,,26-09-2024
50,104511,,,26-09-2024
50,100176,,,26-09-2024
50,104474,,,26-09-2024
115,1900,,,26-09-2024
115,1902,,,26-09-2024
50,100290,,,26-09-2024
50,100006,,,26-09-2024
50,100078,,,26-09-2024
50,104509,,,26-09-2024
50,100704,,,26-09-2024
60,229980,,,26-09-2024
50,100148,,,26-09-2024
50,100407,,,26-09-2024
50,106129,,,26-09-2024
60,213970,,,26-09-2024
50,100346,,,26-09-2024
50,100374,,,26-09-2024
50,121845,,,26-09-2024
50,121898,,,26-09-2024
50,104471,,,26-09-2024
50,122242,,,26-09-2024
50,103037,,,26-09-2024
50,104254,,,26-09-2024
120,2197,,,26-09-2024
60,213926,,,26-09-2024
50,100128,,,26-09-2024
60,212181,,,26-09-2024
60,213251,,,26-09-2024
60,213269,,,26-09-2024
60,213442,,,26-09-2024
50,101158,,,26-09-2024
50,100174,,,26-09-2024
50,100717,,,26-09-2024
50,100756,,,26-09-2024
50,101579,,,26-09-2024
50,101744,,,26-09-2024
50,101907,,,26-09-2024
50,101918,,,26-09-2024
50,101945,,,26-09-2024
50,102020,,,26-09-2024
50,102301,,,26-09-2024
50,102374,,,26-09-2024
50,102867,,,26-09-2024
50,103358,,,26-09-2024
50,104197,,,26-09-2024
50,104544,,,26-09-2024
50,104663,,,26-09-2024
50,105175,,,26-09-2024
50,121335,,,26-09-2024
50,121729,,,26-09-2024
50,121821,,,26-09-2024
50,121867,,,26-09-2024
50,105271,,,26-09-2024
50,101627,,,26-09-2024
50,100357,,,26-09-2024
50,104843,,,26-09-2024
50,100134,,,26-09-2024
50,102216,,,26-09-2024
50,104828,,,26-09-2024
60,212785,,,26-09-2024
50,105202,,,26-09-2024
50,105908,,,26-09-2024
50,122673,,,26-09-2024
60,212799,,,26-09-2024
50,100975,,,26-09-2024
50,100253,,,26-09-2024
50,100285,,,26-09-2024
50,104591,,,26-09-2024
50,122630,,,26-09-2024
60,232155,,,26-09-2024
60,219090,,,26-09-2024
50,100069,,,26-09-2024
50,104518,,,26-09-2024
50,121788,,,26-09-2024
50,122697,,,26-09-2024
50,100215,,,26-09-2024
50,104881,,,26-09-2024
50,122819,,,26-09-2024
50,100058,,,26-09-2024
50,100586,,,26-09-2024
50,101330,,,26-09-2024
50,102503,,,26-09-2024
50,104269,,,26-09-2024
50,104294,,,26-09-2024
50,104418,,,26-09-2024
50,104500,,,26-09-2024
50,105108,,,26-09-2024
50,105417,,,26-09-2024
50,106112,,,26-09-2024
50,121330,,,26-09-2024
50,121379,,,26-09-2024
50,121615,,,26-09-2024
50,121746,,,26-09-2024
50,121904,,,26-09-2024
50,121949,,,26-09-2024
50,121962,,,26-09-2024
60,212962,,,26-09-2024
60,231492,,,26-09-2024
40,440788,,,26-09-2024
40,440775,,,26-09-2024
50,102874,,,26-09-2024
50,104310,,,26-09-2024
50,104459,,,26-09-2024
50,104512,,,26-09-2024
50,105096,,,26-09-2024
50,106097,,,26-09-2024
50,121750,,,26-09-2024
50,122805,,,26-09-2024
50,101220,,,26-09-2024
50,102066,,,26-09-2024
50,103140,,,26-09-2024
50,104711,,,26-09-2024
50,105212,,,26-09-2024
50,105434,,,26-09-2024
50,106085,,,26-09-2024
50,121244,,,26-09-2024
50,121527,,,26-09-2024
50,122142,,,26-09-2024
50,122194,,,26-09-2024
60,234701,,,26-09-2024
60,233212,,,26-09-2024
50,103475,,,26-09-2024
50,121267,,,26-09-2024
50,100240,,,26-09-2024
50,100517,,,26-09-2024
50,104722,,,26-09-2024
60,213291,,,26-09-2024
60,213314,,,26-09-2024
60,212947,,,26-09-2024
60,233931,,,26-09-2024
50,105464,,,26-09-2024
50,122790,,,26-09-2024
60,234799,,,26-09-2024
50,100343,,,26-09-2024
50,104292,,,26-09-2024
50,100305,,,26-09-2024
50,104505,,,26-09-2024
50,100029,,,26-09-2024
50,104323,,,26-09-2024
50,102762,,,26-09-2024
50,100182,,,26-09-2024
50,100102,,,26-09-2024
50,100059,,,26-09-2024
50,100373,,,26-09-2024
50,104242,,,26-09-2024
50,104986,,,26-09-2024
50,100115,,,26-09-2024
50,104499,,,26-09-2024
50,100093,,,26-09-2024
50,104251,,,26-09-2024
50,100338,,,26-09-2024
50,100156,,,26-09-2024
50,104491,,,26-09-2024
50,104829,,,26-09-2024
50,105332,,,26-09-2024
50,105312,,,26-09-2024
50,104739,,,26-09-2024
50,105094,,,26-09-2024
50,105071,,,26-09-2024
50,100129,,,26-09-2024
50,100352,,,26-09-2024
50,100873,,,26-09-2024
50,100381,,,26-09-2024
50,104516,,,26-09-2024
50,100495,,,26-09-2024
50,101390,,,26-09-2024
50,105010,,,26-09-2024
50,100072,,,26-09-2024
50,100230,,,26-09-2024
50,104364,,,26-09-2024
50,105100,,,26-09-2024
50,101147,,,26-09-2024
50,104320,,,26-09-2024
50,105074,,,26-09-2024
50,100132,,,26-09-2024
50,101057,,,26-09-2024
50,101615,,,26-09-2024
50,100507,,,26-09-2024
50,105169,,,26-09-2024
50,105171,,,26-09-2024
50,101096,,,26-09-2024
50,100071,,,26-09-2024
50,102179,,,26-09-2024
50,102012,,,26-09-2024
50,100211,,,26-09-2024
50,104465,,,26-09-2024
50,104558,,,26-09-2024
50,104268,,,26-09-2024
50,102791,,,26-09-2024
50,105338,,,26-09-2024
50,101006,,,26-09-2024
50,104324,,,26-09-2024
50,103542,,,26-09-2024
50,102627,,,26-09-2024
50,104450,,,26-09-2024
50,100056,,,26-09-2024
50,100335,,,26-09-2024
50,104798,,,26-09-2024
50,105346,,,26-09-2024
50,104841,,,26-09-2024
50,102035,,,26-09-2024
50,100012,,,26-09-2024
50,100186,,,26-09-2024
50,100365,,,26-09-2024
50,101956,,,26-09-2024
50,104315,,,26-09-2024
50,104335,,,26-09-2024
50,104821,,,26-09-2024
50,105051,,,26-09-2024
50,100349,,,26-09-2024
50,100351,,,26-09-2024
50,100141,,,26-09-2024
50,104621,,,26-09-2024
50,104838,,,26-09-2024
50,102341,,,26-09-2024
50,102369,,,26-09-2024
50,104687,,,26-09-2024
50,100345,,,26-09-2024
50,103110,,,26-09-2024
50,102370,,,26-09-2024
60,201926,,,26-09-2024
60,202257,,,26-09-2024
60,202374,,,26-09-2024
60,202107,,,26-09-2024
70,213,,,26-09-2024
70,97,,,26-09-2024
60,201770,,,26-09-2024
70,426,,,26-09-2024
70,188,,,26-09-2024
50,100342,,,26-09-2024
50,104506,,,26-09-2024
50,102772,,,26-09-2024
50,102411,,,26-09-2024
50,102573,,,26-09-2024
50,101556,,,26-09-2024
50,104576,,,26-09-2024
50,100835,,,26-09-2024
50,105140,,,26-09-2024
50,100360,,,26-09-2024
50,101563,,,26-09-2024
50,102592,,,26-09-2024
50,101706,,,26-09-2024
50,101938,,,26-09-2024
50,104369,,,26-09-2024
50,100226,,,26-09-2024
40,425090,,,26-09-2024
40,425154,,,26-09-2024
50,104289,,,26-09-2024
50,105050,,,26-09-2024
50,104482,,,26-09-2024
50,101191,,,26-09-2024
50,100334,,,26-09-2024
120,776,,,26-09-2024
50,105539,,,26-09-2024
50,100023,,,26-09-2024
50,105219,,,26-09-2024
50,105462,,,26-09-2024
50,102647,,,26-09-2024
50,105639,,,26-09-2024
50,105757,,,26-09-2024
50,102090,,,26-09-2024
50,104296,,,26-09-2024
50,105174,,,26-09-2024
50,104456,,,26-09-2024
50,104614,,,26-09-2024
50,100233,,,26-09-2024
40,425622,,,26-09-2024
50,105270,,,26-09-2024
50,105178,,,26-09-2024
50,101684,,,26-09-2024
50,121388,,,26-09-2024
50,100216,,,26-09-2024
50,121218,,,26-09-2024
50,121408,,,26-09-2024
50,121412,,,26-09-2024
40,425700,,,26-09-2024
50,121445,,,26-09-2024
40,425051,,,26-09-2024
40,425762,,,26-09-2024
70,995,,,26-09-2024
70,353,,,26-09-2024
40,426125,,,26-09-2024
40,426127,,,26-09-2024
40,426078,,,26-09-2024
40,425424,,,26-09-2024
40,426164,,,26-09-2024
40,425423,,,26-09-2024
40,426198,,,26-09-2024
50,121460,,,26-09-2024
50,104827,,,26-09-2024
50,121748,,,26-09-2024
50,121749,,,26-09-2024
40,426226,,,26-09-2024
70,1343,,,26-09-2024
70,380,,,26-09-2024
40,426310,,,26-09-2024
40,426288,,,26-09-2024
95,1379,,,26-09-2024
95,1380,,,26-09-2024
95,1381,,,26-09-2024
95,1382,,,26-09-2024
40,426200,,,26-09-2024
40,426407,,,26-09-2024
40,426545,,,26-09-2024
40,426559,,,26-09-2024
95,1442,,,26-09-2024
95,1443,,,26-09-2024
95,1444,,,26-09-2024
40,425629,,,26-09-2024
40,425115,,,26-09-2024
70,1474,,,26-09-2024
70,443,,,26-09-2024
95,1486,,,26-09-2024
95,1487,,,26-09-2024
50,105124,,,26-09-2024
95,1493,,,26-09-2024
70,1496,,,26-09-2024
70,455,,,26-09-2024
40,425126,,,26-09-2024
40,425323,,,26-09-2024
40,425742,,,26-09-2024
40,425730,,,26-09-2024
40,425112,,,26-09-2024
40,425172,,,26-09-2024
40,425165,,,26-09-2024
40,426194,,,26-09-2024
75,466,,,26-09-2024
50,101804,,,26-09-2024
50,101434,,,26-09-2024
50,104519,,,26-09-2024
70,1810,,,26-09-2024
70,591,,,26-09-2024
70,1811,,,26-09-2024
70,592,,,26-09-2024
70,1812,,,26-09-2024
70,593,,,26-09-2024
60,224110,,,26-09-2024
95,1824,,,26-09-2024
50,100246,,,26-09-2024
50,121631,,,26-09-2024
60,212781,,,26-09-2024
115,1937,,,26-09-2024
60,213971,,,26-09-2024
40,426928,,,26-09-2024
40,427087,,,26-09-2024
40,426850,,,26-09-2024
40,426939,,,26-09-2024
60,212782,,,26-09-2024
60,213444,,,26-09-2024
60,213976,,,26-09-2024
60,231922,,,26-09-2024
50,122917,,,26-09-2024
50,105077,,,26-09-2024
60,214319,,,26-09-2024
60,213168,,,26-09-2024
40,442434,,,26-09-2024
60,220440,,,26-09-2024
50,121963,,,26-09-2024
140,2945,,,26-09-2024
60,213079,,,26-09-2024
70,1498,,,26-09-2024
60,213191,,,26-09-2024
70,1815,,,26-09-2024
70,596,,,26-09-2024
60,214000,,,26-09-2024
50,121858,,,26-09-2024
40,426587,,,26-09-2024
50,105596,,,26-09-2024
50,121933,,,26-09-2024
50,100188,,,26-09-2024
50,100038,,,26-09-2024
50,103750,,,26-09-2024
60,214155,,,26-09-2024
60,213312,,,26-09-2024
60,213538,,,26-09-2024
50,123416,,,26-09-2024
50,100452,,,26-09-2024
50,100090,,,26-09-2024
50,104623,,,26-09-2024
50,104562,,,26-09-2024
50,101144,,,26-09-2024
50,105672,,,26-09-2024
50,101039,,,26-09-2024
50,102180,,,26-09-2024
50,102175,,,26-09-2024
50,101535,,,26-09-2024
40,425108,,,26-09-2024
40,425130,,,26-09-2024
120,777,,,26-09-2024
50,121292,,,26-09-2024
50,121347,,,26-09-2024
50,100385,,,26-09-2024
50,121444,,,26-09-2024
50,105028,,,26-09-2024
40,425568,,,26-09-2024
40,426081,,,26-09-2024
40,426085,,,26-09-2024
50,121755,,,26-09-2024
40,425328,,,26-09-2024
95,1434,,,26-09-2024
95,1435,,,26-09-2024
95,1436,,,26-09-2024
95,1437,,,26-09-2024
95,1438,,,26-09-2024
95,1453,,,26-09-2024
95,1454,,,26-09-2024
95,1455,,,26-09-2024
95,1456,,,26-09-2024
95,1457,,,26-09-2024
95,1458,,,26-09-2024
95,1459,,,26-09-2024
95,1460,,,26-09-2024
95,1461,,,26-09-2024
95,1462,,,26-09-2024
95,1463,,,26-09-2024
95,1464,,,26-09-2024
95,1466,,,26-09-2024
95,1467,,,26-09-2024
95,1473,,,26-09-2024
40,425226,,,26-09-2024
95,1480,,,26-09-2024
95,1481,,,26-09-2024
95,1482,,,26-09-2024
40,425110,,,26-09-2024
40,425698,,,26-09-2024
40,425125,,,26-09-2024
40,425734,,,26-09-2024
40,425248,,,26-09-2024
40,426707,,,26-09-2024
40,425338,,,26-09-2024
50,104501,,,26-09-2024
50,105122,,,26-09-2024
60,201623,,,26-09-2024
60,222573,,,26-09-2024
60,226834,,,26-09-2024
60,213177,,,26-09-2024
60,212516,,,26-09-2024
60,212467,,,26-09-2024
50,105213,,,26-09-2024
40,425738,,,26-09-2024
50,121991,,,26-09-2024
50,101126,,,26-09-2024
70,1819,,,26-09-2024
70,598,,,26-09-2024
95,1821,,,26-09-2024
95,1826,,,26-09-2024
50,100080,,,26-09-2024
50,105939,,,26-09-2024
70,1837,,,26-09-2024
70,606,,,26-09-2024
115,1838,,,26-09-2024
115,1839,,,26-09-2024
115,1842,,,26-09-2024
115,1896,,,26-09-2024
115,1901,,,26-09-2024
70,1906,,,26-09-2024
70,640,,,26-09-2024
115,1907,,,26-09-2024
50,122409,,,26-09-2024
40,427078,,,26-09-2024
40,426802,,,26-09-2024
40,426931,,,26-09-2024
40,426929,,,26-09-2024
50,122088,,,26-09-2024
115,2308,,,26-09-2024
50,104541,,,26-09-2024
50,105721,,,26-09-2024
115,2496,,,26-09-2024
50,100328,,,26-09-2024
50,104277,,,26-09-2024
50,104710,,,26-09-2024
50,104853,,,26-09-2024
60,232842,,,26-09-2024
50,103566,,,26-09-2024
50,104255,,,26-09-2024
60,231481,,,26-09-2024
50,105063,,,26-09-2024
60,234239,,,26-09-2024
50,104370,,,26-09-2024
50,104652,,,26-09-2024
40,440888,,,26-09-2024
40,440889,,,26-09-2024
40,440767,,,26-09-2024
40,440776,,,26-09-2024
40,440801,,,26-09-2024
50,123247,,,26-09-2024
60,229587,,,26-09-2024
50,103226,,,26-09-2024
50,100316,,,26-09-2024
50,104617,,,26-09-2024
50,102894,,,26-09-2024
50,103068,,,26-09-2024
50,101076,,,26-09-2024
50,100268,,,26-09-2024
50,101544,,,26-09-2024
50,100308,,,26-09-2024
50,102333,,,26-09-2024
50,104299,,,26-09-2024
50,101636,,,26-09-2024
50,104792,,,26-09-2024
50,101553,,,26-09-2024
50,100337,,,26-09-2024
70,427,,,26-09-2024
70,189,,,26-09-2024
50,104734,,,26-09-2024
50,100167,,,26-09-2024
50,105190,,,26-09-2024
50,104343,,,26-09-2024
40,425152,,,26-09-2024
40,425458,,,26-09-2024
50,100086,,,26-09-2024
50,121294,,,26-09-2024
50,101699,,,26-09-2024
40,425937,,,26-09-2024
40,425480,,,26-09-2024
40,426287,,,26-09-2024
120,1389,,,26-09-2024
40,426571,,,26-09-2024
95,1429,,,26-09-2024
95,1430,,,26-09-2024
95,1431,,,26-09-2024
95,1432,,,26-09-2024
95,1433,,,26-09-2024
95,1439,,,26-09-2024
95,1440,,,26-09-2024
95,1447,,,26-09-2024
95,1448,,,26-09-2024
95,1449,,,26-09-2024
95,1450,,,26-09-2024
95,1451,,,26-09-2024
95,1452,,,26-09-2024
40,425259,,,26-09-2024
95,1470,,,26-09-2024
95,1471,,,26-09-2024
95,1483,,,26-09-2024
95,1484,,,26-09-2024
95,1485,,,26-09-2024
50,105125,,,26-09-2024
115,1495,,,26-09-2024
70,1497,,,26-09-2024
40,426570,,,26-09-2024
40,426664,,,26-09-2024
40,425694,,,26-09-2024
40,425249,,,26-09-2024
50,121670,,,26-09-2024
60,226985,,,26-09-2024
60,224483,,,26-09-2024
60,212945,,,26-09-2024
50,122025,,,26-09-2024
70,1813,,,26-09-2024
70,594,,,26-09-2024
70,1814,,,26-09-2024
70,595,,,26-09-2024
40,426732,,,26-09-2024
95,1825,,,26-09-2024
50,100340,,,26-09-2024
115,1876,,,26-09-2024
115,1904,,,26-09-2024
115,1905,,,26-09-2024
50,104669,,,26-09-2024
115,1928,,,26-09-2024
115,1946,,,26-09-2024
40,426785,,,26-09-2024
50,104568,,,26-09-2024
60,212325,,,26-09-2024
115,2624,,,26-09-2024
50,121450,,,26-09-2024
50,102670,,,26-09-2024
50,104302,,,26-09-2024
50,104857,,,26-09-2024
50,105059,,,26-09-2024
50,100079,,,26-09-2024
50,104271,,,26-09-2024
50,105182,,,26-09-2024
50,105420,,,26-09-2024
50,121542,,,26-09-2024
60,214002,,,26-09-2024
50,105216,,,26-09-2024
50,100027,,,26-09-2024
50,100379,,,26-09-2024
50,100183,,,26-09-2024
50,103605,,,26-09-2024
50,101856,,,26-09-2024
50,103561,,,26-09-2024
50,100231,,,26-09-2024
50,106093,,,26-09-2024
50,104467,,,26-09-2024
50,100263,,,26-09-2024
50,100344,,,26-09-2024
95,1441,,,26-09-2024
60,201543,56.4177,0.0,31-03-2024
60,212062,124.542,0.0,31-03-2024
60,201539,29.9029,0.0,31-03-2024
60,201551,3262.5563,0.0,31-03-2024
60,207340,4.4845,0.0,31-03-2024
60,202408,1161.339,0.0,31-03-2024
60,205483,41.265,0.0,31-03-2024
60,202406,595.168,0.0,31-03-2024
60,201543,57.1221,0.0,31-03-2025
60,202288,88.1767,0.0,31-03-2024
60,213430,171.263,0.0,31-03-2024
60,212062,124.542,0.0,31-03-2025
60,201539,29.9029,0.0,31-03-2025
60,201551,3711.0667,0.0,31-03-2025
60,207340,4.4845,0.0,31-03-2025
60,202408,1306.52,0.0,31-03-2025
60,213434,1101.852,0.0,31-03-2024
60,205483,43.269,0.0,31-03-2025
60,202412,795.74,0.0,31-03-2024
60,202427,109.8035,0.0,31-03-2024
60,212879,133.4254,0.0,31-03-2024
60,202406,595.168,0.0,31-03-2025
60,213164,119.4726,0.0,31-03-2024
60,213485,52.3548,0.0,31-03-2024
60,207060,51.1409,0.0,31-03-2024
60,202288,95.6934,0.0,31-03-2025
60,201527,318.0299,0.0,31-03-2025
60,213430,190.72,0.0,31-03-2025
60,213434,1163.681,0.0,31-03-2025
60,202412,863.28,0.0,31-03-2025
60,202427,118.2239,0.0,31-03-2025
60,212879,133.4254,0.0,31-03-2025
60,213164,129.4966,0.0,31-03-2025
60,213478,63.3546,0.0,31-03-2025
60,213485,57.4641,0.0,31-03-2025
60,207060,51.1409,0.0,31-03-2025
60,212667,70.3921,0.0,31-03-2024
60,212942,119.57,0.0,31-03-2024
60,213218,370.86,0.0,31-03-2024
60,222307,21.61,0.0,31-03-2024
60,212824,107.338,0.0,31-03-2024
60,221250,132.269,0.0,31-03-2024
60,213037,104.26,0.0,31-03-2024
60,213377,34.2355,0.0,31-03-2024
60,214045,27.2315,0.0,31-03-2024
60,212790,111.1204,0.0,31-03-2024
60,212864,44.3794,0.0,31-03-2024
60,213327,389.6808,0.0,31-03-2024
60,212519,87.8489,0.0,31-03-2024
60,212667,77.2942,0.0,31-03-2025
60,212942,137.67,0.0,31-03-2025
60,213218,408.33,0.0,31-03-2025
60,222307,23.39,0.0,31-03-2025
60,212824,117.606,0.0,31-03-2025
60,221250,137.571,0.0,31-03-2025
60,213037,117.35,0.0,31-03-2025
60,213377,34.2355,0.0,31-03-2025
60,214045,29.3576,0.0,31-03-2025
60,212790,121.2766,0.0,31-03-2025
60,212864,48.4875,0.0,31-03-2025
60,213327,418.7272,0.0,31-03-2025
60,212519,97.0163,0.0,31-03-2025
60,213900,36.1484,0.0,31-03-2025
60,215306,65.7042,0.0,31-03-2025
60,214252,36.642,0.0,31-03-2025
60,234227,12.9768,0.0,31-03-2025
60,213958,39.3527,0.0,31-03-2025
60,232442,17.64,0.0,31-03-2025
60,234074,12.6838,0.0,31-03-2025
60,231285,44.183,0.0,31-03-2025
60,229252,29.67,0.0,31-03-2025
60,201333,1846.217,0.0,31-03-2025
60,201363,719.7632,0.0,31-03-2025
60,201304,43.9034,0.0,31-03-2025
60,205542,110.4538,0.0,31-03-2025
60,201545,269.2352,0.0,31-03-2025
60,202141,4015.7257,0.0,31-03-2025
60,201291,203.6665,0.0,31-03-2025
60,206624,91.1658,0.0,31-03-2025
60,200313,229.3121,0.0,31-03-2025
60,232843,13.7187,0.0,31-03-2025
60,201533,83.4651,0.0,31-03-2025
60,201683,156.644,0.0,31-03-2025
60,200911,55.2122,0.0,31-03-2025
60,201265,285.306,0.0,31-03-2025
60,201761,388.0647,0.0,31-03-2025
60,233698,15.4056,0.0,31-03-2025
60,233909,11.3853,0.0,31-03-2025
60,225345,17.921,0.0,31-03-2025
60,224113,44.7134,0.0,31-03-2025
60,205477,34.9268,0.0,31-03-2025
60,232052,17.4711,0.0,31-03-2025
60,232334,12.0838,0.0,31-03-2025
60,217678,178.5628,0.0,31-03-2025
60,208273,149.8461,0.0,31-03-2025
60,232061,15.2407,0.0,31-03-2025
60,233877,12.687,0.0,31-03-2025
60,207263,83.55,0.0,31-03-2025
60,234033,13.4476,0.0,31-03-2025
60,215614,78.8834,0.0,31-03-2025
60,213203,60.95,0.0,31-03-2025
60,202388,54.74,0.0,31-03-2025
60,201662,1234.9554,0.0,31-03-2025
60,201282,448.025,0.0,31-03-2025
60,231735,14.38,0.0,31-03-2025
60,202423,114.56,0.0,31-03-2025
60,201329,670.677,0.0,31-03-2025
60,201262,96.104,0.0,31-03-2025
60,201489,123.6,0.0,31-03-2025
60,232242,17.725,0.0,31-03-2025
60,231872,17.254,0.0,31-03-2025
60,232943,13.7459,0.0,31-03-2025
60,201889,40.6503,0.0,31-03-2025
60,225522,35.079,0.0,31-03-2025
60,219088,92.6243,0.0,31-03-2025
60,225573,89.848,0.0,31-03-2025
60,232952,19.52,0.0,31-03-2025
60,215720,22.0376,0.0,31-03-2025
555,55555,,,01-04-2025
555,55555,,,01-04-2024
50,100070,0.89,0.0,31-03-2024
50,102712,428.55,0.0,31-03-2024
50,104542,39.5,0.0,31-03-2024
50,100461,497.75,0.0,31-03-2024
50,105044,782.6,0.0,31-03-2024
50,105153,14.94,0.0,31-03-2024
60,213900,33.4843,0.0,31-03-2024
60,215306,58.7897,0.0,31-03-2024
60,214252,33.9307,0.0,31-03-2024
60,234227,10.2322,0.0,31-03-2024
60,213958,36.3862,0.0,31-03-2024
60,232442,15.58,0.0,31-03-2024
60,234074,10.463,0.0,31-03-2024
60,231285,36.776,0.0,31-03-2024
50,100719,8861.7,0.0,31-03-2025
60,214210,34.5101,0.0,31-03-2025
40,425751,4900.0,4900.0,31-03-2025
40,425757,5070.0,5070.0,31-03-2025
60,201584,1350.4877,0.0,31-03-2025
60,212061,36.2712,0.0,31-03-2025
95,387,,,31-03-2025
95,388,,,31-03-2025
95,389,,,31-03-2025
95,390,,,31-03-2025
95,416,,,31-03-2025
95,417,,,31-03-2025
95,418,,,31-03-2025
95,450,,,31-03-2025
95,451,,,31-03-2025
95,452,,,31-03-2025
95,600,,,31-03-2025
120,302,,,31-03-2025
140,750,,,31-03-2025
95,404,,,31-03-2025
95,405,,,31-03-2025
95,406,,,31-03-2025
95,407,,,31-03-2025
95,408,,,31-03-2025
95,414,,,31-03-2025
95,415,,,31-03-2025
95,419,,,31-03-2025
95,420,,,31-03-2025
95,421,,,31-03-2025
95,422,,,31-03-2025
95,423,,,31-03-2025
95,424,,,31-03-2025
95,440,,,31-03-2025
95,441,,,31-03-2025
95,447,,,31-03-2025
95,448,,,31-03-2025
95,449,,,31-03-2025
95,601,,,31-03-2025
115,454,,,31-03-2025
115,639,,,31-03-2025
120,393,,,31-03-2025
40,425751,4900.0,4900.0,31-03-2024
40,425757,5070.0,5070.0,31-03-2024
50,100719,11233.8,0.0,31-03-2024
60,214210,31.9276,0.0,31-03-2024
60,201584,1207.0645,0.0,31-03-2024
60,212061,36.2712,0.0,31-03-2024
30,1911400,,,31-03-2025
30,1927734,,,31-03-2025
50,104699,188.59,0.0,31-03-2025
50,100104,2876.0,0.0,31-03-2025
50,122169,97.6,0.0,31-03-2025
50,100879,16.85,0.0,31-03-2025
50,103391,2.19,0.0,31-03-2025
50,123549,,,31-03-2025
50,123550,,,31-03-2025
60,213291,4548.412,0.0,31-03-2023
60,232442,10.43,0.0,31-03-2023
60,213079,83.7163,0.0,31-03-2023
60,231285,21.379,0.0,31-03-2023
60,212667,49.9764,0.0,31-03-2023
50,122805,,,31-03-2023
50,101517,7.12,0.0,31-03-2023
60,227062,13.177,0.0,31-03-2023
50,100452,415.9,0.0,31-03-2023
50,101130,557.3,0.0,31-03-2025
555,55555,,,01-04-2023
50,104699,131.5,0.0,31-03-2024
50,100104,3296.45,0.0,31-03-2024
50,122169,72.42,0.0,31-03-2024
50,100879,62.4,0.0,31-03-2024
50,103391,2.19,0.0,31-03-2024
50,101130,334.0,0.0,31-03-2024
50,105055,3.9,0.0,31-03-2025
60,229252,18.74,0.0,31-03-2023
60,201333,1121.512,0.0,31-03-2023
60,201363,479.1874,0.0,31-03-2023
60,201304,37.3001,0.0,31-03-2023
60,201527,175.0276,0.0,31-03-2023
60,205542,76.9254,0.0,31-03-2023
60,201545,162.9039,0.0,31-03-2023
60,202141,3496.0787,0.0,31-03-2023
60,201291,127.4388,0.0,31-03-2023
60,206624,59.1637,0.0,31-03-2023
60,200313,138.0392,0.0,31-03-2023
60,232843,9.2873,0.0,31-03-2023
60,201533,53.9927,0.0,31-03-2023
60,201683,100.2079,0.0,31-03-2023
60,200911,39.3971,0.0,31-03-2023
60,201265,160.968,0.0,31-03-2023
60,201761,289.308,0.0,31-03-2023
60,225345,14.5784,0.0,31-03-2023
60,224113,31.373,0.0,31-03-2023
60,205477,21.8436,0.0,31-03-2023
60,232052,11.2408,0.0,31-03-2023
60,232334,10.6206,0.0,31-03-2023
60,217678,121.7144,0.0,31-03-2023
60,208273,90.923,0.0,31-03-2023
60,232061,10.265,0.0,31-03-2023
60,207263,50.58,0.0,31-03-2023
60,215614,49.4917,0.0,31-03-2023
60,213203,42.21,0.0,31-03-2023
60,202388,38.47,0.0,31-03-2023
60,201662,713.6825,0.0,31-03-2023
60,201282,285.722,0.0,31-03-2023
60,231735,11.54,0.0,31-03-2023
60,202423,75.13,0.0,31-03-2023
60,201329,434.523,0.0,31-03-2023
60,201262,62.184,0.0,31-03-2023
60,201489,79.15,0.0,31-03-2023
60,232242,10.6474,0.0,31-03-2023
60,231872,12.32,0.0,31-03-2023
60,232943,9.8515,0.0,31-03-2023
60,201889,35.5241,0.0,31-03-2023
60,225522,22.813,0.0,31-03-2023
60,219088,49.3921,0.0,31-03-2023
60,225573,50.946,0.0,31-03-2023
60,232952,10.39,0.0,31-03-2023
50,104652,355.65,0.0,31-03-2023
50,104370,626.85,0.0,31-03-2023
40,426039,10438.0,10438.0,31-03-2023
40,426647,10597.96,10597.96,31-03-2023
40,426676,10500.0,10500.0,31-03-2023
40,426977,10556.2,10556.2,31-03-2023
50,100225,44.29,0.0,31-03-2023
50,101618,276.9,0.0,31-03-2023
50,105468,6.05,0.0,31-03-2023
50,105216,979.95,0.0,31-03-2023
50,100027,395.75,0.0,31-03-2023
50,100379,110.95,0.0,31-03-2023
60,227774,1255.026,0.0,31-03-2023
60,221255,17.4502,0.0,31-03-2023
60,213985,88.2005,0.0,31-03-2023
50,100070,0.6,0.0,31-03-2023
50,102712,428.55,0.0,31-03-2023
50,104542,27.45,0.0,31-03-2023
50,100461,410.85,0.0,31-03-2023
50,105044,902.95,0.0,31-03-2023
50,105153,14.94,0.0,31-03-2023
60,201543,40.9235,0.0,31-03-2023
60,212062,124.542,0.0,31-03-2023
60,201539,29.9029,0.0,31-03-2023
60,201551,2083.2836,0.0,31-03-2023
60,207340,4.4845,0.0,31-03-2023
60,202408,797.482,0.0,31-03-2023
60,205483,23.004,0.0,31-03-2023
60,202406,595.168,0.0,31-03-2023
60,202288,81.6669,0.0,31-03-2023
60,213430,108.223,0.0,31-03-2023
60,213434,786.237,0.0,31-03-2023
60,202412,577.61,0.0,31-03-2023
60,202427,77.2085,0.0,31-03-2023
60,212879,133.4254,0.0,31-03-2023
60,213164,83.4407,0.0,31-03-2023
60,213485,48.4253,0.0,31-03-2023
60,207060,51.1409,0.0,31-03-2023
60,212942,95.11,0.0,31-03-2023
60,213218,261.31,0.0,31-03-2023
60,222307,19.3,0.0,31-03-2023
60,212824,84.474,0.0,31-03-2023
60,221250,88.728,0.0,31-03-2023
60,213037,73.0,0.0,31-03-2023
60,213377,34.2355,0.0,31-03-2023
60,214045,25.3013,0.0,31-03-2023
60,212790,83.3147,0.0,31-03-2023
60,212864,28.4118,0.0,31-03-2023
60,213327,363.0832,0.0,31-03-2023
60,212519,80.4679,0.0,31-03-2023
60,213900,30.9523,0.0,31-03-2023
60,215306,50.3537,0.0,31-03-2023
60,214252,31.3627,0.0,31-03-2023
60,213958,33.5483,0.0,31-03-2023
40,425751,4900.0,4900.0,31-03-2023
40,425757,5070.0,5070.0,31-03-2023
50,100719,8508.7,0.0,31-03-2023
50,105055,4.6,0.0,31-03-2024
60,214210,29.5012,0.0,31-03-2023
60,201584,820.7337,0.0,31-03-2023
60,212061,36.2712,0.0,31-03-2023
50,104699,30.8,0.0,31-03-2023
50,100104,1451.95,0.0,31-03-2023
50,122169,70.67,0.0,31-03-2023
50,100879,114.5,0.0,31-03-2023
50,103391,2.19,0.0,31-03-2023
50,101130,104.35,0.0,31-03-2023
50,105055,4.6,0.0,31-03-2023
75,466,129.0,0.0,11-12-2025
77,752,1860.0,0.0,11-12-2025
75,753,129.0,0.0,11-12-2025
77,754,1860.0,0.0,11-12-2025
75,466,132.0,0.0,19-12-2025
75,753,132.0,0.0,19-12-2025
77,752,1995.0,0.0,19-12-2025
77,754,1995.0,0.0,19-12-2025
75,466,137.0,0.0,23-12-2025
75,753,137.0,0.0,23-12-2025
77,752,2150.0,0.0,23-12-2025
77,754,2150.0,0.0,23-12-2025
75,466,140.0,0.0,26-12-2025
75,753,140.0,0.0,26-12-2025
77,752,2380.0,0.0,26-12-2025
77,754,2380.0,0.0,26-12-2025
77,752,2450.0,0.0,05-01-2026
77,754,2450.0,0.0,05-01-2026
75,466,136.0,0.0,07-01-2026
75,753,136.0,0.0,07-01-2026
75,466,140.0,0.0,13-01-2026
75,753,140.0,0.0,13-01-2026
77,752,2600.0,0.0,13-01-2026
77,754,2600.0,0.0,13-01-2026
77,752,3100.0,0.0,21-01-2026
77,754,3100.0,0.0,21-01-2026
77,752,3250.0,0.0,24-01-2026
77,754,3250.0,0.0,24-01-2026
75,466,155.0,0.0,24-01-2026
75,753,155.0,0.0,24-01-2026
75,466,162.0,0.0,04-02-2026
75,753,162.0,0.0,04-02-2026
77,752,2900.0,0.0,04-02-2026
77,754,2900.0,0.0,04-02-2026
75,466,155.0,0.0,05-02-2026
75,753,155.0,0.0,05-02-2026
77,752,2600.0,0.0,05-02-2026
77,754,2600.0,0.0,05-02-2026
75,466,159.0,0.0,23-02-2026
75,753,159.0,0.0,23-02-2026
77,752,2650.0,0.0,23-02-2026
77,754,2650.0,0.0,23-02-2026
77,752,2600.0,0.0,15-03-2026
77,754,2600.0,0.0,15-03-2026
75,466,160.0,0.0,17-03-2026
75,753,160.0,0.0,17-03-2026
66,755,300.0,0.0,23-03-2026
75,466,152.0,0.0,04-04-2026
75,753,152.0,0.0,04-04-2026
77,752,2400.0,0.0,04-04-2026
77,754,2400.0,0.0,04-04-2026
75,466,153.0,0.0,20-04-2026
75,753,153.0,0.0,20-04-2026
77,752,2540.0,0.0,20-04-2026
77,754,2540.0,0.0,20-04-2026
77,752,2820.0,0.0,13-05-2026
77,754,2820.0,0.0,13-05-2026
77,752,2600.0,0.0,15-05-2026
77,754,2600.0,0.0,15-05-2026
