CNID,PFID,ATY,BRKRID,CNNUM,BILLNUM,SERVTAX,STMPCHRGS,TRANCHRG,STT,OTHCHRG,AMTDUE,DT,ISDUE,ISSPEC,CSTR
1,1,50,1,I22099/48432,,3.44,2.86,0.93,29.0,0.03,17305.74,2014-09-05 00:00:00,,,
2,1,50,1,I22099/254940,,5.9,8.7,2.83,87.0,0.09,87143.52,2015-02-09 00:00:00,,,
3,1,50,1,I22099/60929,,4.74,7.35,2.39,74.0,0.07,73383.05,2014-09-15 00:00:00,,,
4,1,50,1,NSE/NN4126/64555,NN4126,1.2,0.0,0.75,23.0,2.32,22973.73,2014-07-04 00:00:00,,,
5,1,50,1,NSE/NN4105/40978,NN4105,1.14,0.0,0.21,6.0,0.65,6417.0,2014-06-05 00:00:00,,,
6,1,50,1,NSE/NN4107/43686,NN4107,2.37,0.0,1.18,36.0,3.66,36259.46,2014-06-09 00:00:00,,,
7,1,50,1,NSE/NW4129/68008,NW4129,1.15,0.0,0.36,11.0,1.11,11022.62,2014-07-09 00:00:00,,,
8,1,50,1,NSE/NN4108/44988,NN4108,5.82,0.0,2.16,66.0,6.72,26621.2,2014-06-10 00:00:00,,,
9,1,50,1,NSE/NN4133/71889,NN4133,1.19,0.0,0.64,20.0,1.98,19632.81,2014-07-15 00:00:00,,,
10,1,50,1,NSE/NN4114/51898,NN4114,4.63,0.0,1.56,48.0,4.86,48162.55,2014-06-18 00:00:00,,,
11,1,50,1,NSE/NN4074/9975,NN4074,2.31,0.0,0.73,22.0,2.27,22525.31,2014-04-21 00:00:00,,,
12,1,50,1,NSE/NN4096/30818,NN4096,1.14,0.0,0.26,8.0,0.81,7969.21,2014-05-23 00:00:00,,,
13,1,50,1,NSE/NN4097/32217,NN4097,5.81,0.0,2.07,51.0,5.31,49520.74,2014-05-26 00:00:00,,1,
14,1,50,1,NSE/NN4098/33288,NN4098,1.17,0.0,0.45,14.0,1.39,13753.99,2014-05-27 00:00:00,,,
15,1,50,1,BSE/BO5078/5702,BO5078,1.22,2.49,0.87,25.0,0.02,24908.6,2014-07-21 00:00:00,,,
16,1,50,1,BSE/BO5080/5850,BO5080,1.21,2.28,0.8,23.0,0.02,22786.31,2014-07-23 00:00:00,,,
17,1,50,1,I22099/310138,,1.14,0.66,0.22,7.0,0.01,6634.08,2015-03-19 00:00:00,,,
18,1,50,1,I22099/314012,,1.15,1.08,0.35,11.0,0.01,10820.09,2015-03-23 00:00:00,,,
19,1,50,1,I22099/319428,,1.13,0.6,0.2,6.0,0.01,5996.76,2015-03-26 00:00:00,,,
20,1,50,1,I22099/377262,,0.0,0.0,0.0,91.0,0.0,90674.12,2015-05-13 00:00:00,,,
21,1,50,1,I22099/491936,,0.0,0.0,0.0,11.0,0.0,11227.18,2015-08-07 00:00:00,,,
22,1,50,1,I22099/493710,,0.0,0.0,0.0,10.0,0.0,10438.03,2015-08-10 00:00:00,,,
23,1,50,1,I22099/516047,,0.0,0.0,0.0,21.0,0.0,20968.34,2015-08-25 00:00:00,,,
24,1,50,1,I22099/587325,,0.0,0.0,0.0,15.0,0.0,15252.36,2015-10-23 00:00:00,,,
25,1,50,1,I22099/601013,,0.0,0.0,0.0,30.0,0.0,29955.59,2015-11-04 00:00:00,,,
26,1,50,1,I22099/605707,,0.0,0.0,0.0,66.0,0.0,65774.38,2015-11-09 00:00:00,,,
27,1,50,1,I22099/631229,,0.0,0.0,0.0,18.0,0.0,18846.23,2015-12-03 00:00:00,,,
28,1,50,1,I22099/635825,,0.0,0.0,0.0,21.0,0.0,21234.24,2015-12-08 00:00:00,,,
29,1,50,1,I22099/637399,,0.0,0.0,0.0,24.0,0.0,20581.16,2015-12-09 00:00:00,,1,
30,1,50,1,I22099/640473,,0.0,0.0,0.0,13.0,0.0,12929.2,2015-12-11 00:00:00,,,
31,1,50,1,I22099/644904,,0.0,0.0,0.0,48.0,0.0,48295.11,2015-12-16 00:00:00,,,
32,1,50,1,I22099/651339,,0.0,0.0,0.0,22.0,0.0,21685.3,2015-12-22 00:00:00,,,
33,1,50,1,I22099/659142,,0.0,0.0,0.0,21.0,0.0,20974.2,2015-12-30 00:00:00,,,
34,1,50,1,I22099/660701,,0.0,0.0,0.0,5.0,0.0,4571.55,2015-12-31 00:00:00,,,
35,1,50,1,I22099/662513,,0.0,0.0,0.0,51.0,0.0,3138.48,2016-01-01 00:00:00,,,
36,1,50,1,I22099/664073,,0.0,0.0,0.0,56.0,0.0,1517.31,2016-01-04 00:00:00,,,
37,1,50,1,I22099/672843,,0.0,0.0,0.0,35.0,0.0,35145.02,2016-01-11 00:00:00,,,
38,1,50,1,I22099/669485,,0.0,0.0,0.0,63.0,0.0,62975.47,2016-01-07 00:00:00,,,
39,1,50,1,I22099/674469,,0.0,0.0,0.0,5.0,0.0,4830.97,2016-01-12 00:00:00,,,
40,1,50,1,I22099/751875,,0.0,0.0,0.0,17.0,0.0,16772.05,2016-03-22 00:00:00,,,
41,1,50,1,I22099/754921,,0.0,0.0,0.0,21.0,0.0,21175.76,2016-03-28 00:00:00,,,
42,1,50,1,I22099/854206,,0.0,0.0,0.0,34.0,0.0,34175.3,2016-06-24 00:00:00,,,
43,1,50,1,I22099/917056,,0.0,0.0,0.0,6.0,0.0,5932.41,2016-08-17 00:00:00,,,
44,1,50,1,I22099/918588,,0.0,0.0,0.0,13.0,0.0,12488.8,2016-08-18 00:00:00,,,
45,1,50,1,I22099/925018,,0.0,0.0,0.0,20.0,0.0,5953.47,2016-08-24 00:00:00,,,
46,1,50,1,I22099/938175,,0.0,0.0,0.0,7.0,0.0,6611.38,2016-09-06 00:00:00,,,
47,1,40,1,I22099/1087822,,0.0,0.0,0.0,0.0,0.0,122180.71,2017-01-23 00:00:00,,,
48,1,40,1,I22099/1091001,,0.0,0.0,0.0,0.0,0.0,165317.79,2017-01-25 00:00:00,,,
49,1,50,1,,,0.0,0.0,0.0,0.0,0.0,200000.0,2017-01-31 00:00:00,,,
50,1,50,1,I22099/1114809,,0.0,0.0,0.0,45.0,0.0,45126.48,2017-02-15 00:00:00,,,
51,1,50,1,I22099/1116496,,0.0,0.0,0.0,26.0,0.0,26440.39,2017-02-16 00:00:00,,,
52,1,50,1,I22099/1118153,,0.0,0.0,0.0,40.0,0.0,39478.28,2017-02-17 00:00:00,,,
53,1,50,1,I22099/1126854,,0.0,0.0,0.0,6.0,0.0,5982.59,2017-02-27 00:00:00,,,
54,1,50,1,I22099/1137709,,0.0,0.0,0.0,6.0,0.0,5873.34,2017-03-08 00:00:00,,,
55,1,50,1,I22099/1139217,,0.0,0.0,0.0,12.0,0.0,11894.92,2017-03-09 00:00:00,,,
56,1,50,1,,,0.0,0.0,0.0,0.0,0.0,14985.0,2017-03-15 00:00:00,,,
57,1,50,1,,,0.0,0.0,0.0,0.0,0.0,147757.75,2017-03-28 00:00:00,,,
58,1,50,1,I22099/7625,,0.0,0.0,0.0,0.0,0.0,14507.07,2017-04-10 00:00:00,,,
59,1,50,1,I22099/9338,,0.0,0.0,0.0,0.0,0.0,168279.26,2017-04-11 00:00:00,,,
60,1,50,1,I22099/19941,,0.0,0.0,0.0,0.0,0.0,17248.82,2017-04-20 00:00:00,,,
61,1,50,1,I22099/21738,,0.0,0.0,0.0,0.0,0.0,5648.42,2017-04-21 00:00:00,,,
62,1,50,1,I22099/23534,,0.0,0.0,0.0,0.0,0.0,25295.65,2017-04-24 00:00:00,,,
63,1,50,1,I22099/31065,,0.0,0.0,0.0,0.0,0.0,10172.24,2017-04-28 00:00:00,,,
64,1,50,1,I22099/47739,,0.0,0.0,0.0,0.0,0.0,67005.8,2017-05-15 00:00:00,,,
65,1,50,1,I22099/68746,,0.0,0.0,0.0,0.0,0.0,21958.44,2017-05-31 00:00:00,,,
66,1,50,1,I22099/101933,,0.0,0.0,0.0,0.0,0.0,25569.64,2017-06-30 00:00:00,,,
67,1,50,1,,,0.0,0.0,0.0,0.0,0.0,14900.0,2017-06-29 00:00:00,,,
68,1,50,1,I22099/153151   07/AUG2017/13761,,0.0,0.0,0.0,0.0,0.0,16358.47,2017-08-11 00:00:00,,,
69,1,50,1,,,0.0,0.0,0.0,0.0,0.0,250000.0,2017-07-18 00:00:00,,,
70,1,50,1,I22099/201637   07/SEP2017/27522,,0.0,0.0,0.0,0.0,0.0,61485.53,2017-09-25 00:00:00,,,
71,1,50,1,,,0.0,0.0,0.0,0.0,0.0,14542.0,2017-09-28 00:00:00,,,
72,1,50,1,I22099/222680   07/OCT2017/13256,,0.0,0.0,0.0,0.0,0.0,9178.49,2017-10-13 00:00:00,,,
73,1,50,1,I22099/232181   07/OCT2017/22757,,0.0,0.0,0.0,0.0,0.0,8636.97,2017-10-24 00:00:00,,,
74,1,50,1,I22099/234264   07/OCT2017/24840,,0.0,0.0,0.0,0.0,0.0,18467.63,2017-10-25 00:00:00,,,
75,1,50,1,I22099/249632   07/NOV2017/6235,,0.0,0.0,0.0,0.0,0.0,17330.31,2017-11-06 00:00:00,,,
76,1,50,1,I22099/251601   07/NOV2017/8204,,0.0,0.0,0.0,0.0,0.0,67042.94,2017-11-07 00:00:00,,,
77,1,50,1,,,0.0,0.0,0.0,0.0,0.0,14850.0,2017-10-08 00:00:00,,,
78,1,50,1,I22099/253558   07/NOV2017/10161,,0.0,0.0,0.0,0.0,0.0,37959.67,2017-11-08 00:00:00,,,
79,1,50,1,I22099/255360   07/NOV2017/11963,,0.0,0.0,0.0,0.0,0.0,29038.79,2017-11-09 00:00:00,,,
80,1,50,1,I22099/257189   07/NOV2017/13792,,0.0,0.0,0.0,0.0,0.0,14872.38,2017-11-10 00:00:00,,,
81,1,50,1,I22099/259004   07/NOV2017/15607,,0.0,0.0,0.0,0.0,0.0,30864.35,2017-11-13 00:00:00,,,
82,1,50,1,I22099/260685   07/NOV2017/17288,,0.0,0.0,0.0,0.0,0.0,2452.46,2017-11-14 00:00:00,,,
83,1,50,1,I22099/262394   07/NOV2017/18997,,0.0,0.0,0.0,0.0,0.0,45317.42,2017-11-15 00:00:00,,,
84,1,50,1,I22099/268042   07/NOV2017/24645,,0.0,0.0,0.0,0.0,0.0,6221.87,2017-11-20 00:00:00,,,
85,1,50,1,I22099/269750   07/NOV2017/26353,,0.0,0.0,0.0,0.0,0.0,4201.54,2017-11-21 00:00:00,,,
86,1,50,1,I22099/276798   07/NOV2017/33401,,0.0,0.0,0.0,0.0,0.0,5999.1,2017-11-27 00:00:00,,,
87,1,50,1,,,0.0,0.0,0.0,0.0,0.0,54000.0,2017-10-18 00:00:00,,,
88,1,50,1,I22099/288935   07/DEC2017/5143,,0.0,0.0,0.0,0.0,0.0,8080.57,2017-12-06 00:00:00,,,
89,1,50,1,I22099/293795   07/DEC2017/10003,,0.0,0.0,0.0,0.0,0.0,34711.64,2017-12-11 00:00:00,,,
90,1,50,1,I22099/300243   07/DEC2017/16451,,0.0,0.0,0.0,0.0,0.0,11672.59,2017-12-15 00:00:00,,,
91,1,50,1,,,0.0,0.0,0.0,0.0,0.0,500.0,1995-12-18 00:00:00,,,
92,1,50,1,I22099/302019   07/DEC2017/18227,,0.0,0.0,0.0,0.0,0.0,101772.27,2017-12-18 00:00:00,,,
93,1,50,1,I22099/307710   07/DEC2017/23918,,0.0,0.0,0.0,0.0,0.0,62161.63,2017-12-21 00:00:00,,,
94,1,50,1,I22099/338916   07/JAN2018/20112,,0.0,0.0,0.0,0.0,0.0,15604.63,2018-01-15 00:00:00,,,
95,1,50,1,I22099/350200   07/JAN2018/31332,,0.0,0.0,0.0,0.0,0.0,28209.06,2018-01-23 00:00:00,,,
96,1,50,1,I22099/368169   07/FEB2018/7953,,0.0,0.0,0.0,0.0,0.0,2390.98,2018-02-07 00:00:00,,,
97,1,50,1,I22099/366324   07/FEB2018/6108,,0.0,0.0,0.0,0.0,0.0,44881.36,2018-02-06 00:00:00,,,
98,1,50,1,I22099/364537   07/FEB2018/4321,,0.0,0.0,0.0,0.0,0.0,53746.53,2018-02-05 00:00:00,,,
99,1,50,1,I22099/369980   07/FEB2018/9764,,0.0,0.0,0.0,0.0,0.0,25433.77,2018-02-08 00:00:00,,,
100,1,50,1,I22099/373605   07/FEB2018/13389,,0.0,0.0,0.0,0.0,0.0,23013.67,2018-02-12 00:00:00,,,
101,1,50,1,I22099/382271   07/FEB2018/22055,,0.0,0.0,0.0,0.0,0.0,31964.15,2018-02-20 00:00:00,,,
102,1,40,1,I22099/410038   07/MAR2018/17184,,0.0,0.0,0.0,0.0,0.0,20760.45,2018-03-19 00:00:00,,,
103,1,40,1,I22099/411485   07/MAR2018/18631,,0.0,0.0,0.0,0.0,0.0,11353.08,2018-03-20 00:00:00,,,
104,1,50,1,I22099/421030   07/MAR2018/28176,,0.0,0.0,0.0,0.0,0.0,25938.78,2018-03-28 00:00:00,,,
105,1,50,1,ipo,,0.0,0.0,0.0,0.0,0.0,13872.0,2017-10-24 00:00:00,,,
106,1,50,1,I22099/31630   07/APR2018/31630,,0.0,0.0,0.0,112.0,0.0,112110.11,2018-04-30 00:00:00,,,
107,1,50,1,I22099/36186   07/MAY2018/3609,,0.0,0.0,0.0,70.0,0.0,69950.43,2018-05-04 00:00:00,,,
108,1,50,1,I22099/37638   07/MAY2018/5061,,0.0,0.0,0.0,330.0,0.0,221741.45,2018-05-07 00:00:00,,,
109,1,50,1,I22099/39146   07/MAY2018/6569,,0.0,0.0,0.0,0.0,0.0,66416.3,2018-05-08 00:00:00,,,
110,1,50,1,I22099/43745   07/MAY2018/11168,,0.0,0.0,0.0,9.0,0.0,9209.01,2018-05-11 00:00:00,,,
111,1,40,1,I22099/46660   07/MAY2018/14083,,0.0,0.0,0.0,0.0,0.0,85703.07,2018-05-15 00:00:00,,,
112,1,50,1,I22099/68196   27/JUN2018/387,,0.0,0.0,0.0,84.0,0.0,83812.98,2018-06-04 00:00:00,,,
113,1,50,1,I22099/69604   27/JUN2018/731,,0.0,0.0,0.0,75.0,0.0,75033.35,2018-06-05 00:00:00,,,
114,1,40,2,337343,,0.0,0.0,0.0,0.0,0.0,10857.53,2018-06-21 00:00:00,,,
115,1,40,2,348045,,0.0,0.0,0.0,0.0,0.0,86941.16,2018-06-25 00:00:00,,,
116,1,40,2,353558,,0.0,0.0,0.0,0.0,0.0,97663.68,2018-06-26 00:00:00,,,
117,1,40,2,75179,,0.0,0.0,0.0,0.0,0.0,98013.1,2018-06-29 00:00:00,,,
118,1,40,2,77333,,0.0,0.0,0.0,0.0,0.0,105660.41,2018-07-03 00:00:00,,,
119,1,50,4,,ncd issue,0.0,0.0,0.0,0.0,0.0,200000.0,2018-07-18 00:00:00,,,
120,1,40,1,I22099/117363   27/JUL2018/4536,,0.0,0.0,0.0,0.0,0.0,152357.23,2018-07-20 00:00:00,,,
121,1,40,2,464874,,0.0,0.0,0.0,0.0,0.0,196060.74,2018-07-23 00:00:00,,,
122,1,40,2,92514,,0.0,0.0,0.0,0.0,0.0,125141.77,2018-07-24 00:00:00,,,
123,1,40,1,I22099/121810   27/JUL2018/5534,,0.0,0.0,0.0,0.0,0.0,43618.61,2018-07-25 00:00:00,,,
124,1,40,2,895258,,0.0,0.0,0.0,0.0,0.0,79011.06,2018-10-15 00:00:00,,,
125,1,50,4,redeem,,0.0,0.0,0.0,0.0,0.0,34000.0,2018-11-01 00:00:00,,,
126,1,50,4,rights,,0.0,0.0,0.0,0.0,0.0,25000.0,2018-06-07 00:00:00,,,
127,1,50,4,rights,,0.0,0.0,0.0,0.0,0.0,4170.0,2018-06-07 00:00:00,,,
128,1,50,4,redemption,,0.0,0.0,0.0,0.0,0.0,82351.0,2019-03-05 00:00:00,,,
129,1,50,1,I22099/355870   27/MAR2019/3526,,0.0,0.0,0.0,0.0,0.0,27465.29,2019-03-19 00:00:00,,,
130,1,50,1,I22099/357340   27/MAR2019/3840,,0.0,0.0,0.0,0.0,0.0,26395.32,2019-03-20 00:00:00,,,
131,1,50,1,I22099/358769   27/MAR2019/4169,,0.0,0.0,0.0,1.0,0.0,136073.97,2019-03-22 00:00:00,,,
134,1,50,1,I22099/14333   27/APR2019/3082,,0.0,0.0,0.0,17.0,0.0,16973.7,2019-04-15 00:00:00,,,
136,2,50,1,BSE/BO4234/9706,BO4234,1.43,7.44,2.6,74.0,0.07,74295.46,2014-03-04 00:00:00,,,
137,2,50,1,BSE/BR4026/1050,BR4026,2.26,0.82,0.29,8.0,0.01,8145.62,2013-05-07 00:00:00,,,
138,2,50,1,BSE/BR4027/1089,BR4027,1.13,0.39,0.14,4.0,0.0,3952.16,2013-05-08 00:00:00,,,
139,2,50,1,BSE/BR4015/597,BR4015,1.14,0.8,0.28,8.0,0.01,8005.77,2013-04-17 00:00:00,,,
140,2,50,1,BSE/BR4035/1385,BR4035,1.13,0.37,0.13,4.0,0.0,3664.63,2013-05-17 00:00:00,,,
141,2,50,1,BSE/BR3132/5376,BR3132,2.29,1.61,0.56,16.0,0.02,16178.48,2012-10-05 00:00:00,,,
142,2,50,1,BSE/BR3133/5435,BR3133,1.14,0.69,0.24,7.0,0.01,6918.08,2012-10-08 00:00:00,,,
146,2,50,1,,NN3062,3.53,5.02,1.63,50.0,0.05,50111.02,2013-03-28 00:00:00,,,
147,2,50,1,,NN3061,4.9,11.4,3.7,114.0,0.11,113804.89,2013-03-26 00:00:00,,,
148,2,50,1,,NN3060,1.14,0.67,0.22,7.0,0.01,6708.04,2013-03-25 00:00:00,,,
149,2,50,1,,NN3057,1.18,1.67,0.54,17.0,0.02,16749.41,2013-03-20 00:00:00,,,
150,2,50,1,,NN3056,5.91,7.34,2.88,72.0,0.09,69716.92,2013-03-19 00:00:00,,1,
152,2,50,1,,NN3054,3.46,3.2,1.04,32.0,0.03,22221.73,2013-03-15 00:00:00,,,
153,2,50,1,,NN3053,2.37,3.85,1.25,39.0,0.04,28966.74,2013-03-14 00:00:00,,,
154,2,50,1,,NN3052,1.13,0.4,0.13,4.0,0.0,3982.16,2013-03-13 00:00:00,,,
155,2,50,1,,NN3050,1.13,0.41,0.13,4.0,0.0,4102.67,2013-03-11 00:00:00,,,
156,2,50,1,,NN3049,3.43,1.71,0.8,16.0,0.02,15148.04,2013-03-08 00:00:00,,1,
157,2,50,1,,NN3048,4.84,7.52,3.24,73.0,0.1,38487.8,2013-03-07 00:00:00,,1,
158,2,50,1,,NN3046,2.46,5.9,1.92,59.0,0.06,58945.41,2013-03-05 00:00:00,,,
159,2,50,1,,NN3044,4.77,1.67,2.71,10.0,0.08,184.73,2013-03-01 00:00:00,,1,
160,2,50,1,,NN3043,9.52,6.46,5.09,56.0,0.16,42770.87,2013-02-28 00:00:00,,1,
161,2,50,1,,NN3042,1.21,2.51,0.82,25.0,0.03,25163.57,2013-02-27 00:00:00,,,
162,2,50,1,,NN3041,6.87,2.5,1.63,23.0,0.05,18977.55,2013-02-26 00:00:00,,1,
163,2,50,1,,NN3040,2.35,0.67,1.09,4.0,0.03,22.89,2013-02-25 00:00:00,,1,
164,2,50,1,,NN3039,2.31,2.24,0.73,22.0,0.02,9068.3,2013-02-22 00:00:00,,,
165,2,50,1,,NN3038,4.68,4.96,1.93,49.0,0.06,19166.22,2013-02-21 00:00:00,,1,
166,2,50,1,,NN3036,3.65,8.07,2.62,81.0,0.08,80565.33,2013-02-19 00:00:00,,,
167,2,50,1,,NN3033,1.18,1.83,0.59,18.0,0.02,18307.62,2013-02-14 00:00:00,,,
168,2,50,1,,NN3032,2.27,1.25,0.41,12.0,0.01,12503.94,2013-02-13 00:00:00,,,
169,2,50,1,,NN3027,1.16,1.27,0.41,13.0,0.01,12709.85,2013-02-06 00:00:00,,,
170,2,50,1,,NN3026,1.16,1.12,0.36,11.0,0.01,11237.6,2013-02-05 00:00:00,,,
171,2,50,1,,NN3024,8.31,2.66,4.33,17.0,0.13,389.57,2013-02-01 00:00:00,,1,
172,2,50,1,,NN3023,2.41,0.94,1.52,6.0,0.05,406.08,2013-01-31 00:00:00,,1,
173,2,50,1,,NN3022,1.16,1.16,0.38,12.0,0.01,11526.29,2013-01-30 00:00:00,,,
174,2,50,1,,NN3021,1.14,0.65,0.21,6.0,0.01,6467.01,2013-01-29 00:00:00,,,
177,2,50,1,,NN3017,2.35,3.13,1.02,31.0,0.03,31336.78,2013-01-23 00:00:00,,,
178,2,50,1,,NN3015,4.95,12.68,4.12,127.0,0.13,126952.33,2013-01-21 00:00:00,,,
179,2,50,1,,NN3012,6.07,3.59,4.16,27.0,0.13,14274.05,2013-01-16 00:00:00,,1,
180,2,50,1,,NN3011,3.5,4.18,1.36,42.0,0.04,14015.42,2013-01-15 00:00:00,,,
181,2,50,1,,NN3010,1.16,1.36,0.44,14.0,0.01,13641.97,2013-01-14 00:00:00,,,
182,2,50,1,,NN3009,3.47,3.4,1.1,34.0,0.03,6879.0,2013-01-11 00:00:00,,,
183,2,50,1,,NN3008,4.55,1.67,0.9,16.0,0.03,14010.85,2013-01-10 00:00:00,,1,
184,2,50,1,,NN3007,2.36,3.57,1.16,36.0,0.04,35756.13,2013-01-09 00:00:00,,,
185,2,50,1,,NN3006,3.58,6.12,1.99,61.0,0.06,61312.25,2013-01-08 00:00:00,,,
186,2,50,1,,NN3004,2.36,3.51,1.14,35.0,0.04,35195.05,2013-01-04 00:00:00,,,
187,2,50,1,,NN3002,1.2,2.18,0.71,22.0,0.02,21744.89,2013-01-02 00:00:00,,,
188,2,50,1,,NN2243,1.12,0.13,0.04,1.0,0.0,1281.29,2012-12-24 00:00:00,,,
189,2,50,1,,NN2242,2.37,3.67,1.19,37.0,0.04,36787.27,2012-12-21 00:00:00,,,
190,2,50,1,,NN2241,1.3,4.74,1.54,47.0,0.05,47438.63,2012-12-20 00:00:00,,,
191,2,50,1,,NN2239,1.16,1.31,0.42,13.0,0.01,13074.9,2012-12-18 00:00:00,,,
192,2,50,1,,NN2237,1.17,1.42,0.46,14.0,0.01,14176.06,2012-12-14 00:00:00,,,
193,2,50,1,,NN2236,1.16,1.19,0.39,12.0,0.01,11923.75,2012-12-13 00:00:00,,,
194,2,50,1,,NN2235,1.16,1.34,0.44,13.0,0.01,13400.05,2012-12-12 00:00:00,,,
195,2,50,1,,NN2234,2.33,2.62,0.85,26.0,0.03,26239.83,2012-12-11 00:00:00,,,
196,2,50,1,,NN2227,2.53,7.74,2.51,77.0,0.08,77242.14,2012-11-30 00:00:00,,,
197,2,50,1,,NN2217,3.56,2.63,1.84,24.0,0.06,19144.09,2012-11-15 00:00:00,,1,
198,2,50,1,,NN2213,1.16,1.23,0.4,12.0,0.01,12323.8,2012-11-08 00:00:00,,,
199,2,50,1,,NN2209,1.35,5.93,1.93,59.0,0.06,59327.27,2012-11-02 00:00:00,,,
202,2,50,1,,NN2205,2.35,0.63,1.03,4.0,0.03,573.96,2012-10-29 00:00:00,,1,
205,2,50,1,,NN2200,2.38,3.9,1.27,39.0,0.04,39059.59,2012-10-19 00:00:00,,,
206,2,50,1,,NN2197,1.16,1.24,0.4,12.0,0.01,12413.81,2012-10-16 00:00:00,,,
207,2,50,1,,NN2196,1.16,1.34,0.43,13.0,0.01,13374.94,2012-10-15 00:00:00,,,
208,2,50,1,,NN2189,1.18,1.82,0.59,18.0,0.02,18169.39,2012-10-04 00:00:00,,,
209,2,50,1,,NN2188,1.18,1.86,0.6,19.0,0.02,18621.66,2012-10-03 00:00:00,,,
217,2,50,1,,NN3160,1.12,0.36,0.12,4.0,0.0,3602.1,2013-08-21 00:00:00,,,
221,2,50,1,,NN3147,2.27,1.18,0.38,12.0,0.01,11788.84,2013-07-31 00:00:00,,,
222,2,50,1,,NN3146,1.12,0.27,0.09,3.0,0.0,2745.98,2013-07-30 00:00:00,,,
224,2,50,1,,NN3117,1.13,0.39,0.13,4.0,0.0,3885.6,2013-06-19 00:00:00,,,
226,2,50,1,,NN3100,1.12,0.36,0.12,4.0,0.0,3614.6,2013-05-27 00:00:00,,,
227,2,50,1,,NN3098,6.86,4.95,1.61,50.0,0.05,23104.13,2013-05-23 00:00:00,,,
228,2,50,1,,NN3097,2.27,1.34,0.43,13.0,0.01,13329.95,2013-05-22 00:00:00,,,
229,2,50,1,,NN3094,1.17,1.62,0.53,0.0,0.02,16142.51,2013-05-17 00:00:00,,,
230,2,50,1,,NN3092,1.26,3.77,1.23,0.0,0.04,37709.8,2013-05-15 00:00:00,,,
231,2,50,1,,NN3088,1.14,0.77,0.25,8.0,0.01,7640.83,2013-05-09 00:00:00,,,
232,2,50,1,,NN3083,3.44,2.69,0.87,27.0,0.03,26791.97,2013-05-02 00:00:00,,,
233,2,50,1,,NN3076,2.43,5.3,1.72,0.0,0.05,52977.5,2013-04-18 00:00:00,,,
234,2,50,1,,NN3075,1.14,0.76,0.25,8.0,0.01,7569.16,2013-04-17 00:00:00,,,
235,2,50,1,,NN3063,4.64,2.57,1.61,23.0,0.05,19081.62,2013-04-01 00:00:00,,1,
236,2,50,1,,NN3073,1.14,0.77,0.25,8.0,0.01,7669.17,2013-04-15 00:00:00,,,
238,2,50,1,,NN3071,2.26,1.08,0.35,11.0,0.01,10821.5,2013-04-11 00:00:00,,,
239,2,50,1,,NN3070,3.54,5.32,1.73,53.0,0.05,38989.36,2013-04-10 00:00:00,,,
240,2,50,1,,NN3069,1.26,3.77,1.22,38.0,0.04,37708.29,2013-04-09 00:00:00,,,
241,2,50,1,,NN3068,1.27,3.91,1.27,39.0,0.04,39045.51,2013-04-08 00:00:00,,,
243,2,50,1,,NN3066,7.12,5.16,3.76,46.0,0.12,22288.84,2013-04-04 00:00:00,,1,
244,2,50,1,,NN3065,2.28,1.45,0.47,14.0,0.01,542.54,2013-04-03 00:00:00,,,
245,2,50,1,,NN3064,2.29,1.79,0.58,18.0,0.02,17846.82,2013-04-02 00:00:00,,,
246,2,50,1,I2301/40173,,2.29,1.71,0.56,17.0,0.02,17095.42,2014-09-01 00:00:00,,,
247,2,50,1,I2301/246678,,3.45,2.93,0.95,29.0,0.03,29385.86,2015-02-03 00:00:00,,,
248,2,50,1,I2301/294529,,1.25,3.53,1.15,35.0,0.04,35329.97,2015-03-09 00:00:00,,,
249,2,50,1,I2301/60962,,5.96,10.11,3.29,101.0,0.1,100972.29,2014-09-15 00:00:00,,,
250,2,50,1,I2301/21184,,2.41,4.84,1.57,48.0,0.05,48503.62,2014-08-18 00:00:00,,,
251,2,50,1,I2301/184291,,7.18,2.6,4.22,16.0,0.13,648.37,2014-12-18 00:00:00,,1,
252,2,50,1,I2301/224691,,5.03,14.43,4.69,144.0,0.14,144516.79,2015-01-19 00:00:00,,,
253,2,50,1,I2301/141764,,1.28,4.15,1.35,41.0,0.04,41418.18,2014-11-19 00:00:00,,,
254,2,50,1,I2301/186285,,9.76,4.38,7.11,27.0,0.22,53.97,2014-12-19 00:00:00,,1,
255,2,50,1,I2301/188201,,2.57,1.76,2.85,11.0,0.09,93.73,2014-12-22 00:00:00,,1,
256,2,50,1,I2301/194274,,1.15,0.95,0.31,9.0,0.01,9472.92,2014-12-26 00:00:00,,,
257,2,50,1,I2301/242452,,2.46,5.94,1.93,59.0,0.06,59437.39,2015-01-30 00:00:00,,,
258,2,50,1,NSE/NN4055/156468,NN4055,1.25,0.0,1.17,36.0,3.63,35966.3,2014-03-20 00:00:00,,,
259,2,50,1,NSE/NN4062/161946,NN4062,4.7,0.0,2.08,64.0,6.47,18353.25,2014-03-31 00:00:00,,,
260,2,50,1,NSE/NN4061/161114,NN4061,1.15,0.0,0.35,11.0,1.08,10704.58,2014-03-28 00:00:00,,,
261,2,50,1,NSE/NN4060/160272,NN4060,5.97,0.0,3.4,105.0,10.57,38735.06,2014-03-27 00:00:00,,,
262,2,50,1,NSE/NN4058/158709,NN4058,1.29,0.0,1.43,44.0,4.44,44065.16,2014-03-25 00:00:00,,,
263,2,50,1,NSE/NN4056/157152,NN4056,1.19,0.0,0.61,19.0,1.89,18699.69,2014-03-21 00:00:00,,,
264,2,50,1,NSE/NN4054/155807,NN4054,3.58,0.0,2.06,63.0,6.39,63359.53,2014-03-19 00:00:00,,,
266,2,50,1,NSE/NN4081/15597,NN4081,1.13,0.0,0.15,5.0,0.45,4484.27,2014-05-02 00:00:00,,,
267,2,50,1,NSE/NN4065/2456,NN4065,2.4,0.0,1.43,44.0,4.43,43972.76,2014-04-03 00:00:00,,,
268,2,50,1,NSE/NN4104/39807,NN4104,3.62,0.0,2.38,73.0,7.41,19580.91,2014-06-04 00:00:00,,,
269,2,50,1,NSE/NN4098/33347,NN4098,2.45,0.0,1.84,57.0,5.73,56618.78,2014-05-27 00:00:00,,,
270,2,50,1,NSE/NN4097/32271,NN4097,4.66,0.0,1.81,56.0,5.62,55499.91,2014-05-26 00:00:00,,,
271,2,50,1,NSE/NN4071/7617,NN4071,1.19,0.0,0.67,21.0,2.09,20706.05,2014-04-15 00:00:00,,,
272,2,50,1,NSE/NN4131/70177,NN4131,1.2,0.0,0.7,21.0,2.17,21436.43,2014-07-11 00:00:00,,,
273,2,50,1,NSE/NN4108/45054,NN4108,1.14,0.0,0.22,7.0,0.69,6781.95,2014-06-10 00:00:00,,,
274,2,50,1,NSE/NN4086/19380,NN4086,1.14,0.0,0.28,9.0,0.86,8509.72,2014-05-09 00:00:00,,,
275,2,50,1,NSE/NN4068/4997,NN4068,1.18,0.0,0.53,16.0,1.64,16196.65,2014-04-09 00:00:00,,,
276,2,50,1,NSE/NN4084/17757,NN4084,1.14,0.0,0.26,8.0,0.82,8119.22,2014-05-07 00:00:00,,,
277,2,50,1,NSE/NN4067/4065,NN4067,1.17,0.0,0.51,16.0,1.59,15743.27,2014-04-07 00:00:00,,,
278,2,50,1,NSE/NN4139/77766,NN4139,2.58,0.0,2.93,90.0,9.1,90222.61,2014-07-23 00:00:00,,,
279,2,50,1,I2301/296560,,1.14,0.65,0.21,6.0,0.01,6487.01,2015-03-10 00:00:00,,,
280,2,50,1,NSE/NN4110/47472,NN4110,2.35,0.0,1.01,31.0,3.15,31255.51,2014-06-12 00:00:00,,,
281,2,50,1,NSE/NN4100/35360,NN4100,1.16,0.0,0.39,12.0,1.22,12158.27,2014-05-29 00:00:00,,,
282,2,50,1,,,0.0,0.0,0.0,0.0,0.0,4500.0,2010-03-11 00:00:00,,,
283,2,50,-1,,,0.0,0.0,0.0,0.0,0.0,8256.0,2012-03-07 00:00:00,,,
284,2,50,1,I2301/314061,,1.14,0.72,0.23,7.0,0.01,7243.7,2015-03-23 00:00:00,,,
285,2,50,1,I2301/375355,,0.0,0.0,0.0,14.0,0.0,13926.02,2015-05-12 00:00:00,,,
286,2,50,1,I2301/381101,,0.0,0.0,0.0,15.0,0.0,15322.77,2015-05-15 00:00:00,,,
287,2,50,1,I2301/382917,,0.0,0.0,0.0,9.0,0.0,9125.37,2015-05-18 00:00:00,,,
288,2,50,1,I2301/390326,,0.0,0.0,0.0,25.0,0.0,24902.53,2015-05-22 00:00:00,,,
289,2,50,1,I2301/409150,,0.0,0.0,0.0,29.0,0.0,29000.31,2015-06-05 00:00:00,,,
290,2,50,1,BSE/BR5038/2353,BR5038,2.22,0.03,0.01,0.0,0.0,267.94,2014-05-26 00:00:00,,,
291,2,50,-1,,,0.0,0.0,0.0,0.0,0.0,4264.0,2000-05-19 00:00:00,,,
292,2,50,-1,,,0.0,0.0,0.0,0.0,0.0,15.5,2001-07-31 00:00:00,,,
293,2,50,-1,,,0.0,0.0,0.0,0.0,0.0,5985.0,2010-11-12 00:00:00,,,
294,2,50,1,NSE/NN4085/18450,NN4085,1.16,0.0,0.41,13.0,1.26,12500.17,2014-05-08 00:00:00,,,
295,2,50,1,I2301/410843,,0.0,0.0,0.0,10.0,0.0,10321.68,2015-06-08 00:00:00,,,
296,2,50,1,I2301/412511,,0.0,0.0,0.0,27.0,0.0,1932.59,2015-06-09 00:00:00,,1,
297,2,50,1,I2301/414141,,0.0,0.0,0.0,14.0,0.0,13704.85,2015-06-10 00:00:00,,,
298,2,50,1,I2301/415934,,0.0,0.0,0.0,17.0,0.0,17089.62,2015-06-11 00:00:00,,,
299,2,50,1,I2301/417781,,0.0,0.0,0.0,15.0,0.0,630.16,2015-06-12 00:00:00,,1,
300,2,50,1,I2301/437939,,0.0,0.0,0.0,6.0,0.0,5767.07,2015-06-29 00:00:00,,,
301,2,50,1,I2301/443147,,0.0,0.0,0.0,10.0,0.0,10376.7,2015-07-02 00:00:00,,,
302,2,50,1,I2301/453939,,0.0,0.0,0.0,26.0,0.0,26048.36,2015-07-10 00:00:00,,,
303,2,50,1,I2301/464848,,0.0,0.0,0.0,7.0,0.0,7073.24,2015-07-20 00:00:00,,,
304,2,50,1,I2301/468600,,0.0,0.0,0.0,27.0,0.0,26939.01,2015-07-22 00:00:00,,,
305,2,50,1,I2301/430150,,0.0,0.0,0.0,18.0,0.0,17657.8,2015-06-23 00:00:00,,,
306,2,50,1,I2301/432027,,0.0,0.0,0.0,20.0,0.0,19727.98,2015-06-24 00:00:00,,,
307,2,50,1,I2301/470558,,0.0,0.0,0.0,27.0,0.0,26732.95,2015-07-23 00:00:00,,,
308,2,50,1,I2301/472462,,0.0,0.0,0.0,11.0,0.0,10772.75,2015-07-24 00:00:00,,,
309,2,50,1,I2301/474374,,0.0,0.0,0.0,8.0,0.0,8373.02,2015-07-27 00:00:00,,,
310,2,50,1,I2301/478181,,0.0,0.0,0.0,78.0,0.0,78549.87,2015-07-29 00:00:00,,,
311,2,50,1,I2301/480144,,0.0,0.0,0.0,28.0,0.0,28337.82,2015-07-30 00:00:00,,,
312,2,50,1,,NN3049,3.43,1.71,0.8,16.0,0.02,15148.04,2013-03-08 00:00:00,,,
313,2,50,1,I2301/490110,,0.0,0.0,0.0,4.0,0.0,4457.63,2015-08-06 00:00:00,,,
314,2,50,1,I2301/491989,,0.0,0.0,0.0,65.0,0.0,64658.55,2015-08-07 00:00:00,,,
315,2,50,1,I2301/493763,,0.0,0.0,0.0,10.0,0.0,10373.3,2015-08-10 00:00:00,,,
316,2,50,1,I2301/513787,,0.0,0.0,0.0,77.0,0.0,76751.38,2015-08-24 00:00:00,,,
317,2,50,1,I2301/522457,,0.0,0.0,0.0,54.0,0.0,53727.43,2015-08-28 00:00:00,,,
318,2,50,1,I2301/524122,,0.0,0.0,0.0,34.0,0.0,33883.57,2015-08-31 00:00:00,,,
319,2,50,1,I2301/525794,,0.0,0.0,0.0,8.0,0.0,0.14,2015-09-01 00:00:00,,1,
320,2,50,1,I2301/569574,,0.0,0.0,0.0,32.0,0.0,31453.4,2015-10-08 00:00:00,,,
321,2,50,1,I2301/571428,,0.0,0.0,0.0,7.0,0.0,7068.24,2015-10-09 00:00:00,,,
322,2,50,1,I2301/576798,,0.0,0.0,0.0,68.0,0.0,68482.96,2015-10-14 00:00:00,,,
323,2,50,1,I2301/583950,,0.0,0.0,0.0,16.0,0.0,15988.52,2015-10-20 00:00:00,,,
324,2,50,1,I2301/594371,,0.0,0.0,0.0,98.0,0.0,43369.73,2015-10-29 00:00:00,,,
325,2,50,1,I2301/598027,,0.0,0.0,0.0,3.0,0.0,207.04,2015-11-02 00:00:00,,1,
326,2,50,1,I2301/599515,,0.0,0.0,0.0,13.0,0.0,12559.49,2015-11-03 00:00:00,,,
327,2,50,1,I2301/604187,,0.0,0.0,0.0,20.0,0.0,20411.18,2015-11-06 00:00:00,,,
328,2,50,1,I2301/605758,,0.0,0.0,0.0,102.0,0.0,101788.42,2015-11-09 00:00:00,,,
329,2,50,1,I2301/609792,,0.0,0.0,0.0,151.0,0.0,151224.81,2015-11-13 00:00:00,,,
330,2,50,1,I2301/612890,,0.0,0.0,0.0,42.0,0.0,42218.44,2015-11-17 00:00:00,,,
331,2,50,1,I2301/616139,,0.0,0.0,0.0,55.0,0.0,55383.07,2015-11-19 00:00:00,,,
332,2,50,1,I2301/622802,,0.0,0.0,0.0,23.0,0.0,22787.71,2015-11-26 00:00:00,,,
333,2,50,1,I2301/626447,,0.0,0.0,0.0,32.0,0.0,32335.72,2015-11-30 00:00:00,,,
334,2,50,1,I2301/629654,,0.0,0.0,0.0,22.0,0.0,21760.31,2015-12-02 00:00:00,,,
335,2,50,1,I2301/659192,,0.0,0.0,0.0,18.0,0.0,18180.83,2015-12-30 00:00:00,,,
336,2,50,1,I2301/660770,,0.0,0.0,0.0,24.0,0.0,8147.97,2015-12-31 00:00:00,,,
338,2,50,1,I2301/703696,,0.0,0.0,0.0,52.0,0.0,11682.58,2016-02-08 00:00:00,,,
339,2,50,1,I2301/677956,,0.0,0.0,0.0,26.0,0.0,26410.27,2016-01-14 00:00:00,,,
340,2,50,1,I2301/766282,,0.0,0.0,0.0,13.0,0.0,2517.96,2016-04-06 00:00:00,,,
341,2,50,1,,,0.0,0.0,0.0,0.0,0.0,2000.0,1999-07-09 00:00:00,,,
342,2,50,1,I2301/834311,,0.0,0.0,0.0,18.0,0.0,18450.92,2016-06-08 00:00:00,,,
343,2,50,1,I2301/854269,,0.0,0.0,0.0,34.0,0.0,33975.06,2016-06-24 00:00:00,,,
344,2,50,1,I2301/881250,,0.0,0.0,0.0,47.0,0.0,18959.92,2016-07-18 00:00:00,,,
345,2,50,1,I2301/891356,,0.0,0.0,0.0,6.0,0.0,670.54,2016-07-26 00:00:00,,1,
346,2,50,1,I2301/912045,,0.0,0.0,0.0,60.0,0.0,59921.3,2016-08-11 00:00:00,,,
347,2,40,1,I2301/945224,,0.0,0.0,0.0,33.0,0.0,32828.65,2016-09-12 00:00:00,,,
348,2,50,1,I2301/955097,,0.0,0.0,0.0,27.0,0.0,26766.4,2016-09-21 00:00:00,,,
349,2,50,1,I2301/989327,,0.0,0.0,0.0,198.0,0.0,197703.86,2016-10-21 00:00:00,,,
350,2,50,1,I2301/1006883,,0.0,0.0,0.0,40.0,0.0,40052.58,2016-11-07 00:00:00,,,
351,2,50,1,I2301/1008533,,0.0,0.0,0.0,64.0,0.0,22199.55,2016-11-08 00:00:00,,,
352,2,50,1,I2301/1029847,,0.0,0.0,0.0,18.0,0.0,18346.08,2016-11-28 00:00:00,,,
353,2,50,1,I2301/1047958,,0.0,0.0,0.0,1.0,0.0,800.14,2016-12-15 00:00:00,,,
354,2,50,1,I2301/1049422,,0.0,0.0,0.0,6.0,0.0,5640.72,2016-12-16 00:00:00,,,
355,2,50,1,I2301/1050783,,0.0,0.0,0.0,29.0,0.0,27594.32,2016-12-19 00:00:00,,,
356,2,50,1,I2301/1056125,,0.0,0.0,0.0,54.0,0.0,48447.77,2016-12-23 00:00:00,,,
357,2,50,1,I2301/1077053,,0.0,0.0,0.0,7.0,0.0,6621.38,2017-01-12 00:00:00,,,
358,2,50,1,I2301/1054675,,0.0,0.0,0.0,12.0,0.0,635.1,2016-12-22 00:00:00,,,
359,2,40,1,I2301/1081666,,0.0,0.0,0.0,0.0,0.0,7246.14,2017-01-17 00:00:00,,,
360,2,40,1,I2301/1087862,,0.0,0.0,0.0,0.0,0.0,301973.79,2017-01-23 00:00:00,,,
361,2,50,1,I2301/1091049,,0.0,0.0,0.0,17.0,0.0,131848.46,2017-01-25 00:00:00,,,
362,2,50,1,I2301/1094532,,0.0,0.0,0.0,10.0,0.0,10047.76,2017-01-30 00:00:00,,,
363,2,50,1,I2301/1116541,,0.0,0.0,0.0,11.0,0.0,11286.2,2017-02-16 00:00:00,,,
364,2,50,1,I2301/1118201,,0.0,0.0,0.0,15.0,0.0,14597.06,2017-02-17 00:00:00,,,
365,2,50,1,I2301/1119881,,0.0,0.0,0.0,10.0,0.0,10147.76,2017-02-20 00:00:00,,,
366,2,50,1,I2301/1123119,,0.0,0.0,0.0,7.0,0.0,6981.37,2017-02-22 00:00:00,,,
367,2,50,1,I2301/1142268,,0.0,0.0,0.0,21.0,0.0,403.57,2017-03-14 00:00:00,,,
368,2,50,1,I2301/1145714,,0.0,0.0,0.0,0.0,0.0,74940.59,2017-03-16 00:00:00,,,
369,2,50,1,I2301/1150881,,0.0,0.0,0.0,40.0,0.0,39662.72,2017-03-21 00:00:00,,,
370,2,50,1,I2301/1152668,,0.0,0.0,0.0,33.0,0.0,29651.21,2017-03-22 00:00:00,,1,
371,2,50,1,,,0.0,0.0,0.0,0.0,0.0,14950.0,2017-03-20 00:00:00,,,
372,2,50,1,I2301/1154366,,0.0,0.0,0.0,32.0,0.0,31652.41,2017-03-23 00:00:00,,,
373,2,50,3,,,0.0,0.0,0.0,0.0,0.0,15000.0,1999-03-28 00:00:00,,,
374,2,50,3,CC3488956,,0.0,0.0,0.0,33.0,0.0,32394.37,2017-01-12 00:00:00,,,
375,2,50,3,CC2760253,,0.0,0.0,0.0,207.0,0.0,203515.12,2016-11-10 00:00:00,,,
376,2,50,1,,,0.0,0.0,0.0,0.0,0.0,20000.0,1999-03-28 00:00:00,,,
377,2,50,1,I2301/1162856,,0.0,0.0,0.0,0.0,0.0,28075.54,2017-03-30 00:00:00,,,
378,2,50,1,I2301/4108,,0.0,0.0,0.0,0.0,0.0,43626.43,2017-04-06 00:00:00,,,
379,2,50,1,I2301/1164771,,0.0,0.0,0.0,0.0,0.0,28195.19,2017-03-31 00:00:00,,,
380,2,50,1,I2301/7670,,0.0,0.0,0.0,0.0,0.0,50580.66,2017-04-10 00:00:00,,,
381,2,50,3,CC0152298,,0.0,0.0,0.0,0.0,0.0,230918.31,2017-04-12 00:00:00,,,
382,2,50,1,I2301/16452,,0.0,0.0,0.0,0.0,0.0,157757.53,2017-04-18 00:00:00,,,
383,2,50,1,I2301/21785,,0.0,0.0,0.0,0.0,0.0,170197.84,2017-04-21 00:00:00,,,
384,2,50,1,I2301/23573,,0.0,0.0,0.0,0.0,0.0,15180.71,2017-04-24 00:00:00,,,
385,2,50,1,I2301/31100,,0.0,0.0,0.0,0.0,0.0,10172.24,2017-04-28 00:00:00,,,
386,2,50,1,I2301/37780,,0.0,0.0,0.0,0.0,0.0,28167.23,2017-05-05 00:00:00,,,
387,2,50,1,I2301/46087,,0.0,0.0,0.0,0.0,0.0,8144.68,2017-05-12 00:00:00,,,
388,2,50,1,I2301/47776,,0.0,0.0,0.0,0.0,0.0,68222.61,2017-05-15 00:00:00,,,
389,2,50,1,I2301/54845,,0.0,0.0,0.0,0.0,0.0,7890.5,2017-05-19 00:00:00,,,
390,2,50,1,I2301/56712,,0.0,0.0,0.0,0.0,0.0,73354.8,2017-05-22 00:00:00,,,
391,2,50,1,I2301/68780,,0.0,0.0,0.0,0.0,0.0,17022.14,2017-05-31 00:00:00,,,
392,2,50,1,I2301/70309,,0.0,0.0,0.0,0.0,0.0,7061.63,2017-06-01 00:00:00,,,
393,2,50,1,I2301/74912,,0.0,0.0,0.0,0.0,0.0,39084.25,2017-06-06 00:00:00,,,
394,2,50,1,,,0.0,0.0,0.0,0.0,0.0,4809.0,1995-06-19 00:00:00,,,
395,2,50,1,I2301/88875,,0.0,0.0,0.0,0.0,0.0,7081.37,2017-06-19 00:00:00,,,
396,2,50,1,I2301/90471,,0.0,0.0,0.0,0.0,0.0,13899.4,2017-06-20 00:00:00,,,
397,2,40,1,I2301/93553,,0.0,0.0,0.0,0.0,0.0,100521.75,2017-06-22 00:00:00,,,
398,2,50,1,I2301/95219,,0.0,0.0,0.0,0.0,0.0,26549.73,2017-06-23 00:00:00,,,
399,2,50,1,I2301/98402,,0.0,0.0,0.0,0.0,0.0,6621.38,2017-06-28 00:00:00,,,
400,2,50,1,I2301/103592   07/JUL2017/586,,0.0,0.0,0.0,0.0,0.0,25709.34,2017-07-03 00:00:00,,,
401,2,50,1,I2301/127400   07/JUL2017/24394,,0.0,0.0,0.0,0.0,0.0,7354.64,2017-07-21 00:00:00,,,
402,2,50,1,I2301/129237   07/JUL2017/26231,,0.0,0.0,0.0,0.0,0.0,52.94,2017-07-24 00:00:00,,,
403,2,50,1,,,0.0,0.0,0.0,0.0,0.01,200000.0,2017-01-31 00:00:00,,,
404,2,50,1,,,0.0,0.0,0.0,0.0,0.0,147757.75,2017-03-28 00:00:00,,,
405,2,50,1,,,0.0,0.0,0.0,0.0,0.0,500.0,1999-04-01 00:00:00,,,
406,2,50,1,,,0.0,0.0,0.0,0.0,0.0,200.0,1999-04-01 00:00:00,,,
407,2,50,1,,,0.0,0.0,0.0,0.0,0.0,200.0,1999-04-01 00:00:00,,,
408,2,50,1,I2301/138344   07/JUL2017/35338,,0.0,0.0,0.0,0.0,0.0,24066.91,2017-07-31 00:00:00,,,
409,2,50,1,I2301/151278   07/AUG2017/11888,,0.0,0.0,0.0,0.0,0.0,148249.4,2017-08-10 00:00:00,,,
410,2,50,3,,,0.0,0.0,0.0,0.0,0.0,13200.0,1990-08-29 00:00:00,,,
411,2,50,1,,,0.0,0.0,0.0,0.0,0.0,142345.0,2017-09-05 00:00:00,,,
412,2,50,1,,,0.0,0.0,0.0,0.0,0.0,150000.0,2017-07-18 00:00:00,,,
413,2,50,1,I2301/199943   07/SEP2017/25828,,0.0,0.0,0.0,0.0,0.0,70582.07,2017-09-22 00:00:00,,,
414,2,50,1,I2301/201683   07/SEP2017/27568,,0.0,0.0,0.0,0.0,0.0,47246.7,2017-09-25 00:00:00,,,
415,2,50,1,,,0.0,0.0,0.0,0.0,0.0,29084.0,2017-09-28 00:00:00,,,
416,2,50,1,I2301/206837   07/SEP2017/32719,,0.0,0.0,0.0,0.0,0.0,4086.03,2017-09-28 00:00:00,,,
417,2,50,1,I2301/209958   07/OCT2017/534,,0.0,0.0,0.0,0.0,0.0,6306.62,2017-10-03 00:00:00,,,
418,2,50,1,I2301/216218   07/OCT2017/6794,,0.0,0.0,0.0,0.0,0.0,12903.65,2017-10-09 00:00:00,,,
419,2,50,1,I2301/219394   07/OCT2017/9970,,0.0,0.0,0.0,0.0,0.0,62131.23,2017-10-11 00:00:00,,,
420,2,50,1,I2301/230503   07/OCT2017/21079,,0.0,0.0,0.0,0.0,0.0,7451.09,2017-10-23 00:00:00,,,
421,2,50,1,I2301/234318   07/OCT2017/24894,,0.0,0.0,0.0,0.0,0.0,14102.39,2017-10-25 00:00:00,,,
422,2,50,1,I2301/249680   07/NOV2017/6283,,0.0,0.0,0.0,0.0,0.0,4463.51,2017-11-06 00:00:00,,1,
423,2,50,1,I2301/251655   07/NOV2017/8258,,0.0,0.0,0.0,0.0,0.0,16555.29,2017-11-07 00:00:00,,,
424,2,50,1,I2301/253608   07/NOV2017/10211,,0.0,0.0,0.0,0.0,0.0,15841.8,2017-11-08 00:00:00,,,
425,2,50,1,I2301/259044   07/NOV2017/15647,,0.0,0.0,0.0,0.0,0.0,10746.05,2017-11-13 00:00:00,,,
426,2,50,1,I2301/276845   07/NOV2017/33448,,0.0,0.0,0.0,0.0,0.0,45476.54,2017-11-27 00:00:00,,,
427,2,50,3,CC1764101,,0.0,0.0,0.0,0.0,0.0,54.37,2017-07-31 00:00:00,,,
428,2,50,3,CC1834945,,0.0,0.0,0.0,0.0,0.0,1276.05,2017-08-03 00:00:00,,,
429,2,50,3,CC2213646,,0.0,0.0,0.0,0.0,0.0,10781.86,2017-08-29 00:00:00,,,
430,2,50,1,I2301/255411   07/NOV2017/12014,,0.0,0.0,0.0,0.0,0.0,14284.69,2017-11-09 00:00:00,,,
431,2,50,1,I2301/280559   07/NOV2017/37159,,0.0,0.0,0.0,0.0,0.0,19512.4,2017-11-29 00:00:00,,,
432,2,40,1,I2301/405417   07/MAR2018/12563,,0.0,0.0,0.0,0.0,0.0,210925.71,2018-03-14 00:00:00,,,
433,2,40,1,I2301/406916   07/MAR2018/14062,,0.0,0.0,0.0,0.0,0.0,84893.05,2018-03-15 00:00:00,,,
434,2,40,1,I2301/408516   07/MAR2018/15662,,0.0,0.0,0.0,0.0,0.0,18833.38,2018-03-16 00:00:00,,,
435,2,40,1,I2301/410069   07/MAR2018/17215,,0.0,0.0,0.0,0.0,0.0,192727.76,2018-03-19 00:00:00,,,
436,2,50,1,,,0.0,0.0,0.0,0.0,0.0,180000.0,2017-10-18 00:00:00,,,
437,2,40,1,I2301/411518   07/MAR2018/18664,,0.0,0.0,0.0,0.0,0.0,51048.68,2018-03-20 00:00:00,,,
438,2,40,1,I2301/421069   07/MAR2018/28215,,0.0,0.0,0.0,0.0,0.0,94524.43,2018-03-28 00:00:00,,,
439,2,50,4,,,0.0,0.0,0.0,0.0,0.0,110750.0,2018-04-23 00:00:00,,,
440,2,40,1,I2301/430310   07/APR2018/8150,,0.0,0.0,0.0,0.0,0.0,95024.46,2018-04-09 00:00:00,,,
441,2,50,1,I2301/31658   07/APR2018/31658,,0.0,0.0,0.0,163.0,0.0,162777.64,2018-04-30 00:00:00,,,
442,2,50,1,I2301/37665   07/MAY2018/5088,,0.0,0.0,0.0,183.0,0.0,182242.67,2018-05-07 00:00:00,,,
443,2,40,1,I2301/40660   07/MAY2018/8083,,0.0,0.0,0.0,0.0,0.0,162064.16,2018-05-09 00:00:00,,,
444,2,50,1,I2301/71067   27/JUN2018/1080,,0.0,0.0,0.0,21.0,0.0,20541.43,2018-06-06 00:00:00,,,
445,2,40,2,79277,,0.0,0.0,0.0,0.0,0.0,53507.17,2018-07-05 00:00:00,,,
446,2,50,-1,ipo,,0.0,0.0,0.0,0.0,0.0,13872.0,2017-10-21 00:00:00,,,
447,2,50,-1,ipo,,0.0,0.0,0.0,0.0,0.0,11600.0,2017-05-18 00:00:00,,,
448,2,40,2,81228,,0.0,0.0,0.0,0.0,0.0,295784.11,2018-07-09 00:00:00,,,
449,2,40,2,86474,,0.0,0.0,0.0,0.0,0.0,100138.42,2018-07-16 00:00:00,,,
450,2,40,2,87433,,0.0,0.0,0.0,0.0,0.0,300265.22,2018-07-17 00:00:00,,,
451,2,50,4,,NCD ISSUE,0.0,0.0,0.0,0.0,0.0,400000.0,2018-07-18 00:00:00,,,
452,2,40,1,I2301/120266   27/JUL2018/5209,,0.0,0.0,0.0,0.0,0.0,163585.77,2018-07-24 00:00:00,,,
453,2,40,2,541431,,0.0,0.0,0.0,0.0,0.0,5844.83,2018-08-07 00:00:00,,,
454,2,40,2,108365,,0.0,0.0,0.0,0.0,0.0,150020.11,2018-08-09 00:00:00,,,
455,2,40,2,112595,,0.0,0.0,0.0,0.0,0.0,50056.88,2018-08-14 00:00:00,,,
456,2,40,2,579361,,0.0,0.0,0.0,0.0,0.0,43104.04,2018-08-14 00:00:00,,,
457,2,40,2,586566,,0.0,0.0,0.0,0.0,0.0,48981.85,2018-08-16 00:00:00,,,
458,2,40,2,115395,,0.0,0.0,0.0,0.0,0.0,57064.82,2018-08-17 00:00:00,,,
459,2,40,2,116782,,0.0,0.0,0.0,0.0,0.0,200411.44,2018-08-20 00:00:00,,,
460,2,50,1,I2301/163454   27/SEP2018/119,,0.0,0.0,0.0,25.0,0.0,25110.38,2018-09-03 00:00:00,,,
461,2,50,1,I2301/171481   27/SEP2018/1982,,0.0,0.0,0.0,39.0,0.0,38914.83,2018-09-10 00:00:00,,,
462,2,50,1,I2301/182609   27/SEP2018/4572,,0.0,0.0,0.0,1.0,0.0,68153.66,2018-09-21 00:00:00,,,
463,2,40,2,765993,,0.0,0.0,0.0,0.0,0.0,39525.54,2018-09-21 00:00:00,,,
464,2,40,2,154041,,0.0,0.0,0.0,0.0,0.0,998.14,2018-09-26 00:00:00,,,
466,2,50,4,ipo,,0.0,0.0,0.0,0.0,0.0,900000.0,2018-09-27 00:00:00,,,
467,2,40,2,904052,,0.0,0.0,0.0,0.0,0.0,99841.96,2018-10-16 00:00:00,,,
468,2,50,4,redeem,,0.0,0.0,0.0,0.0,0.0,972000.0,2018-11-01 00:00:00,,,
469,2,40,2,228331,,0.0,0.0,0.0,0.0,0.0,9901.37,2018-12-05 00:00:00,,,
470,2,40,2,242131,,0.0,0.0,0.0,0.0,0.0,132183.11,2018-12-18 00:00:00,,,
471,2,40,2,1296270,,0.0,0.0,0.0,0.0,0.0,53957.56,2018-12-18 00:00:00,,,
472,2,40,2,1306809,,0.0,0.0,0.0,0.0,0.0,103598.5,2018-12-19 00:00:00,,,
473,2,50,1,rights,,0.0,0.0,0.0,0.0,0.0,10000.0,2018-06-07 00:00:00,,,
474,2,40,2,913074,,0.0,0.0,0.0,0.0,0.0,99841.96,2018-10-17 00:00:00,,,
475,2,40,2,808520,,0.0,0.0,0.0,0.0,0.0,49826.98,2018-09-28 00:00:00,,,
476,2,50,1,ipo,,0.0,0.0,0.0,0.0,0.0,199988.69,2019-02-25 00:00:00,,,
477,2,50,1,I2301/333977   27/FEB2019/4917,,0.0,0.0,0.0,2.0,0.0,213719.9,2019-02-25 00:00:00,,,
478,2,50,4,ipo,,0.0,0.0,0.0,0.0,0.0,300000.0,2019-01-18 00:00:00,,,
479,2,50,1,redemption,,0.0,0.0,0.0,0.0,0.0,381438.0,2019-03-05 00:00:00,,,
480,2,50,4,redemption,,0.0,0.0,0.0,0.0,0.0,381438.0,2019-03-05 00:00:00,,,
481,2,50,4,redemption,,0.0,0.0,0.0,0.0,0.0,158114.0,2019-03-05 00:00:00,,,
482,2,50,1,I2301/358802   27/MAR2019/4201,,0.0,0.0,0.0,3.0,0.0,264971.74,2019-03-22 00:00:00,,,
483,2,50,1,I2301/361531   27/MAR2019/4818,,0.0,0.0,0.0,0.0,0.0,69812.92,2019-03-26 00:00:00,,,
484,2,50,4,IPO,,0.0,0.0,0.0,0.0,0.0,700000.0,2019-03-13 00:00:00,,,
486,2,50,1,I2301/14365   27/APR2019/3113,,3.34,2.0,0.52,16.0,18.02,15846.12,2019-04-15 00:00:00,,,
488,3,50,-1,,,0.0,0.0,0.0,0.0,0.0,4800.0,2016-03-21 00:00:00,,,
489,3,50,-1,,,0.0,0.0,0.0,0.0,0.0,7350.0,2016-03-21 00:00:00,,,
490,3,50,-1,,,0.0,0.0,0.0,0.0,0.0,750.0,2016-03-21 00:00:00,,,
492,3,50,-1,,,0.0,0.0,0.0,0.0,0.0,100.0,1987-02-21 00:00:00,,,
493,3,50,-1,,,0.0,0.0,0.0,0.0,0.0,2900.0,1990-01-07 00:00:00,,,
495,3,50,-1,,,0.0,0.0,0.0,0.0,0.0,500.0,1995-01-07 00:00:00,,,
496,3,50,-1,,,0.0,0.0,0.0,0.0,0.0,600.0,1990-01-07 00:00:00,,,
497,3,50,-1,,,0.0,0.0,0.0,0.0,0.0,136.0,1995-01-07 00:00:00,,,
498,3,50,-1,,,0.0,0.0,0.0,0.0,0.0,51.0,1990-01-07 00:00:00,,,
499,3,50,-1,,,0.0,0.0,0.0,0.0,0.0,500.0,1995-01-07 00:00:00,,,
500,3,50,-1,,,0.0,0.0,0.0,0.0,0.0,1000.0,1990-04-11 00:00:00,,,
501,4,50,1,NSE/NN4002/120487,NN4002,0.0,0.0,0.0,7.0,0.0,6518.01,2014-01-02 00:00:00,,,
502,4,50,1,NSE/NN4003/121228,NN4003,0.0,0.0,0.0,16.0,0.0,16290.97,2014-01-03 00:00:00,,,
503,4,50,1,NSE/NN4004/121935,NN4004,0.0,0.0,0.0,5.0,0.0,56.44,2014-01-06 00:00:00,,1,
504,4,50,1,NSE/NN4005/122715,NN4005,0.0,0.0,0.0,20.0,0.0,20027.86,2014-01-07 00:00:00,,,
505,4,50,1,NSE/NN4006/123510,NN4006,0.0,0.0,0.0,4.0,0.0,4314.7,2014-01-08 00:00:00,,,
506,4,50,1,NSE/NN4007/124277,NN4007,0.0,0.0,0.0,4.0,0.0,19.02,2014-01-09 00:00:00,,1,
507,4,50,1,NSE/NN4008/125057,NN4008,0.0,0.0,0.0,24.0,0.0,23973.51,2014-01-10 00:00:00,,,
508,4,50,1,NSE/NN4009/125752,NN4009,0.0,0.0,0.0,12.0,0.0,12336.3,2014-01-13 00:00:00,,,
509,4,50,1,NSE/NN4011/127069,NN4011,0.0,0.0,0.0,14.0,0.0,5576.11,2014-01-15 00:00:00,,,
510,4,50,1,NSE/NN4013/128396,NN4013,0.0,0.0,0.0,9.0,0.0,9468.41,2014-01-17 00:00:00,,,
511,4,50,1,NSE/NN4015/129712,NN4015,0.0,0.0,0.0,21.0,0.0,21246.14,2014-01-21 00:00:00,,,
512,4,50,1,NSE/NN4016/130355,NN4016,0.0,0.0,0.0,0.0,0.0,31222.94,2014-01-22 00:00:00,,,
513,4,50,1,NSE/NN4019/132349,NN4019,0.0,0.0,0.0,48.0,0.0,47873.76,2014-01-27 00:00:00,,,
514,4,50,1,NSE/NN4024/135547,NN4024,0.0,0.0,0.0,92.0,0.0,92450.13,2014-02-03 00:00:00,,,
515,4,50,1,NSE/NN4025/136172,NN4025,0.0,0.0,0.0,24.0,0.0,7672.51,2014-02-04 00:00:00,,,
516,4,50,1,NSE/NN4026/136813,NN4026,0.0,0.0,0.0,16.0,0.0,16287.26,2014-02-05 00:00:00,,,
517,4,50,1,NSE/NN4027/137508,NN4027,0.0,0.0,0.0,9.0,0.0,741.41,2014-02-06 00:00:00,,1,
518,4,50,1,NSE/NN4030/139393,NN4030,0.0,0.0,0.0,45.0,0.0,45203.55,2014-02-11 00:00:00,,,
519,4,50,1,NSE/NN4031/139977,NN4031,0.0,0.0,0.0,18.0,0.0,18253.22,2014-02-12 00:00:00,,,
520,4,50,1,NSE/NN4032/140628,NN4032,0.0,0.0,0.0,41.0,0.0,41416.91,2014-02-13 00:00:00,,,
521,4,50,1,NSE/NN4033/141280,NN4033,0.0,0.0,0.0,25.0,0.0,25138.79,2014-02-14 00:00:00,,,
522,4,50,1,NSE/NN4035/142476,NN4035,0.0,0.0,0.0,38.0,0.0,37646.7,2014-02-18 00:00:00,,,
523,4,50,1,NSE/NN4036/143082,NN4036,0.0,0.0,0.0,29.0,0.0,336.86,2014-02-19 00:00:00,,,
524,4,50,1,NSE/NN4037/143693,NN4037,0.0,0.0,0.0,19.0,0.0,8535.55,2014-02-20 00:00:00,,,
525,4,50,1,NSE/NN4039/144947,NN4039,0.0,0.0,0.0,18.0,0.0,17910.68,2014-02-24 00:00:00,,,
526,4,50,1,NSE/NN4040/145576,NN4040,0.0,0.0,0.0,23.0,0.0,4201.39,2014-02-25 00:00:00,,,
527,4,50,1,NSE/NN4041/146202,NN4041,0.0,0.0,0.0,25.0,0.0,14601.47,2014-02-26 00:00:00,,,
528,4,50,1,NSE/NN4042/146896,NN4042,0.0,0.0,0.0,28.0,0.0,174.83,2014-02-28 00:00:00,,,
529,4,50,1,NSE/NN4043/147526,NN4043,0.0,0.0,0.0,25.0,0.0,3572.57,2014-03-03 00:00:00,,,
530,4,50,1,NSE/NN4044/148190,NN4044,0.0,0.0,0.0,22.0,0.0,22322.68,2014-03-04 00:00:00,,,
531,4,50,1,NSE/NN4045/148922,NN4045,0.0,0.0,0.0,6.0,0.0,6097.55,2014-03-05 00:00:00,,,
532,4,50,1,NSE/NN4046/149692,NN4046,0.0,0.0,0.0,30.0,0.0,27692.88,2014-03-06 00:00:00,,1,
533,4,50,1,NSE/NN4047/150616,NN4047,0.0,0.0,0.0,61.0,0.0,10909.14,2014-03-07 00:00:00,,1,
534,4,50,1,NSE/NN4048/151435,NN4048,0.0,0.0,0.0,105.0,0.0,35800.23,2014-03-10 00:00:00,,,
535,4,50,1,NSE/NN4049/152193,NN4049,0.0,0.0,0.0,44.0,0.0,3954.78,2014-03-11 00:00:00,,,
536,4,50,1,NSE/NN4050/152894,NN4050,0.0,0.0,0.0,49.0,0.0,26548.78,2014-03-12 00:00:00,,,
537,4,50,1,NSE/NN4051/153719,NN4051,0.0,0.0,0.0,48.0,0.0,21816.53,2014-03-13 00:00:00,,1,
538,4,50,1,NSE/NN4053/155091,NN4053,0.0,0.0,0.0,47.0,0.0,46916.16,2014-03-18 00:00:00,,,
539,4,50,1,NSE/NN4054/155753,NN4054,0.0,0.0,0.0,34.0,0.0,28666.02,2014-03-19 00:00:00,,1,
540,4,50,1,NSE/NN4056/157097,NN4056,0.0,0.0,0.0,5.0,0.0,4840.77,2014-03-21 00:00:00,,,
541,4,50,1,NSE/NN4057/157976,NN4057,0.0,0.0,0.0,41.0,0.0,33621.8,2014-03-24 00:00:00,,1,
542,4,50,1,NSE/NN4058/158653,NN4058,0.0,0.0,0.0,52.0,0.0,51969.47,2014-03-25 00:00:00,,,
543,4,50,1,NSE/NN4059/159425,NN4059,0.0,0.0,0.0,42.0,0.0,1152.0,2014-03-26 00:00:00,,,
544,4,50,1,NSE/NN4060/160208,NN4060,0.0,0.0,0.0,67.0,0.0,44713.33,2014-03-27 00:00:00,,,
545,4,50,1,NSE/NN4061/161036,NN4061,0.0,0.0,0.0,65.0,0.0,61176.68,2014-03-28 00:00:00,,1,
546,4,50,1,NSE/NN4062/161877,NN4062,0.0,0.0,0.0,54.0,0.0,33281.7,2014-03-31 00:00:00,,,
547,4,50,1,,NN3133,0.0,0.0,0.0,10.0,0.0,10388.46,2013-07-11 00:00:00,,,
548,4,50,1,,NN3150,0.0,0.0,0.0,6.0,0.0,6407.0,2013-08-05 00:00:00,,,
549,4,50,1,,NN3151,0.0,0.0,0.0,4.0,0.0,4094.67,2013-08-06 00:00:00,,,
550,4,50,1,NSE/NN3243/114727,NN3243,0.0,0.0,0.0,8.0,0.0,8019.21,2013-12-20 00:00:00,,,
551,4,50,1,,NN2212,0.0,0.0,0.0,10.0,0.0,9771.46,2012-11-07 00:00:00,,,
552,4,50,1,,NN2204,0.0,0.0,0.0,19.0,0.0,19416.89,2012-10-26 00:00:00,,,
553,4,50,1,BSE/BR4089/3355,BR4089,0.0,0.0,0.0,12.0,0.0,12256.17,2013-08-01 00:00:00,,,
554,4,50,1,BSE/BR4195/7729,BR4195,0.0,0.0,0.0,35.0,0.0,35185.15,2014-01-07 00:00:00,,,
555,4,50,1,BSE/BR4099/3688,BR4099,0.0,0.0,0.0,7.0,0.0,6549.46,2013-08-19 00:00:00,,,
556,4,50,1,BSE/BR4081/3073,BR4081,0.0,0.0,0.0,6.0,0.0,5776.92,2013-07-22 00:00:00,,,
557,4,50,1,BSE/BR4082/3115,BR4082,0.0,0.0,0.0,19.0,0.0,7091.83,2013-07-23 00:00:00,,,
558,4,50,1,BSE/BR5003/10829,BR5003,0.0,0.0,0.0,44.0,0.0,44360.32,2014-03-31 00:00:00,,,
559,4,50,1,IK2408/122159,,0.0,0.0,0.0,39.0,0.0,38693.9,2014-11-03 00:00:00,,,
560,4,50,1,IK2408/138330,,0.0,0.0,0.0,39.0,0.0,38869.56,2014-11-17 00:00:00,,,
561,4,50,1,IK2408/140428,,0.0,0.0,0.0,122.0,0.0,121351.18,2014-11-18 00:00:00,,,
562,4,50,1,IK2408/146777,,0.0,0.0,0.0,95.0,0.0,95236.16,2014-11-21 00:00:00,,,
563,4,50,1,IK2408/148847,,0.0,0.0,0.0,30.0,0.0,29839.36,2014-11-24 00:00:00,,,
564,4,50,1,IK2408/150966,,0.0,0.0,0.0,51.0,0.0,50407.96,2014-11-25 00:00:00,,,
565,4,50,1,IK2408/155254,,0.0,0.0,0.0,42.0,0.0,21609.37,2014-11-27 00:00:00,,,
566,4,50,1,IK2408/157421,,0.0,0.0,0.0,13.0,0.0,13164.95,2014-11-28 00:00:00,,,
567,4,50,1,IK2408/159365,,0.0,0.0,0.0,18.0,0.0,18815.07,2014-12-01 00:00:00,,,
568,4,50,1,IK2408/169094,,0.0,0.0,0.0,25.0,0.0,25082.27,2014-12-08 00:00:00,,,
569,4,50,1,IK2408/171122,,0.0,0.0,0.0,35.0,0.0,35097.65,2014-12-09 00:00:00,,,
570,4,50,1,IK2408/174987,,0.0,0.0,0.0,48.0,0.0,47611.36,2014-12-11 00:00:00,,,
571,4,50,1,IK2408/178885,,0.0,0.0,0.0,34.0,0.0,33898.77,2014-12-15 00:00:00,,,
572,4,50,1,IK2408/180989,,0.0,0.0,0.0,16.0,0.0,101.6,2014-12-16 00:00:00,,1,
573,4,50,1,IK2408/193096,,0.0,0.0,0.0,29.0,0.0,29276.66,2014-12-24 00:00:00,,,
574,4,50,1,IK2408/204961,,0.0,0.0,0.0,62.0,0.0,61600.57,2015-01-05 00:00:00,,,
575,4,50,1,IK2408/207105,,0.0,0.0,0.0,88.0,0.0,87374.75,2015-01-06 00:00:00,,,
576,4,50,1,IK2408/211182,,0.0,0.0,0.0,29.0,0.0,29343.14,2015-01-08 00:00:00,,,
577,4,50,1,IK2408/213243,,0.0,0.0,0.0,41.0,0.0,41376.9,2015-01-09 00:00:00,,,
578,4,50,1,IK2408/215185,,0.0,0.0,0.0,15.0,0.0,14699.63,2015-01-12 00:00:00,,,
579,4,50,1,IK2408/217096,,0.0,0.0,0.0,29.0,0.0,28950.83,2015-01-13 00:00:00,,,
580,4,50,1,IK2408/229822,,0.0,0.0,0.0,26.0,0.0,26349.84,2015-01-21 00:00:00,,,
581,4,50,1,IK2408/231981,,0.0,0.0,0.0,73.0,0.0,15049.15,2015-01-22 00:00:00,,,
582,4,50,1,IK2408/236232,,0.0,0.0,0.0,5.0,0.0,5015.8,2015-01-27 00:00:00,,,
583,4,50,1,IK2408/238414,,0.0,0.0,0.0,7.0,0.0,6964.32,2015-01-28 00:00:00,,,
584,4,50,1,IK2408/243247,,0.0,0.0,0.0,68.0,0.0,68228.94,2015-01-30 00:00:00,,,
585,4,50,1,IK2408/245330,,0.0,0.0,0.0,8.0,0.0,8272.75,2015-02-02 00:00:00,,,
586,4,50,1,IK2408/251753,,0.0,0.0,0.0,7.0,0.0,6718.04,2015-02-05 00:00:00,,,
587,4,50,1,IK2408/259725,,0.0,0.0,0.0,58.0,0.0,58556.49,2015-02-11 00:00:00,,,
588,4,50,1,IK2408/270213,,0.0,0.0,0.0,56.0,0.0,56227.44,2015-02-19 00:00:00,,,
589,4,50,1,IK2408/272364,,0.0,0.0,0.0,40.0,0.0,5328.4,2015-02-20 00:00:00,,,
590,4,50,1,IK2408/40906,,0.0,0.0,0.0,27.0,0.0,27379.12,2014-09-01 00:00:00,,,
591,4,50,1,IK2408/49199,,0.0,0.0,0.0,49.0,0.0,49091.17,2014-09-05 00:00:00,,,
592,4,50,1,IK2408/88861,,0.0,0.0,0.0,13.0,0.0,13091.26,2014-10-07 00:00:00,,,
593,4,50,1,IK2408/51264,,0.0,0.0,0.0,51.0,0.0,51058.4,2014-09-08 00:00:00,,,
594,4,50,1,IK2408/90581,,0.0,0.0,0.0,91.0,0.0,91153.99,2014-10-08 00:00:00,,,
595,4,50,1,IK2408/53292,,0.0,0.0,0.0,81.0,0.0,49448.02,2014-09-09 00:00:00,,,
596,4,50,1,IK2408/55392,,0.0,0.0,0.0,40.0,0.0,11290.2,2014-09-10 00:00:00,,,
597,4,50,1,IK2408/57550,,0.0,0.0,0.0,29.0,0.0,28648.19,2014-09-11 00:00:00,,,
598,4,50,1,IK2408/98413,,0.0,0.0,0.0,12.0,0.0,12218.79,2014-10-14 00:00:00,,,
599,4,50,1,IK2408/61765,,0.0,0.0,0.0,46.0,0.0,3890.24,2014-09-15 00:00:00,,,
600,4,50,1,IK2408/64075,,0.0,0.0,0.0,19.0,0.0,19646.95,2014-09-16 00:00:00,,,
601,4,50,1,IK2408/100431,,0.0,0.0,0.0,130.0,0.0,127483.83,2014-10-16 00:00:00,,1,
602,4,50,1,IK2408/66230,,0.0,0.0,0.0,13.0,0.0,13295.02,2014-09-17 00:00:00,,,
603,4,50,1,IK2408/102455,,0.0,0.0,0.0,59.0,0.0,45083.44,2014-10-17 00:00:00,,,
604,4,50,1,IK2408/70753,,0.0,0.0,0.0,7.0,0.0,7428.15,2014-09-19 00:00:00,,,
605,4,50,1,IK2408/72761,,0.0,0.0,0.0,5.0,0.0,4853.27,2014-09-22 00:00:00,,,
606,4,50,1,IK2408/74932,,0.0,0.0,0.0,40.0,0.0,40343.87,2014-09-23 00:00:00,,,
607,4,50,1,IK2408/77106,,0.0,0.0,0.0,40.0,0.0,39670.89,2014-09-24 00:00:00,,,
608,4,50,1,IK2408/81721,,0.0,0.0,0.0,32.0,0.0,31981.65,2014-09-26 00:00:00,,,
609,4,50,1,IK2408/36460,,0.0,0.0,0.0,14.0,0.0,13594.03,2014-08-27 00:00:00,,,
610,4,50,1,IK2408/113240,,0.0,0.0,0.0,17.0,0.0,13300.77,2014-10-28 00:00:00,,1,
611,4,50,1,NSE/NN4064/1522,NN4064,0.0,0.0,0.0,33.0,0.0,32645.41,2014-04-02 00:00:00,,,
612,4,50,1,NSE/NN4065/2389,NN4065,0.0,0.0,0.0,51.0,0.0,51180.98,2014-04-03 00:00:00,,,
613,4,50,1,NSE/NN4066/3207,NN4066,0.0,0.0,0.0,12.0,0.0,12273.8,2014-04-04 00:00:00,,,
614,4,50,1,NSE/NN4068/4920,NN4068,0.0,0.0,0.0,23.0,0.0,22963.73,2014-04-09 00:00:00,,,
615,4,50,1,NSE/NN4069/5844,NN4069,0.0,0.0,0.0,33.0,0.0,32952.74,2014-04-10 00:00:00,,,
616,4,50,1,NSE/NN4071/7547,NN4071,0.0,0.0,0.0,49.0,0.0,49038.91,2014-04-15 00:00:00,,,
617,4,50,1,NSE/NN4072/8357,NN4072,0.0,0.0,0.0,86.0,0.0,83624.63,2014-04-16 00:00:00,,1,
618,4,50,1,NSE/NN4073/9150,NN4073,0.0,0.0,0.0,57.0,0.0,35883.02,2014-04-17 00:00:00,,1,
619,4,50,1,NSE/NN4074/9942,NN4074,0.0,0.0,0.0,25.0,0.0,24649.0,2014-04-21 00:00:00,,,
620,4,50,1,NSE/NN4075/10727,NN4075,0.0,0.0,0.0,54.0,0.0,45022.12,2014-04-22 00:00:00,,1,
621,4,50,1,NSE/NN4076/11526,NN4076,0.0,0.0,0.0,11.0,0.0,11422.68,2014-04-23 00:00:00,,,
622,4,50,1,NSE/NN4078/13135,NN4078,0.0,0.0,0.0,73.0,0.0,24558.51,2014-04-28 00:00:00,,,
623,4,50,1,NSE/NN4079/13915,NN4079,0.0,0.0,0.0,85.0,0.0,45366.9,2014-04-29 00:00:00,,,
624,4,50,1,NSE/NN4080/14768,NN4080,0.0,0.0,0.0,23.0,0.0,22676.44,2014-04-30 00:00:00,,,
625,4,50,1,NSE/NN4081/15530,NN4081,0.0,0.0,0.0,78.0,0.0,76125.92,2014-05-02 00:00:00,,1,
626,4,50,1,NSE/NN4084/17696,NN4084,0.0,0.0,0.0,11.0,0.0,10814.91,2014-05-07 00:00:00,,,
627,4,50,1,NSE/NN4085/18392,NN4085,0.0,0.0,0.0,27.0,0.0,5838.89,2014-05-08 00:00:00,,,
628,4,50,1,NSE/NN4086/19317,NN4086,0.0,0.0,0.0,16.0,0.0,16371.63,2014-05-09 00:00:00,,,
629,4,50,1,NSE/NN4087/20271,NN4087,0.0,0.0,0.0,17.0,0.0,3535.8,2014-05-12 00:00:00,,,
630,4,50,1,NSE/NN4088/21356,NN4088,0.0,0.0,0.0,51.0,0.0,50805.96,2014-05-13 00:00:00,,,
631,4,50,1,NSE/NN4089/22381,NN4089,0.0,0.0,0.0,50.0,0.0,19927.73,2014-05-14 00:00:00,,,
632,4,50,1,NSE/NN4090/23358,NN4090,0.0,0.0,0.0,9.0,0.0,8620.29,2014-05-15 00:00:00,,,
633,4,50,1,NSE/NN4092/25837,NN4092,0.0,0.0,0.0,26.0,0.0,1450.19,2014-05-19 00:00:00,,,
634,4,50,1,NSE/NN4093/27078,NN4093,0.0,0.0,0.0,73.0,0.0,30794.21,2014-05-20 00:00:00,,,
635,4,50,1,NSE/NN4095/29485,NN4095,0.0,0.0,0.0,84.0,0.0,60261.14,2014-05-22 00:00:00,,,
636,4,50,1,NSE/NN4096/30774,NN4096,0.0,0.0,0.0,28.0,0.0,6478.13,2014-05-23 00:00:00,,,
637,4,50,1,NSE/NN4097/32175,NN4097,0.0,0.0,0.0,72.0,0.0,72009.83,2014-05-26 00:00:00,,,
638,4,50,1,NSE/NN4098/33257,NN4098,0.0,0.0,0.0,76.0,0.0,76250.48,2014-05-27 00:00:00,,,
639,4,50,1,NSE/NN4099/34261,NN4099,0.0,0.0,0.0,38.0,0.0,37686.58,2014-05-28 00:00:00,,,
640,4,50,1,NSE/NN4100/35274,NN4100,0.0,0.0,0.0,7.0,0.0,7418.13,2014-05-29 00:00:00,,,
641,4,50,1,NSE/NN4102/37392,NN4102,0.0,0.0,0.0,6.0,0.0,42.84,2014-06-02 00:00:00,,1,
642,4,50,1,NSE/NN4108/44956,NN4108,0.0,0.0,0.0,60.0,0.0,20653.86,2014-06-10 00:00:00,,,
643,4,50,1,NSE/NN4110/47390,NN4110,0.0,0.0,0.0,11.0,0.0,10607.43,2014-06-12 00:00:00,,,
644,4,50,1,NSE/NN4117/54841,NN4117,0.0,0.0,0.0,19.0,0.0,18836.81,2014-06-23 00:00:00,,,
645,4,50,1,NSE/NN4121/58918,NN4121,0.0,0.0,0.0,6.0,0.0,5946.92,2014-06-27 00:00:00,,,
646,4,50,1,NSE/NN4124/62245,NN4124,0.0,0.0,0.0,12.0,0.0,12335.95,2014-07-02 00:00:00,,,
647,4,50,1,NSE/NW4125/63584,NW4125,0.0,0.0,0.0,12.0,0.0,11923.75,2014-07-03 00:00:00,,,
648,4,50,1,NSE/NN4029/138799,NN4029,0.0,0.0,0.0,9.0,0.0,8559.71,2014-02-10 00:00:00,,,
649,4,50,1,NSE/NN4130/68997,NN4130,0.0,0.0,0.0,43.0,0.0,43106.35,2014-07-10 00:00:00,,,
650,4,50,1,NSE/NN4133/71864,NN4133,0.0,0.0,0.0,9.0,0.0,9020.35,2014-07-15 00:00:00,,,
651,4,50,1,NSE/NN4134/72860,NN4134,0.0,0.0,0.0,11.0,0.0,11342.67,2014-07-16 00:00:00,,,
652,4,50,1,NSE/NN4139/77685,NN4139,0.0,0.0,0.0,21.0,0.0,21044.1,2014-07-23 00:00:00,,,
653,4,50,1,BSE/BR5013/561,BR5013,0.0,0.0,0.0,12.0,0.0,12023.79,2014-04-16 00:00:00,,,
654,4,50,1,BSE/BR5036/2155,BR5036,0.0,0.0,0.0,13.0,0.0,13324.98,2014-05-22 00:00:00,,,
655,4,50,1,BSE/BR5038/2343,BR5038,0.0,0.0,0.0,4.0,0.0,156.03,2014-05-26 00:00:00,,1,
656,4,50,1,BSE/BR5039/2426,BR5039,0.0,0.0,0.0,14.0,0.0,13504.0,2014-05-27 00:00:00,,,
657,4,50,1,BSE/BO5073/5352,BO5073,0.0,0.0,0.0,27.0,0.0,26469.17,2014-07-14 00:00:00,,,
658,4,50,1,BSE/BR5080/5890,BR5080,0.0,0.0,0.0,6.0,0.0,5836.93,2014-07-23 00:00:00,,,
659,4,50,1,BSE/BR5084/6180,BR5084,0.0,0.0,0.0,5.0,0.0,5303.36,2014-07-30 00:00:00,,,
660,4,50,1,,NN2203,0.0,0.0,0.0,17.0,0.0,17329.49,2012-10-25 00:00:00,,,
661,4,50,1,,NN3043,0.0,0.0,0.0,26.0,0.0,25595.37,2013-02-28 00:00:00,,,
662,4,50,1,IK2408/276400,,0.0,0.0,0.0,27.0,0.0,27285.86,2015-02-24 00:00:00,,,
663,4,50,1,IK2408/278392,,0.0,0.0,0.0,5.0,0.0,5165.42,2015-02-25 00:00:00,,,
664,4,50,1,IK2408/144624,,0.0,0.0,0.0,27.0,0.0,27190.85,2014-11-20 00:00:00,,,
665,4,50,1,IK2408/28125,,0.0,0.0,0.0,14.0,0.0,14083.95,2014-08-21 00:00:00,,,
666,4,50,1,NSE/NN4143/81531,NN4143,0.0,0.0,0.0,24.0,0.0,23482.67,2014-07-30 00:00:00,,,
667,4,50,1,IK2408/79601,,0.0,0.0,0.0,35.0,0.0,5292.85,2014-09-25 00:00:00,,,
668,4,50,1,IK2408/34405,,0.0,0.0,0.0,11.0,0.0,10787.59,2014-08-26 00:00:00,,,
669,4,50,1,IK2408/128233,,0.0,0.0,0.0,7.0,0.0,7309.62,2014-11-10 00:00:00,,,
670,4,50,1,IK2408/32360,,0.0,0.0,0.0,47.0,0.0,47352.87,2014-08-25 00:00:00,,,
671,4,50,1,IK2408/23978,,0.0,0.0,0.0,49.0,0.0,48363.51,2014-08-19 00:00:00,,,
672,4,50,1,IK2408/25999,,0.0,0.0,0.0,6.0,0.0,5841.91,2014-08-20 00:00:00,,,
673,4,50,1,IK2408/21880,,0.0,0.0,0.0,25.0,0.0,24956.46,2014-08-18 00:00:00,,,
674,4,50,1,IK2408/17844,,0.0,0.0,0.0,29.0,0.0,28944.46,2014-08-13 00:00:00,,,
675,4,50,1,IK2408/124247,,0.0,0.0,0.0,19.0,0.0,18656.67,2014-11-05 00:00:00,,,
676,4,50,1,IK2408/280748,,0.0,0.0,0.0,9.0,0.0,8772.82,2015-02-26 00:00:00,,,
677,4,50,1,IK2408/45023,,0.0,0.0,0.0,24.0,0.0,23537.4,2014-09-03 00:00:00,,,
678,4,50,1,IK2408/289106,,2.34,2.92,0.95,29.0,0.03,29244.74,2015-03-03 00:00:00,,,
679,4,50,1,IK2408/284981,,1.14,0.87,0.28,9.0,0.01,8639.7,2015-02-28 00:00:00,,,
680,4,50,1,IK2408/312947,,8.49,17.56,5.71,176.0,0.18,175342.91,2015-03-20 00:00:00,,,
681,4,50,1,IK2408/318314,,1.35,5.65,1.98,56.0,0.06,56375.96,2015-03-25 00:00:00,,,
682,4,50,1,IK2408/347108,,0.0,0.0,0.0,37.0,0.0,37298.7,2015-04-20 00:00:00,,,
683,4,50,1,IK2408/341090,,0.0,0.0,0.0,25.0,0.0,24786.11,2015-04-15 00:00:00,,,
684,4,50,1,IK2408/352873,,0.0,0.0,0.0,29.0,0.0,28588.14,2015-04-23 00:00:00,,,
685,4,50,1,IK2408/381784,,0.0,0.0,0.0,77.0,0.0,76666.33,2015-05-15 00:00:00,,,
686,4,50,1,IK2408/356753,,0.0,0.0,0.0,24.0,0.0,24197.54,2015-04-27 00:00:00,,,
687,4,50,1,IK2408/358613,,0.0,0.0,0.0,123.0,0.0,123123.27,2015-04-28 00:00:00,,,
688,4,50,1,IK2408/360502,,0.0,0.0,0.0,13.0,0.0,12475.17,2015-04-29 00:00:00,,,
689,4,50,1,IK2408/364641,,0.0,0.0,0.0,70.0,0.0,70563.97,2015-05-04 00:00:00,,,
690,4,50,1,IK2408/406241,,0.0,0.0,0.0,64.0,0.0,63781.41,2015-06-03 00:00:00,,,
691,4,50,1,IK2408/408071,,0.0,0.0,0.0,4.0,0.0,273.69,2015-06-04 00:00:00,,1,
692,4,50,1,IK2408/394597,,0.0,0.0,0.0,20.0,0.0,20067.97,2015-05-26 00:00:00,,,
693,4,50,1,IK2408/396474,,0.0,0.0,0.0,22.0,0.0,21577.42,2015-05-27 00:00:00,,,
694,4,50,1,IK2408/398675,,0.0,0.0,0.0,31.0,0.0,31276.08,2015-05-28 00:00:00,,,
695,4,50,1,IK2408/400597,,0.0,0.0,0.0,8.0,0.0,7627.16,2015-05-29 00:00:00,,,
696,4,50,1,IK2408/291295,,1.26,3.76,1.22,38.0,0.04,37587.72,2015-03-04 00:00:00,,,
697,4,50,1,IK2408/438644,,0.0,0.0,0.0,6.0,0.0,5842.07,2015-06-29 00:00:00,,,
698,4,50,1,IK2408/445460,,0.0,0.0,0.0,10.0,0.0,9664.78,2015-07-03 00:00:00,,,
699,4,50,1,IK2408/486884,,0.0,0.0,0.0,38.0,0.0,38011.53,2015-08-04 00:00:00,,,
700,4,50,1,IK2408/478896,,0.0,0.0,0.0,30.0,0.0,29625.64,2015-07-29 00:00:00,,,
701,4,50,1,IK2408/488944,,0.0,0.0,0.0,31.0,0.0,30880.51,2015-08-05 00:00:00,,,
702,4,50,-1,,,0.0,0.0,0.0,0.0,0.0,1500.0,2005-08-06 00:00:00,,,
703,4,50,1,IK2408/492670,,0.0,0.0,0.0,47.0,0.0,46326.05,2015-08-07 00:00:00,,,
704,4,50,1,IK2408/494501,,0.0,0.0,0.0,20.0,0.0,20113.09,2015-08-10 00:00:00,,,
705,4,50,1,IK2408/496472,,0.0,0.0,0.0,58.0,0.0,58621.92,2015-08-11 00:00:00,,,
706,4,50,1,IK2408/498558,,0.0,0.0,0.0,14.0,0.0,12209.98,2015-08-12 00:00:00,,1,
707,4,50,1,IK2408/500577,,0.0,0.0,0.0,13.0,0.0,12795.03,2015-08-13 00:00:00,,,
708,4,50,1,IK2408/504469,,0.0,0.0,0.0,6.0,0.0,5904.08,2015-08-17 00:00:00,,,
709,4,50,1,IK2408/506345,,0.0,0.0,0.0,34.0,0.0,34198.98,2015-08-18 00:00:00,,,
710,4,50,1,IK2408/508233,,0.0,0.0,0.0,64.0,0.0,9736.96,2015-08-19 00:00:00,,1,
711,4,50,1,IK2408/510298,,0.0,0.0,0.0,62.0,0.0,61336.38,2015-08-20 00:00:00,,,
712,4,50,1,IK2408/512361,,0.0,0.0,0.0,47.0,0.0,22095.99,2015-08-21 00:00:00,,1,
713,4,50,1,IK2408/514724,,0.0,0.0,0.0,41.0,0.0,19260.09,2015-08-24 00:00:00,,,
714,4,50,1,IK2408/517014,,0.0,0.0,0.0,60.0,0.0,59675.97,2015-08-25 00:00:00,,,
715,4,50,1,IK2408/523140,,0.0,0.0,0.0,8.0,0.0,8347.43,2015-08-28 00:00:00,,,
716,4,50,1,IK2408/533545,,0.0,0.0,0.0,10.0,0.0,10046.65,2015-09-07 00:00:00,,,
717,4,50,1,IK2408/547783,,0.0,0.0,0.0,6.0,0.0,6467.16,2015-09-18 00:00:00,,,
718,4,50,1,IK2408/531834,,0.0,0.0,0.0,33.0,0.0,33150.33,2015-09-04 00:00:00,,,
719,4,50,1,IK2408/549636,,0.0,0.0,0.0,8.0,0.0,7768.33,2015-09-21 00:00:00,,,
720,4,50,1,IK2408/557358,,0.0,0.0,0.0,96.0,0.0,8232.25,2015-09-28 00:00:00,,,
721,4,50,1,IK2408/574052,,0.0,0.0,0.0,34.0,0.0,34146.02,2015-10-12 00:00:00,,,
722,4,50,1,IK2408/561099,,0.0,0.0,0.0,4.0,0.0,3814.79,2015-09-30 00:00:00,,,
723,4,50,1,IK2408/577479,,0.0,0.0,0.0,9.0,0.0,8749.52,2015-10-14 00:00:00,,,
724,4,50,1,IK2408/589710,,0.0,0.0,0.0,10.0,0.0,10321.71,2015-10-26 00:00:00,,,
725,4,50,1,IK2408/591381,,0.0,0.0,0.0,10.0,0.0,10351.71,2015-10-27 00:00:00,,,
726,4,50,1,IK2408/595288,,0.0,0.0,0.0,26.0,0.0,26080.13,2015-10-29 00:00:00,,,
727,4,50,1,IK2408/597061,,0.0,0.0,0.0,16.0,0.0,15578.42,2015-10-30 00:00:00,,,
728,4,50,1,IK2408/598617,,0.0,0.0,0.0,209.0,0.0,183806.77,2015-11-02 00:00:00,,,
729,4,50,1,IK2408/600097,,0.0,0.0,0.0,20.0,0.0,20066.97,2015-11-03 00:00:00,,,
730,4,50,1,IK2408/601642,,0.0,0.0,0.0,42.0,0.0,41656.42,2015-11-04 00:00:00,,,
731,4,50,1,IK2408/603226,,0.0,0.0,0.0,65.0,0.0,64435.32,2015-11-05 00:00:00,,,
732,4,50,1,IK2408/608032,,0.0,0.0,0.0,42.0,0.0,42112.02,2015-11-10 00:00:00,,,
733,4,50,1,IK2408/618507,,0.0,0.0,0.0,14.0,0.0,13626.18,2015-11-20 00:00:00,,,
734,4,50,1,IK2408/620068,,0.0,0.0,0.0,14.0,0.0,13826.22,2015-11-23 00:00:00,,,
735,4,50,1,IK2408/623650,,0.0,0.0,0.0,22.0,0.0,21660.29,2015-11-26 00:00:00,,,
736,4,50,1,IK2408/650430,,0.0,0.0,0.0,34.0,0.0,33835.43,2015-12-21 00:00:00,,,
737,4,50,1,IK2408/658278,,0.0,0.0,0.0,29.0,0.0,29043.41,2015-12-29 00:00:00,,,
738,4,50,1,IK2408/656687,,0.0,0.0,0.0,93.0,0.0,93551.69,2015-12-28 00:00:00,,,
739,4,50,1,IK2408/659771,,0.0,0.0,0.0,67.0,0.0,67237.2,2015-12-30 00:00:00,,,
740,4,50,1,IK2408/664843,,0.0,0.0,0.0,101.0,0.0,11439.28,2016-01-04 00:00:00,,,
741,4,50,1,IK2408/666588,,0.0,0.0,0.0,45.0,0.0,44719.18,2016-01-05 00:00:00,,,
742,4,50,1,IK2408/704374,,0.0,0.0,0.0,14.0,0.0,13544.24,2016-02-08 00:00:00,,,
743,4,50,1,IK2408/681911,,0.0,0.0,0.0,26.0,0.0,25767.48,2016-01-18 00:00:00,,,
744,4,50,1,IK2408/676942,,0.0,0.0,0.0,76.0,0.0,76103.15,2016-01-13 00:00:00,,,
745,4,50,1,IK2408/755603,,0.0,0.0,0.0,20.0,0.0,19845.85,2016-03-28 00:00:00,,,
746,4,50,1,,,0.0,0.0,0.0,0.0,0.0,4800.0,1999-07-09 00:00:00,,,
747,4,50,1,IK2408/766931,,0.0,0.0,0.0,5.0,0.0,5376.17,2016-04-06 00:00:00,,,
748,4,50,1,IK2408/768489,,0.0,0.0,0.0,12.0,0.0,11873.96,2016-04-07 00:00:00,,,
749,4,50,1,IK2408/825654,,0.0,0.0,0.0,2.0,0.0,2129.9,2016-05-31 00:00:00,,,
750,4,50,1,IK2408/827242,,0.0,0.0,0.0,13.0,0.0,12685.47,2016-06-01 00:00:00,,,
751,4,50,1,IK2408/828817,,0.0,0.0,0.0,6.0,0.0,6107.21,2016-06-02 00:00:00,,,
752,4,50,1,IK2408/836639,,0.0,0.0,0.0,12.0,0.0,12074.03,2016-06-09 00:00:00,,,
753,4,50,1,IK2408/849941,,0.0,0.0,0.0,5.0,0.0,4816.55,2016-06-21 00:00:00,,,
754,4,50,1,IK2408/853152,,0.0,0.0,0.0,4.0,0.0,4240.53,2016-06-23 00:00:00,,,
755,4,50,1,IK2408/855152,,0.0,0.0,0.0,75.0,0.0,74339.67,2016-06-24 00:00:00,,,
756,4,50,1,IK2408/856979,,0.0,0.0,0.0,24.0,0.0,23966.14,2016-06-27 00:00:00,,,
757,4,50,1,IK2408/873082,,0.0,0.0,0.0,3.0,0.0,3477.0,2016-07-11 00:00:00,,,
758,4,50,1,IK2408/862510,,0.0,0.0,0.0,16.0,0.0,15641.94,2016-06-30 00:00:00,,,
759,4,50,1,IK2408/874842,,0.0,0.0,0.0,5.0,0.0,4724.04,2016-07-12 00:00:00,,,
760,4,50,1,IK2408/876604,,0.0,0.0,0.0,4.0,0.0,4513.04,2016-07-13 00:00:00,,,
761,4,50,1,IK2408/881934,,0.0,0.0,0.0,68.0,0.0,32828.94,2016-07-18 00:00:00,,,
762,4,50,1,IK2408/885134,,0.0,0.0,0.0,47.0,0.0,47524.57,2016-07-20 00:00:00,,,
763,4,50,1,IK2408/886854,,0.0,0.0,0.0,24.0,0.0,24198.64,2016-07-21 00:00:00,,,
764,4,50,1,IK2408/888562,,0.0,0.0,0.0,21.0,0.0,21085.18,2016-07-22 00:00:00,,,
765,4,50,1,IK2408/892043,,0.0,0.0,0.0,69.0,0.0,14805.82,2016-07-26 00:00:00,,1,
766,4,50,1,IK2408/890307,,0.0,0.0,0.0,12.0,0.0,12097.66,2016-07-25 00:00:00,,,
767,4,50,1,IK2408/893825,,0.0,0.0,0.0,43.0,0.0,43140.25,2016-07-27 00:00:00,,,
768,4,50,1,IK2408/726719,,6.81,32.63,10.87,10.0,0.33,326228.71,2016-02-26 00:00:00,,,
769,4,50,1,,,0.0,0.0,0.0,0.0,0.0,300510.0,2014-01-22 00:00:00,,,
770,4,50,1,IK2408/912744,,0.0,0.0,0.0,113.0,0.0,71064.86,2016-08-11 00:00:00,,,
771,4,50,1,IK2408/914515,,0.0,0.0,0.0,22.0,0.0,21893.79,2016-08-12 00:00:00,,,
772,4,50,1,IK2408/916141,,0.0,0.0,0.0,26.0,0.0,26258.22,2016-08-16 00:00:00,,,
773,4,50,1,IK2408/919278,,0.0,0.0,0.0,0.0,0.0,111426.73,2016-08-18 00:00:00,,,
774,4,50,1,IK2408/920940,,0.0,0.0,0.0,0.0,0.0,144786.05,2016-08-19 00:00:00,,,
775,4,50,1,IK2408/938900,,0.0,0.0,0.0,20.0,0.0,19992.41,2016-09-06 00:00:00,,,
776,4,50,1,IK2408/940654,,0.0,0.0,0.0,48.0,0.0,48020.6,2016-09-07 00:00:00,,,
777,4,50,1,IK2408/942398,,0.0,0.0,0.0,21.0,0.0,20964.82,2016-09-08 00:00:00,,,
778,4,50,1,IK2408/944198,,0.0,0.0,0.0,38.0,0.0,37681.91,2016-09-09 00:00:00,,,
779,4,50,1,IK2408/945915,,0.0,0.0,0.0,354.0,0.0,354656.05,2016-09-12 00:00:00,,,
780,4,50,-1,,,0.0,0.0,0.0,0.0,0.0,258175.0,2016-09-14 00:00:00,,,
781,4,50,1,IK2408/950994,,0.0,0.0,0.0,35.0,0.0,35408.6,2016-09-16 00:00:00,,,
782,4,40,1,IK2408/957543,,0.0,0.0,0.0,0.0,0.0,279685.64,2016-09-22 00:00:00,,,
783,4,50,1,IK2408/959393,,0.0,0.0,0.0,7.0,0.0,7507.39,2016-09-23 00:00:00,,,
784,4,50,1,IK2408/961159,,0.0,0.0,0.0,26.0,0.0,26265.38,2016-09-26 00:00:00,,,
785,4,50,1,IK2408/975288,,0.0,0.0,0.0,13.0,0.0,13160.88,2016-10-06 00:00:00,,,
786,4,50,1,IK2408/964552,,0.0,0.0,0.0,26.0,0.0,26200.38,2016-09-28 00:00:00,,,
787,4,50,1,IK2408/966876,,0.0,0.0,0.0,26.0,0.0,25665.36,2016-09-29 00:00:00,,,
788,4,50,1,IK2408/979856,,0.0,0.0,0.0,49.0,0.0,48661.62,2016-10-13 00:00:00,,,
789,4,50,1,IK2408/984796,,0.0,0.0,0.0,22.0,0.0,21548.8,2016-10-18 00:00:00,,,
790,4,50,1,IK2408/989953,,0.0,0.0,0.0,20.0,0.0,20214.15,2016-10-21 00:00:00,,,
791,4,50,1,IK2408/991643,,0.0,0.0,0.0,13.0,0.0,13040.87,2016-10-24 00:00:00,,,
792,4,50,1,IK2408/1001003,,0.0,0.0,0.0,18.0,0.0,18270.16,2016-11-01 00:00:00,,,
793,4,50,1,IK2408/1005839,,0.0,0.0,0.0,6.0,0.0,5985.44,2016-11-04 00:00:00,,,
794,4,50,1,IK2408/1007538,,0.0,0.0,0.0,50.0,0.0,23795.12,2016-11-07 00:00:00,,,
795,4,50,1,IK2408/1011077,,0.0,0.0,0.0,130.0,0.0,130639.09,2016-11-09 00:00:00,,,
796,4,50,1,IK2408/1014777,,0.0,0.0,0.0,27.0,0.0,27459.96,2016-11-11 00:00:00,,,
797,4,50,1,IK2408/1016548,,0.0,0.0,0.0,14.0,0.0,14020.24,2016-11-15 00:00:00,,,
798,4,50,1,IK2408/1018172,,0.0,0.0,0.0,43.0,0.0,33814.78,2016-11-16 00:00:00,,,
799,4,50,1,IK2408/1021130,,0.0,0.0,0.0,13.0,0.0,12938.37,2016-11-18 00:00:00,,,
800,4,50,1,IK2408/1024125,,0.0,0.0,0.0,42.0,0.0,41945.1,2016-11-22 00:00:00,,,
801,4,50,1,IK2408/1029026,,0.0,0.0,0.0,35.0,0.0,34242.06,2016-11-25 00:00:00,,,
802,4,50,1,IK2408/1031870,,0.0,0.0,0.0,15.0,0.0,15354.96,2016-11-29 00:00:00,,,
803,4,50,1,IK2408/1040268,,0.0,0.0,0.0,47.0,0.0,46877.38,2016-12-07 00:00:00,,,
804,4,50,1,IK2408/1053919,,0.0,0.0,0.0,6.0,0.0,5795.09,2016-12-21 00:00:00,,,
805,4,50,1,IK2408/1056694,,0.0,0.0,0.0,63.0,0.0,63395.36,2016-12-23 00:00:00,,,
806,4,50,1,IK2408/1077712,,0.0,0.0,0.0,19.0,0.0,18096.09,2017-01-12 00:00:00,,,
807,4,50,1,IK2408/1080753,,0.0,0.0,0.0,28.0,0.0,28232.53,2017-01-16 00:00:00,,,
808,4,50,1,IK2408/1091874,,0.0,0.0,0.0,14.0,0.0,14233.09,2017-01-25 00:00:00,,,
809,4,50,1,,,0.0,0.0,0.0,0.0,0.0,200000.0,2017-01-31 00:00:00,,,
810,4,50,1,IK2408/1098625,,0.0,0.0,0.0,65.0,0.0,65060.62,2017-02-01 00:00:00,,,
811,4,50,1,IK2408/1103986,,0.0,0.0,0.0,22.0,0.0,21567.55,2017-02-06 00:00:00,,,
812,4,50,1,IK2408/1117204,,0.0,0.0,0.0,15.0,0.0,15062.05,2017-02-16 00:00:00,,,
813,4,50,1,IK2408/1118909,,0.0,0.0,0.0,52.0,0.0,51933.91,2017-02-17 00:00:00,,,
814,4,50,1,IK2408/1122080,,0.0,0.0,0.0,17.0,0.0,17269.97,2017-02-21 00:00:00,,,
815,4,50,1,IK2408/1132393,,0.0,0.0,0.0,5.0,0.0,5341.56,2017-03-02 00:00:00,,,
816,4,50,1,IK2408/1136851,,0.0,0.0,0.0,10.0,0.0,9784.24,2017-03-07 00:00:00,,,
817,4,50,1,IK2408/1138343,,0.0,0.0,0.0,10.0,0.0,9699.23,2017-03-08 00:00:00,,,
818,4,50,1,IK2408/1139877,,0.0,0.0,0.0,3.0,0.0,3013.76,2017-03-09 00:00:00,,,
819,4,50,1,IK2408/1144673,,0.0,0.0,0.0,36.0,0.0,16262.15,2017-03-15 00:00:00,,,
820,4,50,1,IK2408/1149876,,0.0,0.0,0.0,7.0,0.0,6843.62,2017-03-20 00:00:00,,,
821,4,50,1,IK2408/1151615,,0.0,0.0,0.0,27.0,0.0,27273.58,2017-03-21 00:00:00,,,
822,4,50,1,IK2408/1153390,,0.0,0.0,0.0,9.0,0.0,9318.86,2017-03-22 00:00:00,,,
823,4,50,1,IK2408/1155024,,0.0,0.0,0.0,0.0,0.0,28065.54,2017-03-23 00:00:00,,,
824,4,50,1,IK2408/1156653,,0.0,0.0,0.0,0.0,0.0,14132.09,2017-03-24 00:00:00,,,
825,4,50,1,,,0.0,0.0,0.0,0.0,0.0,147757.75,2017-03-28 00:00:00,,,
826,4,50,3,,,0.0,0.0,0.0,0.0,0.0,13000.0,1999-03-28 00:00:00,,,
827,4,50,3,CC2715138,,0.0,0.0,0.0,261.0,0.0,255877.53,2016-11-08 00:00:00,,,
828,4,50,3,CC2760252,,0.0,0.0,0.0,78.0,0.0,76861.61,2016-11-10 00:00:00,,,
829,4,50,3,CC0380433,,0.0,0.0,0.0,6.0,0.0,6357.66,2016-05-06 00:00:00,,,
830,4,50,3,CC1047064,,0.0,0.0,0.0,5.0,0.0,5097.53,2016-06-30 00:00:00,,,
831,4,50,3,CC1067289,,0.0,0.0,0.0,5.0,0.0,5226.3,2016-07-01 00:00:00,,,
832,4,50,3,CC0397144,,0.0,0.0,0.0,6.0,0.0,6356.47,2016-05-09 00:00:00,,,
833,4,50,1,IK2408/1160026,,0.0,0.0,0.0,3.0,0.0,2763.74,2017-03-28 00:00:00,,,
834,4,50,1,IK2408/1163681,,0.0,0.0,0.0,0.0,0.0,28075.54,2017-03-30 00:00:00,,,
835,4,50,1,IK2408/1166983,,0.0,0.0,0.0,0.0,0.0,42818.6,2017-04-03 00:00:00,,,
836,4,50,1,IK2408/3049,,0.0,0.0,0.0,0.0,0.0,44327.55,2017-04-05 00:00:00,,,
837,4,50,1,IK2408/8305,,0.0,0.0,0.0,0.0,0.0,550.26,2017-04-10 00:00:00,,,
838,4,50,1,,,0.0,0.0,0.0,0.0,0.0,42826.0,2017-03-09 00:00:00,,,
839,4,50,1,IK2408/10101,,0.0,0.0,0.0,0.0,0.0,92587.99,2017-04-11 00:00:00,,,
840,4,50,1,IK2408/11842,,0.0,0.0,0.0,0.0,0.0,35752.45,2017-04-12 00:00:00,,,
841,4,50,1,,,0.0,0.0,0.0,0.0,0.0,116000.0,1990-04-13 00:00:00,,,
842,4,50,1,IK2408/15358,,0.0,0.0,0.0,0.0,0.0,49904.78,2017-04-17 00:00:00,,,
843,4,50,1,IK2408/17205,,0.0,0.0,0.0,0.0,0.0,504914.08,2017-04-18 00:00:00,,1,
844,4,50,1,IK2408/18936,,0.0,0.0,0.0,0.0,0.0,32588.32,2017-04-19 00:00:00,,,
845,4,50,1,IK2408/20695,,0.0,0.0,0.0,0.0,0.0,3895.82,2017-04-20 00:00:00,,,
846,4,50,1,IK2408/22489,,0.0,0.0,0.0,0.0,0.0,103509.37,2017-04-21 00:00:00,,,
847,4,50,1,IK2408/24261,,0.0,0.0,0.0,0.0,0.0,136764.57,2017-04-24 00:00:00,,,
848,4,50,1,IK2408/31735,,0.0,0.0,0.0,0.0,0.0,10821.22,2017-04-28 00:00:00,,,
849,4,50,1,IK2408/34951,,0.0,0.0,0.0,0.0,0.0,19858.13,2017-05-03 00:00:00,,,
850,4,50,1,IK2408/38482,,0.0,0.0,0.0,0.0,0.0,45951.16,2017-05-05 00:00:00,,1,
851,4,50,1,IK2408/28123,,0.0,0.0,0.0,0.0,0.0,27602.55,2017-04-26 00:00:00,,,
852,4,50,1,IK2408/46778,,0.0,0.0,0.0,0.0,0.0,60531.91,2017-05-12 00:00:00,,,
853,4,50,1,IK2408/48458,,0.0,0.0,0.0,0.0,0.0,16703.74,2017-05-15 00:00:00,,,
854,4,50,1,IK2408/50192,,0.0,0.0,0.0,0.0,0.0,18443.92,2017-05-16 00:00:00,,,
855,4,50,1,IK2408/51909,,0.0,0.0,0.0,0.0,0.0,8269.69,2017-05-17 00:00:00,,,
856,4,50,1,IK2408/53755,,0.0,0.0,0.0,0.0,0.0,76000.55,2017-05-18 00:00:00,,,
857,4,50,1,IK2408/55660,,0.0,0.0,0.0,0.0,0.0,19859.68,2017-05-19 00:00:00,,,
858,4,50,1,IK2408/57427,,0.0,0.0,0.0,0.0,0.0,70552.37,2017-05-22 00:00:00,,,
859,4,50,1,IK2408/59216,,0.0,0.0,0.0,0.0,0.0,21488.04,2017-05-23 00:00:00,,,
860,4,50,3,CC0349242,,0.0,0.0,0.0,0.0,0.0,22841.67,2017-04-26 00:00:00,,,
861,4,50,1,IK2408/60996,,0.0,0.0,0.0,0.0,0.0,72796.64,2017-05-24 00:00:00,,,
862,4,50,1,IK2408/41739,,0.0,0.0,0.0,0.0,0.0,136.86,2017-05-09 00:00:00,,1,
863,4,50,1,IK2408/62965,,0.0,0.0,0.0,0.0,0.0,7351.36,2017-05-25 00:00:00,,,
864,4,50,1,IK2408/66354,,0.0,0.0,0.0,0.0,0.0,22882.95,2017-05-29 00:00:00,,,
865,4,50,1,IK2408/67886,,0.0,0.0,0.0,0.0,0.0,31771.63,2017-05-30 00:00:00,,,
866,4,50,1,IK2408/69417,,0.0,0.0,0.0,0.0,0.0,38307.58,2017-05-31 00:00:00,,,
867,4,50,1,IK2408/71000,,0.0,0.0,0.0,0.0,0.0,6027.6,2017-06-01 00:00:00,,,
868,4,50,1,IK2408/74015,,0.0,0.0,0.0,0.0,0.0,26536.39,2017-06-05 00:00:00,,,
869,4,50,1,IK2408/75502,,0.0,0.0,0.0,0.0,0.0,11774.81,2017-06-06 00:00:00,,,
870,4,50,1,IK2408/77020,,0.0,0.0,0.0,0.0,0.0,117894.15,2017-06-07 00:00:00,,,
871,4,50,1,IK2408/78654,,0.0,0.0,0.0,0.0,0.0,14012.91,2017-06-08 00:00:00,,,
872,4,50,1,IK2408/81689,,0.0,0.0,0.0,0.0,0.0,40960.32,2017-06-12 00:00:00,,,
873,4,50,1,IK2408/87955,,0.0,0.0,0.0,0.0,0.0,13876.9,2017-06-16 00:00:00,,,
874,4,50,1,IK2408/89511,,0.0,0.0,0.0,0.0,0.0,12917.02,2017-06-19 00:00:00,,,
875,4,50,1,IK2408/91072,,0.0,0.0,0.0,0.0,0.0,7241.86,2017-06-20 00:00:00,,,
876,4,50,1,IK2408/92571,,0.0,0.0,0.0,0.0,0.0,27650.29,2017-06-21 00:00:00,,,
877,4,50,1,IK2408/94243,,0.0,0.0,0.0,0.0,0.0,7156.37,2017-06-22 00:00:00,,,
878,4,50,1,IK2408/95862,,0.0,0.0,0.0,0.0,0.0,14361.93,2017-06-23 00:00:00,,,
879,4,50,1,IK2408/97467,,0.0,0.0,0.0,0.0,0.0,6794.87,2017-06-27 00:00:00,,,
880,4,50,1,IK2408/99059,,0.0,0.0,0.0,0.0,0.0,78600.39,2017-06-28 00:00:00,,,
881,4,50,1,IK2408/104277   07/JUL2017/1271,,0.0,0.0,0.0,0.0,0.0,111854.91,2017-07-03 00:00:00,,,
882,4,50,1,IK2408/114147   07/JUL2017/11141,,0.0,0.0,0.0,0.0,0.0,69734.86,2017-07-11 00:00:00,,,
883,4,50,1,IK2408/115855   07/JUL2017/12849,,0.0,0.0,0.0,0.0,0.0,12549.6,2017-07-12 00:00:00,,,
884,4,50,1,IK2408/122779   07/JUL2017/19773,,0.0,0.0,0.0,0.0,0.0,26741.7,2017-07-18 00:00:00,,,
885,4,50,1,IK2408/126273   07/JUL2017/23267,,0.0,0.0,0.0,0.0,0.0,14565.71,2017-07-20 00:00:00,,,
886,4,50,1,IK2408/124509   07/JUL2017/21503,,0.0,0.0,0.0,0.0,0.0,14603.21,2017-07-19 00:00:00,,,
887,4,50,1,IK2408/128105   07/JUL2017/25099,,0.0,0.0,0.0,0.0,0.0,55683.24,2017-07-21 00:00:00,,,
888,4,50,1,IK2408/131750   07/JUL2017/28744,,0.0,0.0,0.0,0.0,0.0,13588.38,2017-07-25 00:00:00,,,
889,4,50,1,IK2408/133555   07/JUL2017/30549,,0.0,0.0,0.0,0.0,0.0,57131.53,2017-07-26 00:00:00,,,
890,4,50,1,IK2408/773001,,0.0,0.0,0.0,11.0,0.0,10968.32,2016-04-12 00:00:00,,,
891,4,50,1,IK2408/135614   07/JUL2017/32608,,0.0,0.0,0.0,0.0,0.0,65196.49,2017-07-27 00:00:00,,,
892,4,50,1,IK2408/952637,,0.0,0.0,0.0,8.0,0.0,7950.93,2016-09-19 00:00:00,,,
893,4,50,1,IK2408/1165376,,0.0,0.0,0.0,0.0,0.0,14102.09,2017-03-31 00:00:00,,,
894,4,50,1,IK2408/137346   07/JUL2017/34340,,0.0,0.0,0.0,0.0,0.0,24286.01,2017-07-28 00:00:00,,,
895,4,50,1,IK2408/112397   07/JUL2017/9391,,0.0,0.0,0.0,0.0,0.0,11337.7,2017-07-10 00:00:00,,,
896,4,50,1,IK2408/117604   07/JUL2017/14598,,0.0,0.0,0.0,0.0,0.0,13189.42,2017-07-13 00:00:00,,,
897,4,50,3,,,0.0,0.0,0.0,0.0,0.0,1500.0,2000-07-31 00:00:00,,,
898,4,50,1,IK2408/138995   07/JUL2017/35989,,0.0,0.0,0.0,0.0,0.0,18769.38,2017-07-31 00:00:00,,,
899,4,50,1,IK2408/140523   07/AUG2017/1133,,0.0,0.0,0.0,0.0,0.0,15498.24,2017-08-01 00:00:00,,,
900,4,50,1,IK2408/142068   07/AUG2017/2678,,0.0,0.0,0.0,0.0,0.0,9817.02,2017-08-02 00:00:00,,,
901,4,50,1,IK2408/143774   07/AUG2017/4384,,0.0,0.0,0.0,0.0,0.0,18471.04,2017-08-03 00:00:00,,,
902,4,50,1,IK2408/145443   07/AUG2017/6053,,0.0,0.0,0.0,0.0,0.0,58737.01,2017-08-04 00:00:00,,,
903,4,50,1,IK2408/150284   07/AUG2017/10894,,0.0,0.0,0.0,0.0,0.0,14207.19,2017-08-09 00:00:00,,,
904,4,50,1,IK2408/152121   07/AUG2017/12731,,0.0,0.0,0.0,0.0,0.0,171041.27,2017-08-10 00:00:00,,1,
905,4,50,1,IK2408/154016   07/AUG2017/14626,,0.0,0.0,0.0,0.0,0.0,31470.0,2017-08-11 00:00:00,,,
906,4,50,1,IK2408/158990   07/AUG2017/19600,,0.0,0.0,0.0,0.0,0.0,33303.26,2017-08-17 00:00:00,,,
907,4,50,1,IK2408/167023   07/AUG2017/27633,,0.0,0.0,0.0,0.0,0.0,4651.84,2017-08-24 00:00:00,,1,
908,4,50,3,,,0.0,0.0,0.0,0.0,0.0,14400.0,1990-08-29 00:00:00,,,
909,4,50,1,IK2408/171945   07/AUG2017/32555,,0.0,0.0,0.0,0.0,0.0,77600.24,2017-08-30 00:00:00,,,
910,4,50,1,IK2408/173680   07/AUG2017/34290,,0.0,0.0,0.0,0.0,0.0,17835.47,2017-08-31 00:00:00,,,
911,4,50,1,IK2408/175390   07/SEP2017/1275,,0.0,0.0,0.0,0.0,0.0,35837.06,2017-09-01 00:00:00,,,
912,4,50,1,IK2408/177045   07/SEP2017/2930,,0.0,0.0,0.0,0.0,0.0,24835.37,2017-09-04 00:00:00,,,
913,4,50,1,IK2408/178588   07/SEP2017/4473,,0.0,0.0,0.0,0.0,0.0,6622.63,2017-09-05 00:00:00,,,
914,4,50,1,IK2408/181792   07/SEP2017/7677,,0.0,0.0,0.0,0.0,0.0,14409.5,2017-09-07 00:00:00,,,
915,4,50,1,IK2408/183501   07/SEP2017/9386,,0.0,0.0,0.0,0.0,0.0,22217.92,2017-09-08 00:00:00,,,
916,4,50,1,IK2408/185124   07/SEP2017/11009,,0.0,0.0,0.0,0.0,0.0,30081.46,2017-09-11 00:00:00,,,
917,4,50,1,IK2408/186838   07/SEP2017/12723,,0.0,0.0,0.0,0.0,0.0,27115.77,2017-09-12 00:00:00,,,
918,4,50,1,IK2408/188577   07/SEP2017/14462,,0.0,0.0,0.0,0.0,0.0,53809.88,2017-09-13 00:00:00,,1,
919,4,50,1,IK2408/190379   07/SEP2017/16264,,0.0,0.0,0.0,0.0,0.0,6896.4,2017-09-14 00:00:00,,,
920,4,50,1,IK2408/192023   07/SEP2017/17908,,0.0,0.0,0.0,0.0,0.0,9421.0,2017-09-15 00:00:00,,,
921,4,50,1,IK2408/193823   07/SEP2017/19708,,0.0,0.0,0.0,0.0,0.0,11875.1,2017-09-18 00:00:00,,,
922,4,50,1,IK2408/197179   07/SEP2017/23064,,0.0,0.0,0.0,0.0,0.0,39772.5,2017-09-20 00:00:00,,1,
923,4,50,1,IK2408/198907   07/SEP2017/24792,,0.0,0.0,0.0,0.0,0.0,23736.72,2017-09-21 00:00:00,,,
924,4,50,1,IK2408/202375   07/SEP2017/28260,,0.0,0.0,0.0,0.0,0.0,11156.46,2017-09-25 00:00:00,,1,
925,4,50,1,IK2408/205749   07/SEP2017/31632,,0.0,0.0,0.0,0.0,0.0,24467.63,2017-09-27 00:00:00,,,
926,4,50,1,,,0.0,0.0,0.0,0.0,0.0,29084.0,2017-09-26 00:00:00,,,
927,4,50,1,IK2408/207649   07/SEP2017/33530,,0.0,0.0,0.0,0.0,0.0,15072.43,2017-09-28 00:00:00,,1,
928,4,50,1,IK2408/210542   07/OCT2017/1118,,0.0,0.0,0.0,0.0,0.0,6443.29,2017-10-03 00:00:00,,,
929,4,50,1,IK2408/228344   07/OCT2017/18920,,0.0,0.0,0.0,0.0,0.0,17986.35,2017-10-18 00:00:00,,,
930,4,50,1,,,0.0,0.0,0.0,0.0,0.0,29400.0,2017-10-07 00:00:00,,,
931,4,50,1,IK2408/232920   07/OCT2017/23496,,0.0,0.0,0.0,0.0,0.0,29355.2,2017-10-24 00:00:00,,,
932,4,50,1,IK2408/235220   07/OCT2017/25796,,0.0,0.0,0.0,0.0,0.0,43758.31,2017-10-25 00:00:00,,1,
933,4,50,1,IK2408/239492   07/OCT2017/30068,,0.0,0.0,0.0,0.0,0.0,17536.33,2017-10-27 00:00:00,,,
934,4,50,1,IK2408/250380   07/NOV2017/6983,,0.0,0.0,0.0,0.0,0.0,97576.19,2017-11-06 00:00:00,,,
935,4,50,1,IK2408/281250   07/NOV2017/37850,,0.0,0.0,0.0,0.0,0.0,8044.95,2017-11-29 00:00:00,,,
936,4,50,1,IK2408/283271   07/NOV2017/39870,,0.0,0.0,0.0,0.0,0.0,32636.44,2017-11-30 00:00:00,,,
937,4,50,1,IK2408/308470   07/DEC2017/24678,,0.0,0.0,0.0,0.0,0.0,36944.39,2017-12-21 00:00:00,,,
938,4,50,1,IK2408/343714   07/JAN2018/24910,,0.0,0.0,0.0,0.0,0.0,161944.48,2018-01-17 00:00:00,,,
939,4,50,1,IK2408/351015   07/JAN2018/32147,,0.0,0.0,0.0,0.0,0.0,118218.36,2018-01-23 00:00:00,,,
940,4,50,3,CC5431166,,0.0,0.0,0.0,0.0,0.0,17226.16,2018-02-08 00:00:00,,,
941,4,50,1,IK2408/406046   07/MAR2018/13192,,0.0,0.0,0.0,0.0,0.0,10113.03,2018-03-14 00:00:00,,,
942,4,50,4,redeem,,0.0,0.0,0.0,0.0,0.0,94138.0,2018-04-23 00:00:00,,,
943,4,50,1,IK2408/32187   07/APR2018/32187,,0.0,0.0,0.0,492.0,0.0,491125.72,2018-04-30 00:00:00,,,
944,4,50,1,IK2408/38295   07/MAY2018/5718,,0.0,0.0,0.0,666.0,0.0,391426.77,2018-05-07 00:00:00,,1,
945,4,50,1,IK2408/39779   07/MAY2018/7202,,0.0,0.0,0.0,46.0,0.0,12222.43,2018-05-08 00:00:00,,,
946,4,50,1,IK2408/41288   07/MAY2018/8711,,0.0,0.0,0.0,0.0,0.0,149392.26,2018-05-09 00:00:00,,,
947,4,50,1,IK2408/42854   07/MAY2018/10277,,0.0,0.0,0.0,0.0,0.0,107575.97,2018-05-10 00:00:00,,,
948,4,50,3,CC0869118,,0.0,0.0,0.0,16.0,0.0,15415.38,2018-05-16 00:00:00,,,
949,4,50,1,IK2408/68830   27/JUN2018/571,,0.0,0.0,0.0,301.0,0.0,304865.78,2018-06-04 00:00:00,,,
950,4,50,1,IK2408/70222   27/JUN2018/915,,0.0,0.0,0.0,370.0,0.0,370032.67,2018-06-05 00:00:00,,,
951,4,50,1,IK2408/71668   27/JUN2018/1223,,0.0,0.0,0.0,6.0,0.0,109448.54,2018-06-06 00:00:00,,,
952,4,50,1,IK2408/76087   27/JUN2018/2209,,0.0,0.0,0.0,37.0,0.0,37259.38,2018-06-11 00:00:00,,,
953,4,50,1,IK2408/77518   27/JUN2018/2525,,0.0,0.0,0.0,31.0,0.0,31403.12,2018-06-12 00:00:00,,,
954,4,50,2,321186,,0.0,0.0,0.0,0.0,0.0,141207.75,2018-06-18 00:00:00,,,
955,4,50,2,315626,,0.0,0.0,0.0,0.0,0.0,54332.61,2018-06-15 00:00:00,,,
956,4,50,1,,ipo,0.0,0.0,0.0,0.0,0.0,6375.0,2010-12-15 00:00:00,,,
957,4,50,1,,ipo,0.0,0.0,0.0,0.0,0.0,8256.0,2012-03-09 00:00:00,,,
958,4,50,1,,ipo,0.0,0.0,0.0,0.0,0.0,13872.0,2017-10-21 00:00:00,,,
959,4,50,1,IK2408/112116   27/JUL2018/3384,,0.0,0.0,0.0,0.0,0.0,141343.69,2018-07-16 00:00:00,,,
960,4,50,4,,NCD ISSUE,0.0,0.0,0.0,0.0,0.0,900000.0,2018-07-18 00:00:00,,,
961,4,50,1,IK2408/116587   27/JUL2018/4392,,0.0,0.0,0.0,0.0,0.0,271825.4,2018-07-19 00:00:00,,,
962,4,50,2,459809,,0.0,0.0,0.0,0.0,0.0,195808.76,2018-07-20 00:00:00,,,
963,4,50,2,93812,,0.0,0.0,0.0,0.0,0.0,101259.62,2018-07-25 00:00:00,,,
964,4,50,4,ipo,,0.0,0.0,0.0,0.0,0.0,300000.0,2018-09-27 00:00:00,,,
965,4,50,2,907619,,0.0,0.0,0.0,0.0,0.0,73377.09,2018-10-16 00:00:00,,,
966,4,50,4,redeem,,0.0,0.0,0.0,0.0,0.0,60000.0,2018-11-01 00:00:00,,,
967,4,50,2,1312611,,0.0,0.0,0.0,0.0,0.0,74461.43,2018-12-19 00:00:00,,,
968,4,50,1,rights,,0.0,0.0,0.0,0.0,0.0,25000.0,2018-06-07 00:00:00,,,
969,4,50,1,rights,,0.0,0.0,0.0,0.0,0.0,26460.0,2018-06-07 00:00:00,,,
970,4,50,2,253510,,0.0,0.0,0.0,0.0,0.0,9801.35,2018-12-28 00:00:00,,,
971,4,50,1,ipo,,0.0,0.0,0.0,0.0,0.0,199988.69,2019-02-25 00:00:00,,,
972,4,50,1,IK2408/334530   27/FEB2019/5050,,0.0,0.0,0.0,2.0,0.0,214037.14,2019-02-25 00:00:00,,,
973,4,50,4,redemption,,0.0,0.0,0.0,0.0,0.0,10051.0,2019-01-19 00:00:00,,,
974,4,50,4,redemptin,,0.0,0.0,0.0,0.0,0.0,138159.0,2019-03-05 00:00:00,,,
975,4,50,1,IK2408/356515   27/MAR2019/3703,,0.0,0.0,0.0,57.0,0.0,56688.38,2019-03-19 00:00:00,,,
976,4,50,1,IK2408/359379   27/MAR2019/4337,,0.0,0.0,0.0,1.0,0.0,105893.16,2019-03-22 00:00:00,,,
977,4,50,4,ipo,ipo,0.0,0.0,0.0,0.0,0.0,14960.0,2019-04-18 00:00:00,,,
978,4,50,4,ipo,ipo,0.0,0.0,0.0,0.0,0.0,14526.0,2019-04-20 00:00:00,,,
979,4,50,1,IK2408/16443   27/APR2019/3576,,1.72,2.0,0.57,18.0,9.03,17646.93,2019-04-16 00:00:00,,,
980,4,50,1,IK2408/14928   27/APR2019/3254,,1.72,2.0,0.53,16.0,9.02,16426.73,2019-04-15 00:00:00,,,
981,7,81,1,894,,0.0,0.0,0.0,0.0,0.0,15060.6,2013-04-22 00:00:00,,,
982,7,81,1,1052,,0.0,0.0,0.0,0.0,0.0,30262.94,2013-04-25 00:00:00,,,
983,7,81,1,1131,,0.0,0.0,0.0,0.0,0.0,8816.25,2013-04-26 00:00:00,,,
984,7,81,1,1211,,0.0,0.0,0.0,0.0,0.0,2639.66,2013-04-29 00:00:00,,,
985,7,81,1,1375,,0.0,0.0,0.0,0.0,0.0,3445.11,2013-05-02 00:00:00,,,
986,7,81,1,1611,,0.0,0.0,0.0,0.0,0.0,24088.02,2013-05-07 00:00:00,,1,
987,7,81,1,2038,,0.0,0.0,0.0,0.0,0.0,112.07,2013-05-14 00:00:00,,1,
988,7,81,1,2121,,0.0,0.0,0.0,0.0,0.0,218.95,2013-05-15 00:00:00,,,
989,7,81,1,2267,,0.0,0.0,0.0,0.0,0.0,6076.29,2013-05-17 00:00:00,,1,
990,7,81,1,2436,,0.0,0.0,0.0,0.0,0.0,790.78,2013-05-21 00:00:00,,,
991,7,81,1,2634,,0.0,0.0,0.0,0.0,0.0,321403.75,2013-05-23 00:00:00,,1,
992,7,81,1,2723,,0.0,0.0,0.0,0.0,0.0,334595.56,2013-05-24 00:00:00,,1,
993,7,81,1,2880,,0.0,0.0,0.0,0.0,0.0,30755.61,2013-05-28 00:00:00,,,
994,7,81,1,2980,,0.0,0.0,0.0,0.0,0.0,26249.28,2013-05-29 00:00:00,,1,
995,7,81,1,3159,,0.0,0.0,0.0,0.0,0.0,122260.0,2013-05-31 00:00:00,,1,
996,7,81,1,3667,,0.0,0.0,0.0,0.0,0.0,32053.79,2013-06-10 00:00:00,,,
997,7,81,1,3772,,0.0,0.0,0.0,0.0,0.0,104711.51,2013-06-11 00:00:00,,1,
998,7,81,1,3869,,0.0,0.0,0.0,0.0,0.0,116412.6,2013-06-12 00:00:00,,,
999,7,81,1,4031,,0.0,0.0,0.0,0.0,0.0,11149.96,2013-06-14 00:00:00,,1,
1000,7,81,1,4377,,0.0,0.0,0.0,0.0,0.0,132170.21,2013-06-20 00:00:00,,,
1001,7,81,1,4472,,0.0,0.0,0.0,0.0,0.0,29037.32,2013-06-21 00:00:00,,1,
1002,7,81,1,4862,,0.0,0.0,0.0,0.0,0.0,2476.12,2013-06-27 00:00:00,,,
1003,7,81,1,4967,,0.0,0.0,0.0,0.0,0.0,120106.4,2013-06-28 00:00:00,,,
1004,7,81,1,5074,,0.0,0.0,0.0,0.0,0.0,13584.8,2013-07-01 00:00:00,,,
1005,7,81,1,5354,,0.0,0.0,0.0,0.0,0.0,13217.74,2013-07-04 00:00:00,,1,
1006,7,81,1,5551,,0.0,0.0,0.0,0.0,0.0,286.59,2013-07-08 00:00:00,,,
1007,7,81,1,5771,,0.0,0.0,0.0,0.0,0.0,15504.5,2013-07-10 00:00:00,,1,
1008,7,81,1,6204,,0.0,0.0,0.0,0.0,0.0,21671.7,2013-07-17 00:00:00,,,
1009,7,81,1,7462,,0.0,0.0,0.0,0.0,0.0,472.08,2013-08-07 00:00:00,,,
1010,7,81,1,7531,,0.0,0.0,0.0,0.0,0.0,357.95,2013-08-08 00:00:00,,,
1011,7,81,1,8086,,0.0,0.0,0.0,0.0,0.0,468.26,2013-08-21 00:00:00,,,
1012,7,81,1,9395,,0.0,0.0,0.0,0.0,0.0,509.35,2013-09-12 00:00:00,,,
1013,7,81,1,12282,,0.0,0.0,0.0,0.0,0.0,2685.58,2013-11-08 00:00:00,,,
1014,7,81,1,12735,,0.0,0.0,0.0,0.0,0.0,2216.54,2013-11-19 00:00:00,,,
1015,7,81,1,14312,,0.0,0.0,0.0,0.0,0.0,1240.93,2013-12-18 00:00:00,,,
1016,7,81,1,14737,,0.0,0.0,0.0,0.0,0.0,58.35,2013-12-27 00:00:00,,,
1017,7,81,1,15002,,0.0,0.0,0.0,0.0,0.0,1247.82,2014-01-02 00:00:00,,1,
1018,7,81,1,15294,,0.0,0.0,0.0,0.0,0.0,206.3,2014-01-08 00:00:00,,1,
1019,7,81,1,17685,,0.0,0.0,0.0,0.0,0.0,198787.97,2014-02-26 00:00:00,,1,
1020,7,81,1,17743,,0.0,0.0,0.0,0.0,0.0,199091.96,2014-02-28 00:00:00,,,
1021,7,81,1,17815,,0.0,0.0,0.0,0.0,0.0,198698.03,2014-03-03 00:00:00,,,
1022,7,81,1,17847,,0.0,0.0,0.0,0.0,0.0,398318.9,2014-03-04 00:00:00,,,
1023,7,81,1,18219,,0.0,0.0,0.0,0.0,0.0,201093.11,2014-03-11 00:00:00,,,
1024,7,81,1,18485,,0.0,0.0,0.0,0.0,0.0,200498.1,2014-03-18 00:00:00,,,
1025,7,81,1,18571,,0.0,0.0,0.0,0.0,0.0,200088.08,2014-03-19 00:00:00,,,
1026,7,81,1,18751,,0.0,0.0,0.0,0.0,0.0,200606.9,2014-03-24 00:00:00,,,
1027,7,81,1,18889,,0.0,0.0,0.0,0.0,0.0,200710.72,2014-03-25 00:00:00,,1,
1028,7,81,1,9634,,0.0,0.0,0.0,0.0,0.0,9568.44,2013-03-18 00:00:00,,,
1029,7,81,1,7191,,0.0,0.0,0.0,0.0,0.0,20062.4,2013-01-24 00:00:00,,,
1030,7,81,1,4410,,0.0,0.0,0.0,0.0,0.0,94.12,2012-11-05 00:00:00,,1,
1031,7,81,1,4461,,0.0,0.0,0.0,0.0,0.0,14.6,2012-11-06 00:00:00,,1,
1032,7,81,1,4498,,0.0,0.0,0.0,0.0,0.0,553.76,2012-11-07 00:00:00,,1,
1033,7,81,1,4588,,0.0,0.0,0.0,0.0,0.0,251.04,2012-11-09 00:00:00,,,
1034,7,81,1,4811,,0.0,0.0,0.0,0.0,0.0,256.07,2012-11-20 00:00:00,,,
1035,7,81,1,4852,,0.0,0.0,0.0,0.0,0.0,1305.43,2012-11-21 00:00:00,,,
1036,7,81,1,4897,,0.0,0.0,0.0,0.0,0.0,3691.45,2012-11-22 00:00:00,,,
1037,7,81,1,4993,,0.0,0.0,0.0,0.0,0.0,3808.06,2012-11-26 00:00:00,,,
1038,7,81,1,5042,,0.0,0.0,0.0,0.0,0.0,6264.47,2012-11-27 00:00:00,,1,
1039,7,81,1,5579,,0.0,0.0,0.0,0.0,0.0,5386.08,2012-12-13 00:00:00,,,
1040,7,81,1,5633,,0.0,0.0,0.0,0.0,0.0,23385.71,2012-12-14 00:00:00,,1,
1041,7,81,1,5686,,0.0,0.0,0.0,0.0,0.0,18787.55,2012-12-17 00:00:00,,1,
1042,7,81,1,5791,,0.0,0.0,0.0,0.0,0.0,261.05,2012-12-19 00:00:00,,,
1043,7,81,1,5889,,0.0,0.0,0.0,0.0,0.0,6598.07,2012-12-21 00:00:00,,,
1044,7,81,1,5946,,0.0,0.0,0.0,0.0,0.0,12089.12,2012-12-24 00:00:00,,1,
1045,7,81,1,5989,,0.0,0.0,0.0,0.0,0.0,13703.52,2012-12-26 00:00:00,,,
1046,7,81,1,6588,,0.0,0.0,0.0,0.0,0.0,5421.59,2013-01-10 00:00:00,,,
1047,7,81,1,6755,,0.0,0.0,0.0,0.0,0.0,17804.12,2013-01-15 00:00:00,,,
1048,7,81,1,6876,,0.0,0.0,0.0,0.0,0.0,5428.68,2013-01-17 00:00:00,,,
1049,7,81,1,IK2408/167125,,0.0,0.0,0.0,0.0,0.0,231866.08,2014-12-05 00:00:00,,,
1050,7,81,1,IK2408/176974,,0.0,0.0,0.0,0.0,0.0,468946.0,2014-12-12 00:00:00,,1,
1051,7,81,1,4288,,0.0,0.0,0.0,0.0,0.0,2010081.13,2014-07-09 00:00:00,,,
1052,7,81,1,4441,,0.0,0.0,0.0,0.0,0.0,5022702.75,2014-07-11 00:00:00,,,
1053,7,81,1,4554,,0.0,0.0,0.0,0.0,0.0,2006868.97,2014-07-15 00:00:00,,,
1054,7,81,1,4626,,0.0,0.0,0.0,0.0,0.0,402026.22,2014-07-16 00:00:00,,,
1055,7,81,1,4715,,0.0,0.0,0.0,0.0,0.0,803392.43,2014-07-18 00:00:00,,,
1056,7,81,1,4774,,0.0,0.0,0.0,0.0,0.0,3019378.14,2014-07-21 00:00:00,,,
1057,7,81,1,4896,,0.0,0.0,0.0,0.0,0.0,3237639.42,2014-07-24 00:00:00,,,
1058,7,81,1,3769,,0.0,0.0,0.0,0.0,0.0,1237.36,2014-06-26 00:00:00,,1,
1059,7,81,1,4027,,0.0,0.0,0.0,0.0,0.0,4438499.63,2014-07-02 00:00:00,,1,
1060,7,81,1,4210,,0.0,0.0,0.0,0.0,0.0,4035362.8,2014-07-07 00:00:00,,,
1061,7,81,1,4343,,0.0,0.0,0.0,0.0,0.0,1729.99,2014-07-10 00:00:00,,1,
1062,7,81,1,3924,,0.0,0.0,0.0,0.0,0.0,71.23,2014-06-30 00:00:00,,,
1063,7,81,1,3866,,0.0,0.0,0.0,0.0,0.0,1085.0,2014-06-27 00:00:00,,1,
1064,7,81,1,close out,,0.0,0.0,0.0,99.44,0.0,8575559.66,2015-01-29 00:00:00,,1,
1065,7,81,1,colssing,,0.0,0.0,0.0,1.16,0.0,302463.9,2014-08-29 00:00:00,,,
1066,7,81,2,10898,,0.0,0.0,0.0,0.0,0.0,34525.0,2013-07-04 00:00:00,,1,
1067,7,81,2,11101,,0.0,0.0,0.0,0.0,0.0,10687.5,2013-07-05 00:00:00,,,
1068,7,81,2,11480,,0.0,0.0,0.0,0.0,0.0,11375.0,2013-07-09 00:00:00,,,
1069,7,81,2,11677,,0.0,0.0,0.0,0.0,0.0,60750.0,2013-07-10 00:00:00,,1,
1070,7,81,2,12402,,0.0,0.0,0.0,0.0,0.0,50625.0,2013-07-16 00:00:00,,1,
1071,7,81,2,12585,,0.0,0.0,0.0,0.0,0.0,22375.0,2013-07-17 00:00:00,,1,
1072,7,81,2,12952,,0.0,0.0,0.0,0.0,0.0,16250.0,2013-07-19 00:00:00,,,
1073,7,81,2,13490,,0.0,0.0,0.0,0.0,0.0,8375.0,2013-07-24 00:00:00,,,
1074,7,81,2,17106,,0.0,0.0,0.0,0.0,0.0,51625.0,2013-08-26 00:00:00,,,
1075,7,81,2,17450,,0.0,0.0,0.0,0.0,0.0,59655.0,2013-08-28 00:00:00,,,
1076,7,81,2,17598,,0.0,0.0,0.0,0.0,0.0,11205.0,2013-08-29 00:00:00,,,
1077,7,81,2,18874,,0.0,0.0,0.0,0.0,0.0,2000.0,2013-09-12 00:00:00,,,
1078,7,81,2,19851,,0.0,0.0,0.0,0.0,0.0,20000.0,2013-09-23 00:00:00,,,
1079,7,81,2,19984,,0.0,0.0,0.0,0.0,0.0,61420.0,2013-09-24 00:00:00,,,
1080,7,81,2,20133,,0.0,0.0,0.0,0.0,0.0,10287.5,2013-09-25 00:00:00,,1,
1081,7,81,2,20273,,0.0,0.0,0.0,0.0,0.0,59047.5,2013-09-26 00:00:00,,1,
1082,7,81,2,20551,,0.0,0.0,0.0,0.0,0.0,20125.0,2013-09-30 00:00:00,,,
1083,7,81,2,20974,,0.0,0.0,0.0,0.0,0.0,23437.5,2013-10-04 00:00:00,,,
1084,7,81,2,21129,,0.0,0.0,0.0,0.0,0.0,24000.0,2013-10-07 00:00:00,,,
1085,7,81,2,21273,,0.0,0.0,0.0,0.0,0.0,45750.0,2013-10-08 00:00:00,,1,
1086,7,81,2,22222,,0.0,0.0,0.0,0.0,0.0,43755.0,2013-10-18 00:00:00,,,
1087,7,81,2,22473,,0.0,0.0,0.0,0.0,0.0,16655.0,2013-10-22 00:00:00,,1,
1088,7,81,2,22614,,0.0,0.0,0.0,0.0,0.0,84915.0,2013-10-23 00:00:00,,1,
1089,7,81,2,22746,,0.0,0.0,0.0,0.0,0.0,51640.0,2013-10-24 00:00:00,,1,
1090,7,81,2,22877,,0.0,0.0,0.0,0.0,0.0,93717.5,2013-10-25 00:00:00,,1,
1091,7,81,2,23120,,0.0,0.0,0.0,0.0,0.0,7770.0,2013-10-29 00:00:00,,,
1092,7,81,2,23238,,0.0,0.0,0.0,0.0,0.0,12510.0,2013-10-30 00:00:00,,,
1093,7,81,2,23347,,0.0,0.0,0.0,0.0,0.0,45145.0,2013-10-31 00:00:00,,,
1094,7,81,2,23703,,0.0,0.0,0.0,0.0,0.0,22500.0,2013-11-06 00:00:00,,,
1095,7,81,2,23831,,0.0,0.0,0.0,0.0,0.0,397.5,2013-11-07 00:00:00,,,
1096,7,81,2,24069,,0.0,0.0,0.0,0.0,0.0,14625.0,2013-11-11 00:00:00,,,
1097,7,81,2,24181,,0.0,0.0,0.0,0.0,0.0,57250.0,2013-11-12 00:00:00,,,
1098,7,81,2,24304,,0.0,0.0,0.0,0.0,0.0,380.0,2013-11-13 00:00:00,,,
1099,7,81,2,24534,,0.0,0.0,0.0,0.0,0.0,137970.0,2013-11-18 00:00:00,,,
1100,7,81,2,24648,,0.0,0.0,0.0,0.0,0.0,3780.0,2013-11-19 00:00:00,,,
1101,7,81,2,24752,,0.0,0.0,0.0,0.0,0.0,447.5,2013-11-20 00:00:00,,,
1102,7,81,2,24862,,0.0,0.0,0.0,0.0,0.0,13200.0,2013-11-21 00:00:00,,,
1103,7,81,2,25228,,0.0,0.0,0.0,0.0,0.0,12687.5,2013-11-26 00:00:00,,,
1104,7,81,2,25582,,0.0,0.0,0.0,0.0,0.0,26910.0,2013-11-29 00:00:00,,,
1105,7,81,2,25713,,0.0,0.0,0.0,0.0,0.0,112617.5,2013-12-02 00:00:00,,1,
1106,7,81,2,25944,,0.0,0.0,0.0,0.0,0.0,2450.0,2013-12-04 00:00:00,,,
1107,7,81,2,27800,,0.0,0.0,0.0,0.0,0.0,14800.0,2013-12-26 00:00:00,,,
1108,7,81,2,27920,,0.0,0.0,0.0,0.0,0.0,4710.0,2013-12-27 00:00:00,,,
1109,7,81,2,28541,,0.0,0.0,0.0,0.0,0.0,362.5,2014-01-03 00:00:00,,,
1110,7,81,2,30291,,0.0,0.0,0.0,0.0,0.0,21875.0,2014-01-23 00:00:00,,,
1111,7,81,2,32483,,0.0,0.0,0.0,0.0,0.0,3900.0,2014-02-17 00:00:00,,,
1112,7,81,2,33102,,0.0,0.0,0.0,0.0,0.0,17000.0,2014-02-25 00:00:00,,,
1113,7,81,2,1499,,0.0,0.0,0.0,0.0,0.0,17812.5,2014-04-23 00:00:00,,,
1114,7,81,2,20411,,0.0,0.0,0.0,0.0,0.0,19625.0,2013-09-27 00:00:00,,,
1115,7,81,2,21836,,0.0,0.0,0.0,0.0,0.0,2500.0,2013-10-14 00:00:00,,,
1116,7,81,2,20686,,0.0,0.0,0.0,0.0,0.0,13500.0,2013-10-01 00:00:00,,,
1117,7,81,2,23004,,0.0,0.0,0.0,0.0,0.0,60907.5,2013-10-28 00:00:00,,,
1118,7,81,1,IK2408/316501,,0.38,0.0,2.13,0.0,0.0,68576.5,2015-03-24 00:00:00,,,
1119,7,81,1,IK2408/314755,,172.78,0.0,1211.82,0.0,0.0,39089359.28,2015-03-23 00:00:00,,,
1120,7,81,1,IK2408/349046,,20.23,0.0,141.87,0.0,0.0,4160586.12,2015-04-21 00:00:00,,1,
1121,7,81,1,IK2408/347108,,36.76,0.0,257.81,0.0,0.0,3465.83,2015-04-20 00:00:00,,1,
1122,7,81,1,IK2408/345055,,0.76,0.0,4.19,0.0,0.0,135078.07,2015-04-17 00:00:00,,,
1123,7,81,1,IK2408/343097,,18.76,0.0,130.95,0.0,0.0,4224019.5,2015-04-16 00:00:00,,,
1124,7,81,1,IK2408/341090,,11.41,0.0,79.45,0.0,0.0,2429873.73,2015-04-15 00:00:00,,,
1125,7,81,1,IK2408/339151,,27.91,0.0,195.14,0.0,0.0,6169763.74,2015-04-13 00:00:00,,,
1126,7,81,1,IK2408/335245,,0.38,0.0,2.09,0.0,0.0,67343.46,2015-04-09 00:00:00,,,
1127,7,81,1,IK2408/333183,,2.76,0.0,19.35,0.0,0.0,624075.08,2015-04-08 00:00:00,,,
1128,7,81,1,IK2408/329281,,0.38,0.0,2.12,0.0,0.0,68484.01,2015-04-06 00:00:00,,,
1129,7,81,1,IK2408/352873,,4.6,0.0,25.29,0.0,0.0,2463.23,2015-04-23 00:00:00,,,
1130,7,81,1,IK2408/350950,,117.65,0.0,0.0,0.0,0.0,26489889.17,2015-04-22 00:00:00,,,
1131,7,81,1,IK2408/358613,,55.19,0.0,387.17,0.0,0.0,12488773.24,2015-04-28 00:00:00,,,
1132,7,81,1,IK2408/360502,,38.62,0.0,270.88,0.0,0.0,8321371.08,2015-04-29 00:00:00,,1,
1133,7,81,1,IK2408/362749,,41.32,0.0,282.82,0.0,0.0,7887033.12,2015-04-30 00:00:00,,1,
1134,7,81,1,IK2408/366402,,43.94,0.0,308.05,0.0,0.0,1238479.51,2015-05-05 00:00:00,,1,
1135,7,81,1,IK2408/368429,,54.83,0.0,0.0,0.0,0.0,1848.45,2015-05-06 00:00:00,,1,
1136,7,81,1,IK2408/370413,,10.23,0.0,69.92,0.0,0.0,2255533.02,2015-05-07 00:00:00,,,
1137,7,81,1,IK2408/387394,,15.3,0.0,84.2,0.0,0.0,8853.4,2015-05-20 00:00:00,,,
1138,7,81,1,IK2408/354848,,26.32,0.0,179.32,0.0,0.0,4998021.8,2015-04-24 00:00:00,,,
1139,7,81,1,IK2408/394597,,55.8,0.0,391.12,0.0,0.0,12616292.69,2015-05-26 00:00:00,,,
1140,7,81,1,IK2408/396474,,25.2,0.0,173.2,0.0,0.0,5165205.91,2015-05-27 00:00:00,,1,
1141,7,81,1,IK2408/398675,,2.75,0.0,19.26,0.0,0.0,621264.98,2015-05-28 00:00:00,,,
1142,7,81,1,IK2408/400597,,21.97,0.0,153.98,0.0,0.0,4967239.71,2015-05-29 00:00:00,,,
1143,7,81,1,IK2408/402316,,50.83,0.0,343.91,0.0,0.0,11094454.14,2015-06-01 00:00:00,,,
1144,7,81,1,IK2408/404239,,86.88,0.0,537.41,0.0,0.0,13333003.65,2015-06-02 00:00:00,,,
1145,7,81,1,IK2408/406241,,37.37,0.0,254.13,0.0,0.0,7768444.07,2015-06-03 00:00:00,,,
1146,7,81,1,IK2408/408071,,41.47,0.0,276.07,0.0,0.0,7454947.51,2015-06-04 00:00:00,,1,
1147,7,81,1,IK2408/337225,,4.6,0.0,31.25,0.0,0.0,1040340.8,2015-04-10 00:00:00,,,
1148,7,81,1,IK2408/318314,,18.77,0.0,131.08,0.0,0.0,61794.36,2015-03-25 00:00:00,,1,
1149,7,81,1,IK2408/320484,,1.14,0.0,6.26,0.0,0.0,202007.13,2015-03-26 00:00:00,,,
1150,7,81,1,IK2408/322400,,28.41,0.0,198.12,0.0,0.0,132750.71,2015-03-27 00:00:00,,1,
1151,7,81,1,IK2408/324097,,9.21,0.0,64.68,0.0,0.0,2086608.79,2015-03-30 00:00:00,,,
1152,7,81,1,IK2408/325847,,12.77,0.0,88.4,0.0,0.0,2579838.98,2015-03-31 00:00:00,,,
1153,7,81,1,IK2408/45023,,16.82,0.0,117.29,0.0,0.0,3783852.92,2014-09-03 00:00:00,,,
1154,7,81,1,IK2408/17844,,35.64,0.0,248.79,0.0,0.0,2007875.97,2014-08-13 00:00:00,,,
1155,7,81,1,IK2408/287046,,84.3,0.0,589.93,0.0,0.0,18750896.3,2015-03-02 00:00:00,,1,
1156,7,81,1,IK2408/249592,,14.37,0.0,93.52,0.0,0.0,2017220.66,2015-02-04 00:00:00,,1,
1157,7,81,1,IK2408/243247,,1.87,0.0,10.16,0.0,0.0,327680.52,2015-01-30 00:00:00,,,
1158,7,81,1,IK2408/238414,,38.18,0.0,266.37,0.0,0.0,8592327.88,2015-01-28 00:00:00,,,
1159,7,81,1,IK2408/236232,,9.65,0.0,67.14,0.0,0.0,2026795.18,2015-01-27 00:00:00,,,
1160,7,81,1,IK2408/209134,,12.24,0.0,84.11,0.0,0.0,1428438.8,2015-01-07 00:00:00,,1,
1161,7,81,1,IK2408/207105,,24.68,0.0,166.98,0.0,0.0,898714.33,2015-01-06 00:00:00,,1,
1162,7,81,1,IK2408/7687,,10.03,0.0,68.31,0.0,0.0,40473.79,2014-08-06 00:00:00,,1,
1163,7,81,1,IK2408/9699,,2.59,0.0,14.03,0.0,0.0,164103.55,2014-08-07 00:00:00,,1,
1164,7,81,1,IK2408/247448,,167.04,0.0,1165.35,0.0,0.0,27371618.51,2015-02-03 00:00:00,,1,
1165,7,81,1,IK2408/163246,,5.81,0.0,39.1,0.0,0.0,796867.83,2014-12-03 00:00:00,,,
1166,7,81,1,IK2408/213243,,5.8,0.0,39.02,0.0,0.0,814625.24,2015-01-09 00:00:00,,,
1167,7,81,1,IK2408/245330,,47.49,0.0,331.69,0.0,0.0,187511.65,2015-02-02 00:00:00,,1,
1168,7,81,1,IK2408/240912,,137.76,0.0,967.07,0.0,0.0,12153248.25,2015-01-29 00:00:00,,1,
1169,7,81,1,IK2408/229822,,13.88,0.0,97.43,0.0,0.0,3142748.84,2015-01-21 00:00:00,,,
1170,7,81,1,IK2408/223427,,9.24,0.0,64.9,0.0,0.0,2093554.04,2015-01-16 00:00:00,,,
1171,7,81,1,IK2408/221314,,81.48,0.0,572.12,0.0,0.0,17197250.72,2015-01-15 00:00:00,,1,
1172,7,81,1,IK2408/219081,,14.75,0.0,103.45,0.0,0.0,3337000.96,2015-01-14 00:00:00,,,
1173,7,81,1,IK2408/217096,,4.61,0.0,32.34,0.0,0.0,1043158.1,2015-01-13 00:00:00,,,
1174,7,81,1,IK2408/215185,,64.38,0.0,451.5,0.0,0.0,6238734.82,2015-01-12 00:00:00,,1,
1175,7,81,1,IK2408/213243,,5.8,0.0,39.02,0.0,0.0,814625.24,2015-01-09 00:00:00,,,
1176,7,81,1,IK2408/211182,,19.56,0.0,135.54,0.0,0.0,219017.87,2015-01-08 00:00:00,,1,
1177,7,81,1,IK2408/204961,,35.05,0.0,243.0,0.0,0.0,453098.86,2015-01-05 00:00:00,,1,
1178,7,81,1,IK2408/193096,,148.73,0.0,1042.05,0.0,0.0,3104152.15,2014-12-24 00:00:00,,,
1179,7,81,1,IK2408/289106,,23.84,0.0,166.2,0.0,0.0,5361511.77,2015-03-03 00:00:00,,,
1180,7,81,1,IK2408/282857,,71.72,0.0,493.15,0.0,0.0,1104314.49,2015-02-27 00:00:00,,1,
1181,7,81,1,IK2408/278392,,30.93,0.0,212.65,0.0,0.0,2498.8,2015-02-25 00:00:00,,1,
1182,7,81,1,IK2408/274395,,1.93,0.0,10.72,0.0,0.0,345897.6,2015-02-23 00:00:00,,,
1183,7,81,1,IK2408/259725,,0.75,0.0,4.14,0.0,0.0,133505.63,2015-02-11 00:00:00,,,
1184,7,81,1,IK2408/413196,,3.34,0.0,18.02,0.0,0.0,581469.28,2015-06-09 00:00:00,,,
1185,7,81,1,IK2408/303186,,66.35,0.0,465.51,0.0,0.0,7927966.86,2015-03-13 00:00:00,,1,
1186,7,81,1,IK2408/295317,,13.86,0.0,97.25,0.0,0.0,3137375.96,2015-03-09 00:00:00,,,
1187,7,81,1,IK2408/293298,,27.74,0.0,194.74,0.0,0.0,6282202.18,2015-03-05 00:00:00,,,
1188,7,81,1,IK2408/291295,,41.68,0.0,292.65,0.0,0.0,3143853.88,2015-03-04 00:00:00,,1,
1189,7,81,1,IK2408/289106,,23.84,0.0,166.2,0.0,0.0,5361511.77,2015-03-03 00:00:00,,,
1190,7,81,1,IK2408/280748,,32.36,0.0,227.18,0.0,0.0,7328669.19,2015-02-26 00:00:00,,,
1191,7,81,1,IK2408/276400,,49.94,0.0,350.54,0.0,0.0,5019326.06,2015-02-24 00:00:00,,,
1192,7,81,1,IK2408/265988,,68.4,0.0,480.19,0.0,0.0,5439171.85,2015-02-16 00:00:00,,1,
1193,7,81,1,IK2408/268106,,46.21,0.0,324.35,0.0,0.0,10463240.06,2015-02-18 00:00:00,,,
1194,7,81,1,IK2408/272364,,111.03,0.0,779.5,0.0,0.0,25144215.67,2015-02-20 00:00:00,,,
1195,7,81,1,IK2408/263904,,74.92,0.0,525.98,0.0,0.0,16966343.91,2015-02-13 00:00:00,,,
1196,7,81,1,IK2408/251753,,50.89,0.0,357.29,0.0,0.0,11525037.37,2015-02-05 00:00:00,,,
1197,7,81,1,IK2408/261753,,14.76,0.0,103.59,0.0,0.0,3341814.19,2015-02-12 00:00:00,,,
1198,7,81,1,IK2408/255762,,69.31,0.0,486.49,0.0,0.0,15693705.05,2015-02-09 00:00:00,,,
1199,7,81,1,IK2408/253780,,46.24,0.0,324.6,0.0,0.0,5204.66,2015-02-06 00:00:00,,1,
1200,7,81,1,4104,,2.5,0.0,16.28,0.0,0.0,347.26,2014-07-03 00:00:00,,,
1201,7,81,1,4508,,45.24,0.0,314.53,0.0,0.0,2002081.25,2014-07-14 00:00:00,,1,
1202,7,81,1,IK2408/1526,,3.57,0.0,19.01,0.0,0.0,1955.02,2014-08-01 00:00:00,,,
1203,7,81,1,IK2408/3540,,5.18,0.0,34.96,0.0,0.0,1127674.57,2014-08-04 00:00:00,,,
1204,7,81,1,IK2408/11814,,5.02,0.0,26.78,0.0,0.0,246769.34,2014-08-08 00:00:00,,1,
1205,7,81,1,IK2408/115344,,44.71,0.0,252.88,0.0,0.0,16918.51,2014-10-29 00:00:00,,,
1206,7,81,1,IK2408/40906,,33.95,0.0,189.56,0.0,0.0,820468.65,2014-09-01 00:00:00,,,
1207,7,81,1,IK2408/36460,,63.46,0.0,416.4,0.0,0.0,7547670.62,2014-08-27 00:00:00,,1,
1208,7,81,1,IK2408/81721,,39.06,0.0,260.63,0.0,0.0,7175504.87,2014-09-26 00:00:00,,,
1209,7,81,1,IK2408/190831,,13.69,0.0,95.86,0.0,0.0,3092150.6,2014-12-23 00:00:00,,,
1210,7,81,1,IK2408/180989,,58.45,0.0,409.52,0.0,0.0,11972896.33,2014-12-16 00:00:00,,1,
1211,7,81,1,IK2408/178885,,27.8,0.0,185.34,0.0,0.0,4565377.74,2014-12-15 00:00:00,,1,
1212,7,81,1,IK2408/174987,,10.78,0.0,72.29,0.0,0.0,2331797.08,2014-12-11 00:00:00,,,
1213,7,81,1,IK2408/173015,,6.74,0.0,45.62,0.0,0.0,1006576.27,2014-12-10 00:00:00,,,
1214,7,81,1,IK2408/171122,,8.23,0.0,57.68,0.0,0.0,620895.18,2014-12-09 00:00:00,,1,
1215,7,81,1,IK2408/165204,,9.09,0.0,63.71,0.0,0.0,2055132.7,2014-12-04 00:00:00,,,
1216,7,81,1,IK2408/161324,,80.65,0.0,564.42,0.0,0.0,2281516.82,2014-12-02 00:00:00,,1,
1217,7,81,1,IK2408/159365,,14.51,0.0,101.56,0.0,0.0,1227481.91,2014-12-01 00:00:00,,1,
1218,7,81,1,IK2408/150966,,5.41,0.0,37.89,0.0,0.0,160.76,2014-11-25 00:00:00,,1,
1219,7,81,1,IK2408/157421,,4.52,0.0,31.67,0.0,0.0,1021666.14,2014-11-28 00:00:00,,,
1220,7,81,1,IK2408/77106,,81.43,0.0,567.73,0.0,0.0,2060.24,2014-09-24 00:00:00,,,
1221,7,81,1,IK2408/74932,,2.66,0.0,18.53,0.0,0.0,597729.16,2014-09-23 00:00:00,,,
1222,7,81,1,IK2408/72761,,11.62,0.0,81.11,0.0,0.0,621784.4,2014-09-22 00:00:00,,,
1223,7,81,1,IK2408/68521,,24.03,0.0,167.69,0.0,0.0,5409071.55,2014-09-18 00:00:00,,,
1224,7,81,1,IK2408/61765,,17.71,0.0,123.5,0.0,0.0,3983608.99,2014-09-15 00:00:00,,,
1225,7,81,1,IK2408/55392,,8.81,0.0,61.43,0.0,0.0,1981730.14,2014-09-10 00:00:00,,,
1226,7,81,1,IK2408/51264,,1.76,0.0,12.3,0.0,0.0,216.04,2014-09-08 00:00:00,,,
1227,7,81,1,IK2408/47124,,8.82,0.0,61.45,0.0,0.0,1982480.17,2014-09-04 00:00:00,,,
1228,7,81,1,IK2408/49199,,46.21,0.0,322.44,0.0,0.0,85899.87,2014-09-05 00:00:00,,,
1229,7,81,1,IK2408/38835,,25.63,0.0,178.69,0.0,0.0,1812423.03,2014-08-28 00:00:00,,,
1230,7,81,1,IK2408/144624,,55.88,0.0,390.7,0.0,0.0,12602877.04,2014-11-20 00:00:00,,,
1231,7,81,1,IK2408/140428,,24.33,0.0,170.16,0.0,0.0,5488953.78,2014-11-18 00:00:00,,,
1232,7,81,1,IK2408/138330,,21.6,0.0,150.94,0.0,0.0,2030008.7,2014-11-17 00:00:00,,1,
1233,7,81,1,IK2408/136284,,5.38,0.0,37.66,0.0,0.0,1214958.98,2014-11-14 00:00:00,,,
1234,7,81,1,IK2408/134288,,64.81,0.0,453.07,0.0,0.0,10549804.16,2014-11-13 00:00:00,,1,
1235,7,81,1,IK2408/130195,,28.81,0.0,201.4,0.0,0.0,6496986.89,2014-11-11 00:00:00,,,
1236,7,81,1,IK2408/132215,,20.71,0.0,144.82,0.0,0.0,1824403.3,2014-11-12 00:00:00,,1,
1237,7,81,1,IK2408/128233,,45.04,0.0,314.86,0.0,0.0,8127715.6,2014-11-10 00:00:00,,1,
1238,7,81,1,IK2408/126255,,13.49,0.0,94.29,0.0,0.0,3041847.63,2014-11-07 00:00:00,,,
1239,7,81,1,IK2408/122159,,125.62,0.0,877.75,0.0,0.0,733.03,2014-11-03 00:00:00,,1,
1240,7,81,1,IK2408/120078,,22.39,0.0,156.37,0.0,0.0,1011621.49,2014-10-31 00:00:00,,1,
1241,7,81,1,IK2408/117763,,24.14,0.0,168.56,0.0,0.0,3427030.57,2014-10-30 00:00:00,,1,
1242,7,81,1,IK2408/113240,,17.86,0.0,124.67,0.0,0.0,1237.67,2014-10-28 00:00:00,,,
1243,7,81,1,IK2408/83557,,53.1,0.0,370.21,0.0,0.0,3977232.71,2014-09-29 00:00:00,,1,
1244,7,81,1,IK2408/111321,,22.31,0.0,155.73,0.0,0.0,3015122.21,2014-10-27 00:00:00,,1,
1245,7,81,1,IK2408/106351,,22.25,0.0,155.26,0.0,0.0,5008577.26,2014-10-21 00:00:00,,,
1246,7,81,1,IK2408/104398,,4.45,0.0,31.07,0.0,0.0,1002215.47,2014-10-20 00:00:00,,,
1247,7,81,1,IK2408/102455,,19.57,0.0,136.57,0.0,0.0,4405797.92,2014-10-17 00:00:00,,,
1248,7,81,1,IK2408/100431,,51.65,0.0,360.41,0.0,0.0,3604715.52,2014-10-16 00:00:00,,1,
1249,7,81,1,IK2408/98413,,36.47,0.0,254.45,0.0,0.0,2999061.51,2014-10-14 00:00:00,,1,
1250,7,81,1,IK2408/96479,,94.88,0.0,661.71,0.0,0.0,1396837.48,2014-10-13 00:00:00,,1,
1251,7,81,1,IK2408/94552,,7.09,0.0,49.41,0.0,0.0,165.58,2014-10-10 00:00:00,,1,
1252,7,81,1,IK2408/92543,,141.66,0.0,987.68,0.0,0.0,3987437.74,2014-10-09 00:00:00,,1,
1253,7,81,1,IK2408/90581,,12.41,0.0,86.61,0.0,0.0,2793747.12,2014-10-08 00:00:00,,,
1254,7,81,1,IK2408/88861,,43.41,0.0,302.7,0.0,0.0,2191249.62,2014-10-07 00:00:00,,1,
1255,7,81,1,IK2408/87094,,16.79,0.0,117.1,0.0,0.0,3777407.3,2014-10-01 00:00:00,,,
1256,7,81,1,IK2408/85338,,28.3,0.0,197.26,0.0,0.0,391367.24,2014-09-30 00:00:00,,1,
1257,7,81,1,IK2408/79601,,26.65,0.0,185.9,0.0,0.0,2017732.75,2014-09-25 00:00:00,,1,
1258,7,81,1,IK2408/77106,,81.43,0.0,567.73,0.0,0.0,2060.24,2014-09-24 00:00:00,,,
1259,7,81,1,IK2408/70753,,8.97,0.0,62.68,0.0,0.0,2021898.45,2014-09-19 00:00:00,,,
1260,7,81,1,IK2408/57550,,8.95,0.0,62.51,0.0,0.0,2016443.64,2014-09-11 00:00:00,,,
1261,7,81,1,IK2408/34405,,8.92,0.0,59.32,0.0,0.0,643.84,2014-08-26 00:00:00,,1,
1262,7,81,1,IK2408/32360,,25.04,0.0,174.86,0.0,0.0,4430477.62,2014-08-25 00:00:00,,,
1263,7,81,1,IK2408/28125,,39.43,0.0,275.51,0.0,0.0,2001.5,2014-08-21 00:00:00,,1,
1264,7,81,1,IK2408/25999,,77.93,0.0,544.32,0.0,0.0,8281436.62,2014-08-20 00:00:00,,1,
1265,7,81,1,IK2408/19939,,62.43,0.0,435.8,0.0,0.0,1999067.53,2014-08-14 00:00:00,,1,
1266,7,81,1,3700,,51.87,0.0,362.24,0.0,0.0,2012663.47,2014-06-25 00:00:00,,,
1267,7,81,1,3636,,80.46,0.0,561.93,0.0,0.0,4025518.51,2014-06-24 00:00:00,,1,
1268,7,81,1,3601,,26.74,0.0,186.69,0.0,0.0,4013243.13,2014-06-23 00:00:00,,,
1269,7,81,1,3541,,13.43,0.0,93.8,0.0,0.0,1006022.08,2014-06-20 00:00:00,,1,
1270,7,81,1,3058,,5.4,0.0,37.78,0.0,0.0,1218769.12,2014-06-11 00:00:00,,,
1271,7,81,1,3185,,27.07,0.0,189.28,0.0,0.0,6105971.05,2014-06-13 00:00:00,,,
1272,7,81,1,2943,,12.61,0.0,88.19,0.0,0.0,2844914.66,2014-06-10 00:00:00,,,
1273,7,81,1,2917,,11.73,0.0,82.03,0.0,0.0,2646366.63,2014-06-09 00:00:00,,,
1274,7,81,1,2833,,0.9,0.0,6.32,0.0,0.0,203808.21,2014-06-06 00:00:00,,,
1275,7,81,1,2686,,8.96,0.0,62.61,0.0,0.0,5458.53,2014-06-03 00:00:00,,1,
1276,7,81,1,2770,,4.5,0.0,31.5,0.0,0.0,1016040.95,2014-06-05 00:00:00,,,
1277,7,81,1,2564,,4.48,0.0,31.28,0.0,0.0,1009040.71,2014-06-02 00:00:00,,,
1278,7,81,1,2221,,8.06,0.0,56.33,0.0,0.0,1817183.3,2014-05-26 00:00:00,,,
1279,7,81,1,5147,,196.71,0.0,1373.68,0.0,0.0,5664.59,2014-07-31 00:00:00,,,
1280,7,81,1,4997,,22.38,0.0,156.3,0.0,0.0,5042203.43,2014-07-28 00:00:00,,,
1281,7,81,1,4343,,35.75,0.0,249.66,0.0,0.0,1729.99,2014-07-10 00:00:00,,,
1282,7,81,1,4138,,1.79,0.0,12.55,0.0,0.0,43.68,2014-07-04 00:00:00,,,
1283,7,81,1,4027,,21.49,0.0,150.12,0.0,0.0,4438499.63,2014-07-02 00:00:00,,,
1284,7,81,1,3932,,39.29,0.0,274.37,0.0,0.0,401532.22,2014-07-01 00:00:00,,1,
1285,7,81,1,3924,,1.78,0.0,12.47,0.0,0.0,71.23,2014-06-30 00:00:00,,,
1286,7,81,1,IK2408/30247,,11.65,0.0,81.41,0.0,0.0,1011154.07,2014-08-22 00:00:00,,1,
1287,7,81,1,IK2408/23978,,3.57,0.0,24.94,0.0,0.0,267.53,2014-08-19 00:00:00,,1,
1288,7,81,1,IK2408/5617,,53.48,0.0,373.28,0.0,0.0,1989986.16,2014-08-05 00:00:00,,1,
1289,7,81,1,4104,,2.5,0.0,16.28,0.0,0.0,347.26,2014-07-03 00:00:00,,,
1290,7,81,1,1792,,2.67,0.0,18.57,0.0,0.0,599124.21,2014-05-19 00:00:00,,,
1291,7,81,1,1933,,0.89,0.0,6.19,0.0,0.0,199591.93,2014-05-21 00:00:00,,,
1292,7,81,1,2078,,6.25,0.0,43.6,0.0,0.0,202398.22,2014-05-22 00:00:00,,1,
1293,7,81,1,2157,,2.69,0.0,18.77,0.0,0.0,605475.57,2014-05-23 00:00:00,,,
1294,7,81,1,2426,,0.89,0.0,6.26,0.0,0.0,201793.14,2014-05-29 00:00:00,,,
1295,7,81,1,1564,,3.56,0.0,24.87,0.0,0.0,802442.39,2014-05-13 00:00:00,,,
1296,7,81,1,1507,,1.78,0.0,12.47,0.0,0.0,402383.77,2014-05-12 00:00:00,,,
1297,7,81,1,1393,,0.89,0.0,6.21,0.0,0.0,200391.91,2014-05-08 00:00:00,,,
1298,7,81,1,1425,,0.89,0.0,6.23,0.0,0.0,200951.89,2014-05-09 00:00:00,,,
1299,7,81,1,1306,,0.89,0.0,6.2,0.0,0.0,200053.08,2014-05-07 00:00:00,,,
1300,7,81,1,1145,,0.89,0.0,6.2,0.0,0.0,200011.92,2014-05-02 00:00:00,,,
1301,7,81,1,1187,,1.78,0.0,12.44,0.0,0.0,401223.8,2014-05-05 00:00:00,,,
1302,7,81,1,807,,1.77,0.0,12.35,0.0,0.0,398456.1,2014-04-25 00:00:00,,,
1303,7,81,1,456,,3.52,0.0,24.53,0.0,0.0,767.99,2014-04-15 00:00:00,,1,
1304,7,81,1,879,,2.66,0.0,18.54,0.0,0.0,597945.83,2014-04-28 00:00:00,,,
1305,7,81,1,IK2408/425302,,47.14,0.0,290.18,0.0,0.0,9360141.15,2015-06-18 00:00:00,,,
1306,7,81,1,IK2408/435015,,7.47,0.0,35.6,0.0,0.0,3336.61,2015-06-25 00:00:00,,,
1307,7,81,1,IK2408/429033,,4.02,0.0,24.8,0.0,0.0,800032.78,2015-06-22 00:00:00,,,
1308,7,81,1,IK2408/438644,,14.93,0.0,91.79,0.0,0.0,2961196.57,2015-06-29 00:00:00,,,
1309,7,81,1,IK2408/427150,,51.73,0.0,317.02,0.0,0.0,9791873.78,2015-06-19 00:00:00,,,
1310,7,81,1,4745,,49.68,0.0,755.75,0.0,93.41,182395.88,2013-06-26 00:00:00,,1,
1311,7,81,1,IK2408/440322,,18.93,0.0,116.42,0.0,0.0,595225.84,2015-06-30 00:00:00,,1,
1312,7,81,1,IK2408/442070,,11.98,0.0,73.71,0.0,0.0,2377647.43,2015-07-01 00:00:00,,,
1313,7,81,1,IK2408/452890,,3.74,0.0,17.76,0.0,0.0,572880.41,2015-07-09 00:00:00,,,
1314,7,81,1,IK2408/475177,,11.42,0.0,69.68,0.0,0.0,2118752.98,2015-07-27 00:00:00,,,
1315,7,81,1,IK2408/477084,,6.0,0.0,36.96,0.0,0.0,1192211.1,2015-07-28 00:00:00,,,
1316,7,81,1,IK2408/478896,,2.0,0.0,12.32,0.0,0.0,397476.3,2015-07-29 00:00:00,,,
1317,7,81,1,IK2408/486884,,19.99,0.0,123.02,0.0,0.0,3968487.81,2015-08-04 00:00:00,,,
1318,7,81,1,IK2408/488944,,25.97,0.0,159.8,0.0,0.0,1583246.51,2015-08-05 00:00:00,,1,
1319,7,81,1,IK2408/490880,,15.0,0.0,92.32,0.0,0.0,2581937.83,2015-08-06 00:00:00,,1,
1320,7,81,1,IK2408/492670,,10.02,0.0,61.63,0.0,0.0,918.45,2015-08-07 00:00:00,,1,
1321,7,81,1,IK2408/494501,,25.06,0.0,154.19,0.0,0.0,2984804.0,2015-08-10 00:00:00,,1,
1322,7,81,1,IK2408/496472,,2.01,0.0,12.33,0.0,0.0,397646.32,2015-08-11 00:00:00,,,
1323,7,81,1,IK2408/498558,,6.33,0.0,37.32,0.0,0.0,784811.57,2015-08-12 00:00:00,,,
1324,7,81,1,IK2408/500577,,0.91,0.0,4.5,0.0,0.0,145120.11,2015-08-13 00:00:00,,,
1325,7,81,1,IK2408/504469,,0.42,0.0,2.03,0.0,0.0,65429.06,2015-08-17 00:00:00,,,
1326,7,81,1,IK2408/510298,,0.91,0.0,4.52,0.0,0.0,145882.59,2015-08-20 00:00:00,,,
1327,7,81,1,IK2408/512361,,7.32,0.0,42.39,0.0,0.0,625944.61,2015-08-21 00:00:00,,,
1328,7,81,1,IK2408/514724,,6.1,0.0,30.68,0.0,0.0,532264.65,2015-08-24 00:00:00,,1,
1329,7,81,1,IK2408/517014,,8.17,0.0,46.5,0.0,0.0,487738.45,2015-08-25 00:00:00,,,
1330,7,81,1,IK2408/519040,,54.06,0.0,332.74,0.0,0.0,2455.26,2015-08-26 00:00:00,,,
1331,7,81,1,IK2408/521266,,24.08,0.0,148.29,0.0,0.0,1036.13,2015-08-27 00:00:00,,,
1332,7,81,1,IK2408/524731,,10.03,0.0,61.73,0.0,0.0,1991431.66,2015-08-31 00:00:00,,,
1333,7,81,1,IK2408/547783,,5.03,0.0,31.02,0.0,0.0,1000541.0,2015-09-18 00:00:00,,,
1334,7,81,1,IK2408/553479,,15.1,0.0,93.0,0.0,0.0,3000002.05,2015-09-23 00:00:00,,,
1335,7,81,1,IK2408/555583,,79.53,0.0,3.89,0.0,0.0,5797122.37,2015-09-24 00:00:00,,,
1336,7,81,1,IK2408/549636,,27.21,0.0,167.63,0.0,0.0,5407701.57,2015-09-21 00:00:00,,,
1337,7,81,1,IK2408/557358,,20.13,0.0,124.0,0.0,0.0,4000188.93,2015-09-28 00:00:00,,,
1338,7,81,1,IK2408/559253,,62.59,0.0,385.74,0.0,0.0,12442690.29,2015-09-29 00:00:00,,,
1339,7,81,1,IK2408/562872,,2.03,0.0,12.53,0.0,0.0,404146.54,2015-10-01 00:00:00,,,
1340,7,81,1,IK2408/564733,,4.07,0.0,25.14,0.0,0.0,810906.83,2015-10-05 00:00:00,,,
1341,7,81,1,IK2408/566604,,12.21,0.0,75.37,0.0,0.0,405024.46,2015-10-06 00:00:00,,1,
1342,7,81,1,IK2408/568474,,9.15,0.0,56.46,0.0,0.0,1821354.52,2015-10-07 00:00:00,,,
1343,7,81,1,IK2408/574052,,15.24,0.0,93.97,0.0,0.0,3031549.06,2015-10-12 00:00:00,,,
1344,7,81,1,IK2408/561099,,6.1,0.0,37.63,0.0,0.0,404219.67,2015-09-30 00:00:00,,1,
1345,7,81,1,IK2408/589710,,72.99,0.0,450.06,0.0,0.0,2016794.33,2015-10-26 00:00:00,,1,
1346,7,81,1,IK2408/600097,,12.38,0.0,73.57,0.0,0.0,1648380.8,2015-11-03 00:00:00,,,
1347,7,81,1,IK2408/603226,,20.19,0.0,124.4,0.0,0.0,4013064.39,2015-11-05 00:00:00,,,
1348,7,81,1,IK2408/618507,,20.88,0.0,124.21,0.0,0.0,4006814.89,2015-11-20 00:00:00,,,
1349,7,81,1,IK2408/620068,,33.81,0.0,195.62,0.0,0.0,767.95,2015-11-23 00:00:00,,,
1350,7,81,1,IK2408/621676,,113.66,0.0,675.9,0.0,0.0,1003562.47,2015-11-24 00:00:00,,,
1351,7,81,1,IK2408/645561,,131.52,0.0,776.33,0.0,0.0,1006.47,2015-12-16 00:00:00,,,
1352,7,81,1,IK2408/650430,,41.59,0.0,247.22,0.0,0.0,5221.59,2015-12-21 00:00:00,,1,
1353,7,81,1,IK2408/651974,,35.32,0.0,209.91,0.0,0.0,6771648.89,2015-12-22 00:00:00,,,
1354,7,81,1,IK2408/647217,,4.16,0.0,24.77,0.0,0.0,797.11,2015-12-17 00:00:00,,1,
1355,7,81,1,IK2408/656687,,16.64,0.0,98.89,0.0,0.0,3190281.37,2015-12-28 00:00:00,,,
1356,7,81,1,IK2408/658278,,72.78,0.0,432.65,0.0,0.0,1995274.73,2015-12-29 00:00:00,,,
1357,7,81,1,IK2408/673538,,7.19,0.0,41.65,0.0,0.0,1050256.76,2016-01-11 00:00:00,,,
1358,7,81,1,IK2408/685203,,5.75,0.0,27.76,0.0,0.0,448717.11,2016-01-20 00:00:00,,1,
1359,7,81,1,IK2408/683536,,312.89,0.0,1857.83,0.0,0.0,224879.31,2016-01-19 00:00:00,,,
1360,7,81,1,IK2408/686819,,35.63,0.0,202.17,0.0,0.0,3458.64,2016-01-21 00:00:00,,,
1361,7,81,1,IK2408/678593,,1.89,0.0,9.11,0.0,0.0,293750.04,2016-01-14 00:00:00,,,
1362,7,81,1,IK2408/675140,,7.18,0.0,41.58,0.0,0.0,1341491.68,2016-01-12 00:00:00,,,
1363,7,81,1,IK2408/676942,,0.94,0.0,4.49,0.0,0.0,144787.41,2016-01-13 00:00:00,,,
1364,7,81,1,IK2408/670255,,2.81,0.0,13.48,0.0,0.0,145932.77,2016-01-07 00:00:00,,1,
1365,7,81,1,IK2408/696495,,2.38,0.0,11.43,0.0,0.0,368591.26,2016-02-01 00:00:00,,,
1366,7,81,1,IK2408/698036,,1.91,0.0,9.22,0.0,0.0,297349.91,2016-02-02 00:00:00,,,
1367,7,81,1,IK2408/691611,,43.21,0.0,231.64,0.0,0.0,490183.68,2016-01-27 00:00:00,,,
1368,7,81,1,IK2408/693359,,10.86,0.0,64.02,0.0,0.0,1915975.77,2016-01-28 00:00:00,,,
1369,7,81,1,IK2408/694997,,2.4,0.0,11.57,0.0,0.0,373143.58,2016-01-29 00:00:00,,,
1370,7,81,1,IK2408/701189,,4.84,0.0,23.42,0.0,0.0,755601.84,2016-02-04 00:00:00,,,
1371,7,81,1,IK2408/704374,,0.97,0.0,4.72,0.0,0.0,152197.33,2016-02-08 00:00:00,,,
1372,7,81,1,IK2408/702728,,2.08,0.0,12.32,0.0,0.0,16.38,2016-02-05 00:00:00,,1,
1373,7,81,1,IK2408/705935,,33.62,0.0,163.58,0.0,0.0,395726.99,2016-02-09 00:00:00,,1,
1374,7,81,1,IK2408/707586,,4.89,0.0,23.82,0.0,0.0,201.11,2016-02-10 00:00:00,,1,
1375,7,81,1,IK2408/709351,,12.76,0.0,62.25,0.0,0.0,5089.25,2016-02-11 00:00:00,,,
1376,7,81,1,IK2408/712772,,4.88,0.0,23.72,0.0,0.0,765353.5,2016-02-15 00:00:00,,,
1377,7,81,1,IK2408/720387,,88.28,0.0,499.93,0.0,0.0,9955.39,2016-02-22 00:00:00,,,
1378,7,81,1,IK2408/721914,,348.59,0.0,108.6,0.0,0.0,756657.65,2016-02-23 00:00:00,,1,
1379,7,81,1,IK2408/744453,,83.19,0.0,494.54,0.0,0.0,56.93,2016-03-15 00:00:00,,,
1380,7,81,1,IK2408/745995,,104.07,0.0,618.68,0.0,0.0,321.75,2016-03-16 00:00:00,,,
1381,7,81,1,IK2408/747645,,217.4,0.0,1289.48,0.0,0.0,153728.24,2016-03-17 00:00:00,,1,
1382,7,81,1,IK2408/749257,,1.45,0.0,7.06,0.0,0.0,227718.52,2016-03-18 00:00:00,,,
1383,7,81,1,IK2408/741379,,67.54,0.0,327.14,0.0,0.0,179881.72,2016-03-11 00:00:00,,1,
1384,7,81,1,IK2408/742937,,0.97,0.0,4.68,0.0,0.0,150992.37,2016-03-14 00:00:00,,,
1385,7,81,1,IK2408/755603,,1.31,0.0,3.82,0.0,2.7,224628.3,2016-03-28 00:00:00,,,
1386,7,81,1,IK2408/758814,,3.66,0.0,12.78,0.0,9.02,751994.59,2016-03-30 00:00:00,,,
1387,7,81,1,IK2408/760662,,0.88,0.0,2.57,0.0,1.81,151217.76,2016-03-31 00:00:00,,,
1388,7,81,1,IK2408/752590,,4.64,0.0,17.01,0.0,2.0,1000408.6,2016-03-22 00:00:00,,,
1389,7,81,1,IK2408/757148,,1.32,0.0,3.83,0.0,2.7,225206.68,2016-03-29 00:00:00,,,
1390,7,81,1,IK2408/750936,,2.09,0.0,12.42,0.0,0.0,400766.49,2016-03-21 00:00:00,,,
1391,7,81,1,IK2408/331230,,144.53,0.0,1013.88,0.0,0.0,29784323.84,2015-04-07 00:00:00,,1,
1392,7,81,-1,YESAR END,,0.0,0.0,0.0,0.0,0.0,125660.0,2015-03-31 00:00:00,,,
1393,7,81,-1,YEAR END,,0.0,0.0,0.0,0.0,0.0,125660.0,2015-04-01 00:00:00,,,
1394,7,81,-1,YEAR END,,0.0,0.0,0.0,0.0,0.0,626835.0,2015-03-31 00:00:00,,,
1395,7,81,-1,YEAR END,,0.0,0.0,0.0,0.0,0.0,626835.0,2015-04-01 00:00:00,,,
1396,7,81,-1,YEAR END,,0.0,0.0,0.0,0.0,0.0,6057600.0,2016-03-31 00:00:00,,,
1397,7,81,-1,YEAR END,,0.0,0.0,0.0,0.0,0.0,39554645.0,2016-03-31 00:00:00,,,
1398,7,81,3,CC0478512,,0.0,0.0,0.0,0.0,0.0,605252.99,2016-05-16 00:00:00,,,
1399,7,81,3,CC0608469,,0.0,0.0,0.0,0.0,0.0,604645.83,2016-05-26 00:00:00,,,
1400,7,81,3,CC0680206,,0.0,0.0,0.0,0.0,0.0,1006455.22,2016-06-01 00:00:00,,,
1401,7,81,3,CC0919812,,0.0,0.0,0.0,0.0,0.0,10.27,2016-06-21 00:00:00,,,
1402,7,81,3,CC1008936,,0.0,0.0,0.0,0.0,0.0,1008744.38,2016-06-28 00:00:00,,,
1403,7,81,3,CC1180287,,0.0,0.0,0.0,0.0,0.0,1118302.48,2016-07-12 00:00:00,,,
1404,7,81,3,CC1350526,,0.0,0.0,0.0,0.0,0.0,6407.6,2016-07-25 00:00:00,,,
1405,7,81,3,CC1696110,,0.0,0.0,0.0,0.0,0.0,1139275.7,2016-08-19 00:00:00,,,
1406,7,81,1,,year opening,0.0,0.0,0.0,0.0,0.0,32472960.0,2017-04-01 00:00:00,,,
1407,7,81,1,,year opening,0.0,0.0,0.0,0.0,0.0,6896092.5,2017-04-01 00:00:00,,,
1408,7,81,1,opening,,0.0,0.0,0.0,0.0,0.0,33497045.0,2016-04-01 00:00:00,,,
1409,7,81,1,IK2408/1098625,,0.0,0.0,0.0,0.0,0.0,1061982.12,2017-02-01 00:00:00,,1,
1410,7,81,1,IK2408/1131070,,0.0,0.0,0.0,0.0,0.0,3094944.36,2017-03-01 00:00:00,,,
1411,7,81,1,IK2408/827242,,0.0,0.0,0.0,0.0,0.0,75696.34,2016-06-01 00:00:00,,,
1412,7,81,1,IK2408/1001003,,0.0,0.0,0.0,0.0,0.0,2719129.66,2016-11-01 00:00:00,,,
1413,7,81,1,IK2408/1065410,,0.0,0.0,0.0,0.0,0.0,4275885.9,2017-01-02 00:00:00,,,
1414,7,81,1,IK2408/1100431,,0.0,0.0,0.0,0.0,0.0,1069708.94,2017-02-02 00:00:00,,,
1415,7,81,1,IK2408/1132393,,0.0,0.0,0.0,0.0,0.0,2085876.7,2017-03-02 00:00:00,,1,
1416,7,81,1,IK2408/791790,,0.0,0.0,0.0,0.0,0.0,382231.76,2016-05-02 00:00:00,,,
1417,7,81,1,IK2408/828817,,0.0,0.0,0.0,0.0,0.0,402395.56,2016-06-02 00:00:00,,,
1418,7,81,1,IK2408/937234,,0.0,0.0,0.0,0.0,0.0,1030864.74,2016-09-02 00:00:00,,,
1419,7,81,1,IK2408/1002549,,0.0,0.0,0.0,0.0,0.0,626724.13,2016-11-02 00:00:00,,,
1420,7,81,1,IK2408/1036228,,0.0,0.0,0.0,0.0,0.0,432126.56,2016-12-02 00:00:00,,,
1421,7,81,1,IK2408/1066891,,0.0,0.0,0.0,0.0,0.0,3181308.6,2017-01-03 00:00:00,,1,
1422,7,81,1,IK2408/1102205,,0.0,0.0,0.0,0.0,0.0,1070831.53,2017-02-03 00:00:00,,,
1423,7,81,1,IK2408/1133921,,0.0,0.0,0.0,0.0,0.0,1034510.12,2017-03-03 00:00:00,,,
1424,7,81,1,IK2408/793418,,0.0,0.0,0.0,0.0,0.0,9066886.1,2016-05-03 00:00:00,,1,
1425,7,81,1,IK2408/1004180,,0.0,0.0,0.0,0.0,0.0,74421.39,2016-11-03 00:00:00,,,
1426,7,81,1,IK2408/1068371,,0.0,0.0,0.0,0.0,0.0,3212787.66,2017-01-04 00:00:00,,1,
1427,7,81,1,IK2408/763684,,0.0,0.0,0.0,0.0,0.0,422.74,2016-04-04 00:00:00,,,
1428,7,81,1,IK2408/971915,,0.0,0.0,0.0,0.0,0.0,47510.18,2016-10-04 00:00:00,,,
1429,7,81,1,IK2408/1005839,,0.0,0.0,0.0,0.0,0.0,74333.9,2016-11-04 00:00:00,,,
1430,7,81,1,IK2408/1069978,,0.0,0.0,0.0,0.0,0.0,1617.75,2017-01-05 00:00:00,,1,
1431,7,81,1,IK2408/765342,,0.0,0.0,0.0,0.0,0.0,13500540.44,2016-04-05 00:00:00,,1,
1432,7,81,1,IK2408/973561,,0.0,0.0,0.0,0.0,0.0,2812193.62,2016-10-05 00:00:00,,,
1433,7,81,1,IK2408/1037545,,0.0,0.0,0.0,0.0,0.0,4544.09,2016-12-05 00:00:00,,,
1434,7,81,1,IK2408/1071526,,0.0,0.0,0.0,0.0,0.0,3206448.05,2017-01-06 00:00:00,,,
1435,7,81,1,IK2408/1135394,,0.0,0.0,0.0,0.0,0.0,677244.77,2017-03-06 00:00:00,,,
1436,7,81,1,IK2408/797880,,0.0,0.0,0.0,0.0,0.0,4427.0,2016-05-06 00:00:00,,,
1437,7,81,1,IK2408/831793,,0.0,0.0,0.0,0.0,0.0,76196.33,2016-06-06 00:00:00,,,
1438,7,81,1,IK2408/975288,,0.0,0.0,0.0,0.0,0.0,71351.39,2016-10-06 00:00:00,,1,
1439,7,81,1,IK2408/1105678,,0.0,0.0,0.0,0.0,0.0,1064763.37,2017-02-07 00:00:00,,,
1440,7,81,1,IK2408/768489,,0.0,0.0,0.0,0.0,0.0,4175021.26,2016-04-07 00:00:00,,1,
1441,7,81,1,IK2408/940654,,0.0,0.0,0.0,0.0,0.0,2071570.14,2016-09-07 00:00:00,,,
1442,7,81,1,IK2408/976841,,0.0,0.0,0.0,0.0,0.0,3361574.3,2016-10-07 00:00:00,,,
1443,7,81,1,IK2408/1007538,,0.0,0.0,0.0,0.0,0.0,1043390.18,2016-11-07 00:00:00,,,
1444,7,81,1,IK2408/1040268,,0.0,0.0,0.0,0.0,0.0,4918.6,2016-12-07 00:00:00,,,
1445,7,81,1,IK2408/1107349,,0.0,0.0,0.0,0.0,0.0,7342282.48,2017-02-08 00:00:00,,,
1446,7,81,1,IK2408/1138343,,0.0,0.0,0.0,0.0,0.0,9972.3,2017-03-08 00:00:00,,,
1447,7,81,1,IK2408/834912,,0.0,0.0,0.0,0.0,0.0,201187.22,2016-06-08 00:00:00,,,
1448,7,81,1,IK2408/942398,,0.0,0.0,0.0,0.0,0.0,134.02,2016-09-08 00:00:00,,1,
1449,7,81,1,IK2408/1041856,,0.0,0.0,0.0,0.0,0.0,5120391.55,2016-12-08 00:00:00,,,
1450,7,81,1,IK2408/799460,,0.0,0.0,0.0,0.0,0.0,22260.81,2016-05-09 00:00:00,,,
1451,7,81,1,IK2408/909312,,0.0,0.0,0.0,0.0,0.0,2479.47,2016-08-09 00:00:00,,1,
1452,7,81,1,IK2408/944198,,0.0,0.0,0.0,0.0,0.0,876.1,2016-09-09 00:00:00,,1,
1453,7,81,1,IK2408/1011077,,0.0,0.0,0.0,0.0,0.0,12609875.32,2016-11-09 00:00:00,,1,
1454,7,81,1,IK2408/1043236,,0.0,0.0,0.0,0.0,0.0,1065604.65,2016-12-09 00:00:00,,1,
1455,7,81,1,IK2408/1074334,,0.0,0.0,0.0,0.0,0.0,3216858.19,2017-01-10 00:00:00,,,
1456,7,81,1,IK2408/801098,,0.0,0.0,0.0,0.0,0.0,2019777.82,2016-05-10 00:00:00,,,
1457,7,81,1,IK2408/978194,,0.0,0.0,0.0,0.0,0.0,3367015.52,2016-10-10 00:00:00,,,
1458,7,81,1,IK2408/1012964,,0.0,0.0,0.0,0.0,0.0,211283.11,2016-11-10 00:00:00,,,
1459,7,81,1,IK2408/1076035,,0.0,0.0,0.0,0.0,0.0,2137707.05,2017-01-11 00:00:00,,,
1460,7,81,1,IK2408/771420,,0.0,0.0,0.0,0.0,0.0,6640.92,2016-04-11 00:00:00,,,
1461,7,81,1,IK2408/873082,,0.0,0.0,0.0,0.0,0.0,406365.9,2016-07-11 00:00:00,,1,
1462,7,81,1,IK2408/1014777,,0.0,0.0,0.0,0.0,0.0,7361933.16,2016-11-11 00:00:00,,,
1463,7,81,1,IK2408/1077712,,0.0,0.0,0.0,0.0,0.0,2141185.65,2017-01-12 00:00:00,,1,
1464,7,81,1,IK2408/773001,,0.0,0.0,0.0,0.0,0.0,806151.06,2016-04-12 00:00:00,,,
1465,7,81,1,IK2408/874842,,0.0,0.0,0.0,0.0,0.0,15455276.59,2016-07-12 00:00:00,,,
1466,7,81,1,IK2408/945915,,0.0,0.0,0.0,0.0,0.0,618555.31,2016-09-12 00:00:00,,,
1467,7,81,1,IK2408/1079276,,0.0,0.0,0.0,0.0,0.0,5342680.03,2017-01-13 00:00:00,,,
1468,7,81,1,IK2408/774780,,0.0,0.0,0.0,0.0,0.0,8854.77,2016-04-13 00:00:00,,,
1469,7,81,1,IK2408/806009,,0.0,0.0,0.0,0.0,0.0,2825368.86,2016-05-13 00:00:00,,,
1470,7,81,1,IK2408/876604,,0.0,0.0,0.0,0.0,0.0,4252.87,2016-07-13 00:00:00,,,
1471,7,81,1,IK2408/979856,,0.0,0.0,0.0,0.0,0.0,3792435.82,2016-10-13 00:00:00,,,
1472,7,81,1,IK2408/1045857,,0.0,0.0,0.0,0.0,0.0,2131531.82,2016-12-13 00:00:00,,,
1473,7,81,1,IK2408/878402,,0.0,0.0,0.0,0.0,0.0,27700.51,2016-07-14 00:00:00,,1,
1474,7,81,1,IK2408/981471,,0.0,0.0,0.0,0.0,0.0,1471113.72,2016-10-14 00:00:00,,1,
1475,7,81,1,IK2408/1047182,,0.0,0.0,0.0,0.0,0.0,7209.22,2016-12-14 00:00:00,,,
1476,7,81,1,IK2408/1144673,,0.0,0.0,0.0,0.0,0.0,48685.14,2017-03-15 00:00:00,,,
1477,7,81,1,IK2408/1016548,,0.0,0.0,0.0,0.0,0.0,3349604.0,2016-11-15 00:00:00,,1,
1478,7,81,1,IK2408/1048626,,0.0,0.0,0.0,0.0,0.0,2130230.36,2016-12-15 00:00:00,,,
1479,7,81,1,IK2408/1080753,,0.0,0.0,0.0,0.0,0.0,2559698.24,2017-01-16 00:00:00,,,
1480,7,81,1,IK2408/807605,,0.0,0.0,0.0,0.0,0.0,12088.57,2016-05-16 00:00:00,,,
1481,7,81,1,IK2408/950994,,0.0,0.0,0.0,0.0,0.0,414185.98,2016-09-16 00:00:00,,,
1482,7,81,1,IK2408/1018172,,0.0,0.0,0.0,0.0,0.0,4277435.84,2016-11-16 00:00:00,,,
1483,7,81,1,IK2408/1082283,,0.0,0.0,0.0,0.0,0.0,2564001.59,2017-01-17 00:00:00,,,
1484,7,81,1,IK2408/1118909,,0.0,0.0,0.0,0.0,0.0,385.8,2017-02-17 00:00:00,,,
1485,7,81,1,IK2408/809224,,0.0,0.0,0.0,0.0,0.0,332408.13,2016-05-17 00:00:00,,,
1486,7,81,1,IK2408/1083856,,0.0,0.0,0.0,0.0,0.0,2560638.3,2017-01-18 00:00:00,,,
1487,7,81,1,IK2408/810806,,0.0,0.0,0.0,0.0,0.0,2619890.98,2016-05-18 00:00:00,,,
1488,7,81,1,IK2408/881934,,0.0,0.0,0.0,0.0,0.0,13929.31,2016-07-18 00:00:00,,,
1489,7,81,1,IK2408/984796,,0.0,0.0,0.0,0.0,0.0,1514.22,2016-10-18 00:00:00,,1,
1490,7,81,1,IK2408/1021130,,0.0,0.0,0.0,0.0,0.0,427656.43,2016-11-18 00:00:00,,,
1491,7,81,1,IK2408/1085361,,0.0,0.0,0.0,0.0,0.0,2768066.3,2017-01-19 00:00:00,,,
1492,7,81,1,IK2408/812442,,0.0,0.0,0.0,0.0,0.0,1003604.94,2016-05-19 00:00:00,,1,
1493,7,81,1,IK2408/920940,,0.0,0.0,0.0,0.0,0.0,1139045.28,2016-08-19 00:00:00,,,
1494,7,81,1,IK2408/952637,,0.0,0.0,0.0,0.0,0.0,42731.35,2016-09-19 00:00:00,,,
1495,7,81,1,IK2408/986533,,0.0,0.0,0.0,0.0,0.0,5194.0,2016-10-19 00:00:00,,1,
1496,7,81,1,IK2408/1086951,,0.0,0.0,0.0,0.0,0.0,49888.13,2017-01-20 00:00:00,,1,
1497,7,81,1,IK2408/1120524,,0.0,0.0,0.0,0.0,0.0,54724.19,2017-02-20 00:00:00,,1,
1498,7,81,1,IK2408/1149876,,0.0,0.0,0.0,0.0,0.0,10891.52,2017-03-20 00:00:00,,,
1499,7,81,1,IK2408/778140,,0.0,0.0,0.0,0.0,0.0,294.79,2016-04-20 00:00:00,,1,
1500,7,81,1,IK2408/848361,,0.0,0.0,0.0,0.0,0.0,170311.58,2016-06-20 00:00:00,,,
1501,7,81,1,IK2408/954167,,0.0,0.0,0.0,0.0,0.0,413895.98,2016-09-20 00:00:00,,,
1502,7,81,1,IK2408/1052642,,0.0,0.0,0.0,0.0,0.0,3782.04,2016-12-20 00:00:00,,,
1503,7,81,1,IK2408/780026,,0.0,0.0,0.0,0.0,0.0,6397850.26,2016-04-21 00:00:00,,,
1504,7,81,1,IK2408/849941,,0.0,0.0,0.0,0.0,0.0,24090.46,2016-06-21 00:00:00,,,
1505,7,81,1,IK2408/1022689,,0.0,0.0,0.0,0.0,0.0,429303.53,2016-11-21 00:00:00,,,
1506,7,81,1,IK2408/1053919,,0.0,0.0,0.0,0.0,0.0,16767.77,2016-12-21 00:00:00,,,
1507,7,81,1,IK2408/1123845,,0.0,0.0,0.0,0.0,0.0,2078568.02,2017-02-22 00:00:00,,1,
1508,7,81,1,IK2408/1153390,,0.0,0.0,0.0,0.0,0.0,6690.63,2017-03-22 00:00:00,,,
1509,7,81,1,IK2408/781739,,0.0,0.0,0.0,0.0,0.0,2027092.11,2016-04-22 00:00:00,,,
1510,7,81,1,IK2408/851507,,0.0,0.0,0.0,0.0,0.0,17922.03,2016-06-22 00:00:00,,,
1511,7,81,1,IK2408/1125793,,0.0,0.0,0.0,0.0,0.0,1031559.78,2017-02-23 00:00:00,,,
1512,7,81,1,IK2408/853152,,0.0,0.0,0.0,0.0,0.0,4014244.57,2016-06-23 00:00:00,,,
1513,7,81,1,IK2408/855152,,0.0,0.0,0.0,0.0,0.0,390.64,2016-06-24 00:00:00,,1,
1514,7,81,1,IK2408/1027452,,0.0,0.0,0.0,0.0,0.0,9610.95,2016-11-24 00:00:00,,,
1515,7,81,1,IK2408/1091874,,0.0,0.0,0.0,0.0,0.0,2774613.49,2017-01-25 00:00:00,,,
1516,7,81,1,IK2408/783314,,0.0,0.0,0.0,0.0,0.0,2008277.44,2016-04-25 00:00:00,,,
1517,7,81,1,IK2408/993294,,0.0,0.0,0.0,0.0,0.0,2097065.94,2016-10-25 00:00:00,,,
1518,7,81,1,IK2408/1029026,,0.0,0.0,0.0,0.0,0.0,1289760.1,2016-11-25 00:00:00,,,
1519,7,81,1,IK2408/785001,,0.0,0.0,0.0,0.0,0.0,157693.61,2016-04-26 00:00:00,,,
1520,7,81,1,IK2408/820762,,0.0,0.0,0.0,0.0,0.0,309.64,2016-05-26 00:00:00,,,
1521,7,81,1,IK2408/929118,,0.0,0.0,0.0,0.0,0.0,40087.06,2016-08-26 00:00:00,,,
1522,7,81,1,IK2408/1093596,,0.0,0.0,0.0,0.0,0.0,3362.07,2017-01-27 00:00:00,,1,
1523,7,81,1,IK2408/1127534,,0.0,0.0,0.0,0.0,0.0,1034935.12,2017-02-27 00:00:00,,,
1524,7,81,1,IK2408/786637,,0.0,0.0,0.0,0.0,0.0,18371273.3,2016-04-27 00:00:00,,,
1525,7,81,1,IK2408/962844,,0.0,0.0,0.0,0.0,0.0,1461963.72,2016-09-27 00:00:00,,,
1526,7,81,1,IK2408/997044,,0.0,0.0,0.0,0.0,0.0,1047312.01,2016-10-27 00:00:00,,,
1527,7,81,1,IK2408/1129071,,0.0,0.0,0.0,0.0,0.0,1545.26,2017-02-28 00:00:00,,1,
1528,7,81,1,IK2408/788575,,0.0,0.0,0.0,0.0,0.0,441388.68,2016-04-28 00:00:00,,,
1529,7,81,1,IK2408/1030429,,0.0,0.0,0.0,0.0,0.0,4102432.2,2016-11-28 00:00:00,,,
1530,7,81,1,IK2408/790231,,0.0,0.0,0.0,0.0,0.0,10099908.42,2016-04-29 00:00:00,,1,
1531,7,81,1,IK2408/966876,,0.0,0.0,0.0,0.0,0.0,2705854.23,2016-09-29 00:00:00,,,
1532,7,81,1,IK2408/1031870,,0.0,0.0,0.0,0.0,0.0,1078316.33,2016-11-29 00:00:00,,,
1533,7,81,1,IK2408/824083,,0.0,0.0,0.0,0.0,0.0,1007438.82,2016-05-30 00:00:00,,,
1534,7,81,1,IK2408/1033308,,0.0,0.0,0.0,0.0,0.0,434106.63,2016-11-30 00:00:00,,,
1535,7,81,1,IK2408/1096704,,0.0,0.0,0.0,0.0,0.0,213473.19,2017-01-31 00:00:00,,,
1536,7,81,1,IK2408/1165376,,0.0,0.0,0.0,0.0,0.0,348342.2,2017-03-31 00:00:00,,,
1537,7,81,1,IK2408/933921,,0.0,0.0,0.0,0.0,0.0,1031889.78,2016-08-31 00:00:00,,,
1538,7,81,1,closing,,0.0,0.0,0.0,0.0,0.0,25576867.5,2016-04-01 00:00:00,,,
1539,7,81,1,close out,,0.0,0.0,0.0,0.0,0.0,643374.63,2016-04-01 00:00:00,,,
1540,7,81,3,CC0349230,,0.0,0.0,0.0,0.0,0.0,234.74,2016-05-04 00:00:00,,1,
1541,7,81,3,CC0365128,,0.0,0.0,0.0,0.0,0.0,464.25,2016-05-05 00:00:00,,1,
1542,7,81,1,IK2408/115855   07/JUL2017/12849,,0.0,0.0,0.0,0.0,0.0,564.25,2017-07-12 00:00:00,,1,
1543,7,81,1,IK2408/117604   07/JUL2017/14598,,0.0,0.0,0.0,0.0,0.0,775.33,2017-07-13 00:00:00,,,
1544,7,81,1,IK2408/121017   07/JUL2017/18011,,0.0,0.0,0.0,0.0,0.0,17171.56,2017-07-17 00:00:00,,,
1545,7,81,1,IK2408/124509   07/JUL2017/21503,,0.0,0.0,0.0,0.0,0.0,14693.98,2017-07-19 00:00:00,,,
1546,7,81,1,IK2408/126273   07/JUL2017/23267,,0.0,0.0,0.0,0.0,0.0,49548.43,2017-07-20 00:00:00,,1,
1547,7,81,1,IK2408/128105   07/JUL2017/25099,,0.0,0.0,0.0,0.0,0.0,224941.38,2017-07-21 00:00:00,,,
1548,7,81,1,IK2408/129958   07/JUL2017/26952,,0.0,0.0,0.0,0.0,0.0,18794.14,2017-07-24 00:00:00,,1,
1549,7,81,1,IK2408/135614   07/JUL2017/32608,,0.0,0.0,0.0,0.0,0.0,75743.76,2017-07-27 00:00:00,,,
1550,7,81,1,IK2408/142068   07/AUG2017/2678,,0.0,0.0,0.0,0.0,0.0,2488.65,2017-08-02 00:00:00,,1,
1551,7,81,1,IK2408/143774   07/AUG2017/4384,,0.0,0.0,0.0,0.0,0.0,15316993.72,2017-08-03 00:00:00,,,
1552,7,81,1,IK2408/152121   07/AUG2017/12731,,0.0,0.0,0.0,0.0,0.0,10183653.22,2017-08-10 00:00:00,,,
1553,7,81,1,IK2408/160670   07/AUG2017/21280,,0.0,0.0,0.0,0.0,0.0,10174607.06,2017-08-18 00:00:00,,,
1554,7,81,1,IK2408/168581   07/AUG2017/29191,,0.0,0.0,0.0,0.0,0.0,22327.89,2017-08-28 00:00:00,,1,
1555,7,81,1,IK2408/171945   07/AUG2017/32555,,0.0,0.0,0.0,0.0,0.0,42660.79,2017-08-30 00:00:00,,,
1556,7,81,1,IK2408/186838   07/SEP2017/12723,,0.0,0.0,0.0,0.0,0.0,27410.99,2017-09-12 00:00:00,,,
1557,7,81,1,IK2408/185124   07/SEP2017/11009,,0.0,0.0,0.0,0.0,0.0,2030655.44,2017-09-11 00:00:00,,,
1558,7,81,1,IK2408/190379   07/SEP2017/16264,,0.0,0.0,0.0,0.0,0.0,331.06,2017-09-14 00:00:00,,,
1559,7,81,1,IK2408/200675   07/SEP2017/26560,,0.0,0.0,0.0,0.0,0.0,183464.25,2017-09-22 00:00:00,,,
1560,7,81,1,IK2408/202375   07/SEP2017/28260,,0.0,0.0,0.0,0.0,0.0,28392.01,2017-09-25 00:00:00,,,
1561,7,81,1,IK2408/207649   07/SEP2017/33530,,0.0,0.0,0.0,0.0,0.0,18211.44,2017-09-28 00:00:00,,,
1562,7,81,1,IK2408/212090   07/OCT2017/2666,,0.0,0.0,0.0,0.0,0.0,2013129.85,2017-10-04 00:00:00,,,
1563,7,81,1,IK2408/270504   07/NOV2017/27107,,0.0,0.0,0.0,0.0,0.0,324.25,2017-11-21 00:00:00,,,
1564,7,81,1,IK2408/279447   07/NOV2017/36047,,0.0,0.0,0.0,0.0,0.0,43692.7,2017-11-28 00:00:00,,,
1565,7,81,1,IK2408/274006   07/NOV2017/30609,,0.0,0.0,0.0,0.0,0.0,13963.24,2017-11-23 00:00:00,,,
1566,7,81,1,IK2408/281250   07/NOV2017/37850,,0.0,0.0,0.0,0.0,0.0,13828.54,2017-11-29 00:00:00,,,
1567,7,81,1,IK2408/312195   07/DEC2017/28403,,0.0,0.0,0.0,0.0,0.0,27492.72,2017-12-26 00:00:00,,,
1568,7,81,1,IK2408/351015   07/JAN2018/32147,,0.0,0.0,0.0,0.0,0.0,59619.51,2018-01-23 00:00:00,,,
1569,7,81,1,IK2408/407562   07/MAR2018/14708,,0.0,0.0,0.0,0.0,0.0,687917.13,2018-03-15 00:00:00,,1,
1570,7,81,1,IK2408/416619   07/MAR2018/23765,,0.0,0.0,0.0,0.0,0.0,2534.12,2018-03-23 00:00:00,,,
1571,7,81,1,IK2408/419959   07/MAR2018/27105,,0.0,0.0,0.0,0.0,0.0,770839.09,2018-03-27 00:00:00,,,
1572,7,81,1,IK2408/421761   07/MAR2018/28907,,0.0,0.0,0.0,0.0,0.0,468930.43,2018-03-28 00:00:00,,1,
1573,7,81,1,year end,,0.0,0.0,0.0,0.0,0.0,20515680.0,2018-03-31 00:00:00,,,
1574,7,81,1,,,0.0,0.0,0.0,0.0,0.0,20515680.0,2018-04-01 00:00:00,,,
1575,7,81,1,,,0.0,0.0,0.0,0.0,0.0,9707127.5,2018-03-31 00:00:00,,,
1576,7,81,1,,,0.0,0.0,0.0,0.0,0.0,9707127.5,2018-04-01 00:00:00,,,
1577,7,81,1,IK2408/259719   07/NOV2017/16322,,0.0,0.0,0.0,0.0,0.0,394397.16,2017-11-13 00:00:00,,,
1578,7,81,1,IK2408/197179   07/SEP2017/23064,,0.0,0.0,0.0,0.0,0.0,78021.37,2017-09-20 00:00:00,,,
1579,7,81,1,IK2408/370754   07/FEB2018/10538,,0.0,0.0,0.0,0.0,0.0,13130.94,2018-02-08 00:00:00,,,
1580,7,81,1,IK2408/374339   07/FEB2018/14123,,0.0,0.0,0.0,0.0,0.0,7836.02,2018-02-12 00:00:00,,,
1581,7,81,1,IK2408/383017   07/FEB2018/22801,,0.0,0.0,0.0,0.0,0.0,61079.28,2018-02-20 00:00:00,,1,
1582,7,81,1,IK2408/402941   07/MAR2018/10087,,0.0,0.0,0.0,0.0,0.0,31105.57,2018-03-12 00:00:00,,,
1583,7,81,1,IK2408/71000,,0.0,0.0,0.0,0.0,0.0,63936.04,2017-06-01 00:00:00,,,
1584,7,81,1,IK2408/72541,,0.0,0.0,0.0,0.0,0.0,927762.75,2017-06-02 00:00:00,,,
1585,7,81,1,IK2408/4836,,0.0,0.0,0.0,0.0,0.0,4142859.7,2017-04-06 00:00:00,,,
1586,7,81,1,IK2408/78654,,0.0,0.0,0.0,0.0,0.0,819168.37,2017-06-08 00:00:00,,,
1587,7,81,1,IK2408/41739,,0.0,0.0,0.0,0.0,0.0,5633.08,2017-05-09 00:00:00,,,
1588,7,81,1,IK2408/80200,,0.0,0.0,0.0,0.0,0.0,809379.39,2017-06-09 00:00:00,,1,
1589,7,81,1,IK2408/8305,,0.0,0.0,0.0,0.0,0.0,341479.46,2017-04-10 00:00:00,,,
1590,7,81,1,IK2408/11842,,0.0,0.0,0.0,0.0,0.0,4159639.75,2017-04-12 00:00:00,,,
1591,7,81,1,IK2408/13660,,0.0,0.0,0.0,0.0,0.0,13559.41,2017-04-13 00:00:00,,1,
1592,7,81,1,IK2408/15358,,0.0,0.0,0.0,0.0,0.0,7813.48,2017-04-17 00:00:00,,,
1593,7,81,1,IK2408/51909,,0.0,0.0,0.0,0.0,0.0,71276.52,2017-05-17 00:00:00,,,
1594,7,81,1,IK2408/17205,,0.0,0.0,0.0,0.0,0.0,7813.21,2017-04-18 00:00:00,,,
1595,7,81,1,IK2408/53755,,0.0,0.0,0.0,0.0,0.0,143852.96,2017-05-18 00:00:00,,,
1596,7,81,1,IK2408/18936,,0.0,0.0,0.0,0.0,0.0,346770.34,2017-04-19 00:00:00,,,
1597,7,81,1,IK2408/55660,,0.0,0.0,0.0,0.0,0.0,72446.49,2017-05-19 00:00:00,,,
1598,7,81,1,IK2408/20695,,0.0,0.0,0.0,0.0,0.0,3109482.83,2017-04-20 00:00:00,,,
1599,7,81,1,IK2408/22489,,0.0,0.0,0.0,0.0,0.0,16913.48,2017-04-21 00:00:00,,,
1600,7,81,1,IK2408/92571,,0.0,0.0,0.0,0.0,0.0,3131.06,2017-06-21 00:00:00,,,
1601,7,81,1,IK2408/57427,,0.0,0.0,0.0,0.0,0.0,1050066.49,2017-05-22 00:00:00,,,
1602,7,81,1,IK2408/94243,,0.0,0.0,0.0,0.0,0.0,5207.21,2017-06-22 00:00:00,,,
1603,7,81,1,IK2408/59216,,0.0,0.0,0.0,0.0,0.0,56685.54,2017-05-23 00:00:00,,,
1604,7,81,1,IK2408/95862,,0.0,0.0,0.0,0.0,0.0,11932.66,2017-06-23 00:00:00,,,
1605,7,81,1,IK2408/24261,,0.0,0.0,0.0,0.0,0.0,138838.95,2017-04-24 00:00:00,,1,
1606,7,81,1,IK2408/60996,,0.0,0.0,0.0,0.0,0.0,2652.41,2017-05-24 00:00:00,,,
1607,7,81,1,IK2408/28123,,0.0,0.0,0.0,0.0,0.0,70469.04,2017-04-26 00:00:00,,,
1608,7,81,1,IK2408/99059,,0.0,0.0,0.0,0.0,0.0,98265.76,2017-06-28 00:00:00,,1,
1609,7,81,1,IK2408/100950,,0.0,0.0,0.0,0.0,0.0,15319.87,2017-06-29 00:00:00,,,
1610,7,81,1,IK2408/69417,,0.0,0.0,0.0,0.0,0.0,30095.73,2017-05-31 00:00:00,,,
1611,7,81,1,IK2408/231182   07/OCT2017/21758,,0.0,0.0,0.0,0.0,0.0,48962.25,2017-10-23 00:00:00,,,
1612,7,81,1,IK2408/170282   07/AUG2017/30892,,0.0,0.0,0.0,0.0,0.0,184242.64,2017-08-29 00:00:00,,,
1613,7,81,1,IK2408/122779   07/JUL2017/19773,,0.0,0.0,0.0,0.0,0.0,13852.08,2017-07-18 00:00:00,,1,
1614,7,81,1,IK2408/268725   07/NOV2017/25328,,0.0,0.0,0.0,0.0,0.0,43957.07,2017-11-20 00:00:00,,,
1615,7,81,1,IK2408/232920   07/OCT2017/23496,,0.0,0.0,0.0,0.0,0.0,29674.97,2017-10-24 00:00:00,,,
1616,7,81,1,IK2408/401467   07/MAR2018/8613,,0.0,0.0,0.0,0.0,0.0,487.59,2018-03-09 00:00:00,,,
1617,7,81,1,colsing,,0.0,0.0,0.0,0.0,0.0,16866320.0,2019-03-29 00:00:00,,,
1618,7,81,1,closing,,0.0,0.0,0.0,0.0,0.0,3131900.0,2019-03-29 00:00:00,,,
1619,7,81,1,close out,,0.0,0.0,0.0,0.0,0.0,1152740.26,2018-08-29 00:00:00,,,
1620,7,81,1,IK2408/160869   27/AUG2018/7106,,165.56,745.0,632.63,0.0,148.86,20653.91,2018-08-30 00:00:00,,,
1621,7,81,1,IK2408/64308   07/MAY2018/31731,,108.76,0.0,241.35,0.0,193.08,43114.85,2018-05-30 00:00:00,,,
1622,7,81,1,IK2408/219725   27/OCT2018/5960,,134.44,645.0,290.14,0.0,128.95,101255.27,2018-10-29 00:00:00,,,
1623,7,81,1,IK2408/159206   27/AUG2018/6719,,9.78,48.0,20.79,0.0,9.25,1158118.32,2018-08-29 00:00:00,,,
1624,7,81,1,IK2408/62759   07/MAY2018/30182,,111.49,0.0,320.6,0.0,227.87,13128.64,2018-05-29 00:00:00,,,
1625,7,81,1,IK2408/308519   27/JAN2019/6199,,62.22,282.0,239.19,0.0,56.29,5750.98,2019-01-29 00:00:00,,,
1626,7,81,1,IK2408/279093   27/DEC2018/5882,,41.46,194.0,87.25,0.0,38.78,23582.21,2018-12-28 00:00:00,,,
1627,7,81,1,IK2408/248796   27/NOV2018/5435,,58.96,267.0,224.99,0.0,53.25,5296.5,2018-11-28 00:00:00,,,
1628,7,81,1,IK2408/61208   07/MAY2018/28631,,119.13,0.0,340.75,0.0,242.76,14178.56,2018-05-28 00:00:00,,,
1629,7,81,1,IK2408/365237   27/MAR2019/5626,,149.2,676.0,574.21,0.0,135.11,14509.8,2019-03-28 00:00:00,,,
1630,7,81,1,IK2408/307163   27/JAN2019/5891,,205.48,930.0,789.74,0.0,185.82,14908.34,2019-01-28 00:00:00,,,
1631,7,81,1,IK2408/247318   27/NOV2018/5102,,109.38,494.0,419.31,0.0,98.66,10511.93,2018-11-27 00:00:00,,,
1632,7,81,1,IK2408/93241   27/JUN2018/5951,,26.52,0.0,77.77,0.0,54.9,2937.05,2018-06-27 00:00:00,,,
1633,7,81,1,IK2408/276208   27/DEC2018/5257,,143.74,653.0,554.64,0.0,130.5,12605.76,2018-12-26 00:00:00,,,
1634,7,81,1,IK2408/188359   27/SEP2018/5852,,164.1,736.0,625.6,0.0,147.2,18713.06,2018-09-26 00:00:00,,,
1635,7,81,1,IK2408/91687   27/JUN2018/5590,,190.52,0.0,559.22,0.0,394.75,16640.23,2018-06-26 00:00:00,,,
1636,7,81,1,IK2408/122463   27/JUL2018/5725,,237.94,0.0,684.18,0.0,487.28,35928.94,2018-07-25 00:00:00,,,
1637,7,81,1,IK2408/90341   27/JUN2018/5295,,10.76,0.0,24.01,0.0,19.2,4426.23,2018-06-25 00:00:00,,,
1638,7,81,1,IK2408/360762   27/MAR2019/4646,,27.24,126.0,56.47,0.0,25.1,19785.99,2019-03-25 00:00:00,,,
1639,7,81,1,IK2408/334530   27/FEB2019/5050,,142.86,646.0,548.6,0.0,129.09,9989.11,2019-02-25 00:00:00,,,
1640,7,81,1,IK2408/213904   27/OCT2018/4728,,103.3,465.0,395.05,0.0,92.95,13157.92,2018-10-23 00:00:00,,,
1641,7,81,1,IK2408/212532   27/OCT2018/4426,,62.62,282.0,239.44,0.0,56.34,7336.34,2018-10-22 00:00:00,,,
1642,7,81,1,IK2408/89027   27/JUN2018/5007,,126.46,0.0,355.21,0.0,255.24,274481.55,2018-06-22 00:00:00,,,
1643,7,81,1,IK2408/359379   27/MAR2019/4337,,8.84,41.0,18.27,0.0,8.11,2029856.96,2019-03-22 00:00:00,,,
1644,7,81,1,IK2408/273409   27/DEC2018/4616,,1.74,8.0,6.75,0.0,1.59,199.94,2018-12-21 00:00:00,,,
1645,7,81,1,IK2408/86268   27/JUN2018/4401,,109.18,0.0,319.55,0.0,225.56,303753.29,2018-06-20 00:00:00,,1,
1646,7,81,1,IK2408/355036   27/MAR2019/3382,,4.42,21.0,9.13,0.0,4.06,1014516.48,2019-03-18 00:00:00,,,
1647,7,81,1,IK2408/208124   27/OCT2018/3406,,12.86,63.0,28.04,0.0,12.46,9208.0,2018-10-16 00:00:00,,,
1648,7,81,1,IK2408/206726   27/OCT2018/3078,,36.46,177.0,79.48,0.0,35.33,25205.75,2018-10-15 00:00:00,,,
1649,7,81,1,IK2408/47383   07/MAY2018/14806,,63.99,0.0,143.21,0.0,114.56,23751.42,2018-05-15 00:00:00,,,
1650,7,81,1,IK2408/80539   27/JUN2018/3170,,54.14,0.0,121.1,0.0,96.88,21128.88,2018-06-14 00:00:00,,,
1651,7,81,1,IK2408/325235   27/FEB2019/3022,,22.74,107.0,47.75,0.0,21.22,13595.95,2019-02-14 00:00:00,,,
1652,7,81,1,IK2408/264576   27/DEC2018/2714,,31.96,151.0,67.72,0.0,30.1,21071.86,2018-12-13 00:00:00,,,
1653,7,81,1,IK2408/110676   27/JUL2018/3055,,21.56,0.0,48.09,0.0,38.47,8752.28,2018-07-13 00:00:00,,,
1654,7,81,1,IK2408/350622   27/MAR2019/2443,,2.6,12.0,9.96,0.0,2.34,585869.87,2019-03-13 00:00:00,,,
1655,7,81,1,IK2408/205331   27/OCT2018/2771,,13.52,66.0,29.35,0.0,13.04,9767.97,2018-10-12 00:00:00,,,
1656,7,81,1,IK2408/261527   27/DEC2018/2040,,17.42,83.0,37.0,0.0,16.45,11453.37,2018-12-11 00:00:00,,,
1657,7,81,1,IK2408/141699   27/AUG2018/2842,,9.62,45.0,20.14,0.0,8.95,7028.57,2018-08-10 00:00:00,,,
1658,7,81,1,IK2408/200767   27/OCT2018/1868,,35.62,172.0,77.36,0.0,34.38,48581.64,2018-10-09 00:00:00,,,
1659,7,81,1,IK2408/289790   27/JAN2019/1976,,41.56,195.0,87.75,0.0,38.99,23517.9,2019-01-09 00:00:00,,,
1660,7,81,1,IK2408/199242   27/OCT2018/1550,,35.56,172.0,77.11,0.0,34.27,24207.06,2018-10-08 00:00:00,,,
1661,7,81,1,IK2408/319863   27/FEB2019/1805,,59.62,280.0,125.94,0.0,55.97,36288.19,2019-02-08 00:00:00,,,
1662,7,81,1,IK2408/344847   27/MAR2019/1197,,3.42,16.0,7.16,0.0,3.18,795364.66,2019-03-07 00:00:00,,,
1663,7,81,1,IK2408/256069   27/DEC2018/856,,12.98,59.0,49.94,0.0,11.75,2937351.48,2018-12-05 00:00:00,,,
1664,7,81,1,IK2408/35320   07/MAY2018/2743,,64.76,0.0,144.57,0.0,115.66,24406.21,2018-05-03 00:00:00,,,
1665,7,81,1,IK2408/25890   07/APR2018/25890,,10.83,0.0,31.65,0.0,22.34,1861925.28,2018-04-24 00:00:00,,,
1666,7,81,1,IK2408/29186   07/APR2018/29186,,212.23,0.0,620.22,0.0,437.8,25485.71,2018-04-26 00:00:00,,,
1667,7,81,1,IK2408/193042   27/OCT2018/242,,5.06,23.0,19.35,0.0,4.56,1442.09,2018-10-01 00:00:00,,1,
1668,7,81,1,IK2408/341760   27/MAR2019/541,,10.34,49.0,21.74,0.0,9.66,2415212.94,2019-03-05 00:00:00,,,
1669,7,81,1,IK2408/130395   27/AUG2018/276,,72.62,340.0,152.99,0.0,68.0,93933.49,2018-08-01 00:00:00,,,
1671,8,81,1,NSE/FO232207,,0.0,0.0,0.0,2.0,0.0,298513.77,2014-01-03 00:00:00,,,
1672,8,81,1,NSE/FO236531,,0.0,0.0,0.0,32.0,0.0,312776.05,2014-01-09 00:00:00,,,
1673,8,81,1,NSE/FO237735,,0.0,0.0,0.0,0.0,0.0,9868.86,2014-01-10 00:00:00,,,
1674,8,81,1,NSE/FO242352,,0.0,0.0,0.0,0.0,0.0,886.8,2014-01-16 00:00:00,,,
1675,8,81,1,NSE/FO250342,,0.0,0.0,0.0,1.0,0.0,3984.74,2014-01-27 00:00:00,,,
1676,8,81,1,NSE/FO258823,,0.0,0.0,0.0,0.0,0.0,1200.43,2014-02-05 00:00:00,,,
1677,8,81,1,NSE/FO261032,,0.0,0.0,0.0,1.0,0.0,5983.17,2014-02-07 00:00:00,,,
1678,8,81,1,NSE/FO264079,,0.0,0.0,0.0,0.0,0.0,305.1,2014-02-12 00:00:00,,,
1679,8,81,1,NSE/FO265225,,0.0,0.0,0.0,0.0,0.0,511.5,2014-02-13 00:00:00,,,
1680,8,81,1,NSE/FO268546,,0.0,0.0,0.0,0.0,0.0,2012.68,2014-02-18 00:00:00,,,
1681,8,81,1,NSE/FO279731,,0.0,0.0,0.0,1.0,0.0,4434.38,2014-03-05 00:00:00,,,
1682,8,81,1,NSE/FO291881,,0.0,0.0,0.0,0.0,0.0,761.71,2014-03-21 00:00:00,,,
1683,8,81,1,NSE/FO299103,,0.0,0.0,0.0,1.0,0.0,4809.09,2014-03-31 00:00:00,,,
1684,8,81,1,NSE/FO5931,,0.0,0.0,0.0,2.0,0.0,7968.52,2014-04-09 00:00:00,,,
1685,8,81,1,NSE/FO7026,,0.0,0.0,0.0,0.0,0.0,284225.69,2014-04-10 00:00:00,,,
1686,8,81,1,NSE/FO9202,,0.0,0.0,0.0,27.0,0.0,269947.79,2014-04-15 00:00:00,,,
1687,8,81,1,NSE/FO15064,,0.0,0.0,0.0,0.0,0.0,2298.01,2014-04-23 00:00:00,,,
1688,8,81,1,NSE/FO23487,,0.0,0.0,0.0,1.0,0.0,3235.33,2014-05-09 00:00:00,,,
1689,8,81,1,NSE/FO24561,,0.0,0.0,0.0,1.0,0.0,3859.85,2014-05-12 00:00:00,,,
1690,8,81,1,NSE/FO25667,,0.0,0.0,0.0,0.0,0.0,2636.8,2014-05-13 00:00:00,,,
1691,8,81,1,NSE/FO30487,,0.0,0.0,0.0,0.0,0.0,223.78,2014-05-19 00:00:00,,,
1692,8,81,1,NSE/FO40200,,0.0,0.0,0.0,0.0,0.0,10670.22,2014-05-29 00:00:00,,,
1693,8,81,1,NSE/FO60293,,0.0,0.0,0.0,0.0,0.0,467435.86,2014-06-23 00:00:00,,,
1694,8,81,1,NSE/FO61559,,0.0,0.0,0.0,48.0,0.0,481915.64,2014-06-24 00:00:00,,,
1695,8,81,1,NSE/FO64309,,0.0,0.0,0.0,0.0,0.0,424233.41,2014-06-26 00:00:00,,,
1696,8,81,1,NSE/FO66546,,0.0,0.0,0.0,87.0,0.0,282103.27,2014-06-30 00:00:00,,,
1697,8,81,1,NSE/FO68708,,0.0,0.0,0.0,0.0,0.0,446634.17,2014-07-02 00:00:00,,,
1698,8,81,1,NSE/FO69828,,0.0,0.0,0.0,110.0,0.0,616874.01,2014-07-03 00:00:00,,1,
1699,8,81,1,NSE/FO79584,,0.0,0.0,0.0,94.0,0.0,1064.43,2014-07-15 00:00:00,,1,
1700,8,81,1,NSE/FO80803,,0.0,0.0,0.0,38.0,0.0,431582.55,2014-07-16 00:00:00,,1,
1701,8,81,1,NSE/FO83178,,0.0,0.0,0.0,39.0,0.0,701.4,2014-07-18 00:00:00,,1,
1702,8,81,1,NSE/FO84376,,0.0,0.0,0.0,0.0,0.0,844015.67,2014-07-21 00:00:00,,,
1703,8,81,1,NSE/FO86876,,0.0,0.0,0.0,45.0,0.0,447820.79,2014-07-23 00:00:00,,,
1704,8,81,1,NSE/FO88106,,0.0,0.0,0.0,0.0,0.0,438733.9,2014-07-24 00:00:00,,,
1705,8,81,1,NSE/FO91857,,0.0,0.0,0.0,45.0,0.0,445320.88,2014-07-30 00:00:00,,,
1706,8,81,1,NSE/FO93494,,0.0,0.0,0.0,126.0,0.0,387803.88,2014-07-31 00:00:00,,1,
1707,8,81,1,IK2408/3540,,2.69,9.0,12.75,42.0,0.0,424824.56,2014-08-04 00:00:00,,,
1708,8,81,1,IK2408/64075,,3.42,13.0,18.7,62.0,0.0,623293.88,2014-09-16 00:00:00,,,
1709,8,81,1,IK2408/59637,,3.44,13.0,18.85,0.0,0.0,628344.29,2014-09-12 00:00:00,,,
1710,8,81,1,IK2408/1526,,2.8,10.0,13.65,0.0,0.0,455085.45,2014-08-01 00:00:00,,,
1711,8,81,1,IK2408/25999,,2.87,10.0,14.21,47.0,0.0,473416.92,2014-08-20 00:00:00,,,
1712,8,81,1,IK2408/49199,,2.6,9.0,12.05,40.0,0.0,401652.35,2014-09-05 00:00:00,,,
1713,8,81,1,IK2408/38835,,5.04,16.0,22.79,38.0,0.0,1974.83,2014-08-28 00:00:00,,,
1714,8,81,1,IK2408/117763,,4.52,6.0,18.65,0.0,0.0,241272.17,2014-10-30 00:00:00,,,
1715,8,81,1,IK2408/155254,,8.57,24.0,33.45,56.0,0.0,3308.02,2014-11-27 00:00:00,,,
1716,8,81,1,IK2408/161324,,2.43,8.0,10.65,36.0,0.0,354933.92,2014-12-02 00:00:00,,,
1717,8,81,1,IK2408/163246,,4.87,15.0,21.44,36.0,0.0,6704.69,2014-12-03 00:00:00,,1,
1718,8,81,1,IK2408/171122,,2.35,7.0,10.07,0.0,0.0,335578.42,2014-12-09 00:00:00,,,
1719,8,81,1,IK2408/176974,,4.74,14.0,20.39,34.0,0.0,5208.87,2014-12-12 00:00:00,,1,
1720,8,81,1,IK2408/178885,,7.08,21.0,30.28,67.0,0.0,329897.64,2014-12-15 00:00:00,,1,
1721,8,81,1,IK2408/276400,,1.47,1.0,2.88,1.0,0.0,4097.15,2015-02-24 00:00:00,,,
1722,8,81,1,IK2408/284981,,1.24,1.0,1.06,0.0,0.0,1524.8,2015-02-28 00:00:00,,,
1723,8,81,1,IK2408/79601,,5.78,9.0,28.77,0.0,0.0,395074.05,2014-09-25 00:00:00,,,
1724,8,81,1,IK2408/55392,,1.52,1.0,3.35,1.0,0.0,4771.63,2014-09-10 00:00:00,,,
1725,8,81,1,IK2408/111321,,2.56,8.0,11.76,39.0,0.0,391904.68,2014-10-27 00:00:00,,,
1726,8,81,1,IK2408/140428,,2.37,7.0,10.18,0.0,0.0,339328.55,2014-11-18 00:00:00,,,
1727,8,81,1,IK2408/77106,,4.35,12.0,17.23,29.0,0.0,1919.42,2014-09-24 00:00:00,,,
1728,8,81,1,IK2408/81721,,2.18,6.0,8.65,29.0,0.0,288145.17,2014-09-26 00:00:00,,,
1729,8,81,1,IK2408/83557,,4.97,15.0,22.28,37.0,0.0,2090.25,2014-09-29 00:00:00,,1,
1730,8,81,1,IK2408/36460,,4.5,13.0,18.47,31.0,0.0,1284.97,2014-08-27 00:00:00,,,
1731,8,81,1,CLOSE OUT,,0.0,0.0,0.0,0.0,0.0,206325.0,2014-12-24 00:00:00,,,
1732,8,81,1,IK2408/68521,,1.2,1.0,0.7,0.0,0.0,1011.9,2014-09-18 00:00:00,,,
1733,8,81,1,IK2408/70753,,1.54,1.0,3.5,1.0,0.0,4983.96,2014-09-19 00:00:00,,,
1734,8,81,1,IK2408/51264,,1.4,1.0,2.36,1.0,0.0,3360.24,2014-09-08 00:00:00,,,
1735,8,81,1,NSE/FO93494,,18.57,0.0,87.31,126.0,59.0,387803.88,2014-07-31 00:00:00,,,
1736,8,81,1,IK2408/650430,,6.64,19.0,27.8,46.0,0.0,4692.44,2015-12-21 00:00:00,,1,
1737,8,81,1,IK2408/653668,,6.92,20.0,29.73,50.0,0.0,85.35,2015-12-23 00:00:00,,1,
1738,8,81,1,IK2408/621676,,1.85,1.0,3.74,1.0,0.0,5323.41,2015-11-24 00:00:00,,,
1739,8,81,1,IK2408/625449,,1.81,1.0,3.45,0.0,0.0,4950.26,2015-11-27 00:00:00,,,
1740,8,81,1,IK2408/647217,,8.11,26.0,37.93,63.0,0.0,2646.96,2015-12-17 00:00:00,,1,
1741,8,81,1,IK2408/655198,,6.3,17.0,25.44,42.0,0.0,608.74,2015-12-24 00:00:00,,1,
1742,8,81,1,IK2408/656687,,7.72,24.0,35.24,59.0,0.0,1731.04,2015-12-28 00:00:00,,1,
1743,8,81,1,IK2408/658278,,11.6,36.0,52.99,59.0,0.0,585336.59,2015-12-29 00:00:00,,1,
1744,8,81,1,IK2408/659771,,3.88,12.0,17.73,59.0,0.0,590898.39,2015-12-30 00:00:00,,,
1745,8,81,1,IK2408/675140,,6.46,18.0,26.52,0.0,0.0,884168.98,2016-01-12 00:00:00,,,
1746,8,81,1,IK2408/673538,,25.91,72.0,106.72,179.0,0.0,14124.37,2016-01-11 00:00:00,,1,
1747,8,81,1,IK2408/668432,,76.86,246.0,368.1,613.0,0.0,8815.96,2016-01-06 00:00:00,,1,
1748,8,81,1,IK2408/688496,,6.64,19.0,27.78,93.0,0.0,925875.58,2016-01-22 00:00:00,,,
1749,8,81,1,IK2408/685203,,3.26,9.0,13.46,0.0,0.0,448570.72,2016-01-20 00:00:00,,,
1750,8,81,1,IK2408/683536,,3.29,10.0,13.67,46.0,0.0,455708.04,2016-01-19 00:00:00,,,
1751,8,81,1,IK2408/681911,,9.85,28.0,40.88,46.0,0.0,445930.73,2016-01-18 00:00:00,,1,
1752,8,81,1,IK2408/680251,,3.34,10.0,13.98,0.0,0.0,465936.32,2016-01-15 00:00:00,,,
1753,8,81,1,IK2408/678593,,18.38,49.0,72.78,122.0,0.0,10815.34,2016-01-14 00:00:00,,1,
1754,8,81,1,IK2408/676942,,16.03,44.0,65.49,95.0,0.0,284364.02,2016-01-13 00:00:00,,1,
1755,8,81,1,IK2408/535306,,5.88,16.0,23.99,80.0,0.0,799606.13,2015-09-08 00:00:00,,,
1756,8,81,1,IK2408/533545,,2.93,8.0,11.94,0.0,0.0,398031.87,2015-09-07 00:00:00,,,
1757,8,81,1,IK2408/530041,,11.99,34.0,49.64,83.0,0.0,1260.37,2015-09-03 00:00:00,,1,
1758,8,81,1,IK2408/526537,,3.03,9.0,12.64,0.0,0.0,421506.17,2015-09-01 00:00:00,,,
1759,8,81,1,IK2408/671900,,2.73,7.0,9.77,33.0,0.0,325438.5,2016-01-08 00:00:00,,,
1760,8,81,1,IK2408/670255,,8.24,20.0,29.82,33.0,0.0,325468.06,2016-01-07 00:00:00,,1,
1761,8,81,1,IK2408/725238,,6.17,9.0,24.55,41.0,0.0,411510.28,2016-02-25 00:00:00,,,
1762,8,81,1,IK2408/686819,,32.69,91.0,135.45,226.0,0.0,9997.86,2016-01-21 00:00:00,,1,
1763,8,81,1,IK2408/690089,,2.76,7.0,10.03,0.0,0.0,334228.79,2016-01-25 00:00:00,,,
1764,8,81,1,IK2408/694997,,6.58,19.0,27.39,46.0,0.0,1656.03,2016-01-29 00:00:00,,1,
1765,8,81,1,IK2408/696495,,21.27,56.0,83.68,157.0,0.0,349314.05,2016-02-01 00:00:00,,1,
1766,8,81,1,IK2408/698036,,30.36,72.0,110.37,173.0,0.0,96049.73,2016-02-02 00:00:00,,1,
1767,8,81,1,IK2408/702728,,6.85,20.0,29.27,49.0,0.0,573.12,2016-02-05 00:00:00,,1,
1768,8,81,1,IK2408/704374,,4.34,8.0,11.81,31.0,0.0,301076.85,2016-02-08 00:00:00,,,
1769,8,81,-1,null,null,6.17,9.0,24.55,41.0,0.0,406581.28,2016-02-25 00:00:00,,0,
1770,8,81,1,IK2408/705935,,19.21,53.0,78.49,93.0,0.0,753644.2,2016-02-09 00:00:00,,1,
1771,8,81,1,IK2408/720387,,3.42,10.0,14.56,49.0,0.0,485314.02,2016-02-22 00:00:00,,,
1772,8,81,1,IK2408/712772,,1.62,1.0,2.17,0.0,0.0,3113.79,2016-02-15 00:00:00,,,
1773,8,81,1,IK2408/709351,,2.23,1.0,6.37,2.0,0.0,9079.4,2016-02-11 00:00:00,,,
1774,8,81,1,IK2408/747645,,5.13,12.0,17.41,29.0,0.0,531.54,2016-03-17 00:00:00,,,
1775,8,81,1,IK2408/758814,,4.59,10.0,13.67,23.0,0.0,4330.74,2016-03-30 00:00:00,,1,
1776,8,81,1,IK2408/731614,,2.44,1.0,7.82,2.0,0.0,11152.74,2016-03-02 00:00:00,,,
1777,8,81,1,IK2408/742937,,6.31,1.0,34.49,0.0,0.0,49325.8,2016-03-14 00:00:00,,,
1778,8,81,1,IK2408/760662,,5.17,12.0,17.67,29.0,0.0,368.16,2016-03-31 00:00:00,,1,
1779,8,81,-1,YEAR END,,0.0,0.0,0.0,0.0,0.0,292950.0,2016-03-31 00:00:00,,,
1780,8,81,1,IK2408/755603,,7.4,23.0,33.04,55.0,0.0,511.44,2016-03-28 00:00:00,,1,
1781,8,81,1,opening,,0.0,0.0,0.0,0.0,0.0,292950.0,2016-04-01 00:00:00,,,
1782,8,81,1,IK2408/762249,,0.0,0.0,0.0,172.0,0.0,3028.91,2016-04-01 00:00:00,,1,
1783,8,81,1,IK2408/793418,,0.0,0.0,0.0,48.0,0.0,483121.34,2016-05-03 00:00:00,,,
1784,8,81,1,IK2408/763684,,0.0,0.0,0.0,0.0,0.0,464092.5,2016-04-04 00:00:00,,,
1785,8,81,1,IK2408/794963,,0.0,0.0,0.0,0.0,0.0,604019.06,2016-05-04 00:00:00,,,
1786,8,81,1,IK2408/796417,,0.0,0.0,0.0,58.0,0.0,581749.7,2016-05-05 00:00:00,,,
1787,8,81,1,IK2408/797880,,0.0,0.0,0.0,36.0,0.0,577913.83,2016-05-06 00:00:00,,1,
1788,8,81,1,IK2408/802736,,0.0,0.0,0.0,48.0,0.0,2615.95,2016-05-11 00:00:00,,1,
1789,8,81,1,IK2408/773001,,0.0,0.0,0.0,28.0,0.0,520.09,2016-04-12 00:00:00,,1,
1790,8,81,1,IK2408/780026,,0.0,0.0,0.0,29.0,0.0,818.28,2016-04-21 00:00:00,,1,
1791,8,81,1,IK2408/781739,,0.0,0.0,0.0,87.0,0.0,481369.26,2016-04-22 00:00:00,,1,
1792,8,81,1,IK2408/855152,,0.0,0.0,0.0,27.0,0.0,271147.37,2016-06-24 00:00:00,,,
1793,8,81,1,IK2408/783314,,0.0,0.0,0.0,0.0,0.0,472661.55,2016-04-25 00:00:00,,,
1794,8,81,1,IK2408/785001,,0.0,0.0,0.0,78.0,0.0,485701.27,2016-04-26 00:00:00,,,
1795,8,81,1,IK2408/820762,,0.0,0.0,0.0,85.0,0.0,3143.39,2016-05-26 00:00:00,,,
1796,8,81,1,IK2408/788575,,0.0,0.0,0.0,0.0,0.0,473211.57,2016-04-28 00:00:00,,,
1797,8,81,1,IK2408/790231,,0.0,0.0,0.0,185.0,0.0,8852.51,2016-04-29 00:00:00,,1,
1798,8,81,1,IK2408/824083,,0.0,0.0,0.0,63.0,0.0,630117.04,2016-05-30 00:00:00,,,
1799,11,81,1,I22099/248761,,33.26,0.0,233.41,0.0,0.0,4057.69,2015-02-04 00:00:00,,1,
1800,11,81,1,4254,,17.9,0.0,124.96,0.0,0.0,5287.34,2014-07-08 00:00:00,,1,
1801,11,81,1,1801,,0.89,0.0,6.19,0.0,0.0,199628.07,2014-05-19 00:00:00,,,
1802,11,81,1,2454,,0.89,0.0,6.25,0.0,0.0,201751.87,2014-05-29 00:00:00,,,
1803,11,81,1,I22099/513717,,0.0,0.0,0.0,0.0,0.0,165.58,2015-08-24 00:00:00,,,
1804,11,81,1,I22099/554555,,0.0,0.0,0.0,0.0,0.0,1000059.02,2015-09-24 00:00:00,,,
1805,11,81,1,I22099/587325,,0.0,0.0,0.0,0.0,0.0,720558.94,2015-10-23 00:00:00,,,
1806,11,81,1,I22099/626400,,0.0,0.0,0.0,0.0,0.0,142182.68,2015-11-30 00:00:00,,,
1807,11,81,1,I22099/671262,,0.0,0.0,0.0,0.0,0.0,798052.86,2016-01-08 00:00:00,,,
1808,11,81,-1,,,0.0,0.0,0.0,0.0,0.0,1697785.33,2016-02-04 00:00:00,,,
1809,11,81,1,I22099/692491,,0.0,0.0,0.0,0.0,0.0,1988519.01,2016-01-28 00:00:00,,,
1810,11,81,1,I22099/669485,,0.0,0.0,0.0,0.0,0.0,800033.58,2016-01-07 00:00:00,,1,
1811,11,81,1,I22099/724328,,0.0,0.0,0.0,0.0,0.0,4905250.63,2016-02-25 00:00:00,,,
1812,11,81,1,I22099/746905,,0.0,0.0,0.0,0.0,0.0,535.52,2016-03-17 00:00:00,,,
1813,11,81,1,,,0.0,0.0,0.0,0.0,0.0,212107.22,2015-11-26 00:00:00,,,
1814,11,81,1,I22099/656042,,0.0,0.0,0.0,0.0,0.0,1198720.65,2015-12-28 00:00:00,,,
1815,11,81,1,I22099/648165,,0.0,0.0,0.0,0.0,0.0,1199369.37,2015-12-18 00:00:00,,,
1816,11,81,1,I22099/646497,,0.0,0.0,0.0,0.0,0.0,42.72,2015-12-17 00:00:00,,,
1817,11,81,1,I22099/643446,,0.0,0.0,0.0,0.0,0.0,995459.0,2015-12-15 00:00:00,,,
1818,11,81,1,I22099/641995,,0.0,0.0,0.0,0.0,0.0,1989131.94,2015-12-14 00:00:00,,,
1819,11,81,1,I22099/640473,,0.0,0.0,0.0,0.0,0.0,968.0,2015-12-11 00:00:00,,1,
1820,11,81,1,I22099/638984,,0.0,0.0,0.0,0.0,0.0,1143456.48,2015-12-10 00:00:00,,,
1821,11,81,1,I22099/637399,,0.0,0.0,0.0,0.0,0.0,293813.06,2015-12-09 00:00:00,,1,
1822,11,81,1,I22099/635825,,0.0,0.0,0.0,0.0,0.0,2840065.4,2015-12-08 00:00:00,,,
1823,11,81,1,I22099/631229,,0.0,0.0,0.0,0.0,0.0,2002817.57,2015-12-03 00:00:00,,,
1824,11,81,1,I22099/632819,,0.0,0.0,0.0,0.0,0.0,5255809.0,2015-12-04 00:00:00,,,
1825,11,81,1,I22099/629601,,0.0,0.0,0.0,0.0,0.0,3410.34,2015-12-02 00:00:00,,1,
1826,11,81,1,I22099/628014,,0.0,0.0,0.0,0.0,0.0,1998717.72,2015-12-01 00:00:00,,,
1827,11,81,1,I22099/624764,,0.0,0.0,0.0,0.0,0.0,4777676.49,2015-11-27 00:00:00,,,
1828,11,81,1,I22099/651339,,0.0,0.0,0.0,0.0,0.0,1036.03,2015-12-22 00:00:00,,1,
1829,11,81,1,I22099/550688,,0.0,0.0,0.0,0.0,0.0,4763.11,2015-09-22 00:00:00,,,
1830,11,81,1,I22099/644904,,0.0,0.0,0.0,0.0,0.0,1003819.15,2015-12-16 00:00:00,,,
1831,11,81,-1,year end,,0.0,0.0,0.0,0.0,0.0,2007850.0,2016-03-31 00:00:00,,,
1832,11,81,1,I22099/1131038,,0.0,0.0,0.0,0.0,0.0,2062349.55,2017-03-01 00:00:00,,,
1833,11,81,1,I22099/1133281,,0.0,0.0,0.0,0.0,0.0,2072670.1,2017-03-03 00:00:00,,,
1834,11,81,1,I22099/1134756,,0.0,0.0,0.0,0.0,0.0,2069179.77,2017-03-06 00:00:00,,,
1835,11,81,1,I22099/1152623,,0.0,0.0,0.0,0.0,0.0,2079319.89,2017-03-22 00:00:00,,,
1836,11,81,1,I22099/1124879,,0.0,0.0,0.0,0.0,0.0,1443795.69,2017-02-23 00:00:00,,,
1837,11,81,1,I22099/1126854,,0.0,0.0,0.0,0.0,0.0,1448174.16,2017-02-27 00:00:00,,,
1838,11,81,1,I22099/1157640,,0.0,0.0,0.0,0.0,0.0,1461018.74,2017-03-27 00:00:00,,,
1839,11,81,1,I22099/1128464,,0.0,0.0,0.0,0.0,0.0,1446395.76,2017-02-28 00:00:00,,,
1840,11,81,1,I22099/929976,,0.0,0.0,0.0,0.0,0.0,411855.9,2016-08-29 00:00:00,,,
1841,11,81,1,I22099/939928,,0.0,0.0,0.0,0.0,0.0,414314.02,2016-09-07 00:00:00,,,
1842,11,81,1,I22099/764565,,0.0,0.0,0.0,0.0,0.0,2010872.46,2016-04-05 00:00:00,,,
1843,11,81,1,opening,,0.0,0.0,0.0,0.0,0.0,2007850.0,2016-04-01 00:00:00,,,
1844,11,81,1,I22099/259004   07/NOV2017/15607,,0.0,0.0,0.0,0.0,0.0,1380099.9,2017-11-13 00:00:00,,,
1845,11,81,1,I22099/260685   07/NOV2017/17288,,0.0,0.0,0.0,0.0,0.0,1961903.11,2017-11-14 00:00:00,,,
1846,11,81,1,I22099/280520   07/NOV2017/37120,,0.0,0.0,0.0,0.0,0.0,5174.2,2017-11-29 00:00:00,,,
1847,11,81,1,I22099/311472   07/DEC2017/27680,,0.0,0.0,0.0,0.0,0.0,4327.65,2017-12-26 00:00:00,,,
1848,11,81,1,I22099/350200   07/JAN2018/31332,,0.0,0.0,0.0,0.0,0.0,3140.25,2018-01-23 00:00:00,,,
1849,11,81,1,I22099/382271   07/FEB2018/22055,,0.0,0.0,0.0,0.0,0.0,1262.87,2018-02-20 00:00:00,,,
1850,11,81,1,I22099/421030   07/MAR2018/28176,,0.0,0.0,0.0,0.0,0.0,3845.17,2018-03-28 00:00:00,,,
1851,11,81,1,opening,,0.0,0.0,0.0,0.0,0.0,3229320.0,2018-04-01 00:00:00,,,
1852,11,81,1,year end,,0.0,0.0,0.0,0.0,0.0,3229320.0,2018-03-31 00:00:00,,,
1853,11,81,1,I22099/406879   07/MAR2018/14025,,0.0,0.0,0.0,0.0,0.0,653186.65,2018-03-15 00:00:00,,1,
1854,11,81,1,I22099/410038   07/MAR2018/17184,,0.0,0.0,0.0,0.0,0.0,721789.11,2018-03-19 00:00:00,,,
1855,11,81,1,I22099/28444   07/APR2018/28444,,36.76,0.0,107.41,0.0,75.81,3401.36,2018-04-26 00:00:00,,,
1856,11,81,1,I22099/65217   07/MAY2018/32640,,36.76,0.0,107.42,0.0,75.81,3326.35,2018-05-31 00:00:00,,,
1857,11,81,1,I22099/88406   27/JUN2018/4834,,37.16,0.0,108.78,0.0,76.79,98941.39,2018-06-22 00:00:00,,,
1858,11,81,1,I22099/92501   27/JUN2018/5756,,37.58,0.0,110.24,0.0,77.82,3620.7,2018-06-27 00:00:00,,,
1859,11,81,1,I22099/121810   27/JUL2018/5534,,37.72,0.0,110.72,0.0,78.16,4839.74,2018-07-25 00:00:00,,,
1860,11,81,1,I22099/160172   27/AUG2018/6916,,28.74,130.0,109.79,0.0,25.84,3411.97,2018-08-30 00:00:00,,,
1861,11,81,1,I22099/189213   27/SEP2018/6033,,24.36,111.0,92.99,0.0,21.88,945141.06,2018-09-27 00:00:00,,,
1862,11,81,1,I22099/214660   27/OCT2018/4869,,20.36,92.0,77.9,0.0,18.33,2647.65,2018-10-24 00:00:00,,,
1863,11,81,1,I22099/248125   27/NOV2018/5241,,20.56,93.0,78.83,0.0,18.55,1985.3,2018-11-28 00:00:00,,,
1864,11,81,1,I22099/260876   27/DEC2018/1852,,30.98,140.0,118.96,0.0,27.99,18206.43,2018-12-11 00:00:00,,1,
1865,11,81,1,I22099/275528   27/DEC2018/5057,,15.78,72.0,60.92,0.0,14.34,1349.14,2018-12-26 00:00:00,,,
1866,11,81,1,I22099/307872   27/JAN2019/6020,,20.74,94.0,79.7,0.0,18.75,1383.05,2019-01-29 00:00:00,,,
1867,11,81,1,I22099/349984   27/MAR2019/2266,,2.58,12.0,9.95,0.0,2.34,585269.84,2019-03-13 00:00:00,,,
1868,11,81,1,I22099/355870   27/MAR2019/3526,,4.44,21.0,9.22,0.0,4.1,1024868.37,2019-03-19 00:00:00,,,
1869,11,81,1,I22099/358769   27/MAR2019/4169,,4.44,21.0,9.23,0.0,4.1,1025095.86,2019-03-22 00:00:00,,,
1870,11,81,1,I22099/364606   27/MAR2019/5449,,5.2,24.0,20.03,0.0,4.7,479.87,2019-03-28 00:00:00,,,
1871,11,81,1,closing,,0.0,0.0,0.0,0.0,0.0,2035735.0,2019-03-28 00:00:00,,,
1872,11,81,1,closing,,0.0,0.0,0.0,0.0,0.0,588360.0,2019-03-28 00:00:00,,,
1873,11,81,1,colseout,,10.32,39.63,47.0,0.0,9.33,2330841.04,2019-03-28 00:00:00,,,
1874,12,81,1,NSE/FO25756,,2.32,0.0,9.8,2.0,1.0,13975.88,2014-05-13 00:00:00,,,
1875,12,81,1,NSE/FO56773,,1.14,0.0,0.28,0.0,1.0,411.42,2014-06-18 00:00:00,,,
1876,12,81,1,NSE/FO33968,,1.14,0.0,0.28,0.0,1.0,411.42,2014-05-22 00:00:00,,,
1877,12,81,1,NSE/FO36453,,1.8,0.0,5.6,1.0,1.0,7981.6,2014-05-26 00:00:00,,,
1878,12,30,1,I22099/648165,,0.0,0.0,0.0,51.0,0.0,2172.32,2015-12-18 00:00:00,,1,
1879,12,30,1,I22099/651339,,0.0,0.0,0.0,67.0,0.0,639.36,2015-12-22 00:00:00,,1,
1880,12,30,1,I22099/665914,,0.0,0.0,0.0,145.0,0.0,5055.13,2016-01-05 00:00:00,,1,
1881,12,30,1,I22099/667695,,0.0,0.0,0.0,48.0,0.0,3878.24,2016-01-06 00:00:00,,1,
1882,14,81,1,3121,,0.0,0.0,0.0,0.0,0.0,87.63,2013-05-31 00:00:00,,1,
1883,14,81,1,19046,,0.0,0.0,0.0,0.0,0.0,199560.99,2014-03-28 00:00:00,,,
1884,14,81,1,8387,,0.0,0.0,0.0,0.0,0.0,1090.19,2013-08-27 00:00:00,,,
1885,14,81,1,18993,,0.0,0.0,0.0,0.0,0.0,200078.08,2014-03-27 00:00:00,,,
1886,14,81,1,8135,,0.0,0.0,0.0,0.0,0.0,969.72,2013-08-22 00:00:00,,,
1887,14,81,1,7952,,0.0,0.0,0.0,0.0,0.0,413.86,2013-08-20 00:00:00,,1,
1888,14,81,1,796,,0.0,0.0,0.0,0.0,0.0,1913.77,2013-04-18 00:00:00,,,
1889,14,81,1,6160,,0.0,0.0,0.0,0.0,0.0,9942.4,2013-07-17 00:00:00,,,
1890,14,81,1,714,,0.0,0.0,0.0,0.0,0.0,268762.39,2013-04-17 00:00:00,,,
1891,14,81,1,625,,0.0,0.0,0.0,0.0,0.0,272865.07,2013-04-16 00:00:00,,,
1892,14,81,1,2002,,0.0,0.0,0.0,0.0,0.0,219132.08,2013-05-14 00:00:00,,,
1893,14,81,1,481,,0.0,0.0,0.0,0.0,0.0,269.87,2013-04-12 00:00:00,,1,
1894,14,81,1,5725,,0.0,0.0,0.0,0.0,0.0,5758.82,2013-07-10 00:00:00,,,
1895,14,81,1,1820,,0.0,0.0,0.0,0.0,0.0,219466.71,2013-05-10 00:00:00,,1,
1896,14,81,1,415,,0.0,0.0,0.0,0.0,0.0,60.31,2013-04-10 00:00:00,,1,
1897,14,81,1,1729,,0.0,0.0,0.0,0.0,0.0,135.95,2013-05-09 00:00:00,,1,
1898,14,81,1,1659,,0.0,0.0,0.0,0.0,0.0,1656.11,2013-05-08 00:00:00,,,
1899,14,81,1,63,,0.0,0.0,0.0,0.0,0.0,628.94,2013-04-03 00:00:00,,1,
1900,14,81,1,2,,0.0,0.0,0.0,0.0,0.0,4104.5,2013-04-02 00:00:00,,1,
1901,14,81,1,9279,,0.0,0.0,0.0,0.0,0.0,1475.63,2013-09-11 00:00:00,,,
1902,14,81,1,3723,,0.0,0.0,0.0,0.0,0.0,487.38,2013-06-11 00:00:00,,1,
1903,14,81,1,1104,,0.0,0.0,0.0,0.0,0.0,0.0,2013-04-26 00:00:00,,,
1904,14,81,1,3278,,0.0,0.0,0.0,0.0,0.0,20536.18,2013-06-04 00:00:00,,,
1905,14,81,1,3619,,0.0,0.0,0.0,0.0,0.0,115353.76,2013-06-10 00:00:00,,,
1906,14,81,1,3535,,0.0,0.0,0.0,0.0,0.0,50736.28,2013-06-07 00:00:00,,,
1907,14,81,1,4690,,0.0,0.0,0.0,0.0,0.0,195251.28,2013-06-26 00:00:00,,1,
1908,14,81,1,I2301/367613,,0.0,0.0,0.0,0.0,0.0,4128566.05,2015-05-06 00:00:00,,,
1909,14,81,1,I2301/369664,,0.0,0.0,0.0,0.0,0.0,217849.08,2015-05-07 00:00:00,,,
1910,14,81,1,I2301/373450,,0.0,0.0,0.0,0.0,0.0,4119765.74,2015-05-11 00:00:00,,,
1911,14,81,1,I2301/375355,,0.0,0.0,0.0,0.0,0.0,9932932.23,2015-05-12 00:00:00,,,
1912,14,81,1,I2301/382917,,0.0,0.0,0.0,0.0,0.0,5159292.48,2015-05-18 00:00:00,,,
1913,14,81,1,I2301/384788,,0.0,0.0,0.0,0.0,0.0,5169667.11,2015-05-19 00:00:00,,,
1914,14,81,1,I2301/386703,,0.0,0.0,0.0,0.0,0.0,5884.27,2015-05-20 00:00:00,,1,
1915,14,81,1,I2301/390326,,0.0,0.0,0.0,0.0,0.0,1418.45,2015-05-22 00:00:00,,,
1916,14,81,1,I2301/392153,,0.0,0.0,0.0,0.0,0.0,104916.3,2015-05-25 00:00:00,,,
1917,14,81,1,I2301/395718,,0.0,0.0,0.0,0.0,0.0,8269237.46,2015-05-27 00:00:00,,,
1918,14,81,1,I2301/397715,,0.0,0.0,0.0,0.0,0.0,102916.19,2015-05-28 00:00:00,,,
1919,14,81,1,I2301/403440,,0.0,0.0,0.0,0.0,0.0,2588.58,2015-06-02 00:00:00,,1,
1920,14,81,1,I2301/409150,,0.0,0.0,0.0,0.0,0.0,6251648.7,2015-06-05 00:00:00,,1,
1921,14,81,1,I2301/315803,,55.32,0.0,388.21,0.0,0.0,12522547.07,2015-03-24 00:00:00,,,
1922,14,81,1,I2301/302397,,50.69,0.0,355.63,0.0,0.0,11472485.77,2015-03-13 00:00:00,,,
1923,14,81,1,I2301/300390,,0.72,0.0,3.89,0.0,0.0,125566.59,2015-03-12 00:00:00,,,
1924,14,81,1,I2301/296560,,0.72,0.0,3.91,0.0,0.0,126113.39,2015-03-10 00:00:00,,,
1925,14,81,1,I2301/294529,,4.61,0.0,32.39,0.0,0.0,1044791.95,2015-03-09 00:00:00,,,
1926,14,81,1,I2301/286294,,0.39,0.0,2.15,0.0,0.0,69513.53,2015-03-02 00:00:00,,,
1927,14,81,1,I2301/263085,,27.76,0.0,194.94,0.0,0.0,6288047.6,2015-02-13 00:00:00,,,
1928,14,81,1,I2301/271570,,37.0,0.0,259.8,0.0,0.0,8380363.6,2015-02-20 00:00:00,,,
1929,14,81,1,I2301/246678,,27.75,0.0,194.86,0.0,0.0,6285902.31,2015-02-03 00:00:00,,,
1930,14,81,1,I2301/248816,,37.36,0.0,261.66,0.0,0.0,8297839.61,2015-02-04 00:00:00,,,
1931,14,81,1,I2301/224691,,27.71,0.0,194.49,0.0,0.0,6274171.9,2015-01-19 00:00:00,,,
1932,14,81,1,I2301/202362,,9.15,0.0,64.14,0.0,0.0,2069213.19,2015-01-02 00:00:00,,,
1933,14,81,1,I2301/204254,,4.57,0.0,32.07,0.0,0.0,1034716.59,2015-01-05 00:00:00,,,
1934,14,81,1,I2301/194274,,22.43,0.0,151.77,0.0,0.0,4113416.4,2014-12-26 00:00:00,,1,
1935,14,81,1,I2301/184291,,3.65,0.0,25.58,0.0,0.0,203.19,2014-12-18 00:00:00,,1,
1936,14,81,1,I2301/182297,,29.15,0.0,204.13,0.0,0.0,2499.96,2014-12-17 00:00:00,,1,
1937,14,81,1,I2301/84635,,17.68,0.0,123.25,0.0,0.0,2589.27,2014-09-30 00:00:00,,1,
1938,14,81,1,I2301/78604,,31.33,0.0,218.85,0.0,0.0,7059240.17,2014-09-25 00:00:00,,,
1939,14,81,1,I2301/33629,,37.57,0.0,262.37,0.0,0.0,918.48,2014-08-26 00:00:00,,,
1940,14,81,1,I2301/19136,,25.02,0.0,174.64,0.0,0.0,1557.62,2014-08-14 00:00:00,,,
1941,14,81,1,I2301/8939,,8.87,0.0,61.9,0.0,0.0,5.67,2014-08-07 00:00:00,,1,
1942,14,81,1,5128,,62.57,0.0,436.93,0.0,0.0,4055.8,2014-07-31 00:00:00,,,
1943,14,81,1,3818,,53.67,0.0,374.82,0.0,0.0,3487.11,2014-06-26 00:00:00,,,
1944,14,81,1,3739,,8.95,0.0,62.5,0.0,0.0,418.65,2014-06-25 00:00:00,,,
1945,14,81,1,3199,,27.11,0.0,189.67,0.0,0.0,6118646.48,2014-06-13 00:00:00,,,
1946,14,81,1,2320,,4.47,0.0,31.24,0.0,0.0,1007740.66,2014-05-27 00:00:00,,,
1947,14,81,1,553,,3.55,0.0,24.74,0.0,0.0,797967.75,2014-04-17 00:00:00,,,
1948,14,81,1,2,,1.76,0.0,12.29,0.0,0.0,396311.03,2014-04-02 00:00:00,,,
1949,14,81,1,CLOSE OUT,,7.95,0.0,421.5,0.0,52.1,13596375.1,2015-01-29 00:00:00,,,
1950,14,81,1,I2301/410843,,0.0,0.0,0.0,0.0,0.0,287086.21,2015-06-08 00:00:00,,1,
1951,14,81,1,I2301/412511,,0.0,0.0,0.0,0.0,0.0,578910.8,2015-06-09 00:00:00,,,
1952,14,81,1,I2301/414141,,0.0,0.0,0.0,0.0,0.0,2186693.57,2015-06-10 00:00:00,,,
1953,14,81,1,I2301/415934,,0.0,0.0,0.0,0.0,0.0,1783692.28,2015-06-11 00:00:00,,,
1954,14,81,1,I2301/417781,,0.0,0.0,0.0,0.0,0.0,5139618.35,2015-06-12 00:00:00,,,
1955,14,81,1,I2301/419470,,0.0,0.0,0.0,0.0,0.0,594145.61,2015-06-15 00:00:00,,,
1956,14,81,1,I2301/421091,,0.0,0.0,0.0,0.0,0.0,592224.32,2015-06-16 00:00:00,,,
1957,14,81,1,I2301/422814,,0.0,0.0,0.0,0.0,0.0,2576184.29,2015-06-17 00:00:00,,,
1958,14,81,1,I2301/424560,,0.0,0.0,0.0,0.0,0.0,12746823.82,2015-06-18 00:00:00,,1,
1959,14,81,1,I2301/430150,,0.0,0.0,0.0,0.0,0.0,594067.83,2015-06-23 00:00:00,,,
1960,14,81,1,I2301/432027,,0.0,0.0,0.0,0.0,0.0,597669.51,2015-06-24 00:00:00,,,
1961,14,81,1,I2301/434036,,0.0,0.0,0.0,0.0,0.0,1590576.53,2015-06-25 00:00:00,,,
1962,14,81,1,I2301/436212,,0.0,0.0,0.0,0.0,0.0,15638501.8,2015-06-26 00:00:00,,,
1963,14,81,1,I2301/437939,,0.0,0.0,0.0,0.0,0.0,3753754.09,2015-06-29 00:00:00,,,
1964,14,81,1,I2301/441342,,0.0,0.0,0.0,0.0,0.0,1982443.65,2015-07-01 00:00:00,,,
1965,14,81,1,I2301/444791,,0.0,0.0,0.0,0.0,0.0,995287.4,2015-07-03 00:00:00,,,
1966,14,81,1,I2301/446507,,0.0,0.0,0.0,0.0,0.0,3989436.43,2015-07-06 00:00:00,,,
1967,14,81,1,I2301/448355,,0.0,0.0,0.0,0.0,0.0,995665.82,2015-07-07 00:00:00,,,
1968,14,81,1,I2301/450234,,0.0,0.0,0.0,0.0,0.0,994440.79,2015-07-08 00:00:00,,,
1969,14,81,1,I2301/453939,,0.0,0.0,0.0,0.0,0.0,1987706.54,2015-07-10 00:00:00,,,
1970,14,81,1,I2301/455725,,0.0,0.0,0.0,0.0,0.0,2963901.75,2015-07-13 00:00:00,,1,
1971,14,81,1,I2301/457589,,0.0,0.0,0.0,0.0,0.0,3279.65,2015-07-14 00:00:00,,1,
1972,14,81,1,I2301/459360,,0.0,0.0,0.0,0.0,0.0,2383382.23,2015-07-15 00:00:00,,,
1973,14,81,1,I2301/461202,,0.0,0.0,0.0,0.0,0.0,396078.82,2015-07-16 00:00:00,,1,
1974,14,81,1,I2301/463057,,0.0,0.0,0.0,0.0,0.0,792692.52,2015-07-17 00:00:00,,,
1975,14,81,1,I2301/464848,,0.0,0.0,0.0,0.0,0.0,836.15,2015-07-20 00:00:00,,1,
1976,14,81,1,I2301/466668,,0.0,0.0,0.0,0.0,0.0,731.15,2015-07-21 00:00:00,,1,
1977,14,81,1,I2301/468600,,0.0,0.0,0.0,0.0,0.0,1985868.53,2015-07-22 00:00:00,,,
1978,14,81,1,I2301/470558,,0.0,0.0,0.0,0.0,0.0,1191192.99,2015-07-23 00:00:00,,,
1979,14,81,1,I2301/474374,,0.0,0.0,0.0,0.0,0.0,1200068.56,2015-07-27 00:00:00,,,
1980,14,81,1,I2301/472462,,0.0,0.0,0.0,0.0,0.0,666.27,2015-07-24 00:00:00,,1,
1981,14,81,1,I2301/476339,,0.0,0.0,0.0,0.0,0.0,1987568.46,2015-07-28 00:00:00,,,
1982,14,81,1,I2301/478181,,0.0,0.0,0.0,0.0,0.0,397883.68,2015-07-29 00:00:00,,,
1983,14,81,1,I2301/480144,,0.0,0.0,0.0,0.0,0.0,793845.2,2015-07-30 00:00:00,,1,
1984,14,81,1,I2301/486136,,0.0,0.0,0.0,0.0,0.0,5973473.54,2015-08-04 00:00:00,,1,
1985,14,81,1,I2301/484270,,0.0,0.0,0.0,0.0,0.0,2787585.68,2015-08-03 00:00:00,,,
1986,14,81,1,I2301/513787,,0.0,0.0,0.0,0.0,0.0,3893391.03,2015-08-24 00:00:00,,,
1987,14,81,1,I2301/516121,,0.0,0.0,0.0,0.0,0.0,3489751.94,2015-08-25 00:00:00,,1,
1988,14,81,1,I2301/518270,,0.0,0.0,0.0,0.0,0.0,1121.81,2015-08-26 00:00:00,,,
1989,14,81,1,I2301/520351,,0.0,0.0,0.0,0.0,0.0,3567.55,2015-08-27 00:00:00,,,
1990,14,81,1,I2301/536423,,0.0,0.0,0.0,0.0,0.0,1995268.19,2015-09-09 00:00:00,,,
1991,14,81,1,I2301/541739,,0.0,0.0,0.0,0.0,0.0,1994368.22,2015-09-14 00:00:00,,,
1992,14,81,1,I2301/552719,,0.0,0.0,0.0,0.0,0.0,1001304.99,2015-09-23 00:00:00,,,
1993,14,81,1,I2301/554638,,0.0,0.0,0.0,0.0,0.0,400237.55,2015-09-24 00:00:00,,,
1994,14,81,1,I2301/550751,,0.0,0.0,0.0,0.0,0.0,7896.03,2015-09-22 00:00:00,,,
1995,14,81,1,I2301/558472,,0.0,0.0,0.0,0.0,0.0,5195702.15,2015-09-29 00:00:00,,1,
1996,14,81,1,I2301/569574,,0.0,0.0,0.0,0.0,0.0,183.8,2015-10-08 00:00:00,,1,
1997,14,81,1,I2301/573321,,0.0,0.0,0.0,0.0,0.0,324529.61,2015-10-12 00:00:00,,,
1998,14,81,1,I2301/578522,,0.0,0.0,0.0,0.0,0.0,149092.47,2015-10-15 00:00:00,,,
1999,14,81,1,I2301/583950,,0.0,0.0,0.0,0.0,0.0,8032.86,2015-10-20 00:00:00,,,
2000,14,81,1,I2301/594371,,0.0,0.0,0.0,0.0,0.0,3019923.65,2015-10-29 00:00:00,,,
2001,14,81,1,I2301/596485,,0.0,0.0,0.0,0.0,0.0,2010532.33,2015-10-30 00:00:00,,,
2002,14,81,1,I2301/599515,,0.0,0.0,0.0,0.0,0.0,5899588.93,2015-11-03 00:00:00,,,
2003,14,81,1,I2301/604187,,0.0,0.0,0.0,0.0,0.0,685.65,2015-11-06 00:00:00,,1,
2004,14,81,1,I2301/605758,,0.0,0.0,0.0,0.0,0.0,4995204.75,2015-11-09 00:00:00,,,
2005,14,81,1,I2301/609792,,0.0,0.0,0.0,0.0,0.0,5014044.58,2015-11-13 00:00:00,,,
2006,14,81,1,I2301/616139,,0.0,0.0,0.0,0.0,0.0,2201434.29,2015-11-19 00:00:00,,1,
2007,14,81,1,I2301/614493,,0.0,0.0,0.0,0.0,0.0,2805205.44,2015-11-18 00:00:00,,,
2008,14,81,1,I2301/617815,,0.0,0.0,0.0,0.0,0.0,2004032.47,2015-11-20 00:00:00,,,
2009,14,81,1,I2301/619462,,0.0,0.0,0.0,0.0,0.0,996182.92,2015-11-23 00:00:00,,,
2010,14,81,1,I2301/621076,,0.0,0.0,0.0,0.0,0.0,2202230.64,2015-11-24 00:00:00,,,
2011,14,81,1,I2301/622802,,0.0,0.0,0.0,0.0,0.0,1000341.18,2015-11-26 00:00:00,,,
2012,14,81,1,I2301/628061,,0.0,0.0,0.0,0.0,0.0,133737.02,2015-12-01 00:00:00,,,
2013,14,81,1,I2301/651393,,0.0,0.0,0.0,0.0,0.0,6771041.11,2015-12-22 00:00:00,,,
2014,14,81,1,I2301/653020,,0.0,0.0,0.0,0.0,0.0,997456.81,2015-12-23 00:00:00,,1,
2015,14,81,1,I2301/648208,,0.0,0.0,0.0,0.0,0.0,7645.81,2015-12-18 00:00:00,,,
2016,14,81,1,I2301/657667,,0.0,0.0,0.0,0.0,0.0,1994103.68,2015-12-29 00:00:00,,,
2017,14,81,1,I2301/659192,,0.0,0.0,0.0,0.0,0.0,3990485.68,2015-12-30 00:00:00,,,
2018,14,81,1,I2301/660770,,0.0,0.0,0.0,0.0,0.0,996666.05,2015-12-31 00:00:00,,,
2019,14,81,1,I2301/662554,,0.0,0.0,0.0,0.0,0.0,1997269.93,2016-01-01 00:00:00,,1,
2020,14,81,1,I2301/664131,,0.0,0.0,0.0,0.0,0.0,999876.69,2016-01-04 00:00:00,,1,
2021,14,81,1,I2301/665966,,0.0,0.0,0.0,0.0,0.0,1995507.17,2016-01-05 00:00:00,,,
2022,14,81,1,I2301/684493,,0.0,0.0,0.0,0.0,0.0,223121.32,2016-01-20 00:00:00,,,
2023,14,81,1,I2301/690969,,0.0,0.0,0.0,0.0,0.0,3980786.29,2016-01-27 00:00:00,,,
2024,14,81,-1,,,0.0,0.0,0.0,0.0,0.0,1328651.82,2016-02-04 00:00:00,,,
2025,14,81,1,I2301/702076,,0.0,0.0,0.0,0.0,0.0,75958.68,2016-02-05 00:00:00,,,
2026,14,81,1,I2301/706903,,0.0,0.0,0.0,0.0,0.0,384305.69,2016-02-10 00:00:00,,,
2027,14,81,1,I2301/708597,,0.0,0.0,0.0,0.0,0.0,773836.19,2016-02-11 00:00:00,,,
2028,14,81,1,I2301/712101,,0.0,0.0,0.0,0.0,0.0,776222.95,2016-02-15 00:00:00,,,
2029,14,81,1,I2301/721227,,0.0,0.0,0.0,0.0,0.0,1963231.02,2016-02-23 00:00:00,,,
2030,14,81,1,I2301/724391,,0.0,0.0,0.0,0.0,0.0,5100122.87,2016-02-25 00:00:00,,1,
2031,14,81,1,I2301/743823,,0.0,0.0,0.0,0.0,0.0,11548.13,2016-03-15 00:00:00,,1,
2032,14,81,1,I2301/746952,,0.0,0.0,0.0,0.0,0.0,909565.4,2016-03-17 00:00:00,,,
2033,14,81,1,I2301/748578,,0.0,0.0,0.0,0.0,0.0,904.74,2016-03-18 00:00:00,,,
2034,14,81,-1,year end,,0.0,0.0,0.0,0.0,0.0,2877360.0,2016-03-31 00:00:00,,,
2035,14,81,1,,,0.0,0.0,0.0,0.0,0.0,2877360.0,2016-04-01 00:00:00,,,
2036,14,81,1,,,0.0,0.0,0.0,0.0,0.0,7228260.0,2016-04-01 00:00:00,,,
2037,14,81,-1,year end,,0.0,0.0,0.0,0.0,0.0,7228260.0,2016-03-31 00:00:00,,,
2038,14,81,1,,year end closing,0.0,0.0,0.0,0.0,0.0,3343560.0,2017-03-31 00:00:00,,,
2039,14,81,1,,closing,0.0,0.0,0.0,0.0,0.0,7285600.0,2017-03-31 00:00:00,,,
2040,14,81,1,,year opening,0.0,0.0,0.0,0.0,0.0,3942040.0,2017-04-01 00:00:00,,,
2041,14,81,1,I2301/1101549,,0.16,0.0,0.02,0.0,0.0,28.67,2017-02-03 00:00:00,,,
2042,14,81,1,I2301/971258,,34.4,0.0,97.03,0.0,68.48,16824.85,2016-10-04 00:00:00,,,
2043,14,81,1,I2301/764635,,44.68,0.0,164.09,0.0,115.82,7246817.89,2016-04-05 00:00:00,,1,
2044,14,81,1,I2301/1111706,,4.93,0.0,17.66,0.0,12.47,1038865.01,2017-02-13 00:00:00,,,
2045,14,81,1,I2301/774059,,24.79,0.0,74.62,0.0,52.67,591872.05,2016-04-13 00:00:00,,,
2046,14,81,1,I2301/1142268,,122.45,0.0,436.06,0.0,307.81,7180790.07,2017-03-14 00:00:00,,1,
2047,14,81,1,I2301/946888,,1.98,0.0,7.02,0.0,4.96,413125.94,2016-09-14 00:00:00,,,
2048,14,81,1,I2301/1144023,,34.45,0.0,122.77,0.0,86.66,7221271.47,2017-03-15 00:00:00,,,
2049,14,81,1,I2301/1047958,,20.18,0.0,72.25,0.0,51.0,4249963.23,2016-12-15 00:00:00,,,
2050,14,81,1,I2301/1118201,,102.79,0.0,366.62,0.0,258.79,10083.84,2017-02-17 00:00:00,,1,
2051,14,81,1,I2301/1083198,,34.44,0.0,123.36,0.0,87.08,850208.54,2017-01-18 00:00:00,,1,
2052,14,81,1,I2301/881250,,5.4,0.0,15.22,0.0,10.74,2626.76,2016-07-18 00:00:00,,,
2053,14,81,1,I2301/882866,,28.85,0.0,81.24,0.0,57.35,14009.2,2016-07-19 00:00:00,,,
2054,14,81,1,I2301/952014,,34.41,0.0,97.05,0.0,68.51,15874.79,2016-09-19 00:00:00,,,
2055,14,81,1,I2301/1086295,,103.24,0.0,336.15,0.0,237.28,18018.89,2017-01-20 00:00:00,,,
2056,14,81,1,I2301/1119881,,42.0,0.0,116.45,0.0,82.2,16519.31,2017-02-20 00:00:00,,,
2057,14,81,1,I2301/1149236,,8.69,0.0,24.0,0.0,16.94,3705.57,2017-03-20 00:00:00,,,
2058,14,81,1,I2301/777468,,2.02,0.0,5.64,0.0,3.98,331664.09,2016-04-20 00:00:00,,,
2059,14,81,1,I2301/1052065,,82.19,0.0,260.2,0.0,183.67,15309.3,2016-12-20 00:00:00,,,
2060,14,81,1,I2301/1123119,,4.92,0.0,17.56,0.0,12.4,1033039.83,2017-02-22 00:00:00,,,
2061,14,81,1,I2301/1054675,,24.2,0.0,86.57,0.0,61.12,3394825.65,2016-12-22 00:00:00,,1,
2062,14,81,1,I2301/1124938,,9.83,0.0,35.1,0.0,24.78,1070.39,2017-02-23 00:00:00,,,
2063,14,81,1,I2301/1154366,,54.69,0.0,184.71,0.0,130.39,13791.43,2017-03-23 00:00:00,,1,
2064,14,81,1,I2301/1056125,,5.03,0.0,17.99,0.0,12.71,1058565.68,2016-12-23 00:00:00,,,
2065,14,81,1,I2301/854269,,18.11,0.0,51.15,0.0,36.11,11167.53,2016-06-24 00:00:00,,,
2066,14,81,1,I2301/1028397,,15.93,0.0,44.45,0.0,31.38,3607.6,2016-11-25 00:00:00,,,
2067,14,81,1,I2301/784272,,16.22,0.0,49.25,0.0,34.76,941791.11,2016-04-26 00:00:00,,,
2068,14,81,1,I2301/819885,,33.4,0.0,97.66,0.0,68.94,15874.76,2016-05-26 00:00:00,,,
2069,14,81,1,I2301/928567,,34.62,0.0,98.03,0.0,69.2,14447.91,2016-08-26 00:00:00,,,
2070,14,81,1,I2301/1157686,,39.9,0.0,126.35,0.0,89.18,4181069.23,2017-03-27 00:00:00,,,
2071,14,81,1,I2301/856255,,16.3,0.0,45.97,0.0,32.45,7824.64,2016-06-27 00:00:00,,,
2072,14,81,1,I2301/962129,,2.0,0.0,7.1,0.0,5.02,417753.9,2016-09-27 00:00:00,,,
2073,14,81,1,I2301/1058795,,34.12,0.0,121.98,0.0,86.1,1849.14,2016-12-27 00:00:00,,,
2074,14,81,1,I2301/1029847,,22.28,0.0,62.25,0.0,43.93,738822.04,2016-11-28 00:00:00,,,
2075,14,81,1,I2301/1094532,,0.17,0.0,0.06,0.0,0.0,96.28,2017-01-30 00:00:00,,,
2076,14,81,1,I2301/123824   07/JUL2017/20818,,0.0,0.0,0.0,0.0,0.0,19115.7,2017-07-19 00:00:00,,,
2077,14,81,1,I2301/129237   07/JUL2017/26231,,0.0,0.0,0.0,0.0,0.0,1883.21,2017-07-24 00:00:00,,,
2078,14,81,1,I2301/171264   07/AUG2017/31874,,0.0,0.0,0.0,0.0,0.0,19363.18,2017-08-30 00:00:00,,,
2079,14,81,1,I2301/169597   07/AUG2017/30207,,0.0,0.0,0.0,0.0,0.0,19596.26,2017-08-29 00:00:00,,,
2080,14,81,1,I2301/206837   07/SEP2017/32719,,0.0,0.0,0.0,0.0,0.0,32934.19,2017-09-28 00:00:00,,,
2081,14,81,1,I2301/232224   07/OCT2017/22800,,0.0,0.0,0.0,0.0,0.0,12389.8,2017-10-24 00:00:00,,,
2082,14,81,1,I2301/234318   07/OCT2017/24894,,0.0,0.0,0.0,0.0,0.0,16798.19,2017-10-25 00:00:00,,,
2083,14,81,1,I2301/269797   07/NOV2017/26400,,0.0,0.0,0.0,0.0,0.0,17778.93,2017-11-21 00:00:00,,,
2084,14,81,1,I2301/370019   07/FEB2018/9803,,0.0,0.0,0.0,0.0,0.0,1863.34,2018-02-08 00:00:00,,,
2085,14,81,1,I2301/382306   07/FEB2018/22090,,0.0,0.0,0.0,0.0,0.0,22541.87,2018-02-20 00:00:00,,,
2086,14,81,1,I2301/280559   07/NOV2017/37159,,0.0,0.0,0.0,0.0,0.0,28342.8,2017-11-29 00:00:00,,,
2087,14,81,1,I2301/311519   07/DEC2017/27727,,0.0,0.0,0.0,0.0,0.0,8909.62,2017-12-26 00:00:00,,,
2088,14,81,1,I2301/353959   07/JAN2018/35091,,0.0,0.0,0.0,0.0,0.0,20650.09,2018-01-25 00:00:00,,,
2089,14,81,1,I2301/417591   07/MAR2018/24737,,0.0,0.0,0.0,0.0,0.0,30187.04,2018-03-26 00:00:00,,,
2090,14,81,1,I2301/421069   07/MAR2018/28215,,0.0,0.0,0.0,0.0,0.0,429039.33,2018-03-28 00:00:00,,1,
2091,14,81,1,YEAR END,,0.0,0.0,0.0,0.0,0.0,4404915.0,2018-03-31 00:00:00,,,
2092,14,81,-1,YEAR OPNING,,0.0,0.0,0.0,0.0,0.0,4404915.0,2018-04-01 00:00:00,,1,
2093,14,81,1,OPENING,,0.0,0.0,0.0,0.0,0.0,6648600.0,2018-04-01 00:00:00,,,
2094,14,81,1,YEAR END,,0.0,0.0,0.0,0.0,0.0,6648600.0,2018-03-31 00:00:00,,1,
2095,14,81,1,I2301/23573,,0.0,0.0,0.0,0.0,0.0,17547.87,2017-04-24 00:00:00,,,
2096,14,81,1,I2301/70309,,0.0,0.0,0.0,0.0,0.0,223063.37,2017-06-01 00:00:00,,,
2097,14,81,1,I2301/96818,,0.0,0.0,0.0,0.0,0.0,7147.67,2017-06-27 00:00:00,,,
2098,14,81,1,I2301/100081,,0.0,0.0,0.0,0.0,0.0,74016.4,2017-06-29 00:00:00,,,
2099,14,81,1,I2301/60254,,0.0,0.0,0.0,0.0,0.0,23678.52,2017-05-24 00:00:00,,,
2100,14,81,1,I2301/25371,,0.0,0.0,0.0,0.0,0.0,13965.51,2017-04-25 00:00:00,,,
2101,14,81,1,closing,closing,0.0,0.0,0.0,0.0,0.0,6864200.0,2019-03-31 00:00:00,,,
2102,14,81,1,closing,closing,0.0,0.0,0.0,0.0,0.0,4228065.0,2019-03-31 00:00:00,,,
2103,14,81,1,I2301/28476   07/APR2018/28476,,75.8,0.0,221.52,0.0,156.36,9277.02,2018-04-26 00:00:00,,,
2104,14,81,1,I2301/30158   07/APR2018/30158,,58.76,0.0,131.71,0.0,105.37,20927.24,2018-04-27 00:00:00,,,
2105,14,81,1,I2301/62133   07/MAY2018/29556,,75.9,0.0,221.85,0.0,156.6,7001.35,2018-05-29 00:00:00,,,
2106,14,81,1,I2301/121843   27/JUL2018/5565,,106.88,0.0,293.32,0.0,213.19,21373.85,2018-07-25 00:00:00,,,
2107,14,81,1,I2301/139494   27/AUG2018/2333,,37.24,174.0,78.23,0.0,34.77,26758.84,2018-08-09 00:00:00,,,
2108,14,81,1,I2301/158443   27/AUG2018/6532,,37.7,179.0,80.23,0.0,35.66,4467033.95,2018-08-29 00:00:00,,,
2109,14,81,1,I2301/160210   27/AUG2018/6952,,59.14,267.0,226.04,0.0,53.19,7025.33,2018-08-30 00:00:00,,,
2110,14,81,1,I2301/201637   27/OCT2018/2044,,38.44,186.0,83.47,0.0,37.1,27088.07,2018-10-10 00:00:00,,,
2111,14,81,1,I2301/207503   27/OCT2018/3264,,38.54,187.0,83.86,0.0,37.28,28166.4,2018-10-16 00:00:00,,,
2112,14,81,1,I2301/187625   27/SEP2018/5701,,58.62,263.0,223.48,0.0,52.58,6683.02,2018-09-26 00:00:00,,,
2113,14,81,1,I2301/214695   27/OCT2018/4901,,59.4,268.0,227.26,0.0,53.47,7757.57,2018-10-24 00:00:00,,,
2114,14,81,1,I2301/219096   27/OCT2018/5825,,55.9,269.0,120.67,0.0,53.63,42631.88,2018-10-29 00:00:00,,,
2115,14,81,1,I2301/269649   27/DEC2018/3795,,17.22,81.0,36.09,0.0,16.05,11012.36,2018-12-19 00:00:00,,,
2116,14,81,1,I2301/248162   27/NOV2018/5275,,60.66,274.0,231.49,0.0,54.77,6310.3,2018-11-28 00:00:00,,,
2117,14,81,1,I2301/289165   27/JAN2019/1816,,36.72,173.0,77.49,0.0,34.45,20773.4,2019-01-09 00:00:00,,,
2118,14,81,1,I2301/275560   27/DEC2018/5088,,61.4,279.0,236.99,0.0,55.76,5597.55,2018-12-26 00:00:00,,,
2119,14,81,1,I2301/331250   27/FEB2019/4334,,37.32,175.0,78.61,0.0,34.94,21437.21,2019-02-21 00:00:00,,,
2120,14,81,1,I2301/306554   27/JAN2019/5734,,60.44,274.0,232.32,0.0,54.66,4384.28,2019-01-28 00:00:00,,,
2121,14,81,1,I2301/333977   27/FEB2019/4917,,60.24,273.0,231.34,0.0,54.43,4211.69,2019-02-25 00:00:00,,,
2122,14,81,1,I2301/360178   27/MAR2019/4507,,36.78,170.0,76.22,0.0,33.87,26711.21,2019-03-25 00:00:00,,,
2123,14,81,1,I2301/364636   27/MAR2019/5479,,60.78,276.0,233.91,0.0,55.04,5945.03,2019-03-28 00:00:00,,,
2124,14,81,1,I2301/8873   27/APR2019/1921,,0.0,0.0,0.0,0.0,0.0,2656.33,2019-04-09 00:00:00,,1,
2125,14,81,1,I2301/88438   27/JUN2018/4865,,163.26,0.0,416.96,0.0,312.48,173224.88,2018-06-22 00:00:00,,1,
2126,14,81,1,I2301/94197   27/JUN2018/6187,,77.04,0.0,225.86,0.0,159.44,6468.36,2018-06-28 00:00:00,,,
2127,14,81,1,I2301/121843   27/JUL2018/5565,,0.0,0.0,0.0,0.0,0.0,6721721.89,2018-07-25 00:00:00,,,
2128,14,81,1,closeout,,0.0,0.0,0.0,0.0,0.0,4446283.86,2018-08-29 00:00:00,,,
2129,14,81,1,I2301/11585   27/APR2019/2509,,0.0,0.0,0.0,0.0,0.0,24206.42,2019-04-11 00:00:00,,,
2130,15,81,1,NSE/FO297590,,2.06,6.0,7.69,44.0,0.0,256181.25,2013-03-26 00:00:00,,,
2131,15,81,1,NSE/FO295209,,2.36,7.0,10.08,57.0,0.0,335914.56,2013-03-22 00:00:00,,,
2132,15,81,1,NSE/FO294012,,22.96,70.0,104.78,269.0,0.0,326972.74,2013-03-21 00:00:00,,1,
2133,15,81,1,NSE/FO292672,,19.57,52.0,77.38,196.0,0.0,270238.45,2013-03-20 00:00:00,,1,
2134,15,81,1,NSE/FO291368,,8.53,23.0,33.03,93.0,0.0,1443.56,2013-03-19 00:00:00,,1,
2135,15,81,1,NSE/FO276000,,10.0,10.0,35.88,78.0,0.0,443791.12,2013-02-28 00:00:00,,1,
2136,15,81,1,NSE/FO273046,,7.86,19.0,36.62,78.0,0.0,16681.52,2013-02-26 00:00:00,,1,
2137,15,81,1,NSE/FO271828,,6.94,11.0,29.24,0.0,0.0,486624.18,2013-02-25 00:00:00,,,
2138,15,81,1,NSE/FO270723,,8.45,28.0,41.35,157.0,0.0,472738.2,2013-02-22 00:00:00,,1,
2139,15,81,1,NSE/FO269630,,5.63,19.0,27.58,78.0,0.0,2951.79,2013-02-21 00:00:00,,1,
2140,15,81,1,NSE/FO268398,,2.87,10.0,14.24,0.0,0.0,474536.11,2013-02-20 00:00:00,,,
2141,15,81,1,NSE/FO267300,,5.72,19.0,28.31,81.0,0.0,10347.97,2013-02-19 00:00:00,,1,
2142,15,81,1,NSE/FO266209,,2.83,10.0,13.94,79.0,0.0,464685.23,2013-02-18 00:00:00,,,
2143,15,81,1,NSE/FO256581,,6.26,11.0,32.72,4.0,0.0,462871.98,2013-02-05 00:00:00,,,
2144,15,81,1,NSE/FO250495,,2.38,7.0,10.28,58.0,0.0,342713.34,2013-01-29 00:00:00,,,
2145,15,81,1,NSE/FO244406,,8.75,24.0,34.79,98.0,0.0,4451.54,2013-01-22 00:00:00,,1,
2146,15,81,1,NSE/FO243227,,2.04,6.0,7.52,43.0,0.0,250732.44,2013-01-21 00:00:00,,,
2147,15,81,1,NSE/FO240953,,1.94,5.0,6.68,38.0,0.0,222501.88,2013-01-17 00:00:00,,,
2148,15,81,1,NSE/FO238556,,6.86,19.0,28.47,100.0,0.0,230306.17,2013-01-15 00:00:00,,1,
2149,15,81,1,NSE/FO237361,,8.21,21.0,30.46,87.0,0.0,3067.33,2013-01-14 00:00:00,,1,
2150,15,81,1,NSE/FO236155,,4.23,11.0,16.26,43.0,0.0,31142.49,2013-01-11 00:00:00,,,
2151,15,81,1,NSE/FO234947,,4.12,11.0,15.41,44.0,0.0,2957.47,2013-01-10 00:00:00,,1,
2152,15,81,1,NSE/FO233835,,6.11,15.0,22.43,44.0,0.0,232664.54,2013-01-09 00:00:00,,1,
2153,15,81,1,NSE/FO232687,,6.03,15.0,21.8,40.0,0.0,254978.58,2013-01-08 00:00:00,,1,
2154,15,81,1,NSE/FO231613,,6.2,16.0,23.14,94.0,0.0,336521.16,2013-01-07 00:00:00,,,
2155,15,81,1,NSE/FO230592,,6.57,18.0,26.12,49.0,0.0,289526.69,2013-01-04 00:00:00,,1,
2156,15,81,1,NSE/FO229563,,2.06,6.0,7.66,0.0,0.0,255274.72,2013-01-03 00:00:00,,,
2157,15,81,1,NSE/FO228524,,7.13,21.0,30.66,112.0,0.0,293502.21,2013-01-02 00:00:00,,1,
2158,15,81,1,NSE/FO224644,,2.14,6.0,8.36,47.0,0.0,278427.5,2012-12-27 00:00:00,,,
2159,15,81,1,NSE/FO222980,,2.08,6.0,7.87,45.0,0.0,262130.05,2012-12-26 00:00:00,,,
2160,15,81,1,NSE/FO221820,,19.44,51.0,76.3,192.0,0.0,284219.74,2012-12-24 00:00:00,,1,
2161,15,81,1,NSE/FO220740,,2.1,6.0,8.02,0.0,0.0,267225.12,2012-12-21 00:00:00,,,
2162,15,81,1,NSE/FO219527,,7.28,22.0,31.85,60.0,0.0,350548.13,2012-12-20 00:00:00,,1,
2163,15,81,1,NSE/FO213777,,6.57,18.0,26.17,50.0,0.0,287027.74,2012-12-13 00:00:00,,1,
2164,15,81,1,NSE/FO212613,,2.21,6.0,8.94,51.0,0.0,297822.85,2012-12-12 00:00:00,,,
2165,15,81,1,NSE/FO206836,,2.2,6.0,8.81,0.0,0.0,293826.01,2012-12-05 00:00:00,,,
2166,15,81,1,NSE/FO202326,,5.06,9.0,22.99,64.0,0.0,359980.95,2012-11-29 00:00:00,,,
2167,15,81,1,NSE/FO200533,,3.14,5.0,7.47,34.0,0.0,197832.39,2012-11-27 00:00:00,,,
2168,15,81,1,NSE/FO198144,,2.34,7.0,9.95,56.0,0.0,331515.71,2012-11-23 00:00:00,,,
2169,15,81,1,NSE/FO195870,,5.67,13.0,18.9,38.0,0.0,104802.57,2012-11-21 00:00:00,,,
2170,15,81,1,NSE/FO193525,,3.81,8.0,12.85,58.0,0.0,338999.34,2012-11-19 00:00:00,,,
2171,15,81,1,NSE/FO192405,,4.18,11.0,15.83,45.0,0.0,750.26,2012-11-16 00:00:00,,1,
2172,15,81,1,NSE/FO191220,,4.52,6.0,18.64,40.0,0.0,218262.84,2012-11-15 00:00:00,,,
2173,15,81,1,NSE/FO187222,,6.29,16.0,23.9,39.0,0.0,337712.19,2012-11-08 00:00:00,,1,
2174,15,81,1,NSE/FO186021,,7.85,19.0,27.49,78.0,0.0,1431.66,2012-11-07 00:00:00,,1,
2175,15,81,1,NSE/FO184770,,6.03,15.0,21.75,85.0,0.0,271095.22,2012-11-06 00:00:00,,1,
2176,15,81,1,NSE/FO183630,,2.1,6.0,8.05,0.0,0.0,268275.15,2012-11-05 00:00:00,,,
2177,15,81,1,NSE/FO182535,,9.69,11.0,33.42,40.0,0.0,19264.11,2012-11-02 00:00:00,,1,
2178,15,81,1,NSE/FO181304,,4.9,1.0,21.7,3.0,0.0,9951.4,2012-11-01 00:00:00,,,
2179,15,81,1,NSE/FO180106,,4.02,6.0,14.57,2.0,0.0,206844.59,2012-10-31 00:00:00,,,
2180,15,81,1,NSE/FO178992,,10.53,12.0,40.2,50.0,0.0,17086.02,2012-10-30 00:00:00,,1,
2181,15,81,1,NSE/FO177727,,13.32,12.0,44.78,62.0,0.0,150904.9,2012-10-29 00:00:00,,1,
2182,15,81,1,NSE/FO176660,,8.03,10.0,29.02,34.0,0.0,23604.55,2012-10-26 00:00:00,,1,
2183,15,81,1,NSE/FO175469,,11.86,35.0,51.02,173.0,0.0,335984.12,2012-10-25 00:00:00,,1,
2184,15,81,1,NSE/FO173702,,12.09,21.0,52.85,6.0,0.0,928324.44,2012-10-23 00:00:00,,,
2185,15,81,1,NSE/FO172546,,5.58,10.0,18.26,36.0,0.0,9028.16,2012-10-22 00:00:00,,1,
2186,15,81,1,NSE/FO171313,,3.75,9.0,12.35,35.0,0.0,1196.9,2012-10-19 00:00:00,,1,
2187,15,81,1,NSE/FO169991,,14.13,33.0,60.36,167.0,0.0,381896.51,2012-10-18 00:00:00,,1,
2188,15,81,1,NSE/FO168595,,13.82,39.0,57.82,213.0,0.0,582522.36,2012-10-17 00:00:00,,1,
2189,15,81,1,NSE/FO167375,,1.87,5.0,6.15,0.0,0.0,205072.02,2012-10-16 00:00:00,,,
2190,15,81,1,NSE/FO166060,,3.78,9.0,12.61,36.0,0.0,20.61,2012-10-15 00:00:00,,1,
2191,15,81,1,NSE/FO162097,,2.35,7.0,10.05,0.0,0.0,335028.4,2012-10-10 00:00:00,,,
2192,15,81,1,NSE/FO160767,,2.52,8.0,11.4,0.0,0.0,380130.92,2012-10-09 00:00:00,,,
2193,15,81,1,NSE/FO158164,,21.24,42.0,81.79,142.0,0.0,362202.03,2012-10-05 00:00:00,,1,
2194,15,81,1,NSE/FO156778,,14.73,34.0,56.21,185.0,0.0,539722.06,2012-10-04 00:00:00,,1,
2195,15,81,1,NSE/FO155482,,1.87,5.0,6.14,0.0,0.0,204522.01,2012-10-03 00:00:00,,,
2196,15,81,1,NSE/FO149023,,4.2,8.0,16.05,1.0,0.0,325847.25,2012-09-25 00:00:00,,,
2197,15,81,1,NSE/FO147799,,5.39,18.0,25.62,73.0,0.0,309.99,2012-09-24 00:00:00,,1,
2198,15,81,1,NSE/FO914,,4.17,11.0,15.75,45.0,0.0,1287.67,2013-04-01 00:00:00,,1,
2199,15,81,1,NSE/FO295648,,1.56,0.0,3.64,1.0,1.0,5183.8,2014-03-26 00:00:00,,,
2200,15,81,1,NSE/FO915,,1.25,0.0,1.12,0.0,1.0,1612.37,2014-04-01 00:00:00,,,
2201,15,81,1,NSE/FO48457,,1.13,0.0,0.18,0.0,1.0,261.31,2014-06-09 00:00:00,,,
2202,15,81,1,NSE/FO40514,,1.56,0.0,3.68,1.0,1.0,5233.76,2014-05-29 00:00:00,,,
2203,15,81,1,I2301/518270,,6.12,18.0,25.73,43.0,0.0,3389.15,2015-08-26 00:00:00,,1,
2204,15,81,1,I2301/660770,,6.54,19.0,27.1,45.0,0.0,615.64,2015-12-31 00:00:00,,1,
2205,15,81,1,I2301/567725,,1.3,1.0,0.32,0.0,0.0,467.87,2015-10-07 00:00:00,,,
2206,15,81,1,I2301/552719,,4.59,10.0,14.76,43.0,0.0,436034.65,2015-09-23 00:00:00,,,
2207,15,81,1,I2301/554638,,6.15,18.0,25.91,0.0,0.0,863569.31,2015-09-24 00:00:00,,,
2208,15,81,1,I2301/558472,,3.07,9.0,12.92,43.0,0.0,430423.01,2015-09-29 00:00:00,,,
2209,15,81,1,I2301/536423,,6.03,17.0,25.09,42.0,0.0,191.88,2015-09-09 00:00:00,,1,
2210,15,81,1,I2301/534565,,20.7,57.0,84.89,162.0,0.0,417743.66,2015-09-08 00:00:00,,1,
2211,15,81,1,I2301/525794,,3.0,9.0,12.43,0.0,0.0,414408.43,2015-09-01 00:00:00,,,
2212,15,81,1,I2301/472462,,2.16,5.0,6.46,0.0,0.0,215397.62,2015-07-24 00:00:00,,,
2213,15,81,1,I2301/468600,,2.17,5.0,6.5,22.0,0.0,216610.33,2015-07-22 00:00:00,,,
2214,15,81,1,I2301/466668,,2.16,5.0,6.46,0.0,0.0,215461.37,2015-07-21 00:00:00,,,
2215,15,81,1,I2301/464848,,2.17,5.0,6.51,22.0,0.0,216856.57,2015-07-20 00:00:00,,,
2216,15,81,1,I2301/742289,,3.69,11.0,16.39,55.0,0.0,546129.92,2016-03-14 00:00:00,,,
2217,15,81,1,I2301/722796,,2.49,1.0,8.12,2.0,0.0,11577.39,2016-02-24 00:00:00,,,
2218,15,81,1,I2301/724391,,3.11,9.0,12.39,0.0,0.0,413133.5,2016-02-25 00:00:00,,,
2219,15,81,1,I2301/730889,,15.08,11.0,58.95,51.0,0.0,454389.47,2016-03-02 00:00:00,,1,
2220,15,81,1,I2301/750260,,1.84,1.0,3.68,0.0,0.0,5265.52,2016-03-21 00:00:00,,,
2221,15,81,1,I2301/748578,,2.7,1.0,9.56,2.0,0.0,13625.74,2016-03-18 00:00:00,,,
2222,15,81,1,I2301/727592,,1.84,1.0,3.68,0.0,0.0,5265.52,2016-02-29 00:00:00,,,
2223,15,81,1,I2301/698983,,6.5,18.0,26.84,45.0,0.0,2456.66,2016-02-03 00:00:00,,1,
2224,15,81,1,I2301/700540,,6.86,20.0,29.28,49.0,0.0,1548.14,2016-02-04 00:00:00,,1,
2225,15,81,1,I2301/712101,,3.06,1.0,12.08,3.0,0.0,17221.86,2016-02-15 00:00:00,,,
2226,15,81,1,I2301/719775,,3.4,10.0,14.44,0.0,0.0,481236.84,2016-02-22 00:00:00,,,
2227,15,81,1,I2301/764635,,0.0,0.0,0.0,0.0,0.0,6316.36,2016-04-05 00:00:00,,,
2228,15,81,-1,year end,,0.0,0.0,0.0,0.0,0.0,11550.0,2016-03-31 00:00:00,,,
2229,15,81,-1,year end,,0.0,0.0,0.0,0.0,0.0,11550.0,2016-04-01 00:00:00,,,
2230,15,81,1,I2301/417781,,2.49,6.0,8.79,29.0,0.0,292919.72,2015-06-12 00:00:00,,,
2231,15,81,1,I2301/434036,,2.65,7.0,9.93,0.0,0.0,331103.58,2015-06-25 00:00:00,,,
2232,7,81,1,IK2408/23506   27/APR2019/5098,,0.0,0.0,0.0,0.0,0.0,18929.74,2019-04-25 00:00:00,,,
2233,4,50,2,36043,,0.56,10.21,3.06,0.0,0.11,102113.94,2019-04-25 00:00:00,,,
2234,4,40,2,33875,,0.22,4.09,1.23,0.0,0.07,40925.71,2019-04-24 00:00:00,,,
2235,11,81,1,I22099/14333   27/APR2019/3082,,0.0,0.0,0.0,0.0,0.0,12015.46,2019-04-15 00:00:00,,,
2237,11,81,1,I22099/32344   27/MAY2019/1217,,0.0,0.0,0.0,0.0,0.0,2035316.51,2019-05-08 00:00:00,,1,
2238,11,81,1,I22099/34965   27/MAY2019/1797,,0.0,0.0,0.0,0.0,0.0,315643.58,2019-05-10 00:00:00,,,
2239,7,81,1,IK2408/30363   27/MAY2019/817,,0.0,0.0,0.0,0.0,0.0,78020.65,2019-05-06 00:00:00,,,
2240,7,81,1,IK2408/32937   27/MAY2019/1383,,0.0,0.0,0.0,0.0,0.0,1200235.59,2019-05-08 00:00:00,,1,
2241,7,81,1,IK2408/34302   27/MAY2019/1692,,0.0,0.0,0.0,0.0,0.0,314343.59,2019-05-09 00:00:00,,,
2242,1,50,1,I22099/32344   27/MAY2019/1217,,0.0,0.0,0.0,17.0,0.0,16999.7,2019-05-08 00:00:00,,,
2244,14,81,1,I2301/36211   27/MAY2019/2092,,0.0,0.0,0.0,0.0,0.0,950361.66,2019-05-13 00:00:00,,,
2245,2,50,1,I2301/37545   27/MAY2019/2404,,1.78,3.0,0.86,27.0,9.04,26577.98,2019-05-14 00:00:00,,,
2246,14,81,1,I2301/38792   27/MAY2019/2678,,0.0,0.0,0.0,0.0,0.0,17084.06,2019-05-15 00:00:00,,,
2247,14,81,1,I2301/42790   27/MAY2019/3521,,0.0,0.0,0.0,0.0,0.0,9422.26,2019-05-20 00:00:00,,1,
2248,7,81,1,IK2408/43413   27/MAY2019/3676,,0.0,0.0,0.0,0.0,0.0,2953350.09,2019-05-20 00:00:00,,,
2249,7,81,1,IK2408/47737   27/MAY2019/4599,,0.0,0.0,0.0,0.0,0.0,2959049.94,2019-05-23 00:00:00,,,
2250,7,81,1,IK2408/46153   27/MAY2019/4269,,0.0,0.0,0.0,0.0,0.0,2948848.79,2019-05-22 00:00:00,,,
2251,7,81,1,opening,,0.0,0.0,0.0,0.0,0.0,16866320.0,2019-04-01 00:00:00,,,
2252,7,81,1,IK2408/12161   27/APR2019/2656,,0.0,0.0,0.0,0.0,0.0,6365.27,2019-04-11 00:00:00,,,
2253,7,81,1,opening,,0.0,0.0,0.0,0.0,0.0,3131900.0,2019-04-01 00:00:00,,,
2254,11,81,1,opening,,0.0,0.0,0.0,0.0,0.0,2035800.0,2019-04-01 00:00:00,,,
2255,14,81,1,opening,,0.0,0.0,0.0,0.0,0.0,4228200.0,2019-04-01 00:00:00,,,
2256,4,50,1,IK2408/49287   27/MAY2019/4906,,3.88,12.0,3.58,1.0,18.17,110161.37,2019-05-24 00:00:00,,,
2257,1,50,4,ipo,,0.0,0.0,0.0,0.0,0.0,199998.43,2019-03-29 00:00:00,,,
2258,2,50,1,ipo,,0.0,0.0,0.0,0.0,0.0,199998.43,2019-03-29 00:00:00,,,
2259,4,50,1,ipo,,0.0,0.0,0.0,0.0,0.0,199998.43,2019-03-29 00:00:00,,,
2260,4,50,1,IK2408/50845   27/MAY2019/5237,,2.24,11.0,3.5,1.0,9.16,107524.7,2019-05-27 00:00:00,,,
2261,14,81,1,I2301/50223   27/MAY2019/5081,,0.0,0.0,0.0,0.0,0.0,9020.13,2019-05-27 00:00:00,,,
2262,7,81,1,IK2408/50845   27/MAY2019/5237,,0.0,0.0,0.0,0.0,0.0,28628.46,2019-05-27 00:00:00,,,
2263,7,81,1,IK2408/52405   27/MAY2019/5571,,0.0,0.0,0.0,0.0,0.0,157090.45,2019-05-28 00:00:00,,,
2264,7,81,1,IK2408/53843   27/MAY2019/5879,,0.0,0.0,0.0,0.0,0.0,22458.31,2019-05-29 00:00:00,,,
2265,7,81,1,IK2408/49287   27/MAY2019/4906,,0.0,0.0,0.0,0.0,0.0,1581864.89,2019-05-24 00:00:00,,,
2266,11,81,1,I22099/50183   27/MAY2019/5042,,0.0,0.0,0.0,0.0,0.0,1568.24,2019-05-27 00:00:00,,,
2267,2,50,1,I2301/60320   27/JUN2019/647,,2.3,12.0,3.74,1.0,9.17,114971.79,2019-06-06 00:00:00,,,
2268,14,81,1,I2301/54701   27/MAY2019/6072,,0.0,0.0,0.0,0.0,0.0,28522.99,2019-05-30 00:00:00,,,
2269,7,81,1,IK2408/55323   27/MAY2019/6214,,0.0,0.0,0.0,0.0,0.0,33276.35,2019-05-30 00:00:00,,,
2270,7,81,1,IK2408/60926   27/JUN2019/793,,0.0,0.0,0.0,0.0,0.0,3233137.37,2019-06-06 00:00:00,,,
2271,11,81,1,I22099/54657   27/MAY2019/6029,,0.0,0.0,0.0,0.0,0.0,1728.21,2019-05-30 00:00:00,,,
2272,2,40,2,817178,,1.16,19.93,6.48,0.0,0.31,199297.88,2018-10-01 00:00:00,,,
2273,2,40,2,156969,,0.0,0.1,0.03,0.0,0.01,1000.14,2018-09-28 00:00:00,,,
2274,4,40,2,103057,,1.44,26.5,7.95,0.0,0.28,265054.27,2019-06-07 00:00:00,,,
2275,7,81,1,IK2408/62256   27/JUN2019/1083,,0.0,0.0,0.0,0.0,0.0,157711.29,2019-06-07 00:00:00,,,
2276,7,81,1,IK2408/63543   27/JUN2019/1352,,0.0,0.0,0.0,0.0,0.0,237947.92,2019-06-10 00:00:00,,,
2277,14,81,1,I2301/63011   27/JUN2019/1237,,0.0,0.0,0.0,0.0,0.0,3037652.98,2019-06-10 00:00:00,,,
2278,7,81,1,IK2408/64874   27/JUN2019/1630,,0.0,0.0,0.0,0.0,0.0,868.57,2019-06-11 00:00:00,,,
2279,4,50,1,IK2408/62256   27/JUN2019/1083,,1.72,2.0,0.54,17.0,9.03,16780.79,2019-06-07 00:00:00,,,
2280,4,40,2,689783,,0.3,5.25,1.71,0.0,0.06,52507.32,2019-06-07 00:00:00,,,
2281,14,81,1,I2301/68269   27/JUN2019/2336,,0.0,0.0,0.0,0.0,0.0,3062545.41,2019-06-14 00:00:00,,,
2282,2,50,1,I2301/70785   27/JUN2019/2887,,1.66,1.0,0.21,7.0,9.01,6558.88,2019-06-18 00:00:00,,,
2283,14,81,1,I2301/65614   27/JUN2019/1776,,0.0,0.0,0.0,0.0,0.0,3047846.76,2019-06-12 00:00:00,,,
2284,7,81,1,IK2408/74061   27/JUN2019/3587,,0.0,0.0,0.0,0.0,0.0,5408952.95,2019-06-20 00:00:00,,,
2285,11,81,1,I22099/103814   27/JUL2019/4586,,0.0,0.0,0.0,0.0,0.0,1498.35,2019-07-24 00:00:00,,,
2286,14,81,1,I2301/103848   27/JUL2019/4619,,0.0,0.0,0.0,0.0,0.0,17188.52,2019-07-24 00:00:00,,,
2288,2,50,1,I2301/103848   27/JUL2019/4619,,1.62,2.0,0.0,18.0,9.03,17924.9,2019-07-24 00:00:00,,,
2289,7,81,1,IK2408/105644   27/JUL2019/5008,,0.0,0.0,0.0,0.0,0.0,371.33,2019-07-25 00:00:00,,,
2290,7,81,1,IK2408/88232   27/JUL2019/1251,,0.0,0.0,0.0,0.0,0.0,4172535.05,2019-07-05 00:00:00,,,
2291,7,81,1,IK2408/93293   27/JUL2019/2342,,0.0,0.0,0.0,0.0,0.0,8043.5,2019-07-11 00:00:00,,,
2292,7,81,1,IK2408/83229   27/JUL2019/200,,0.0,0.0,0.0,0.0,0.0,5144.24,2019-07-01 00:00:00,,1,
2293,7,81,1,IK2408/79299   27/JUN2019/4711,,0.0,0.0,0.0,0.0,0.0,3888656.8,2019-06-26 00:00:00,,1,
2294,7,81,1,IK2408/80743   27/JUN2019/5036,,0.0,0.0,0.0,0.0,0.0,3690264.14,2019-06-27 00:00:00,,1,
2295,7,81,1,IK2408/76657   27/JUN2019/4144,,0.0,0.0,0.0,0.0,0.0,2218748.1,2019-06-24 00:00:00,,,
2296,7,81,1,IK2408/77948   27/JUN2019/4424,,0.0,0.0,0.0,0.0,0.0,205086.2,2019-06-25 00:00:00,,,
2297,14,81,1,I2301/81523   27/JUN2019/5193,,0.0,0.0,0.0,0.0,0.0,9141.6,2019-06-28 00:00:00,,,
2298,14,81,1,I2301/74881   27/JUN2019/3742,,0.0,0.0,0.0,0.0,0.0,3079655.0,2019-06-21 00:00:00,,,
2299,7,81,1,IK2408/106884   27/JUL2019/5273,,0.0,0.0,0.0,0.0,0.0,18127.28,2019-07-26 00:00:00,,,
2300,4,50,-1,ipo,,0.0,0.0,0.0,0.0,0.0,700.0,2014-04-29 00:00:00,,,
2301,11,81,1,I22099/115049   27/AUG2019/908,,0.0,0.0,0.0,0.0,0.0,159271.27,2019-08-06 00:00:00,,,
2302,11,81,1,I22099/116255   27/AUG2019/1184,,0.0,0.0,0.0,0.0,0.0,319163.51,2019-08-07 00:00:00,,,
2303,11,81,1,I22099/117505   27/AUG2019/1459,,0.0,0.0,0.0,0.0,0.0,238487.9,2019-08-08 00:00:00,,,
2304,11,81,1,I22099/120107   27/AUG2019/2031,,0.0,0.0,0.0,0.0,0.0,320183.5,2019-08-13 00:00:00,,,
2305,7,81,1,IK2408/128096   27/AUG2019/3814,,0.0,0.0,0.0,0.0,0.0,26701.21,2019-08-22 00:00:00,,,
2306,7,81,1,IK2408/114391   27/AUG2019/800,,0.0,0.0,0.0,0.0,0.0,9248.65,2019-08-05 00:00:00,,,
2307,14,81,1,I2301/128867   27/AUG2019/3979,,0.0,0.0,0.0,0.0,0.0,28530.67,2019-08-23 00:00:00,,,
2308,14,81,1,I2301/132796   27/AUG2019/4869,,0.0,0.0,0.0,0.0,0.0,31947.51,2019-08-28 00:00:00,,,
2309,7,81,1,IK2408/133330   27/AUG2019/4994,,0.0,0.0,0.0,0.0,0.0,42010.65,2019-08-28 00:00:00,,,
2310,14,81,1,I2301/113862   27/AUG2019/655,,0.0,0.0,0.0,0.0,0.0,157491.29,2019-08-05 00:00:00,,,
2311,35,40,1,I24000/136651   27/SEP2019/117,,0.0,0.0,0.0,0.0,0.0,39496.2,2019-09-03 00:00:00,,,
2312,2,50,1,BSE/BR3140/5792,BR3140,1.13,0.55,0.19,6.0,0.01,5519.38,2012-10-17 00:00:00,,,
2313,2,50,1,,NN1082,1.9,1.11,0.36,14.0,0.01,11181.13,2011-05-03 00:00:00,,,
2314,2,50,1,,NN2153,1.12,0.22,0.07,2.0,0.0,2232.59,2012-08-09 00:00:00,,,
2315,2,50,1,,NN1153,0.93,0.1,0.03,1.0,0.0,952.24,2011-08-10 00:00:00,,,
2316,2,50,1,,NN2179,1.32,5.28,1.72,53.0,0.05,52754.63,2012-09-18 00:00:00,,,
2317,2,50,1,,NN2180,1.15,0.91,0.3,9.0,0.01,9150.37,2012-09-20 00:00:00,,,
2318,2,50,1,,NN2181,3.41,1.14,0.66,11.0,0.02,9220.02,2012-09-21 00:00:00,,1,
2319,2,50,1,,NN2201,3.8,2.72,3.79,19.0,0.12,4314.93,2012-10-22 00:00:00,,1,
2320,2,50,1,,NN2161,1.23,2.97,0.97,30.0,0.03,29655.8,2012-08-23 00:00:00,,,
2321,2,50,1,,NN3018,4.65,5.23,1.7,52.0,9234.05,52444.63,2013-01-24 00:00:00,,,
2322,2,50,1,,NN2204,8.69,10.54,7.34,94.0,0.23,75913.1,2012-10-26 00:00:00,,1,
2323,2,50,1,,NN2144,1.11,0.03,0.01,0.0,0.0,314.85,2012-07-27 00:00:00,,,
2324,2,50,1,BSE/BR3085/3281,BR3085,1.16,1.18,0.41,12.0,0.01,11731.24,2012-07-27 00:00:00,,,
2325,2,50,1,,NN2163,1.3,4.65,1.51,46.0,0.05,46518.76,2012-08-27 00:00:00,,,
2326,2,50,1,,NN3020,2.26,0.94,0.31,9.0,-3149.99,3146.52,2013-01-28 00:00:00,,,
2327,2,50,1,,NN2206,3.85,4.22,4.16,35.0,0.13,18232.61,2012-10-30 00:00:00,,1,
2328,2,50,1,,NN2207,1.41,7.4,2.4,74.0,0.07,73860.72,2012-10-31 00:00:00,,,
2329,2,50,-1,,,0.0,0.0,0.0,0.0,0.0,2500.0,2012-09-02 00:00:00,,,
2330,2,50,-1,,,0.0,0.0,0.0,0.0,0.0,500.0,2012-09-02 00:00:00,,,
2331,2,50,-1,,,0.0,0.0,0.0,0.0,0.0,1000.0,2012-09-02 00:00:00,,,
2332,2,50,-1,,,0.0,0.0,0.0,0.0,0.0,1500.0,2012-09-02 00:00:00,,,
2333,2,50,-1,,,0.0,0.0,0.0,0.0,0.0,250.0,2012-09-02 00:00:00,,,
2334,2,50,-1,,,0.0,0.0,0.0,0.0,0.0,4500.0,2012-09-02 00:00:00,,,
2335,2,50,-1,,,0.0,0.0,0.0,0.0,0.0,650.0,2012-09-02 00:00:00,,,
2336,2,50,-1,,,0.0,0.0,0.0,0.0,0.0,5170.0,2012-09-02 00:00:00,,,
2337,2,50,-1,,,0.0,0.0,0.0,0.0,0.0,250.0,2012-09-02 00:00:00,,,
2338,2,50,-1,,,0.0,0.0,0.0,0.0,0.0,150.0,2012-09-02 00:00:00,,,
2339,4,40,2,13675,,0.06,1.04,0.31,0.0,0.03,10391.44,2019-04-09 00:00:00,,,
2340,4,40,2,38321,,5.9,109.44,32.83,0.0,1.1,1094549.79,2019-04-26 00:00:00,,,
2341,7,81,1,IK2408/139561   27/SEP2019/744,,0.0,0.0,0.0,0.0,0.0,160471.26,2019-09-05 00:00:00,,,
2342,2,50,1,I2301/76152   27/JUN2019/4029,,1.66,1.0,0.21,6.0,9.01,6352.88,2019-06-24 00:00:00,,,
2343,35,40,1,I24000/140352   27/SEP2019/939,,0.0,0.0,0.0,0.0,0.0,26234.67,2019-09-06 00:00:00,,,
2344,35,40,1,I24000/142833   27/SEP2019/1489,,0.0,0.0,0.0,0.0,0.0,13031.46,2019-09-11 00:00:00,,,
2345,7,81,1,IK2408/143318   27/SEP2019/1570,,0.0,0.0,0.0,0.0,0.0,3046.74,2019-09-11 00:00:00,,,
2346,7,81,1,IK2408/145956   27/SEP2019/2155,,0.0,0.0,0.0,0.0,0.0,398717.64,2019-09-13 00:00:00,,,
2347,7,81,1,IK2408/152732   27/SEP2019/3654,,0.0,0.0,0.0,0.0,0.0,395169.81,2019-09-20 00:00:00,,,
2348,35,40,1,I24000/152125   27/SEP2019/3539,,0.0,0.0,0.0,0.0,0.0,1991.7,2019-09-20 00:00:00,,,
2349,35,40,1,I24000/153779   27/SEP2019/3891,,0.0,0.0,0.0,0.0,0.0,58580.95,2019-09-23 00:00:00,,,
2350,11,81,1,I22099/128834   27/AUG2019/3946,,0.0,0.0,0.0,0.0,0.0,7131.87,2019-08-23 00:00:00,,,
2351,11,81,1,I22099/130103   27/AUG2019/4235,,0.0,0.0,0.0,0.0,0.0,161911.22,2019-08-26 00:00:00,,,
2352,11,81,1,I22099/132758   27/AUG2019/4832,,0.0,0.0,0.0,0.0,0.0,8398.69,2019-08-28 00:00:00,,,
2353,1,50,1,I22099/149258   27/SEP2019/2852,,0.0,0.0,0.0,0.0,0.0,31.69,2019-09-18 00:00:00,,1,
2354,14,81,1,I2301/183021   27/OCT2019/4575,,0.0,0.0,0.0,0.0,0.0,19525.08,2019-10-29 00:00:00,,,
2355,7,81,1,IK2408/183534   27/OCT2019/4696,,0.0,0.0,0.0,0.0,0.0,21822.45,2019-10-29 00:00:00,,,
2356,7,81,1,IK2408/167408   27/OCT2019/1347,,0.0,0.0,0.0,0.0,0.0,2573.0,2019-10-09 00:00:00,,,
2357,11,81,1,I22099/182989   27/OCT2019/4543,,0.0,0.0,0.0,0.0,0.0,315357.72,2019-10-29 00:00:00,,,
2358,11,81,1,I22099/184343   27/OCT2019/4821,,0.0,0.0,0.0,0.0,0.0,1187190.57,2019-10-30 00:00:00,,,
2359,11,81,1,close out,close out,0.0,0.0,0.0,0.0,0.0,1490413.01,2019-10-29 00:00:00,,,
2360,4,50,1,fpo,fpo,0.0,0.0,0.0,0.0,0.0,199982.76,2019-10-12 00:00:00,,,
2361,2,50,1,fpo,fpo,0.0,0.0,0.0,0.0,0.0,199982.76,2019-10-12 00:00:00,,,
2362,1,50,1,fpo,fpo,0.0,0.0,0.0,0.0,0.0,79972.9,2019-10-12 00:00:00,,,
2371,11,81,1,I22099/209954   27/NOV2019/4720,,0.0,0.0,0.0,0.0,0.0,1499824.31,2019-11-27 00:00:00,,,
2373,7,81,1,IK2408/211916   27/NOV2019/5138,,0.0,0.0,0.0,0.0,0.0,27745.3,2019-11-28 00:00:00,,,
2374,4,40,1,IK2408/219569   27/DEC2019/1229,,3.36,30.0,9.62,0.0,0.44,296047.58,2019-12-06 00:00:00,,,
2376,4,40,1,IK2408/217027   27/DEC2019/698,,2.34,13.0,3.99,0.0,0.18,122596.49,2019-12-04 00:00:00,,,
2377,7,81,1,IK2408/220739   27/DEC2019/1480,,0.0,0.0,0.0,0.0,0.0,5913.47,2019-12-09 00:00:00,,,
2379,11,81,1,I22099/220257   27/DEC2019/1337,,0.0,0.0,0.0,0.0,0.0,7116.82,2019-12-09 00:00:00,,,
2380,2,40,1,I2301/223824   27/DEC2019/2127,,4.98,30.0,9.7,0.0,0.45,298528.51,2019-12-12 00:00:00,,,
2381,14,81,1,I2301/223824   27/DEC2019/2127,,0.0,0.0,0.0,0.0,0.0,11008.59,2019-12-12 00:00:00,,,
2382,4,50,2,3503392,,5.6,103.6,31.08,0.0,1.05,1036141.33,2019-12-12 00:00:00,,,
2383,14,81,1,I2301/227539   27/DEC2019/2897,,0.0,0.0,0.0,0.0,0.0,14121.58,2019-12-17 00:00:00,,,
2385,2,40,2,3722138,,5.42,100.35,30.11,1004.0,1.01,1004640.89,2019-12-23 00:00:00,,,
2386,4,50,2,4068851,,0.62,11.52,3.46,0.0,0.13,115188.23,2020-01-07 00:00:00,,,
2387,14,81,1,I2301/247892   27/JAN2020/1951,,0.0,0.0,0.0,0.0,0.0,23262.43,2020-01-10 00:00:00,,,
2388,14,81,1,I2301/207318   27/NOV2019/4232,,0.0,0.0,0.0,0.0,0.0,21222.89,2019-11-25 00:00:00,,,
2389,11,81,1,close out,,0.0,0.0,0.0,0.0,0.0,1492719.61,2019-11-27 00:00:00,,,
2390,7,81,1,IK2408/256014   27/JAN2020/3709,,0.0,0.0,0.0,0.0,0.0,27946.22,2020-01-20 00:00:00,,,
2391,11,81,1,I22099/256776   27/JAN2020/3833,,0.0,0.0,0.0,0.0,0.0,5881.73,2020-01-21 00:00:00,,,
2392,1,50,1,I22099/250395   27/JAN2020/2468,,0.0,0.0,0.0,0.0,0.0,38.81,2020-01-14 00:00:00,,1,
2393,7,81,1,IK2408/276386   27/FEB2020/1896,,0.0,0.0,0.0,0.0,0.0,28485.61,2020-02-10 00:00:00,,,
2394,7,81,1,IK2408/288923   27/FEB2020/4597,,0.0,0.0,0.0,0.0,0.0,414000.76,2020-02-25 00:00:00,,,
2395,7,81,1,IK2408/290148   27/FEB2020/4855,,0.0,0.0,0.0,0.0,0.0,395930.19,2020-02-26 00:00:00,,,
2396,4,50,1,IK2408/290148   27/FEB2020/4855,,3.32,2.0,0.42,13.0,0.02,12875.76,2020-02-26 00:00:00,,,
2397,11,81,1,I22099/289614   27/FEB2020/4705,,0.0,0.0,0.0,0.0,0.0,7450.79,2020-02-26 00:00:00,,,
2398,14,81,1,I2301/288448   27/FEB2020/4472,,0.0,0.0,0.0,0.0,0.0,25330.34,2020-02-25 00:00:00,,,
2399,2,50,1,I2301/292162   27/FEB2020/5247,,3.42,4.0,1.04,32.0,0.05,32030.81,2020-02-28 00:00:00,,,
2401,1,50,1,I22099/295750   27/MAR2020/545,,0.0,0.0,0.0,1.0,0.0,55145.95,2020-03-04 00:00:00,,,
2402,35,40,1,I24000/293458   27/MAR2020/121,,0.0,0.0,0.0,0.0,0.0,149483.86,2020-03-02 00:00:00,,,
2403,2,50,1,I2301/295779   27/MAR2020/573,,14.4,53.0,16.97,273.0,0.78,521835.88,2020-03-04 00:00:00,,,
2404,4,50,1,IK2408/296291   27/MAR2020/703,,14.04,19.0,6.02,151.0,0.28,184889.36,2020-03-04 00:00:00,,,
2405,11,81,1,I22099/294564   27/MAR2020/312,,0.0,0.0,0.0,0.0,0.0,246017.79,2020-03-03 00:00:00,,,
2406,11,81,1,I22099/296997   27/MAR2020/819,,0.0,0.0,0.0,0.0,0.0,740498.33,2020-03-05 00:00:00,,,
2407,11,81,1,I22099/298279   27/MAR2020/1093,,0.0,0.0,0.0,0.0,0.0,750143.17,2020-03-06 00:00:00,,,
2408,11,81,1,I22099/299555   27/MAR2020/1345,,0.0,0.0,0.0,0.0,0.0,1021959.57,2020-03-09 00:00:00,,,
2410,2,40,2,5780156,,2.64,45.17,14.69,0.0,0.45,451768.45,2020-03-12 00:00:00,,,
2411,1,50,1,I22099/302213   27/MAR2020/1926,,0.0,0.0,0.0,86.0,0.0,86026.66,2020-03-12 00:00:00,,,
2412,35,40,1,I24000/300927   27/MAR2020/1692,,0.0,0.0,0.0,0.0,0.0,144674.43,2020-03-11 00:00:00,,,
2413,7,81,1,IK2408/304193   27/MAR2020/2359,,0.0,0.0,0.0,0.0,0.0,2522613.45,2020-03-13 00:00:00,,,
2414,2,40,2,5834763,,1.04,17.91,5.83,0.0,0.18,179125.12,2020-03-13 00:00:00,,,
2415,1,40,1,I22099/303662   27/MAR2020/2215,,0.0,0.0,0.0,0.0,0.0,51367.32,2020-03-13 00:00:00,,,
2416,2,40,2,5884479,,1.32,22.51,7.33,0.0,0.23,225129.85,2020-03-16 00:00:00,,,
2417,1,50,1,I22099/305048   27/MAR2020/2476,,0.0,0.0,0.0,90.0,0.0,89701.19,2020-03-16 00:00:00,,,
2418,1,50,1,I22099/306479   27/MAR2020/2757,,0.0,0.0,0.0,24.0,0.0,103842.12,2020-03-17 00:00:00,,,
2419,2,50,1,I2301/306504   27/MAR2020/2782,,5.38,10.0,2.94,91.0,0.14,90403.54,2020-03-17 00:00:00,,,
2420,1,40,2,5954673,,0.0,0.0,0.0,0.0,0.0,448956.5,2020-03-17 00:00:00,,,
2421,2,40,2,5954836,,0.58,9.96,3.25,0.0,0.1,99613.89,2020-03-17 00:00:00,,,
2422,2,40,2,6024448,,0.0,0.06,0.03,0.0,0.0,587.34,2020-03-18 00:00:00,,,
2423,1,40,2,6104817,,0.0,0.0,0.0,0.0,0.0,646.59,2020-03-19 00:00:00,,,
2424,2,40,1,I2301/312047   27/MAR2020/3984,,2.14,9.0,2.86,0.0,0.13,87956.87,2020-03-23 00:00:00,,,
2425,4,40,1,IK2408/312577   27/MAR2020/4107,,3.56,6.0,1.76,0.0,0.08,54055.6,2020-03-23 00:00:00,,,
2426,2,40,2,6294904,,0.54,9.36,3.05,0.0,0.09,93628.04,2020-03-24 00:00:00,,,
2427,1,40,2,6294779,,0.0,0.0,0.0,0.0,0.0,309.65,2020-03-24 00:00:00,,,
2428,4,40,2,5786551,,0.0,0.17,0.06,0.0,0.0,1663.93,2020-03-12 00:00:00,,,
2429,4,40,2,5431997,,2.6,48.2,14.47,0.0,0.48,482041.25,2020-02-28 00:00:00,,,
2430,4,40,1,IK2408/314982   27/MAR2020/4630,,2.48,15.0,4.76,0.0,0.22,146284.54,2020-03-25 00:00:00,,,
2431,2,40,2,6346137,,1.2,20.64,6.72,0.0,0.21,206390.27,2020-03-25 00:00:00,,,
2432,14,81,1,I2301/315781   27/MAR2020/4797,,0.0,0.0,0.0,0.0,0.0,26475.34,2020-03-26 00:00:00,,,
2433,7,81,1,IK2408/316355   27/MAR2020/4941,,0.0,0.0,0.0,0.0,0.0,18708.27,2020-03-26 00:00:00,,,
2434,11,81,1,I22099/315747   27/MAR2020/4763,,0.0,0.0,0.0,0.0,0.0,12105.35,2020-03-26 00:00:00,,,
2435,7,81,1,IK2408/312577   27/MAR2020/4107,,0.0,0.0,0.0,0.0,0.0,410358.53,2020-03-23 00:00:00,,,
2437,11,81,1,I22099/317138   27/MAR2020/5081,,0.0,0.0,0.0,0.0,0.0,1900.73,2020-03-27 00:00:00,,,
2438,14,81,1,I2301/317168   27/MAR2020/5110,,0.0,0.0,0.0,0.0,0.0,5010096.58,2020-03-27 00:00:00,,,
2439,7,81,1,IK2408/317722   27/MAR2020/5261,,0.0,0.0,0.0,0.0,0.0,6322139.18,2020-03-27 00:00:00,,1,
2440,2,40,1,I2301/318482   27/MAR2020/5419,,5.94,51.0,15.05,300.0,0.76,508979.25,2020-03-30 00:00:00,,,
2441,7,81,1,IK2408/318963   27/MAR2020/5531,,0.0,0.0,0.0,0.0,0.0,2696440.49,2020-03-30 00:00:00,,,
2442,2,50,2,6524047,,0.0,0.0,0.0,218.0,0.0,218247.75,2020-04-01 00:00:00,,,
2443,4,40,6,N         /R /7371518,2020064,430.2,0.0,0.0,0.0,114.55,484820.26,2020-03-31 00:00:00,,,
2444,1,40,1,I22099/319643   27/MAR2020/5657,,0.0,0.0,0.0,0.0,0.0,15896.74,2020-03-31 00:00:00,,,
2445,7,81,1,closing,closing,0.0,0.0,0.0,0.0,0.0,6800615.0,2020-03-31 00:00:00,,,
2446,7,81,1,opening,opening,0.0,0.0,0.0,0.0,0.0,6800615.0,2020-04-01 00:00:00,,,
2447,11,81,1,closing,closing,0.0,0.0,0.0,0.0,0.0,4310150.0,2020-03-31 00:00:00,,,
2448,11,81,1,opening,opening,0.0,0.0,0.0,0.0,0.0,4310150.0,2020-04-01 00:00:00,,,
2449,14,81,1,closing,closing,0.0,0.0,0.0,0.0,0.0,663100.0,2020-03-31 00:00:00,,,
2450,14,81,1,OPENING,OPENING,0.0,0.0,0.0,0.0,0.0,663100.0,2020-04-01 00:00:00,,,
2451,2,40,1,I2301/424   27/APR2020/93,,0.0,0.0,0.0,0.0,0.0,953793.65,2020-04-01 00:00:00,,,
2452,1,40,1,I22099/395   27/APR2020/64,,0.0,0.0,0.0,0.0,0.0,1018.35,2020-04-01 00:00:00,,,
2453,35,40,1,I24000/487   27/APR2020/151,,0.0,0.0,0.0,0.0,0.0,1.67,2020-04-01 00:00:00,,,
2454,4,50,4,,,0.0,0.0,0.0,0.0,0.0,131000.0,2019-08-01 00:00:00,,,
2455,4,50,1,IK2408/189153   27/NOV2019/509,,4.52,22.0,7.07,2.0,0.33,217551.04,2019-11-04 00:00:00,,,
2456,4,40,1,IK2408/220739   27/DEC2019/1480,,1.82,4.0,1.14,0.0,0.05,34991.99,2019-12-09 00:00:00,,,
2457,4,40,1,IK2408/218300   27/DEC2019/954,,1.94,6.0,1.77,0.0,0.08,54481.21,2019-12-05 00:00:00,,,
2459,7,81,1,IK2408/210509   27/NOV2019/4868,,0.0,0.0,0.0,0.0,0.0,7182459.5,2019-11-27 00:00:00,,,
2460,7,81,1,,,0.0,0.0,0.0,0.0,0.0,7149251.2,2019-04-15 00:00:00,,,
2461,35,50,1,DLB1-1609-NA9171/I24000,NA9171,0.0,0.0,0.0,0.0,0.0,396.74,2019-09-13 00:00:00,,,
2462,1,50,1,I22099/188595   27/NOV2019/343,,0.0,0.0,0.0,1.0,0.0,87162.78,2019-11-04 00:00:00,,,
2463,1,50,1,I22099/103814   27/JUL2019/4586,,0.0,0.0,0.0,18.0,0.0,17855.9,2019-07-24 00:00:00,,,
2464,1,50,1,I22099/77357   27/JUN2019/4265,,0.0,0.0,0.0,0.0,0.0,41.0,2019-06-25 00:00:00,,1,
2465,11,81,1,opening,,0.0,0.0,0.0,0.0,0.0,588360.0,2019-04-01 00:00:00,,,
2466,11,81,1,closeout,,0.0,0.0,0.0,0.0,0.0,584388.77,2019-04-25 00:00:00,,,
2467,2,40,2,4063,,0.0,0.0,0.0,0.0,0.0,1268609.27,2020-04-01 00:00:00,,,
2468,1,40,2,3928,,0.0,0.0,0.0,0.0,0.0,457704.77,2020-04-01 00:00:00,,,
2469,4,40,2,9437,,0.0,0.0,0.0,0.0,0.0,1659.41,2020-04-01 00:00:00,,,
2470,2,40,1,I2301/207318   27/NOV2019/4232,,1.72,2.0,0.53,0.0,0.02,16201.73,2019-11-25 00:00:00,,,
2471,2,50,1,I2301/174184   27/OCT2019/2793,,1.7,2.0,0.46,14.0,0.02,14143.42,2019-10-17 00:00:00,,,
2472,14,81,1,opening,opening,0.0,0.0,0.0,0.0,0.0,6864200.0,2019-04-01 00:00:00,,,
2474,14,81,1,I2301/22875   27/APR2019/4954,,0.0,0.0,0.0,0.0,0.0,6817872.0,2019-04-25 00:00:00,,,
2475,2,40,2,61968,,0.0,0.0,0.0,0.0,0.0,123161.35,2020-04-03 00:00:00,,,
2476,2,40,1,I2301/1651   27/APR2020/365,,0.0,0.0,0.0,0.0,0.0,204345.23,2020-04-03 00:00:00,,,
2477,7,81,1,IK2408/2150   27/APR2020/494,,0.0,0.0,0.0,0.0,0.0,6616948.67,2020-04-03 00:00:00,,,
2478,11,81,1,I22099/1628   27/APR2020/342,,0.0,0.0,0.0,0.0,0.0,1648856.21,2020-04-03 00:00:00,,,
2479,14,81,1,I2301/1651   27/APR2020/365,,0.0,0.0,0.0,0.0,0.0,661290.66,2020-04-03 00:00:00,,1,
2480,4,40,6,N         /R /35444,2020065,0.0,0.0,0.0,0.0,0.0,301549.55,2020-04-01 00:00:00,,,
2481,1,40,2,123025,,0.0,0.0,0.0,0.0,0.0,87480.69,2020-04-07 00:00:00,,,
2482,2,40,2,123161,,0.0,0.0,0.0,0.0,0.0,97186.43,2020-04-07 00:00:00,,,
2483,2,40,1,I2301/4355   27/APR2020/960,,0.0,0.0,0.0,0.0,0.0,140410.07,2020-04-08 00:00:00,,,
2484,11,81,1,I22099/4325   27/APR2020/930,,0.0,0.0,0.0,0.0,0.0,376071.66,2020-04-08 00:00:00,,,
2485,1,40,1,I22099/5768   27/APR2020/1251,,0.0,0.0,0.0,0.0,0.0,58149.05,2020-04-09 00:00:00,,,
2486,2,40,1,I2301/5803   27/APR2020/1286,,0.0,0.0,0.0,0.0,0.0,145693.56,2020-04-09 00:00:00,,,
2487,35,40,1,I24000/5867   27/APR2020/1347,,0.0,0.0,0.0,0.0,0.0,486820.99,2020-04-09 00:00:00,,,
2488,4,40,1,IK2408/6427   27/APR2020/1445,,0.0,0.0,0.0,132.0,0.0,132148.1,2020-04-09 00:00:00,,,
2489,14,81,1,I2301/7290   27/APR2020/1610,,0.0,0.0,0.0,0.0,0.0,381081.59,2020-04-13 00:00:00,,,
2490,7,81,1,IK2408/7849   27/APR2020/1757,,0.0,0.0,0.0,0.0,0.0,16689.81,2020-04-13 00:00:00,,,
2491,2,40,2,326945,,0.0,0.0,0.0,0.0,0.0,451697.87,2020-04-13 00:00:00,,,
2492,2,40,2,258606,,0.0,0.0,0.0,0.0,0.0,175524.46,2020-04-09 00:00:00,,,
2493,2,40,2,407036,,0.0,0.0,0.0,0.0,0.0,69668.33,2020-04-15 00:00:00,,1,
2494,2,50,2,479822,,0.0,0.0,0.0,0.0,0.0,44511.21,2020-04-16 00:00:00,,,
2495,2,50,2,620822,,0.0,0.0,0.0,0.0,0.0,73978.0,2020-04-20 00:00:00,,,
2496,2,50,2,704851,,0.0,0.0,0.0,0.0,0.0,8361.17,2020-04-21 00:00:00,,,
2497,4,50,2,867267,,0.0,0.0,0.0,0.0,0.0,42465.92,2020-04-23 00:00:00,,,
2498,1,40,1,I22099/8695   27/APR2020/1909,,0.0,0.0,0.0,0.0,0.0,48482.74,2020-04-15 00:00:00,,,
2499,2,40,1,I2301/8730   27/APR2020/1944,,0.0,0.0,0.0,0.0,0.0,204663.92,2020-04-15 00:00:00,,,
2500,2,40,1,I2301/17867   27/APR2020/3902,,0.0,0.0,0.0,0.0,0.0,9698.06,2020-04-23 00:00:00,,,
2501,4,40,6,N         /R /468464,2020074,0.0,0.0,0.0,0.0,0.0,117669.83,2020-04-20 00:00:00,,,
2502,35,40,1,I24000/19472   27/APR2020/4299,,0.0,0.0,0.0,0.0,0.0,25610.37,2020-04-24 00:00:00,,,
2503,1,40,1,I22099/19380   27/APR2020/4211,,0.0,0.0,0.0,33.0,0.0,286075.76,2020-04-24 00:00:00,,,
2504,2,40,1,I2301/19408   27/APR2020/4239,,0.0,0.0,0.0,203.0,0.0,810230.61,2020-04-24 00:00:00,,,
2505,4,40,1,IK2408/19996   27/APR2020/4382,,0.0,0.0,0.0,0.0,0.0,149593.42,2020-04-24 00:00:00,,,
2506,4,40,6,N         /R /662218,2020078,0.0,0.0,0.0,0.0,0.0,118844.0,2020-04-24 00:00:00,,,
2507,4,50,2,943160,,0.0,0.0,0.0,0.0,0.0,21077.94,2020-04-24 00:00:00,,,
2508,11,81,1,I22099/19380   27/APR2020/4211,,0.0,0.0,0.0,0.0,0.0,653.37,2020-04-24 00:00:00,,,
2509,11,81,1,I22099/8695   27/APR2020/1909,,0.0,0.0,0.0,0.0,0.0,382878.44,2020-04-15 00:00:00,,,
2510,11,81,1,I22099/11739   27/APR2020/2572,,0.0,0.0,0.0,0.0,0.0,2497435.19,2020-04-17 00:00:00,,,
2511,7,81,1,IK2408/9355   27/APR2020/2102,,0.0,0.0,0.0,0.0,0.0,382841.56,2020-04-15 00:00:00,,,
2512,7,81,1,IK2408/12403   27/APR2020/2753,,0.0,0.0,0.0,0.0,0.0,6.69,2020-04-17 00:00:00,,1,
2513,7,81,1,IK2408/18508   27/APR2020/4065,,0.0,0.0,0.0,0.0,0.0,562642.49,2020-04-23 00:00:00,,,
2514,14,81,1,I2301/20855   27/APR2020/4552,,0.0,0.0,0.0,0.0,0.0,1443.24,2020-04-27 00:00:00,,,
2515,2,40,2,1524920,,0.0,0.0,0.0,0.0,0.0,203789.77,2020-05-06 00:00:00,,,
2516,4,40,2,1169472,,0.0,0.0,0.0,0.0,0.0,495716.04,2020-04-29 00:00:00,,,
2517,1,40,2,1595688,,0.0,0.0,0.0,0.0,0.0,56818.24,2020-05-07 00:00:00,,,
2518,1,40,2,1666573,,0.0,0.0,0.0,0.0,0.0,55843.78,2020-05-08 00:00:00,,,
2519,2,50,2,1352771,,0.0,0.0,0.0,0.0,0.0,130579.95,2020-05-04 00:00:00,,,
2520,2,50,2,1444631,,0.0,0.0,0.0,0.0,0.0,93680.55,2020-05-05 00:00:00,,,
2521,2,40,2,1741515,,0.0,0.0,0.0,1000.0,0.0,1001136.41,2020-05-11 00:00:00,,,
2522,2,50,2,2224819,,0.0,0.0,0.0,0.0,0.0,15359.95,2020-05-19 00:00:00,,,
2523,4,50,2,2229580,,0.0,0.0,0.0,0.0,0.0,16654.34,2020-05-19 00:00:00,,,
2524,4,50,2,1359000,,0.0,0.0,0.0,0.0,0.0,478851.88,2020-05-04 00:00:00,,1,
2525,14,81,1,I2301/48718   27/MAY2020/4910,,0.0,0.0,0.0,0.0,0.0,186490.85,2020-05-26 00:00:00,,,
2526,14,81,1,I2301/53369   27/MAY2020/5904,,0.0,0.0,0.0,0.0,0.0,336988.26,2020-05-29 00:00:00,,,
2527,14,81,1,I2301/41761   27/MAY2020/3272,,0.0,0.0,0.0,0.0,0.0,367318.22,2020-05-18 00:00:00,,,
2528,4,40,2,2875044,,0.0,0.0,0.0,0.0,0.0,456790.72,2020-06-01 00:00:00,,,
2529,2,40,2,2869456,,0.0,0.0,0.0,0.0,0.0,2040.18,2020-06-01 00:00:00,,1,
2530,4,40,2,3059730,,0.0,0.0,0.0,0.0,0.0,346932.16,2020-06-03 00:00:00,,,
2531,4,40,2,2965001,,0.0,0.0,0.0,0.0,0.0,20162.82,2020-06-02 00:00:00,,,
2532,14,81,1,I2301/56566   27/JUN2020/460,,0.0,0.0,0.0,0.0,0.0,189016.02,2020-06-02 00:00:00,,,
2533,2,40,2,3248610,,0.0,0.0,0.0,0.0,0.0,687794.74,2020-06-05 00:00:00,,,
2534,7,81,1,IK2408/62210   27/JUN2020/1653,,0.0,0.0,0.0,0.0,0.0,514584.74,2020-06-05 00:00:00,,,
2535,1,40,2,3346239,,0.0,0.0,0.0,0.0,0.0,1305092.54,2020-06-08 00:00:00,,,
2537,1,40,2,3155501,,0.0,0.0,0.0,0.0,0.0,93091.46,2020-06-04 00:00:00,,,
2538,1,40,2,3053300,,0.0,0.0,0.0,0.0,0.0,246904.28,2020-06-03 00:00:00,,,
2539,4,40,2,3465753,,0.0,0.0,0.0,83.0,0.0,83534.58,2020-06-09 00:00:00,,,
2540,1,40,2,3459676,,0.0,0.0,0.0,223.0,0.0,223157.95,2020-06-09 00:00:00,,,
2541,2,40,2,3558320,,0.0,0.0,0.0,0.0,0.0,1263.05,2020-06-10 00:00:00,,1,
2542,14,81,1,I2301/66675   27/JUN2020/2553,,0.0,0.0,0.0,0.0,0.0,192683.45,2020-06-10 00:00:00,,,
2543,2,40,2,3643047,,0.0,0.0,0.0,0.0,0.0,1028338.39,2020-06-11 00:00:00,,,
2544,1,40,2,3737352,,0.0,0.0,0.0,0.0,0.0,543174.94,2020-06-12 00:00:00,,,
2545,4,40,2,3742891,,0.0,0.0,0.0,0.0,0.0,353629.09,2020-06-12 00:00:00,,,
2546,2,40,2,3737469,,0.0,0.0,0.0,0.0,0.0,1402737.43,2020-06-12 00:00:00,,,
2547,1,40,2,3825409,,0.0,0.0,0.0,0.0,0.0,133606.39,2020-06-15 00:00:00,,,
2548,2,40,2,3825523,,0.0,0.0,0.0,0.0,0.0,861961.67,2020-06-15 00:00:00,,,
2549,4,40,2,3830633,,0.0,0.0,0.0,0.0,0.0,48570.15,2020-06-15 00:00:00,,,
2550,2,40,2,3911961,,0.0,0.0,0.0,0.0,0.0,245134.05,2020-06-16 00:00:00,,,
2551,4,40,2,3917251,,0.0,0.0,0.0,0.0,0.0,208932.68,2020-06-16 00:00:00,,,
2552,2,40,2,4000530,,0.0,0.0,0.0,0.0,0.0,201473.3,2020-06-17 00:00:00,,1,
2553,4,40,2,4005236,,0.0,0.0,0.0,0.0,0.0,15362.16,2020-06-17 00:00:00,,,
2554,1,40,2,4077958,,0.0,0.0,0.0,105.0,0.0,105376.31,2020-06-18 00:00:00,,,
2555,2,40,2,4164217,,0.0,0.0,0.0,11.0,0.0,1151202.19,2020-06-19 00:00:00,,,
2556,4,40,2,4169863,,0.0,0.0,0.0,0.0,0.0,125499.22,2020-06-19 00:00:00,,,
2557,1,40,2,4164080,,0.0,0.0,0.0,0.0,0.0,567778.57,2020-06-19 00:00:00,,,
2558,1,40,2,4264477,,0.0,0.0,0.0,0.0,0.0,91315.47,2020-06-22 00:00:00,,,
2559,2,40,2,4264623,,0.0,0.0,0.0,0.0,0.0,828103.16,2020-06-22 00:00:00,,,
2560,4,40,2,4271021,,0.0,0.0,0.0,125.0,0.0,244458.21,2020-06-22 00:00:00,,,
2561,1,40,2,4489108,,0.0,0.0,0.0,0.0,0.0,19104.19,2020-06-24 00:00:00,,,
2562,4,40,2,4388899,,0.0,0.0,0.0,0.0,0.0,50502.03,2020-06-23 00:00:00,,,
2563,4,40,2,4495494,,0.0,0.0,0.0,0.0,0.0,58456.29,2020-06-24 00:00:00,,,
2564,1,40,2,4601821,,0.0,0.0,0.0,0.0,0.0,37895.16,2020-06-25 00:00:00,,,
2565,4,40,2,4607109,,0.0,0.0,0.0,0.0,0.0,206600.68,2020-06-25 00:00:00,,,
2566,2,40,2,4601943,,0.0,0.0,0.0,0.0,0.0,31629.2,2020-06-25 00:00:00,,,
2567,14,81,1,I2301/85154   27/JUN2020/6320,,0.0,0.0,0.0,0.0,0.0,865.54,2020-06-25 00:00:00,,,
2568,14,81,1,I2301/86890   27/JUN2020/6683,,0.0,0.0,0.0,0.0,0.0,777.09,2020-06-26 00:00:00,,,
2569,1,40,2,4693879,,0.0,0.0,0.0,0.0,0.0,186063.39,2020-06-26 00:00:00,,,
2570,4,40,2,4699350,,0.0,0.0,0.0,0.0,0.0,664149.8,2020-06-26 00:00:00,,,
2571,2,40,2,4693999,,0.0,0.0,0.0,0.0,0.0,1262511.87,2020-06-26 00:00:00,,,
2572,7,81,1,IK2408/89110   27/JUN2020/7170,,0.0,0.0,0.0,0.0,0.0,511584.8,2020-06-29 00:00:00,,,
2573,14,81,1,I2301/83338   27/JUN2020/5953,,0.0,0.0,0.0,0.0,0.0,775.5,2020-06-24 00:00:00,,,
2574,2,40,2,4885958,,0.0,0.0,0.0,0.0,0.0,754675.59,2020-06-30 00:00:00,,,
2575,4,40,2,4890780,,0.0,0.0,0.0,0.0,0.0,37640.64,2020-06-30 00:00:00,,,
2576,4,40,2,4978167,,0.0,0.0,0.0,0.0,0.0,121823.43,2020-07-01 00:00:00,,,
2577,2,40,2,5062083,,0.0,0.0,0.0,0.0,0.0,162529.51,2020-07-02 00:00:00,,,
2578,1,40,2,5061970,,0.0,0.0,0.0,0.0,0.0,876881.56,2020-07-02 00:00:00,,,
2579,4,40,2,5067259,,0.0,0.0,0.0,0.0,0.0,159006.05,2020-07-02 00:00:00,,,
2580,1,40,2,5160816,,0.0,0.0,0.0,0.0,0.0,989510.83,2020-07-03 00:00:00,,,
2581,2,40,2,5483892,,0.0,0.0,0.0,0.0,0.0,908647.15,2020-07-08 00:00:00,,,
2582,2,40,2,5594426,,0.0,0.0,0.0,0.0,0.0,20001.51,2020-07-09 00:00:00,,,
2583,4,40,2,5599378,,0.0,0.0,0.0,0.0,0.0,23602.43,2020-07-09 00:00:00,,,
2584,1,40,2,5693446,,0.0,0.0,0.0,0.0,0.0,73757.89,2020-07-10 00:00:00,,,
2585,2,40,2,5693583,,0.0,0.0,0.0,0.0,0.0,162435.33,2020-07-10 00:00:00,,,
2586,1,40,7,CNT-20/21-34009824,,0.0,0.0,0.0,0.0,0.0,1310.06,2020-07-10 00:00:00,,,
2587,1,40,2,5799269,,0.0,0.0,0.0,0.0,0.0,378671.72,2020-07-13 00:00:00,,,
2588,2,40,2,5799378,,0.0,0.0,0.0,0.0,0.0,252548.08,2020-07-13 00:00:00,,,
2589,1,40,1,I22099/108443   27/JUL2020/3633,,0.0,0.0,0.0,0.0,0.0,374276.9,2020-07-15 00:00:00,,,
2590,2,40,1,I2301/108480   27/JUL2020/3670,,0.0,0.0,0.0,0.0,0.0,834805.57,2020-07-15 00:00:00,,,
2591,1,40,7,CNT-20/21-35815361,,0.0,0.0,0.0,0.0,0.0,393170.79,2020-07-15 00:00:00,,,
2592,1,40,2,6008005,,0.0,0.0,0.0,0.0,0.0,41653.62,2020-07-15 00:00:00,,,
2593,2,40,2,6008127,,0.0,0.0,0.0,0.0,0.0,61849.41,2020-07-15 00:00:00,,,
2594,2,40,2,6105291,,0.0,0.0,0.0,0.0,0.0,182737.67,2020-07-16 00:00:00,,,
2595,1,40,2,6105178,,0.0,0.0,0.0,0.0,0.0,138162.17,2020-07-16 00:00:00,,,
2596,1,40,7,CNT-20/21-36306894,,0.0,0.0,0.0,0.0,0.0,656006.5,2020-07-16 00:00:00,,,
2597,1,40,7,CNT-20/21-36884211,,0.0,0.0,0.0,0.0,0.0,38941.29,2020-07-17 00:00:00,,,
2598,2,40,2,6200390,,0.0,0.0,0.0,0.0,0.0,25964.94,2020-07-17 00:00:00,,,
2599,1,40,2,6200291,,0.0,0.0,0.0,0.0,0.0,27532.51,2020-07-17 00:00:00,,,
2600,1,40,7,CNT-20/21-37423949,,0.0,0.0,0.0,0.0,0.0,24928.84,2020-07-20 00:00:00,,,
2601,1,40,1,I22099/115023   27/JUL2020/5051,,0.0,0.0,0.0,119.0,0.0,118865.75,2020-07-21 00:00:00,,,
2602,2,40,2,6391746,,0.0,0.0,0.0,0.0,0.0,11405.04,2020-07-21 00:00:00,,,
2603,1,40,2,6391607,,0.0,0.0,0.0,0.0,0.0,151838.69,2020-07-21 00:00:00,,,
2604,4,40,2,6397160,,0.0,0.0,0.0,0.0,0.0,165033.24,2020-07-21 00:00:00,,,
2605,7,81,1,IK2408/117425   27/JUL2020/5635,,0.0,0.0,0.0,0.0,0.0,433043.07,2020-07-22 00:00:00,,,
2606,2,40,1,I2301/116790   27/JUL2020/5467,,0.0,0.0,0.0,49.0,0.0,49318.48,2020-07-22 00:00:00,,,
2607,2,40,7,CNT-20/21-39106118,,0.0,0.0,0.0,0.0,0.0,13140.45,2020-07-22 00:00:00,,,
2608,1,40,2,6515055,,0.0,0.0,0.0,0.0,0.0,601204.07,2020-07-22 00:00:00,,,
2609,4,50,2,6520326,,0.0,0.0,0.0,0.0,0.0,604867.19,2020-07-22 00:00:00,,,
2610,2,40,7,CNT-20/21-39716160,,0.0,0.0,0.0,0.0,0.0,635922.65,2020-07-23 00:00:00,,,
2611,4,40,2,6640529,,0.0,0.0,0.0,0.0,0.0,426415.63,2020-07-23 00:00:00,,,
2612,1,40,1,I22099/118458   27/JUL2020/5795,,0.0,0.0,0.0,0.0,0.0,117420.18,2020-07-23 00:00:00,,,
2613,1,40,2,6635265,,0.0,0.0,0.0,0.0,0.0,127223.94,2020-07-23 00:00:00,,,
2614,2,50,2,6515165,,0.0,0.0,0.0,0.0,0.0,889785.85,2020-07-22 00:00:00,,,
2615,2,40,1,I2301/123406   27/JUL2020/6883,,0.0,0.0,0.0,0.0,0.0,129910.66,2020-07-28 00:00:00,,,
2616,14,81,1,I2301/123406   27/JUL2020/6883,,0.0,0.0,0.0,0.0,0.0,2054.51,2020-07-28 00:00:00,,,
2617,7,81,1,IK2408/124025   27/JUL2020/7041,,0.0,0.0,0.0,0.0,0.0,1095.14,2020-07-28 00:00:00,,,
2618,2,40,7,CNT-20/21-41496073,,0.0,0.0,0.0,0.0,0.0,145488.06,2020-07-28 00:00:00,,,
2619,1,40,2,6848801,,0.0,0.0,0.0,0.0,0.0,69829.24,2020-07-27 00:00:00,,,
2620,4,40,2,6854234,,0.0,0.0,0.0,0.0,0.0,183793.25,2020-07-27 00:00:00,,,
2621,1,40,1,I22099/123376   27/JUL2020/6853,,0.0,0.0,0.0,0.0,0.0,179272.68,2020-07-28 00:00:00,,,
2622,2,40,7,CNT-20/21-49273950,,0.0,0.0,0.0,0.0,0.0,132099.63,2020-08-14 00:00:00,,,
2623,4,40,2,8233583,,0.0,0.0,0.0,0.0,0.0,42641.5,2020-08-13 00:00:00,,,
2624,2,40,2,8228173,,0.0,0.0,0.0,0.0,0.0,424173.67,2020-08-13 00:00:00,,,
2625,1,40,7,CNT-20/21-48737267,,0.0,0.0,0.0,0.0,0.0,25611.15,2020-08-14 00:00:00,,,
2626,1,40,2,8350861,,0.0,0.0,0.0,0.0,0.0,42676.5,2020-08-14 00:00:00,,,
2627,2,40,2,8468768,,0.0,0.0,0.0,0.0,0.0,50609.98,2020-08-17 00:00:00,,,
2628,4,40,2,8473427,,0.0,0.0,0.0,0.0,0.0,111597.09,2020-08-17 00:00:00,,,
2629,4,40,2,6746143,,0.0,0.0,0.0,0.0,0.0,150198.34,2020-07-24 00:00:00,,,
2630,4,40,2,8576536,,0.0,0.0,0.0,0.0,0.0,148035.36,2020-08-18 00:00:00,,,
2631,2,40,2,8672514,,0.0,0.0,0.0,0.0,0.0,301654.68,2020-08-19 00:00:00,,,
2632,35,40,1,I24000/149613   27/AUG2020/4267,,0.0,0.0,0.0,0.0,0.0,155733.86,2020-08-19 00:00:00,,,
2633,35,40,1,I24000/153158   27/AUG2020/4978,,0.0,0.0,0.0,0.0,0.0,126115.52,2020-08-21 00:00:00,,,
2634,1,40,2,8782115,,0.0,0.0,0.0,0.0,0.0,55011.01,2020-08-20 00:00:00,,,
2635,1,40,2,8896293,,0.0,0.0,0.0,0.0,0.0,182879.1,2020-08-21 00:00:00,,,
2636,2,40,2,8782249,,0.0,0.0,0.0,0.0,0.0,117381.59,2020-08-20 00:00:00,,,
2637,2,40,2,8896429,,0.0,0.0,0.0,0.0,0.0,189185.35,2020-08-21 00:00:00,,,
2638,2,40,7,CNT-20/21-52967045,,0.0,0.0,0.0,0.0,0.0,100610.95,2020-08-24 00:00:00,,,
2639,1,40,7,CNT-20/21-52426936,,0.0,0.0,0.0,0.0,0.0,25601.0,2020-08-24 00:00:00,,,
2640,2,40,7,CNT-20/21-54235486,,0.0,0.0,0.0,0.0,0.0,32198.08,2020-08-26 00:00:00,,,
2641,1,40,2,9160069,,0.0,0.0,0.0,0.0,0.0,28106.07,2020-08-25 00:00:00,,,
2642,4,40,2,9047631,,0.0,0.0,0.0,0.0,0.0,24447.2,2020-08-24 00:00:00,,,
2643,11,81,1,I22099/128274   27/JUL2020/7919,,0.0,0.0,0.0,0.0,0.0,89077.59,2020-07-31 00:00:00,,,
2644,11,81,1,close out,close out,0.0,0.0,0.0,0.0,0.0,165843.43,2020-05-27 00:00:00,,,
2645,14,81,1,I2301/128302   27/JUL2020/7947,,0.0,0.0,0.0,0.0,0.0,356350.3,2020-07-31 00:00:00,,,
2646,7,81,1,close out,close out,0.0,0.0,0.0,0.0,0.0,507783.55,2020-06-26 00:00:00,,,
2647,14,81,1,I2301/159945   27/AUG2020/6389,,0.0,0.0,0.0,0.0,0.0,3368.88,2020-08-27 00:00:00,,,
2648,7,81,1,IK2408/160584   27/AUG2020/6550,,0.0,0.0,0.0,0.0,0.0,2490.04,2020-08-27 00:00:00,,,
2649,2,40,2,9160193,,0.0,0.0,0.0,0.0,0.0,61125.79,2020-08-25 00:00:00,,,
2650,1,40,2,9271204,,0.0,0.0,0.0,0.0,0.0,42846.37,2020-08-26 00:00:00,,,
2651,4,40,2,9165390,,0.0,0.0,0.0,0.0,0.0,35445.28,2020-08-25 00:00:00,,,
2652,2,40,7,CNT-20/21-54896393,,0.0,0.0,0.0,0.0,0.0,200657.38,2020-08-27 00:00:00,,,
2653,1,40,2,8571588,,0.0,0.0,0.0,0.0,0.0,128473.55,2020-08-18 00:00:00,,,
2654,1,40,7,CNT-20/21-53701438,,0.0,0.0,0.0,0.0,0.0,895.4,2020-08-26 00:00:00,,,
2655,4,40,2,9505541,,0.0,0.0,0.0,0.0,0.0,34166.34,2020-08-28 00:00:00,,,
2656,4,40,2,9390295,,0.0,0.0,0.0,0.0,0.0,1203.11,2020-08-27 00:00:00,,,
2657,4,40,2,9276517,,0.0,0.0,0.0,0.0,0.0,1203.61,2020-08-26 00:00:00,,,
2658,2,40,7,CNT-20/21-55556729,,0.0,0.0,0.0,0.0,0.0,24399.95,2020-08-28 00:00:00,,,
2659,4,40,2,9633725,,0.0,0.0,0.0,0.0,0.0,1.39,2020-08-31 00:00:00,,1,
2660,1,40,2,9949247,,0.0,0.0,0.0,0.0,0.0,107274.32,2020-09-03 00:00:00,,,
2661,2,40,2,9949353,,0.0,0.0,0.0,0.0,0.0,429162.76,2020-09-03 00:00:00,,,
2662,2,40,7,CNT-20/21-58186516,,0.0,0.0,0.0,0.0,0.0,2132.92,2020-09-03 00:00:00,,,
2663,2,40,7,CNT-20/21-58811565,,0.0,0.0,0.0,0.0,0.0,132531.86,2020-09-04 00:00:00,,,
2664,1,40,7,CNT-20/21-58910125,,0.0,0.0,0.0,0.0,0.0,910.03,2020-09-07 00:00:00,,,
2665,3,50,-1,,,0.0,0.0,0.0,0.0,0.0,200.0,1998-04-01 00:00:00,,,
2666,11,81,1,I22099/159910   27/AUG2020/6355,,0.0,0.0,0.0,0.0,0.0,215.2,2020-08-27 00:00:00,,,
2667,14,81,1,I2301/176666   27/SEP2020/2487,,0.0,0.0,0.0,0.0,0.0,283184.99,2020-09-11 00:00:00,,,
2668,14,81,1,I2301/188506   27/SEP2020/4954,,0.0,0.0,0.0,0.0,0.0,280544.95,2020-09-23 00:00:00,,,
2669,14,81,1,I2301/192645   27/SEP2020/5807,,0.0,0.0,0.0,0.0,0.0,2240.03,2020-09-28 00:00:00,,,
2670,7,81,1,IK2408/193177   27/SEP2020/5938,,0.0,0.0,0.0,0.0,0.0,3080.78,2020-09-28 00:00:00,,,
2671,14,81,1,I2301/193954   27/SEP2020/6077,,0.0,0.0,0.0,0.0,0.0,173135.22,2020-09-29 00:00:00,,,
2672,11,81,1,I22099/192618   27/SEP2020/5780,,0.0,0.0,0.0,0.0,0.0,280.26,2020-09-28 00:00:00,,,
2673,11,81,1,I22099/193930   27/SEP2020/6053,,0.0,0.0,0.0,0.0,0.0,190294.97,2020-09-29 00:00:00,,,
2674,1,40,1,I22099/187074   27/SEP2020/4627,,0.0,0.0,0.0,0.0,0.0,24288.58,2020-09-22 00:00:00,,,
2675,2,40,7,CNT-20/21-69313766,,0.0,0.0,0.0,0.0,0.0,58553.7,2020-09-30 00:00:00,,,
2676,2,40,7,CNT-20/21-42083937,,0.0,0.0,0.0,0.0,0.0,54526.08,2020-07-29 00:00:00,,,
2677,14,81,1,I2301/196655   27/OCT2020/89,,0.0,0.0,0.0,0.0,0.0,431238.09,2020-10-01 00:00:00,,,
2678,11,81,1,I22099/196621   27/OCT2020/56,,0.0,0.0,0.0,0.0,0.0,1449.99,2020-10-01 00:00:00,,1,
2679,11,81,1,I22099/198113   27/OCT2020/351,,0.0,0.0,0.0,0.0,0.0,94894.99,2020-10-05 00:00:00,,,
2680,14,81,1,I2301/198145   27/OCT2020/383,,0.0,0.0,0.0,0.0,0.0,189750.01,2020-10-05 00:00:00,,,
2681,1,40,1,I22099/199474   27/OCT2020/629,,0.0,0.0,0.0,0.0,0.0,335478.32,2020-10-06 00:00:00,,,
2682,2,40,7,CNT-20/21-71019524,,0.0,0.0,0.0,0.0,0.0,218276.51,2020-10-06 00:00:00,,,
2683,1,40,7,CNT-20/21-70550587,,0.0,0.0,0.0,0.0,0.0,376637.57,2020-10-06 00:00:00,,,
2684,2,40,7,CNT-20/21-71592620,,0.0,0.0,0.0,0.0,0.0,33073.7,2020-10-07 00:00:00,,,
2685,2,40,1,I2301/200872   27/OCT2020/976,,0.0,0.0,0.0,0.0,0.0,61487.36,2020-10-07 00:00:00,,,
2686,2,40,1,I2301/202294   27/OCT2020/1291,,0.0,0.0,0.0,0.0,0.0,464714.07,2020-10-08 00:00:00,,,
2687,1,40,1,I22099/200839   27/OCT2020/944,,0.0,0.0,0.0,0.0,0.0,56235.52,2020-10-07 00:00:00,,,
2688,1,40,2,12395789,,0.0,0.0,0.0,0.0,0.0,71083.4,2020-10-09 00:00:00,,,
2689,2,40,1,I2301/203763   27/OCT2020/1620,,0.0,0.0,0.0,0.0,0.0,279394.18,2020-10-09 00:00:00,,,
2690,1,40,7,CNT-20/21-71109326,,0.0,0.0,0.0,0.0,0.0,220669.62,2020-10-07 00:00:00,,,
2691,1,40,7,CNT-20/21-72872257,,0.0,0.0,0.0,0.0,0.0,72917.85,2020-10-12 00:00:00,,,
2692,1,50,7,CNT-20/21-73465916,,0.0,0.0,0.0,0.0,0.0,44568.48,2020-10-13 00:00:00,,,
2693,1,40,7,CNT-20/21-74000891,,0.0,0.0,0.0,0.0,0.0,476613.73,2020-10-14 00:00:00,,,
2694,2,40,7,CNT-20/21-74465988,,0.0,0.0,0.0,0.0,0.0,227427.5,2020-10-14 00:00:00,,,
2695,1,40,7,CNT-20/21-74556367,,0.0,0.0,0.0,0.0,0.0,252221.62,2020-10-15 00:00:00,,,
2696,2,40,7,CNT-20/21-77221119,,0.0,0.0,0.0,0.0,0.0,225732.47,2020-10-21 00:00:00,,,
2697,11,81,1,I22099/215786   27/OCT2020/4195,,0.0,0.0,0.0,0.0,0.0,193459.94,2020-10-22 00:00:00,,,
2698,7,81,1,IK2408/216374   27/OCT2020/4358,,0.0,0.0,0.0,0.0,0.0,193499.94,2020-10-22 00:00:00,,,
2699,1,40,2,13309473,,0.0,0.0,0.0,0.0,0.0,61725.75,2020-10-23 00:00:00,,,
2700,1,40,7,CNT-20/21-77867362,,0.0,0.0,0.0,0.0,0.0,67937.35,2020-10-23 00:00:00,,,
2701,1,40,7,CNT-20/21-78385149,,0.0,0.0,0.0,0.0,0.0,885.04,2020-10-26 00:00:00,,1,
2702,1,40,2,13385616,,0.0,0.0,0.0,0.0,0.0,246728.57,2020-10-26 00:00:00,,,
2703,11,81,1,I22099/219906   27/OCT2020/5088,,0.0,0.0,0.0,0.0,0.0,1061.49,2020-10-27 00:00:00,,,
2704,14,81,1,I2301/219936   27/OCT2020/5117,,0.0,0.0,0.0,0.0,0.0,3218.44,2020-10-27 00:00:00,,,
2705,7,81,1,IK2408/220494   27/OCT2020/5264,,0.0,0.0,0.0,0.0,0.0,2378.65,2020-10-27 00:00:00,,,
2706,2,40,7,CNT-20/21-79976101,,0.0,0.0,0.0,0.0,0.0,226617.47,2020-10-28 00:00:00,,,
2707,1,40,7,CNT-20/21-80165739,,0.0,0.0,0.0,0.0,0.0,387311.06,2020-10-29 00:00:00,,,
2708,2,40,7,CNT-20/21-82712804,,0.0,0.0,0.0,0.0,0.0,152874.95,2020-11-04 00:00:00,,,
2709,2,40,7,CNT-20/21-84431978,,0.0,0.0,0.0,0.0,0.0,25639.14,2020-11-09 00:00:00,,,
2710,2,40,7,CNT-20/21-81047500,,0.0,0.0,0.0,0.0,0.0,38428.72,2020-10-30 00:00:00,,,
2711,1,40,7,CNT-20/21-85842732,,0.0,0.0,0.0,0.0,0.0,629711.52,2020-11-12 00:00:00,,,
2712,2,40,7,CNT-20/21-86369625,,0.0,0.0,0.0,0.0,0.0,215232.0,2020-11-12 00:00:00,,,
2713,4,40,2,14359998,,0.0,0.0,0.0,0.0,0.0,12.45,2020-11-11 00:00:00,,1,
2714,4,40,2,14543398,,0.0,0.0,0.0,0.0,0.0,18847.43,2020-11-13 00:00:00,,,
2715,4,40,2,15092763,,0.0,0.0,0.0,0.0,0.0,17977.52,2020-11-20 00:00:00,,,
2716,4,40,2,14987365,,0.0,0.0,0.0,0.0,0.0,1173.11,2020-11-19 00:00:00,,,
2717,1,40,7,CNT-20/21-89435382,,0.0,0.0,0.0,0.0,0.0,1275.5,2020-11-20 00:00:00,,1,
2718,11,81,1,I22099/246739   27/NOV2020/4485,,0.0,0.0,0.0,0.0,0.0,395899.75,2020-11-23 00:00:00,,,
2719,7,81,1,IK2408/247318   27/NOV2020/4664,,0.0,0.0,0.0,0.0,0.0,98727.44,2020-11-23 00:00:00,,,
2720,14,81,1,I2301/246771   27/NOV2020/4516,,0.0,0.0,0.0,0.0,0.0,197414.89,2020-11-23 00:00:00,,,
2721,1,40,7,CNT-20/21-90193032,,0.0,0.0,0.0,0.0,0.0,146844.85,2020-11-23 00:00:00,,,
2722,2,40,2,15223575,,0.0,0.0,0.0,0.0,0.0,170004.05,2020-11-23 00:00:00,,,
2723,1,40,2,15223474,,0.0,0.0,0.0,0.0,0.0,6275.43,2020-11-23 00:00:00,,,
2724,2,40,7,CNT-20/21-91286263,,0.0,0.0,0.0,0.0,0.0,558478.86,2020-11-24 00:00:00,,,
2725,1,40,7,CNT-20/21-90737996,,0.0,0.0,0.0,0.0,0.0,333691.97,2020-11-24 00:00:00,,,
2726,1,40,2,15324734,,0.0,0.0,0.0,0.0,0.0,38076.79,2020-11-24 00:00:00,,,
2727,7,81,1,IK2408/250426   27/NOV2020/5343,,0.0,0.0,0.0,0.0,0.0,3045.66,2020-11-25 00:00:00,,,
2728,14,81,1,I2301/249827   27/NOV2020/5192,,0.0,0.0,0.0,0.0,0.0,4210.27,2020-11-25 00:00:00,,,
2729,11,81,1,I22099/249790   27/NOV2020/5156,,0.0,0.0,0.0,0.0,0.0,2433.13,2020-11-25 00:00:00,,,
2732,2,40,7,CNT-20/21-97524918,,0.0,0.0,0.0,0.0,0.0,1015034.46,2020-12-08 00:00:00,,,
2733,4,40,2,16174082,,0.0,0.0,0.0,0.0,0.0,203472.65,2020-12-07 00:00:00,,,
2734,2,40,7,CNT-20/21-99025166,,0.0,0.0,0.0,0.0,0.0,76252.53,2020-12-10 00:00:00,,,
2735,1,40,7,CNT-20/21-98387734,,0.0,0.0,0.0,0.0,0.0,335801.07,2020-12-10 00:00:00,,,
2736,4,40,2,16532226,,0.0,0.0,0.0,0.0,0.0,199459.17,2020-12-10 00:00:00,,,
2737,1,40,2,16169131,,0.0,0.0,0.0,0.0,0.0,23993.03,2020-12-07 00:00:00,,,
2738,1,40,2,16640437,,0.0,0.0,0.0,0.0,0.0,223962.96,2020-12-11 00:00:00,,,
2739,2,40,2,15642097,,0.0,0.0,0.0,0.0,0.0,106214.35,2020-11-27 00:00:00,,,
2740,2,40,7,CNT-20/21-76654606,,0.0,0.0,0.0,0.0,0.0,222433.65,2020-10-20 00:00:00,,,
2741,2,40,7,CNT-20/21-112047016,,0.0,0.0,0.0,0.0,0.0,77620.79,2021-01-06 00:00:00,,,
2742,1,40,7,CNT-20/21-111321719,,0.0,0.0,0.0,0.0,0.0,341781.91,2021-01-06 00:00:00,,,
2743,4,40,2,18568171,,0.0,0.0,0.0,0.0,0.0,203927.75,2021-01-06 00:00:00,,,
2744,1,40,7,CNT-20/21-113350509,,0.0,0.0,0.0,0.0,0.0,5271.82,2021-01-08 00:00:00,,,
2745,1,40,7,CNT-20/21-112187062,,0.0,0.0,0.0,0.0,0.0,61752.56,2021-01-07 00:00:00,,,
2746,2,40,7,CNT-20/21-116930430,,0.0,0.0,0.0,0.0,0.0,1166701.5,2021-01-14 00:00:00,,,
2747,1,40,7,CNT-20/21-114152915,,0.0,0.0,0.0,0.0,0.0,283748.8,2021-01-11 00:00:00,,,
2748,2,40,7,CNT-20/21-114495044,,0.0,0.0,0.0,0.0,0.0,74703.1,2021-01-11 00:00:00,,,
2749,1,40,7,CNT-20/21-117371694,,0.0,0.0,0.0,0.0,0.0,12619.57,2021-01-15 00:00:00,,,
2750,2,40,7,CNT-20/21-117692414,,0.0,0.0,0.0,0.0,0.0,534499.65,2021-01-15 00:00:00,,,
2751,1,40,7,CNT-20/21-116298693,,0.0,0.0,0.0,0.0,0.0,2513.91,2021-01-14 00:00:00,,,
2752,7,81,1,IK2408/285329   27/DEC2020/6385,,0.0,0.0,0.0,0.0,0.0,1284503.83,2020-12-29 00:00:00,,,
2753,11,81,1,I22099/284768   27/DEC2020/6225,,0.0,0.0,0.0,0.0,0.0,980064.08,2020-12-29 00:00:00,,,
2754,1,40,2,13086266,,0.0,0.0,0.0,0.0,0.0,446.39,2020-10-20 00:00:00,,1,
2755,1,40,2,9627228,,0.0,0.0,0.0,0.0,0.0,23.48,2020-08-31 00:00:00,,1,
2756,14,81,1,I2301/284801   27/DEC2020/6258,,0.0,0.0,0.0,0.0,0.0,1742603.52,2020-12-29 00:00:00,,,
2757,1,50,7,CNT-20/21-157911262,,0.0,0.0,0.0,0.0,0.0,316.55,2021-03-26 00:00:00,,,
2758,2,40,1,I2301/385690   27/MAR2021/5792,,0.0,0.0,0.0,0.0,0.0,60659.82,2021-03-26 00:00:00,,,
2759,7,81,1,IK2408/383003   27/MAR2021/5306,,0.0,0.0,0.0,0.0,0.0,501412.12,2021-03-24 00:00:00,,,
2760,7,81,1,IK2408/386180   27/MAR2021/5927,,0.0,0.0,0.0,0.0,0.0,1004364.9,2021-03-26 00:00:00,,,
2761,14,81,1,I2301/387143   27/MAR2021/6070,,0.0,0.0,0.0,0.0,0.0,882347.06,2021-03-30 00:00:00,,,
2762,7,81,1,IK2408/387664   27/MAR2021/6220,,0.0,0.0,0.0,0.0,0.0,373709.69,2021-03-30 00:00:00,,1,
2763,1,50,7,CNT-20/21-158633116,,0.0,0.0,0.0,15.0,0.0,15054.4,2021-03-30 00:00:00,,,
2764,2,50,2,25488857,,0.0,0.0,0.0,1.0,0.0,572.01,2021-03-30 00:00:00,,,
2765,2,50,7,CNT-20/21-158944960,,0.0,0.0,0.0,60.0,0.0,59609.98,2021-03-30 00:00:00,,,
2766,7,81,1,IK2408/389073   27/MAR2021/6506,,0.0,0.0,0.0,0.0,0.0,309.81,2021-03-31 00:00:00,,,
2767,2,50,7,CNT-20/21-159669209,,0.0,0.0,0.0,8.0,0.0,8018.94,2021-03-31 00:00:00,,,
2768,1,50,7,CNT-20/21-159365435,,0.0,0.0,0.0,0.0,0.0,1573.06,2021-03-31 00:00:00,,,
2769,4,50,4,,,0.0,0.0,0.0,0.0,0.0,5250.0,1999-03-31 00:00:00,,,
2770,4,50,2,5231,,0.0,0.0,0.0,14.0,0.0,13927.66,2021-04-01 00:00:00,,,
2771,2,50,2,2459,,0.0,0.0,0.0,13.0,0.0,13179.47,2021-04-01 00:00:00,,,
2772,1,50,7,CNT-21/22-390290,,0.0,0.0,0.0,1.0,0.0,568.53,2021-04-01 00:00:00,,,
2773,2,50,4,,,0.0,0.0,0.0,0.0,0.0,5118.75,1999-05-31 00:00:00,,,
2774,1,50,7,CNT-21/22-1198639,,0.0,0.0,0.0,8.0,0.0,9437.33,2021-04-05 00:00:00,,,
2775,2,50,7,CNT-21/22-1559602,,0.0,0.0,0.0,9.0,0.0,9038.33,2021-04-05 00:00:00,,,
2778,1,50,7,CNT-21/22-3642869,,0.0,0.0,0.0,0.0,0.0,1595.56,2021-04-08 00:00:00,,,
2780,1,50,7,CNT-21/22-5396142,,0.0,0.0,0.0,11.0,0.0,10573.03,2021-04-12 00:00:00,,,
2781,2,50,7,CNT-21/22-5520290,,0.0,0.0,0.0,11.0,0.0,1751.53,2021-04-12 00:00:00,,,
2782,40,50,7,CNT-21/22-5341220,,0.0,0.0,0.0,1.0,0.0,2482.34,2021-04-12 00:00:00,,,
2783,2,50,7,CNT-21/22-6677807,,0.0,0.0,0.0,6.0,0.0,6037.21,2021-04-13 00:00:00,,,
2784,40,50,7,CNT-21/22-7120460,,0.0,0.0,0.0,2.0,0.0,2107.08,2021-04-15 00:00:00,,,
2785,2,50,7,CNT-21/22-7518556,,0.0,0.0,0.0,3.0,0.0,2855.13,2021-04-15 00:00:00,,,
2786,14,81,1,,closing,0.0,0.0,0.0,0.0,0.0,172475.0,2021-03-31 00:00:00,,,
2787,14,81,-1,,year end closing,0.0,0.0,0.0,0.0,0.0,505400.0,2021-03-31 00:00:00,,,
2788,7,81,-1,,,0.0,0.0,0.0,0.0,0.0,172475.0,2021-03-31 00:00:00,,,
2789,7,81,-1,,closing,0.0,0.0,0.0,0.0,0.0,101080.0,2021-03-31 00:00:00,,,
2790,7,81,-1,,closing,0.0,0.0,0.0,0.0,0.0,1617280.0,2021-03-31 00:00:00,,,
2791,40,50,7,CNT-21/22-8717889,,0.0,0.0,0.0,0.0,0.0,722.54,2021-04-19 00:00:00,,,
2792,2,50,7,CNT-21/22-9132819,,0.0,0.0,0.0,10.0,0.0,11600.48,2021-04-19 00:00:00,,,
2793,1,50,7,CNT-21/22-8763474,,0.0,0.0,0.0,4.0,0.0,4076.98,2021-04-19 00:00:00,,,
2796,4,50,-1,,,0.0,0.0,0.0,0.0,0.0,6431.25,2000-04-01 00:00:00,,,
2797,2,50,-1,,,0.0,0.0,0.0,0.0,0.0,5118.75,1999-05-31 00:00:00,,,
2798,4,40,1,IK2408/21055   27/APR2021/4187,,0.0,0.0,0.0,0.0,0.0,24455.64,2021-04-23 00:00:00,,,
2801,7,81,1,IK2408/8697   27/APR2021/1734,,0.0,0.0,0.0,0.0,0.0,88997.59,2021-04-09 00:00:00,,,
2802,7,81,1,IK2408/17962   27/APR2021/3561,,0.0,0.0,0.0,0.0,0.0,602084.21,2021-04-20 00:00:00,,,
2803,7,81,1,IK2408/21055   27/APR2021/4187,,0.0,0.0,0.0,0.0,0.0,9318.54,2021-04-23 00:00:00,,,
2804,7,81,1,IK2408/29048   27/APR2021/5836,,0.0,0.0,0.0,0.0,0.0,5631.65,2021-04-30 00:00:00,,,
2805,11,81,1,I22099/12943   27/APR2021/2515,,0.0,0.0,0.0,0.0,0.0,635227.56,2021-04-15 00:00:00,,,
2806,11,81,1,I22099/22004   27/APR2021/4333,,0.0,0.0,0.0,0.0,0.0,1110.07,2021-04-26 00:00:00,,,
2807,11,81,1,I22099/23498   27/APR2021/4642,,0.0,0.0,0.0,0.0,0.0,769.26,2021-04-27 00:00:00,,,
2808,11,81,1,I22099/28463   27/APR2021/5654,,0.0,0.0,0.0,0.0,0.0,1989.36,2021-04-30 00:00:00,,,
2809,14,81,1,I2301/8165   27/APR2021/1588,,0.0,0.0,0.0,0.0,0.0,89140.09,2021-04-09 00:00:00,,,
2810,14,81,1,I2301/9814   27/APR2021/1916,,0.0,0.0,0.0,0.0,0.0,89330.04,2021-04-12 00:00:00,,,
2811,14,81,1,I2301/22038   27/APR2021/4367,,0.0,0.0,0.0,0.0,0.0,3457.23,2021-04-26 00:00:00,,,
2812,14,81,1,I2301/28495   27/APR2021/5686,,0.0,0.0,0.0,83.36,0.0,4333.18,2021-04-30 00:00:00,,,
2813,1,40,1,I22099/28463   27/APR2021/5654,,0.0,0.0,0.0,0.0,0.0,16186.29,2021-04-30 00:00:00,,,
2814,14,81,1,opening,opening,0.0,0.0,0.0,0.0,0.0,505400.0,2021-04-01 00:00:00,,,
2815,14,81,1,opening,opening,0.0,0.0,0.0,0.0,0.0,172480.0,2021-04-01 00:00:00,,,
2816,7,81,1,,opening,0.0,0.0,0.0,0.0,0.0,1617280.0,2021-04-01 00:00:00,,,
2817,7,81,1,,opening,0.0,0.0,0.0,0.0,0.0,101080.0,2021-04-01 00:00:00,,,
2818,7,81,1,,OPENING,0.0,0.0,0.0,0.0,0.0,172480.0,2021-04-01 00:00:00,,,
2819,40,50,7,CNT-21/22-15232171,,0.0,0.0,0.0,1.0,0.0,185212.68,2021-04-30 00:00:00,,,
2820,40,40,7,CNT-21/22-14371365,,0.0,0.0,0.0,0.0,0.0,13783.59,2021-04-29 00:00:00,,,
2824,7,81,1,IK2408/32367   27/MAY2021/586,,0.0,0.0,0.0,0.0,0.0,16099.35,2021-05-04 00:00:00,,,
2826,7,81,1,IK2408/7123   27/APR2021/1424,,0.0,0.0,0.0,0.0,0.0,279562.55,2021-04-08 00:00:00,,,
2827,7,81,1,IK2408/39219   27/MAY2021/1940,,0.0,0.0,0.0,0.0,0.0,310686.96,2021-05-10 00:00:00,,,
2828,11,81,1,I22099/38598   27/MAY2021/1742,,0.0,0.0,0.0,0.0,0.0,153208.54,2021-05-10 00:00:00,,1,
2829,1,50,7,CNT-21/22-21686882,,0.0,0.0,0.0,0.0,0.0,1951.07,2021-05-11 00:00:00,,,
2830,7,81,1,IK2408/43047   27/MAY2021/2710,,0.0,0.0,0.0,0.0,0.0,1491.4,2021-05-12 00:00:00,,,
2831,7,81,1,IK2408/41102   27/MAY2021/2323,,0.0,0.0,0.0,0.0,0.0,104934.81,2021-05-11 00:00:00,,,
2832,2,50,1,I2301/42401   27/MAY2021/2534,,0.0,0.0,0.0,14.0,0.0,13726.12,2021-05-12 00:00:00,,,
2833,4,50,1,IK2408/43047   27/MAY2021/2710,,0.0,0.0,0.0,18.0,0.0,18565.75,2021-05-12 00:00:00,,,
2834,4,50,1,old stock,old stock,0.0,0.0,0.0,0.0,0.0,250.0,1999-05-17 00:00:00,,,
2835,11,81,1,I22099/40461   27/MAY2021/2120,,0.0,0.0,0.0,0.0,0.0,104914.81,2021-05-11 00:00:00,,,
2836,1,50,7,CNT-21/22-22744039,,0.0,0.0,0.0,9.0,0.0,9243.24,2021-05-12 00:00:00,,,
2837,1,50,7,CNT-21/22-26712913,,0.0,0.0,0.0,0.0,0.0,1910.07,2021-05-19 00:00:00,,,
2838,7,81,1,IK2408/61420   27/MAY2021/6296,,0.0,0.0,0.0,0.0,0.0,1508623.15,2021-05-27 00:00:00,,,
2839,1,40,1,I22099/69945   27/JUN2021/728,,0.0,0.0,0.0,0.0,0.0,190968.58,2021-06-03 00:00:00,,,
2840,7,81,1,IK2408/90265   27/JUN2021/4588,,0.0,0.0,0.0,0.0,0.0,111.28,2021-06-17 00:00:00,,,
2842,14,81,1,I2301/93451   27/JUN2021/5174,,0.0,0.0,0.0,0.0,0.0,5075940.03,2021-06-21 00:00:00,,,
2843,7,81,1,IK2408/94029   27/JUN2021/5310,,0.0,0.0,0.0,0.0,0.0,4853046.49,2021-06-21 00:00:00,,,
2847,7,81,1,IK2408/103229   27/JUN2021/6988,,0.0,0.0,0.0,0.0,0.0,415247.79,2021-06-28 00:00:00,,,
2848,14,81,1,I2301/102663   27/JUN2021/6853,,0.0,0.0,0.0,0.0,0.0,1075869.72,2021-06-28 00:00:00,,,
2849,11,81,1,I22099/102628   27/JUN2021/6818,,0.0,0.0,0.0,0.0,0.0,471752.31,2021-06-28 00:00:00,,,
2861,40,50,7,CNT-21/22-70140775,,0.0,0.0,0.0,2.0,0.0,2317.92,2021-07-19 00:00:00,,,
2862,1,50,7,CNT-21/22-70195967,,0.0,0.0,0.0,8.0,0.0,2966.32,2021-07-19 00:00:00,,,
2863,1,50,7,CNT-21/22-71271395,,0.0,0.0,0.0,0.0,0.0,1592.56,2021-07-20 00:00:00,,,
2864,7,81,1,IK2408/129601   27/JUL2021/4384,,0.0,0.0,0.0,0.0,0.0,88712.54,2021-07-19 00:00:00,,,
2865,1,50,7,CNT-21/22-72315094,,0.0,0.0,0.0,4.0,0.0,3992.18,2021-07-22 00:00:00,,,
2866,1,50,7,CNT-21/22-73380855,,0.0,0.0,0.0,0.0,0.0,2157.98,2021-07-23 00:00:00,,,
2867,1,50,7,CNT-21/22-75516456,,0.0,0.0,0.0,19.0,0.0,19738.98,2021-07-27 00:00:00,,,
2868,7,81,1,IK2408/138602   27/JUL2021/6074,,0.0,0.0,0.0,0.0,0.0,5964.41,2021-07-27 00:00:00,,,
2869,1,50,7,CNT-21/22-76576138,,0.0,0.0,0.0,0.0,0.0,530.64,2021-07-28 00:00:00,,,
2870,14,81,1,I2301/139817   27/JUL2021/6270,,0.0,0.0,0.0,0.0,0.0,12495.95,2021-07-28 00:00:00,,,
2871,4,50,1,IK2408/140407   27/JUL2021/6416,,0.0,0.0,0.0,331.0,0.0,331641.06,2021-07-28 00:00:00,,,
2873,1,50,7,CNT-21/22-78658494,,0.0,0.0,0.0,5.0,0.0,5714.75,2021-07-30 00:00:00,,,
2874,2,50,7,CNT-21/22-80069085,,0.0,0.0,0.0,7.0,0.0,7392.74,2021-08-02 00:00:00,,,
2875,1,50,7,CNT-21/22-79643610,,0.0,0.0,0.0,0.0,0.0,268.27,2021-08-02 00:00:00,,,
2876,1,50,7,CNT-21/22-84871188,,0.0,0.0,0.0,0.0,0.0,267.97,2021-08-09 00:00:00,,,
2877,1,50,7,CNT-21/22-89408975,,0.0,0.0,0.0,0.0,0.0,264.77,2021-08-16 00:00:00,,,
2878,1,50,7,CNT-21/22-93669301,,0.0,0.0,0.0,0.0,0.0,257.52,2021-08-23 00:00:00,,,
2879,14,81,1,I2301/174809   27/AUG2021/5550,,0.0,0.0,0.0,0.0,0.0,4486408.08,2021-08-27 00:00:00,,,
2880,7,81,1,IK2408/175328   27/AUG2021/5675,,0.0,0.0,0.0,0.0,0.0,188770.88,2021-08-27 00:00:00,,,
2883,40,50,7,CNT-21/22-99770718,,0.0,0.0,0.0,0.0,0.0,873.24,2021-09-01 00:00:00,,,
2884,40,50,7,CNT-21/22-101664099,,0.0,0.0,0.0,7.0,0.0,7358.32,2021-09-03 00:00:00,,,
2885,40,50,7,CNT-21/22-102606220,,0.0,0.0,0.0,0.0,0.0,886.54,2021-09-06 00:00:00,,,
2886,1,50,7,CNT-21/22-98904068,,0.0,0.0,0.0,0.0,0.0,266.77,2021-08-31 00:00:00,,,
2887,40,50,7,CNT-21/22-106286636,,0.0,0.0,0.0,0.0,0.0,882.79,2021-09-13 00:00:00,,,
2888,12,30,7,CNT-21/22-106333531,,0.0,0.0,0.0,1.0,0.0,1204.63,2021-09-13 00:00:00,,,
2889,4,50,1,COMBINED/205322,,0.0,0.0,0.0,200.0,0.0,200311.45,2021-09-15 00:00:00,,,
2891,1,50,7,CNT-21/22-109471460,,0.0,0.0,0.0,8.0,0.0,10899.96,2021-09-16 00:00:00,,1,
2892,2,50,7,CNT-21/22-109974920,,0.0,0.0,0.0,10.0,0.0,9989.72,2021-09-16 00:00:00,,,
2893,2,50,7,CNT-21/22-119389000,,0.0,0.0,0.0,9.0,0.0,9438.66,2021-09-27 00:00:00,,,
2894,40,50,7,CNT-21/22-111668007,,0.0,0.0,0.0,0.0,0.0,894.04,2021-09-20 00:00:00,,,
2895,40,50,7,CNT-21/22-117883190,,0.0,0.0,0.0,0.0,0.0,913.8,2021-09-24 00:00:00,,,
2896,1,50,7,CNT-21/22-123123919,,0.0,0.0,0.0,3.0,0.0,2703.12,2021-10-01 00:00:00,,,
2897,12,30,7,CNT-21/22-122087504,,0.0,0.0,0.0,0.0,0.0,53.62,2021-09-30 00:00:00,,,
2898,40,50,7,CNT-21/22-123072624,,0.0,0.0,0.0,0.0,0.0,894.04,2021-10-01 00:00:00,,,
2899,40,50,7,CNT-21/22-126279194,,0.0,0.0,0.0,0.0,0.0,910.0,2021-10-06 00:00:00,,,
2901,40,50,7,CNT-21/22-129665467,,0.0,0.0,0.0,0.0,0.0,3683.66,2021-10-11 00:00:00,,,
2902,40,50,7,CNT-21/22-133432459,,0.0,0.0,0.0,7.0,0.0,6979.31,2021-10-14 00:00:00,,,
2903,40,50,7,CNT-21/22-130877544,,0.0,0.0,0.0,0.0,0.0,911.75,2021-10-12 00:00:00,,,
2904,1,50,7,CNT-21/22-134843331,,0.0,0.0,0.0,15.0,0.0,14857.51,2021-10-18 00:00:00,,,
2907,7,81,1,IK2408/194430   27/SEP2021/2741,,0.0,0.0,0.0,0.0,0.0,567061.27,2021-09-15 00:00:00,,,
2908,7,81,1,IK2408/210054   27/SEP2021/5536,,0.0,0.0,0.0,0.0,0.0,606770.65,2021-09-28 00:00:00,,,
2909,7,81,1,IK2408/142255   27/JUL2021/6768,,0.0,0.0,0.0,0.0,0.0,311881.95,2021-07-29 00:00:00,,,
2915,14,81,1,I2301/209460   27/SEP2021/5394,,0.0,0.0,0.0,0.0,0.0,776554.44,2021-09-28 00:00:00,,,
2917,7,81,1,,,0.0,0.0,0.0,0.0,0.0,178955.05,2021-06-03 00:00:00,,0,
2918,11,81,1,I22099/139782   27/JUL2021/6236,,0.0,0.0,0.0,0.0,0.0,103303.58,2021-07-28 00:00:00,,,
2925,8,81,1,IK2408/108403   27/JUL2021/230,,0.0,0.0,0.0,16.0,0.0,156.69,2021-07-01 00:00:00,,1,
2926,8,81,1,IK2408/110069   27/JUL2021/558,,0.0,0.0,0.0,6.0,0.0,654.29,2021-07-02 00:00:00,,1,
2927,8,81,1,IK2408/111874   27/JUL2021/898,,0.0,0.0,0.0,12.0,0.0,485.85,2021-07-05 00:00:00,,1,
2928,8,81,1,IK2408/113795   27/JUL2021/1257,,0.0,0.0,0.0,195.0,0.0,712.44,2021-07-06 00:00:00,,1,
2929,8,81,1,IK2408/220648   27/OCT2021/1179,,0.0,0.0,0.0,83.0,0.0,710545.16,2021-10-06 00:00:00,,,
2930,8,81,1,IK2408/115623   27/JUL2021/1620,,0.0,0.0,0.0,10.0,0.0,458.3,2021-07-07 00:00:00,,1,
2931,8,81,1,IK2408/119097   27/JUL2021/2294,,0.0,0.0,0.0,10.0,0.0,513.87,2021-07-09 00:00:00,,1,
2932,8,81,1,IK2408/120813   27/JUL2021/2632,,0.0,0.0,0.0,278.0,0.0,5090.23,2021-07-12 00:00:00,,1,
2933,8,81,1,IK2408/122516   27/JUL2021/2987,,0.0,0.0,0.0,5.0,0.0,100.16,2021-07-13 00:00:00,,1,
2934,8,81,1,IK2408/125995   27/JUL2021/3696,,0.0,0.0,0.0,8.0,0.0,801.41,2021-07-15 00:00:00,,1,
2935,8,81,1,IK2408/194430   27/SEP2021/2741,,0.0,0.0,0.0,23.0,0.0,31243.15,2021-09-15 00:00:00,,,
2936,8,81,1,IK2408/127733   27/JUL2021/4027,,0.0,0.0,0.0,7.0,0.0,642.16,2021-07-16 00:00:00,,1,
2938,8,81,1,IK2408/99632   27/JUN2021/6341,,0.0,0.0,0.0,0.0,0.0,8578.6,2021-06-24 00:00:00,,,
2939,8,81,1,IK2408/206593   27/SEP2021/4896,,0.0,0.0,0.0,2.0,0.0,3554.32,2021-09-24 00:00:00,,,
2940,8,81,1,IK2408/103229   27/JUN2021/6988,,0.0,0.0,0.0,12.0,0.0,453.52,2021-06-28 00:00:00,,1,
2941,8,81,1,IK2408/140407   27/JUL2021/6416,,0.0,0.0,0.0,6.0,0.0,11373.57,2021-07-28 00:00:00,,,
2942,8,81,1,IK2408/210054   27/SEP2021/5536,,0.0,0.0,0.0,19.0,0.0,13513.52,2021-09-28 00:00:00,,,
2943,8,81,1,IK2408/104948   27/JUN2021/7313,,0.0,0.0,0.0,16.0,0.0,465.72,2021-06-29 00:00:00,,1,
2944,8,81,1,IK2408/142255   27/JUL2021/6768,,0.0,0.0,0.0,0.0,0.0,1151.59,2021-07-29 00:00:00,,,
2945,8,81,1,IK2408/106698   27/JUN2021/7647,,0.0,0.0,0.0,15.0,0.0,613.16,2021-06-30 00:00:00,,1,
2946,8,81,1,IK2408/213694   27/SEP2021/6201,,0.0,0.0,0.0,0.0,0.0,809170.6,2021-09-30 00:00:00,,,
2947,8,81,1,,,0.0,0.0,0.0,0.0,0.0,0.0,2021-08-26 00:00:00,,1,
2948,4,40,1,IK2408/32367   27/MAY2021/586,,0.0,0.0,0.0,0.0,0.0,3158.65,2021-05-04 00:00:00,,,
2950,40,50,7,CNT-21/22-134774402,,0.0,0.0,0.0,0.0,0.0,941.7,2021-10-18 00:00:00,,,
2951,40,50,7,CNT-21/22-141003965,,0.0,0.0,0.0,3.0,0.0,4393.83,2021-10-25 00:00:00,,,
2952,1,50,7,CNT-21/22-138753585,,0.0,0.0,0.0,6.0,0.0,6038.27,2021-10-21 00:00:00,,,
2953,4,50,1,COMBINED/225480,,0.0,0.0,0.0,168.0,0.0,168270.66,2021-09-30 00:00:00,,,
2954,1,50,7,CNT-21/22-142140073,,0.0,0.0,0.0,1.0,0.0,1013.95,2021-10-26 00:00:00,,,
2955,1,50,7,CNT-21/22-143151740,,0.0,0.0,0.0,8.0,0.0,7517.83,2021-10-27 00:00:00,,,
2956,40,50,7,CNT-21/22-142087254,,0.0,0.0,0.0,1.0,0.0,1381.07,2021-10-26 00:00:00,,,
2957,4,50,1,COMBINED/261545,,0.0,0.0,0.0,800.0,0.0,799151.03,2021-10-28 00:00:00,,,
2960,8,81,1,IK2408/248082   27/OCT2021/6086,,0.0,0.0,0.0,0.0,0.0,60225.0,2021-10-28 00:00:00,,,
2961,40,50,7,CNT-21/22-145357355,,0.0,0.0,0.0,1.0,0.0,1363.17,2021-10-29 00:00:00,,,
2962,40,50,7,CNT-21/22-146391289,,0.0,0.0,0.0,0.0,0.0,911.4,2021-11-01 00:00:00,,,
2963,40,50,7,CNT-21/22-163082927,,0.0,0.0,0.0,0.0,0.0,1779.08,2021-11-25 00:00:00,,,
2967,8,81,1,IK2408/272378   27/NOV2021/3874,,0.0,0.0,0.0,0.0,0.0,55.65,2021-11-22 00:00:00,,,
2968,8,81,1,IK2408/246238   27/OCT2021/5745,,0.0,0.0,0.0,3.0,0.0,5111.95,2021-10-27 00:00:00,,,
2969,40,50,7,CNT-21/22-167526449,,0.0,0.0,0.0,0.0,0.0,877.19,2021-12-01 00:00:00,,,
2970,1,50,7,CNT-21/22-166590629,,0.0,0.0,0.0,3.0,0.0,2940.63,2021-11-30 00:00:00,,,
2971,40,50,7,CNT-21/22-170423792,,0.0,0.0,0.0,6.0,0.0,6550.88,2021-12-06 00:00:00,,,
2972,40,50,7,CNT-21/22-175368867,,0.0,0.0,0.0,0.0,0.0,898.89,2021-12-13 00:00:00,,,
2973,40,50,7,CNT-21/22-180655365,,0.0,0.0,0.0,0.0,0.0,840.59,2021-12-20 00:00:00,,,
2974,40,50,7,CNT-21/22-184561189,,0.0,0.0,0.0,0.0,0.0,864.49,2021-12-24 00:00:00,,,
2975,40,50,7,CNT-21/22-190132266,,0.0,0.0,0.0,0.0,0.0,899.54,2022-01-03 00:00:00,,,
2976,40,50,7,CNT-21/22-193558955,,0.0,0.0,0.0,0.0,0.0,905.99,2022-01-06 00:00:00,,,
2977,1,50,7,CNT-21/22-179542638,,0.0,0.0,0.0,3.0,0.0,2637.12,2021-12-17 00:00:00,,,
2978,2,50,7,CNT-21/22-183147280,,0.0,0.0,0.0,1.0,0.0,1446.07,2021-12-22 00:00:00,,,
2979,2,40,7,CNT-21/22-183303370,,0.0,0.0,0.0,0.0,0.0,1039434.75,2021-12-23 00:00:00,,,
2980,40,50,7,CNT-21/22-199555861,,0.0,0.0,0.0,0.0,0.0,926.55,2022-01-12 00:00:00,,,
2981,2,50,7,CNT-21/22-206720924,,0.0,0.0,0.0,3.0,0.0,2668.67,2022-01-20 00:00:00,,,
2982,1,50,7,CNT-21/22-207026462,,0.0,0.0,0.0,7.0,0.0,5737.75,2022-01-20 00:00:00,,1,
2983,2,50,7,CNT-21/22-208756513,,0.0,0.0,0.0,6.0,0.0,6063.22,2022-01-21 00:00:00,,,
2984,2,50,7,CNT-21/22-210131239,,0.0,0.0,0.0,28.0,0.0,28472.8,2022-01-24 00:00:00,,,
2985,1,50,7,CNT-21/22-209543352,,0.0,0.0,0.0,5.0,0.0,5008.22,2022-01-24 00:00:00,,,
2986,1,50,7,CNT-21/22-221028149,,0.0,0.0,0.0,5.0,0.0,4834.21,2022-02-08 00:00:00,,,
2987,2,50,7,CNT-21/22-210551451,,0.0,0.0,0.0,7.0,0.0,7040.31,2022-01-25 00:00:00,,,
2988,2,50,7,CNT-21/22-226033975,,0.0,0.0,0.0,8.0,0.0,7811.29,2022-02-14 00:00:00,,,
2989,40,50,7,CNT-21/22-206964803,,0.0,0.0,0.0,4.0,0.0,3858.47,2022-01-20 00:00:00,,,
2990,40,50,7,CNT-21/22-209473263,,0.0,0.0,0.0,0.0,0.0,892.49,2022-01-24 00:00:00,,,
2992,40,50,7,CNT-21/22-237747667,,0.0,0.0,0.0,3.0,0.0,3942.17,2022-03-02 00:00:00,,,
2993,40,50,7,CNT-21/22-234173195,,0.0,0.0,0.0,0.0,0.0,2545.66,2022-02-24 00:00:00,,,
2994,1,50,7,CNT-21/22-237804210,,0.0,0.0,0.0,3.0,0.0,1408.63,2022-03-02 00:00:00,,,
2995,1,50,7,CNT-21/22-238912250,,0.0,0.0,0.0,3.0,0.0,2878.13,2022-03-03 00:00:00,,,
2996,1,50,7,CNT-21/22-240011418,,0.0,0.0,0.0,9.0,0.0,9338.45,2022-03-04 00:00:00,,,
2997,40,50,7,CNT-21/22-241107489,,0.0,0.0,0.0,0.0,0.0,2446.16,2022-03-07 00:00:00,,,
2998,2,50,7,CNT-21/22-241686735,,0.0,0.0,0.0,0.0,0.0,6186.27,2022-03-07 00:00:00,,,
3000,2,50,7,CNT-21/22-246834624,,0.0,0.0,0.0,4.0,0.0,4255.15,2022-03-14 00:00:00,,,
3001,40,50,7,CNT-21/22-246809514,,0.0,0.0,0.0,0.0,0.0,852.54,2022-03-14 00:00:00,,,
3002,2,40,2,7534816,,0.0,0.0,0.0,0.0,0.0,25533.68,2021-06-16 00:00:00,,,
3003,1,50,7,CNT-21/22-69176191,,0.0,0.0,0.0,0.0,0.0,1620.66,2021-07-16 00:00:00,,,
3004,1,50,7,CNT-21/22-7163870,,0.0,0.0,0.0,0.0,0.0,1550.76,2021-04-15 00:00:00,,,
3005,1,50,7,CNT-21/22-247437939,,0.0,0.0,0.0,2.0,0.0,2292.11,2022-03-15 00:00:00,,,
3006,2,50,7,CNT-21/22-247880282,,0.0,0.0,0.0,1.0,0.0,1421.22,2022-03-15 00:00:00,,,
3007,7,81,1,COMBINED/414665,,0.0,0.0,0.0,0.0,0.0,170915.16,2022-03-09 00:00:00,,,
3008,7,81,1,COMBINED/361733,,0.0,0.0,0.0,0.0,0.0,172618.57,2022-01-20 00:00:00,,1,
3009,7,81,1,COMBINED/400716,,0.0,0.0,0.0,0.0,0.0,5563.94,2022-02-23 00:00:00,,,
3010,7,81,1,COMBINED/352077,,0.0,0.0,0.0,0.0,0.0,102227.33,2022-01-13 00:00:00,,,
3011,7,81,1,COMBINED/353980,,0.0,0.0,0.0,0.0,0.0,85650.08,2022-01-14 00:00:00,,,
3012,7,81,1,COMBINED/309059,,0.0,0.0,0.0,0.0,0.0,172280.15,2021-12-09 00:00:00,,,
3013,7,81,1,COMBINED/319083,,0.0,0.0,0.0,0.0,0.0,173810.14,2021-12-17 00:00:00,,,
3014,7,81,1,COMBINED/289298,,0.0,0.0,0.0,0.0,0.0,2462.44,2021-11-23 00:00:00,,,
3015,7,81,1,COMBINED/294564,,0.0,0.0,0.0,0.0,0.0,85117.58,2021-11-26 00:00:00,,,
3016,7,81,1,COMBINED/236549,,0.0,0.0,0.0,0.0,0.0,308769.49,2021-10-08 00:00:00,,,
3017,7,81,1,COMBINED/238442,,0.0,0.0,0.0,0.0,0.0,486652.06,2021-10-11 00:00:00,,,
3018,7,81,1,COMBINED/417806,,0.0,0.0,0.0,0.0,0.0,169525.18,2022-03-11 00:00:00,,,
3019,7,81,1,COMBINED/420892,,0.0,0.0,0.0,0.0,0.0,98983.31,2022-03-15 00:00:00,,,
3024,7,81,1,COMBINED/424047,,0.0,0.0,0.0,0.0,0.0,1340.38,2022-03-17 00:00:00,,,
3025,4,50,1,redemption,redemption,0.0,0.0,0.0,0.0,0.0,230300.0,2022-03-21 00:00:00,,0,
3026,1,50,1,redemption,redemption,0.0,0.0,0.0,0.0,0.0,92120.0,2022-03-21 00:00:00,,0,
3027,1,50,7,CNT-21/22-250511876,,0.0,0.0,0.0,0.0,0.0,1752.57,2022-03-21 00:00:00,,,
3028,14,81,1,COMBINED/409918,,0.0,0.0,0.0,0.0,0.0,78877.66,2022-03-04 00:00:00,,,
3029,14,81,1,COMBINED/411469,,0.0,0.0,0.0,0.0,0.0,79407.66,2022-03-07 00:00:00,,,
3030,14,81,1,COMBINED/408392,,0.0,0.0,0.0,0.0,0.0,78637.66,2022-03-03 00:00:00,,,
3031,14,81,1,COMBINED/406814,,0.0,0.0,0.0,0.0,0.0,6462.22,2022-03-02 00:00:00,,,
3032,14,81,1,COMBINED/403830,,0.0,0.0,0.0,0.0,0.0,46160.32,2022-02-25 00:00:00,,,
3033,14,81,1,COMBINED/370893,,0.0,0.0,0.0,0.0,0.0,4607936.8,2022-01-28 00:00:00,,,
3035,14,81,1,COMBINED/289182,,0.0,0.0,0.0,0.0,0.0,10514.66,2021-11-23 00:00:00,,,
3036,14,81,1,COMBINED/259551,,0.0,0.0,0.0,0.0,0.0,1665130.15,2021-10-27 00:00:00,,,
3037,14,81,1,COMBINED/230773,,0.0,0.0,0.0,0.0,0.0,438487.76,2021-10-05 00:00:00,,,
3038,14,81,1,COMBINED/225356,,0.0,0.0,0.0,0.0,0.0,947083.47,2021-09-30 00:00:00,,,
3039,14,81,1,COMBINED/232650,,0.0,0.0,0.0,0.0,0.0,205264.67,2021-10-06 00:00:00,,,
3040,14,81,1,COMBINED/227177,,0.0,0.0,0.0,0.0,0.0,67426.28,2021-10-01 00:00:00,,,
3041,14,81,1,COMBINED/201468,,0.0,0.0,0.0,0.0,0.0,2864408.06,2021-09-13 00:00:00,,,
3042,14,81,1,COMBINED/205195,,0.0,0.0,0.0,0.0,0.0,567824.7,2021-09-15 00:00:00,,,
3043,14,81,1,,close out,0.0,0.0,0.0,0.0,0.0,4596036.03,2022-01-22 00:00:00,,0,
3044,14,81,1,closeout,closeout,0.0,0.0,0.0,0.0,0.0,1650572.64,2021-10-27 00:00:00,,0,
3045,40,50,7,CNT-21/22-250460894,,0.0,0.0,0.0,4.0,0.0,4500.15,2022-03-21 00:00:00,,,
3046,2,50,7,CNT-21/22-255770537,,0.0,0.0,0.0,4.0,0.0,3840.14,2022-03-28 00:00:00,,,
3047,14,81,1,COMBINED/434066,,0.0,0.0,0.0,0.0,0.0,4858372.88,2022-03-28 00:00:00,,,
3048,7,81,1,COMBINED/434153,,0.0,0.0,0.0,0.0,0.0,4858047.12,2022-03-28 00:00:00,,,
3049,7,81,1,COMBINED/82462,,0.0,0.0,0.0,0.0,0.0,268012.6,2021-06-09 00:00:00,,,
3050,7,81,1,COMBINED/2676,,0.0,0.0,0.0,0.0,0.0,203519.7,2021-04-05 00:00:00,,,
3053,8,81,1,,manual entry,0.0,0.0,0.0,7.0,0.0,13924.74,2021-06-21 00:00:00,,1,
3054,7,81,1,COMBINED/438952,,0.0,0.0,0.0,0.0,0.0,85387.58,2022-03-31 00:00:00,,,
3055,7,81,1,closing,closing,0.0,0.0,0.0,0.0,0.0,2551500.0,2022-03-31 00:00:00,,0,
3056,7,81,1,closing,closing,0.0,0.0,0.0,0.0,0.0,4017100.0,2022-03-31 00:00:00,,0,
3058,7,81,1,closing,closing,0.0,0.0,0.0,0.0,0.0,313070.0,2022-03-31 00:00:00,,0,
3059,14,81,1,closing,closing,0.0,0.0,0.0,0.0,0.0,203700.0,2021-03-31 00:00:00,,1,
3060,40,50,7,CNT-22/23-417703,,0.01,0.0,0.06,0.0,0.0,1791.52,2022-04-01 00:00:00,,,
3061,7,81,1,opening,opening,0.0,0.0,0.0,0.0,0.0,6881670.0,2022-04-01 00:00:00,,0,
3062,14,81,1,opening,opening,0.0,0.0,0.0,0.0,0.0,203700.0,2021-04-01 00:00:00,,1,
3065,2,50,7,CNT-22/23-1967182,,0.03,1.0,0.19,5.0,0.01,5256.23,2022-04-04 00:00:00,,,
3066,7,81,1,COMBINED/2694,,0.0,0.0,0.0,0.0,0.0,162325.29,2022-04-04 00:00:00,,,
3067,7,81,1,COMBINED/4377,,0.0,0.0,0.0,0.0,0.0,83850.11,2022-04-05 00:00:00,,,
3068,7,81,1,COMBINED/6107,,0.0,0.0,0.0,0.0,0.0,78247.67,2022-04-06 00:00:00,,,
3069,2,50,7,CNT-22/23-3101650,,0.11,0.0,0.62,18.0,0.02,17591.25,2022-04-05 00:00:00,,,
3070,40,50,7,CNT-22/23-3717159,,0.01,0.0,0.06,0.0,0.0,1830.47,2022-04-06 00:00:00,,,
3071,2,50,7,CNT-22/23-5547869,,0.02,0.0,0.1,3.0,0.0,2578.12,2022-04-07 00:00:00,,,
3072,1,50,7,CNT-22/23-7254230,,0.01,0.0,0.06,0.0,0.0,1814.57,2022-04-11 00:00:00,,,
3073,2,50,7,CNT-22/23-7719435,,0.11,3.0,0.64,22.0,0.02,21762.77,2022-04-11 00:00:00,,,
3074,7,81,1,COMBINED/11209,,0.0,0.0,0.0,0.0,0.0,167410.2,2022-04-11 00:00:00,,,
3075,40,50,7,CNT-22/23-8312275,,0.06,1.0,0.34,8.0,0.01,1018.66,2022-04-12 00:00:00,,,
3076,2,50,7,CNT-22/23-9905028,,0.03,1.0,0.16,5.0,0.0,4926.19,2022-04-13 00:00:00,,,
3077,1,50,7,CNT-22/23-8370050,,0.12,1.0,0.67,19.0,0.02,7595.49,2022-04-12 00:00:00,,,
3078,2,50,7,CNT-22/23-8845126,,0.12,2.0,0.67,19.0,0.02,7632.81,2022-04-12 00:00:00,,,
3079,1,50,7,CNT-22/23-10091809,,0.01,0.0,0.06,0.0,0.0,1761.57,2022-04-18 00:00:00,,,
3080,2,50,7,CNT-22/23-11085329,,0.03,1.0,0.19,5.0,0.01,5343.98,2022-04-18 00:00:00,,,
3081,2,50,7,CNT-22/23-12286022,,0.05,1.0,0.29,9.0,0.01,9152.85,2022-04-19 00:00:00,,,
3082,1,50,7,CNT-22/23-12465744,,0.01,0.0,0.06,0.0,0.0,1753.87,2022-04-20 00:00:00,,,
3083,7,81,1,COMBINED/21243,,0.0,0.0,0.0,0.0,0.0,314269.25,2022-04-21 00:00:00,,,
3084,7,81,1,COMBINED/19594,,0.0,0.0,0.0,0.0,0.0,78757.34,2022-04-20 00:00:00,,,
3089,2,50,7,CNT-22/23-16384325,,0.06,1.0,0.33,9.0,0.01,9400.9,2022-04-25 00:00:00,,,
3090,7,81,1,COMBINED/27788,,0.0,0.0,0.0,0.0,0.0,1263717.1,2022-04-27 00:00:00,,,
3091,7,81,1,COMBINED/24554,,0.0,0.0,0.0,0.0,0.0,2914063.85,2022-04-25 00:00:00,,,
3092,7,81,1,COMBINED/26141,,0.0,0.0,0.0,0.0,0.0,2656018.25,2022-04-26 00:00:00,,,
3093,7,81,8,0008365,,0.0,0.0,0.0,0.0,0.0,321911.26,2022-05-06 00:00:00,,,
3094,7,81,8,0007218,,0.0,0.0,0.0,0.0,0.0,256572.01,2022-05-05 00:00:00,,,
3095,7,81,8,0006145,,0.0,0.0,0.0,0.0,0.0,96773.87,2022-05-02 00:00:00,,,
3096,7,81,8,0005447,,0.0,0.0,0.0,0.0,0.0,889217.17,2022-04-29 00:00:00,,,
3097,7,81,8,0004444,,0.0,0.0,0.0,0.0,0.0,569966.13,2022-04-28 00:00:00,,1,
3098,7,81,8,0004163,,0.0,0.0,0.0,0.0,0.0,78774.09,2022-04-27 00:00:00,,,
3099,7,81,8,0000558,,0.0,0.0,0.0,0.0,0.0,78871.59,2022-04-18 00:00:00,,,
3100,7,81,8,0001490,,0.0,0.0,0.0,0.0,0.0,78784.09,2022-04-20 00:00:00,,,
3101,7,81,8,0001877,,0.0,0.0,0.0,0.0,0.0,314586.36,2022-04-21 00:00:00,,,
3102,7,81,8,0002433,,0.0,0.0,0.0,0.0,0.0,78666.59,2022-04-22 00:00:00,,,
3103,7,81,8,0002969,,0.0,0.0,0.0,0.0,0.0,3412805.35,2022-04-25 00:00:00,,,
3104,7,81,8,0003530,,0.0,0.0,0.0,0.0,0.0,2821279.71,2022-04-26 00:00:00,,,
3105,2,50,7,CNT-22/23-20108482,,0.02,0.0,0.11,3.0,0.0,2801.13,2022-04-29 00:00:00,,,
3106,2,50,7,CNT-22/23-22166186,,0.02,1.0,0.13,5.0,0.0,4540.15,2022-05-04 00:00:00,,,
3107,2,50,7,CNT-22/23-23539099,,0.04,1.0,0.23,6.0,0.01,6432.28,2022-05-05 00:00:00,,,
3108,2,50,7,CNT-22/23-24619417,,0.03,1.0,0.17,5.0,0.0,4536.2,2022-05-06 00:00:00,,,
3109,1,50,7,CNT-22/23-21578769,,0.01,0.0,0.06,0.0,0.0,1739.07,2022-05-04 00:00:00,,,
3110,1,50,7,CNT-22/23-24162065,,0.01,0.0,0.07,0.0,0.0,1677.88,2022-05-06 00:00:00,,,
3111,40,50,7,CNT-22/23-20930598,,0.01,0.0,0.06,0.0,0.0,1741.57,2022-05-02 00:00:00,,,
3112,40,50,7,CNT-22/23-24106923,,0.03,1.0,0.18,3.0,0.01,5133.32,2022-05-06 00:00:00,,,
3113,2,50,7,CNT-22/23-25686968,,0.05,1.0,0.3,8.0,0.01,8404.86,2022-05-09 00:00:00,,,
3114,7,81,8,0009115,,0.0,0.0,0.0,0.0,0.0,159330.65,2022-05-09 00:00:00,,,
3115,1,50,7,CNT-22/23-24796400,,0.01,0.0,0.06,0.0,0.0,1665.87,2022-05-09 00:00:00,,,
3117,2,50,7,CNT-22/23-26678239,,0.01,0.0,0.07,2.0,0.0,2347.58,2022-05-10 00:00:00,,,
3118,4,50,8,0010024,,0.0,0.0,0.0,2.0,0.0,2164.14,2022-05-11 00:00:00,,,
3119,2,50,7,CNT-22/23-27743719,,0.02,0.0,0.09,2.0,0.0,2447.61,2022-05-11 00:00:00,,,
3120,4,50,8,0010837,,0.0,0.0,0.0,6.0,0.0,6117.26,2022-05-12 00:00:00,,,
3121,4,50,8,0011683,,0.0,0.0,0.0,0.0,0.0,4882.5,2022-05-13 00:00:00,,,
3123,7,81,8,0013206,,0.0,0.0,0.0,0.0,0.0,96978.87,2022-05-17 00:00:00,,,
3124,1,50,7,CNT-22/23-30342849,,0.01,0.0,0.05,0.0,0.0,1629.06,2022-05-16 00:00:00,,,
3125,40,50,7,CNT-22/23-28335739,,0.01,0.0,0.05,0.0,0.0,1634.66,2022-05-12 00:00:00,,,
3126,4,50,8,0014057,,0.0,0.0,0.0,1.0,0.0,888.79,2022-05-18 00:00:00,,,
3127,4,50,8,0014926,,0.0,0.0,0.0,44.0,0.0,43605.62,2022-05-19 00:00:00,,,
3128,4,50,1,COMBINED/50812,,0.0,0.0,0.0,40.0,0.0,40237.69,2022-05-19 00:00:00,,,
3129,4,50,8,0013206,,0.0,0.0,0.0,4.0,0.0,4387.49,2022-05-17 00:00:00,,,
3130,40,50,7,CNT-22/23-10521746,,0.01,0.0,0.06,0.0,0.0,1753.57,2022-04-18 00:00:00,,,
3131,40,50,7,CNT-22/23-15881596,,0.01,0.0,0.06,0.0,0.0,1744.17,2022-04-25 00:00:00,,,
3132,1,50,7,CNT-22/23-34263682,,0.01,0.0,0.06,0.0,0.0,1665.23,2022-05-20 00:00:00,,,
3133,4,50,8,0016683,,0.0,0.0,0.0,3.0,0.0,3016.43,2022-05-23 00:00:00,,,
3134,7,81,8,0018487,,0.0,0.0,0.0,0.0,0.0,278929.25,2022-05-24 00:00:00,,,
3135,40,50,7,CNT-22/23-36030504,,0.05,1.0,0.28,7.0,0.01,8229.84,2022-05-24 00:00:00,,,
3136,7,81,8,0016683,,0.0,0.0,0.0,0.0,0.0,97698.86,2022-05-23 00:00:00,,,
3137,4,50,8,0018616,,0.0,0.0,0.0,3.0,0.0,3379.64,2022-05-25 00:00:00,,,
3138,2,50,7,CNT-22/23-37389196,,0.07,2.0,0.41,12.0,0.01,11542.39,2022-05-25 00:00:00,,,
3139,1,50,7,CNT-22/23-37960055,,0.04,1.0,0.25,9.0,0.01,8560.3,2022-05-26 00:00:00,,,
3140,7,81,8,0018616,,0.0,0.0,0.0,0.0,0.0,83434.03,2022-05-25 00:00:00,,,
3141,7,81,8,0020732,,0.0,0.0,0.0,0.0,0.0,182257.88,2022-05-27 00:00:00,,,
3142,4,50,8,0020732,,0.0,0.0,0.0,1.0,0.0,818.64,2022-05-27 00:00:00,,,
3143,7,81,8,0022709,,0.0,0.0,0.0,0.0,0.0,55526.91,2022-05-30 00:00:00,,,
3144,1,50,7,CNT-22/23-39661892,,0.1,3.0,0.53,19.0,0.02,18574.65,2022-05-30 00:00:00,,,
3145,40,50,7,CNT-22/23-39618058,,0.02,1.0,0.12,3.0,0.0,3327.09,2022-05-30 00:00:00,,,
3146,2,50,7,CNT-22/23-38377474,,0.02,0.0,0.1,3.0,0.0,2553.17,2022-05-26 00:00:00,,,
3147,2,50,7,CNT-22/23-40022530,,0.06,1.0,0.32,9.0,0.01,8944.39,2022-05-30 00:00:00,,,
3148,1,50,7,CNT-22/23-40533088,,0.04,1.0,0.2,6.0,0.01,5557.25,2022-05-31 00:00:00,,,
3149,40,50,7,CNT-22/23-40487612,,0.04,1.0,0.22,6.0,0.01,6044.77,2022-05-31 00:00:00,,,
3150,4,50,8,0023965,,0.0,0.0,0.0,16.0,0.0,16326.98,2022-06-01 00:00:00,,,
3151,40,50,7,CNT-22/23-41371937,,0.01,0.0,0.06,0.0,0.0,1700.77,2022-06-01 00:00:00,,,
3152,1,50,7,CNT-22/23-42315207,,0.07,1.0,0.4,11.0,0.01,507.93,2022-06-02 00:00:00,,,
3153,4,50,8,0026497,,0.0,0.0,0.0,6.0,0.0,5937.25,2022-06-03 00:00:00,,,
3154,1,50,7,CNT-22/23-43190557,,0.01,0.0,0.06,0.0,0.0,1718.07,2022-06-03 00:00:00,,,
3155,7,81,8,0028974,,0.0,0.0,0.0,0.0,0.0,84289.02,2022-06-06 00:00:00,,,
3156,40,50,7,CNT-22/23-43974041,,0.01,0.0,0.06,0.0,0.0,1701.57,2022-06-06 00:00:00,,,
3157,1,50,7,CNT-22/23-44015826,,0.06,1.0,0.31,0.0,0.01,297.46,2022-06-06 00:00:00,,,
3158,2,50,7,CNT-22/23-48516066,,0.03,1.0,0.15,4.0,0.0,4055.33,2022-06-10 00:00:00,,,
3159,1,50,7,CNT-22/23-46499685,,0.08,2.0,0.44,16.0,0.02,15836.54,2022-06-08 00:00:00,,,
3160,1,50,7,CNT-22/23-47359916,,0.01,0.0,0.06,0.0,0.0,1682.97,2022-06-09 00:00:00,,,
3161,1,50,7,CNT-22/23-48185864,,0.03,1.0,0.16,4.0,0.0,4367.49,2022-06-10 00:00:00,,,
3162,40,50,7,CNT-22/23-48145487,,0.04,1.0,0.19,5.0,0.01,5364.99,2022-06-10 00:00:00,,,
3163,4,50,8,0034971,,0.0,0.0,0.0,4.0,0.0,3560.05,2022-06-13 00:00:00,,,
3164,40,50,7,CNT-22/23-49036872,,0.02,1.0,0.11,2.0,0.0,3356.08,2022-06-13 00:00:00,,,
3165,1,50,7,CNT-22/23-49088736,,0.01,0.0,0.04,1.0,0.0,898.05,2022-06-13 00:00:00,,,
3166,4,50,8,0036577,,0.0,0.0,0.0,14.0,0.0,13626.56,2022-06-14 00:00:00,,,
3167,7,81,8,0036577,,0.0,0.0,0.0,0.0,0.0,6506.83,2022-06-14 00:00:00,,,
3168,4,50,8,0038055,,0.0,0.0,0.0,1.0,0.0,698.87,2022-06-15 00:00:00,,,
3169,2,50,7,CNT-22/23-51878864,,0.4,0.0,2.22,66.0,0.07,65536.11,2022-06-16 00:00:00,,,
3170,40,50,7,CNT-22/23-51701702,,0.07,0.0,0.4,11.0,0.01,11404.52,2022-06-16 00:00:00,,,
3171,1,50,7,CNT-22/23-51315976,,0.36,0.0,2.0,56.0,0.06,54625.68,2022-06-16 00:00:00,,,
3172,7,81,8,0039572,,0.0,0.0,0.0,0.0,0.0,164038.1,2022-06-16 00:00:00,,,
3173,4,50,8,0039572,,0.0,0.0,0.0,46.0,0.0,46252.72,2022-06-16 00:00:00,,,
3174,7,81,8,0042781,,0.0,0.0,0.0,0.0,0.0,359340.83,2022-06-17 00:00:00,,,
3175,40,50,7,CNT-22/23-52667801,,0.06,1.0,0.33,9.0,0.01,9328.4,2022-06-17 00:00:00,,,
3176,4,50,8,0042913,,0.0,0.0,0.0,5.0,0.0,4904.9,2022-06-20 00:00:00,,,
3177,40,50,7,CNT-22/23-53537880,,0.15,0.0,0.82,9.0,0.02,20755.45,2022-06-20 00:00:00,,,
3178,2,50,7,CNT-22/23-53956205,,5.0,0.0,27.8,17.0,0.87,874865.43,2022-06-20 00:00:00,,,
3179,1,40,1,COMBINED/82858,,1.72,0.0,0.53,0.0,0.02,15276.73,2022-06-20 00:00:00,,,
3180,1,50,7,CNT-22/23-53345303,,1.72,0.0,9.56,6.0,0.28,274071.14,2022-06-20 00:00:00,,,
3181,4,40,8,0048122,,0.0,0.0,0.0,0.0,0.0,169162.7,2022-06-23 00:00:00,,,
3182,7,81,8,0048122,,0.0,0.0,0.0,0.0,0.0,166938.05,2022-06-23 00:00:00,,,
3183,7,81,8,0050154,,0.0,0.0,0.0,0.0,0.0,193062.75,2022-06-24 00:00:00,,,
3184,4,40,8,0050154,,0.0,0.0,0.0,0.0,0.0,88346.31,2022-06-24 00:00:00,,,
3185,40,50,7,CNT-22/23-58659228,,0.01,0.0,0.06,0.0,0.0,1617.67,2022-06-24 00:00:00,,,
3186,7,81,8,0054133,,0.0,0.0,0.0,0.0,0.0,333926.12,2022-06-27 00:00:00,,,
3187,7,81,8,0056462,,0.0,0.0,0.0,0.0,0.0,362003.3,2022-06-28 00:00:00,,,
3188,7,81,8,0010837,,0.0,0.0,0.0,0.0,0.0,79564.08,2022-05-12 00:00:00,,,
3189,2,40,7,CNT-22/23-60161111,,0.01,0.0,0.06,0.0,-0.01,1174.94,2022-06-28 00:00:00,,,
3190,4,50,8,0056585,,0.0,0.0,0.0,5.0,0.0,4541.44,2022-06-29 00:00:00,,,
3191,2,40,7,CNT-22/23-60904723,,3.55,0.0,19.72,0.0,0.55,570870.18,2022-06-29 00:00:00,,,
3192,1,50,7,CNT-22/23-60591960,,7.29,0.0,40.54,6.0,-1.83,1168922.54,2022-06-29 00:00:00,,,
3193,7,81,8,0059554,,0.0,0.0,0.0,0.0,0.0,996368.41,2022-06-30 00:00:00,,,
3194,7,81,8,0063929,,0.0,0.0,0.0,0.0,0.0,166738.05,2022-07-01 00:00:00,,,
3195,40,50,7,CNT-22/23-62140222,,0.01,0.0,0.06,0.0,0.0,1615.97,2022-07-01 00:00:00,,,
3196,7,81,8,0064082,,0.0,0.0,0.0,0.0,0.0,1158556.53,2022-07-04 00:00:00,,,
3197,4,50,8,0064082,,0.0,0.0,0.0,2.0,0.0,2212.59,2022-07-04 00:00:00,,,
3198,1,50,7,CNT-22/23-62922137,,0.0,0.0,0.0,0.0,0.0,412.1,2022-07-04 00:00:00,,,
3200,7,81,8,0066767,,0.0,0.0,0.0,0.0,0.0,822527.94,2022-07-05 00:00:00,,,
3201,4,50,8,0066767,,0.0,0.0,0.0,3.0,0.0,2978.88,2022-07-05 00:00:00,,,
3203,7,81,8,0072223,,0.0,0.0,0.0,0.0,0.0,322956.25,2022-07-06 00:00:00,,,
3204,40,50,7,CNT-22/23-64465053,,0.0,0.0,0.0,0.0,0.0,1643.9,2022-07-06 00:00:00,,,
3205,7,81,8,0075158,,0.0,0.0,0.0,0.0,0.0,1846643.53,2022-07-07 00:00:00,,,
3206,7,81,8,0077849,,0.0,0.0,0.0,0.0,0.0,1286522.55,2022-07-08 00:00:00,,,
3207,7,81,8,0080838,,0.0,0.0,0.0,0.0,0.0,954913.92,2022-07-11 00:00:00,,,
3209,7,81,8,0083859,,0.0,0.0,0.0,0.0,0.0,474943.0,2022-07-12 00:00:00,,,
3211,7,81,8,0087038,,0.0,0.0,0.0,0.0,0.0,477456.94,2022-07-13 00:00:00,,,
3212,7,81,8,0090467,,0.0,0.0,0.0,0.0,0.0,475630.54,2022-07-14 00:00:00,,,
3214,7,81,8,0096885,,0.0,0.0,0.0,0.0,0.0,1699304.95,2022-07-18 00:00:00,,,
3216,1,50,7,CNT-22/23-66963843,,0.0,0.0,0.0,0.0,0.0,1662.0,2022-07-11 00:00:00,,,
3218,1,50,7,CNT-22/23-71044770,,0.0,0.0,0.0,0.0,0.0,1675.7,2022-07-18 00:00:00,,,
3219,40,50,7,CNT-22/23-67748214,,0.0,0.0,0.0,0.0,0.0,1663.59,2022-07-12 00:00:00,,,
3221,40,50,7,CNT-22/23-71003439,,0.0,0.0,0.0,0.0,0.0,1673.3,2022-07-18 00:00:00,,,
3222,7,81,8,0104418,,0.0,0.0,0.0,0.0,0.0,482594.32,2022-07-20 00:00:00,,,
3224,1,50,7,CNT-22/23-72712333,,0.0,0.0,0.0,0.0,0.0,1699.1,2022-07-20 00:00:00,,,
3225,7,81,8,0105539,,0.0,0.0,0.0,0.0,0.0,480668.17,2022-07-21 00:00:00,,,
3228,40,50,7,CNT-22/23-75248103,,0.0,0.0,0.0,0.0,0.0,1710.9,2022-07-25 00:00:00,,,
3229,7,81,8,0112361,,0.0,0.0,0.0,0.0,0.0,814690.4,2022-07-22 00:00:00,,,
3230,7,81,8,0120660,,0.0,0.0,0.0,0.0,0.0,45392.45,2022-07-26 00:00:00,,1,
3231,7,81,8,0124985,,0.0,0.0,0.0,0.0,0.0,497969.44,2022-07-27 00:00:00,,,
3232,7,81,8,0100531,,0.0,0.0,0.0,0.0,0.0,331706.57,2022-07-19 00:00:00,,1,
3234,7,81,8,0134082,,0.0,0.0,0.0,0.0,0.0,409407.67,2022-07-29 00:00:00,,,
3237,7,81,8,0143959,,0.0,0.0,0.0,0.0,0.0,4979.74,2022-08-02 00:00:00,,,
3238,40,50,7,CNT-22/23-79755214,,0.0,0.0,0.0,0.0,0.0,1780.0,2022-08-01 00:00:00,,,
3242,7,81,8,0149097,,0.0,0.0,0.0,0.0,0.0,981648.42,2022-08-03 00:00:00,,,
3243,4,50,8,0149963,,0.0,0.0,0.0,25.0,0.0,24580.03,2022-08-04 00:00:00,,,
3244,40,50,7,CNT-22/23-82732855,,0.01,0.0,0.07,2.0,0.0,2154.58,2022-08-04 00:00:00,,,
3245,4,50,8,0155602,,0.0,0.0,0.0,7.0,0.0,7170.05,2022-08-05 00:00:00,,,
3246,1,50,7,CNT-22/23-83749634,,0.03,1.0,0.17,5.0,0.01,4726.01,2022-08-05 00:00:00,,,
3247,40,50,7,CNT-22/23-83703925,,0.03,1.0,0.15,5.0,0.01,5244.19,2022-08-05 00:00:00,,,
3248,2,50,7,CNT-22/23-84123091,,0.03,1.0,0.14,5.0,0.0,4589.42,2022-08-05 00:00:00,,,
3249,40,50,7,CNT-22/23-84606899,,0.14,3.0,0.78,21.0,0.02,22570.89,2022-08-08 00:00:00,,,
3250,4,50,8,0160613,,0.0,0.0,0.0,14.0,0.0,14026.14,2022-08-08 00:00:00,,,
3251,1,50,7,CNT-22/23-84654480,,0.17,5.0,0.89,32.0,0.03,32024.09,2022-08-08 00:00:00,,,
3252,40,50,7,CNT-22/23-85542905,,0.06,1.0,0.3,8.0,0.01,8408.92,2022-08-10 00:00:00,,,
3253,4,50,8,0166022,,0.0,0.0,0.0,7.0,0.0,6922.54,2022-08-10 00:00:00,,,
3254,7,81,8,0166022,,0.0,0.0,0.0,0.0,0.0,411032.65,2022-08-10 00:00:00,,,
3255,40,50,7,CNT-22/23-86504745,,0.08,2.0,0.43,12.0,0.01,12198.02,2022-08-11 00:00:00,,,
3256,40,50,7,CNT-22/23-87435430,,0.06,1.0,0.31,7.0,0.01,9283.78,2022-08-12 00:00:00,,,
3257,2,50,7,CNT-22/23-89795207,,0.79,5.0,4.22,147.0,0.14,82873.35,2022-08-17 00:00:00,,,
3258,40,50,7,CNT-22/23-89318381,,0.06,1.0,0.34,9.0,0.01,9473.91,2022-08-17 00:00:00,,,
3259,7,81,8,0176468,,0.0,0.0,0.0,0.0,0.0,166253.64,2022-08-11 00:00:00,,1,
3260,7,81,8,0193606,,0.0,0.0,0.0,0.0,0.0,412333.96,2022-08-17 00:00:00,,,
3261,7,81,8,0200118,,0.0,0.0,0.0,0.0,0.0,687463.87,2022-08-18 00:00:00,,,
3262,40,50,7,CNT-22/23-90347761,,0.02,0.0,0.09,0.0,-0.01,2768.95,2022-08-18 00:00:00,,,
3263,2,50,7,CNT-22/23-90846019,,0.02,0.0,0.11,3.0,0.0,2841.28,2022-08-18 00:00:00,,,
3264,7,81,8,0206386,,0.0,0.0,0.0,0.0,0.0,252298.9,2022-08-19 00:00:00,,1,
3265,2,50,7,CNT-22/23-91849562,,0.05,1.0,0.29,9.0,0.02,9120.31,2022-08-19 00:00:00,,,
3266,7,81,8,0207830,,0.0,0.0,0.0,0.0,0.0,13519.84,2022-08-22 00:00:00,,,
3267,4,50,8,0207830,,0.0,0.0,0.0,12.0,0.0,11817.5,2022-08-22 00:00:00,,,
3268,2,50,7,CNT-22/23-92856523,,0.01,0.0,0.05,1.0,0.0,1221.21,2022-08-22 00:00:00,,,
3269,40,50,7,CNT-22/23-92380501,,0.03,1.0,0.19,5.0,0.01,5184.23,2022-08-22 00:00:00,,,
3270,40,50,7,CNT-22/23-94303479,,0.02,0.0,0.08,0.0,0.0,2727.1,2022-08-24 00:00:00,,,
3271,7,81,8,0214152,,0.0,0.0,0.0,0.0,0.0,397703.39,2022-08-23 00:00:00,,,
3272,7,81,8,0224400,,0.0,0.0,0.0,0.0,0.0,2553.05,2022-08-24 00:00:00,,,
3273,2,50,7,CNT-22/23-93815358,,0.03,1.0,0.17,5.0,0.0,4521.2,2022-08-23 00:00:00,,,
3274,7,81,8,0228201,,0.0,0.0,0.0,0.0,0.0,2940.5,2022-08-25 00:00:00,,,
3275,7,81,8,0239858,,0.0,0.0,0.0,0.0,0.0,806965.47,2022-08-26 00:00:00,,,
3277,40,50,7,CNT-22/23-99269229,,0.04,1.0,0.19,3.0,0.0,5865.93,2022-09-01 00:00:00,,,
3278,7,81,8,0261628,,0.0,0.0,0.0,0.0,0.0,401720.26,2022-09-01 00:00:00,,,
3279,7,81,8,0242192,,0.0,0.0,0.0,0.0,0.0,968521.76,2022-08-29 00:00:00,,1,
3280,40,50,7,CNT-22/23-101351598,,0.13,3.0,0.69,20.0,0.02,19711.49,2022-09-05 00:00:00,,,
3281,7,81,8,0266909,,0.0,0.0,0.0,0.0,0.0,398554.71,2022-09-02 00:00:00,,,
3282,41,81,8,0276442,,0.0,0.0,0.0,0.0,0.0,239847.16,2022-09-05 00:00:00,,,
3283,41,81,8,0284267,,0.0,0.0,0.0,0.0,0.0,240504.66,2022-09-06 00:00:00,,,
3284,2,50,7,CNT-22/23-99804086,,0.01,0.0,0.06,1.0,0.0,1457.67,2022-09-01 00:00:00,,,
3285,2,50,7,CNT-22/23-102895199,,0.1,3.0,0.53,19.0,0.02,18891.4,2022-09-06 00:00:00,,,
3286,40,50,7,CNT-22/23-102390694,,0.02,0.0,0.09,0.0,-0.01,2740.75,2022-09-06 00:00:00,,,
3287,7,81,8,0286178,,0.0,0.0,0.0,0.0,0.0,322749.97,2022-09-07 00:00:00,,,
3288,4,50,8,0286178,,0.0,0.0,0.0,7.0,0.0,7149.0,2022-09-07 00:00:00,,,
3289,7,81,8,0294168,,0.0,0.0,0.0,0.0,0.0,415170.57,2022-09-08 00:00:00,,,
3290,41,81,8,0294934,,0.0,0.0,0.0,0.0,0.0,401070.27,2022-09-08 00:00:00,,,
3291,4,50,8,0294168,,0.0,0.0,0.0,9.0,0.0,9410.39,2022-09-08 00:00:00,,,
3292,7,81,8,0308695,,0.0,0.0,0.0,0.0,0.0,4027.13,2022-09-09 00:00:00,,,
3293,2,50,7,CNT-22/23-105032410,,0.05,1.0,0.26,9.0,0.0,9023.06,2022-09-08 00:00:00,,,
3294,40,50,7,CNT-22/23-106560881,,0.02,0.0,0.09,0.0,0.0,2777.21,2022-09-12 00:00:00,,,
3295,7,81,8,0315524,,0.0,0.0,0.0,0.0,0.0,465632.0,2022-09-12 00:00:00,,,
3296,7,81,8,0325377,,0.0,0.0,0.0,0.0,0.0,780185.36,2022-09-13 00:00:00,,1,
3297,2,50,7,CNT-22/23-108094094,,0.12,3.0,0.66,23.0,0.02,22980.15,2022-09-13 00:00:00,,,
3298,40,50,7,CNT-22/23-107595069,,0.18,4.0,0.95,27.0,0.03,27396.16,2022-09-13 00:00:00,,,
3299,7,81,8,0334458,,0.0,0.0,0.0,0.0,0.0,1155861.9,2022-09-14 00:00:00,,,
3300,7,81,8,0336702,,0.0,0.0,0.0,0.0,0.0,403185.86,2022-09-15 00:00:00,,,
3301,4,50,8,0336702,,0.0,0.0,0.0,4.0,0.0,3675.5,2022-09-15 00:00:00,,,
3302,40,50,7,CNT-22/23-110275935,,0.03,1.0,0.15,4.0,0.0,3983.98,2022-09-15 00:00:00,,,
3303,2,50,7,CNT-22/23-110447562,,0.05,1.0,0.28,10.0,0.01,9788.84,2022-09-15 00:00:00,,,
3304,40,50,7,CNT-22/23-111077673,,0.07,1.0,0.35,10.0,0.01,9925.43,2022-09-16 00:00:00,,,
3305,7,81,8,0346415,,0.0,0.0,0.0,0.0,0.0,858185.12,2022-09-16 00:00:00,,,
3306,4,50,8,0346415,,0.0,0.0,0.0,11.0,0.0,10564.98,2022-09-16 00:00:00,,1,
3307,7,81,8,0354663,,0.0,0.0,0.0,0.0,0.0,1203373.31,2022-09-19 00:00:00,,,
3308,4,50,8,0354663,,0.0,0.0,0.0,3.0,0.0,3372.09,2022-09-19 00:00:00,,,
3309,40,50,7,CNT-22/23-112194346,,0.06,1.0,0.3,6.0,0.01,9026.27,2022-09-19 00:00:00,,,
3310,4,50,8,0362971,,0.0,0.0,0.0,17.0,0.0,17345.72,2022-09-20 00:00:00,,,
3311,40,50,7,CNT-22/23-113203221,,0.05,1.0,0.25,9.0,0.0,8710.3,2022-09-20 00:00:00,,,
3312,41,81,8,0379570,,0.0,0.0,0.0,0.0,0.0,399657.78,2022-09-21 00:00:00,,,
3313,7,81,8,0379587,,0.0,0.0,0.0,0.0,0.0,2955223.09,2022-09-21 00:00:00,,,
3314,40,50,7,CNT-22/23-114201383,,0.05,1.0,0.25,7.0,0.0,6924.05,2022-09-21 00:00:00,,,
3315,11,81,1,COMBINED/181278,,0.0,0.0,0.0,0.0,0.0,183139.95,2022-09-21 00:00:00,,,
3316,7,81,8,0382643,,0.0,0.0,0.0,0.0,0.0,670568.44,2022-09-22 00:00:00,,,
3317,7,81,8,0393454,,0.0,0.0,0.0,0.0,0.0,661332.81,2022-09-23 00:00:00,,,
3318,4,50,8,0401848,,0.0,0.0,0.0,20.0,0.0,19911.34,2022-09-26 00:00:00,,,
3319,7,81,8,0401848,,0.0,0.0,0.0,0.0,0.0,103517.53,2022-09-26 00:00:00,,1,
3320,2,50,7,CNT-22/23-117942964,,0.07,2.0,0.37,10.0,0.01,10486.45,2022-09-26 00:00:00,,,
3321,40,50,7,CNT-22/23-117389099,,0.11,3.0,0.6,19.0,0.02,21487.43,2022-09-26 00:00:00,,,
3323,1,50,7,CNT-22/23-81787396,,0.01,0.0,0.06,0.0,0.0,1776.87,2022-09-27 00:00:00,,,
3324,7,81,8,0420311,,0.0,0.0,0.0,0.0,0.0,3416.0,2022-09-27 00:00:00,,,
3325,7,81,8,0430908,,0.0,0.0,0.0,0.0,0.0,2428.24,2022-09-28 00:00:00,,,
3326,11,81,1,COMBINED/189261,,0.0,0.0,0.0,0.0,0.0,237615.48,2022-09-28 00:00:00,,,
3327,41,81,8,0433962,,0.0,0.0,0.0,0.0,0.0,961308.65,2022-09-29 00:00:00,,,
3328,7,81,8,0433988,,0.0,0.0,0.0,0.0,0.0,4899480.31,2022-09-29 00:00:00,,,
3329,11,81,1,COMBINED/190814,,0.0,0.0,0.0,0.0,0.0,3661478.43,2022-09-29 00:00:00,,,
3331,42,81,1,COMBINED/192577,,0.0,0.0,0.0,0.0,0.0,1822349.76,2022-09-30 00:00:00,,,
3332,35,50,1,COMBINED/192577,,0.0,0.0,0.0,11.0,0.0,10786.57,2022-09-30 00:00:00,,,
3333,11,81,1,COMBINED/192372,,0.0,0.0,0.0,0.0,0.0,807001.41,2022-09-30 00:00:00,,,
3334,35,50,1,COMBINED/191037,,0.0,0.0,0.0,15.0,0.0,14536.74,2022-09-29 00:00:00,,,
3335,7,81,8,0452715,,0.0,0.0,0.0,0.0,0.0,2158589.31,2022-09-30 00:00:00,,1,
3336,11,81,1,COMBINED/193779,,0.0,0.0,0.0,0.0,0.0,462062.33,2022-10-03 00:00:00,,,
3337,40,50,7,CNT-22/23-122227959,,0.02,0.0,0.08,0.0,0.0,2641.3,2022-10-03 00:00:00,,,
3338,40,50,7,CNT-22/23-124052342,,0.05,1.0,0.25,5.0,0.0,7367.9,2022-10-06 00:00:00,,,
3339,42,81,1,COMBINED/195482,,0.0,0.0,0.0,0.0,0.0,371569.54,2022-10-04 00:00:00,,1,
3340,2,50,7,CNT-22/23-125323670,,0.45,2.0,2.44,10.0,0.07,50048.49,2022-10-07 00:00:00,,,
3341,2,40,7,CNT-22/23-126173727,,0.31,0.0,1.68,0.0,0.05,48501.94,2022-10-10 00:00:00,,,
3342,7,81,8,0512402,,0.0,0.0,0.0,0.0,0.0,814530.64,2022-10-10 00:00:00,,1,
3343,35,40,1,COMBINED/198519,,0.0,0.0,0.0,0.0,0.0,117884.44,2022-10-07 00:00:00,,,
3344,35,50,1,COMBINED/199932,,0.0,0.0,0.0,0.0,0.0,14233.83,2022-10-10 00:00:00,,,
3345,7,81,8,0514011,,0.0,0.0,0.0,0.0,0.0,8885.11,2022-10-11 00:00:00,,,
3346,4,50,8,0514011,,0.0,0.0,0.0,17.0,0.0,16695.7,2022-10-11 00:00:00,,,
3347,42,81,1,COMBINED/201419,,0.0,0.0,0.0,0.0,0.0,466635.78,2022-10-11 00:00:00,,,
3348,35,50,1,COMBINED/201419,,0.0,0.0,0.0,21.0,0.0,21406.13,2022-10-11 00:00:00,,,
3349,42,81,1,COMBINED/205687,,0.0,0.0,0.0,0.0,0.0,281932.34,2022-10-14 00:00:00,,,
3350,11,81,1,COMBINED/210023,,0.0,0.0,0.0,0.0,0.0,658314.6,2022-10-19 00:00:00,,,
3351,11,81,1,COMBINED/213010,,0.0,0.0,0.0,0.0,0.0,647851.24,2022-10-21 00:00:00,,,
3352,11,81,1,COMBINED/217199,,0.0,0.0,0.0,0.0,0.0,5928.5,2022-10-27 00:00:00,,1,
3353,11,81,1,COMBINED/218709,,0.0,0.0,0.0,0.0,0.0,413175.57,2022-10-28 00:00:00,,,
3354,41,81,8,0670828,,0.0,0.0,0.0,0.0,0.0,1326502.37,2022-10-27 00:00:00,,,
3355,40,50,7,CNT-22/23-137027690,,0.11,2.0,0.57,16.0,0.01,16257.89,2022-10-28 00:00:00,,,
3356,7,81,8,0671718,,0.0,0.0,0.0,0.0,0.0,877385.92,2022-10-27 00:00:00,,,
3357,2,50,7,CNT-22/23-137414953,,0.02,0.0,0.08,2.0,0.0,2124.5,2022-10-28 00:00:00,,,
3358,7,81,8,0611808,,0.0,0.0,0.0,0.0,0.0,1632646.26,2022-10-20 00:00:00,,,
3359,11,81,1,COMBINED/199901,,0.0,0.0,0.0,0.0,0.0,823248.65,2022-10-10 00:00:00,,,
3360,42,81,1,COMBINED/217232,,0.0,0.0,0.0,0.0,0.0,2276.14,2022-10-27 00:00:00,,,
3361,4,50,8,0714560,,0.0,0.0,0.0,34.0,0.0,34265.43,2022-11-01 00:00:00,,,
3362,40,50,7,CNT-22/23-138778634,,0.06,2.0,0.33,9.0,0.02,11821.51,2022-11-01 00:00:00,,,
3363,4,40,1,COMBINED/221645,,0.0,0.0,0.0,0.0,0.0,20885.22,2022-11-01 00:00:00,,,
3364,2,40,1,COMBINED/223142,,2.0,0.0,2.04,0.0,0.06,58994.5,2022-11-02 00:00:00,,,
3365,7,81,8,0746986,,0.0,0.0,0.0,0.0,0.0,846708.49,2022-11-03 00:00:00,,,
3366,7,81,8,0778555,,0.0,0.0,0.0,0.0,0.0,472294.42,2022-11-07 00:00:00,,,
3367,40,50,7,CNT-22/23-142456462,,0.02,0.0,0.09,0.0,0.0,2807.51,2022-11-07 00:00:00,,,
3368,40,50,7,CNT-22/23-144469236,,0.03,1.0,0.14,5.0,0.0,4721.67,2022-11-10 00:00:00,,,
3369,40,50,7,CNT-22/23-146448604,,0.02,0.0,0.09,0.0,0.0,2837.81,2022-11-14 00:00:00,,,
3370,42,81,1,COMBINED/235917,,0.0,0.0,0.0,0.0,0.0,831157.23,2022-11-15 00:00:00,,,
3371,35,50,1,COMBINED/235917,,0.0,0.0,0.0,4.0,0.0,3850.67,2022-11-15 00:00:00,,,
3372,42,81,1,COMBINED/239213,,0.0,0.0,0.0,0.0,0.0,194364.79,2022-11-17 00:00:00,,,
3373,42,81,1,COMBINED/202830,,0.0,0.0,0.0,0.0,0.0,171733.84,2022-10-12 00:00:00,,,
3374,11,81,1,COMBINED/245215,,0.0,0.0,0.0,0.0,0.0,3350.7,2022-11-23 00:00:00,,,
3375,11,81,1,COMBINED/223319,,0.0,0.0,0.0,0.0,0.0,1776.18,2022-11-02 00:00:00,,,
3376,11,81,1,COMBINED/224819,,0.0,0.0,0.0,0.0,0.0,408574.36,2022-11-03 00:00:00,,,
3377,11,81,1,COMBINED/227977,,0.0,0.0,0.0,0.0,0.0,411263.09,2022-11-07 00:00:00,,,
3378,11,81,1,COMBINED/202802,,0.0,0.0,0.0,0.0,0.0,182857.42,2022-10-12 00:00:00,,1,
3379,11,81,1,COMBINED/205656,,0.0,0.0,0.0,0.0,0.0,469649.74,2022-10-14 00:00:00,,,
3380,11,81,1,COMBINED/248494,,0.0,0.0,0.0,0.0,0.0,418028.54,2022-11-25 00:00:00,,1,
3381,42,81,1,COMBINED/246854,,0.0,0.0,0.0,0.0,0.0,1021.74,2022-11-24 00:00:00,,,
3382,42,81,1,COMBINED/248525,,0.0,0.0,0.0,0.0,0.0,431588.99,2022-11-25 00:00:00,,,
3383,7,81,8,1000987,,0.0,0.0,0.0,0.0,0.0,38799.22,2022-11-25 00:00:00,,,
3384,41,81,8,1016681,,0.0,0.0,0.0,0.0,0.0,3054.98,2022-11-28 00:00:00,,,
3385,1,50,7,CNT-22/23-155714297,,0.04,1.0,0.23,8.0,0.01,8101.78,2022-11-28 00:00:00,,,
3386,40,50,7,CNT-22/23-150308679,,0.05,1.0,0.25,5.0,0.0,8090.05,2022-11-18 00:00:00,,,
3387,40,50,7,CNT-22/23-153844636,,0.02,0.0,0.09,0.0,0.0,2844.11,2022-11-24 00:00:00,,,
3388,11,81,1,COMBINED/250115,,0.0,0.0,0.0,0.0,0.0,84687.59,2022-11-28 00:00:00,,,
3389,2,50,7,CNT-22/23-149841514,,0.03,1.0,0.15,4.0,0.0,4031.03,2022-11-17 00:00:00,,,
3390,2,50,7,CNT-22/23-157018212,,0.4,12.0,2.12,77.0,0.07,76841.59,2022-11-29 00:00:00,,,
3391,1,50,7,CNT-22/23-156632127,,0.13,4.0,0.68,24.0,0.02,24313.83,2022-11-29 00:00:00,,,
3392,1,50,7,CNT-22/23-157551661,,0.54,16.0,2.89,105.0,0.11,104928.14,2022-11-30 00:00:00,,,
3393,40,50,7,CNT-22/23-157504070,,0.21,6.0,1.1,40.0,0.04,39831.1,2022-11-30 00:00:00,,,
3394,1,50,7,CNT-22/23-158538373,,0.28,8.0,1.5,54.0,0.05,54153.03,2022-12-01 00:00:00,,,
3395,40,50,7,CNT-22/23-158484579,,0.06,2.0,0.35,12.0,0.01,12228.17,2022-12-01 00:00:00,,,
3396,35,50,1,COMBINED/255028,,0.0,0.0,0.0,36.0,0.0,35703.11,2022-12-01 00:00:00,,,
3397,40,50,7,CNT-22/23-159464915,,0.09,2.0,0.46,16.0,0.01,16308.56,2022-12-02 00:00:00,,,
3398,7,81,8,1091393,,0.0,0.0,0.0,0.0,0.0,925976.58,2022-12-02 00:00:00,,,
3399,1,50,7,CNT-22/23-160449663,,0.29,9.0,1.57,57.0,0.06,56827.92,2022-12-05 00:00:00,,,
3400,2,50,7,CNT-22/23-160857993,,0.06,2.0,0.33,12.0,0.01,11541.9,2022-12-05 00:00:00,,,
3401,40,50,7,CNT-22/23-161351119,,0.03,1.0,0.16,2.0,0.01,4802.2,2022-12-06 00:00:00,,,
3402,1,50,7,CNT-22/23-162326893,,0.35,8.0,1.9,51.0,0.05,50804.55,2022-12-07 00:00:00,,,
3403,2,50,7,CNT-22/23-162716611,,0.07,2.0,0.4,14.0,0.02,14225.24,2022-12-07 00:00:00,,,
3404,1,50,7,CNT-22/23-163275777,,0.25,7.0,1.36,49.0,0.06,49252.67,2022-12-08 00:00:00,,,
3405,2,50,7,CNT-22/23-163685804,,0.34,10.0,1.81,66.0,0.06,65570.71,2022-12-08 00:00:00,,,
3406,40,50,7,CNT-22/23-164200656,,0.17,3.0,0.92,26.0,0.03,20070.22,2022-12-09 00:00:00,,,
3408,1,50,7,CNT-22/23-164250942,,0.92,22.0,4.96,145.0,0.14,144893.02,2022-12-09 00:00:00,,,
3410,1,50,7,CNT-22/23-165202026,,0.11,3.0,0.6,17.0,0.02,17142.48,2022-12-12 00:00:00,,,
3411,2,50,7,CNT-22/23-165591861,,0.07,2.0,0.36,10.0,0.01,10321.19,2022-12-12 00:00:00,,,
3412,40,50,7,CNT-22/23-165154215,,0.02,0.0,0.09,0.0,0.0,2875.61,2022-12-12 00:00:00,,,
3413,3,50,-1,,,0.0,0.0,0.0,0.0,0.0,1000.0,2001-12-10 00:00:00,,0,
3414,7,81,8,1204601,,0.0,0.0,0.0,0.0,0.0,475.67,2022-12-12 00:00:00,,,
3416,41,81,8,1222154,,0.0,0.0,0.0,0.0,0.0,700.88,2022-12-13 00:00:00,,,
3417,1,50,7,CNT-22/23-168133114,,1.31,5.0,7.06,211.0,0.21,147425.42,2022-12-15 00:00:00,,,
3418,2,50,7,CNT-22/23-169574443,,0.14,0.0,0.77,28.0,0.03,27704.66,2022-12-16 00:00:00,,,
3420,11,81,1,COMBINED/280358,,0.0,0.0,0.0,0.0,0.0,3127.54,2022-12-23 00:00:00,,,
3421,11,81,1,COMBINED/281811,,0.0,0.0,0.0,0.0,0.0,11941.76,2022-12-26 00:00:00,,,
3423,41,81,8,1425068,,0.0,0.0,0.0,0.0,0.0,2605.68,2022-12-27 00:00:00,,,
3424,40,50,7,CNT-22/23-175225503,,0.04,1.0,0.24,6.0,0.01,8385.04,2022-12-26 00:00:00,,,
3426,1,50,7,CNT-22/23-172050730,,0.04,1.0,0.21,7.0,0.0,7194.1,2022-12-21 00:00:00,,,
3427,1,50,7,CNT-22/23-173141783,,0.5,13.0,2.7,88.0,0.09,88364.54,2022-12-22 00:00:00,,,
3428,1,50,7,CNT-22/23-179651628,,0.06,2.0,0.3,11.0,0.01,10565.87,2023-01-02 00:00:00,,,
3429,7,81,8,1386665,,0.0,0.0,0.0,0.0,0.0,1037.18,2022-12-23 00:00:00,,,
3430,7,81,8,1406339,,0.0,0.0,0.0,0.0,0.0,33648.21,2022-12-26 00:00:00,,,
3431,2,50,7,CNT-22/23-170506862,,0.16,5.0,0.88,32.0,0.04,31751.08,2022-12-19 00:00:00,,,
3432,2,50,7,CNT-22/23-174718971,,0.26,7.0,1.41,48.0,0.05,47593.27,2022-12-23 00:00:00,,,
3433,2,40,7,CNT-22/23-180947324,,0.17,0.0,0.9,0.0,0.03,25906.1,2023-01-03 00:00:00,,,
3434,35,50,1,COMBINED/280387,,0.0,0.0,0.0,16.0,0.0,15679.29,2022-12-23 00:00:00,,,
3435,2,50,7,CNT-22/23-183838684,,0.13,3.0,0.7,12.0,0.02,22126.0,2023-01-06 00:00:00,,,
3436,11,81,1,COMBINED/294696,,0.0,0.0,0.0,0.0,0.0,14900.45,2023-01-06 00:00:00,,,
3437,2,40,7,CNT-22/23-191710161,,0.34,0.0,1.82,0.0,0.06,52602.22,2023-01-19 00:00:00,,,
3438,40,50,7,CNT-22/23-186920156,,0.02,0.0,0.09,0.0,-0.01,2771.2,2023-01-12 00:00:00,,,
3439,40,50,7,CNT-22/23-190380747,,0.02,0.0,0.09,0.0,0.0,2817.71,2023-01-18 00:00:00,,,
3440,7,81,8,1834549,,0.0,0.0,0.0,0.0,0.0,1967674.87,2023-01-23 00:00:00,,,
3441,7,81,8,1880467,,0.0,0.0,0.0,0.0,0.0,2656756.77,2023-01-25 00:00:00,,1,
3442,42,81,1,COMBINED/309739,,0.0,0.0,0.0,0.0,0.0,9449.57,2023-01-23 00:00:00,,1,
3443,42,81,1,COMBINED/312531,,0.0,0.0,0.0,0.0,0.0,5997.25,2023-01-25 00:00:00,,,
3444,7,81,8,1593094,,0.0,0.0,0.0,0.0,0.0,9199.0,2023-01-06 00:00:00,,,
3446,11,81,1,COMBINED/309708,,0.0,0.0,0.0,0.0,0.0,2222.18,2023-01-23 00:00:00,,,
3447,41,81,8,1879421,,0.0,0.0,0.0,0.0,0.0,2513.8,2023-01-25 00:00:00,,,
3448,11,81,1,COMBINED/333665,,0.0,0.0,0.0,0.0,0.0,12488.02,2023-02-16 00:00:00,,,
3449,42,81,1,COMBINED/333699,,0.0,0.0,0.0,0.0,0.0,10801.81,2023-02-16 00:00:00,,,
3450,42,81,1,COMBINED/335078,,0.0,0.0,0.0,0.0,0.0,5390.15,2023-02-17 00:00:00,,,
3451,11,81,1,COMBINED/328255,,0.0,0.0,0.0,0.0,0.0,2699.43,2023-02-10 00:00:00,,,
3452,7,81,8,2364788,,0.0,0.0,0.0,0.0,0.0,32132.75,2023-02-23 00:00:00,,,
3453,42,81,1,COMBINED/349702,,0.0,0.0,0.0,0.0,0.0,22198.85,2023-03-06 00:00:00,,,
3454,11,81,1,COMBINED/349674,,0.0,0.0,0.0,0.0,0.0,19734.9,2023-03-06 00:00:00,,,
3455,7,81,8,2571249,,0.0,0.0,0.0,0.0,0.0,22270.46,2023-03-08 00:00:00,,,
3456,40,50,7,CNT-22/23-215070347,,0.02,0.0,0.08,0.0,0.0,2723.35,2023-02-24 00:00:00,,,
3457,40,50,7,CNT-22/23-217318328,,0.02,0.0,0.08,0.0,0.0,2706.7,2023-03-01 00:00:00,,,
3458,40,50,7,CNT-22/23-198649533,,0.02,0.0,0.09,0.0,-0.01,2766.85,2023-02-01 00:00:00,,,
3459,40,50,7,CNT-22/23-201735198,,0.02,0.0,0.09,0.0,-0.01,2756.8,2023-02-06 00:00:00,,,
3460,40,50,7,CNT-22/23-206593957,,0.02,0.0,0.09,0.0,-0.01,2759.8,2023-02-13 00:00:00,,,
3461,40,50,7,CNT-22/23-211072130,,0.02,0.0,0.09,0.0,0.0,2780.66,2023-02-20 00:00:00,,,
3462,1,50,7,CNT-22/23-224738149,,0.18,1.0,0.98,22.0,0.03,16671.51,2023-03-14 00:00:00,,,
3463,7,81,8,2678074,,0.0,0.0,0.0,0.0,0.0,2207753.06,2023-03-14 00:00:00,,,
3464,7,81,8,2927505,,0.0,0.0,0.0,0.0,0.0,15274.73,2023-03-27 00:00:00,,,
3465,41,81,8,2899497,,0.0,0.0,0.0,0.0,0.0,89063.55,2023-03-24 00:00:00,,,
3466,41,81,8,2390111,,0.0,0.0,0.0,0.0,0.0,3052.31,2023-02-24 00:00:00,,,
3467,1,50,7,CNT-22/23-232782663,,0.02,1.0,0.12,0.0,0.0,3951.14,2023-03-27 00:00:00,,,
3468,41,81,8,2952945,,0.0,0.0,0.0,0.0,0.0,3000.9,2023-03-28 00:00:00,,,
3469,7,81,8,2953807,,0.0,0.0,0.0,0.0,0.0,1825.1,2023-03-28 00:00:00,,,
3470,2,50,7,CNT-22/23-235712859,,1.51,44.0,8.11,295.0,0.3,295066.02,2023-03-31 00:00:00,,,
3471,1,50,7,CNT-22/23-235374868,,1.86,0.0,10.06,294.0,0.29,294089.24,2023-03-31 00:00:00,,,
3472,11,81,1,closing,closing,0.0,0.0,0.0,0.0,0.0,4477375.0,2023-03-31 00:00:00,,1,
3473,11,81,1,closing,closing,0.0,0.0,0.0,0.0,0.0,1425690.0,2023-03-31 00:00:00,,1,
3474,7,81,8,,COLSING,0.0,0.0,0.0,0.0,0.0,15433672.5,2023-03-31 00:00:00,,1,
3476,7,81,8,1223193,,0.0,0.0,0.0,0.0,0.0,166139.47,2022-12-13 00:00:00,,,
3477,7,81,8,1284115,,0.0,0.0,0.0,0.0,0.0,166303.03,2022-12-16 00:00:00,,,
3478,41,81,8,,closing,0.0,0.0,0.0,0.0,0.0,985022.5,2023-03-31 00:00:00,,1,
3479,41,81,8,,opening,0.0,0.0,0.0,0.0,0.0,985022.5,2023-04-03 00:00:00,,1,
3481,1,50,7,CNT-22/23-169158533,,5.37,3.0,29.69,105.0,0.12,74434.32,2022-12-16 00:00:00,,1,
3482,4,40,8,0011063,,4.88,0.0,26.33,0.0,0.81,810014.98,2023-04-03 00:00:00,,,
3483,4,50,8,0214152,,0.0,0.0,0.0,7.0,0.0,7128.05,2022-08-23 00:00:00,,,
3484,4,50,8,0029107,,0.0,0.0,0.0,6.0,0.0,5509.43,2022-06-07 00:00:00,,,
3485,1,50,7,CNT-23/24-1248202,,0.03,1.0,0.15,0.0,0.0,4123.18,2023-04-05 00:00:00,,,
3486,40,50,7,CNT-22/23-193833329,,0.02,0.0,0.09,0.0,0.0,2821.61,2023-01-24 00:00:00,,,
3487,1,50,7,CNT-22/23-228476909,,0.02,1.0,0.12,0.0,0.01,4006.15,2023-03-20 00:00:00,,,
3488,1,40,7,CNT-23/24-2908491,,0.73,0.0,3.95,0.0,0.13,130445.19,2023-04-10 00:00:00,,,
3489,2,40,7,CNT-23/24-3229466,,2.05,0.0,11.01,0.0,0.4,399977.54,2023-04-10 00:00:00,,,
3490,1,40,1,COMBINED/3498,,1.69,0.0,0.38,0.0,0.01,11588.82,2023-04-06 00:00:00,,,
3491,1,40,1,COMBINED/4707,,1.97,0.0,1.89,0.0,0.06,57987.08,2023-04-10 00:00:00,,,
3492,2,40,7,CNT-23/24-4022102,,0.3,0.0,1.61,0.0,0.05,58048.04,2023-04-11 00:00:00,,,
3493,1,40,7,CNT-23/24-3687565,,3.0,0.0,16.17,0.0,0.53,524130.3,2023-04-11 00:00:00,,,
3494,1,40,1,COMBINED/5865,,6.33,0.0,7.93,0.0,0.24,35261.35,2023-04-11 00:00:00,,,
3495,1,40,1,COMBINED/7083,,10.29,0.0,11.86,0.0,0.35,181357.49,2023-04-12 00:00:00,,,
3496,1,50,7,CNT-23/24-4477599,,0.03,1.0,0.15,0.0,0.0,4150.18,2023-04-12 00:00:00,,,
3497,1,40,1,COMBINED/8334,,5.27,0.0,2.2,0.0,0.07,67634.59,2023-04-13 00:00:00,,,
3498,35,40,1,COMBINED/8372,,7.5,0.0,5.49,0.0,0.17,168929.61,2023-04-13 00:00:00,,,
3499,4,40,1,COMBINED/8239,,4.06,0.0,4.39,0.0,0.14,135112.29,2023-04-13 00:00:00,,,
3500,7,81,1,COMBINED/8239,,0.0,0.0,0.0,0.0,0.0,4764140.48,2023-04-13 00:00:00,,,ST=20.52;SC=0;TC=42.88;OC=16.67
3501,2,40,7,CNT-23/24-5666713,,2.0,0.0,10.76,0.0,0.34,347193.9,2023-04-13 00:00:00,,,
3502,7,81,1,COMBINED/6982,,0.0,0.0,0.0,0.0,0.0,10730654.55,2023-04-12 00:00:00,,,ST=43.92;SC=0;TC=96.58;OC=37.56
3505,1,40,1,COMBINED/9629,,3.92,0.0,3.66,0.0,0.11,112725.69,2023-04-17 00:00:00,,,
3506,2,40,1,COMBINED/10798,,2.32,0.0,3.8,0.0,0.12,116885.67,2023-04-18 00:00:00,,,
3507,4,40,1,COMBINED/12142,,9.46,0.0,7.33,0.0,0.46,225757.21,2023-04-19 00:00:00,,,
3508,1,40,1,COMBINED/12243,,3.48,0.0,1.28,0.0,0.08,39402.84,2023-04-19 00:00:00,,,
3509,40,40,7,CNT-23/24-7882740,,1.06,0.0,5.72,0.0,0.17,170404.05,2023-04-19 00:00:00,,,
3510,1,40,7,CNT-23/24-8768976,,0.3,0.0,1.62,0.0,0.07,58698.01,2023-04-20 00:00:00,,,
3511,35,40,1,COMBINED/13563,,1.79,0.0,0.92,0.0,0.04,28211.75,2023-04-20 00:00:00,,,
3512,1,40,7,CNT-23/24-9562701,,1.19,0.0,6.4,0.0,0.19,190811.72,2023-04-21 00:00:00,,,
3513,41,81,8,0431460,,0.0,0.0,0.0,0.0,0.0,3727.1,2023-04-26 00:00:00,,,ST=1.96;SC=0;TC=8.95;OC=1.99
3514,42,81,1,COMBINED/18721,,0.0,0.0,0.0,0.0,0.0,13059.51,2023-04-26 00:00:00,,,ST=59.64;SC=7;TC=131.65;OC=51.2
3515,1,50,7,CNT-23/24-12798123,,0.03,1.0,0.16,0.0,0.0,4493.19,2023-04-27 00:00:00,,,
3516,11,81,1,COMBINED/21521,,0.0,0.0,0.0,0.0,0.0,1387.5,2023-04-28 00:00:00,,,ST=3.81;SC=0;TC=8.13;OC=3.16
3517,11,81,1,COMBINED/32987,,0.0,0.0,0.0,0.0,0.0,4423.21,2023-05-11 00:00:00,,,ST=15.23;SC=2;TC=32.37;OC=12.59
3518,11,81,1,COMBINED/34400,,0.0,0.0,0.0,0.0,0.0,3374.24,2023-05-12 00:00:00,,,ST=11.4;SC=1;TC=24.24;OC=9.42
3519,11,81,1,COMBINED/39905,,0.0,0.0,0.0,0.0,0.0,1883.79,2023-05-18 00:00:00,,,ST=11.48;SC=1;TC=25.93;OC=10.08
3520,11,81,1,COMBINED/44102,,0.0,0.0,0.0,0.0,0.0,1974.21,2023-05-23 00:00:00,,,ST=7.59;SC=1;TC=16.13;OC=6.27
3521,11,81,1,COMBINED/18687,,0.0,0.0,0.0,0.0,0.0,11779.52,2023-04-26 00:00:00,,,ST=49.5;SC=6;TC=106.75;OC=41.51
3523,11,81,1,opening,opening,0.0,0.0,0.0,0.0,0.0,4477375.0,2023-04-01 00:00:00,,1,
3524,11,81,1,opening,opening,0.0,0.0,0.0,0.0,0.0,1425690.0,2023-04-01 00:00:00,,1,
3525,7,81,1,COMBINED/18577,,0.0,0.0,0.0,0.0,0.0,4685.64,2023-04-26 00:00:00,,,ST=19.06;SC=2;TC=40.54;OC=15.76
3526,7,81,1,COMBINED/42548,,0.0,0.0,0.0,0.0,0.0,31151.15,2023-05-22 00:00:00,,,ST=148.1;SC=18;TC=320.09;OC=124.48
3527,42,81,1,COMBINED/44136,,0.0,0.0,0.0,0.0,0.0,12273.4,2023-05-23 00:00:00,,,ST=59.82;SC=7;TC=132.32;OC=51.46
3528,41,81,8,1035839,,0.0,0.0,0.0,0.0,0.0,1790.76,2023-05-23 00:00:00,,,ST=3.54;SC=1;TC=17.73;OC=1.97
3529,7,81,1,COMBINED/356233,,0.0,0.0,0.0,0.0,0.0,2215563.09,2023-03-14 00:00:00,,,
3530,7,81,1,opening,opening,0.0,0.0,0.0,0.0,0.0,2238687.5,2023-04-01 00:00:00,,1,
3531,7,81,1,closing,closing,0.0,0.0,0.0,0.0,0.0,2238687.5,2023-03-31 00:00:00,,1,
3532,42,81,1,opening,opening,0.0,0.0,0.0,0.0,0.0,7293575.0,2023-04-01 00:00:00,,1,
3533,42,81,1,closing,closing,0.0,0.0,0.0,0.0,0.0,7293575.0,2023-03-31 00:00:00,,1,
3534,2,50,7,CNT-22/23-164662849,,1.01,27.0,5.39,193.0,0.19,173284.59,2022-12-09 00:00:00,,,
3536,1,50,7,CNT-23/24-32721824,,0.26,0.0,1.42,0.0,0.05,51160.39,2023-05-30 00:00:00,,,
3539,1,40,1,COMBINED/51097,,1.96,0.0,1.9,0.0,0.07,58452.93,2023-05-30 00:00:00,,,
3547,7,81,1,COMBINED/56544,,0.0,0.0,0.0,0.0,0.0,513651.9,2023-06-05 00:00:00,,,ST=2.04;SC=1;TC=4.62;OC=1.79
3548,15,30,1,COMBINED/56517,,0.0,0.0,0.0,3.0,0.0,2280.97,2023-06-05 00:00:00,,1,ST=10.44;SC=0;TC=2.92;OC=1.17
3549,7,81,1,COMBINED/55205,,0.0,0.0,0.0,0.0,0.0,516499.03,2023-06-02 00:00:00,,,ST=2.06;SC=0;TC=4.65;OC=1.81
3550,7,81,1,COMBINED/57939,,0.0,0.0,0.0,0.0,0.0,445109.78,2023-06-06 00:00:00,,,ST=5.98;SC=1;TC=13.24;OC=5.15
3551,15,30,1,COMBINED/57912,,0.0,0.0,0.0,1.0,0.0,1766.83,2023-06-06 00:00:00,,1,ST=6.98;SC=0;TC=2.04;OC=0.81
3553,1,50,7,CNT-23/24-36434911,,0.12,3.0,0.63,18.0,0.01,18471.76,2023-06-05 00:00:00,,,
3554,15,30,1,COMBINED/60836,,0.0,0.0,0.0,4.0,0.0,130.68,2023-06-08 00:00:00,,1,ST=17.96;SC=0;TC=7.05;OC=2.81
3556,1,50,7,CNT-23/24-38336306,,0.56,14.0,3.04,90.0,0.09,90577.69,2023-06-07 00:00:00,,,
3557,1,50,7,CNT-23/24-39349941,,0.12,3.0,0.62,18.0,0.02,18334.26,2023-06-08 00:00:00,,,
3558,15,30,1,COMBINED/59357,,0.0,0.0,0.0,2.0,0.0,2084.91,2023-06-07 00:00:00,,1,ST=6.96;SC=0;TC=1.88;OC=0.75
3560,7,81,1,COMBINED/59388,,0.0,0.0,0.0,0.0,0.0,516711.83,2023-06-07 00:00:00,,,ST=5.82;SC=0;TC=12.6;OC=4.9
3561,15,30,1,COMBINED/62268,,0.0,0.0,0.0,1.0,0.0,778.4,2023-06-09 00:00:00,,1,ST=6.96;SC=0;TC=1.89;OC=0.75
3563,15,30,1,COMBINED/65001,,0.0,0.0,0.0,9.0,0.0,54.66,2023-06-13 00:00:00,,1,ST=45.86;SC=0;TC=14.87;OC=5.93
3564,15,30,1,COMBINED/66475,,0.0,0.0,0.0,0.0,0.0,273.32,2023-06-14 00:00:00,,,ST=1.64;SC=0;TC=0.13;OC=0.05
3566,15,30,1,COMBINED/69458,,0.0,0.0,0.0,1.0,0.0,1525.21,2023-06-16 00:00:00,,1,ST=8.66;SC=0;TC=2.18;OC=0.87
3568,15,30,1,COMBINED/63595,,0.0,0.0,0.0,2.0,0.0,91.06,2023-06-12 00:00:00,,,ST=7.1;SC=0;TC=2.48;OC=0.98
3570,1,50,7,CNT-23/24-40884806,,0.05,1.0,0.28,4.0,0.01,8091.84,2023-06-12 00:00:00,,,
3571,7,81,1,COMBINED/70960,,0.0,0.0,0.0,0.0,0.0,972952.04,2023-06-19 00:00:00,,,ST=3.98;SC=1;TC=8.76;OC=3.4
3572,42,81,1,COMBINED/71110,,0.0,0.0,0.0,0.0,0.0,793847.05,2023-06-19 00:00:00,,,ST=3.22;SC=1;TC=7.14;OC=2.77
3573,15,30,1,COMBINED/70928,,0.0,0.0,0.0,3.0,0.0,3807.35,2023-06-19 00:00:00,,1,ST=17.1;SC=0;TC=3.61;OC=1.44
3575,15,30,1,COMBINED/72367,,0.0,0.0,0.0,6.0,0.0,1448.01,2023-06-20 00:00:00,,1,ST=21.5;SC=0;TC=8.21;OC=3.28
3577,35,50,1,COMBINED/71110,,1.71,0.0,0.49,0.0,0.04,15048.76,2023-06-19 00:00:00,,,
3578,2,50,7,CNT-23/24-46573453,,0.07,0.0,0.35,10.0,0.01,10169.37,2023-06-19 00:00:00,,,
3579,4,50,8,1726296,,0.06,0.0,0.31,9.0,0.01,9470.62,2023-06-19 00:00:00,,,
3580,15,30,1,COMBINED/73811,,0.0,0.0,0.0,8.0,0.0,460.21,2023-06-21 00:00:00,,1,ST=22.4;SC=0;TC=11.72;OC=4.67
3582,15,30,1,COMBINED/75276,,0.0,0.0,0.0,2.0,0.0,2000.93,2023-06-22 00:00:00,,,ST=7.46;SC=0;TC=3.91;OC=1.56
3583,15,30,1,COMBINED/76689,,0.0,0.0,0.0,12.0,0.0,744.69,2023-06-23 00:00:00,,1,ST=36.96;SC=1;TC=18.12;OC=7.23
3585,7,81,1,COMBINED/78001,,0.0,0.0,0.0,0.0,0.0,18393.01,2023-06-26 00:00:00,,,ST=109.3;SC=13;TC=236.17;OC=91.84
3587,11,81,1,COMBINED/78100,,0.0,0.0,0.0,0.0,0.0,10759.29,2023-06-26 00:00:00,,,ST=49.53;SC=6;TC=106.89;OC=41.57
3588,15,30,1,COMBINED/80723,,0.0,0.0,0.0,15.0,0.0,12281.95,2023-06-28 00:00:00,,1,ST=17.62;SC=0;TC=18.53;OC=7.4
3590,15,30,1,COMBINED/82236,,0.0,0.0,0.0,20.0,0.0,6177.43,2023-06-30 00:00:00,,,ST=28.46;SC=1;TC=35.72;OC=14.25
3592,15,30,1,COMBINED/83832,,0.0,0.0,0.0,6.0,0.0,13724.81,2023-07-03 00:00:00,,,ST=13.78;SC=1;TC=16.11;OC=6.42
3594,1,50,7,CNT-23/24-53905282,,0.91,4.0,4.91,146.0,0.15,95228.58,2023-06-30 00:00:00,,,
3598,8,30,1,COMBINED/57939,,0.0,0.0,0.0,6.0,0.0,5731.04,2023-06-06 00:00:00,,1,ST=16.02;SC=0;TC=12.17;OC=4.85
3599,8,30,1,COMBINED/59388,,0.0,0.0,0.0,1.0,0.0,636.13,2023-06-07 00:00:00,,,ST=3.5;SC=0;TC=0.98;OC=0.39
3600,8,30,1,COMBINED/60864,,0.0,0.0,0.0,3.0,0.0,459.33,2023-06-08 00:00:00,,1,ST=10.7;SC=0;TC=3.91;OC=1.56
3601,8,30,1,COMBINED/62292,,0.0,0.0,0.0,1.0,0.0,2236.98,2023-06-09 00:00:00,,1,ST=7.02;SC=0;TC=2.12;OC=0.84
3602,8,30,1,COMBINED/63618,,0.0,0.0,0.0,9.0,0.0,14454.05,2023-06-12 00:00:00,,,ST=8.3;SC=0;TC=7.26;OC=2.89
3603,8,30,1,COMBINED/66503,,0.0,0.0,0.0,7.0,0.0,1272.44,2023-06-14 00:00:00,,,ST=12.28;SC=0;TC=10.21;OC=4.07
3604,8,30,1,COMBINED/69487,,0.0,0.0,0.0,8.0,0.0,3967.59,2023-06-16 00:00:00,,,ST=9.06;SC=0;TC=10.26;OC=4.09
3605,8,30,1,COMBINED/70960,,0.0,0.0,0.0,2.0,0.0,1998.8,2023-06-19 00:00:00,,,ST=5.22;SC=0;TC=1.42;OC=0.56
3606,8,30,1,COMBINED/72397,,0.0,0.0,0.0,19.0,0.0,7180.2,2023-06-20 00:00:00,,1,ST=34.36;SC=1;TC=33.48;OC=13.36
3607,8,30,1,COMBINED/73840,,0.0,0.0,0.0,9.0,0.0,5420.03,2023-06-21 00:00:00,,,ST=12.74;SC=0;TC=11.96;OC=4.77
3608,8,30,1,COMBINED/76715,,0.0,0.0,0.0,12.0,0.0,7254.19,2023-06-23 00:00:00,,1,ST=20.02;SC=0;TC=15.22;OC=6.07
3609,8,30,1,COMBINED/78001,,0.0,0.0,0.0,11.0,0.0,4620.62,2023-06-26 00:00:00,,1,ST=21.14;SC=1;TC=19.64;OC=7.84
3610,8,30,1,COMBINED/80750,,0.0,0.0,0.0,16.0,0.0,7336.52,2023-06-28 00:00:00,,1,ST=31.48;SC=1;TC=22.16;OC=8.84
3611,8,30,1,COMBINED/82268,,0.0,0.0,0.0,21.0,0.0,1494.09,2023-06-30 00:00:00,,1,ST=41.14;SC=1;TC=34.63;OC=13.82
3613,8,30,1,COMBINED/52378,,0.0,0.0,0.0,2.0,0.0,1452.67,2023-05-31 00:00:00,,,ST=3.86;SC=0;TC=2.48;OC=0.99
3614,8,30,1,COMBINED/56544,,0.0,0.0,0.0,3.0,0.0,1900.48,2023-06-05 00:00:00,,,ST=4.04;SC=0;TC=3.2;OC=1.28
3616,8,30,1,COMBINED/49627,,0.0,0.0,0.0,4.0,0.0,6099.68,2023-05-29 00:00:00,,,ST=4.02;SC=0;TC=3.07;OC=1.23
3617,7,81,1,COMBINED/79309,,0.0,0.0,0.0,0.0,0.0,4378.49,2023-06-27 00:00:00,,,ST=19;SC=2;TC=40.33;OC=15.68
3618,15,30,1,COMBINED/79281,,0.0,0.0,0.0,12.0,0.0,11899.39,2023-06-27 00:00:00,,1,ST=34.1;SC=0;TC=13.23;OC=5.28
3619,15,30,1,COMBINED/55173,,0.0,0.0,0.0,0.0,0.0,2087.94,2023-06-02 00:00:00,,,ST=3.5;SC=0;TC=1.03;OC=0.41
3620,15,30,1,COMBINED/52346,,0.0,0.0,0.0,4.0,0.0,3861.12,2023-05-31 00:00:00,,1,ST=14.08;SC=0;TC=4.5;OC=1.8
3621,15,30,1,COMBINED/53738,,0.0,0.0,0.0,0.0,0.0,632.56,2023-06-01 00:00:00,,,ST=3.44;SC=0;TC=0.8;OC=0.32
3622,15,30,1,COMBINED/85369,,0.0,0.0,0.0,9.0,0.0,4894.83,2023-07-04 00:00:00,,,ST=12.76;SC=0;TC=12.09;OC=4.82
3623,8,30,1,COMBINED/85404,,0.0,0.0,0.0,7.0,0.0,2889.96,2023-07-04 00:00:00,,,ST=8.86;SC=0;TC=9.42;OC=3.76
3624,2,50,7,CNT-23/24-58440563,,1.26,9.0,6.91,195.0,0.19,74014.89,2023-07-05 00:00:00,,,
3625,1,50,7,CNT-23/24-58017963,,0.52,11.0,2.8,74.0,0.07,74468.39,2023-07-05 00:00:00,,,
3626,41,81,8,1955024,,0.0,0.0,0.0,0.0,0.0,2395.72,2023-06-27 00:00:00,,,ST=3.56;SC=1;TC=17.75;OC=1.97
3627,42,81,1,COMBINED/79455,,0.0,0.0,0.0,0.0,0.0,6005.91,2023-06-27 00:00:00,,,ST=53.72;SC=7;TC=119.31;OC=46.4
3628,8,30,1,COMBINED/88465,,0.0,0.0,0.0,5.0,0.0,3829.48,2023-07-06 00:00:00,,,ST=9.08;SC=0;TC=10.29;OC=4.11
3629,15,30,1,COMBINED/88430,,0.0,0.0,0.0,11.0,0.0,5273.04,2023-07-06 00:00:00,,1,ST=24.56;SC=1;TC=20.36;OC=8.12
3630,42,81,1,COMBINED/191037,,0.0,0.0,0.0,0.0,0.0,2400608.21,2022-09-29 00:00:00,,,
3631,42,81,1,COMBINED/280387,,0.0,0.0,0.0,0.0,0.0,17331.46,2022-12-23 00:00:00,,,
3632,15,30,1,COMBINED/89965,,0.0,0.0,0.0,7.0,0.0,5149.88,2023-07-07 00:00:00,,,ST=11.92;SC=0;TC=8.72;OC=3.48
3633,8,30,1,COMBINED/89992,,0.0,0.0,0.0,10.0,0.0,71.87,2023-07-07 00:00:00,,,ST=17.06;SC=0;TC=16.31;OC=6.5
3634,15,30,1,COMBINED/92647,,0.0,0.0,0.0,25.0,0.0,1064.86,2023-07-11 00:00:00,,1,ST=48.68;SC=1;TC=38.93;OC=15.53
3635,8,30,1,COMBINED/92677,,0.0,0.0,0.0,17.0,0.0,1648.68,2023-07-11 00:00:00,,1,ST=32.54;SC=1;TC=26.29;OC=10.49
3636,7,81,1,COMBINED/91354,,0.0,0.0,0.0,0.0,0.0,214.07,2023-07-10 00:00:00,,,ST=1.68;SC=0;TC=3.81;OC=1.48
3637,7,81,1,COMBINED/92677,,0.0,0.0,0.0,0.0,0.0,1055421.05,2023-07-11 00:00:00,,1,ST=98.48;SC=13;TC=225.67;OC=87.76
3638,8,30,1,COMBINED/94074,,0.0,0.0,0.0,7.0,0.0,2650.66,2023-07-12 00:00:00,,1,ST=15.62;SC=0;TC=10.52;OC=4.2
3639,7,81,1,COMBINED/94074,,0.0,0.0,0.0,0.0,0.0,438.31,2023-07-12 00:00:00,,1,ST=16.74;SC=2;TC=38.41;OC=14.94
3640,15,30,1,COMBINED/94044,,0.0,0.0,0.0,9.0,0.0,6583.64,2023-07-12 00:00:00,,1,ST=20.56;SC=0;TC=10.94;OC=4.36
3641,15,30,1,COMBINED/95543,,0.0,0.0,0.0,30.0,0.0,7304.2,2023-07-13 00:00:00,,1,ST=74.32;SC=2;TC=50.67;OC=20.21
3642,8,30,1,COMBINED/95576,,0.0,0.0,0.0,15.0,0.0,4193.89,2023-07-13 00:00:00,,1,ST=32.46;SC=1;TC=26.04;OC=10.39
3643,7,81,1,COMBINED/95576,,0.0,0.0,0.0,0.0,0.0,1404.64,2023-07-13 00:00:00,,1,ST=41.9;SC=5;TC=96.29;OC=37.45
3644,11,81,1,COMBINED/92784,,0.0,0.0,0.0,0.0,0.0,1938987.8,2023-07-11 00:00:00,,,ST=7.75;SC=2;TC=17.45;OC=6.79
3645,14,81,1,COMBINED/97033,,0.0,0.0,0.0,0.0,0.0,690.88,2023-07-14 00:00:00,,1,ST=19.28;SC=2;TC=41.47;OC=16.13
3646,7,81,1,COMBINED/97065,,0.0,0.0,0.0,0.0,0.0,7655353.23,2023-07-14 00:00:00,,,ST=31.32;SC=8;TC=68.9;OC=26.8
3647,42,81,1,COMBINED/97226,,0.0,0.0,0.0,0.0,0.0,3367471.24,2023-07-14 00:00:00,,,ST=13.47;SC=3;TC=30.31;OC=11.79
3648,11,81,1,COMBINED/97189,,0.0,0.0,0.0,0.0,0.0,1383563.92,2023-07-14 00:00:00,,,ST=5.78;SC=1;TC=12.45;OC=4.84
3649,41,81,8,2429679,,0.0,0.0,0.0,0.0,0.0,1014585.46,2023-07-14 00:00:00,,,ST=1.82;SC=1;TC=9.13;OC=1.01
3650,1,50,7,CNT-22/23-70269399,,0.04,1.0,0.21,10.0,-5.01,5381.24,2022-07-15 00:00:00,,,
3651,1,50,7,CNT-22/23-73617027,,0.02,0.0,0.11,6.0,-3.01,2606.37,2022-07-21 00:00:00,,,
3652,1,50,7,CNT-22/23-79805918,,0.24,7.0,1.3,47.0,0.05,46875.59,2022-08-01 00:00:00,,,
3653,1,50,7,CNT-22/23-80808139,,0.05,1.0,0.25,7.0,0.01,7016.31,2022-08-02 00:00:00,,,
3655,2,50,7,CNT-22/23-71383504,,0.21,5.0,1.17,66.0,-32.98,33239.4,2022-07-18 00:00:00,,,
3656,2,50,7,CNT-22/23-73089845,,0.1,2.0,0.57,32.0,-15.99,16031.18,2022-07-20 00:00:00,,,
3657,2,50,7,CNT-22/23-68136391,,0.04,1.0,0.23,16.0,-8.0,7621.52,2022-07-12 00:00:00,,,
3658,2,50,7,CNT-22/23-69830294,,0.13,3.0,0.72,44.0,-22.0,22109.85,2022-07-14 00:00:00,,,
3659,2,50,7,CNT-22/23-78329194,,0.15,4.0,0.82,29.0,0.03,29334.0,2022-07-28 00:00:00,,,
3660,2,50,7,CNT-22/23-80224518,,0.4,12.0,2.17,79.0,0.08,78593.65,2022-08-01 00:00:00,,,
3661,2,40,7,CNT-22/23-63237632,,1.86,0.0,10.37,0.0,0.29,299987.48,2022-07-04 00:00:00,,,
3662,2,40,7,CNT-22/23-64035756,,4.84,0.0,26.9,0.0,0.77,779013.74,2022-07-05 00:00:00,,,
3663,40,50,7,CNT-22/23-66921093,,0.1,3.0,0.54,34.0,-17.0,17324.94,2022-07-11 00:00:00,,,
3664,40,50,7,CNT-22/23-80756410,,0.05,1.0,0.25,9.0,0.0,8560.3,2022-08-02 00:00:00,,,
3665,40,50,7,CNT-22/23-73570090,,0.04,1.0,0.2,10.0,-5.01,5220.73,2022-07-21 00:00:00,,,
3666,40,50,7,CNT-22/23-69411234,,0.02,0.0,0.12,6.0,-3.0,3003.64,2022-07-14 00:00:00,,,
3667,7,81,8,0000558,,0.0,0.0,0.0,1.0,0.0,961.73,2022-04-18 00:00:00,,,
3668,7,81,8,0001877,,0.0,0.0,0.0,0.0,0.0,296.63,2022-04-21 00:00:00,,,
3669,15,30,1,COMBINED/98531,,0.0,0.0,0.0,32.0,0.0,1117.42,2023-07-17 00:00:00,,1,ST=77.58;SC=2;TC=50.75;OC=20.25
3670,8,30,1,COMBINED/98565,,0.0,0.0,0.0,11.0,0.0,10.47,2023-07-17 00:00:00,,1,ST=24.02;SC=1;TC=18.23;OC=7.28
3671,15,30,1,COMBINED/100014,,0.0,0.0,0.0,25.0,0.0,3380.26,2023-07-18 00:00:00,,1,ST=55.1;SC=1;TC=38.7;OC=15.44
3672,8,30,1,COMBINED/100048,,0.0,0.0,0.0,5.0,0.0,3361.92,2023-07-18 00:00:00,,,ST=8.1;SC=0;TC=6.42;OC=2.56
3673,15,30,1,COMBINED/101512,,0.0,0.0,0.0,38.0,0.0,9277.0,2023-07-19 00:00:00,,1,ST=90.72;SC=2;TC=64.35;OC=25.68
3674,8,30,1,COMBINED/101548,,0.0,0.0,0.0,10.0,0.0,208.39,2023-07-19 00:00:00,,,ST=17.02;SC=0;TC=16.15;OC=6.44
3675,15,30,1,COMBINED/97033,,0.0,0.0,0.0,42.0,0.0,954.63,2023-07-14 00:00:00,,1,ST=114.12;SC=2;TC=67.2;OC=26.81
3676,8,30,1,COMBINED/97065,,0.0,0.0,0.0,20.0,0.0,1257.73,2023-07-14 00:00:00,,1,ST=40.7;SC=1;TC=32.9;OC=13.13
3677,7,81,1,COMBINED/101548,,0.0,0.0,0.0,0.0,0.0,2856.07,2023-07-19 00:00:00,,1,ST=5.04;SC=1;TC=11.53;OC=4.48
3678,8,30,1,COMBINED/103069,,0.0,0.0,0.0,27.0,0.0,5541.02,2023-07-20 00:00:00,,1,ST=50.42;SC=1;TC=45.82;OC=18.28
3679,15,30,1,COMBINED/103034,,0.0,0.0,0.0,52.0,0.0,3531.92,2023-07-20 00:00:00,,1,ST=107.24;SC=3;TC=84.83;OC=33.85
3680,7,81,1,COMBINED/103069,,0.0,0.0,0.0,0.0,0.0,1058772.68,2023-07-20 00:00:00,,,ST=4.18;SC=0;TC=9.53;OC=3.71
3681,15,30,1,COMBINED/104631,,0.0,0.0,0.0,55.0,0.0,7622.53,2023-07-21 00:00:00,,1,ST=104.16;SC=3;TC=91.94;OC=36.68
3682,8,30,1,COMBINED/104663,,0.0,0.0,0.0,32.0,0.0,1386.4,2023-07-21 00:00:00,,1,ST=58.34;SC=2;TC=51.51;OC=20.55
3683,7,81,1,COMBINED/104663,,0.0,0.0,0.0,0.0,0.0,1056883.84,2023-07-21 00:00:00,,1,ST=12.5;SC=2;TC=28.54;OC=11.1
3684,15,30,1,COMBINED/106178,,0.0,0.0,0.0,43.0,0.0,2942.85,2023-07-24 00:00:00,,1,ST=95.38;SC=2;TC=70.03;OC=27.94
3685,8,30,1,COMBINED/106210,,0.0,0.0,0.0,20.0,0.0,1921.07,2023-07-24 00:00:00,,1,ST=47.3;SC=1;TC=33.43;OC=13.34
3686,15,30,1,COMBINED/107764,,0.0,0.0,0.0,3.0,0.0,1620.55,2023-07-25 00:00:00,,,ST=10.9;SC=0;TC=4.68;OC=1.87
3687,8,30,1,COMBINED/107792,,0.0,0.0,0.0,3.0,0.0,1193.96,2023-07-25 00:00:00,,,ST=7.32;SC=0;TC=3.37;OC=1.35
3688,15,30,1,COMBINED/109271,,0.0,0.0,0.0,23.0,0.0,2880.87,2023-07-26 00:00:00,,1,ST=77.7;SC=1;TC=38.36;OC=15.31
3689,8,30,1,COMBINED/109304,,0.0,0.0,0.0,17.0,0.0,2433.68,2023-07-26 00:00:00,,1,ST=58.84;SC=1;TC=27.76;OC=11.08
3690,42,81,1,COMBINED/109465,,0.0,0.0,0.0,0.0,0.0,3367.26,2023-07-26 00:00:00,,,ST=27.42;SC=3;TC=61.2;OC=23.8
3691,14,81,1,COMBINED/109271,,0.0,0.0,0.0,0.0,0.0,79.91,2023-07-26 00:00:00,,1,ST=3.08;SC=0;TC=6.54;OC=2.55
3692,7,81,1,COMBINED/109304,,0.0,0.0,0.0,0.0,0.0,9498.4,2023-07-26 00:00:00,,,ST=56.38;SC=7;TC=118.6;OC=46.12
3693,8,30,1,COMBINED/110861,,0.0,0.0,0.0,17.0,0.0,9866.56,2023-07-27 00:00:00,,1,ST=127.92;SC=1;TC=31.91;OC=12.73
3694,15,30,1,COMBINED/110829,,0.0,0.0,0.0,17.0,0.0,14142.74,2023-07-27 00:00:00,,1,ST=110.8;SC=1;TC=34.62;OC=13.82
3695,40,50,7,CNT-23/24-74616945,,0.08,0.0,0.43,12.0,0.01,12474.98,2023-07-27 00:00:00,,,
3696,1,50,7,CNT-23/24-74676675,,0.15,0.0,0.85,25.0,0.02,24948.98,2023-07-27 00:00:00,,,
3697,3,50,-1,,,0.0,0.0,0.0,0.0,0.0,0.0,2023-08-24 00:00:00,,1,
3698,7,81,1,COMBINED/140173,,0.0,0.0,0.0,0.0,0.0,14973.37,2023-08-24 00:00:00,,,ST=78.58;SC=9;TC=168.9;OC=65.69
3699,11,81,1,COMBINED/140320,,0.0,0.0,0.0,0.0,0.0,6372.51,2023-08-24 00:00:00,,,ST=22.8;SC=3;TC=48.45;OC=18.84
3700,1,50,7,CNT-23/24-79027025,,0.15,4.0,0.84,25.0,0.03,24943.02,2023-08-02 00:00:00,,,
3701,40,50,7,CNT-23/24-77815362,,0.02,0.0,0.11,0.0,0.01,3083.18,2023-08-01 00:00:00,,,
3702,40,50,7,CNT-23/24-82414661,,0.06,1.0,0.31,9.0,0.01,9080.58,2023-08-07 00:00:00,,,
3703,42,81,1,COMBINED/143478,,0.0,0.0,0.0,0.0,0.0,4863.79,2023-08-28 00:00:00,,,ST=27.19;SC=3;TC=60.26;OC=23.44
3704,35,50,1,COMBINED/153453,,1.4,0.0,0.76,23.0,0.04,23307.8,2023-09-05 00:00:00,,,
3705,40,50,7,CNT-23/24-104692330,,0.07,0.0,0.38,11.0,0.01,11006.54,2023-09-05 00:00:00,,,
3706,40,50,7,CNT-23/24-105919155,,0.02,0.0,0.11,0.0,0.01,3052.64,2023-09-06 00:00:00,,,
3707,1,50,7,CNT-23/24-102258204,,0.23,6.0,1.27,38.0,0.03,37565.53,2023-09-01 00:00:00,,,
3708,11,81,1,COMBINED/109423,,0.0,0.0,0.0,0.0,0.0,5596.59,2023-07-26 00:00:00,,,ST=22.94;SC=3;TC=49.01;OC=19.06
3709,40,50,7,CNT-23/24-108294292,,0.22,5.0,1.21,36.0,0.04,35862.32,2023-09-08 00:00:00,,,
3710,35,50,1,COMBINED/158497,,7.61,11.0,2.37,72.0,0.14,71825.59,2023-09-08 00:00:00,,1,
3711,40,50,7,CNT-23/24-115643200,,0.38,9.0,2.06,0.0,0.06,61170.9,2023-09-18 00:00:00,,,
3712,2,50,7,CNT-23/24-110155607,,0.13,0.0,0.68,20.0,0.02,20009.17,2023-09-11 00:00:00,,,
3713,7,81,1,COMBINED/171527,,0.0,0.0,0.0,0.0,0.0,18333.92,2023-09-21 00:00:00,,,ST=78.12;SC=9;TC=167.04;OC=64.96
3714,42,81,1,COMBINED/173171,,0.0,0.0,0.0,0.0,0.0,6230.42,2023-09-22 00:00:00,,,ST=26.94;SC=3;TC=59.27;OC=23.05
3715,11,81,1,COMBINED/171650,,0.0,0.0,0.0,0.0,0.0,6673.54,2023-09-21 00:00:00,,,ST=22.65;SC=3;TC=47.82;OC=18.59
3716,40,50,7,CNT-23/24-120189134,,0.02,0.0,0.11,0.0,0.01,3065.84,2023-09-25 00:00:00,,,
3717,40,50,7,CNT-23/24-125432547,,0.35,9.0,1.91,54.0,0.06,56836.22,2023-10-03 00:00:00,,,
3718,2,50,7,CNT-23/24-127176520,,0.13,3.0,0.68,20.0,0.01,19893.12,2023-10-04 00:00:00,,,
3719,1,50,1,COMBINED/183372,,1.86,6.0,1.29,40.0,0.08,39598.23,2023-10-04 00:00:00,,,
3720,2,50,7,CNT-23/24-129222510,,1.87,45.0,10.1,301.0,0.3,301570.77,2023-10-06 00:00:00,,,
3721,40,50,7,CNT-23/24-129762999,,0.04,1.0,0.22,6.0,0.01,2753.27,2023-10-09 00:00:00,,,
3722,35,50,1,COMBINED/187703,,2.22,1.0,0.4,13.0,0.02,5466.54,2023-10-09 00:00:00,,,
3723,2,50,7,CNT-23/24-132203765,,0.26,6.0,1.43,42.0,0.05,42409.74,2023-10-11 00:00:00,,,
3724,1,50,7,CNT-23/24-132759475,,0.62,15.0,3.35,100.0,0.1,99907.07,2023-10-12 00:00:00,,,
3725,2,50,7,CNT-23/24-133162684,,0.85,20.0,4.58,137.0,0.14,136673.37,2023-10-12 00:00:00,,,
3726,40,50,7,CNT-23/24-132709953,,0.02,0.0,0.11,0.0,0.01,3098.24,2023-10-12 00:00:00,,,
3727,40,50,7,CNT-23/24-131732177,,0.07,0.0,0.36,9.0,0.01,9444.96,2023-10-11 00:00:00,,,
3728,2,50,7,CNT-23/24-134118848,,0.18,0.0,0.96,25.0,0.02,25319.24,2023-10-13 00:00:00,,,
3729,40,50,7,CNT-23/24-134625055,,0.29,3.0,1.54,46.0,0.04,5289.13,2023-10-16 00:00:00,,,
3730,2,50,7,CNT-23/24-135079460,,0.17,4.0,0.92,27.0,0.03,27241.12,2023-10-16 00:00:00,,,
3731,1,50,7,CNT-23/24-134674710,,1.22,18.0,6.58,196.0,0.2,50106.8,2023-10-16 00:00:00,,,
3738,7,81,1,COMBINED/205278,,0.0,0.0,0.0,0.0,0.0,13923.46,2023-10-27 00:00:00,,,ST=77.8;SC=9;TC=165.8;OC=64.48
3739,11,81,1,COMBINED/202796,,0.0,0.0,0.0,0.0,0.0,5473.86,2023-10-25 00:00:00,,,ST=22.59;SC=3;TC=47.63;OC=18.52
3740,35,50,1,COMBINED/211833,,1.19,2.0,0.64,20.0,0.04,3396.35,2023-11-03 00:00:00,,,
3741,40,50,7,CNT-23/24-147515054,,0.16,2.0,0.85,25.0,0.02,1193.08,2023-11-03 00:00:00,,,
3742,40,50,7,CNT-23/24-136621306,,0.02,0.0,0.11,0.0,0.01,3082.64,2023-10-18 00:00:00,,,
3743,40,50,7,CNT-23/24-148454169,,0.02,0.0,0.11,0.0,0.01,3034.94,2023-11-06 00:00:00,,,
3744,40,50,7,CNT-23/24-154230538,,0.02,0.0,0.11,0.0,0.01,3043.64,2023-11-13 00:00:00,,,
3745,40,50,7,CNT-23/24-158412102,,0.02,0.0,0.11,0.0,0.01,3081.29,2023-11-20 00:00:00,,,
3746,1,50,7,CNT-23/24-159479318,,0.46,11.0,2.49,74.0,0.08,74253.93,2023-11-21 00:00:00,,,
3747,40,50,7,CNT-23/24-159427298,,0.45,11.0,2.41,72.0,0.07,71853.93,2023-11-21 00:00:00,,,
3748,2,50,7,CNT-23/24-159904929,,0.09,0.0,0.5,15.0,0.02,14684.39,2023-11-21 00:00:00,,,
3749,40,50,7,CNT-23/24-160435951,,0.11,0.0,0.6,16.0,0.02,15834.27,2023-11-22 00:00:00,,,
3750,2,50,7,CNT-23/24-160912443,,0.06,0.0,0.33,9.0,0.02,8651.59,2023-11-22 00:00:00,,,
3751,2,50,1,COMBINED/230432,,0.74,0.0,0.41,12.0,0.02,12463.09,2023-11-22 00:00:00,,,
3752,2,50,7,CNT-23/24-162768672,,1.27,31.0,6.83,204.0,0.2,203743.3,2023-11-24 00:00:00,,,
3753,4,50,1,redemption,redemption,0.0,0.0,0.0,0.0,0.0,1000000.0,2023-12-04 00:00:00,,1,
3754,2,50,7,CNT-23/24-171158313,,0.09,0.0,0.51,15.0,0.02,14984.38,2023-12-06 00:00:00,,,
3755,40,50,7,CNT-23/24-170523835,,0.05,0.0,0.27,5.0,0.01,1224.82,2023-12-06 00:00:00,,,
3756,1,50,7,CNT-23/24-170592021,,0.09,0.0,0.51,15.0,0.02,14984.38,2023-12-06 00:00:00,,,
3757,4,50,8,7210698,,0.3,8.0,1.63,50.0,0.05,50172.48,2023-12-06 00:00:00,,,
3758,1,50,7,CNT-23/24-176897848,,0.5,12.0,2.69,80.0,0.08,80090.92,2023-12-13 00:00:00,,,
3759,40,50,7,CNT-23/24-178098646,,0.3,7.0,1.62,48.0,0.05,48098.42,2023-12-14 00:00:00,,,
3760,4,50,8,7563793,,0.14,4.0,0.78,24.0,0.02,23978.94,2023-12-14 00:00:00,,,
3761,4,50,8,7803291,,0.96,18.0,5.15,158.0,0.16,85479.77,2023-12-20 00:00:00,,,
3762,40,50,7,CNT-23/24-183578784,,0.03,0.0,0.14,4.0,0.0,3902.58,2023-12-20 00:00:00,,,
3763,40,50,7,CNT-23/24-186885833,,0.02,1.0,0.12,0.0,0.01,3355.45,2023-12-26 00:00:00,,,
3764,40,50,7,CNT-23/24-195542312,,0.32,4.0,1.75,39.0,0.06,1245.09,2024-01-04 00:00:00,,,
3765,35,50,1,COMBINED/278360,,0.72,0.0,0.39,12.0,0.02,8635.97,2024-01-04 00:00:00,,,
3766,35,50,1,COMBINED/160271,,1.63,4.0,0.88,27.0,0.06,27061.68,2023-09-11 00:00:00,,,
3767,4,50,8,8779494,,0.58,15.0,3.19,98.0,0.11,98398.88,2024-01-12 00:00:00,,,
3768,35,50,1,COMBINED/290479,,3.6,0.0,2.53,78.0,0.16,77709.18,2024-01-15 00:00:00,,,
3769,1,50,7,CNT-23/24-204725076,,0.29,7.0,1.54,46.0,0.04,45699.02,2024-01-15 00:00:00,,,
3770,4,50,8,8841672,,0.08,2.0,0.43,13.0,0.02,13368.53,2024-01-15 00:00:00,,,
3771,2,50,7,CNT-23/24-205297929,,0.24,0.0,1.27,38.0,0.03,37562.96,2024-01-15 00:00:00,,,
3772,35,50,1,COMBINED/292308,,1.91,7.0,1.58,49.0,0.1,48623.59,2024-01-16 00:00:00,,,
3773,1,50,7,CNT-23/24-207910458,,0.58,12.0,3.14,92.0,0.1,67640.57,2024-01-17 00:00:00,,,
3774,40,50,7,CNT-23/24-207872107,,0.55,8.0,2.98,85.0,0.09,27617.47,2024-01-17 00:00:00,,,
3775,2,50,7,CNT-23/24-207476844,,0.09,0.0,0.47,12.0,0.01,12278.43,2024-01-17 00:00:00,,,
3776,40,50,7,CNT-23/24-209347259,,0.08,2.0,0.44,9.0,0.01,12838.73,2024-01-18 00:00:00,,,
3777,1,50,7,CNT-23/24-209384496,,0.28,7.0,1.52,45.0,0.05,45118.15,2024-01-18 00:00:00,,,
3778,40,50,7,CNT-23/24-210363584,,0.3,7.0,1.64,49.0,0.05,48632.99,2024-01-19 00:00:00,,,
3779,40,50,7,CNT-23/24-211637332,,0.39,2.0,2.12,63.0,0.07,38939.82,2024-01-20 00:00:00,,,
3780,1,50,7,CNT-23/24-211698026,,0.02,0.0,0.12,3.0,0.01,3285.75,2024-01-20 00:00:00,,,
3781,40,50,7,CNT-23/24-213483082,,0.18,4.0,0.96,28.0,0.02,28314.41,2024-01-23 00:00:00,,,
3782,40,50,7,CNT-23/24-214545820,,0.02,1.0,0.12,0.0,0.01,3353.65,2024-01-24 00:00:00,,,
3783,40,50,7,CNT-23/24-217278487,,0.78,8.0,4.2,120.0,0.12,9066.65,2024-01-29 00:00:00,,,
3784,1,50,7,CNT-23/24-213525010,,0.09,2.0,0.5,15.0,0.01,14587.65,2024-01-23 00:00:00,,,
3785,1,50,7,CNT-23/24-217349170,,4.73,12.0,26.13,130.0,0.15,34036.06,2024-01-29 00:00:00,,1,
3786,2,50,7,CNT-23/24-217937569,,1.42,18.0,7.65,221.0,0.22,12914.79,2024-01-29 00:00:00,,,
3787,4,50,8,9420493,,0.52,0.0,2.76,85.0,0.07,84820.65,2024-01-29 00:00:00,,,
3788,35,50,1,COMBINED/306025,,2.19,3.0,1.19,37.0,0.08,9239.42,2024-01-29 00:00:00,,,
3789,40,50,7,CNT-23/24-222040991,,0.02,1.0,0.12,0.0,0.01,3408.25,2024-02-01 00:00:00,,,
3790,1,50,7,CNT-23/24-219122236,,0.46,11.0,2.51,75.0,0.08,74649.05,2024-01-30 00:00:00,,,
3791,4,50,8,9487053,,0.5,13.0,2.71,83.0,0.09,83583.5,2024-01-30 00:00:00,,,
3792,1,50,7,CNT-23/24-225276516,,0.14,0.0,0.75,20.0,0.02,19816.59,2024-02-05 00:00:00,,,
3793,2,50,7,CNT-23/24-224789565,,1.61,16.0,8.69,253.0,0.25,37257.0,2024-02-05 00:00:00,,,
3794,4,50,8,9757427,,1.34,33.0,7.19,221.0,0.21,221360.49,2024-02-05 00:00:00,,,
3795,40,50,7,CNT-23/24-225233823,,0.17,4.0,0.93,27.0,0.02,27356.12,2024-02-05 00:00:00,,,
3796,2,40,7,CNT-23/24-228005022,,0.88,0.0,4.71,0.0,0.17,170899.24,2024-02-07 00:00:00,,,
3797,1,50,7,CNT-23/24-228454779,,0.87,0.0,4.67,61.0,0.15,147210.06,2024-02-07 00:00:00,,,
3798,2,50,7,CNT-23/24-229600053,,0.1,0.0,0.52,15.0,0.01,15084.37,2024-02-08 00:00:00,,,
3799,1,50,7,CNT-23/24-230069349,,0.27,0.0,1.44,43.0,0.04,42705.25,2024-02-08 00:00:00,,,
3800,2,50,7,CNT-23/24-231174356,,0.15,0.0,0.8,24.0,0.02,23600.03,2024-02-09 00:00:00,,,
3801,1,50,7,CNT-23/24-231607307,,1.26,13.0,6.79,202.0,0.2,25443.5,2024-02-09 00:00:00,,,
3802,2,50,7,CNT-23/24-232702499,,0.94,23.0,5.07,151.0,0.15,151255.66,2024-02-12 00:00:00,,,
3803,2,50,7,CNT-23/24-236179046,,0.82,8.0,4.41,131.0,0.13,29589.79,2024-02-14 00:00:00,,,
3804,2,50,7,CNT-23/24-237514598,,0.08,2.0,0.44,13.0,0.01,12859.28,2024-02-15 00:00:00,,,
3805,40,50,7,CNT-23/24-238194932,,0.35,0.0,1.9,56.0,0.06,56412.94,2024-02-16 00:00:00,,,
3806,1,50,7,CNT-23/24-233147375,,0.51,12.0,2.73,81.0,0.08,81368.57,2024-02-12 00:00:00,,,
3807,4,50,8,00010234387,,0.42,0.0,2.29,70.0,0.07,70297.22,2024-02-15 00:00:00,,,
3808,4,50,8,00010297704,,0.2,0.0,1.09,34.0,0.03,33504.68,2024-02-16 00:00:00,,,
3809,40,50,7,CNT-23/24-239475897,,0.02,1.0,0.13,0.0,0.0,3481.0,2024-02-19 00:00:00,,,
3810,2,50,7,CNT-23/24-240078594,,0.2,5.0,1.1,33.0,0.04,32653.34,2024-02-19 00:00:00,,,
3811,2,50,7,CNT-23/24-243916409,,0.88,0.0,4.76,127.0,0.12,126497.24,2024-02-22 00:00:00,,,
3812,1,50,7,CNT-23/24-243398797,,1.22,0.0,6.59,196.0,0.19,196122.0,2024-02-22 00:00:00,,,
3813,1,50,7,CNT-23/24-244616052,,1.02,0.0,5.49,163.0,0.16,160872.33,2024-02-23 00:00:00,,,
3814,4,50,8,00010624404,,0.66,0.0,3.57,110.0,0.11,109729.41,2024-02-23 00:00:00,,,
3816,1,50,7,CNT-23/24-246562185,,0.29,7.0,1.57,47.0,0.05,46730.91,2024-02-27 00:00:00,,,
3817,1,50,7,CNT-23/24-248343653,,0.31,8.0,1.69,50.0,0.05,50080.05,2024-02-28 00:00:00,,,
3818,1,50,7,CNT-23/24-249619984,,0.33,0.0,1.76,52.0,0.05,52195.86,2024-02-29 00:00:00,,,
3819,4,50,8,00010688150,,0.14,0.0,0.74,23.0,0.02,22776.1,2024-02-26 00:00:00,,,
3820,4,50,8,00010886304,,0.2,5.0,1.08,33.0,0.03,33169.31,2024-02-29 00:00:00,,,
3821,1,50,7,CNT-23/24-250809956,,0.29,7.0,1.54,46.0,0.04,45729.87,2024-03-01 00:00:00,,,
3822,1,50,7,CNT-23/24-251945195,,0.27,6.0,1.46,43.0,0.04,43325.77,2024-03-04 00:00:00,,,
3823,40,50,7,CNT-23/24-254868336,,0.18,4.0,0.98,27.0,0.03,28878.69,2024-03-06 00:00:00,,,
3824,1,50,7,CNT-23/24-254382976,,0.09,2.0,0.48,14.0,0.01,13988.28,2024-03-06 00:00:00,,,
3825,11,81,1,COMBINED/234595,,0.0,0.0,0.0,0.0,0.0,1368566.21,2023-11-28 00:00:00,,,ST=17.27;SC=3;TC=37;OC=14.39
3826,11,81,1,close out,close out,0.0,0.0,0.0,0.0,0.0,1380268.88,2023-12-27 00:00:00,,1,ST=5.78;SC=17.25;TC=0;OC=0
3827,7,81,1,COMBINED/234468,,0.0,0.0,0.0,0.0,0.0,3648791.69,2023-11-28 00:00:00,,,ST=64.1;SC=9;TC=138.06;OC=53.69
3828,42,81,1,COMBINED/234624,,0.0,0.0,0.0,0.0,0.0,1705985.19,2023-11-28 00:00:00,,,ST=20.55;SC=3;TC=45.83;OC=17.82
3829,42,81,1,close out,close out,0.0,0.0,0.0,0.0,0.0,1705043.8,2023-12-27 00:00:00,,0,ST=6.87;SC=21.3;TC=0;OC=0
3830,42,81,1,COMBINED/205422,,0.0,0.0,0.0,0.0,0.0,4968.7,2023-10-27 00:00:00,,,ST=26.82;SC=3;TC=58.8;OC=22.86
3831,7,81,1,close out,close out,0.0,0.0,0.0,0.0,0.0,5868858.74,2023-12-27 00:00:00,,0,ST=24.62;SC=73.36;TC=0;OC=0
3832,1,50,7,CNT-23/24-260404339,,2.13,21.0,11.51,329.0,0.33,55334.13,2024-03-13 00:00:00,,,
3833,2,50,7,CNT-23/24-256695749,,0.23,5.0,1.22,36.0,0.04,36292.49,2024-03-07 00:00:00,,,
3834,2,50,7,CNT-23/24-259976135,,0.29,6.0,1.57,42.0,0.05,41737.41,2024-03-13 00:00:00,,,
3835,4,50,8,00011429738,,2.18,29.0,11.75,361.0,0.36,23893.79,2024-03-13 00:00:00,,,
3836,40,50,7,CNT-23/24-261356557,,0.14,0.0,0.77,23.0,0.03,22685.56,2024-03-14 00:00:00,,,
3838,1,50,7,CNT-23/24-257409215,,0.92,22.0,4.94,147.0,0.15,147330.01,2024-03-11 00:00:00,,,
3839,1,50,7,CNT-23/24-262610921,,0.2,0.0,1.06,30.0,0.03,29661.71,2024-03-15 00:00:00,,,
3841,1,50,7,CNT-23/24-7089025,,0.03,1.0,0.16,0.0,0.0,4360.49,2023-04-18 00:00:00,,,
3843,2,50,7,CNT-23/24-142363696,,0.16,4.0,0.87,26.0,0.03,25681.06,2023-10-26 00:00:00,,,
3844,2,50,7,CNT-23/24-144203106,,0.1,2.0,0.56,16.0,0.02,16468.68,2023-10-30 00:00:00,,,
3846,1,50,7,CNT-23/24-263683132,,0.41,10.0,2.2,65.0,0.06,65475.17,2024-03-18 00:00:00,,,
3847,40,50,7,CNT-23/24-263630444,,0.14,3.0,0.78,23.0,0.03,23001.2,2024-03-18 00:00:00,,,
3848,2,50,7,CNT-23/24-267251695,,1.32,11.0,7.13,198.0,0.19,45814.91,2024-03-21 00:00:00,,,
3849,4,50,8,00011737488,,0.2,5.0,1.1,34.0,0.04,34002.84,2024-03-20 00:00:00,,,
3850,4,50,8,00011800006,,1.18,18.0,6.43,198.0,0.21,46300.57,2024-03-21 00:00:00,,,
3851,4,50,8,00011859313,,0.44,11.0,2.33,72.0,0.06,71842.08,2024-03-22 00:00:00,,,
3854,40,50,7,CNT-23/24-267769660,,0.08,2.0,0.41,12.0,0.01,12024.5,2024-03-22 00:00:00,,,
3855,1,50,7,CNT-23/24-268816484,,0.57,4.0,3.06,91.0,0.09,33235.93,2024-03-26 00:00:00,,,
3856,4,50,8,00011918319,,0.56,9.0,2.96,91.0,0.08,33453.25,2024-03-26 00:00:00,,,
3857,40,50,7,CNT-23/24-269800709,,0.11,3.0,0.6,18.0,0.02,17706.73,2024-03-27 00:00:00,,,
3861,1,50,7,CNT-23/24-267819624,,0.45,0.0,2.41,72.0,0.07,71706.32,2024-03-22 00:00:00,,,
3862,1,50,7,CNT-23/24-136675501,,0.16,0.0,0.84,25.0,0.02,24802.98,2023-10-18 00:00:00,,,
3863,2,50,7,CNT-23/24-136069445,,0.86,0.0,4.65,139.0,0.14,138455.35,2023-10-17 00:00:00,,,
3864,2,50,7,CNT-23/24-143291827,,0.4,10.0,2.14,63.0,0.06,63560.6,2023-10-27 00:00:00,,,
3865,2,50,7,CNT-23/24-268231561,,0.19,5.0,1.01,30.0,0.03,30036.23,2024-03-22 00:00:00,,,
3866,40,50,7,CNT-23/24-135600685,,0.49,0.0,2.62,78.0,0.08,77918.81,2023-10-17 00:00:00,,,
3867,40,50,7,CNT-23/24-140706922,,0.25,6.0,1.37,38.0,0.05,40768.12,2023-10-25 00:00:00,,,
3868,40,50,7,CNT-23/24-145637987,,0.02,0.0,0.11,0.0,0.0,2981.68,2023-11-01 00:00:00,,,
3869,40,50,7,CNT-23/24-162347136,,0.02,0.0,0.11,0.0,0.01,3100.34,2023-11-24 00:00:00,,,
3872,8,30,1,COMBINED/83862,,0.0,0.0,0.0,7.0,0.0,18202.24,2023-07-03 00:00:00,,1,ST=22.76;SC=1;TC=19.64;OC=7.84
3873,8,30,1,COMBINED/79309,,0.0,0.0,0.0,7.0,0.0,3040.05,2023-06-27 00:00:00,,1,ST=22.58;SC=0;TC=12.49;OC=4.98
3874,40,50,7,CNT-24/25-1570937,,0.25,6.0,1.32,38.0,0.04,39582.66,2024-04-02 00:00:00,,,
3875,1,50,7,CNT-24/25-9369441,,0.03,1.0,0.14,0.0,0.0,4031.17,2024-04-12 00:00:00,,,
3876,40,50,7,CNT-24/25-13171549,,0.27,7.0,1.47,41.0,0.05,43996.22,2024-04-18 00:00:00,,,
3877,1,50,7,CNT-24/25-12855645,,0.64,16.0,3.46,100.0,0.1,104015.65,2024-04-18 00:00:00,,,
3878,1,50,7,CNT-24/25-15002398,,0.55,7.0,2.98,89.0,0.09,924.52,2024-04-22 00:00:00,,,
3879,4,50,1,COMBINED/20692,,2.72,0.0,3.09,96.0,0.2,95794.93,2024-04-23 00:00:00,,,
3880,35,50,1,COMBINED/20851,,4.43,30.0,6.37,198.0,0.4,197968.45,2024-04-23 00:00:00,,,
3881,1,50,7,CNT-24/25-19401012,,1.07,0.0,5.74,180.0,0.18,179913.41,2024-04-26 00:00:00,,,
3882,2,50,7,CNT-24/25-21073881,,0.34,3.0,1.83,51.0,0.05,11517.58,2024-04-29 00:00:00,,,
3883,1,50,7,CNT-24/25-25496874,,0.03,1.0,0.14,0.0,0.0,4031.67,2024-05-06 00:00:00,,,
3884,40,50,7,CNT-24/25-29034720,,0.28,7.0,1.53,44.0,0.05,45805.13,2024-05-09 00:00:00,,,
3885,1,50,7,CNT-24/25-29097700,,0.31,7.0,1.66,50.0,0.05,49849.52,2024-05-09 00:00:00,,,
3886,2,50,7,CNT-24/25-31880720,,3.51,0.0,18.92,569.0,0.56,568841.31,2024-05-13 00:00:00,,,
3887,40,50,7,CNT-24/25-31320985,,0.41,0.0,2.22,59.0,0.06,58911.16,2024-05-13 00:00:00,,,
3888,1,50,7,CNT-24/25-31319277,,0.63,1.0,3.41,99.0,0.11,94798.85,2024-05-13 00:00:00,,,
3889,4,50,1,COMBINED/36257,,1.8,5.0,1.04,32.0,0.06,32392.0,2024-05-08 00:00:00,,,
3890,35,50,1,COMBINED/37879,,3.04,9.0,1.99,62.0,0.12,61920.97,2024-05-09 00:00:00,,,
3891,2,50,7,CNT-24/25-34044561,,1.54,37.0,8.29,249.0,0.24,249580.57,2024-05-15 00:00:00,,,
3892,2,50,7,CNT-24/25-45131438,,1.52,37.0,8.19,246.0,0.24,246668.95,2024-05-29 00:00:00,,,
3893,2,50,7,CNT-24/25-48248609,,5.54,30.0,29.93,851.0,0.86,449724.32,2024-06-03 00:00:00,,,
3894,2,50,7,CNT-24/25-50121170,,2.49,59.0,13.44,395.0,0.4,395569.03,2024-06-04 00:00:00,,,
3895,2,50,7,CNT-24/25-52119546,,0.59,14.0,3.16,56.0,0.09,94842.09,2024-06-05 00:00:00,,,
3896,2,50,7,CNT-24/25-59535055,,1.11,0.0,5.96,179.0,0.18,179123.0,2024-06-12 00:00:00,,,
3897,1,50,7,CNT-24/25-20566753,,0.03,1.0,0.15,0.0,0.0,4088.18,2024-04-29 00:00:00,,,
3898,1,50,7,CNT-24/25-36910390,,0.03,1.0,0.14,0.0,0.0,3973.67,2024-05-21 00:00:00,,,
3899,1,50,7,CNT-24/25-39907815,,0.15,2.0,0.79,23.0,0.02,1451.61,2024-05-23 00:00:00,,,
3900,1,50,7,CNT-24/25-42341337,,0.03,1.0,0.15,0.0,0.0,4086.18,2024-05-27 00:00:00,,,
3901,1,50,7,CNT-24/25-50773431,,0.83,20.0,4.5,99.0,0.14,135299.27,2024-06-04 00:00:00,,,
3902,1,50,7,CNT-24/25-58983123,,0.02,0.0,0.11,3.0,0.0,2982.87,2024-06-12 00:00:00,,,
3903,1,50,1,COMBINED/74573,,1.92,0.0,1.63,43.0,0.04,43354.41,2024-06-12 00:00:00,,,
3904,40,50,7,CNT-24/25-43467496,,2.15,22.0,11.7,228.0,0.25,58472.3,2024-05-28 00:00:00,,1,
3905,40,50,7,CNT-24/25-54989433,,0.41,5.0,2.2,66.0,0.07,231.87,2024-06-07 00:00:00,,,
3906,40,50,7,CNT-24/25-58916549,,0.09,0.0,0.49,13.0,0.01,12685.41,2024-06-12 00:00:00,,,
3907,40,50,7,CNT-24/25-60211674,,0.22,3.0,1.19,29.0,0.04,2185.6,2024-06-13 00:00:00,,,
3908,35,50,1,COMBINED/56735,,6.42,0.0,2.93,91.0,0.18,91093.08,2024-05-28 00:00:00,,,
3909,3,50,-1,,,0.0,0.0,0.0,0.0,0.0,0.0,2024-01-05 00:00:00,,1,
3910,4,50,8,00003078721,,0.62,0.0,3.35,89.0,0.09,89197.44,2024-06-12 00:00:00,,,
3911,35,50,1,COMBINED/79667,,12.78,24.0,11.01,342.0,0.68,18044.84,2024-06-18 00:00:00,,,
3912,2,50,7,CNT-24/25-63456113,,24.05,31.0,133.42,205.0,0.21,205504.37,2024-06-18 00:00:00,,,
3913,1,50,7,CNT-24/25-62873746,,6.0,14.0,33.21,87.0,0.09,91729.8,2024-06-18 00:00:00,,,
3914,2,50,7,CNT-24/25-64204220,,0.12,3.0,0.64,19.0,0.02,19097.78,2024-06-19 00:00:00,,,
3915,1,50,7,CNT-24/25-72034064,,0.03,1.0,0.15,0.0,0.0,4100.68,2024-06-27 00:00:00,,,
3916,1,50,7,CNT-24/25-73282986,,0.11,3.0,0.6,18.0,0.02,17829.23,2024-06-28 00:00:00,,,
3917,2,50,7,CNT-24/25-66197713,,9.31,8.0,51.66,52.0,0.05,51771.02,2024-06-20 00:00:00,,,
3919,66,81,8,0185498,,0.0,0.0,0.0,0.0,0.0,4754236.1,2023-04-13 00:00:00,,,ST=8.56;SC=5;TC=42.79;OC=4.75
3920,66,81,8,,OPENING,0.0,0.0,0.0,0.0,0.0,15433672.5,2023-04-01 00:00:00,,0,
3921,66,81,8,0155254,,0.0,0.0,0.0,0.0,0.0,10707561.36,2023-04-12 00:00:00,,,ST=19.28;SC=10;TC=96.37;OC=10.71
3922,35,50,1,COMBINED/99425,,3.74,13.0,2.8,84.0,0.08,84542.62,2024-07-04 00:00:00,,,
3923,35,50,1,COMBINED/97692,,5.42,0.0,3.07,92.0,0.09,92302.42,2024-07-03 00:00:00,,,
3924,2,50,7,CNT-24/25-77724436,,0.27,7.0,1.48,44.0,0.05,44305.3,2024-07-03 00:00:00,,,
3925,1,50,7,CNT-24/25-77162422,,0.31,7.0,1.67,50.0,0.05,49983.03,2024-07-03 00:00:00,,,
3926,2,50,7,CNT-24/25-80425720,,0.75,0.0,4.08,109.0,0.12,108526.05,2024-07-05 00:00:00,,,
3927,40,50,7,CNT-24/25-81145653,,4.75,37.0,25.63,737.0,0.77,273502.63,2024-07-08 00:00:00,,,
3928,1,50,7,CNT-24/25-80652100,,0.77,0.0,4.13,124.0,0.12,124039.68,2024-07-08 00:00:00,,,
3929,1,50,7,CNT-24/25-84234449,,0.35,9.0,1.9,57.0,0.06,56918.31,2024-07-10 00:00:00,,,
3930,40,50,7,CNT-24/25-83728995,,0.61,15.0,3.28,99.0,0.1,98619.29,2024-07-10 00:00:00,,,
3931,2,50,7,CNT-24/25-85775100,,1.41,0.0,7.61,229.0,0.23,228677.7,2024-07-11 00:00:00,,,
3932,35,50,1,COMBINED/107807,,5.39,6.0,4.05,122.0,0.12,42324.07,2024-07-11 00:00:00,,,
3933,2,50,7,CNT-24/25-87112359,,1.19,0.0,6.4,192.0,0.19,192257.81,2024-07-12 00:00:00,,,
3934,40,50,7,CNT-24/25-86476216,,2.43,0.0,13.13,149.0,0.4,394998.54,2024-07-12 00:00:00,,,
3935,1,50,7,CNT-24/25-86544384,,0.94,1.0,5.08,76.0,0.15,144473.77,2024-07-12 00:00:00,,,
3936,4,50,8,00004464926,,0.42,0.0,2.29,71.0,0.07,71031.22,2024-07-12 00:00:00,,,
3937,35,50,1,COMBINED/109479,,0.85,0.0,0.47,14.0,0.01,14235.4,2024-07-12 00:00:00,,,
3938,4,50,1,COMBINED/109291,,0.92,0.0,0.52,15.0,0.02,15352.68,2024-07-12 00:00:00,,,
3939,40,50,7,CNT-24/25-89093641,,0.63,15.0,3.41,102.0,0.1,102384.27,2024-07-16 00:00:00,,,
3940,1,50,7,CNT-24/25-89931227,,2.37,29.0,12.77,380.0,0.38,5093.32,2024-07-18 00:00:00,,,
3941,1,50,7,CNT-24/25-94926128,,23.69,5.0,130.87,484.0,0.76,453545.72,2024-07-23 00:00:00,,1,
3942,1,50,7,CNT-24/25-95939691,,0.89,11.0,4.79,144.0,0.15,1492.53,2024-07-24 00:00:00,,,
3943,35,50,1,COMBINED/128626,,1.45,0.0,0.8,24.0,0.02,24216.45,2024-07-31 00:00:00,,,
3944,1,50,7,CNT-24/25-98523658,,0.1,2.0,0.56,17.0,0.02,16582.18,2024-07-26 00:00:00,,,
3945,1,50,7,CNT-24/25-99279472,,0.03,1.0,0.15,0.0,0.0,4165.68,2024-07-29 00:00:00,,,
3946,1,50,7,CNT-24/25-102357285,,0.3,0.0,1.63,49.0,0.05,48679.02,2024-07-31 00:00:00,,,
3947,2,50,7,CNT-24/25-102880119,,0.56,0.0,3.02,91.0,0.1,90684.82,2024-07-31 00:00:00,,,
3948,2,50,4,,,0.0,0.0,0.0,0.0,0.0,1018000.0,2023-04-18 00:00:00,,0,
3949,2,50,4,,,0.0,0.0,0.0,0.0,0.0,91935.0,2022-09-08 00:00:00,,0,
3950,2,50,4,,,0.0,0.0,0.0,0.0,0.0,329967.0,2022-10-07 00:00:00,,0,
3951,2,50,4,,,0.0,0.0,0.0,0.0,0.0,985633.34,2024-01-01 00:00:00,,1,
3952,2,50,4,,,0.0,0.0,0.0,0.0,0.0,91100.0,2022-06-20 00:00:00,,0,
3953,2,50,4,,,0.0,0.0,0.0,0.0,0.0,932000.0,2022-08-25 00:00:00,,0,
3954,2,50,4,,,0.0,0.0,0.0,0.0,0.0,249750.0,2022-06-28 00:00:00,,0,
3955,2,50,4,,,0.0,0.0,0.0,0.0,0.0,388164.0,2022-06-29 00:00:00,,1,
3956,2,50,4,,,0.0,0.0,0.0,0.0,0.0,230375.0,2022-04-04 00:00:00,,0,
3957,2,50,4,,,0.0,0.0,0.0,0.0,0.0,190701.0,2022-04-11 00:00:00,,0,
3958,40,50,4,,,0.0,0.0,0.0,0.0,0.0,99035.11,2022-06-09 00:00:00,,1,
3959,40,50,4,,,0.0,0.0,0.0,0.0,0.0,73103.06,2022-09-08 00:00:00,,1,
3960,40,50,4,,,0.0,0.0,0.0,0.0,0.0,236438.59,2022-10-07 00:00:00,,1,
3961,40,50,4,,,0.0,0.0,0.0,0.0,0.0,28335.08,2022-06-01 00:00:00,,1,
3962,4,50,4,,,0.0,0.0,0.0,0.0,0.0,1053693.89,2023-04-10 00:00:00,,1,
3963,1,50,7,CNT-24/25-104973277,,0.09,0.0,0.48,13.0,0.02,12622.66,2024-08-02 00:00:00,,,
3964,2,50,7,CNT-24/25-105535954,,1.17,28.0,6.29,189.0,0.18,189259.99,2024-08-02 00:00:00,,,
3965,40,50,7,CNT-24/25-104905874,,1.5,19.0,8.1,230.0,0.22,23139.51,2024-08-02 00:00:00,,,
3966,40,50,7,CNT-24/25-106942581,,0.28,7.0,1.51,45.0,0.05,45362.0,2024-08-05 00:00:00,,,
3967,1,50,4,,,0.0,0.0,0.0,0.0,0.0,997400.0,2022-07-04 00:00:00,,0,
3968,1,50,4,,,0.0,0.0,0.0,0.0,0.0,93783.96,2022-09-08 00:00:00,,1,
3969,1,50,4,,,0.0,0.0,0.0,0.0,0.0,47724.44,2022-03-08 00:00:00,,0,
3970,1,50,4,,,0.0,0.0,0.0,0.0,0.0,9407.2,2022-03-09 00:00:00,,0,
3971,1,50,4,,,0.0,0.0,0.0,0.0,0.0,84544.03,2022-03-08 00:00:00,,0,
3972,1,50,4,,,0.0,0.0,0.0,0.0,0.0,998000.0,2023-08-10 00:00:00,,0,
3973,1,50,4,,,0.0,0.0,0.0,0.0,0.0,1013800.0,2023-06-21 00:00:00,,0,
3974,1,50,4,,,0.0,0.0,0.0,0.0,0.0,185300.0,2022-05-30 00:00:00,,0,
3975,1,50,4,,,0.0,0.0,0.0,0.0,0.0,101200.0,2022-06-08 00:00:00,,0,
3976,2,40,7,CNT-24/25-111180071,,5.44,0.0,29.17,0.0,1.07,1060494.32,2024-08-08 00:00:00,,,
3977,1,50,7,CNT-24/25-106988598,,0.03,1.0,0.14,0.0,0.0,3914.67,2024-08-05 00:00:00,,,
3978,1,50,7,CNT-24/25-113093787,,0.03,1.0,0.14,0.0,0.0,3876.17,2024-08-12 00:00:00,,,
3979,1,50,7,CNT-24/25-118012493,,0.03,1.0,0.14,0.0,0.0,3885.17,2024-08-19 00:00:00,,,
3980,2,50,7,CNT-24/25-122026766,,0.23,6.0,1.24,37.0,0.04,37174.51,2024-08-22 00:00:00,,,
3981,40,50,7,CNT-24/25-121464669,,0.2,5.0,1.06,32.0,0.03,31694.54,2024-08-22 00:00:00,,,
3982,1,50,7,CNT-24/25-121208316,,0.28,7.0,1.49,45.0,0.04,44708.81,2024-08-22 00:00:00,,,
3983,2,50,7,CNT-24/25-138620849,,2.01,20.0,10.84,326.0,0.32,63915.63,2024-09-11 00:00:00,,,
3984,2,50,7,CNT-24/25-139757247,,0.4,10.0,2.17,65.0,0.06,65001.48,2024-09-12 00:00:00,,,
3985,1,50,7,CNT-24/25-141094388,,2.83,0.0,15.27,460.0,0.46,459101.44,2024-09-16 00:00:00,,,
3986,40,50,7,CNT-24/25-141590122,,0.01,0.0,0.07,2.0,0.0,1747.92,2024-09-16 00:00:00,,,
3987,35,50,1,COMBINED/177155:16-09-2024,,0.11,0.0,0.06,2.0,0.0,1869.27,2024-09-16 00:00:00,,,
3988,4,50,1,,,0.0,0.0,0.0,0.0,0.0,1035000.0,2024-08-29 00:00:00,,0,
3989,2,50,7,,,0.0,0.0,0.0,0.0,0.0,1035028.0,2024-08-12 00:00:00,,1,
3990,35,50,1,COMBINED/185101:23-09-2024,,2.45,0.0,4.56,137.0,0.14,137171.85,2024-09-23 00:00:00,,,
3991,40,50,7,CNT-24/25-126105908,,2.71,33.0,14.62,440.0,0.44,956.74,2024-08-28 00:00:00,,,
3992,35,50,1,COMBINED/192783:30-09-2024,,1.75,4.0,0.97,29.0,0.03,29119.48,2024-09-30 00:00:00,,,
3993,35,50,1,COMBINED/194262:01-10-2024,,0.85,2.0,0.43,14.0,0.01,14304.08,2024-10-01 00:00:00,,,
3994,2,50,7,CNT-24/25-149986002,,0.11,0.0,0.58,15.0,0.01,15104.3,2024-09-24 00:00:00,,,
3995,1,50,7,CNT-24/25-157171143,,11.88,10.0,65.96,66.0,0.07,66103.91,2024-10-03 00:00:00,,,
3996,35,50,1,COMBINED/195837:03-10-2024,,0.84,2.0,0.43,14.0,0.01,14101.51,2024-10-03 00:00:00,,,
3997,2,50,7,CNT-24/25-156738302,,0.08,2.0,0.45,14.0,0.01,14199.04,2024-10-03 00:00:00,,,
3998,2,50,7,CNT-24/25-162264177,,1.15,30.0,6.17,201.0,0.2,200958.52,2024-10-09 00:00:00,,,
3999,1,50,7,CNT-24/25-161810256,,2.41,0.0,13.37,13.0,0.01,13326.21,2024-10-09 00:00:00,,,
4000,4,50,8,00008240347,,1.12,0.0,5.96,201.0,0.19,200511.73,2024-10-09 00:00:00,,,
4001,35,50,1,COMBINED/197426:04-10-2024,,3.42,5.0,0.98,32.0,0.03,32149.43,2024-10-04 00:00:00,,,
4002,4,50,8,00008298978,,0.1,3.0,0.56,19.0,0.02,18822.53,2024-10-10 00:00:00,,,
4003,2,50,7,CNT-24/25-164162878,,0.43,0.0,2.29,74.0,0.07,74175.01,2024-10-11 00:00:00,,,
4004,1,50,7,CNT-24/25-163788551,,5.19,0.0,28.81,29.0,0.03,28736.97,2024-10-11 00:00:00,,,
4005,4,50,8,00008353647,,0.6,16.0,3.22,108.0,0.1,108429.72,2024-10-11 00:00:00,,,
4006,35,50,1,COMBINED/203559:11-10-2024,,1.81,0.0,1.04,34.0,0.03,34004.11,2024-10-11 00:00:00,,,
4007,1,50,7,CNT-24/25-164733638,,0.44,0.0,2.45,1.0,0.0,21.89,2024-10-14 00:00:00,,1,
4008,2,50,7,CNT-24/25-165152877,,0.51,0.0,2.77,60.0,0.08,76649.94,2024-10-14 00:00:00,,,
4009,4,50,8,00008406418,,0.04,0.0,0.24,0.0,0.0,7955.72,2024-10-14 00:00:00,,,
4010,40,50,7,CNT-24/25-165683849,,2.45,0.0,13.16,428.0,0.43,428029.0,2024-10-15 00:00:00,,,
4011,2,50,7,CNT-24/25-166160175,,2.96,0.0,15.91,518.0,0.52,517431.23,2024-10-15 00:00:00,,,
4012,1,50,7,CNT-24/25-166325427,,3.19,0.0,17.16,559.0,0.56,557980.75,2024-10-16 00:00:00,,,
4013,40,50,7,CNT-24/25-169817610,,0.03,1.0,0.18,0.0,0.01,5501.72,2024-10-21 00:00:00,,,
4014,1,50,7,CNT-24/25-168835559,,0.5,7.0,2.71,88.0,0.09,1136.86,2024-10-18 00:00:00,,,
4015,1,50,7,CNT-24/25-169871504,,0.31,8.0,1.69,55.0,0.05,54640.05,2024-10-21 00:00:00,,,
4016,40,50,7,CNT-24/25-175331997,,0.03,1.0,0.17,0.0,0.01,5367.46,2024-10-28 00:00:00,,,
4017,1,50,7,CNT-24/25-176473563,,0.15,4.0,0.82,26.0,0.03,26393.5,2024-10-29 00:00:00,,,
4018,1,50,7,CNT-24/25-180475092,,0.15,4.0,0.78,25.0,0.02,25134.45,2024-11-04 00:00:00,,,
4019,1,50,7,CNT-24/25-182670637,,0.26,7.0,1.37,44.0,0.04,44495.67,2024-11-06 00:00:00,,,
4020,2,50,7,CNT-24/25-176916520,,0.09,2.0,0.51,16.0,0.02,16151.12,2024-10-29 00:00:00,,,
4021,40,50,7,CNT-24/25-191127039,,0.03,1.0,0.18,0.0,0.01,5501.72,2024-11-19 00:00:00,,,
4022,1,50,7,CNT-24/25-185884625,,0.12,3.0,0.64,20.0,0.01,20387.27,2024-11-11 00:00:00,,,
4023,1,50,7,CNT-24/25-195110973,,0.09,2.0,0.5,16.0,0.02,16093.61,2024-11-26 00:00:00,,,
4024,1,50,7,CNT-24/25-196071378,,0.02,1.0,0.12,4.0,0.0,3537.64,2024-11-27 00:00:00,,,
4025,40,50,7,CNT-24/25-198059285,,0.24,6.0,1.29,42.0,0.04,41614.57,2024-11-29 00:00:00,,,
4026,1,50,7,CNT-24/25-198107625,,0.21,5.0,1.12,36.0,0.03,36089.86,2024-11-29 00:00:00,,,
4027,40,50,7,CNT-24/25-201044531,,0.07,2.0,0.4,13.0,0.02,12677.99,2024-12-04 00:00:00,,,
4028,40,50,7,CNT-24/25-200019441,,0.17,4.0,0.9,29.0,0.03,29118.8,2024-12-03 00:00:00,,,
4029,1,50,7,CNT-24/25-202159590,,0.07,2.0,0.4,13.0,0.01,12646.73,2024-12-05 00:00:00,,,
4030,40,50,7,CNT-24/25-202587064,,0.02,0.0,0.09,2.0,-0.01,2489.6,2024-12-05 00:00:00,,,
4031,40,50,7,CNT-24/25-204174779,,0.37,10.0,1.98,64.0,0.06,64151.91,2024-12-09 00:00:00,,,
4032,1,50,7,CNT-24/25-204227935,,0.11,3.0,0.58,19.0,0.02,18667.71,2024-12-09 00:00:00,,,
4033,1,50,7,CNT-24/25-205240316,,0.08,2.0,0.4,13.0,0.01,12871.74,2024-12-10 00:00:00,,,
4034,40,50,7,CNT-24/25-206159654,,0.06,2.0,0.33,10.0,0.01,10321.6,2024-12-11 00:00:00,,,
4035,1,50,7,CNT-24/25-206208593,,8.75,8.0,48.32,62.0,0.3,17407.87,2024-12-11 00:00:00,,1,
4036,1,50,7,CNT-24/25-207198575,,0.12,3.0,0.63,20.0,0.02,20189.52,2024-12-12 00:00:00,,,
4037,40,50,7,CNT-24/25-208161541,,0.12,2.0,0.63,20.0,0.02,1834.92,2024-12-13 00:00:00,,,
4038,2,50,7,CNT-24/25-208636734,,0.91,3.0,4.87,37.0,0.15,120823.83,2024-12-13 00:00:00,,,
4039,1,50,7,CNT-24/25-208213079,,9.19,4.0,50.97,79.0,0.07,20739.52,2024-12-13 00:00:00,,,
4040,2,50,7,CNT-24/25-209552062,,1.52,15.0,8.19,99.0,0.25,244676.71,2024-12-16 00:00:00,,,
4041,1,50,7,CNT-24/25-209170269,,0.12,3.0,0.67,19.0,0.02,19329.06,2024-12-16 00:00:00,,,
4043,1,50,7,CNT-24/25-210139116,,0.69,16.0,3.7,104.0,0.1,103710.24,2024-12-17 00:00:00,,,
4044,1,50,7,CNT-24/25-211249724,,0.34,8.0,1.81,55.0,0.05,54824.2,2024-12-18 00:00:00,,,
4045,2,50,7,CNT-24/25-211753090,,0.12,0.0,0.68,18.0,0.02,17731.18,2024-12-18 00:00:00,,,
4046,1,50,7,CNT-24/25-212399118,,0.08,2.0,0.45,14.0,0.02,14300.8,2024-12-19 00:00:00,,,
4047,1,50,7,CNT-24/25-213516978,,0.09,2.0,0.48,15.0,0.02,15455.09,2024-12-20 00:00:00,,,
4048,1,50,7,CNT-24/25-214536551,,0.4,9.0,2.14,57.0,0.05,56909.59,2024-12-23 00:00:00,,,
4049,2,50,7,CNT-24/25-217488128,,0.4,9.0,2.17,62.0,0.07,61830.64,2024-12-27 00:00:00,,,
4050,2,50,7,CNT-24/25-219255905,,0.2,5.0,1.08,31.0,0.03,30632.36,2024-12-31 00:00:00,,,
4051,1,50,7,CNT-24/25-215404249,,0.02,1.0,0.12,4.0,0.01,3697.65,2024-12-24 00:00:00,,,
4052,2,50,7,CNT-24/25-220043167,,0.39,9.0,2.11,59.0,0.06,59526.36,2025-01-01 00:00:00,,,
4053,1,50,7,CNT-24/25-219713887,,0.14,3.0,0.74,19.0,0.01,19375.39,2025-01-01 00:00:00,,,
4054,40,50,7,CNT-24/25-221461128,,0.45,12.0,2.43,79.0,0.08,78916.76,2025-01-03 00:00:00,,,
4055,1,50,7,CNT-24/25-221510761,,0.07,2.0,0.35,11.0,0.01,11145.43,2025-01-03 00:00:00,,,
4056,40,50,7,CNT-24/25-222480223,,0.18,5.0,0.95,31.0,0.03,30624.66,2025-01-06 00:00:00,,,
4057,1,50,7,CNT-24/25-222535414,,0.07,2.0,0.36,11.0,0.01,11397.38,2025-01-06 00:00:00,,,
4058,2,50,7,CNT-24/25-222991370,,0.83,22.0,4.45,145.0,0.14,144747.42,2025-01-06 00:00:00,,,
4059,2,50,7,CNT-24/25-223874430,,0.13,3.0,0.71,19.0,0.02,18632.36,2025-01-07 00:00:00,,,
4060,2,50,7,CNT-24/25-224764307,,0.06,1.0,0.32,10.0,0.0,9977.38,2025-01-08 00:00:00,,,
4061,1,50,7,CNT-24/25-223508581,,0.05,1.0,0.28,9.0,0.01,8775.34,2025-01-07 00:00:00,,,
4062,2,50,7,CNT-24/25-226639348,,0.04,1.0,0.21,6.0,0.0,6423.25,2025-01-10 00:00:00,,,
4063,2,50,7,CNT-24/25-227723317,,2.03,29.0,10.95,349.0,0.35,36815.03,2025-01-13 00:00:00,,,
4064,2,50,7,CNT-24/25-229424037,,0.04,1.0,0.2,6.0,0.0,6201.29,2025-01-15 00:00:00,,,
4065,40,50,7,CNT-24/25-225239352,,0.03,1.0,0.17,0.0,0.01,5285.71,2025-01-09 00:00:00,,,
4066,1,50,7,CNT-24/25-226811557,,5.92,24.0,32.52,330.0,0.34,7282.32,2025-01-13 00:00:00,,1,
4067,1,50,7,CNT-24/25-231548797,,0.06,2.0,0.35,11.0,0.01,11049.67,2025-01-20 00:00:00,,,
4068,2,50,7,CNT-24/25-237249600,,0.53,13.0,2.87,86.0,0.09,86462.59,2025-01-28 00:00:00,,,
4069,1,50,7,CNT-24/25-232420067,,0.05,1.0,0.26,8.0,0.01,8159.32,2025-01-21 00:00:00,,,
4070,1,50,7,CNT-24/25-234958474,,0.06,2.0,0.32,10.0,0.01,10243.54,2025-01-24 00:00:00,,,
4071,1,50,7,CNT-24/25-236846468,,0.03,1.0,0.15,4.0,0.0,4494.88,2025-01-28 00:00:00,,,
4072,2,50,7,CNT-24/25-250937332,,0.03,1.0,0.17,5.0,0.01,5214.21,2025-02-17 00:00:00,,,
4073,1,50,7,CNT-24/25-143714051,,0.02,1.0,0.13,0.0,0.01,3734.16,2024-09-18 00:00:00,,,
4074,1,50,7,CNT-24/25-267551017,,0.26,7.0,1.39,45.0,0.04,44997.69,2025-03-21 00:00:00,,,
4075,4,50,8,00013361068:Mar 21 2025,,0.26,0.0,1.37,45.0,0.04,44849.33,2025-03-21 00:00:00,,,
4076,1,50,7,CNT-24/25-268401390,,0.01,0.0,0.05,1.0,0.0,1296.06,2025-03-24 00:00:00,,,
4077,40,50,7,CNT-24/25-268356149,,1.93,51.0,10.41,339.0,0.34,339071.33,2025-03-24 00:00:00,,,
4078,2,50,7,CNT-24/25-268770634,,2.12,0.0,11.45,338.0,0.35,338140.08,2025-03-24 00:00:00,,,
4079,2,50,7,CNT-24/25-269622887,,0.97,0.0,5.24,170.0,0.18,170289.01,2025-03-25 00:00:00,,,
4080,1,50,7,CNT-24/25-269264763,,0.97,26.0,5.24,170.0,0.18,170630.44,2025-03-25 00:00:00,,,
4081,35,50,1,COMBINED/334468:27-03-2025,,6.77,40.0,8.2,267.0,0.27,267457.01,2025-03-27 00:00:00,,,
4082,1,50,7,CNT-24/25-270836805,,1.53,0.0,8.21,267.0,0.27,266927.04,2025-03-27 00:00:00,,,
4083,35,50,1,COMBINED/133542:05-08-2024,,1.02,3.0,0.57,17.0,0.02,17045.47,2024-08-05 00:00:00,,,
4084,1,50,7,CNT-25/26-43861806,,0.53,14.0,2.86,93.0,0.09,92895.48,2025-06-17 00:00:00,,,
4085,1,50,7,CNT-25/26-44663413,,0.02,0.0,0.1,3.0,0.0,3010.62,2025-06-18 00:00:00,,,
4086,1,50,7,CNT-25/26-47954627,,0.02,0.0,0.1,3.0,0.01,3050.63,2025-06-24 00:00:00,,,
4087,1,50,7,CNT-25/26-48789983,,0.37,0.0,1.99,61.0,0.06,60938.33,2025-06-25 00:00:00,,,
4088,35,50,1,COMBINED/70218:01-07-2025,,2.99,0.0,0.8,26.0,0.03,26113.78,2025-07-01 00:00:00,,,
4089,1,50,7,CNT-25/26-52211723,,0.04,0.0,0.24,7.0,0.01,7373.66,2025-07-01 00:00:00,,,
4090,35,50,1,COMBINED/131813:02-08-2024,,1.92,0.0,1.68,51.0,0.05,50491.35,2024-08-02 00:00:00,,,
4091,40,50,7,CNT-25/26-58124463,,0.57,15.0,3.07,100.0,0.1,99828.74,2025-07-10 00:00:00,,,
4092,1,50,7,CNT-25/26-58166324,,0.52,11.0,2.79,74.0,0.07,74252.88,2025-07-10 00:00:00,,,
4093,1,50,7,CNT-25/26-59823044,,0.43,0.0,2.3,63.0,0.06,63227.42,2025-07-14 00:00:00,,,
4094,1,50,7,CNT-25/26-60646490,,0.81,0.0,4.34,137.0,0.14,134246.31,2025-07-15 00:00:00,,,
4095,2,50,7,CNT-25/26-60991928,,0.1,0.0,0.54,17.0,0.02,17307.94,2025-07-15 00:00:00,,,
4096,1,50,7,CNT-25/26-61453227,,0.13,4.0,0.69,25.0,0.03,24914.85,2025-07-16 00:00:00,,,
4097,40,50,7,CNT-25/26-62219952,,0.39,0.0,2.11,42.0,0.07,68309.73,2025-07-17 00:00:00,,,
4098,1,50,7,CNT-25/26-63079972,,17.51,29.0,96.95,340.0,0.34,43778.95,2025-07-18 00:00:00,,,
4099,40,50,7,CNT-25/26-63038192,,0.51,0.0,2.78,74.0,0.08,73839.63,2025-07-18 00:00:00,,,
4100,2,50,7,CNT-25/26-63421119,,0.2,0.0,1.09,35.0,0.03,34984.18,2025-07-18 00:00:00,,,
4101,35,50,1,COMBINED/85247:18-07-2025,,3.79,0.0,2.96,98.0,0.1,97529.21,2025-07-18 00:00:00,,,
4102,1,50,7,CNT-25/26-64784492,,0.01,0.0,0.08,0.0,0.0,2201.69,2025-07-22 00:00:00,,,
4103,40,50,7,CNT-25/26-66382339,,0.05,0.0,0.27,9.0,0.01,8500.17,2025-07-24 00:00:00,,,
4104,8,30,1,COMBINED/88576:23-07-2025,,10.82,15.0,27.27,149.0,16.39,4228.66,2025-07-23 00:00:00,,,
4105,1,50,7,CNT-25/26-68977154,,0.01,0.0,0.08,0.0,0.0,2189.29,2025-07-29 00:00:00,,,
4106,1,50,7,CNT-25/26-70582464,,0.58,15.0,3.11,101.0,0.1,101119.79,2025-07-31 00:00:00,,,
4107,1,50,7,CNT-25/26-71468100,,0.31,0.0,1.68,54.0,0.05,54234.81,2025-08-01 00:00:00,,,
4108,1,50,7,CNT-25/26-73922770,,0.01,0.0,0.08,0.0,0.0,2191.09,2025-08-06 00:00:00,,,
4109,1,50,7,CNT-25/26-75668410,,0.29,0.0,1.58,42.0,0.05,41896.08,2025-08-08 00:00:00,,,
4110,3,50,-1,,,0.0,0.0,0.0,0.0,0.0,2000.0,1999-08-11 00:00:00,,1,
4111,1,50,7,CNT-25/26-76485896,,0.28,0.0,1.53,50.0,0.05,49478.14,2025-08-11 00:00:00,,,
4112,1,50,7,CNT-25/26-79719065,,0.01,0.0,0.08,0.0,0.0,2200.89,2025-08-18 00:00:00,,,
4113,1,50,7,CNT-25/26-83956343,,0.06,0.0,0.36,9.0,0.01,9320.57,2025-08-25 00:00:00,,,
4114,2,50,7,CNT-25/26-80074525,,0.04,1.0,0.22,7.0,0.01,6929.27,2025-08-18 00:00:00,,,
4115,40,50,7,CNT-25/26-83918183,,0.7,0.0,3.75,122.0,0.12,121848.93,2025-08-25 00:00:00,,,
4116,8,30,1,COMBINED/114069:28-08-2025,,10.76,15.0,27.03,147.0,16.25,4111.4,2025-08-28 00:00:00,,,
4117,1,50,7,CNT-25/26-91395204,,0.0,0.0,0.0,0.0,0.0,2380.0,2025-09-08 00:00:00,,,
4118,2,50,7,CNT-25/26-92162106,,0.0,0.0,0.0,0.0,0.0,20732.8,2025-09-09 00:00:00,,,
4119,1,50,7,CNT-25/26-92238821,,0.0,0.0,0.0,0.0,0.0,4538.8,2025-09-09 00:00:00,,,
4120,40,50,7,CNT-25/26-95424358,,0.0,0.0,0.0,0.0,0.0,31211.7,2025-09-15 00:00:00,,,
4121,2,50,7,CNT-25/26-95390739,,0.0,0.0,0.0,0.0,0.0,51138.8,2025-09-15 00:00:00,,,
4122,1,50,7,CNT-25/26-95464353,,0.0,0.0,0.0,0.0,0.0,189784.49,2025-09-15 00:00:00,,,
4123,35,50,1,COMBINED/126856:15-09-2025,,1.92,0.0,1.65,54.0,0.05,53833.38,2025-09-15 00:00:00,,,
4124,35,50,1,COMBINED/127900:16-09-2025,,1.68,0.0,0.87,28.0,0.03,28210.95,2025-09-16 00:00:00,,,
4125,40,50,7,CNT-25/26-96255321,,0.0,0.0,0.0,0.0,0.0,37817.58,2025-09-16 00:00:00,,,
4126,40,50,7,CNT-25/26-98778852,,0.0,0.0,0.0,0.0,0.0,146548.13,2025-09-19 00:00:00,,,
4127,1,50,7,CNT-25/26-98820345,,0.0,0.0,0.0,0.0,0.0,108595.7,2025-09-19 00:00:00,,,
4128,1,50,7,CNT-25/26-99700433,,0.0,0.0,0.0,0.0,0.0,2545.8,2025-09-22 00:00:00,,,
4129,40,50,7,CNT-25/26-103977671,,0.0,0.0,0.0,0.0,0.0,131657.55,2025-09-29 00:00:00,,,
4130,2,50,7,CNT-25/26-103943662,,0.0,0.0,0.0,0.0,0.0,69391.44,2025-09-29 00:00:00,,,
4131,4,50,1,COMBINED/137858:29-09-2025,,1.78,0.0,0.92,30.0,0.03,29838.31,2025-09-29 00:00:00,,,
4132,35,50,1,COMBINED/137982:29-09-2025,,10.63,0.0,7.03,168.0,0.18,106435.91,2025-09-29 00:00:00,,,
4133,4,50,8,00004583307:Sep 29 2025,,1.38,0.0,7.61,184.0,0.24,119774.97,2025-09-29 00:00:00,,,
4134,40,50,7,CNT-25/26-104562502,,0.38,0.0,2.07,67.0,0.07,66879.48,2025-09-30 00:00:00,,,
4135,2,50,7,CNT-25/26-104964523,,0.76,0.0,4.08,133.0,0.13,132523.53,2025-09-30 00:00:00,,,
4136,2,50,7,CNT-25/26-105591721,,0.0,0.0,0.0,0.0,0.0,64800.0,2025-10-01 00:00:00,,,
4137,2,50,7,CNT-25/26-106429353,,0.0,0.0,0.0,0.0,0.0,23194.9,2025-10-03 00:00:00,,,
4138,1,50,7,CNT-25/26-108999107,,0.0,0.0,0.0,0.0,0.0,2918.6,2025-10-08 00:00:00,,,
4141,1,50,7,CNT-25/26-116320887,,0.0,0.0,0.0,0.0,0.0,99848.05,2025-10-20 00:00:00,,,
4142,1,50,7,CNT-25/26-112706647,,0.0,0.0,0.0,0.0,0.0,312130.0,2025-10-14 00:00:00,,,
4143,40,50,7,CNT-25/26-132133270,,0.0,0.0,0.0,0.0,0.0,293394.3,2025-11-17 00:00:00,,,
4144,40,50,7,CNT-25/26-144653932,,0.0,0.0,0.0,0.0,0.0,111325.0,2025-12-08 00:00:00,,,
4145,40,50,7,CNT-25/26-145550969,,0.0,0.0,0.0,0.0,0.0,35275.0,2025-12-09 00:00:00,,,
4146,40,50,7,CNT-25/26-147191401,,0.0,0.0,0.0,0.0,0.0,49711.43,2025-12-11 00:00:00,,,
4147,1,50,7,CNT-25/26-148779372,,0.0,0.0,0.0,0.0,0.0,92124.81,2025-12-15 00:00:00,,,
4148,40,50,7,CNT-25/26-147951943,,0.0,0.0,0.0,0.0,0.0,5511.3,2025-12-12 00:00:00,,,
4149,40,50,7,CNT-25/26-148739989,,0.0,0.0,0.0,0.0,0.0,11053.8,2025-12-15 00:00:00,,,
4150,40,50,7,CNT-25/26-151127441,,0.0,0.0,0.0,0.0,0.0,24152.75,2025-12-18 00:00:00,,,
4151,2,50,7,CNT-25/26-151094695,,0.0,0.0,0.0,0.0,0.0,105998.2,2025-12-18 00:00:00,,,
4152,1,50,7,CNT-25/26-152082713,,0.0,0.0,0.0,0.0,0.0,124824.0,2025-12-19 00:00:00,,,
4153,1,50,7,CNT-25/26-153779616,,0.26,7.0,1.42,46.0,0.05,45882.23,2025-12-23 00:00:00,,,
4154,1,50,7,CNT-25/26-154587553,,0.35,9.0,1.89,61.0,0.06,61187.3,2025-12-24 00:00:00,,,
4155,40,40,7,CNT-25/26-152035799,,0.63,0.0,3.37,0.0,0.1,109404.1,2025-12-19 00:00:00,,,
4156,1,50,7,CNT-25/26-155390495,,0.42,9.0,2.28,74.0,0.07,47100.77,2025-12-26 00:00:00,,,
4157,40,50,7,CNT-25/26-155350961,,0.52,5.0,2.79,91.0,0.09,19793.6,2025-12-26 00:00:00,,,
4158,40,50,7,CNT-25/26-156221775,,0.38,6.0,2.05,23.0,0.07,19614.0,2025-12-29 00:00:00,,,
4159,1,50,7,CNT-25/26-156265814,,0.17,5.0,0.93,30.0,0.04,30071.14,2025-12-29 00:00:00,,,
4160,40,50,7,CNT-25/26-157094466,,0.49,0.0,2.66,86.0,0.09,86249.76,2025-12-30 00:00:00,,,
4161,2,50,7,CNT-25/26-157058321,,2.42,0.0,13.01,417.0,0.41,416125.01,2025-12-30 00:00:00,,,
4162,4,50,8,00006767911:Dec 30 2025,,0.08,0.0,0.41,13.0,0.01,13416.5,2025-12-30 00:00:00,,,
4163,2,50,4,,,0.0,0.0,0.0,0.0,0.0,2000.0,1990-01-07 00:00:00,,0,
4164,40,50,7,CNT-25/26-169615729,,0.78,8.0,4.19,86.0,0.14,35635.09,2026-01-20 00:00:00,,,
4165,1,50,7,CNT-25/26-168616921,,0.51,15.0,2.75,0.0,0.1,99625.51,2026-01-19 00:00:00,,,
4166,1,50,7,CNT-25/26-169668464,,0.78,0.0,4.2,136.0,0.13,136178.89,2026-01-20 00:00:00,,,
4167,2,50,7,CNT-25/26-168526812,,0.47,12.0,2.5,0.0,0.08,81261.45,2026-01-19 00:00:00,,,
4168,2,50,7,CNT-25/26-169571025,,0.36,9.0,1.93,0.0,0.06,62636.35,2026-01-20 00:00:00,,,
4169,2,40,7,redemption,redemption,0.0,0.0,0.0,0.0,0.0,134860.0,2026-01-01 00:00:00,,0,
4170,2,50,7,CNT-25/26-171603253,,0.29,8.0,1.57,0.0,0.05,50803.91,2026-01-22 00:00:00,,,
4171,40,50,7,CNT-25/26-171644182,,0.19,5.0,1.02,0.0,0.03,32881.24,2026-01-22 00:00:00,,,
4172,1,50,7,CNT-25/26-171692549,,0.62,16.0,3.33,0.0,0.11,108176.06,2026-01-22 00:00:00,,,
4173,40,50,7,CNT-25/26-173548231,,0.22,0.0,1.21,0.0,0.04,39061.03,2026-01-27 00:00:00,,,
4174,2,50,7,CNT-25/26-173506633,,0.36,0.0,1.94,0.0,0.07,62997.63,2026-01-27 00:00:00,,,
4175,1,50,7,CNT-25/26-173597372,,0.71,0.0,3.84,0.0,0.13,124843.79,2026-01-27 00:00:00,,,
4176,40,50,7,CNT-25/26-175451854,,0.43,0.0,2.33,75.0,0.07,75362.42,2026-01-29 00:00:00,,,
4177,2,50,7,CNT-25/26-178642595,,0.24,6.0,1.28,30.0,0.04,41379.06,2026-02-02 00:00:00,,,
4178,40,50,7,CNT-25/26-178687849,,0.66,17.0,3.57,0.0,0.12,115896.35,2026-02-02 00:00:00,,,
4179,1,50,7,CNT-25/26-179837707,,0.07,2.0,0.39,0.0,0.02,12482.48,2026-02-03 00:00:00,,,
4180,1,50,7,CNT-25/26-178741310,,0.43,11.0,2.3,0.0,0.08,74751.31,2026-02-02 00:00:00,,,
4181,2,50,7,CNT-25/26-180751030,,0.15,4.0,0.79,26.0,0.03,25550.97,2026-02-04 00:00:00,,,
4182,1,50,7,CNT-25/26-180840918,,0.4,10.0,2.14,69.0,0.07,69529.11,2026-02-04 00:00:00,,,
4183,1,50,7,CNT-25/26-181785860,,0.37,10.0,1.98,18.0,0.06,64273.91,2026-02-05 00:00:00,,,
4184,1,50,7,CNT-25/26-183532706,,0.07,2.0,0.38,0.0,0.01,12092.46,2026-02-09 00:00:00,,,
4185,1,50,7,CNT-25/26-186159027,,0.04,1.0,0.2,0.0,0.0,6171.24,2026-02-12 00:00:00,,,
4186,1,50,7,CNT-25/26-187092868,,0.04,1.0,0.19,0.0,0.01,6026.24,2026-02-13 00:00:00,,,
4187,1,50,7,CNT-25/26-195384484,,0.04,1.0,0.2,0.0,0.0,6176.24,2026-02-27 00:00:00,,,
4188,40,50,7,CNT-25/26-204667123,,0.21,5.0,1.12,0.0,0.04,36285.37,2026-03-16 00:00:00,,,
4189,35,50,9,30478321:19-03-2026,,0.18,5.0,1.01,0.0,0.03,32870.59,2026-03-19 00:00:00,,,
4190,35,50,1,COMBINED/263912:19-03-2026,,1.81,0.0,0.99,32.0,0.03,32346.17,2026-03-19 00:00:00,,,
4191,1,50,7,CNT-25/26-207297926,,0.55,8.0,2.94,95.0,0.09,11658.55,2026-03-19 00:00:00,,,
4192,2,50,1,old shares,,0.0,0.0,0.0,0.0,0.0,5000.0,1990-04-01 00:00:00,,0,
4193,4,50,1,old shares,,0.0,0.0,0.0,0.0,0.0,5000.0,1990-04-01 00:00:00,,0,
4194,40,50,7,CNT-25/26-209155308,,0.36,9.0,1.93,0.0,0.05,59792.24,2026-03-23 00:00:00,,,
4195,2,50,7,CNT-25/26-210072258,,5.86,0.0,32.51,33.0,0.03,32432.07,2026-03-24 00:00:00,,,
4196,40,50,7,CNT-25/26-210110010,,2.82,29.0,15.2,284.0,0.49,100905.64,2026-03-24 00:00:00,,,
4197,1,50,7,CNT-25/26-210154634,,4.75,62.0,25.55,651.0,0.83,859.28,2026-03-24 00:00:00,,,
4198,4,50,8,00008746244:Mar 24 2026,,5.38,81.0,28.91,637.0,0.94,135826.58,2026-03-24 00:00:00,,,
4199,35,50,1,COMBINED/267992:25-03-2026,,3.36,0.0,2.28,74.0,0.07,74070.5,2026-03-25 00:00:00,,,
4201,1,50,7,CNT-25/26-210993140,,0.29,7.0,1.54,50.0,0.04,49792.87,2026-03-25 00:00:00,,,
4202,1,50,7,CNT-25/26-197552010,,0.15,4.0,0.78,25.0,0.02,25215.2,2026-03-04 00:00:00,,,
4203,40,50,7,CNT-25/26-205524887,,0.61,16.0,3.3,0.0,0.1,107037.86,2026-03-17 00:00:00,,,
4204,1,50,7,CNT-25/26-212856092,,0.2,0.0,1.06,34.0,0.03,34064.71,2026-03-30 00:00:00,,,
4205,40,50,7,CNT-26/27-4006025,,0.4,10.0,2.15,0.0,0.07,69837.62,2026-04-08 00:00:00,,,
4206,40,50,7,CNT-26/27-10088957,,0.28,7.0,1.53,0.0,0.06,49598.87,2026-04-20 00:00:00,,,
4207,40,50,7,CNT-26/27-11710496,,0.32,8.0,1.73,0.0,0.05,55891.3,2026-04-22 00:00:00,,,
4208,40,50,7,CNT-26/27-12544192,,0.46,12.0,2.46,55.0,0.07,79814.99,2026-04-23 00:00:00,,,
4209,40,50,7,CNT-26/27-15823818,,0.36,10.0,1.95,63.0,0.07,63385.38,2026-04-29 00:00:00,,,
4211,40,50,7,CNT-26/27-17511052,,7.56,11.0,7.38,140.0,0.23,7696.97,2026-05-04 00:00:00,,1,
4212,35,50,9,3893506:13-05-2026,,0.18,0.0,0.95,0.0,0.03,31055.34,2026-05-13 00:00:00,,,
4213,40,50,7,CNT-26/27-22883874,,0.28,7.0,1.51,0.0,0.07,49308.86,2026-05-12 00:00:00,,,
4214,4,50,8,00000868155:May 13 2026,,3.74,0.0,20.11,367.0,0.65,654648.04,2026-05-13 00:00:00,,,
4215,2,50,7,CNT-26/27-23759195,,4.26,0.0,23.0,626.0,0.67,669935.8,2026-05-13 00:00:00,,,
4216,40,50,7,CNT-26/27-23796013,,5.32,0.0,28.71,386.0,0.86,855301.66,2026-05-13 00:00:00,,,
4217,1,50,7,CNT-26/27-23839474,,7.04,0.0,38.06,1061.0,1.06,1059481.53,2026-05-13 00:00:00,,,
4218,35,50,1,COMBINED/29900:13-05-2026,,1.81,0.0,1.02,33.0,0.03,33132.62,2026-05-13 00:00:00,,,
4219,40,50,7,CNT-26/27-25521684,,1.75,34.0,9.41,65.0,0.29,161427.45,2026-05-15 00:00:00,,,
4220,40,50,7,CNT-26/27-24689890,,0.38,10.0,2.02,66.0,0.07,65695.97,2026-05-14 00:00:00,,,
