SID,PFolioID,CLientID,ATTY,AMID,AGENTCODE,QNT,AMTINV,BALPURC,SELLCNT,CURRV,TGAIN,IsCurrVManual,REFNO,ExtID,Flag,RELGAIN,TODAY_AMTINV,TODAY_QUANT,TAG,ACCINFO
1,4,1,50,100343,-1,0.0,0.0,0.0,0,0.0,0.0,0,,-1,0,0.0,0.0,0.0,,
2,4,1,50,104292,-1,0.0,0.0,0.0,0,0.0,0.0,0,,-1,0,0.0,0.0,0.0,,
3,4,1,50,100078,-1,0.0,0.0,0.0,0,0.0,0.0,0,,-1,0,0.0,0.0,0.0,,
4,4,1,50,100305,-1,0.0,0.0,0.0,0,0.0,0.0,0,,-1,0,0.0,0.0,0.0,,
5,4,1,50,104505,-1,0.0,0.0,0.0,0,0.0,0.0,0,,-1,0,0.0,0.0,0.0,,
6,4,1,50,100029,-1,0.0,0.0,0.0,0,0.0,0.0,0,,-1,0,0.0,0.0,0.0,,
7,4,1,50,104323,-1,0.0,0.0,0.0,0,0.0,0.0,0,,-1,0,0.0,0.0,0.0,,
8,4,1,50,100374,-1,0.0,0.0,0.0,0,0.0,0.0,0,,-1,0,0.0,0.0,0.0,,
9,4,1,50,102762,-1,0.0,0.0,0.0,0,0.0,0.0,0,,-1,0,0.0,0.0,0.0,,
10,4,1,50,104542,-1,0.0,0.0,0.0,0,0.0,0.0,0,,-1,0,0.0,0.0,0.0,,
11,4,1,50,100182,-1,0.0,0.0,0.0,0,0.0,0.0,0,,-1,0,0.0,0.0,0.0,,
12,4,1,50,100128,-1,0.0,0.0,0.0,0,0.0,0.0,0,,-1,0,0.0,0.0,0.0,,
13,4,1,50,100102,-1,0.0,0.0,0.0,0,0.0,0.0,0,,-1,0,0.0,0.0,0.0,,
14,4,1,50,104310,-1,0.0,0.0,0.0,0,0.0,0.0,0,,-1,0,0.0,0.0,0.0,,
15,4,1,50,100059,-1,0.0,0.0,0.0,0,0.0,0.0,0,,-1,0,0.0,0.0,0.0,,
16,4,1,50,100373,-1,0.0,0.0,0.0,0,0.0,0.0,0,,-1,0,0.0,0.0,0.0,,
17,4,1,50,104242,-1,0.0,0.0,0.0,0,0.0,0.0,0,,-1,0,0.0,0.0,0.0,,
18,4,1,50,104986,-1,0.0,0.0,0.0,0,0.0,0.0,0,,-1,0,0.0,0.0,0.0,,
19,4,1,50,100115,-1,0.0,0.0,0.0,0,0.0,0.0,0,,-1,0,0.0,0.0,0.0,,
20,4,1,50,104499,-1,0.0,0.0,0.0,0,0.0,0.0,0,,-1,0,0.0,0.0,0.0,,
21,4,1,50,104511,-1,0.0,0.0,0.0,0,0.0,0.0,0,,-1,0,0.0,0.0,0.0,,
22,4,1,50,100093,-1,0.0,0.0,0.0,0,0.0,0.0,0,,-1,0,0.0,0.0,0.0,,
23,4,1,50,104251,-1,0.0,0.0,0.0,0,0.0,0.0,0,,-1,0,0.0,0.0,0.0,,
24,4,1,50,100338,-1,0.0,0.0,0.0,0,0.0,0.0,0,,-1,0,0.0,0.0,0.0,,
25,4,1,50,100156,-1,0.0,0.0,0.0,0,0.0,0.0,0,,-1,0,0.0,0.0,0.0,,
26,4,1,50,104491,-1,0.0,0.0,0.0,0,0.0,0.0,0,,-1,0,0.0,0.0,0.0,,
27,4,1,50,104829,-1,0.0,0.0,0.0,0,0.0,0.0,0,,-1,0,0.0,0.0,0.0,,
28,4,1,50,105332,-1,0.0,0.0,0.0,0,0.0,0.0,0,,-1,0,0.0,0.0,0.0,,
29,4,1,50,100148,-1,0.0,0.0,0.0,0,0.0,0.0,0,,-1,0,0.0,0.0,0.0,,
30,4,1,50,105312,-1,0.0,0.0,0.0,2,0.0,0.0,0,,-1,0,17615.0,0.0,0.0,,
31,4,1,50,104739,-1,0.0,0.0,0.0,0,0.0,0.0,0,,-1,0,0.0,0.0,0.0,,
32,4,1,50,105094,-1,0.0,0.0,0.0,0,0.0,0.0,0,,-1,0,0.0,0.0,0.0,,
33,4,1,50,105071,-1,0.0,0.0,0.0,0,0.0,0.0,0,,-1,0,0.0,0.0,0.0,,
34,4,1,50,100129,-1,0.0,0.0,0.0,0,0.0,0.0,0,,-1,0,0.0,0.0,0.0,,
35,4,1,50,100352,-1,0.0,0.0,0.0,0,0.0,0.0,0,,-1,0,0.0,0.0,0.0,,
36,4,1,50,100873,-1,0.0,0.0,0.0,0,0.0,0.0,0,,-1,0,0.0,0.0,0.0,,
37,8,1,81,1,-1,0.0,0.0,0.0,0,0.0,0.0,0,,-1,0,0.0,0.0,0.0,,
38,8,1,81,2,-1,0.0,0.0,0.0,0,0.0,0.0,0,,-1,0,0.0,0.0,0.0,,
39,8,1,81,3,-1,0.0,0.0,0.0,0,0.0,0.0,0,,-1,0,0.0,0.0,0.0,,
40,8,1,81,4,-1,0.0,0.0,0.0,0,0.0,0.0,0,,-1,0,0.0,0.0,0.0,,
41,8,1,81,5,-1,0.0,0.0,0.0,0,0.0,0.0,0,,-1,0,0.0,0.0,0.0,,
42,8,1,81,6,-1,0.0,0.0,0.0,0,0.0,0.0,0,,-1,0,0.0,0.0,0.0,,
43,8,1,81,7,-1,0.0,0.0,0.0,0,0.0,0.0,0,,-1,0,0.0,0.0,0.0,,
44,8,1,81,8,-1,0.0,0.0,0.0,0,0.0,0.0,0,,-1,0,0.0,0.0,0.0,,
45,7,1,81,9,-1,0.0,0.0,0.0,0,0.0,0.0,0,,-1,0,0.0,0.0,0.0,,
46,7,1,81,10,-1,0.0,0.0,0.0,0,0.0,0.0,0,,-1,0,0.0,0.0,0.0,,
47,7,1,81,11,-1,0.0,0.0,0.0,0,0.0,0.0,0,,-1,0,0.0,0.0,0.0,,
48,7,1,81,12,-1,0.0,0.0,0.0,0,0.0,0.0,0,,-1,0,0.0,0.0,0.0,,
49,7,1,81,13,-1,0.0,0.0,0.0,0,0.0,0.0,0,,-1,0,0.0,0.0,0.0,,
50,7,1,81,14,-1,0.0,0.0,0.0,0,0.0,0.0,0,,-1,0,0.0,0.0,0.0,,
51,7,1,81,15,-1,0.0,0.0,0.0,0,0.0,0.0,0,,-1,0,0.0,0.0,0.0,,
52,7,1,81,16,-1,0.0,0.0,0.0,0,0.0,0.0,0,,-1,0,0.0,0.0,0.0,,
53,7,1,81,17,-1,0.0,0.0,0.0,0,0.0,0.0,0,,-1,0,0.0,0.0,0.0,,
54,7,1,81,18,-1,0.0,0.0,0.0,0,0.0,0.0,0,,-1,0,0.0,0.0,0.0,,
55,7,1,81,19,-1,0.0,0.0,0.0,0,0.0,0.0,0,,-1,0,0.0,0.0,0.0,,
56,7,1,81,20,-1,0.0,0.0,0.0,0,0.0,0.0,0,,-1,0,0.0,0.0,0.0,,
57,7,1,81,21,-1,0.0,0.0,0.0,0,0.0,0.0,0,,-1,0,0.0,0.0,0.0,,
58,7,1,81,22,-1,0.0,0.0,0.0,0,0.0,0.0,0,,-1,0,0.0,0.0,0.0,,
59,7,1,81,23,-1,0.0,0.0,0.0,0,0.0,0.0,0,,-1,0,0.0,0.0,0.0,,
60,7,1,81,24,-1,0.0,0.0,0.0,0,0.0,0.0,0,,-1,0,0.0,0.0,0.0,,
61,7,1,81,25,-1,0.0,0.0,0.0,0,0.0,0.0,0,,-1,0,0.0,0.0,0.0,,
62,7,1,81,26,-1,0.0,0.0,0.0,0,0.0,0.0,0,,-1,0,0.0,0.0,0.0,,
63,7,1,81,27,-1,0.0,0.0,0.0,0,0.0,0.0,0,,-1,0,0.0,0.0,0.0,,
64,7,1,81,28,-1,0.0,0.0,0.0,0,0.0,0.0,0,,-1,0,0.0,0.0,0.0,,
65,7,1,81,29,-1,0.0,0.0,0.0,0,0.0,0.0,0,,-1,0,0.0,0.0,0.0,,
66,7,1,81,30,-1,0.0,0.0,0.0,0,0.0,0.0,0,,-1,0,0.0,0.0,0.0,,
67,7,1,81,31,-1,0.0,0.0,0.0,0,0.0,0.0,0,,-1,0,0.0,0.0,0.0,,
68,7,1,81,32,-1,0.0,0.0,0.0,0,0.0,0.0,0,,-1,0,0.0,0.0,0.0,,
69,7,1,81,33,-1,0.0,0.0,0.0,0,0.0,0.0,0,,-1,0,0.0,0.0,0.0,,
70,8,1,81,34,-1,0.0,0.0,0.0,0,0.0,0.0,0,,-1,0,0.0,0.0,0.0,,
71,4,1,50,100381,-1,0.0,0.0,0.0,0,0.0,0.0,0,,-1,0,0.0,0.0,0.0,,
72,4,1,50,104516,-1,0.0,0.0,0.0,0,0.0,0.0,0,,-1,0,0.0,0.0,0.0,,
73,4,1,50,100495,-1,0.0,0.0,0.0,0,0.0,0.0,0,,-1,0,0.0,0.0,0.0,,
74,4,1,50,101390,-1,0.0,0.0,0.0,0,0.0,0.0,0,,-1,0,0.0,0.0,0.0,,
75,4,1,50,105010,-1,0.0,0.0,0.0,0,0.0,0.0,0,,-1,0,0.0,0.0,0.0,,
76,7,1,81,35,-1,0.0,0.0,0.0,0,0.0,0.0,0,,-1,0,0.0,0.0,0.0,,
77,7,1,81,36,-1,0.0,0.0,0.0,0,0.0,0.0,0,,-1,0,0.0,0.0,0.0,,
78,7,1,81,37,-1,0.0,0.0,0.0,0,0.0,0.0,0,,-1,0,0.0,0.0,0.0,,
79,7,1,81,38,-1,0.0,0.0,0.0,0,0.0,0.0,0,,-1,0,0.0,0.0,0.0,,
80,7,1,81,39,-1,0.0,0.0,0.0,0,0.0,0.0,0,,-1,0,0.0,0.0,0.0,,
81,7,1,81,40,-1,0.0,0.0,0.0,0,0.0,0.0,0,,-1,0,0.0,0.0,0.0,,
82,7,1,81,41,-1,0.0,0.0,0.0,0,0.0,0.0,0,,-1,0,0.0,0.0,0.0,,
83,7,1,81,42,-1,0.0,0.0,0.0,0,0.0,0.0,0,,-1,0,0.0,0.0,0.0,,
84,4,1,50,100072,-1,0.0,0.0,0.0,0,0.0,0.0,0,,-1,0,0.0,0.0,0.0,,
85,4,1,50,100230,-1,0.0,0.0,0.0,0,0.0,0.0,0,,-1,0,0.0,0.0,0.0,,
86,4,1,50,104254,-1,0.0,0.0,0.0,0,0.0,0.0,0,,-1,0,0.0,0.0,0.0,,
87,4,1,50,104364,-1,0.0,0.0,0.0,0,0.0,0.0,0,,-1,0,0.0,0.0,0.0,,
88,4,1,50,105100,-1,0.0,0.0,0.0,0,0.0,0.0,0,,-1,0,0.0,0.0,0.0,,
89,4,1,50,101147,-1,0.0,0.0,0.0,0,0.0,0.0,0,,-1,0,0.0,0.0,0.0,,
90,4,1,50,104320,-1,0.0,0.0,0.0,0,0.0,0.0,0,,-1,0,0.0,0.0,0.0,,
91,4,1,50,105074,-1,0.0,0.0,0.0,0,0.0,0.0,0,,-1,0,0.0,0.0,0.0,,
92,4,1,50,100132,-1,18345.0,309234.82,0.0,1,0.0,0.0,0,,-1,0,0.0,0.0,0.0,,"BN:48,-2####"
93,4,1,50,101057,-1,0.0,0.0,0.0,0,0.0,0.0,0,,-1,0,0.0,0.0,0.0,,
94,4,1,50,101615,-1,0.0,0.0,0.0,0,0.0,0.0,0,,-1,0,0.0,0.0,0.0,,
95,4,1,50,100507,-1,0.0,0.0,0.0,0,0.0,0.0,0,,-1,0,0.0,0.0,0.0,,
96,4,1,50,105169,-1,0.0,0.0,0.0,0,0.0,0.0,0,,-1,0,0.0,0.0,0.0,,
97,4,1,50,105171,-1,0.0,0.0,0.0,0,0.0,0.0,0,,-1,0,0.0,0.0,0.0,,
98,4,1,50,101096,-1,0.0,0.0,0.0,0,0.0,0.0,0,,-1,0,0.0,0.0,0.0,,
99,4,1,50,100071,-1,0.0,0.0,0.0,0,0.0,0.0,0,,-1,0,0.0,0.0,0.0,,
100,4,1,50,100070,-1,0.0,0.0,0.0,0,0.0,0.0,0,,-1,0,0.0,0.0,0.0,,
101,4,1,50,102179,-1,0.0,0.0,0.0,0,0.0,0.0,0,,-1,0,0.0,0.0,0.0,,
102,4,1,50,102012,-1,0.0,0.0,0.0,0,0.0,0.0,0,,-1,0,0.0,0.0,0.0,,
103,4,1,50,100211,-1,0.0,0.0,0.0,0,0.0,0.0,0,,-1,0,0.0,0.0,0.0,,
104,4,1,50,104465,-1,0.0,0.0,0.0,0,0.0,0.0,0,,-1,0,0.0,0.0,0.0,,
105,4,1,50,104558,-1,0.0,0.0,0.0,0,0.0,0.0,0,,-1,0,0.0,0.0,0.0,,
106,4,1,50,104268,-1,0.0,0.0,0.0,0,0.0,0.0,0,,-1,0,0.0,0.0,0.0,,
107,4,1,50,102791,-1,0.0,0.0,0.0,0,0.0,0.0,0,,-1,0,0.0,0.0,0.0,,
108,4,1,50,105338,-1,0.0,0.0,0.0,0,0.0,0.0,0,,-1,0,0.0,0.0,0.0,,
109,8,1,81,44,-1,0.0,0.0,0.0,0,0.0,0.0,0,,-1,0,0.0,0.0,0.0,,
110,8,1,81,45,-1,0.0,0.0,0.0,0,0.0,0.0,0,,-1,0,0.0,0.0,0.0,,
111,8,1,81,46,-1,0.0,0.0,0.0,0,0.0,0.0,0,,-1,0,0.0,0.0,0.0,,
112,8,1,81,47,-1,0.0,0.0,0.0,0,0.0,0.0,0,,-1,0,0.0,0.0,0.0,,
113,4,1,50,101006,-1,0.0,0.0,0.0,0,0.0,0.0,0,,-1,0,0.0,0.0,0.0,,
114,4,1,50,104324,-1,0.0,0.0,0.0,0,0.0,0.0,0,,-1,0,0.0,0.0,0.0,,
115,4,1,50,104500,-1,0.0,0.0,0.0,0,0.0,0.0,0,,-1,0,0.0,0.0,0.0,,
116,4,1,50,103542,-1,0.0,0.0,0.0,0,0.0,0.0,0,,-1,0,0.0,0.0,0.0,,
117,4,1,50,102627,-1,0.0,0.0,0.0,0,0.0,0.0,0,,-1,0,0.0,0.0,0.0,,
118,4,1,50,104450,-1,0.0,0.0,0.0,0,0.0,0.0,0,,-1,0,0.0,0.0,0.0,,
119,4,1,50,100056,-1,0.0,0.0,0.0,0,0.0,0.0,0,,-1,0,0.0,0.0,0.0,,
120,4,1,50,100335,-1,0.0,0.0,0.0,0,0.0,0.0,0,,-1,0,0.0,0.0,0.0,,
121,4,1,50,104798,-1,0.0,0.0,0.0,0,0.0,0.0,0,,-1,0,0.0,0.0,0.0,,
122,4,1,50,105346,-1,0.0,0.0,0.0,0,0.0,0.0,0,,-1,0,0.0,0.0,0.0,,
123,4,1,50,104841,-1,0.0,0.0,0.0,0,0.0,0.0,0,,-1,0,0.0,0.0,0.0,,
124,4,1,50,102035,-1,0.0,0.0,0.0,0,0.0,0.0,0,,-1,0,0.0,0.0,0.0,,
125,4,1,50,100012,-1,0.0,0.0,0.0,0,0.0,0.0,0,,-1,0,0.0,0.0,0.0,,
126,4,1,50,100186,-1,0.0,0.0,0.0,0,0.0,0.0,0,,-1,0,0.0,0.0,0.0,,
127,8,1,81,49,-1,0.0,0.0,0.0,0,0.0,0.0,0,,-1,0,0.0,0.0,0.0,,
128,8,1,81,50,-1,0.0,0.0,0.0,0,0.0,0.0,0,,-1,0,0.0,0.0,0.0,,
129,8,1,81,51,-1,0.0,0.0,0.0,0,0.0,0.0,0,,-1,0,0.0,0.0,0.0,,
130,8,1,81,52,-1,0.0,0.0,0.0,0,0.0,0.0,0,,-1,0,0.0,0.0,0.0,,
131,8,1,81,53,-1,0.0,0.0,0.0,0,0.0,0.0,0,,-1,0,0.0,0.0,0.0,,
132,8,1,81,54,-1,0.0,0.0,0.0,0,0.0,0.0,0,,-1,0,0.0,0.0,0.0,,
133,8,1,81,55,-1,0.0,0.0,0.0,0,0.0,0.0,0,,-1,0,0.0,0.0,0.0,,
134,8,1,81,56,-1,0.0,0.0,0.0,0,0.0,0.0,0,,-1,0,0.0,0.0,0.0,,
135,8,1,81,57,-1,0.0,0.0,0.0,0,0.0,0.0,0,,-1,0,0.0,0.0,0.0,,
136,8,1,81,58,-1,0.0,0.0,0.0,0,0.0,0.0,0,,-1,0,0.0,0.0,0.0,,
137,7,1,81,59,-1,0.0,0.0,0.0,0,0.0,0.0,0,,-1,0,0.0,0.0,0.0,,
138,7,1,81,60,-1,0.0,0.0,0.0,0,0.0,0.0,0,,-1,0,0.0,0.0,0.0,,
139,7,1,81,61,-1,0.0,0.0,0.0,0,0.0,0.0,0,,-1,0,0.0,0.0,0.0,,
140,7,1,81,62,-1,0.0,0.0,0.0,0,0.0,0.0,0,,-1,0,0.0,0.0,0.0,,
141,7,1,81,63,-1,0.0,0.0,0.0,0,0.0,0.0,0,,-1,0,0.0,0.0,0.0,,
142,7,1,81,64,-1,0.0,0.0,0.0,0,0.0,0.0,0,,-1,0,0.0,0.0,0.0,,
143,7,1,81,65,-1,0.0,0.0,0.0,0,0.0,0.0,0,,-1,0,0.0,0.0,0.0,,
144,8,1,81,66,-1,0.0,0.0,0.0,0,0.0,0.0,0,,-1,0,0.0,0.0,0.0,,
145,8,1,81,67,-1,0.0,0.0,0.0,0,0.0,0.0,0,,-1,0,0.0,0.0,0.0,,
146,8,1,81,68,-1,0.0,0.0,0.0,0,0.0,0.0,0,,-1,0,0.0,0.0,0.0,,
147,8,1,81,69,-1,0.0,0.0,0.0,0,0.0,0.0,0,,-1,0,0.0,0.0,0.0,,
148,8,1,81,70,-1,0.0,0.0,0.0,0,0.0,0.0,0,,-1,0,0.0,0.0,0.0,,
149,8,1,81,71,-1,0.0,0.0,0.0,0,0.0,0.0,0,,-1,0,0.0,0.0,0.0,,
150,8,1,81,72,-1,0.0,0.0,0.0,0,0.0,0.0,0,,-1,0,0.0,0.0,0.0,,
151,8,1,81,73,-1,0.0,0.0,0.0,0,0.0,0.0,0,,-1,0,0.0,0.0,0.0,,
152,8,1,81,74,-1,0.0,0.0,0.0,0,0.0,0.0,0,,-1,0,0.0,0.0,0.0,,
153,8,1,81,75,-1,0.0,0.0,0.0,0,0.0,0.0,0,,-1,0,0.0,0.0,0.0,,
154,8,1,81,76,-1,0.0,0.0,0.0,0,0.0,0.0,0,,-1,0,0.0,0.0,0.0,,
155,8,1,81,77,-1,0.0,0.0,0.0,0,0.0,0.0,0,,-1,0,0.0,0.0,0.0,,
156,4,1,50,100365,-1,0.0,0.0,0.0,0,0.0,0.0,0,,-1,0,0.0,0.0,0.0,,
157,4,1,50,101956,-1,0.0,0.0,0.0,0,0.0,0.0,0,,-1,0,0.0,0.0,0.0,,
158,4,1,50,104315,-1,0.0,0.0,0.0,0,0.0,0.0,0,,-1,0,0.0,0.0,0.0,,
159,4,1,50,104335,-1,0.0,0.0,0.0,0,0.0,0.0,0,,-1,0,0.0,0.0,0.0,,
160,4,1,50,104821,-1,0.0,0.0,0.0,0,0.0,0.0,0,,-1,0,0.0,0.0,0.0,,
161,4,1,50,105051,-1,0.0,0.0,0.0,0,0.0,0.0,0,,-1,0,0.0,0.0,0.0,,
162,4,1,50,100240,-1,0.0,0.0,0.0,0,0.0,0.0,0,,-1,0,0.0,0.0,0.0,,
163,4,1,50,100349,-1,0.0,0.0,0.0,0,0.0,0.0,0,,-1,0,0.0,0.0,0.0,,
164,4,1,50,100351,-1,0.0,0.0,0.0,0,0.0,0.0,0,,-1,0,0.0,0.0,0.0,,
165,4,1,50,100141,-1,0.0,0.0,0.0,0,0.0,0.0,0,,-1,0,0.0,0.0,0.0,,
166,4,1,50,104621,-1,0.0,0.0,0.0,0,0.0,0.0,0,,-1,0,0.0,0.0,0.0,,
167,4,1,50,104838,-1,0.0,0.0,0.0,0,0.0,0.0,0,,-1,0,0.0,0.0,0.0,,
168,4,1,50,102341,-1,0.0,0.0,0.0,0,0.0,0.0,0,,-1,0,0.0,0.0,0.0,,
169,4,1,50,102369,-1,0.0,0.0,0.0,0,0.0,0.0,0,,-1,0,0.0,0.0,0.0,,
170,4,1,50,104687,-1,0.0,0.0,0.0,0,0.0,0.0,0,,-1,0,0.0,0.0,0.0,,
171,4,1,50,100345,-1,0.0,0.0,0.0,0,0.0,0.0,0,,-1,0,0.0,0.0,0.0,,
172,8,1,81,78,-1,0.0,0.0,0.0,0,0.0,0.0,0,,-1,0,0.0,0.0,0.0,LT-OPTSTK:26-03-15:1540.00:PE,
173,7,1,81,79,-1,0.0,0.0,0.0,0,0.0,0.0,0,,-1,0,0.0,0.0,0.0,,
174,4,1,50,103110,-1,0.0,0.0,0.0,0,0.0,0.0,0,,-1,0,0.0,0.0,0.0,,
175,4,1,50,102370,-1,0.0,0.0,0.0,0,0.0,0.0,0,,-1,0,0.0,0.0,0.0,,
176,7,1,81,80,-1,0.0,0.0,0.0,0,0.0,0.0,0,,-1,0,0.0,0.0,0.0,,
177,7,1,81,81,-1,0.0,0.0,0.0,0,0.0,0.0,0,,-1,0,0.0,0.0,0.0,,
178,7,1,81,82,-1,0.0,0.0,0.0,0,0.0,0.0,0,,-1,0,0.0,0.0,0.0,,
179,7,1,81,83,-1,0.0,0.0,0.0,0,0.0,0.0,0,,-1,0,0.0,0.0,0.0,,
180,7,1,81,84,-1,0.0,0.0,0.0,0,0.0,0.0,0,,-1,0,0.0,0.0,0.0,,
181,7,1,81,86,-1,0.0,0.0,0.0,0,0.0,0.0,0,,-1,0,0.0,0.0,0.0,,
182,7,1,81,87,-1,0.0,0.0,0.0,0,0.0,0.0,0,,-1,0,0.0,0.0,0.0,,
183,7,1,81,88,-1,0.0,0.0,0.0,0,0.0,0.0,0,,-1,0,0.0,0.0,0.0,,
184,7,1,81,89,-1,0.0,0.0,0.0,0,0.0,0.0,0,,-1,0,0.0,0.0,0.0,,
185,7,1,81,90,-1,0.0,0.0,0.0,0,0.0,0.0,0,,-1,0,0.0,0.0,0.0,,
186,4,1,60,201584,-1,0.0,0.0,0.0,0,0.0,0.0,0,4046479572 / 0,-1,0,0.0,0.0,0.0,,
187,4,1,60,201543,-1,0.0,0.0,0.0,0,0.0,0.0,0,4038092291 / 0,-1,0,0.0,0.0,0.0,,
188,4,1,60,201545,-1,0.0,0.0,0.0,0,0.0,0.0,0,4038092286 / 0,-1,0,0.0,0.0,0.0,,
189,4,1,60,212061,-1,0.0,0.0,0.0,0,0.0,0.0,0,195792 / 56,-1,0,0.0,0.0,0.0,,
190,4,1,60,212062,-1,0.0,0.0,0.0,0,0.0,0.0,0,195707 / 20,-1,0,0.0,0.0,0.0,,
191,4,1,60,201539,-1,0.0,0.0,0.0,0,0.0,0.0,0,40218230070 / 0,-1,0,0.0,0.0,0.0,,
192,4,1,60,201551,-1,0.0,0.0,0.0,0,0.0,0.0,0,40431693475 / 0,-1,0,0.0,0.0,0.0,,
193,4,1,60,207340,-1,0.0,0.0,0.0,0,0.0,0.0,0,48397209185 / 0,-1,0,0.0,0.0,0.0,,
194,4,1,60,202408,-1,0.0,0.0,0.0,0,0.0,0.0,0,7620102 / 72,-1,0,0.0,0.0,0.0,,
195,4,1,60,201926,-1,0.0,0.0,0.0,0,0.0,0.0,0,8256609 / 93,-1,0,0.0,0.0,0.0,,
196,4,1,60,202257,-1,0.0,0.0,0.0,0,0.0,0.0,0,8256609 / 93,-1,0,0.0,0.0,0.0,,
197,4,1,60,202257,-1,0.0,0.0,0.0,0,0.0,0.0,0,8261020 / 52,-1,0,0.0,0.0,0.0,,
198,4,1,60,202374,-1,0.0,0.0,0.0,0,0.0,0.0,0,502261124467 / 0,-1,0,0.0,0.0,0.0,,
199,4,1,60,202374,-1,0.0,0.0,0.0,0,0.0,0.0,0,502261124492 / 0,-1,0,0.0,0.0,0.0,,
200,4,1,60,205483,-1,0.0,0.0,0.0,0,0.0,0.0,0,8261020 / 52,-1,0,0.0,0.0,0.0,,
201,4,1,60,202107,-1,0.0,0.0,0.0,0,0.0,0.0,0,404133492841 / 0,-1,0,0.0,0.0,0.0,,
202,4,1,60,202406,-1,0.0,0.0,0.0,0,0.0,0.0,0,7620102 / 72,-1,0,0.0,0.0,0.0,,
203,4,1,60,202408,-1,0.0,0.0,0.0,0,0.0,0.0,0,8261020 / 52,-1,0,0.0,0.0,0.0,,
204,4,1,60,202288,-1,0.0,0.0,0.0,0,0.0,0.0,0,2047113 / 22,-1,0,0.0,0.0,0.0,,
205,4,1,60,201527,-1,0.0,0.0,0.0,0,0.0,0.0,0,48397209185 / 0,-1,0,0.0,0.0,0.0,,
206,4,1,60,213430,-1,0.0,0.0,0.0,0,0.0,0.0,0,7620102 / 72,-1,0,0.0,0.0,0.0,,
207,4,1,60,213434,-1,0.0,0.0,0.0,0,0.0,0.0,0,8256609 / 93,-1,0,0.0,0.0,0.0,,
208,4,1,60,213434,-1,0.0,0.0,0.0,0,0.0,0.0,0,8261020 / 52,-1,0,0.0,0.0,0.0,,
209,4,1,60,202408,-1,0.0,0.0,0.0,0,0.0,0.0,0,8256609 / 93,-1,0,0.0,0.0,0.0,,
210,4,1,60,202412,-1,0.0,0.0,0.0,0,0.0,0.0,0,7155965 / 48,-1,0,0.0,0.0,0.0,,
211,4,1,60,202427,-1,0.0,0.0,0.0,0,0.0,0.0,0,404145658506 / 0,-1,0,0.0,0.0,0.0,,
212,4,1,60,212879,-1,0.0,0.0,0.0,0,0.0,0.0,0,2549100 / 83,-1,0,0.0,0.0,0.0,,
213,4,1,70,97,-1,0.0,0.0,0.0,0,0.0,0.0,0,,-1,0,0.0,0.0,0.0,,
214,8,1,30,633891,-1,0.0,0.0,0.0,0,0.0,0.0,0,,-1,0,0.0,0.0,0.0,,
215,7,1,81,91,-1,0.0,0.0,0.0,0,0.0,0.0,0,,-1,0,0.0,0.0,0.0,,
216,7,1,81,92,-1,0.0,0.0,0.0,0,0.0,0.0,0,,-1,0,0.0,0.0,0.0,,
217,7,1,81,107,-1,0.0,0.0,0.0,0,0.0,0.0,0,,-1,0,0.0,0.0,0.0,,
218,7,1,81,108,-1,0.0,0.0,0.0,0,0.0,0.0,0,,-1,0,0.0,0.0,0.0,,
219,7,1,81,94,-1,0.0,0.0,0.0,0,0.0,0.0,0,,-1,0,0.0,0.0,0.0,,
220,7,1,81,95,-1,0.0,0.0,0.0,0,0.0,0.0,0,,-1,0,0.0,0.0,0.0,,
221,7,1,81,96,-1,0.0,0.0,0.0,0,0.0,0.0,0,,-1,0,0.0,0.0,0.0,,
222,7,1,81,93,-1,0.0,0.0,0.0,0,0.0,0.0,0,,-1,0,0.0,0.0,0.0,,
223,7,1,81,109,-1,0.0,0.0,0.0,0,0.0,0.0,0,,-1,0,0.0,0.0,0.0,,
224,7,1,81,110,-1,0.0,0.0,0.0,0,0.0,0.0,0,,-1,0,0.0,0.0,0.0,,
225,7,1,81,111,-1,0.0,0.0,0.0,0,0.0,0.0,0,,-1,0,0.0,0.0,0.0,,
226,7,1,81,112,-1,0.0,0.0,0.0,0,0.0,0.0,0,,-1,0,0.0,0.0,0.0,,
227,7,1,81,113,-1,0.0,0.0,0.0,0,0.0,0.0,0,,-1,0,0.0,0.0,0.0,,
228,7,1,81,114,-1,0.0,0.0,0.0,0,0.0,0.0,0,,-1,0,0.0,0.0,0.0,,
229,7,1,81,115,-1,0.0,0.0,0.0,0,0.0,0.0,0,,-1,0,0.0,0.0,0.0,,
230,1,1,50,100090,-1,0.0,0.0,0.0,0,0.0,0.0,0,,-1,0,0.0,0.0,0.0,,
231,1,1,50,104500,-1,0.0,0.0,0.0,0,0.0,0.0,0,,-1,0,0.0,0.0,0.0,,"BN:95,-2####"
232,1,1,50,105100,-1,0.0,0.0,0.0,0,0.0,0.0,0,,-1,0,0.0,0.0,0.0,,
233,1,1,50,100059,-1,0.0,0.0,0.0,0,0.0,0.0,0,,-1,0,0.0,0.0,0.0,,
234,1,1,50,100070,-1,0.0,0.0,0.0,0,0.0,0.0,0,,-1,0,0.0,0.0,0.0,,
235,1,1,50,100071,-1,0.0,0.0,0.0,1,0.0,0.0,0,,-1,0,1212.6,0.0,0.0,,"BN:95,-2####"
236,1,1,50,100211,-1,0.0,0.0,0.0,0,0.0,0.0,0,,-1,0,0.0,0.0,0.0,,
237,1,1,50,100012,-1,0.0,0.0,0.0,0,0.0,0.0,0,,-1,0,0.0,0.0,0.0,,
238,1,1,50,100507,-1,0.0,0.0,0.0,0,0.0,0.0,0,,-1,0,0.0,0.0,0.0,,
239,1,1,50,104623,-1,0.0,0.0,0.0,0,0.0,0.0,0,,-1,0,0.0,0.0,0.0,,
240,1,1,50,104986,-1,0.0,0.0,0.0,0,0.0,0.0,0,,-1,0,0.0,0.0,0.0,,
241,1,1,50,100349,-1,0.0,0.0,0.0,0,0.0,0.0,0,,-1,0,0.0,0.0,0.0,,
242,1,1,50,100128,-1,0.0,0.0,0.0,4,0.0,0.0,0,,-1,0,-3966.95,0.0,0.0,,"BN:95,-2####"
243,1,1,50,104323,-1,0.0,0.0,0.0,0,0.0,0.0,0,,-1,0,0.0,0.0,0.0,,
244,1,1,50,104829,-1,0.0,0.0,0.0,0,0.0,0.0,0,,-1,0,0.0,0.0,0.0,,
245,1,1,50,100102,-1,0.0,0.0,0.0,0,0.0,0.0,0,,-1,0,0.0,0.0,0.0,,
246,1,1,50,105312,-1,0.0,0.0,0.0,6,0.0,0.0,0,,-1,0,-33807.5,0.0,0.0,,
247,1,1,50,104562,-1,0.0,0.0,0.0,0,0.0,0.0,0,,-1,0,0.0,0.0,0.0,,
248,1,1,50,105051,-1,0.0,0.0,0.0,0,0.0,0.0,0,,-1,0,0.0,0.0,0.0,,
249,1,1,50,100132,-1,2518.0,30441.0,0.0,1,0.0,0.0,0,,-1,0,0.0,0.0,0.0,,"BN:32,-2####"
250,1,1,50,101147,-1,0.0,0.0,0.0,0,0.0,0.0,0,,-1,0,0.0,0.0,0.0,,
251,1,1,50,100345,-1,0.0,0.0,0.0,2,0.0,0.0,0,,-1,0,287.65,0.0,0.0,,"BN:95,-2####"
252,1,1,50,101057,-1,0.0,0.0,0.0,0,0.0,0.0,0,,-1,0,0.0,0.0,0.0,,
253,2,1,50,100495,-1,0.0,0.0,0.0,0,0.0,0.0,0,,-1,0,0.0,0.0,0.0,,
254,2,1,50,103226,-1,0.0,0.0,0.0,0,0.0,0.0,0,,-1,0,0.0,0.0,0.0,,
255,2,1,50,104310,-1,0.0,0.0,0.0,3,0.0,0.0,0,,-1,0,-1958.85,0.0,0.0,,"BN:97,-2####"
256,2,1,50,104292,-1,0.0,0.0,0.0,0,0.0,0.0,0,,-1,0,0.0,0.0,0.0,,
257,2,1,50,102573,-1,0.0,0.0,0.0,0,0.0,0.0,0,,-1,0,0.0,0.0,0.0,,
258,2,1,50,105153,-1,0.0,0.0,0.0,0,0.0,0.0,0,,-1,0,0.0,0.0,0.0,,
259,2,1,50,100873,-1,0.0,0.0,0.0,0,0.0,0.0,0,,-1,0,0.0,0.0,0.0,,
260,2,1,50,102066,-1,0.0,0.0,0.0,0,0.0,0.0,0,,-1,0,0.0,0.0,0.0,,
261,2,1,50,100756,-1,0.0,0.0,0.0,0,0.0,0.0,0,,-1,0,0.0,0.0,0.0,,
262,2,1,50,102411,-1,0.0,0.0,0.0,0,0.0,0.0,0,,-1,0,0.0,0.0,0.0,,
263,2,1,50,100316,-1,0.0,0.0,0.0,0,0.0,0.0,0,,-1,0,0.0,0.0,0.0,,
264,2,1,50,104491,-1,0.0,0.0,0.0,0,0.0,0.0,0,,-1,0,0.0,0.0,0.0,,
265,2,1,50,100335,-1,0.0,0.0,0.0,0,0.0,0.0,0,,-1,0,0.0,0.0,0.0,,
266,2,1,50,104617,-1,0.0,0.0,0.0,0,0.0,0.0,0,,-1,0,0.0,0.0,0.0,,
267,2,1,50,100078,-1,0.0,0.0,0.0,0,0.0,0.0,0,,-1,0,0.0,0.0,0.0,,
268,2,1,50,102894,-1,0.0,0.0,0.0,0,0.0,0.0,0,,-1,0,0.0,0.0,0.0,,
269,2,1,50,103068,-1,0.0,0.0,0.0,0,0.0,0.0,0,,-1,0,0.0,0.0,0.0,,
270,2,1,50,105346,-1,0.0,0.0,0.0,0,0.0,0.0,0,,-1,0,0.0,0.0,0.0,,
271,2,1,50,100351,-1,0.0,0.0,0.0,0,0.0,0.0,0,,-1,0,0.0,0.0,0.0,,
272,2,1,50,105174,-1,0.0,0.0,0.0,0,0.0,0.0,0,,-1,0,0.0,0.0,0.0,,
273,2,1,50,100129,-1,0.0,0.0,0.0,0,0.0,0.0,0,,-1,0,0.0,0.0,0.0,,
274,2,1,50,101076,-1,0.0,0.0,0.0,0,0.0,0.0,0,,-1,0,0.0,0.0,0.0,,
275,2,1,50,100268,-1,0.0,0.0,0.0,0,0.0,0.0,0,,-1,0,0.0,0.0,0.0,,
276,2,1,50,101544,-1,0.0,0.0,0.0,0,0.0,0.0,0,,-1,0,0.0,0.0,0.0,,
277,2,1,50,100071,-1,0.0,0.0,0.0,0,0.0,0.0,0,,-1,0,0.0,0.0,0.0,,
278,2,1,50,100308,-1,0.0,0.0,0.0,0,0.0,0.0,0,,-1,0,0.0,0.0,0.0,,
279,2,1,50,102333,-1,0.0,0.0,0.0,0,0.0,0.0,0,,-1,0,0.0,0.0,0.0,,
280,2,1,50,104299,-1,0.0,0.0,0.0,0,0.0,0.0,0,,-1,0,0.0,0.0,0.0,,
281,2,1,50,100058,-1,0.0,0.0,0.0,0,0.0,0.0,0,,-1,0,0.0,0.0,0.0,,
282,2,1,50,100381,-1,0.0,0.0,0.0,0,0.0,0.0,0,,-1,0,0.0,0.0,0.0,,
283,2,1,50,104838,-1,0.0,0.0,0.0,0,0.0,0.0,0,,-1,0,0.0,0.0,0.0,,
284,2,1,50,101636,-1,0.0,0.0,0.0,0,0.0,0.0,0,,-1,0,0.0,0.0,0.0,,
285,2,1,50,104251,-1,0.0,0.0,0.0,0,0.0,0.0,0,,-1,0,0.0,0.0,0.0,,
286,2,1,50,100102,-1,0.0,0.0,0.0,0,0.0,0.0,0,,-1,0,0.0,0.0,0.0,,
287,2,1,50,104792,-1,0.0,0.0,0.0,0,0.0,0.0,0,,-1,0,0.0,0.0,0.0,,
288,2,1,50,100148,-1,0.0,0.0,0.0,2,0.0,0.0,0,,-1,0,-4881.7,0.0,0.0,,"BN:97,-2####"
289,2,1,50,105010,-1,0.0,0.0,0.0,0,0.0,0.0,0,,-1,0,0.0,0.0,0.0,,
290,2,1,50,101553,-1,0.0,0.0,0.0,0,0.0,0.0,0,,-1,0,0.0,0.0,0.0,,
291,2,1,50,102179,-1,0.0,0.0,0.0,0,0.0,0.0,0,,-1,0,0.0,0.0,0.0,,
292,2,1,50,104456,-1,0.0,0.0,0.0,0,0.0,0.0,0,,-1,0,0.0,0.0,0.0,,
293,2,1,50,100070,-1,0.0,0.0,0.0,0,0.0,0.0,0,,-1,0,0.0,0.0,0.0,,
294,2,1,50,101144,-1,0.0,0.0,0.0,0,0.0,0.0,0,,-1,0,0.0,0.0,0.0,,
295,2,1,50,104798,-1,0.0,0.0,0.0,0,0.0,0.0,0,,-1,0,0.0,0.0,0.0,,
296,2,1,50,105071,-1,0.0,0.0,0.0,0,0.0,0.0,0,,-1,0,0.0,0.0,0.0,,
297,2,1,50,104986,-1,0.0,0.0,0.0,0,0.0,0.0,0,,-1,0,0.0,0.0,0.0,,
298,2,1,50,105100,-1,0.0,0.0,0.0,0,0.0,0.0,0,,-1,0,0.0,0.0,0.0,,
299,2,1,50,101956,-1,0.0,0.0,0.0,0,0.0,0.0,0,,-1,0,0.0,0.0,0.0,,
300,2,1,50,104323,-1,0.0,0.0,0.0,0,0.0,0.0,0,,-1,0,0.0,0.0,0.0,,
301,2,1,50,101096,-1,0.0,0.0,0.0,0,0.0,0.0,0,,-1,0,0.0,0.0,0.0,,
302,2,1,50,101147,-1,0.0,0.0,0.0,0,0.0,0.0,0,,-1,0,0.0,0.0,0.0,,
303,2,1,50,100029,-1,0.0,0.0,0.0,0,0.0,0.0,0,,-1,0,0.0,0.0,0.0,,
304,2,1,50,100230,-1,0.0,0.0,0.0,0,0.0,0.0,0,,-1,0,0.0,0.0,0.0,,
305,2,1,50,100156,-1,0.0,0.0,0.0,0,0.0,0.0,0,,-1,0,0.0,0.0,0.0,,
306,2,1,50,100345,-1,0.0,0.0,0.0,0,0.0,0.0,0,,-1,0,0.0,0.0,0.0,,
307,2,1,50,105312,-1,0.0,0.0,0.0,0,0.0,0.0,0,,-1,0,0.0,0.0,0.0,,
308,2,1,50,100305,-1,0.0,0.0,0.0,0,0.0,0.0,0,,-1,0,0.0,0.0,0.0,,
309,2,1,50,100337,-1,0.0,0.0,0.0,0,0.0,0.0,0,,-1,0,0.0,0.0,0.0,,
310,2,1,50,104829,-1,0.0,0.0,0.0,0,0.0,0.0,0,,-1,0,0.0,0.0,0.0,,
311,2,1,50,104324,-1,0.0,0.0,0.0,0,0.0,0.0,0,,-1,0,0.0,0.0,0.0,,
312,2,1,50,100373,-1,0.0,0.0,0.0,0,0.0,0.0,0,,-1,0,0.0,0.0,0.0,,
313,2,1,50,100343,-1,0.0,0.0,0.0,0,0.0,0.0,0,,-1,0,0.0,0.0,0.0,,
314,2,1,50,100352,-1,0.0,0.0,0.0,0,0.0,0.0,0,,-1,0,0.0,0.0,0.0,,
315,2,1,50,105169,-1,0.0,0.0,0.0,0,0.0,0.0,0,,-1,0,0.0,0.0,0.0,,
316,2,1,50,101057,-1,0.0,0.0,0.0,0,0.0,0.0,0,,-1,0,0.0,0.0,0.0,,
317,15,1,81,116,-1,0.0,0.0,0.0,0,0.0,0.0,0,,-1,0,0.0,0.0,0.0,,
318,15,1,81,117,-1,0.0,0.0,0.0,0,0.0,0.0,0,,-1,0,0.0,0.0,0.0,,
319,15,1,81,118,-1,0.0,0.0,0.0,0,0.0,0.0,0,,-1,0,0.0,0.0,0.0,,
320,15,1,81,119,-1,0.0,0.0,0.0,0,0.0,0.0,0,,-1,0,0.0,0.0,0.0,,
321,15,1,81,120,-1,0.0,0.0,0.0,0,0.0,0.0,0,,-1,0,0.0,0.0,0.0,,
322,15,1,81,121,-1,0.0,0.0,0.0,0,0.0,0.0,0,,-1,0,0.0,0.0,0.0,,
323,15,1,81,122,-1,0.0,0.0,0.0,0,0.0,0.0,0,,-1,0,0.0,0.0,0.0,,
324,15,1,81,123,-1,0.0,0.0,0.0,0,0.0,0.0,0,,-1,0,0.0,0.0,0.0,,
325,15,1,81,102,-1,0.0,0.0,0.0,0,0.0,0.0,0,,-1,0,0.0,0.0,0.0,,
326,15,1,81,124,-1,0.0,0.0,0.0,0,0.0,0.0,0,,-1,0,0.0,0.0,0.0,,
327,15,1,81,103,-1,0.0,0.0,0.0,0,0.0,0.0,0,,-1,0,0.0,0.0,0.0,,
328,15,1,81,125,-1,0.0,0.0,0.0,0,0.0,0.0,0,,-1,0,0.0,0.0,0.0,,
329,15,1,81,126,-1,0.0,0.0,0.0,0,0.0,0.0,0,,-1,0,0.0,0.0,0.0,,
330,15,1,81,127,-1,0.0,0.0,0.0,0,0.0,0.0,0,,-1,0,0.0,0.0,0.0,,
331,15,1,81,128,-1,0.0,0.0,0.0,0,0.0,0.0,0,,-1,0,0.0,0.0,0.0,,
332,15,1,81,129,-1,0.0,0.0,0.0,0,0.0,0.0,0,,-1,0,0.0,0.0,0.0,,
333,15,1,81,130,-1,0.0,0.0,0.0,0,0.0,0.0,0,,-1,0,0.0,0.0,0.0,,
334,15,1,81,131,-1,0.0,0.0,0.0,0,0.0,0.0,0,,-1,0,0.0,0.0,0.0,,
335,15,1,81,100,-1,0.0,0.0,0.0,0,0.0,0.0,0,,-1,0,0.0,0.0,0.0,,
336,15,1,81,132,-1,0.0,0.0,0.0,0,0.0,0.0,0,,-1,0,0.0,0.0,0.0,,
337,15,1,81,133,-1,0.0,0.0,0.0,0,0.0,0.0,0,,-1,0,0.0,0.0,0.0,,
338,15,1,81,134,-1,0.0,0.0,0.0,0,0.0,0.0,0,,-1,0,0.0,0.0,0.0,,
339,15,1,81,135,-1,0.0,0.0,0.0,0,0.0,0.0,0,,-1,0,0.0,0.0,0.0,,
340,15,1,81,104,-1,0.0,0.0,0.0,0,0.0,0.0,0,,-1,0,0.0,0.0,0.0,,
341,15,1,81,136,-1,0.0,0.0,0.0,0,0.0,0.0,0,,-1,0,0.0,0.0,0.0,,
342,15,1,81,105,-1,0.0,0.0,0.0,0,0.0,0.0,0,,-1,0,0.0,0.0,0.0,,
343,15,1,81,137,-1,0.0,0.0,0.0,0,0.0,0.0,0,,-1,0,0.0,0.0,0.0,,
344,15,1,81,138,-1,0.0,0.0,0.0,0,0.0,0.0,0,,-1,0,0.0,0.0,0.0,,
345,15,1,81,139,-1,0.0,0.0,0.0,0,0.0,0.0,0,,-1,0,0.0,0.0,0.0,,
346,15,1,81,106,-1,0.0,0.0,0.0,0,0.0,0.0,0,,-1,0,0.0,0.0,0.0,,
347,15,1,81,101,-1,0.0,0.0,0.0,0,0.0,0.0,0,,-1,0,0.0,0.0,0.0,,
348,15,1,81,140,-1,0.0,0.0,0.0,0,0.0,0.0,0,,-1,0,0.0,0.0,0.0,,
349,15,1,81,141,-1,0.0,0.0,0.0,0,0.0,0.0,0,,-1,0,0.0,0.0,0.0,,
350,15,1,81,142,-1,0.0,0.0,0.0,0,0.0,0.0,0,,-1,0,0.0,0.0,0.0,,
351,15,1,81,143,-1,0.0,0.0,0.0,0,0.0,0.0,0,,-1,0,0.0,0.0,0.0,,
352,15,1,81,144,-1,0.0,0.0,0.0,0,0.0,0.0,0,,-1,0,0.0,0.0,0.0,,
353,15,1,81,145,-1,0.0,0.0,0.0,0,0.0,0.0,0,,-1,0,0.0,0.0,0.0,,
354,15,1,81,146,-1,0.0,0.0,0.0,0,0.0,0.0,0,,-1,0,0.0,0.0,0.0,,
355,15,1,81,147,-1,0.0,0.0,0.0,0,0.0,0.0,0,,-1,0,0.0,0.0,0.0,,
356,15,1,81,148,-1,0.0,0.0,0.0,0,0.0,0.0,0,,-1,0,0.0,0.0,0.0,,
357,15,1,81,149,-1,0.0,0.0,0.0,0,0.0,0.0,0,,-1,0,0.0,0.0,0.0,,
358,15,1,81,150,-1,0.0,0.0,0.0,0,0.0,0.0,0,,-1,0,0.0,0.0,0.0,,
359,15,1,81,151,-1,0.0,0.0,0.0,0,0.0,0.0,0,,-1,0,0.0,0.0,0.0,,
360,15,1,81,152,-1,0.0,0.0,0.0,0,0.0,0.0,0,,-1,0,0.0,0.0,0.0,,
361,15,1,81,153,-1,0.0,0.0,0.0,0,0.0,0.0,0,,-1,0,0.0,0.0,0.0,,
362,15,1,81,154,-1,0.0,0.0,0.0,0,0.0,0.0,0,,-1,0,0.0,0.0,0.0,,
363,15,1,81,155,-1,0.0,0.0,0.0,0,0.0,0.0,0,,-1,0,0.0,0.0,0.0,,
364,15,1,81,156,-1,0.0,0.0,0.0,0,0.0,0.0,0,,-1,0,0.0,0.0,0.0,,
365,15,1,81,160,-1,0.0,0.0,0.0,0,0.0,0.0,0,,-1,0,0.0,0.0,0.0,,
366,15,1,81,161,-1,0.0,0.0,0.0,0,0.0,0.0,0,,-1,0,0.0,0.0,0.0,,
367,14,1,81,11,-1,0.0,0.0,0.0,0,0.0,0.0,0,,-1,0,0.0,0.0,0.0,,
368,14,1,81,18,-1,0.0,0.0,0.0,0,0.0,0.0,0,,-1,0,0.0,0.0,0.0,,
369,14,1,81,20,-1,0.0,0.0,0.0,0,0.0,0.0,0,,-1,0,0.0,0.0,0.0,,
370,14,1,81,12,-1,0.0,0.0,0.0,0,0.0,0.0,0,,-1,0,0.0,0.0,0.0,,
371,14,1,81,184,-1,0.0,0.0,0.0,0,0.0,0.0,0,,-1,0,0.0,0.0,0.0,,
372,14,1,81,187,-1,0.0,0.0,0.0,0,0.0,0.0,0,,-1,0,0.0,0.0,0.0,,
373,14,1,81,185,-1,0.0,0.0,0.0,0,0.0,0.0,0,,-1,0,0.0,0.0,0.0,,
374,14,1,81,186,-1,0.0,0.0,0.0,0,0.0,0.0,0,,-1,0,0.0,0.0,0.0,,
375,14,1,81,19,-1,0.0,0.0,0.0,0,0.0,0.0,0,,-1,0,0.0,0.0,0.0,,
376,14,1,81,14,-1,0.0,0.0,0.0,0,0.0,0.0,0,,-1,0,0.0,0.0,0.0,,
377,14,1,81,16,-1,0.0,0.0,0.0,0,0.0,0.0,0,,-1,0,0.0,0.0,0.0,,
378,14,1,81,9,-1,0.0,0.0,0.0,0,0.0,0.0,0,,-1,0,0.0,0.0,0.0,,
379,14,1,81,10,-1,0.0,0.0,0.0,0,0.0,0.0,0,,-1,0,0.0,0.0,0.0,,
380,14,1,81,83,-1,0.0,0.0,0.0,0,0.0,0.0,0,,-1,0,0.0,0.0,0.0,,
381,14,1,81,82,-1,0.0,0.0,0.0,0,0.0,0.0,0,,-1,0,0.0,0.0,0.0,,
382,14,1,81,65,-1,0.0,0.0,0.0,0,0.0,0.0,0,,-1,0,0.0,0.0,0.0,,
383,4,1,60,213164,-1,0.0,0.0,0.0,0,0.0,0.0,0,499149035761 / 0,-1,0,0.0,0.0,0.0,,
384,17,1,60,213164,-1,0.0,0.0,0.0,0,0.0,0.0,0,499149081794 / 0,-1,0,0.0,0.0,0.0,,
385,13,1,60,213164,-1,0.0,0.0,0.0,0,0.0,0.0,0,404145658506 / 0,-1,0,0.0,0.0,0.0,,
386,17,1,60,202257,-1,0.0,0.0,0.0,0,0.0,0.0,0,8261020 / 52,-1,0,0.0,0.0,0.0,,
387,17,1,60,207060,-1,0.0,0.0,0.0,0,0.0,0.0,0,1015951040,-1,0,0.0,0.0,0.0,,
388,17,1,60,213478,-1,0.0,0.0,0.0,0,0.0,0.0,0,18692376 / 0,-1,0,0.0,0.0,0.0,,
389,17,1,60,213434,-1,0.0,0.0,0.0,0,0.0,0.0,0,8261020 / 52,-1,0,0.0,0.0,0.0,,
390,17,1,60,202412,-1,0.0,0.0,0.0,0,0.0,0.0,0,7155965 / 48,-1,0,0.0,0.0,0.0,,
391,17,1,60,213485,-1,0.0,0.0,0.0,0,0.0,0.0,0,8261020 / 52,-1,0,0.0,0.0,0.0,,
392,13,1,60,213430,-1,0.0,0.0,0.0,0,0.0,0.0,0,7620102 / 72,-1,0,0.0,0.0,0.0,,
393,13,1,60,202427,-1,0.0,0.0,0.0,0,0.0,0.0,0,404145658506 / 0,-1,0,0.0,0.0,0.0,,
394,13,1,60,201333,-1,0.0,0.0,0.0,0,0.0,0.0,0,2368368 / 49,-1,0,0.0,0.0,0.0,,
395,13,1,60,213485,-1,0.0,0.0,0.0,0,0.0,0.0,0,7620102 / 72,-1,0,0.0,0.0,0.0,,"BN:32,-2####"
396,13,1,60,201551,-1,0.0,0.0,0.0,0,0.0,0.0,0,40431693475 / 0,-1,0,0.0,0.0,0.0,,
397,9,1,60,213164,-1,0.0,0.0,0.0,0,0.0,0.0,0,499149035761 / 0,-1,0,0.0,0.0,0.0,,
398,4,1,60,213478,-1,0.0,0.0,0.0,0,0.0,0.0,0,18687024 / 0,-1,0,0.0,0.0,0.0,,
399,4,1,60,213485,-1,0.0,0.0,0.0,0,0.0,0.0,0,8256609 / 93,-1,0,0.0,0.0,0.0,,
400,4,1,60,201770,-1,0.0,0.0,0.0,0,0.0,0.0,0,8256609 / 93,-1,0,0.0,0.0,0.0,,
401,4,1,60,207060,-1,0.0,0.0,0.0,0,0.0,0.0,0,1015951041,-1,0,0.0,0.0,0.0,,
402,17,1,60,201539,-1,0.0,0.0,0.0,0,0.0,0.0,0,40218230070 / 0,-1,0,0.0,0.0,0.0,,
403,17,1,60,201545,-1,0.0,0.0,0.0,0,0.0,0.0,0,4038092286 / 0,-1,0,0.0,0.0,0.0,,
404,17,1,60,201584,-1,0.0,0.0,0.0,0,0.0,0.0,0,4046479572 / 0,-1,0,0.0,0.0,0.0,,
405,17,1,60,202374,-1,0.0,0.0,0.0,0,0.0,0.0,0,502261124467 / 0,-1,0,0.0,0.0,0.0,,
406,17,1,60,201770,-1,0.0,0.0,0.0,0,0.0,0.0,0,8261020 / 52,-1,0,0.0,0.0,0.0,,
407,17,1,60,205483,-1,0.0,0.0,0.0,0,0.0,0.0,0,8261020 / 52,-1,0,0.0,0.0,0.0,,
408,17,1,60,202408,-1,0.0,0.0,0.0,0,0.0,0.0,0,8261020 / 52,-1,0,0.0,0.0,0.0,,
409,17,1,60,202288,-1,0.0,0.0,0.0,0,0.0,0.0,0,2047113 / 22,-1,0,0.0,0.0,0.0,,
410,13,1,60,212062,-1,0.0,0.0,0.0,0,0.0,0.0,0,195707 / 20,-1,0,0.0,0.0,0.0,,
411,13,1,60,207340,-1,0.0,0.0,0.0,0,0.0,0.0,0,48397209185 / 0,-1,0,0.0,0.0,0.0,,
412,13,1,60,202408,-1,0.0,0.0,0.0,0,0.0,0.0,0,7620102 / 72,-1,0,0.0,0.0,0.0,,
413,13,1,60,202406,-1,0.0,0.0,0.0,0,0.0,0.0,0,7620102 / 72,-1,0,0.0,0.0,0.0,,
414,13,1,60,201527,-1,0.0,0.0,0.0,0,0.0,0.0,0,48397209185 / 0,-1,0,0.0,0.0,0.0,,
415,17,1,60,212790,-1,0.0,0.0,0.0,0,0.0,0.0,0,499149081794 / 0,-1,0,0.0,0.0,0.0,,
416,17,1,60,213448,-1,0.0,0.0,0.0,0,0.0,0.0,0,18692376 / 0,-1,0,0.0,0.0,0.0,,
417,13,1,60,212790,-1,0.0,0.0,0.0,0,0.0,0.0,0,404145658506 / 0,-1,0,0.0,0.0,0.0,,
418,9,1,60,202257,-1,0.0,0.0,0.0,0,0.0,0.0,0,8256609 / 93,-1,0,0.0,0.0,0.0,,
419,9,1,60,213478,-1,0.0,0.0,0.0,0,0.0,0.0,0,18687024 / 0,-1,0,0.0,0.0,0.0,,
420,9,1,60,213485,-1,0.0,0.0,0.0,0,0.0,0.0,0,8256609 / 93,-1,0,0.0,0.0,0.0,,
421,9,1,60,213434,-1,0.0,0.0,0.0,0,0.0,0.0,0,8256609 / 93,-1,0,0.0,0.0,0.0,,
422,9,1,60,202408,-1,0.0,0.0,0.0,0,0.0,0.0,0,8256609 / 93,-1,0,0.0,0.0,0.0,,
423,9,1,60,213447,-1,0.0,0.0,0.0,0,0.0,0.0,0,18687024 / 0,-1,0,0.0,0.0,0.0,,
424,13,1,60,212879,-1,0.0,0.0,0.0,0,0.0,0.0,0,2549100,-1,0,0.0,0.0,0.0,,
425,13,1,60,212724,-1,0.0,0.0,0.0,0,0.0,0.0,0,7551598,-1,0,0.0,0.0,0.0,,
426,4,1,70,188,-1,0.0,0.0,0.0,0,0.0,0.0,0,,-1,0,0.0,0.0,0.0,,
427,2,1,70,189,-1,0.0,0.0,0.0,0,0.0,0.0,0,,-1,0,0.0,0.0,0.0,,
428,4,1,50,100342,-1,0.0,0.0,0.0,0,0.0,0.0,0,,-1,0,0.0,0.0,0.0,,
429,4,1,50,104506,-1,0.0,0.0,0.0,0,0.0,0.0,0,,-1,0,0.0,0.0,0.0,,
430,2,1,50,102772,-1,0.0,0.0,0.0,0,0.0,0.0,0,,-1,0,0.0,0.0,0.0,,
431,7,1,81,190,-1,0.0,0.0,0.0,0,0.0,0.0,0,,-1,0,0.0,0.0,0.0,,
432,7,1,81,191,-1,0.0,0.0,0.0,0,0.0,0.0,0,,-1,0,0.0,0.0,0.0,,
433,7,1,81,192,-1,0.0,0.0,0.0,0,0.0,0.0,0,,-1,0,0.0,0.0,0.0,,
434,14,1,81,79,-1,0.0,0.0,0.0,0,0.0,0.0,0,,-1,0,0.0,0.0,0.0,,
435,7,1,81,193,-1,0.0,0.0,0.0,0,0.0,0.0,0,,-1,0,0.0,0.0,0.0,,
436,7,1,81,194,-1,0.0,0.0,0.0,0,0.0,0.0,0,,-1,0,0.0,0.0,0.0,,
437,7,1,81,195,-1,0.0,0.0,0.0,0,0.0,0.0,0,,-1,0,0.0,0.0,0.0,,
438,14,1,81,195,-1,0.0,0.0,0.0,0,0.0,0.0,0,,-1,0,0.0,0.0,0.0,,
439,14,1,81,193,-1,0.0,0.0,0.0,0,0.0,0.0,0,,-1,0,0.0,0.0,0.0,,
440,7,1,81,171,-1,0.0,0.0,0.0,0,0.0,0.0,0,,-1,0,0.0,0.0,0.0,,
441,14,1,81,196,-1,0.0,0.0,0.0,0,0.0,0.0,0,,-1,0,0.0,0.0,0.0,,
442,7,1,81,196,-1,0.0,0.0,0.0,0,0.0,0.0,0,,-1,0,0.0,0.0,0.0,,
443,7,1,81,197,-1,0.0,0.0,0.0,0,0.0,0.0,0,,-1,0,0.0,0.0,0.0,,
444,2,1,50,100211,-1,0.0,0.0,0.0,0,0.0,0.0,0,,-1,0,0.0,0.0,0.0,,
445,2,1,50,104734,-1,0.0,0.0,0.0,0,0.0,0.0,0,,-1,0,0.0,0.0,0.0,,
446,14,1,81,42,-1,0.0,0.0,0.0,0,0.0,0.0,0,,-1,0,0.0,0.0,0.0,,
447,14,1,81,37,-1,0.0,0.0,0.0,0,0.0,0.0,0,,-1,0,0.0,0.0,0.0,,
448,14,1,81,38,-1,0.0,0.0,0.0,0,0.0,0.0,0,,-1,0,0.0,0.0,0.0,,
449,14,1,81,183,-1,0.0,0.0,0.0,0,0.0,0.0,0,,-1,0,0.0,0.0,0.0,,
450,14,1,81,40,-1,0.0,0.0,0.0,0,0.0,0.0,0,,-1,0,0.0,0.0,0.0,,
451,14,1,81,35,-1,0.0,0.0,0.0,0,0.0,0.0,0,,-1,0,0.0,0.0,0.0,,
452,14,1,81,63,-1,0.0,0.0,0.0,0,0.0,0.0,0,,-1,0,0.0,0.0,0.0,,
453,14,1,81,62,-1,0.0,0.0,0.0,0,0.0,0.0,0,,-1,0,0.0,0.0,0.0,,
454,1,1,50,102772,-1,0.0,0.0,0.0,0,0.0,0.0,0,,-1,0,0.0,0.0,0.0,,
455,11,1,81,37,-1,0.0,0.0,0.0,0,0.0,0.0,0,,-1,0,0.0,0.0,0.0,,
456,4,1,50,102772,-1,0.0,0.0,0.0,0,0.0,0.0,0,,-1,0,0.0,0.0,0.0,,
457,14,1,81,197,-1,0.0,0.0,0.0,0,0.0,0.0,0,,-1,0,0.0,0.0,0.0,,
458,14,1,81,198,-1,0.0,0.0,0.0,0,0.0,0.0,0,,-1,0,0.0,0.0,0.0,,
459,7,1,81,199,-1,0.0,0.0,0.0,0,0.0,0.0,0,,-1,0,0.0,0.0,0.0,,
460,7,1,81,200,-1,0.0,0.0,0.0,0,0.0,0.0,0,,-1,0,0.0,0.0,0.0,,
461,7,1,81,201,-1,0.0,0.0,0.0,0,0.0,0.0,0,,-1,0,0.0,0.0,0.0,,
462,14,1,81,200,-1,0.0,0.0,0.0,0,0.0,0.0,0,,-1,0,0.0,0.0,0.0,,
463,12,1,81,202,-1,0.0,0.0,0.0,0,0.0,0.0,0,,-1,0,0.0,0.0,0.0,,
464,12,1,81,203,-1,0.0,0.0,0.0,0,0.0,0.0,0,,-1,0,0.0,0.0,0.0,,
465,11,1,81,82,-1,0.0,0.0,0.0,0,0.0,0.0,0,,-1,0,0.0,0.0,0.0,,
466,11,1,81,84,-1,0.0,0.0,0.0,0,0.0,0.0,0,,-1,0,0.0,0.0,0.0,,
467,7,1,81,187,-1,0.0,0.0,0.0,0,0.0,0.0,0,,-1,0,0.0,0.0,0.0,,
468,13,1,60,212878,-1,0.0,0.0,0.0,0,0.0,0.0,0,195792,-1,0,0.0,0.0,0.0,,
469,13,1,60,213468,-1,0.0,0.0,0.0,0,0.0,0.0,0,14318149,-1,0,0.0,0.0,0.0,,
470,9,1,60,207060,-1,0.0,0.0,0.0,0,0.0,0.0,0,1015951041,-1,0,0.0,0.0,0.0,,
471,14,1,81,201,-1,0.0,0.0,0.0,0,0.0,0.0,0,,-1,0,0.0,0.0,0.0,,
472,14,1,81,204,-1,0.0,0.0,0.0,0,0.0,0.0,0,,-1,0,0.0,0.0,0.0,,
473,7,1,81,205,-1,0.0,0.0,0.0,0,0.0,0.0,0,,-1,0,0.0,0.0,0.0,,
474,7,1,81,204,-1,0.0,0.0,0.0,0,0.0,0.0,0,,-1,0,0.0,0.0,0.0,,
475,14,1,81,206,-1,0.0,0.0,0.0,0,0.0,0.0,0,,-1,0,0.0,0.0,0.0,,
476,15,1,30,651571,-1,0.0,0.0,0.0,0,0.0,0.0,0,,-1,0,0.0,0.0,0.0,,
477,2,1,50,100334,-1,0.0,0.0,0.0,0,0.0,0.0,0,,-1,0,0.0,0.0,0.0,,
478,14,1,81,207,-1,0.0,0.0,0.0,0,0.0,0.0,0,,-1,0,0.0,0.0,0.0,,
479,2,1,50,100059,-1,0.0,0.0,0.0,0,0.0,0.0,0,,-1,0,0.0,0.0,0.0,,
480,7,1,81,207,-1,0.0,0.0,0.0,0,0.0,0.0,0,,-1,0,0.0,0.0,0.0,,
481,7,1,81,208,-1,0.0,0.0,0.0,0,0.0,0.0,0,,-1,0,0.0,0.0,0.0,,
482,14,1,81,208,-1,0.0,0.0,0.0,0,0.0,0.0,0,,-1,0,0.0,0.0,0.0,,
483,14,1,81,209,-1,0.0,0.0,0.0,0,0.0,0.0,0,,-1,0,0.0,0.0,0.0,,
484,7,1,81,210,-1,0.0,0.0,0.0,0,0.0,0.0,0,,-1,0,0.0,0.0,0.0,,
485,4,1,50,102411,-1,0.0,0.0,0.0,0,0.0,0.0,0,,-1,0,0.0,0.0,0.0,,
486,4,1,50,102573,-1,0.0,0.0,0.0,0,0.0,0.0,0,,-1,0,0.0,0.0,0.0,,
487,2,1,50,100360,-1,0.0,0.0,0.0,0,0.0,0.0,0,,-1,0,0.0,0.0,0.0,,
488,2,1,50,100167,-1,0.0,0.0,0.0,1,0.0,0.0,0,,-1,0,0.0,0.0,0.0,,
489,2,1,50,105190,-1,0.0,0.0,0.0,0,0.0,0.0,0,,-1,0,0.0,0.0,0.0,,
490,4,1,50,101556,-1,0.0,0.0,0.0,0,0.0,0.0,0,,-1,0,0.0,0.0,0.0,,
491,4,1,50,104576,-1,0.0,0.0,0.0,0,0.0,0.0,0,,-1,0,0.0,0.0,0.0,,
492,7,1,81,206,-1,0.0,0.0,0.0,0,0.0,0.0,0,,-1,0,0.0,0.0,0.0,,
493,4,1,50,100835,-1,0.0,0.0,0.0,0,0.0,0.0,0,,-1,0,0.0,0.0,0.0,,
494,7,1,81,211,-1,0.0,0.0,0.0,0,0.0,0.0,0,,-1,0,0.0,0.0,0.0,,
495,2,1,50,100835,-1,0.0,0.0,0.0,0,0.0,0.0,0,,-1,0,0.0,0.0,0.0,,
496,11,1,81,211,-1,0.0,0.0,0.0,0,0.0,0.0,0,,-1,0,0.0,0.0,0.0,,
497,11,1,81,212,-1,0.0,0.0,0.0,0,0.0,0.0,0,,-1,0,0.0,0.0,0.0,,
498,14,1,81,211,-1,0.0,0.0,0.0,0,0.0,0.0,0,,-1,0,0.0,0.0,0.0,,
499,14,1,81,212,-1,0.0,0.0,0.0,0,0.0,0.0,0,,-1,0,0.0,0.0,0.0,,
500,15,1,81,213,-1,0.0,0.0,0.0,0,0.0,0.0,0,,-1,0,0.0,0.0,0.0,,
501,15,1,30,656556,-1,0.0,0.0,0.0,0,0.0,0.0,0,,-1,0,0.0,0.0,0.0,,
502,8,1,30,656556,-1,0.0,0.0,0.0,0,0.0,0.0,0,,-1,0,0.0,0.0,0.0,,
503,14,1,81,214,-1,0.0,0.0,0.0,0,0.0,0.0,0,,-1,0,0.0,0.0,0.0,,
504,7,1,81,214,-1,0.0,0.0,0.0,0,0.0,0.0,0,,-1,0,0.0,0.0,0.0,,
505,14,1,81,215,-1,0.0,0.0,0.0,0,0.0,0.0,0,,-1,0,0.0,0.0,0.0,,
506,14,1,81,216,-1,0.0,0.0,0.0,0,0.0,0.0,0,,-1,0,0.0,0.0,0.0,,
507,11,1,81,215,-1,0.0,0.0,0.0,0,0.0,0.0,0,,-1,0,0.0,0.0,0.0,,
508,4,1,50,105140,-1,0.0,0.0,0.0,0,0.0,0.0,0,,-1,0,0.0,0.0,0.0,,
509,15,1,30,662273,-1,0.0,0.0,0.0,0,0.0,0.0,0,,-1,0,0.0,0.0,0.0,,
510,15,1,30,669620,-1,0.0,0.0,0.0,0,0.0,0.0,0,,-1,0,0.0,0.0,0.0,,
511,4,1,50,102712,-1,0.0,0.0,0.0,0,0.0,0.0,0,,-1,0,0.0,0.0,0.0,,
512,4,1,50,100360,-1,0.0,0.0,0.0,0,0.0,0.0,0,,-1,0,0.0,0.0,0.0,,
513,15,1,81,217,-1,0.0,0.0,0.0,0,0.0,0.0,0,,-1,0,0.0,0.0,0.0,,
514,7,1,81,218,-1,0.0,0.0,0.0,0,0.0,0.0,0,,-1,0,0.0,0.0,0.0,,
515,14,1,81,219,-1,0.0,0.0,0.0,0,0.0,0.0,0,,-1,0,0.0,0.0,0.0,,
516,14,1,81,218,-1,0.0,0.0,0.0,0,0.0,0.0,0,,-1,0,0.0,0.0,0.0,,
517,2,1,50,101556,-1,0.0,0.0,0.0,0,0.0,0.0,0,,-1,0,0.0,0.0,0.0,,
518,11,1,81,219,-1,0.0,0.0,0.0,0,0.0,0.0,0,,-1,0,0.0,0.0,0.0,,
519,14,1,81,220,-1,0.0,0.0,0.0,0,0.0,0.0,0,,-1,0,0.0,0.0,0.0,,
520,7,1,81,219,-1,0.0,0.0,0.0,0,0.0,0.0,0,,-1,0,0.0,0.0,0.0,,
521,2,1,50,102627,-1,0.0,0.0,0.0,0,0.0,0.0,0,,-1,0,0.0,0.0,0.0,,
522,2,1,50,102712,-1,0.0,0.0,0.0,0,0.0,0.0,0,,-1,0,0.0,0.0,0.0,,
523,2,1,50,102762,-1,0.0,0.0,0.0,0,0.0,0.0,0,,-1,0,0.0,0.0,0.0,,
524,2,1,50,105074,-1,0.0,0.0,0.0,0,0.0,0.0,0,,-1,0,0.0,0.0,0.0,,
525,1,1,50,102647,-1,0.0,0.0,0.0,0,0.0,0.0,0,,-1,0,0.0,0.0,0.0,,
526,1,1,50,101706,-1,0.0,0.0,0.0,0,0.0,0.0,0,,-1,0,0.0,0.0,0.0,,
527,1,1,50,102090,-1,0.0,0.0,0.0,0,0.0,0.0,0,,-1,0,0.0,0.0,0.0,,
528,1,1,50,100351,-1,0.0,0.0,0.0,0,0.0,0.0,0,,-1,0,0.0,0.0,0.0,,
529,7,1,81,221,-1,0.0,0.0,0.0,0,0.0,0.0,0,,-1,0,0.0,0.0,0.0,,
530,1,1,50,101144,-1,0.0,0.0,0.0,0,0.0,0.0,0,,-1,0,0.0,0.0,0.0,,
531,7,1,81,222,-1,0.0,0.0,0.0,0,0.0,0.0,0,,-1,0,0.0,0.0,0.0,,
532,14,1,81,221,-1,0.0,0.0,0.0,0,0.0,0.0,0,,-1,0,0.0,0.0,0.0,,
533,14,1,81,222,-1,0.0,0.0,0.0,0,0.0,0.0,0,,-1,0,0.0,0.0,0.0,,
534,14,1,81,223,-1,0.0,0.0,0.0,0,0.0,0.0,0,,-1,0,0.0,0.0,0.0,,
535,11,1,81,221,-1,0.0,0.0,0.0,0,0.0,0.0,0,,-1,0,0.0,0.0,0.0,,
536,11,1,81,222,-1,0.0,0.0,0.0,0,0.0,0.0,0,,-1,0,0.0,0.0,0.0,,
537,1,1,50,100226,-1,0.0,0.0,0.0,0,0.0,0.0,0,,-1,0,0.0,0.0,0.0,,
538,1,1,50,105672,-1,0.0,0.0,0.0,0,0.0,0.0,0,,-1,0,0.0,0.0,0.0,,
539,11,1,81,224,-1,0.0,0.0,0.0,0,0.0,0.0,0,,-1,0,0.0,0.0,0.0,,
540,1,1,50,105074,-1,0.0,0.0,0.0,0,0.0,0.0,0,,-1,0,0.0,0.0,0.0,,
541,1,1,50,100335,-1,0.0,0.0,0.0,0,0.0,0.0,0,,-1,0,0.0,0.0,0.0,,
542,11,1,81,225,-1,0.0,0.0,0.0,0,0.0,0.0,0,,-1,0,0.0,0.0,0.0,,
543,7,1,81,224,-1,0.0,0.0,0.0,0,0.0,0.0,0,,-1,0,0.0,0.0,0.0,,
544,7,1,81,225,-1,0.0,0.0,0.0,0,0.0,0.0,0,,-1,0,0.0,0.0,0.0,,
545,1,1,50,101039,-1,0.0,0.0,0.0,0,0.0,0.0,0,,-1,0,0.0,0.0,0.0,,
546,8,1,81,226,-1,0.0,0.0,0.0,0,0.0,0.0,0,,-1,0,0.0,0.0,0.0,,
547,8,1,81,227,-1,0.0,0.0,0.0,0,0.0,0.0,0,,-1,0,0.0,0.0,0.0,,
548,12,1,81,228,-1,0.0,0.0,0.0,0,0.0,0.0,0,,-1,0,0.0,0.0,0.0,,
549,12,1,30,673839,-1,0.0,0.0,0.0,0,0.0,0.0,0,,-1,0,0.0,0.0,0.0,,
550,12,1,30,674436,-1,0.0,0.0,0.0,0,0.0,0.0,0,,-1,0,0.0,0.0,0.0,,
551,4,1,50,101563,-1,0.0,0.0,0.0,0,0.0,0.0,0,,-1,0,0.0,0.0,0.0,,
552,4,1,50,102592,-1,0.0,0.0,0.0,0,0.0,0.0,0,,-1,0,0.0,0.0,0.0,,
553,2,1,50,105757,-1,0.0,0.0,0.0,0,0.0,0.0,0,,-1,0,0.0,0.0,0.0,,
554,2,1,50,104343,-1,0.0,0.0,0.0,0,0.0,0.0,0,,-1,0,0.0,0.0,0.0,,"BN:97,-2####"
555,1,1,50,102180,-1,0.0,0.0,0.0,0,0.0,0.0,0,,-1,0,0.0,0.0,0.0,,
556,14,1,81,224,-1,0.0,0.0,0.0,0,0.0,0.0,0,,-1,0,0.0,0.0,0.0,,
557,14,1,81,225,-1,0.0,0.0,0.0,0,0.0,0.0,0,,-1,0,0.0,0.0,0.0,,
558,8,1,81,229,-1,0.0,0.0,0.0,0,0.0,0.0,0,,-1,0,0.0,0.0,0.0,,
559,8,1,81,230,-1,0.0,0.0,0.0,0,0.0,0.0,0,,-1,0,0.0,0.0,0.0,,
560,8,1,81,231,-1,0.0,0.0,0.0,0,0.0,0.0,0,,-1,0,0.0,0.0,0.0,,
561,8,1,81,232,-1,0.0,0.0,0.0,0,0.0,0.0,0,,-1,0,0.0,0.0,0.0,,
562,15,1,81,233,-1,0.0,0.0,0.0,0,0.0,0.0,0,,-1,0,0.0,0.0,0.0,,
563,12,1,81,234,-1,0.0,0.0,0.0,0,0.0,0.0,0,,-1,0,0.0,0.0,0.0,,
564,1,1,50,102175,-1,0.0,0.0,0.0,0,0.0,0.0,0,,-1,0,0.0,0.0,0.0,,
565,1,1,50,105757,-1,0.0,0.0,0.0,0,0.0,0.0,0,,-1,0,0.0,0.0,0.0,,
566,15,1,30,680816,-1,0.0,0.0,0.0,0,0.0,0.0,0,,-1,0,0.0,0.0,0.0,,
567,8,1,30,678644,-1,0.0,0.0,0.0,0,0.0,0.0,0,,-1,0,0.0,0.0,0.0,,
568,4,1,50,101945,-1,0.0,0.0,0.0,0,0.0,0.0,0,,-1,0,0.0,0.0,0.0,,
569,12,1,30,680591,-1,0.0,0.0,0.0,0,0.0,0.0,0,,-1,0,0.0,0.0,0.0,,
570,12,1,30,681730,-1,0.0,0.0,0.0,0,0.0,0.0,0,,-1,0,0.0,0.0,0.0,,
571,12,1,30,681566,-1,0.0,0.0,0.0,0,0.0,0.0,0,,-1,0,0.0,0.0,0.0,,
572,8,1,30,680591,-1,0.0,0.0,0.0,0,0.0,0.0,0,,-1,0,0.0,0.0,0.0,,
573,8,1,30,679058,-1,0.0,0.0,0.0,0,0.0,0.0,0,,-1,0,0.0,0.0,0.0,,
574,8,1,30,678517,-1,0.0,0.0,0.0,0,0.0,0.0,0,,-1,0,0.0,0.0,0.0,,
575,8,1,30,678614,-1,0.0,0.0,0.0,0,0.0,0.0,0,,-1,0,0.0,0.0,0.0,,
576,1,1,50,101535,-1,0.0,0.0,0.0,0,0.0,0.0,0,,-1,0,0.0,0.0,0.0,,
577,8,1,30,683812,-1,0.0,0.0,0.0,0,0.0,0.0,0,,-1,0,0.0,0.0,0.0,,
578,8,1,30,682862,-1,0.0,0.0,0.0,0,0.0,0.0,0,,-1,0,0.0,0.0,0.0,,
579,7,1,81,235,-1,0.0,0.0,0.0,0,0.0,0.0,0,,-1,0,0.0,0.0,0.0,,
580,8,1,30,683074,-1,0.0,0.0,0.0,0,0.0,0.0,0,,-1,0,0.0,0.0,0.0,,
581,7,1,81,236,-1,0.0,0.0,0.0,0,0.0,0.0,0,,-1,0,0.0,0.0,0.0,,
582,8,1,30,683189,-1,0.0,0.0,0.0,0,0.0,0.0,0,,-1,0,0.0,0.0,0.0,,
583,8,1,30,687908,-1,0.0,0.0,0.0,0,0.0,0.0,0,,-1,0,0.0,0.0,0.0,,
584,8,1,30,690057,-1,0.0,0.0,0.0,0,0.0,0.0,0,,-1,0,0.0,0.0,0.0,,
585,11,1,81,112,-1,0.0,0.0,0.0,0,0.0,0.0,0,,-1,0,0.0,0.0,0.0,,
586,15,1,30,683144,-1,0.0,0.0,0.0,0,0.0,0.0,0,,-1,0,0.0,0.0,0.0,,
587,11,1,81,236,-1,0.0,0.0,0.0,0,0.0,0.0,0,,-1,0,0.0,0.0,0.0,,
588,11,1,81,237,-1,0.0,0.0,0.0,0,0.0,0.0,0,,-1,0,0.0,0.0,0.0,,
589,1,1,50,101556,-1,3100.0,20944.94,0.0,3,0.0,0.0,0,,-1,0,0.0,0.0,0.0,,"BN:95,-2####"
590,1,1,50,104576,-1,0.0,0.0,0.0,0,0.0,0.0,0,,-1,0,0.0,0.0,0.0,,
591,1,1,50,100334,-1,0.0,0.0,0.0,0,0.0,0.0,0,,-1,0,0.0,0.0,0.0,,
592,14,1,81,235,-1,0.0,0.0,0.0,0,0.0,0.0,0,,-1,0,0.0,0.0,0.0,,
593,8,1,30,683117,-1,0.0,0.0,0.0,0,0.0,0.0,0,,-1,0,0.0,0.0,0.0,,
594,8,1,30,683144,-1,0.0,0.0,0.0,0,0.0,0.0,0,,-1,0,0.0,0.0,0.0,,
595,7,1,81,238,-1,0.0,0.0,0.0,0,0.0,0.0,0,,-1,0,0.0,0.0,0.0,,
596,8,1,30,690430,-1,0.0,0.0,0.0,0,0.0,0.0,0,,-1,0,0.0,0.0,0.0,,
597,14,1,81,238,-1,0.0,0.0,0.0,0,0.0,0.0,0,,-1,0,0.0,0.0,0.0,,
598,7,1,81,239,-1,0.0,0.0,0.0,0,0.0,0.0,0,,-1,0,0.0,0.0,0.0,,
599,14,1,81,239,-1,0.0,0.0,0.0,0,0.0,0.0,0,,-1,0,0.0,0.0,0.0,,
600,15,1,30,694401,-1,0.0,0.0,0.0,0,0.0,0.0,0,,-1,0,0.0,0.0,0.0,,
601,15,1,30,687527,-1,0.0,0.0,0.0,0,0.0,0.0,0,,-1,0,0.0,0.0,0.0,,
602,15,1,30,694049,-1,0.0,0.0,0.0,0,0.0,0.0,0,,-1,0,0.0,0.0,0.0,,
603,15,1,30,687131,-1,0.0,0.0,0.0,0,0.0,0.0,0,,-1,0,0.0,0.0,0.0,,
604,11,1,81,239,-1,0.0,0.0,0.0,0,0.0,0.0,0,,-1,0,0.0,0.0,0.0,,
605,15,1,81,240,-1,0.0,0.0,0.0,0,0.0,0.0,0,,-1,0,0.0,0.0,0.0,,
606,15,1,81,241,-1,0.0,0.0,0.0,0,0.0,0.0,0,,-1,0,0.0,0.0,0.0,,
607,8,1,81,242,-1,0.0,0.0,0.0,0,0.0,0.0,0,,-1,0,0.0,0.0,0.0,,
608,8,1,81,243,-1,0.0,0.0,0.0,0,0.0,0.0,0,,-1,0,0.0,0.0,0.0,,
609,8,1,81,244,-1,0.0,0.0,0.0,0,0.0,0.0,0,,-1,0,0.0,0.0,0.0,,
610,8,1,81,245,-1,0.0,0.0,0.0,0,0.0,0.0,0,,-1,0,0.0,0.0,0.0,,
611,8,1,81,246,-1,0.0,0.0,0.0,0,0.0,0.0,0,,-1,0,0.0,0.0,0.0,,
612,8,1,81,247,-1,0.0,0.0,0.0,0,0.0,0.0,0,,-1,0,0.0,0.0,0.0,,
613,8,1,81,248,-1,0.0,0.0,0.0,0,0.0,0.0,0,,-1,0,0.0,0.0,0.0,,
614,8,1,81,249,-1,0.0,0.0,0.0,0,0.0,0.0,0,,-1,0,0.0,0.0,0.0,,
615,8,1,81,213,-1,0.0,0.0,0.0,0,0.0,0.0,0,,-1,0,0.0,0.0,0.0,,
616,8,1,81,250,-1,0.0,0.0,0.0,0,0.0,0.0,0,,-1,0,0.0,0.0,0.0,,
617,8,1,81,251,-1,0.0,0.0,0.0,0,0.0,0.0,0,,-1,0,0.0,0.0,0.0,,
618,8,1,81,252,-1,0.0,0.0,0.0,0,0.0,0.0,0,,-1,0,0.0,0.0,0.0,,
619,8,1,81,253,-1,0.0,0.0,0.0,0,0.0,0.0,0,,-1,0,0.0,0.0,0.0,,
620,8,1,81,254,-1,0.0,0.0,0.0,0,0.0,0.0,0,,-1,0,0.0,0.0,0.0,,
621,8,1,81,255,-1,0.0,0.0,0.0,0,0.0,0.0,0,,-1,0,0.0,0.0,0.0,,
622,15,1,30,695237,-1,0.0,0.0,0.0,0,0.0,0.0,0,,-1,0,0.0,0.0,0.0,,
623,15,1,30,697373,-1,0.0,0.0,0.0,0,0.0,0.0,0,,-1,0,0.0,0.0,0.0,,
624,15,1,30,697557,-1,0.0,0.0,0.0,0,0.0,0.0,0,,-1,0,0.0,0.0,0.0,,
625,8,1,30,694401,-1,0.0,0.0,0.0,0,0.0,0.0,0,,-1,0,0.0,0.0,0.0,,
626,14,1,81,256,-1,0.0,0.0,0.0,0,0.0,0.0,0,,-1,0,0.0,0.0,0.0,,
627,14,1,81,257,-1,0.0,0.0,0.0,0,0.0,0.0,0,,-1,0,0.0,0.0,0.0,,
628,7,1,81,257,-1,0.0,0.0,0.0,0,0.0,0.0,0,,-1,0,0.0,0.0,0.0,,
629,7,1,81,256,-1,0.0,0.0,0.0,0,0.0,0.0,0,,-1,0,0.0,0.0,0.0,,
630,8,1,30,693558,-1,0.0,0.0,0.0,0,0.0,0.0,0,,-1,0,0.0,0.0,0.0,,
631,15,1,30,700637,-1,0.0,0.0,0.0,0,0.0,0.0,0,,-1,0,0.0,0.0,0.0,,
632,8,1,81,258,-1,0.0,0.0,0.0,0,0.0,0.0,0,,-1,0,0.0,0.0,0.0,,
633,3,1,50,102647,-1,100.0,1000.0,0.0,0,0.0,0.0,0,,-1,0,0.0,0.0,0.0,,
634,3,1,50,100351,-1,0.0,0.0,0.0,0,0.0,0.0,0,,-1,0,0.0,0.0,0.0,,
635,3,1,50,101706,-1,0.0,0.0,0.0,0,0.0,0.0,0,,-1,0,0.0,0.0,0.0,,
636,3,1,50,105190,-1,4.0,4800.0,0.0,0,0.0,0.0,0,,-1,0,0.0,0.0,0.0,,
637,3,1,50,100167,-1,49.0,7350.0,0.0,0,0.0,0.0,0,,-1,0,0.0,0.0,0.0,,
638,3,1,50,102090,-1,0.0,0.0,0.0,0,0.0,0.0,0,,-1,0,0.0,0.0,0.0,,
639,3,1,50,101434,-1,50.0,750.0,0.0,0,0.0,0.0,0,,-1,0,0.0,0.0,0.0,,
640,3,1,50,101804,-1,0.0,0.0,0.0,0,0.0,0.0,0,,-1,0,0.0,0.0,0.0,,
641,3,1,50,101144,-1,0.0,0.0,0.0,0,0.0,0.0,0,,-1,0,0.0,0.0,0.0,,
642,17,1,60,213191,-1,0.0,0.0,0.0,0,0.0,0.0,0,3315977 / 01,-1,0,0.0,0.0,0.0,,
643,9,1,60,201543,-1,0.0,0.0,0.0,0,0.0,0.0,0,4038092291 / 0,-1,0,0.0,0.0,0.0,,
644,9,1,60,201539,-1,0.0,0.0,0.0,0,0.0,0.0,0,40218230092 / 0,-1,0,0.0,0.0,0.0,,
645,9,1,60,201926,-1,0.0,0.0,0.0,0,0.0,0.0,0,8256609 / 93,-1,0,0.0,0.0,0.0,,
646,9,1,60,202374,-1,0.0,0.0,0.0,0,0.0,0.0,0,502261124492 / 0,-1,0,0.0,0.0,0.0,,
647,9,1,60,201770,-1,0.0,0.0,0.0,0,0.0,0.0,0,8256609 / 93,-1,0,0.0,0.0,0.0,,
648,9,1,60,202107,-1,0.0,0.0,0.0,0,0.0,0.0,0,404133492841 / 0,-1,0,0.0,0.0,0.0,,
649,13,1,60,213199,-1,0.0,0.0,0.0,0,0.0,0.0,0,91022840686 / 0,-1,0,0.0,0.0,0.0,,"BN:29,-2####"
650,3,1,50,101590,-1,0.0,0.0,0.0,0,0.0,0.0,0,,-1,0,0.0,0.0,0.0,,
651,3,1,50,101938,-1,0.0,0.0,0.0,0,0.0,0.0,0,,-1,0,0.0,0.0,0.0,,
652,11,1,81,257,-1,0.0,0.0,0.0,0,0.0,0.0,0,,-1,0,0.0,0.0,0.0,,
653,1,1,50,100078,-1,0.0,0.0,0.0,2,0.0,0.0,0,,-1,0,120.2,0.0,0.0,,"BN:95,-2####"
654,1,1,50,104821,-1,0.0,0.0,0.0,0,0.0,0.0,0,,-1,0,0.0,0.0,0.0,,
655,2,1,50,104289,-1,0.0,0.0,0.0,0,0.0,0.0,0,,-1,0,0.0,0.0,0.0,,
656,15,1,81,259,-1,0.0,0.0,0.0,0,0.0,0.0,0,,-1,0,0.0,0.0,0.0,,
657,15,1,81,260,-1,0.0,0.0,0.0,0,0.0,0.0,0,,-1,0,0.0,0.0,0.0,,
658,8,1,30,693425,-1,0.0,0.0,0.0,0,0.0,0.0,0,,-1,0,0.0,0.0,0.0,,
659,8,1,30,693859,-1,0.0,0.0,0.0,0,0.0,0.0,0,,-1,0,0.0,0.0,0.0,,
660,8,1,30,694794,-1,0.0,0.0,0.0,0,0.0,0.0,0,,-1,0,0.0,0.0,0.0,,
661,7,1,81,261,-1,0.0,0.0,0.0,0,0.0,0.0,0,,-1,0,0.0,0.0,0.0,,
662,4,1,50,101706,-1,0.0,0.0,0.0,0,0.0,0.0,0,,-1,0,0.0,0.0,0.0,,
663,4,1,50,101938,-1,0.0,0.0,0.0,0,0.0,0.0,0,,-1,0,0.0,0.0,0.0,,
664,2,1,50,101938,-1,0.0,0.0,0.0,0,0.0,0.0,0,,-1,0,0.0,0.0,0.0,,
665,8,1,30,693503,-1,0.0,0.0,0.0,0,0.0,0.0,0,,-1,0,0.0,0.0,0.0,,
666,14,1,81,261,-1,0.0,0.0,0.0,0,0.0,0.0,0,,-1,0,0.0,0.0,0.0,,
667,14,1,81,262,-1,0.0,0.0,0.0,0,0.0,0.0,0,,-1,0,0.0,0.0,0.0,,
668,7,1,81,263,-1,0.0,0.0,0.0,0,0.0,0.0,0,,-1,0,0.0,0.0,0.0,,
669,7,1,81,264,-1,0.0,0.0,0.0,0,0.0,0.0,0,,-1,0,0.0,0.0,0.0,,
670,8,1,30,699733,-1,0.0,0.0,0.0,0,0.0,0.0,0,,-1,0,0.0,0.0,0.0,,
671,8,1,30,699771,-1,0.0,0.0,0.0,0,0.0,0.0,0,,-1,0,0.0,0.0,0.0,,
672,7,1,81,265,-1,0.0,0.0,0.0,0,0.0,0.0,0,,-1,0,0.0,0.0,0.0,,
673,8,1,81,266,-1,0.0,0.0,0.0,0,0.0,0.0,0,,-1,0,0.0,0.0,0.0,,
674,8,1,81,267,-1,0.0,0.0,0.0,0,0.0,0.0,0,,-1,0,0.0,0.0,0.0,,
675,7,1,81,268,-1,0.0,0.0,0.0,0,0.0,0.0,0,,-1,0,0.0,0.0,0.0,,
676,8,1,30,699812,-1,0.0,0.0,0.0,0,0.0,0.0,0,,-1,0,0.0,0.0,0.0,,
677,8,1,30,699258,-1,0.0,0.0,0.0,0,0.0,0.0,0,,-1,0,0.0,0.0,0.0,,
678,7,1,81,269,-1,0.0,0.0,0.0,0,0.0,0.0,0,,-1,0,0.0,0.0,0.0,,
679,14,1,81,269,-1,0.0,0.0,0.0,0,0.0,0.0,0,,-1,0,0.0,0.0,0.0,,
680,7,1,81,270,-1,0.0,0.0,0.0,0,0.0,0.0,0,,-1,0,0.0,0.0,0.0,,
681,7,1,81,271,-1,0.0,0.0,0.0,0,0.0,0.0,0,,-1,0,0.0,0.0,0.0,,
682,8,1,30,704923,-1,0.0,0.0,0.0,0,0.0,0.0,0,,-1,0,0.0,0.0,0.0,,
683,8,1,30,704945,-1,0.0,0.0,0.0,0,0.0,0.0,0,,-1,0,0.0,0.0,0.0,,
684,15,1,81,272,-1,0.0,0.0,0.0,0,0.0,0.0,0,,-1,0,0.0,0.0,0.0,,
685,15,1,81,273,-1,0.0,0.0,0.0,0,0.0,0.0,0,,-1,0,0.0,0.0,0.0,,
686,15,1,81,274,-1,0.0,0.0,0.0,0,0.0,0.0,0,,-1,0,0.0,0.0,0.0,,
687,15,1,81,275,-1,0.0,0.0,0.0,0,0.0,0.0,0,,-1,0,0.0,0.0,0.0,,
688,15,1,81,276,-1,0.0,0.0,0.0,0,0.0,0.0,0,,-1,0,0.0,0.0,0.0,,
689,15,1,81,242,-1,0.0,0.0,0.0,0,0.0,0.0,0,,-1,0,0.0,0.0,0.0,,
690,15,1,81,252,-1,0.0,0.0,0.0,0,0.0,0.0,0,,-1,0,0.0,0.0,0.0,,
691,8,1,81,277,-1,0.0,0.0,0.0,0,0.0,0.0,0,,-1,0,0.0,0.0,0.0,,
692,8,1,81,278,-1,0.0,0.0,0.0,0,0.0,0.0,0,,-1,0,0.0,0.0,0.0,,
693,8,1,81,279,-1,0.0,0.0,0.0,0,0.0,0.0,0,,-1,0,0.0,0.0,0.0,,
694,8,1,81,280,-1,0.0,0.0,0.0,0,0.0,0.0,0,,-1,0,0.0,0.0,0.0,,
695,8,1,81,281,-1,0.0,0.0,0.0,0,0.0,0.0,0,,-1,0,0.0,0.0,0.0,,
696,8,1,81,282,-1,0.0,0.0,0.0,0,0.0,0.0,0,,-1,0,0.0,0.0,0.0,,
697,8,1,81,283,-1,0.0,0.0,0.0,0,0.0,0.0,0,,-1,0,0.0,0.0,0.0,,
698,8,1,81,284,-1,0.0,0.0,0.0,0,0.0,0.0,0,,-1,0,0.0,0.0,0.0,,
699,8,1,81,276,-1,0.0,0.0,0.0,0,0.0,0.0,0,,-1,0,0.0,0.0,0.0,,
700,17,1,60,213312,-1,0.0,0.0,0.0,0,0.0,0.0,0,8356250 / 27,-1,0,0.0,0.0,0.0,,
701,13,1,60,213312,-1,0.0,0.0,0.0,0,0.0,0.0,0,8360155 / 49,-1,0,0.0,0.0,0.0,,"BN:237,-5####"
702,9,1,60,213312,-1,0.0,0.0,0.0,0,0.0,0.0,0,8355994 / 19,-1,0,0.0,0.0,0.0,,
703,7,1,81,285,-1,0.0,0.0,0.0,0,0.0,0.0,0,,-1,0,0.0,0.0,0.0,,
704,7,1,81,286,-1,0.0,0.0,0.0,0,0.0,0.0,0,,-1,0,0.0,0.0,0.0,,
705,14,1,81,285,-1,0.0,0.0,0.0,0,0.0,0.0,0,,-1,0,0.0,0.0,0.0,,
706,4,1,50,104369,-1,0.0,0.0,0.0,0,0.0,0.0,0,,-1,0,0.0,0.0,0.0,,
707,4,1,50,100226,-1,0.0,0.0,0.0,0,0.0,0.0,0,,-1,0,0.0,0.0,0.0,,
708,7,1,81,287,-1,0.0,0.0,0.0,0,0.0,0.0,0,,-1,0,0.0,0.0,0.0,,
709,14,1,81,287,-1,0.0,0.0,0.0,0,0.0,0.0,0,,-1,0,0.0,0.0,0.0,,
710,15,1,81,288,-1,0.0,0.0,0.0,0,0.0,0.0,0,,-1,0,0.0,0.0,0.0,,
711,4,1,40,425090,-1,0.0,0.0,0.0,0,0.0,0.0,0,,-1,0,0.0,0.0,0.0,,
712,9,1,60,212963,-1,0.0,0.0,0.0,0,0.0,0.0,0,3540662 / 96,-1,0,0.0,0.0,0.0,,"BN:48,-2####"
713,17,1,60,213830,-1,0.0,0.0,0.0,0,0.0,0.0,0,2047113 / 22,-1,0,0.0,0.0,0.0,,"BN:13,-2####"
714,17,1,60,218048,-1,0.0,0.0,0.0,0,0.0,0.0,0,1015951040,-1,0,0.0,0.0,0.0,,
715,9,1,60,212942,-1,0.0,0.0,0.0,0,0.0,0.0,0,8355994 / 19,-1,0,0.0,0.0,0.0,,"BN:237,-5####"
716,1,1,50,102370,-1,0.0,0.0,0.0,0,0.0,0.0,0,,-1,0,0.0,0.0,0.0,,
717,14,1,81,289,-1,0.0,0.0,0.0,0,0.0,0.0,0,,-1,0,0.0,0.0,0.0,,
718,11,1,81,290,-1,0.0,0.0,0.0,0,0.0,0.0,0,,-1,0,0.0,0.0,0.0,,
719,7,1,81,289,-1,0.0,0.0,0.0,0,0.0,0.0,0,,-1,0,0.0,0.0,0.0,,
720,7,1,81,290,-1,0.0,0.0,0.0,0,0.0,0.0,0,,-1,0,0.0,0.0,0.0,,
721,4,1,50,100176,-1,0.0,0.0,0.0,0,0.0,0.0,0,,-1,0,0.0,0.0,0.0,,
722,13,1,60,213251,-1,0.0,0.0,0.0,0,0.0,0.0,0,15864532,-1,0,0.0,0.0,0.0,,
723,13,1,60,213347,-1,0.0,0.0,0.0,0,0.0,0.0,0,7620102 / 72,-1,0,0.0,0.0,0.0,,"BN:32,-2####"
724,7,1,81,291,-1,0.0,0.0,0.0,0,0.0,0.0,0,,-1,0,0.0,0.0,0.0,,
725,4,1,40,425154,-1,0.0,0.0,0.0,0,0.0,0.0,0,,-1,0,0.0,0.0,0.0,,
726,2,1,40,425154,-1,0.0,0.0,0.0,0,0.0,0.0,0,,-1,0,0.0,0.0,0.0,,
727,17,1,60,213327,-1,0.0,0.0,0.0,0,0.0,0.0,0,1015951040,-1,0,0.0,0.0,0.0,,
728,17,1,60,213279,-1,0.0,0.0,0.0,0,0.0,0.0,0,2795375 / 10,-1,0,0.0,0.0,0.0,,
729,9,1,60,213218,-1,0.0,0.0,0.0,0,0.0,0.0,0,8355994 / 19,-1,0,0.0,0.0,0.0,,"BN:48,-2####"
730,14,1,81,290,-1,0.0,0.0,0.0,0,0.0,0.0,0,,-1,0,0.0,0.0,0.0,,
731,9,1,60,213485,-1,0.0,0.0,0.0,0,0.0,0.0,0,10931284 / 05,-1,0,0.0,0.0,0.0,,
732,17,1,60,213485,-1,0.0,0.0,0.0,0,0.0,0.0,0,10931283 / 08,-1,0,0.0,0.0,0.0,,"BN:13,-2####"
733,14,1,81,291,-1,0.0,0.0,0.0,0,0.0,0.0,0,,-1,0,0.0,0.0,0.0,,
734,2,1,50,104268,-1,0.0,0.0,0.0,0,0.0,0.0,0,,-1,0,0.0,0.0,0.0,,
735,14,1,81,292,-1,0.0,0.0,0.0,0,0.0,0.0,0,,-1,0,0.0,0.0,0.0,,
736,7,1,81,292,-1,0.0,0.0,0.0,0,0.0,0.0,0,,-1,0,0.0,0.0,0.0,,
737,7,1,81,293,-1,0.0,0.0,0.0,0,0.0,0.0,0,,-1,0,0.0,0.0,0.0,,
738,4,1,50,104289,-1,0.0,0.0,0.0,0,0.0,0.0,0,,-1,0,0.0,0.0,0.0,,
739,7,1,81,294,-1,0.0,0.0,0.0,0,0.0,0.0,0,,-1,0,0.0,0.0,0.0,,
740,7,1,81,295,-1,0.0,0.0,0.0,0,0.0,0.0,0,,-1,0,0.0,0.0,0.0,,
741,4,1,50,105050,-1,0.0,0.0,0.0,0,0.0,0.0,0,,-1,0,0.0,0.0,0.0,,
742,4,1,50,100346,-1,0.0,0.0,0.0,0,0.0,0.0,0,,-1,0,0.0,0.0,0.0,,
743,17,1,60,212181,-1,0.0,0.0,0.0,0,0.0,0.0,0,10931283 / 08,-1,0,0.0,0.0,0.0,,
744,17,1,60,213018,-1,0.0,0.0,0.0,0,0.0,0.0,0,1015951040,-1,0,0.0,0.0,0.0,,
745,13,1,60,212181,-1,0.0,0.0,0.0,0,0.0,0.0,0,7620102 / 72,-1,0,0.0,0.0,0.0,,
746,13,1,60,213979,-1,0.0,0.0,0.0,0,0.0,0.0,0,1018033152,-1,0,0.0,0.0,0.0,,
747,9,1,60,213430,-1,0.0,0.0,0.0,0,0.0,0.0,0,10931284 / 05,-1,0,0.0,0.0,0.0,,"BN:48,-2####"
748,4,1,50,104482,-1,0.0,0.0,0.0,0,0.0,0.0,0,,-1,0,0.0,0.0,0.0,,
749,7,1,81,296,-1,0.0,0.0,0.0,0,0.0,0.0,0,,-1,0,0.0,0.0,0.0,,
750,4,1,50,101191,-1,0.0,0.0,0.0,0,0.0,0.0,0,,-1,0,0.0,0.0,0.0,,
751,14,1,81,296,-1,0.0,0.0,0.0,0,0.0,0.0,0,,-1,0,0.0,0.0,0.0,,
752,7,1,81,297,-1,0.0,0.0,0.0,0,0.0,0.0,0,,-1,0,0.0,0.0,0.0,,
753,9,1,60,213383,-1,0.0,0.0,0.0,0,0.0,0.0,0,18687024 / 0,-1,0,0.0,0.0,0.0,,
754,7,1,81,298,-1,0.0,0.0,0.0,0,0.0,0.0,0,,-1,0,0.0,0.0,0.0,,
755,4,1,50,100334,-1,0.0,0.0,0.0,0,0.0,0.0,0,,-1,0,0.0,0.0,0.0,,
756,14,1,81,297,-1,0.0,0.0,0.0,0,0.0,0.0,0,,-1,0,0.0,0.0,0.0,,
757,2,1,50,101706,-1,0.0,0.0,0.0,0,0.0,0.0,0,,-1,0,0.0,0.0,0.0,,
758,7,1,81,299,-1,0.0,0.0,0.0,0,0.0,0.0,0,,-1,0,0.0,0.0,0.0,,
759,14,1,81,298,-1,0.0,0.0,0.0,0,0.0,0.0,0,,-1,0,0.0,0.0,0.0,,
760,14,1,81,299,-1,0.0,0.0,0.0,0,0.0,0.0,0,,-1,0,0.0,0.0,0.0,,
761,2,1,50,100023,-1,0.0,0.0,0.0,0,0.0,0.0,0,,-1,0,0.0,0.0,0.0,,
762,2,1,50,100176,-1,0.0,0.0,0.0,0,0.0,0.0,0,,-1,0,0.0,0.0,0.0,,
763,2,1,50,105140,-1,0.0,0.0,0.0,0,0.0,0.0,0,,-1,0,0.0,0.0,0.0,,
764,7,1,81,300,-1,0.0,0.0,0.0,0,0.0,0.0,0,,-1,0,0.0,0.0,0.0,,
765,14,1,81,301,-1,0.0,0.0,0.0,0,0.0,0.0,0,,-1,0,0.0,0.0,0.0,,
766,7,1,81,301,-1,0.0,0.0,0.0,0,0.0,0.0,0,,-1,0,0.0,0.0,0.0,,
767,14,1,81,300,-1,0.0,0.0,0.0,0,0.0,0.0,0,,-1,0,0.0,0.0,0.0,,
768,2,1,40,425152,-1,0.0,0.0,0.0,0,0.0,0.0,0,,-1,0,0.0,0.0,0.0,,
769,2,1,40,425130,-1,0.0,0.0,0.0,0,0.0,0.0,0,,-1,0,0.0,0.0,0.0,,
770,2,1,40,425458,-1,0.0,0.0,0.0,0,0.0,0.0,0,,-1,0,0.0,0.0,0.0,,
771,1,1,40,425108,-1,0.0,0.0,0.0,0,0.0,0.0,0,,-1,0,0.0,0.0,0.0,,
772,1,1,40,425130,-1,0.0,0.0,0.0,0,0.0,0.0,0,,-1,0,0.0,0.0,0.0,,
773,9,1,60,212181,-1,0.0,0.0,0.0,0,0.0,0.0,0,10931284 / 05,-1,0,0.0,0.0,0.0,,"BN:48,-2####"
774,2,1,50,105462,-1,0.0,0.0,0.0,0,0.0,0.0,0,,-1,0,0.0,0.0,0.0,,
775,2,1,40,425108,-1,0.0,0.0,0.0,0,0.0,0.0,0,,-1,0,0.0,0.0,0.0,,
776,4,1,120,302,-1,0.0,0.0,0.0,0,0.0,0.0,0,,-1,0,0.0,0.0,0.0,,"BN:55,-2####"
777,1,1,120,303,-1,0.0,0.0,0.0,0,0.0,0.0,0,,-1,0,0.0,0.0,0.0,,"BN:32,-2####"
778,14,1,81,304,-1,0.0,0.0,0.0,0,0.0,0.0,0,,-1,0,0.0,0.0,0.0,,
779,4,1,50,105539,-1,0.0,0.0,0.0,0,0.0,0.0,0,,-1,0,0.0,0.0,0.0,,
780,1,1,50,105539,-1,0.0,0.0,0.0,0,0.0,0.0,0,,-1,0,0.0,0.0,0.0,,
781,2,1,50,105539,-1,0.0,0.0,0.0,0,0.0,0.0,0,,-1,0,0.0,0.0,0.0,,
782,7,1,81,304,-1,0.0,0.0,0.0,0,0.0,0.0,0,,-1,0,0.0,0.0,0.0,,
783,1,1,50,100346,-1,0.0,0.0,0.0,0,0.0,0.0,0,,-1,0,0.0,0.0,0.0,,
784,2,1,50,100132,-1,0.0,0.0,0.0,0,0.0,0.0,0,,-1,0,0.0,0.0,0.0,,
785,7,1,81,305,-1,0.0,0.0,0.0,0,0.0,0.0,0,,-1,0,0.0,0.0,0.0,,
786,7,1,81,306,-1,0.0,0.0,0.0,0,0.0,0.0,0,,-1,0,0.0,0.0,0.0,,
787,14,1,81,305,-1,0.0,0.0,0.0,0,0.0,0.0,0,,-1,0,0.0,0.0,0.0,,
788,3,1,50,100183,-1,1000.0,100.0,0.0,0,0.0,0.0,0,,-1,0,0.0,0.0,0.0,,
789,14,1,81,306,-1,0.0,0.0,0.0,0,0.0,0.0,0,,-1,0,0.0,0.0,0.0,,
790,11,1,81,306,-1,0.0,0.0,0.0,0,0.0,0.0,0,,-1,0,0.0,0.0,0.0,,
791,1,1,50,104482,-1,0.0,0.0,0.0,0,0.0,0.0,0,,-1,0,0.0,0.0,0.0,,
792,4,1,50,100023,-1,0.0,0.0,0.0,0,0.0,0.0,0,,-1,0,0.0,0.0,0.0,,
793,7,1,81,307,-1,0.0,0.0,0.0,0,0.0,0.0,0,,-1,0,0.0,0.0,0.0,,
794,7,1,81,308,-1,0.0,0.0,0.0,0,0.0,0.0,0,,-1,0,0.0,0.0,0.0,,
795,4,1,50,105219,-1,0.0,0.0,0.0,0,0.0,0.0,0,,-1,0,0.0,0.0,0.0,,
796,11,1,81,308,-1,0.0,0.0,0.0,0,0.0,0.0,0,,-1,0,0.0,0.0,0.0,,
797,2,1,50,102090,-1,0.0,0.0,0.0,0,0.0,0.0,0,,-1,0,0.0,0.0,0.0,,
798,14,1,81,308,-1,0.0,0.0,0.0,0,0.0,0.0,0,,-1,0,0.0,0.0,0.0,,
799,4,1,50,105434,-1,0.0,0.0,0.0,0,0.0,0.0,0,,-1,0,0.0,0.0,0.0,,
800,14,1,81,307,-1,0.0,0.0,0.0,0,0.0,0.0,0,,-1,0,0.0,0.0,0.0,,
801,2,1,50,100086,-1,0.0,0.0,0.0,0,0.0,0.0,0,,-1,0,0.0,0.0,0.0,,
802,2,1,50,102791,-1,0.0,0.0,0.0,0,0.0,0.0,0,,-1,0,0.0,0.0,0.0,,
803,2,1,50,104474,-1,0.0,0.0,0.0,0,0.0,0.0,0,,-1,0,0.0,0.0,0.0,,
804,4,1,50,105462,-1,0.0,0.0,0.0,0,0.0,0.0,0,,-1,0,0.0,0.0,0.0,,
805,2,1,50,121294,-1,0.0,0.0,0.0,0,0.0,0.0,0,,-1,0,0.0,0.0,0.0,,
806,1,1,50,121292,-1,0.0,0.0,0.0,0,0.0,0.0,0,,-1,0,0.0,0.0,0.0,,
807,4,1,50,102647,-1,0.0,0.0,0.0,0,0.0,0.0,0,,-1,0,0.0,0.0,0.0,,
808,7,1,81,309,-1,0.0,0.0,0.0,0,0.0,0.0,0,,-1,0,0.0,0.0,0.0,,
809,7,1,81,310,-1,0.0,0.0,0.0,0,0.0,0.0,0,,-1,0,0.0,0.0,0.0,,
810,7,1,81,311,-1,0.0,0.0,0.0,0,0.0,0.0,0,,-1,0,0.0,0.0,0.0,,
811,7,1,81,312,-1,0.0,0.0,0.0,0,0.0,0.0,0,,-1,0,0.0,0.0,0.0,,
812,7,1,81,313,-1,0.0,0.0,0.0,0,0.0,0.0,0,,-1,0,0.0,0.0,0.0,,
813,7,1,81,314,-1,0.0,0.0,0.0,0,0.0,0.0,0,,-1,0,0.0,0.0,0.0,,
814,2,1,50,102647,-1,0.0,0.0,0.0,0,0.0,0.0,0,,-1,0,0.0,0.0,0.0,,
815,13,1,60,222573,-1,0.0,0.0,0.0,0,0.0,0.0,0,9105363746 / 0,-1,0,0.0,0.0,0.0,,
816,4,1,50,105639,-1,0.0,0.0,0.0,0,0.0,0.0,0,,-1,0,0.0,0.0,0.0,,
817,4,1,50,105757,-1,0.0,0.0,0.0,0,0.0,0.0,0,,-1,0,0.0,0.0,0.0,,
818,4,1,50,102090,-1,0.0,0.0,0.0,0,0.0,0.0,0,,-1,0,0.0,0.0,0.0,,
819,7,1,81,315,-1,0.0,0.0,0.0,0,0.0,0.0,0,,-1,0,0.0,0.0,0.0,,
820,4,1,50,104296,-1,0.0,0.0,0.0,0,0.0,0.0,0,,-1,0,0.0,0.0,0.0,,
821,7,1,81,316,-1,0.0,0.0,0.0,0,0.0,0.0,0,,-1,0,0.0,0.0,0.0,,
822,17,1,60,213384,-1,0.0,0.0,0.0,0,0.0,0.0,0,18692376 / 0,-1,0,0.0,0.0,0.0,,
823,14,1,81,315,-1,0.0,0.0,0.0,0,0.0,0.0,0,,-1,0,0.0,0.0,0.0,,
824,14,1,81,316,-1,0.0,0.0,0.0,0,0.0,0.0,0,,-1,0,0.0,0.0,0.0,,
825,17,1,60,212181,-1,0.0,0.0,0.0,0,0.0,0.0,0,8261020 / 52,-1,0,0.0,0.0,0.0,,
826,9,1,60,213314,-1,0.0,0.0,0.0,0,0.0,0.0,0,3540662 / 96,-1,0,0.0,0.0,0.0,,
827,2,1,50,100233,-1,0.0,0.0,0.0,0,0.0,0.0,0,,-1,0,0.0,0.0,0.0,,
828,4,1,50,105174,-1,0.0,0.0,0.0,0,0.0,0.0,0,,-1,0,0.0,0.0,0.0,,
829,4,1,50,104456,-1,0.0,0.0,0.0,0,0.0,0.0,0,,-1,0,0.0,0.0,0.0,,
830,2,1,50,121330,-1,0.0,0.0,0.0,0,0.0,0.0,0,,-1,0,0.0,0.0,0.0,,
831,4,1,50,104614,-1,0.0,0.0,0.0,0,0.0,0.0,0,,-1,0,0.0,0.0,0.0,,
832,7,1,81,317,-1,0.0,0.0,0.0,0,0.0,0.0,0,,-1,0,0.0,0.0,0.0,,
833,7,1,81,318,-1,0.0,0.0,0.0,0,0.0,0.0,0,,-1,0,0.0,0.0,0.0,,
834,4,1,50,100233,-1,0.0,0.0,0.0,0,0.0,0.0,0,,-1,0,0.0,0.0,0.0,,
835,14,1,81,317,-1,0.0,0.0,0.0,0,0.0,0.0,0,,-1,0,0.0,0.0,0.0,,
836,14,1,81,318,-1,0.0,0.0,0.0,0,0.0,0.0,0,,-1,0,0.0,0.0,0.0,,
837,7,1,81,319,-1,0.0,0.0,0.0,0,0.0,0.0,0,,-1,0,0.0,0.0,0.0,,
838,14,1,81,319,-1,0.0,0.0,0.0,0,0.0,0.0,0,,-1,0,0.0,0.0,0.0,,
839,14,1,81,320,-1,0.0,0.0,0.0,0,0.0,0.0,0,,-1,0,0.0,0.0,0.0,,
840,7,1,81,320,-1,0.0,0.0,0.0,0,0.0,0.0,0,,-1,0,0.0,0.0,0.0,,
841,2,1,50,104296,-1,0.0,0.0,0.0,0,0.0,0.0,0,,-1,0,0.0,0.0,0.0,,
842,4,1,40,425622,-1,0.0,0.0,0.0,0,0.0,0.0,0,,-1,0,0.0,0.0,0.0,,
843,7,1,81,321,-1,0.0,0.0,0.0,0,0.0,0.0,0,,-1,0,0.0,0.0,0.0,,
844,7,1,81,322,-1,0.0,0.0,0.0,0,0.0,0.0,0,,-1,0,0.0,0.0,0.0,,
845,17,1,60,213291,-1,0.0,0.0,0.0,0,0.0,0.0,0,2047113 / 22,-1,0,0.0,0.0,0.0,,"BN:11,-2####"
846,13,1,60,212864,-1,0.0,0.0,0.0,0,0.0,0.0,0,2549100 / 83,-1,0,0.0,0.0,0.0,,
847,9,1,60,222307,-1,0.0,0.0,0.0,0,0.0,0.0,0,8355994 / 19,-1,0,0.0,0.0,0.0,,
848,2,1,40,425622,-1,0.0,0.0,0.0,0,0.0,0.0,0,,-1,0,0.0,0.0,0.0,,
849,13,1,60,222307,-1,0.0,0.0,0.0,0,0.0,0.0,0,8360155 / 49,-1,0,0.0,0.0,0.0,,
850,13,1,60,212942,-1,0.0,0.0,0.0,0,0.0,0.0,0,8360155 / 49,-1,0,0.0,0.0,0.0,,
851,14,1,81,322,-1,0.0,0.0,0.0,0,0.0,0.0,0,,-1,0,0.0,0.0,0.0,,
852,13,1,60,213218,-1,0.0,0.0,0.0,0,0.0,0.0,0,8360155 / 49,-1,0,0.0,0.0,0.0,,"BN:32,-2####"
853,1,1,50,121347,-1,0.0,0.0,0.0,0,0.0,0.0,0,,-1,0,0.0,0.0,0.0,,
854,4,1,50,105270,-1,0.0,0.0,0.0,0,0.0,0.0,0,,-1,0,0.0,0.0,0.0,,
855,17,1,60,220440,-1,0.0,0.0,0.0,0,0.0,0.0,0,9106362652 / 0,-1,0,0.0,0.0,0.0,,
856,13,1,60,220440,-1,0.0,0.0,0.0,0,0.0,0.0,0,9105363746 / 0,-1,0,0.0,0.0,0.0,,
857,13,1,60,219090,-1,0.0,0.0,0.0,0,0.0,0.0,0,9105363746 / 0,-1,0,0.0,0.0,0.0,,
858,17,1,60,219090,-1,0.0,0.0,0.0,0,0.0,0.0,0,9106362652 / 0,-1,0,0.0,0.0,0.0,,
859,17,1,60,212864,-1,0.0,0.0,0.0,0,0.0,0.0,0,2795375 / 10,-1,0,0.0,0.0,0.0,,
860,2,1,50,105270,-1,0.0,0.0,0.0,0,0.0,0.0,0,,-1,0,0.0,0.0,0.0,,
861,13,1,60,222307,-1,0.0,0.0,0.0,0,0.0,0.0,0,10012637 / 79,-1,0,0.0,0.0,0.0,,
862,9,1,60,213218,-1,0.0,0.0,0.0,0,0.0,0.0,0,10012638 / 76,-1,0,0.0,0.0,0.0,,
863,14,1,81,323,-1,0.0,0.0,0.0,0,0.0,0.0,0,,-1,0,0.0,0.0,0.0,,
864,7,1,81,323,-1,0.0,0.0,0.0,0,0.0,0.0,0,,-1,0,0.0,0.0,0.0,,
865,7,1,81,324,-1,0.0,0.0,0.0,0,0.0,0.0,0,,-1,0,0.0,0.0,0.0,,
866,7,1,81,325,-1,0.0,0.0,0.0,0,0.0,0.0,0,,-1,0,0.0,0.0,0.0,,
867,7,1,81,326,-1,0.0,0.0,0.0,0,0.0,0.0,0,,-1,0,0.0,0.0,0.0,,
868,14,1,81,321,-1,0.0,0.0,0.0,0,0.0,0.0,0,,-1,0,0.0,0.0,0.0,,
869,7,1,81,327,-1,0.0,0.0,0.0,0,0.0,0.0,0,,-1,0,0.0,0.0,0.0,,
870,4,1,50,105178,-1,0.0,0.0,0.0,0,0.0,0.0,0,,-1,0,0.0,0.0,0.0,,
871,17,1,60,216770,-1,0.0,0.0,0.0,0,0.0,0.0,0,9106362652 / 0,-1,0,0.0,0.0,0.0,,
872,4,1,50,101684,-1,0.0,0.0,0.0,0,0.0,0.0,0,,-1,0,0.0,0.0,0.0,,
873,17,1,60,212942,-1,0.0,0.0,0.0,0,0.0,0.0,0,8356250 / 27,-1,0,0.0,0.0,0.0,,
874,7,1,81,328,-1,0.0,0.0,0.0,0,0.0,0.0,0,,-1,0,0.0,0.0,0.0,,
875,7,1,81,329,-1,0.0,0.0,0.0,0,0.0,0.0,0,,-1,0,0.0,0.0,0.0,,
876,7,1,81,330,-1,0.0,0.0,0.0,0,0.0,0.0,0,,-1,0,0.0,0.0,0.0,,
877,7,1,81,331,-1,0.0,0.0,0.0,0,0.0,0.0,0,,-1,0,0.0,0.0,0.0,,
878,14,1,81,328,-1,0.0,0.0,0.0,0,0.0,0.0,0,,-1,0,0.0,0.0,0.0,,
879,14,1,81,332,-1,0.0,0.0,0.0,0,0.0,0.0,0,,-1,0,0.0,0.0,0.0,,
880,14,1,81,331,-1,0.0,0.0,0.0,0,0.0,0.0,0,,-1,0,0.0,0.0,0.0,,
881,7,1,81,332,-1,0.0,0.0,0.0,0,0.0,0.0,0,,-1,0,0.0,0.0,0.0,,
882,4,1,50,121388,-1,0.0,0.0,0.0,0,0.0,0.0,0,,-1,0,0.0,0.0,0.0,,
883,4,1,50,100216,-1,0.0,0.0,0.0,0,0.0,0.0,0,,-1,0,0.0,0.0,0.0,,
884,4,1,50,121218,-1,0.0,0.0,0.0,0,0.0,0.0,0,,-1,0,0.0,0.0,0.0,,
885,2,1,50,102370,-1,0.0,0.0,0.0,0,0.0,0.0,0,,-1,0,0.0,0.0,0.0,,
886,2,1,50,104315,-1,0.0,0.0,0.0,0,0.0,0.0,0,,-1,0,0.0,0.0,0.0,,
887,17,1,60,219090,-1,0.0,0.0,0.0,0,0.0,0.0,0,9107460662 / 0,-1,0,0.0,0.0,0.0,,
888,1,1,50,104242,-1,0.0,0.0,0.0,0,0.0,0.0,0,,-1,0,0.0,0.0,0.0,,"BN:95,-2####"
889,2,1,50,100216,-1,0.0,0.0,0.0,0,0.0,0.0,0,,-1,0,0.0,0.0,0.0,,
890,2,1,50,100346,-1,0.0,0.0,0.0,0,0.0,0.0,0,,-1,0,0.0,0.0,0.0,,"BN:97,-2####"
891,7,1,81,333,-1,0.0,0.0,0.0,0,0.0,0.0,0,,-1,0,0.0,0.0,0.0,,
892,1,1,50,121408,-1,0.0,0.0,0.0,0,0.0,0.0,0,,-1,0,0.0,0.0,0.0,,
893,2,1,50,121408,-1,0.0,0.0,0.0,0,0.0,0.0,0,,-1,0,0.0,0.0,0.0,,
894,4,1,50,121408,-1,0.0,0.0,0.0,0,0.0,0.0,0,,-1,0,0.0,0.0,0.0,,
895,14,1,81,333,-1,0.0,0.0,0.0,0,0.0,0.0,0,,-1,0,0.0,0.0,0.0,,
896,17,1,60,220440,-1,0.0,0.0,0.0,0,0.0,0.0,0,9107460662 / 0,-1,0,0.0,0.0,0.0,,
897,13,1,60,213354,-1,0.0,0.0,0.0,0,0.0,0.0,0,7620102 / 72,-1,0,0.0,0.0,0.0,,
898,2,1,50,100385,-1,0.0,0.0,0.0,0,0.0,0.0,0,,-1,0,0.0,0.0,0.0,,
899,2,1,50,104242,-1,0.0,0.0,0.0,0,0.0,0.0,0,,-1,0,0.0,0.0,0.0,,
900,2,1,50,121388,-1,0.0,0.0,0.0,0,0.0,0.0,0,,-1,0,0.0,0.0,0.0,,
901,1,1,50,121388,-1,0.0,0.0,0.0,0,0.0,0.0,0,,-1,0,0.0,0.0,0.0,,
902,4,1,50,121412,-1,0.0,0.0,0.0,0,0.0,0.0,0,,-1,0,0.0,0.0,0.0,,
903,7,1,81,334,-1,0.0,0.0,0.0,0,0.0,0.0,0,,-1,0,0.0,0.0,0.0,,
904,7,1,81,335,-1,0.0,0.0,0.0,0,0.0,0.0,0,,-1,0,0.0,0.0,0.0,,
905,2,1,50,121444,-1,0.0,0.0,0.0,0,0.0,0.0,0,,-1,0,0.0,0.0,0.0,,
906,1,1,50,100385,-1,0.0,0.0,0.0,0,0.0,0.0,0,,-1,0,0.0,0.0,0.0,,
907,14,1,81,335,-1,0.0,0.0,0.0,0,0.0,0.0,0,,-1,0,0.0,0.0,0.0,,
908,14,1,81,334,-1,0.0,0.0,0.0,0,0.0,0.0,0,,-1,0,0.0,0.0,0.0,,
909,2,1,50,101699,-1,0.0,0.0,0.0,0,0.0,0.0,0,,-1,0,0.0,0.0,0.0,,
910,1,1,50,104296,-1,0.0,0.0,0.0,0,0.0,0.0,0,,-1,0,0.0,0.0,0.0,,
911,1,1,50,121444,-1,0.0,0.0,0.0,0,0.0,0.0,0,,-1,0,0.0,0.0,0.0,,
912,1,1,50,104558,-1,0.0,0.0,0.0,0,0.0,0.0,0,,-1,0,0.0,0.0,0.0,,
913,1,1,50,101684,-1,110.0,64626.5,0.0,4,0.0,0.0,0,,-1,0,0.0,0.0,0.0,,"BN:95,-2####"
914,7,1,81,336,-1,0.0,0.0,0.0,0,0.0,0.0,0,,-1,0,0.0,0.0,0.0,,
915,11,1,81,335,-1,0.0,0.0,0.0,0,0.0,0.0,0,,-1,0,0.0,0.0,0.0,,
916,1,1,50,100216,-1,0.0,0.0,0.0,0,0.0,0.0,0,,-1,0,0.0,0.0,0.0,,
917,1,1,50,104509,-1,0.0,0.0,0.0,3,0.0,0.0,0,,-1,0,10218.65,0.0,0.0,,"BN:95,-2####"
918,7,1,81,337,-1,0.0,0.0,0.0,0,0.0,0.0,0,,-1,0,0.0,0.0,0.0,,
919,14,1,81,336,-1,0.0,0.0,0.0,0,0.0,0.0,0,,-1,0,0.0,0.0,0.0,,
920,17,1,60,224129,-1,0.0,0.0,0.0,0,0.0,0.0,0,7999435692,-1,0,0.0,0.0,0.0,,"BN:13,-2####"
921,17,1,60,220733,-1,0.0,0.0,0.0,0,0.0,0.0,0,2795375 / 10,-1,0,0.0,0.0,0.0,,
922,7,1,81,338,-1,0.0,0.0,0.0,0,0.0,0.0,0,,-1,0,0.0,0.0,0.0,,
923,2,1,50,101684,-1,90.0,55282.5,0.0,3,0.0,0.0,0,,-1,0,0.0,0.0,0.0,,"BN:97,-2####"
924,14,1,81,337,-1,0.0,0.0,0.0,0,0.0,0.0,0,,-1,0,0.0,0.0,0.0,,
925,14,1,81,338,-1,0.0,0.0,0.0,0,0.0,0.0,0,,-1,0,0.0,0.0,0.0,,
926,17,1,60,213442,-1,0.0,0.0,0.0,0,0.0,0.0,0,8261020 / 52,-1,0,0.0,0.0,0.0,,
927,11,1,81,337,-1,0.0,0.0,0.0,0,0.0,0.0,0,,-1,0,0.0,0.0,0.0,,
928,1,1,50,104315,-1,0.0,0.0,0.0,0,0.0,0.0,0,,-1,0,0.0,0.0,0.0,,
929,17,1,60,226834,-1,0.0,0.0,0.0,0,0.0,0.0,0,13070134 / 05,-1,0,0.0,0.0,0.0,,"BN:13,-2####"
930,13,1,60,226834,-1,0.0,0.0,0.0,0,0.0,0.0,0,13069359 / 02,-1,0,0.0,0.0,0.0,,
931,14,1,81,339,-1,0.0,0.0,0.0,0,0.0,0.0,0,,-1,0,0.0,0.0,0.0,,
932,7,1,81,339,-1,0.0,0.0,0.0,0,0.0,0.0,0,,-1,0,0.0,0.0,0.0,,
933,11,1,81,339,-1,0.0,0.0,0.0,0,0.0,0.0,0,,-1,0,0.0,0.0,0.0,,
934,3,1,50,105074,-1,0.0,0.0,0.0,0,0.0,0.0,0,,-1,0,0.0,0.0,0.0,,
935,17,1,60,226985,-1,0.0,0.0,0.0,0,0.0,0.0,0,8356250 / 27,-1,0,0.0,0.0,0.0,,
936,11,1,81,340,-1,0.0,0.0,0.0,0,0.0,0.0,0,,-1,0,0.0,0.0,0.0,,
937,7,1,81,340,-1,0.0,0.0,0.0,0,0.0,0.0,0,,-1,0,0.0,0.0,0.0,,
938,7,1,81,341,-1,0.0,0.0,0.0,0,0.0,0.0,0,,-1,0,0.0,0.0,0.0,,
939,1,1,50,100240,-1,0.0,0.0,0.0,2,0.0,0.0,0,,-1,0,4478.1,0.0,0.0,,"BN:95,-2####"
940,1,1,50,100006,-1,0.0,0.0,0.0,0,0.0,0.0,0,,-1,0,0.0,0.0,0.0,,
941,7,1,81,342,-1,0.0,0.0,0.0,0,0.0,0.0,0,,-1,0,0.0,0.0,0.0,,
942,1,1,50,105028,-1,0.0,0.0,0.0,0,0.0,0.0,0,,-1,0,0.0,0.0,0.0,,
943,1,1,50,104251,-1,0.0,0.0,0.0,0,0.0,0.0,0,,-1,0,0.0,0.0,0.0,,
944,1,1,50,104456,-1,0.0,0.0,0.0,0,0.0,0.0,0,,-1,0,0.0,0.0,0.0,,
945,14,1,81,340,-1,0.0,0.0,0.0,0,0.0,0.0,0,,-1,0,0.0,0.0,0.0,,
946,14,1,81,341,-1,0.0,0.0,0.0,0,0.0,0.0,0,,-1,0,0.0,0.0,0.0,,
947,14,1,81,342,-1,0.0,0.0,0.0,0,0.0,0.0,0,,-1,0,0.0,0.0,0.0,,
948,14,1,81,343,-1,0.0,0.0,0.0,0,0.0,0.0,0,,-1,0,0.0,0.0,0.0,,
949,11,1,81,343,-1,0.0,0.0,0.0,0,0.0,0.0,0,,-1,0,0.0,0.0,0.0,,
950,7,1,81,343,-1,0.0,0.0,0.0,0,0.0,0.0,0,,-1,0,0.0,0.0,0.0,,
951,7,1,81,344,-1,0.0,0.0,0.0,0,0.0,0.0,0,,-1,0,0.0,0.0,0.0,,
952,9,1,60,220440,-1,0.0,0.0,0.0,0,0.0,0.0,0,9106398845 / 0,-1,0,0.0,0.0,0.0,,
953,13,1,60,213177,-1,0.0,0.0,0.0,0,0.0,0.0,0,2232676 / 16,-1,0,0.0,0.0,0.0,,
954,4,1,40,425700,-1,0.0,0.0,0.0,0,0.0,0.0,0,,-1,0,0.0,0.0,0.0,,
955,7,1,81,345,-1,0.0,0.0,0.0,0,0.0,0.0,0,,-1,0,0.0,0.0,0.0,,
956,7,1,81,346,-1,0.0,0.0,0.0,0,0.0,0.0,0,,-1,0,0.0,0.0,0.0,,
957,1,1,40,425154,-1,0.0,0.0,0.0,0,0.0,0.0,0,,-1,0,0.0,0.0,0.0,,
958,11,1,81,345,-1,0.0,0.0,0.0,0,0.0,0.0,0,,-1,0,0.0,0.0,0.0,,
959,11,1,81,346,-1,0.0,0.0,0.0,0,0.0,0.0,0,,-1,0,0.0,0.0,0.0,,
960,13,1,60,201623,-1,0.0,0.0,0.0,0,0.0,0.0,0,5993747,-1,0,0.0,0.0,0.0,,
961,17,1,60,202248,-1,0.0,0.0,0.0,0,0.0,0.0,0,13333714 / 0,-1,0,0.0,0.0,0.0,,
962,13,1,60,201623,-1,0.0,0.0,0.0,0,0.0,0.0,0,7551598,-1,0,0.0,0.0,0.0,,
963,9,1,60,200840,-1,0.0,0.0,0.0,0,0.0,0.0,0,4042588754 / 0,-1,0,0.0,0.0,0.0,,
964,9,1,60,201551,-1,0.0,0.0,0.0,0,0.0,0.0,0,4042213332 / 0,-1,0,0.0,0.0,0.0,,
965,9,1,60,201545,-1,0.0,0.0,0.0,0,0.0,0.0,0,4038092286 / 0,-1,0,0.0,0.0,0.0,,
966,7,1,81,347,-1,0.0,0.0,0.0,0,0.0,0.0,0,,-1,0,0.0,0.0,0.0,,
967,14,1,81,344,-1,0.0,0.0,0.0,0,0.0,0.0,0,,-1,0,0.0,0.0,0.0,,
968,14,1,81,347,-1,0.0,0.0,0.0,0,0.0,0.0,0,,-1,0,0.0,0.0,0.0,,
969,14,1,81,348,-1,0.0,0.0,0.0,0,0.0,0.0,0,,-1,0,0.0,0.0,0.0,,
970,7,1,81,348,-1,0.0,0.0,0.0,0,0.0,0.0,0,,-1,0,0.0,0.0,0.0,,
971,11,1,81,347,-1,0.0,0.0,0.0,0,0.0,0.0,0,,-1,0,0.0,0.0,0.0,,
972,1,1,50,100029,-1,0.0,0.0,0.0,0,0.0,0.0,0,,-1,0,0.0,0.0,0.0,,
973,1,1,50,121445,-1,0.0,0.0,0.0,0,0.0,0.0,0,,-1,0,0.0,0.0,0.0,,
974,17,1,60,212916,-1,0.0,0.0,0.0,0,0.0,0.0,0,2289742 / 23,-1,0,0.0,0.0,0.0,,
975,7,1,81,349,-1,0.0,0.0,0.0,0,0.0,0.0,0,,-1,0,0.0,0.0,0.0,,
976,14,1,81,349,-1,0.0,0.0,0.0,0,0.0,0.0,0,,-1,0,0.0,0.0,0.0,,
977,14,1,81,350,-1,0.0,0.0,0.0,0,0.0,0.0,0,,-1,0,0.0,0.0,0.0,,
978,11,1,81,349,-1,0.0,0.0,0.0,0,0.0,0.0,0,,-1,0,0.0,0.0,0.0,,
979,2,1,50,121445,-1,0.0,0.0,0.0,0,0.0,0.0,0,,-1,0,0.0,0.0,0.0,,
980,4,1,50,121445,-1,0.0,0.0,0.0,0,0.0,0.0,0,,-1,0,0.0,0.0,0.0,,
981,7,1,81,350,-1,0.0,0.0,0.0,0,0.0,0.0,0,,-1,0,0.0,0.0,0.0,,
982,4,1,40,425051,-1,0.0,0.0,0.0,0,0.0,0.0,0,,-1,0,0.0,0.0,0.0,,
983,1,1,40,425051,-1,0.0,0.0,0.0,0,0.0,0.0,0,,-1,0,0.0,0.0,0.0,,
984,4,1,40,425751,-1,0.0,0.0,0.0,0,0.0,0.0,0,,-1,0,0.0,0.0,0.0,,
985,4,1,40,425762,-1,0.0,0.0,0.0,0,0.0,0.0,0,,-1,0,0.0,0.0,0.0,,"BN:48,-2####"
986,1,1,50,104268,-1,0.0,0.0,0.0,0,0.0,0.0,0,,-1,0,0.0,0.0,0.0,,"BN:95,-2####"
987,1,1,40,425762,-1,0.0,0.0,0.0,0,0.0,0.0,0,,-1,0,0.0,0.0,0.0,,
988,2,1,40,425051,-1,0.0,0.0,0.0,0,0.0,0.0,0,,-1,0,0.0,0.0,0.0,,
989,4,1,40,425757,-1,0.0,0.0,0.0,0,0.0,0.0,0,,-1,0,0.0,0.0,0.0,,
990,14,1,81,351,-1,0.0,0.0,0.0,0,0.0,0.0,0,,-1,0,0.0,0.0,0.0,,
991,7,1,81,351,-1,0.0,0.0,0.0,0,0.0,0.0,0,,-1,0,0.0,0.0,0.0,,
992,7,1,81,352,-1,0.0,0.0,0.0,0,0.0,0.0,0,,-1,0,0.0,0.0,0.0,,
993,11,1,81,351,-1,0.0,0.0,0.0,0,0.0,0.0,0,,-1,0,0.0,0.0,0.0,,
994,13,1,60,220440,-1,0.0,0.0,0.0,0,0.0,0.0,0,9106398845 / 0,-1,0,0.0,0.0,0.0,,
995,4,1,70,353,2,1.0,1007911.99,0.0,0,1007911.99,570.94,0,,-1,0,0.0,0.0,0.0,,"BN:100002,-1####"
996,11,1,81,354,-1,0.0,0.0,0.0,0,0.0,0.0,0,,-1,0,0.0,0.0,0.0,,
997,11,1,81,355,-1,0.0,0.0,0.0,0,0.0,0.0,0,,-1,0,0.0,0.0,0.0,,
998,7,1,81,356,-1,0.0,0.0,0.0,0,0.0,0.0,0,,-1,0,0.0,0.0,0.0,,
999,7,1,81,357,-1,0.0,0.0,0.0,0,0.0,0.0,0,,-1,0,0.0,0.0,0.0,,
1000,7,1,81,354,-1,0.0,0.0,0.0,0,0.0,0.0,0,,-1,0,0.0,0.0,0.0,,
1001,7,1,81,355,-1,0.0,0.0,0.0,0,0.0,0.0,0,,-1,0,0.0,0.0,0.0,,
1002,14,1,81,354,-1,0.0,0.0,0.0,0,0.0,0.0,0,,-1,0,0.0,0.0,0.0,,
1003,14,1,81,355,-1,0.0,0.0,0.0,0,0.0,0.0,0,,-1,0,0.0,0.0,0.0,,
1004,14,1,81,356,-1,0.0,0.0,0.0,0,0.0,0.0,0,,-1,0,0.0,0.0,0.0,,
1005,14,1,81,357,-1,0.0,0.0,0.0,0,0.0,0.0,0,,-1,0,0.0,0.0,0.0,,
1006,14,1,81,358,-1,0.0,0.0,0.0,0,0.0,0.0,0,,-1,0,0.0,0.0,0.0,,
1007,1,1,40,425568,-1,0.0,0.0,0.0,0,0.0,0.0,0,,-1,0,0.0,0.0,0.0,,
1008,1,1,40,426081,-1,0.0,0.0,0.0,0,0.0,0.0,0,,-1,0,0.0,0.0,0.0,,
1009,1,1,40,426085,-1,0.0,0.0,0.0,0,0.0,0.0,0,,-1,0,0.0,0.0,0.0,,
1010,2,1,40,425937,-1,0.0,0.0,0.0,0,0.0,0.0,0,,-1,0,0.0,0.0,0.0,,
1011,2,1,40,425480,-1,0.0,0.0,0.0,0,0.0,0.0,0,,-1,0,0.0,0.0,0.0,,"BN:11,-2####"
1012,2,1,40,426081,-1,0.0,0.0,0.0,0,0.0,0.0,0,,-1,0,0.0,0.0,0.0,,
1013,7,1,81,359,-1,0.0,0.0,0.0,0,0.0,0.0,0,,-1,0,0.0,0.0,0.0,,
1014,14,1,81,359,-1,0.0,0.0,0.0,0,0.0,0.0,0,,-1,0,0.0,0.0,0.0,,
1015,4,1,40,426125,-1,0.0,0.0,0.0,0,0.0,0.0,0,,-1,0,0.0,0.0,0.0,,
1016,4,1,40,426127,-1,0.0,0.0,0.0,0,0.0,0.0,0,,-1,0,0.0,0.0,0.0,,
1017,2,1,40,426125,-1,0.0,0.0,0.0,0,0.0,0.0,0,,-1,0,0.0,0.0,0.0,,
1018,2,1,40,426127,-1,0.0,0.0,0.0,0,0.0,0.0,0,,-1,0,0.0,0.0,0.0,,
1019,1,1,40,426127,-1,0.0,0.0,0.0,0,0.0,0.0,0,,-1,0,0.0,0.0,0.0,,
1020,1,1,40,426125,-1,0.0,0.0,0.0,0,0.0,0.0,0,,-1,0,0.0,0.0,0.0,,
1021,11,1,81,359,-1,0.0,0.0,0.0,0,0.0,0.0,0,,-1,0,0.0,0.0,0.0,,
1022,7,1,81,360,-1,0.0,0.0,0.0,0,0.0,0.0,0,,-1,0,0.0,0.0,0.0,,
1023,14,1,81,360,-1,0.0,0.0,0.0,0,0.0,0.0,0,,-1,0,0.0,0.0,0.0,,
1024,4,1,40,426078,-1,0.0,0.0,0.0,0,0.0,0.0,0,,-1,0,0.0,0.0,0.0,,
1025,11,1,81,360,-1,0.0,0.0,0.0,0,0.0,0.0,0,,-1,0,0.0,0.0,0.0,,
1026,14,1,81,361,-1,0.0,0.0,0.0,0,0.0,0.0,0,,-1,0,0.0,0.0,0.0,,
1027,14,1,81,362,-1,0.0,0.0,0.0,0,0.0,0.0,0,,-1,0,0.0,0.0,0.0,,
1028,7,1,81,362,-1,0.0,0.0,0.0,0,0.0,0.0,0,,-1,0,0.0,0.0,0.0,,
1029,7,1,81,361,-1,0.0,0.0,0.0,0,0.0,0.0,0,,-1,0,0.0,0.0,0.0,,
1030,7,1,81,363,-1,0.0,0.0,0.0,0,0.0,0.0,0,,-1,0,0.0,0.0,0.0,,
1031,11,1,81,363,-1,0.0,0.0,0.0,0,0.0,0.0,0,,-1,0,0.0,0.0,0.0,,
1032,14,1,81,363,-1,0.0,0.0,0.0,0,0.0,0.0,0,,-1,0,0.0,0.0,0.0,,
1033,17,1,60,213314,-1,0.0,0.0,0.0,0,0.0,0.0,0,5537285 / 74,-1,0,0.0,0.0,0.0,,"BN:13,-2####"
1034,13,1,60,213314,-1,0.0,0.0,0.0,0,0.0,0.0,0,5537291 / 56,-1,0,0.0,0.0,0.0,,"BN:32,-2####"
1035,13,1,60,213314,-1,0.0,0.0,0.0,0,0.0,0.0,0,5548050 / 80,-1,0,0.0,0.0,0.0,,"BN:32,-2####"
1036,9,1,60,213314,-1,0.0,0.0,0.0,0,0.0,0.0,0,5548048 / 86,-1,0,0.0,0.0,0.0,,"BN:48,-2####"
1037,14,1,81,364,-1,0.0,0.0,0.0,0,0.0,0.0,0,,-1,0,0.0,0.0,0.0,,
1038,7,1,81,364,-1,0.0,0.0,0.0,0,0.0,0.0,0,,-1,0,0.0,0.0,0.0,,
1039,2,1,40,425424,-1,0.0,0.0,0.0,0,0.0,0.0,0,,-1,0,0.0,0.0,0.0,,
1040,2,1,40,426164,-1,0.0,0.0,0.0,0,0.0,0.0,0,,-1,0,0.0,0.0,0.0,,
1041,4,1,40,425424,-1,0.0,0.0,0.0,0,0.0,0.0,0,,-1,0,0.0,0.0,0.0,,
1042,4,1,40,426164,-1,0.0,0.0,0.0,0,0.0,0.0,0,,-1,0,0.0,0.0,0.0,,
1043,7,1,81,365,-1,0.0,0.0,0.0,0,0.0,0.0,0,,-1,0,0.0,0.0,0.0,,
1044,7,1,81,366,-1,0.0,0.0,0.0,0,0.0,0.0,0,,-1,0,0.0,0.0,0.0,,
1045,1,1,40,425424,-1,0.0,0.0,0.0,0,0.0,0.0,0,,-1,0,0.0,0.0,0.0,,
1046,17,1,60,213314,-1,0.0,0.0,0.0,0,0.0,0.0,0,5548051 / 77,-1,0,0.0,0.0,0.0,,"BN:13,-2####"
1047,14,1,81,365,-1,0.0,0.0,0.0,0,0.0,0.0,0,,-1,0,0.0,0.0,0.0,,
1048,11,1,81,364,-1,0.0,0.0,0.0,0,0.0,0.0,0,,-1,0,0.0,0.0,0.0,,
1049,4,1,40,425423,-1,0.0,0.0,0.0,0,0.0,0.0,0,,-1,0,0.0,0.0,0.0,,
1050,2,1,40,425423,-1,0.0,0.0,0.0,0,0.0,0.0,0,,-1,0,0.0,0.0,0.0,,
1051,14,1,81,366,-1,0.0,0.0,0.0,0,0.0,0.0,0,,-1,0,0.0,0.0,0.0,,
1052,7,1,81,367,-1,0.0,0.0,0.0,0,0.0,0.0,0,,-1,0,0.0,0.0,0.0,,
1053,11,1,81,367,-1,0.0,0.0,0.0,0,0.0,0.0,0,,-1,0,0.0,0.0,0.0,,
1054,14,1,81,367,-1,0.0,0.0,0.0,0,0.0,0.0,0,,-1,0,0.0,0.0,0.0,,
1055,14,1,81,368,-1,0.0,0.0,0.0,0,0.0,0.0,0,,-1,0,0.0,0.0,0.0,,
1056,7,1,81,368,-1,0.0,0.0,0.0,0,0.0,0.0,0,,-1,0,0.0,0.0,0.0,,
1057,9,1,60,213269,-1,0.0,0.0,0.0,0,0.0,0.0,0,499207234851 / 0,-1,0,0.0,0.0,0.0,,"BN:48,-2####"
1058,17,1,60,212781,-1,0.0,0.0,0.0,0,0.0,0.0,0,499149081794 / 0,-1,0,0.0,0.0,0.0,,
1059,9,1,60,213330,-1,0.0,0.0,0.0,0,0.0,0.0,0,91047924964 /        0,-1,0,0.0,0.0,0.0,,"BN:48,-2####"
1060,13,1,60,213269,-1,0.0,0.0,0.0,0,0.0,0.0,0,488207335026 / 0,-1,0,0.0,0.0,0.0,,"BN:32,-2####"
1061,7,1,81,369,-1,0.0,0.0,0.0,0,0.0,0.0,0,,-1,0,0.0,0.0,0.0,,
1062,11,1,81,369,-1,0.0,0.0,0.0,0,0.0,0.0,0,,-1,0,0.0,0.0,0.0,,
1063,14,1,81,369,-1,0.0,0.0,0.0,0,0.0,0.0,0,,-1,0,0.0,0.0,0.0,,
1064,14,1,81,370,-1,0.0,0.0,0.0,0,0.0,0.0,0,,-1,0,0.0,0.0,0.0,,
1065,7,1,81,370,-1,0.0,0.0,0.0,0,0.0,0.0,0,,-1,0,0.0,0.0,0.0,,
1066,11,1,81,371,-1,0.0,0.0,0.0,0,0.0,0.0,0,,-1,0,0.0,0.0,0.0,,
1067,2,1,40,426198,-1,0.0,0.0,0.0,0,0.0,0.0,0,,-1,0,0.0,0.0,0.0,,
1068,7,1,81,371,-1,0.0,0.0,0.0,0,0.0,0.0,0,,-1,0,0.0,0.0,0.0,,
1069,14,1,81,371,-1,0.0,0.0,0.0,0,0.0,0.0,0,,-1,0,0.0,0.0,0.0,,
1070,17,1,60,212824,-1,0.0,0.0,0.0,0,0.0,0.0,0,7999435692 / 0,-1,0,0.0,0.0,0.0,,"BN:13,-2####"
1071,9,1,60,212824,-1,0.0,0.0,0.0,0,0.0,0.0,0,79914404536 / 0,-1,0,0.0,0.0,0.0,,"BN:48,-2####"
1072,4,1,40,426198,-1,0.0,0.0,0.0,0,0.0,0.0,0,,-1,0,0.0,0.0,0.0,,
1073,9,1,60,221250,-1,0.0,0.0,0.0,0,0.0,0.0,0,10931284 / 05,-1,0,0.0,0.0,0.0,,"BN:48,-2####"
1074,3,1,50,103605,-1,2900.0,2900.0,0.0,0,0.0,0.0,0,,-1,0,0.0,0.0,0.0,,
1075,3,1,50,101856,-1,0.0,0.0,0.0,0,0.0,0.0,0,,-1,0,0.0,0.0,0.0,,
1076,3,1,50,103561,-1,500.0,500.0,0.0,0,0.0,0.0,0,,-1,0,0.0,0.0,0.0,,
1077,3,1,50,100231,-1,600.0,600.0,0.0,0,0.0,0.0,0,,-1,0,0.0,0.0,0.0,,
1078,3,1,50,106093,-1,136.0,136.0,0.0,0,0.0,0.0,0,,-1,0,0.0,0.0,0.0,,
1079,3,1,50,104467,-1,51.0,51.0,0.0,0,0.0,0.0,0,,-1,0,0.0,0.0,0.0,,
1080,3,1,50,100263,-1,500.0,500.0,0.0,0,0.0,0.0,0,,-1,0,0.0,0.0,0.0,,
1081,9,1,60,213037,-1,0.0,0.0,0.0,0,0.0,0.0,0,91047924964 / 0,-1,0,0.0,0.0,0.0,,"BN:48,-2####"
1082,9,1,60,213662,-1,0.0,0.0,0.0,0,0.0,0.0,0,4735272 / 28,-1,0,0.0,0.0,0.0,,"BN:48,-2####"
1083,13,1,60,213327,-1,0.0,0.0,0.0,0,0.0,0.0,0,1038388967,-1,0,0.0,0.0,0.0,,
1084,14,1,81,372,-1,0.0,0.0,0.0,0,0.0,0.0,0,,-1,0,0.0,0.0,0.0,,
1085,7,1,81,372,-1,0.0,0.0,0.0,0,0.0,0.0,0,,-1,0,0.0,0.0,0.0,,
1086,7,1,81,373,-1,0.0,0.0,0.0,0,0.0,0.0,0,,-1,0,0.0,0.0,0.0,,
1087,14,1,81,373,-1,0.0,0.0,0.0,0,0.0,0.0,0,,-1,0,0.0,0.0,0.0,,
1088,2,1,50,121460,-1,0.0,0.0,0.0,0,0.0,0.0,0,,-1,0,0.0,0.0,0.0,,
1089,4,1,50,121460,-1,0.0,0.0,0.0,0,0.0,0.0,0,,-1,0,0.0,0.0,0.0,,
1090,14,1,81,374,-1,0.0,0.0,0.0,0,0.0,0.0,0,,-1,0,0.0,0.0,0.0,,
1091,7,1,81,374,-1,0.0,0.0,0.0,0,0.0,0.0,0,,-1,0,0.0,0.0,0.0,,
1092,2,1,40,426226,-1,0.0,0.0,0.0,0,0.0,0.0,0,,-1,0,0.0,0.0,0.0,,
1093,17,1,60,212818,-1,0.0,0.0,0.0,0,0.0,0.0,0,7999435692 / 0,-1,0,0.0,0.0,0.0,,"BN:13,-2####"
1094,13,1,60,221250,-1,0.0,0.0,0.0,0,0.0,0.0,0,13069359 / 02,-1,0,0.0,0.0,0.0,,"BN:32,-2####"
1095,13,1,60,213327,-1,0.0,0.0,0.0,0,0.0,0.0,0,1037935937,-1,0,0.0,0.0,0.0,,
1096,11,1,81,374,-1,0.0,0.0,0.0,0,0.0,0.0,0,,-1,0,0.0,0.0,0.0,,
1097,11,1,81,375,-1,0.0,0.0,0.0,0,0.0,0.0,0,,-1,0,0.0,0.0,0.0,,
1098,4,1,50,104827,-1,0.0,0.0,0.0,0,0.0,0.0,0,,-1,0,0.0,0.0,0.0,,
1099,7,1,81,375,-1,0.0,0.0,0.0,0,0.0,0.0,0,,-1,0,0.0,0.0,0.0,,
1100,14,1,81,376,-1,0.0,0.0,0.0,0,0.0,0.0,0,,-1,0,0.0,0.0,0.0,,
1101,7,1,81,376,-1,0.0,0.0,0.0,0,0.0,0.0,0,,-1,0,0.0,0.0,0.0,,
1102,14,1,81,375,-1,0.0,0.0,0.0,0,0.0,0.0,0,,-1,0,0.0,0.0,0.0,,
1103,2,1,40,426287,-1,0.0,0.0,0.0,0,0.0,0.0,0,,-1,0,0.0,0.0,0.0,,
1104,9,1,60,212818,-1,0.0,0.0,0.0,0,0.0,0.0,0,79914404536 / 0,-1,0,0.0,0.0,0.0,,"BN:48,-2####"
1105,14,1,81,377,-1,0.0,0.0,0.0,0,0.0,0.0,0,,-1,0,0.0,0.0,0.0,,
1106,14,1,81,352,-1,0.0,0.0,0.0,0,0.0,0.0,0,,-1,0,0.0,0.0,0.0,,
1107,11,1,81,372,-1,0.0,0.0,0.0,0,0.0,0.0,0,,-1,0,0.0,0.0,0.0,,
1108,11,1,81,376,-1,0.0,0.0,0.0,0,0.0,0.0,0,,-1,0,0.0,0.0,0.0,,
1109,11,1,81,377,-1,0.0,0.0,0.0,0,0.0,0.0,0,,-1,0,0.0,0.0,0.0,,
1110,14,1,81,378,-1,0.0,0.0,0.0,0,0.0,0.0,0,,-1,0,0.0,0.0,0.0,,
1111,7,1,81,377,-1,0.0,0.0,0.0,0,0.0,0.0,0,,-1,0,0.0,0.0,0.0,,
1112,7,1,81,378,-1,0.0,0.0,0.0,0,0.0,0.0,0,,-1,0,0.0,0.0,0.0,,
1113,4,1,50,121746,-1,0.0,0.0,0.0,0,0.0,0.0,0,,-1,0,0.0,0.0,0.0,,
1114,1,1,50,121746,-1,0.0,0.0,0.0,1,0.0,0.0,0,,-1,0,497.6,0.0,0.0,,"BN:32,-2####"
1115,2,1,50,121746,-1,0.0,0.0,0.0,0,0.0,0.0,0,,-1,0,0.0,0.0,0.0,,"BN:13,-2####"
1116,9,1,60,213291,-1,0.0,0.0,0.0,0,0.0,0.0,0,6001451 / 11,-1,0,0.0,0.0,0.0,,"BN:48,-2####"
1117,4,1,50,121748,-1,0.0,0.0,0.0,0,0.0,0.0,0,,-1,0,0.0,0.0,0.0,,
1118,1,1,50,121748,-1,0.0,0.0,0.0,0,0.0,0.0,0,,-1,0,0.0,0.0,0.0,,"BN:32,-2####"
1119,2,1,50,121748,-1,0.0,0.0,0.0,0,0.0,0.0,0,,-1,0,0.0,0.0,0.0,,"BN:13,-2####"
1120,4,1,50,121749,-1,0.0,0.0,0.0,0,0.0,0.0,0,,-1,0,0.0,0.0,0.0,,
1341,7,1,81,379,-1,0.0,0.0,0.0,0,0.0,0.0,0,,-1,0,0.0,0.0,0.0,,
1342,4,1,40,426226,-1,0.0,0.0,0.0,0,0.0,0.0,0,,-1,0,0.0,0.0,0.0,,
1343,4,1,70,380,-1,0.0,0.0,0.0,0,0.0,0.0,0,,-1,0,0.0,0.0,0.0,,"BN:100002,-1####"
1344,11,1,81,378,-1,0.0,0.0,0.0,0,0.0,0.0,0,,-1,0,0.0,0.0,0.0,,
1345,13,1,60,213291,-1,0.0,0.0,0.0,0,0.0,0.0,0,6004580 / 33,-1,0,0.0,0.0,0.0,,"BN:30,-2####"
1346,4,1,40,426310,-1,0.0,0.0,0.0,0,0.0,0.0,0,,-1,0,0.0,0.0,0.0,,
1347,7,1,81,381,-1,0.0,0.0,0.0,0,0.0,0.0,0,,-1,0,0.0,0.0,0.0,,
1348,7,1,81,382,-1,0.0,0.0,0.0,0,0.0,0.0,0,,-1,0,0.0,0.0,0.0,,
1349,1,1,50,121755,-1,0.0,0.0,0.0,0,0.0,0.0,0,,-1,0,0.0,0.0,0.0,,"BN:32,-2####"
1350,14,1,81,383,-1,0.0,0.0,0.0,0,0.0,0.0,0,,-1,0,0.0,0.0,0.0,,
1351,7,1,81,383,-1,0.0,0.0,0.0,0,0.0,0.0,0,,-1,0,0.0,0.0,0.0,,
1352,17,1,60,213269,-1,0.0,0.0,0.0,0,0.0,0.0,0,499217489566,-1,0,0.0,0.0,0.0,,"BN:13,-2####"
1353,13,1,60,212781,-1,0.0,0.0,0.0,0,0.0,0.0,0,488207335026,-1,0,0.0,0.0,0.0,,
1354,13,1,60,213330,-1,0.0,0.0,0.0,0,0.0,0.0,0,91055257315,-1,0,0.0,0.0,0.0,,"BN:32,-2####"
1355,11,1,81,383,-1,0.0,0.0,0.0,0,0.0,0.0,0,,-1,0,0.0,0.0,0.0,,
1356,14,1,81,384,-1,0.0,0.0,0.0,0,0.0,0.0,0,,-1,0,0.0,0.0,0.0,,
1357,7,1,81,384,-1,0.0,0.0,0.0,0,0.0,0.0,0,,-1,0,0.0,0.0,0.0,,
1358,11,1,81,384,-1,0.0,0.0,0.0,0,0.0,0.0,0,,-1,0,0.0,0.0,0.0,,
1359,14,1,81,381,-1,0.0,0.0,0.0,0,0.0,0.0,0,,-1,0,0.0,0.0,0.0,,
1360,4,1,40,426288,-1,0.0,0.0,0.0,0,0.0,0.0,0,,-1,0,0.0,0.0,0.0,,
1361,2,1,50,104482,-1,0.0,0.0,0.0,0,0.0,0.0,0,,-1,0,0.0,0.0,0.0,,
1362,11,1,81,385,-1,0.0,0.0,0.0,0,0.0,0.0,0,,-1,0,0.0,0.0,0.0,,
1363,14,1,81,385,-1,0.0,0.0,0.0,0,0.0,0.0,0,,-1,0,0.0,0.0,0.0,,
1364,9,1,60,213377,-1,0.0,0.0,0.0,0,0.0,0.0,0,22167967 / 0,-1,0,0.0,0.0,0.0,,"BN:48,-2####"
1365,9,1,60,214045,-1,0.0,0.0,0.0,0,0.0,0.0,0,8355994 / 19,-1,0,0.0,0.0,0.0,,"BN:48,-2####"
1366,13,1,60,214045,-1,0.0,0.0,0.0,0,0.0,0.0,0,8360155 / 49,-1,0,0.0,0.0,0.0,,"BN:32,-2####"
1367,17,1,60,213470,-1,0.0,0.0,0.0,0,0.0,0.0,0,22145297 / 0,-1,0,0.0,0.0,0.0,,"BN:13,-2####"
1368,17,1,60,222843,-1,0.0,0.0,0.0,0,0.0,0.0,0,22662702,-1,0,0.0,0.0,0.0,,"BN:13,-2####"
1369,17,1,60,213251,-1,0.0,0.0,0.0,0,0.0,0.0,0,22662702,-1,0,0.0,0.0,0.0,,"BN:13,-2####"
1370,17,1,60,213377,-1,0.0,0.0,0.0,0,0.0,0.0,0,22145297 / 0,-1,0,0.0,0.0,0.0,,"BN:13,-2####"
1371,17,1,60,214045,-1,0.0,0.0,0.0,0,0.0,0.0,0,8356250 / 27,-1,0,0.0,0.0,0.0,,"BN:13,-2####"
1372,13,1,60,212621,-1,0.0,0.0,0.0,0,0.0,0.0,0,1038388967,-1,0,0.0,0.0,0.0,,"BN:237,-5####"
1373,13,1,60,214045,-1,0.0,0.0,0.0,0,0.0,0.0,0,10012637 / 79,-1,0,0.0,0.0,0.0,,"BN:32,-2####"
1374,7,1,81,385,-1,0.0,0.0,0.0,0,0.0,0.0,0,,-1,0,0.0,0.0,0.0,,
1375,7,1,81,386,-1,0.0,0.0,0.0,0,0.0,0.0,0,,-1,0,0.0,0.0,0.0,,
1376,13,1,60,212818,-1,0.0,0.0,0.0,0,0.0,0.0,0,79918665556 / 0,-1,0,0.0,0.0,0.0,,"BN:32,-2####"
1377,34,1,60,213377,-1,0.0,0.0,0.0,0,0.0,0.0,0,22172768 / 0,-1,0,0.0,0.0,0.0,,"BN:71,-2####"
1378,34,1,60,213314,-1,0.0,0.0,0.0,0,0.0,0.0,0,70003664 / 01,-1,0,0.0,0.0,0.0,,"BN:71,-2####"
1379,4,1,95,387,-1,0.0,0.0,0.0,0,0.0,0.0,0,,-1,0,0.0,0.0,0.0,,"BN:230,-5####"
1380,4,1,95,388,-1,0.0,0.0,0.0,0,0.0,0.0,0,,-1,0,0.0,0.0,0.0,,"BN:230,-5####"
1381,4,1,95,389,-1,0.0,0.0,0.0,0,0.0,0.0,0,,-1,0,0.0,0.0,0.0,,"BN:230,-5####"
1382,4,1,95,390,-1,0.0,0.0,0.0,0,0.0,0.0,0,,-1,0,0.0,0.0,0.0,,"BN:230,-5####"
1383,7,1,81,391,-1,0.0,0.0,0.0,0,0.0,0.0,0,,-1,0,0.0,0.0,0.0,,
1384,14,1,81,391,-1,0.0,0.0,0.0,0,0.0,0.0,0,,-1,0,0.0,0.0,0.0,,
1385,14,1,81,392,-1,0.0,0.0,0.0,0,0.0,0.0,0,,-1,0,0.0,0.0,0.0,,
1386,7,1,81,392,-1,0.0,0.0,0.0,0,0.0,0.0,0,,-1,0,0.0,0.0,0.0,,
1387,35,1,40,425629,-1,0.0,0.0,0.0,0,0.0,0.0,0,,-1,0,0.0,0.0,0.0,,
1388,13,1,60,213377,-1,0.0,0.0,0.0,0,0.0,0.0,0,22175495,-1,0,0.0,0.0,0.0,,"BN:32,-2####"
1389,2,1,120,393,-1,0.0,0.0,0.0,0,0.0,0.0,0,,-1,0,0.0,0.0,0.0,,"BN:13,-2####"
1390,4,1,40,426200,-1,0.0,0.0,0.0,0,0.0,0.0,0,,-1,0,0.0,0.0,0.0,,
1391,4,1,40,426407,-1,0.0,0.0,0.0,0,0.0,0.0,0,,-1,0,0.0,0.0,0.0,,"BN:48,-2####"
1392,7,1,81,394,-1,0.0,0.0,0.0,0,0.0,0.0,0,,-1,0,0.0,0.0,0.0,,
1393,11,1,81,391,-1,0.0,0.0,0.0,0,0.0,0.0,0,,-1,0,0.0,0.0,0.0,,
1394,11,1,81,392,-1,0.0,0.0,0.0,0,0.0,0.0,0,,-1,0,0.0,0.0,0.0,,
1395,1,1,50,105202,-1,0.0,0.0,0.0,0,0.0,0.0,0,,-1,0,0.0,0.0,0.0,,
1396,14,1,81,394,-1,0.0,0.0,0.0,0,0.0,0.0,0,,-1,0,0.0,0.0,0.0,,
1397,11,1,81,394,-1,0.0,0.0,0.0,0,0.0,0.0,0,,-1,0,0.0,0.0,0.0,,
1398,1,1,50,121460,-1,0.0,0.0,0.0,0,0.0,0.0,0,,-1,0,0.0,0.0,0.0,,
1399,14,1,81,395,-1,0.0,0.0,0.0,0,0.0,0.0,0,,-1,0,0.0,0.0,0.0,,
1400,2,1,50,104509,-1,0.0,0.0,0.0,2,0.0,0.0,0,,-1,0,26320.75,0.0,0.0,,"BN:97,-2####"
1401,4,1,50,104509,-1,0.0,0.0,0.0,0,0.0,0.0,0,,-1,0,0.0,0.0,0.0,,
1402,14,1,81,396,-1,0.0,0.0,0.0,0,0.0,0.0,0,,-1,0,0.0,0.0,0.0,,
1403,14,1,81,397,-1,0.0,0.0,0.0,0,0.0,0.0,0,,-1,0,0.0,0.0,0.0,,
1404,7,1,81,396,-1,0.0,0.0,0.0,0,0.0,0.0,0,,-1,0,0.0,0.0,0.0,,
1405,11,1,81,396,-1,0.0,0.0,0.0,0,0.0,0.0,0,,-1,0,0.0,0.0,0.0,,
1406,7,1,81,398,-1,0.0,0.0,0.0,0,0.0,0.0,0,,-1,0,0.0,0.0,0.0,,
1407,11,1,81,398,-1,0.0,0.0,0.0,0,0.0,0.0,0,,-1,0,0.0,0.0,0.0,,
1408,14,1,81,398,-1,0.0,0.0,0.0,0,0.0,0.0,0,,-1,0,0.0,0.0,0.0,,
1409,4,1,40,426545,-1,0.0,0.0,0.0,0,0.0,0.0,0,,-1,0,0.0,0.0,0.0,,"BN:48,-2####"
1410,35,1,40,426559,-1,0.0,0.0,0.0,0,0.0,0.0,0,,-1,0,0.0,0.0,0.0,,"BN:71,-2####"
1411,2,1,40,426571,-1,0.0,0.0,0.0,0,0.0,0.0,0,,-1,0,0.0,0.0,0.0,,"BN:13,-2####"
1412,4,1,40,426559,-1,0.0,0.0,0.0,0,0.0,0.0,0,,-1,0,0.0,0.0,0.0,,
1413,14,1,81,400,-1,0.0,0.0,0.0,0,0.0,0.0,0,,-1,0,0.0,0.0,0.0,,
1414,7,1,81,400,-1,0.0,0.0,0.0,0,0.0,0.0,0,,-1,0,0.0,0.0,0.0,,
1415,11,1,81,400,-1,0.0,0.0,0.0,0,0.0,0.0,0,,-1,0,0.0,0.0,0.0,,
1416,7,1,81,401,-1,0.0,0.0,0.0,0,0.0,0.0,0,,-1,0,0.0,0.0,0.0,,
1417,34,1,60,224129,-1,0.0,0.0,0.0,0,0.0,0.0,0,70427356715,-1,0,0.0,0.0,0.0,,"BN:71,-2####"
1418,7,1,81,402,-1,0.0,0.0,0.0,0,0.0,0.0,0,,-1,0,0.0,0.0,0.0,,
1419,7,1,81,403,-1,0.0,0.0,0.0,0,0.0,0.0,0,,-1,0,0.0,0.0,0.0,,
1420,11,1,81,402,-1,0.0,0.0,0.0,0,0.0,0.0,0,,-1,0,0.0,0.0,0.0,,
1421,14,1,81,402,-1,0.0,0.0,0.0,0,0.0,0.0,0,,-1,0,0.0,0.0,0.0,,
1422,2,1,40,425115,-1,0.0,0.0,0.0,0,0.0,0.0,0,,-1,0,0.0,0.0,0.0,,
1423,11,1,81,401,-1,0.0,0.0,0.0,0,0.0,0.0,0,,-1,0,0.0,0.0,0.0,,
1424,2,1,40,425629,-1,0.0,0.0,0.0,0,0.0,0.0,0,,-1,0,0.0,0.0,0.0,,"BN:13,-2####"
1425,2,1,40,425328,-1,0.0,0.0,0.0,0,0.0,0.0,0,,-1,0,0.0,0.0,0.0,,
1426,1,1,50,105270,-1,0.0,0.0,0.0,0,0.0,0.0,0,,-1,0,0.0,0.0,0.0,,
1427,1,1,40,425629,-1,0.0,0.0,0.0,0,0.0,0.0,0,,-1,0,0.0,0.0,0.0,,
1428,1,1,40,425328,-1,0.0,0.0,0.0,0,0.0,0.0,0,,-1,0,0.0,0.0,0.0,,
1429,2,1,95,404,-1,0.0,0.0,0.0,0,0.0,0.0,0,,-1,0,0.0,0.0,0.0,,"BN:11,-2####"
1430,2,1,95,405,-1,0.0,0.0,0.0,0,0.0,0.0,0,,-1,0,0.0,0.0,0.0,,"BN:11,-2####"
1431,2,1,95,406,-1,0.0,0.0,0.0,0,0.0,0.0,0,,-1,0,0.0,0.0,0.0,,"BN:11,-2####"
1432,2,1,95,407,-1,0.0,0.0,0.0,0,0.0,0.0,0,,-1,0,0.0,0.0,0.0,,"BN:11,-2####"
1433,2,1,95,408,-1,0.0,0.0,0.0,0,0.0,0.0,0,,-1,0,0.0,0.0,0.0,,"BN:11,-2####"
1434,1,1,95,409,-1,0.0,0.0,0.0,0,0.0,0.0,0,,-1,0,0.0,0.0,0.0,,"BN:76,-2####"
1435,1,1,95,410,-1,0.0,0.0,0.0,0,0.0,0.0,0,,-1,0,0.0,0.0,0.0,,"BN:76,-2####"
1436,1,1,95,411,-1,0.0,0.0,0.0,0,0.0,0.0,0,,-1,0,0.0,0.0,0.0,,"BN:76,-2####"
1437,1,1,95,412,-1,0.0,0.0,0.0,0,0.0,0.0,0,,-1,0,0.0,0.0,0.0,,"BN:76,-2####"
1438,1,1,95,413,-1,0.0,0.0,0.0,0,0.0,0.0,0,,-1,0,0.0,0.0,0.0,,"BN:76,-2####"
1439,2,1,95,414,-1,0.0,0.0,0.0,0,0.0,0.0,0,,-1,0,0.0,0.0,0.0,,"BN:11,-2####"
1440,2,1,95,415,-1,0.0,0.0,0.0,0,0.0,0.0,0,,-1,0,0.0,0.0,0.0,,"BN:11,-2####"
1441,9,1,95,416,-1,0.0,0.0,0.0,0,0.0,0.0,0,,-1,0,0.0,0.0,0.0,,"BN:80,-2####"
1442,4,1,95,416,-1,0.0,0.0,0.0,0,0.0,0.0,0,,-1,0,0.0,0.0,0.0,,
1443,4,1,95,417,-1,0.0,0.0,0.0,0,0.0,0.0,0,,-1,0,0.0,0.0,0.0,,"BN:80,-2####"
1444,4,1,95,418,-1,0.0,0.0,0.0,0,0.0,0.0,0,,-1,0,0.0,0.0,0.0,,"BN:80,-2####"
1445,4,1,40,425629,-1,0.0,0.0,0.0,0,0.0,0.0,0,,-1,0,0.0,0.0,0.0,,"BN:48,-2####"
1446,4,1,40,425115,-1,0.0,0.0,0.0,0,0.0,0.0,0,,-1,0,0.0,0.0,0.0,,
1447,2,1,95,419,-1,0.0,0.0,0.0,0,0.0,0.0,0,,-1,0,0.0,0.0,0.0,,"BN:75,-2####"
1448,2,1,95,420,-1,0.0,0.0,0.0,0,0.0,0.0,0,,-1,0,0.0,0.0,0.0,,"BN:79,-2####"
1449,2,1,95,421,-1,0.0,0.0,0.0,0,0.0,0.0,0,,-1,0,0.0,0.0,0.0,,"BN:79,-2####"
1450,2,1,95,422,-1,0.0,0.0,0.0,0,0.0,0.0,0,,-1,0,0.0,0.0,0.0,,
1451,2,1,95,423,-1,0.0,0.0,0.0,0,0.0,0.0,0,,-1,0,0.0,0.0,0.0,,
1452,2,1,95,424,-1,0.0,0.0,0.0,0,0.0,0.0,0,,-1,0,0.0,0.0,0.0,,"BN:11,-2####"
1453,1,1,95,425,-1,0.0,0.0,0.0,0,0.0,0.0,0,,-1,0,0.0,0.0,0.0,,"BN:29,-2####"
1454,1,1,95,426,-1,0.0,0.0,0.0,0,0.0,0.0,0,,-1,0,0.0,0.0,0.0,,"BN:29,-2####"
1455,1,1,95,427,-1,0.0,0.0,0.0,0,0.0,0.0,0,,-1,0,0.0,0.0,0.0,,"BN:29,-2####"
1456,1,1,95,428,-1,0.0,0.0,0.0,0,0.0,0.0,0,,-1,0,0.0,0.0,0.0,,"BN:76,-2####"
1457,1,1,95,429,-1,0.0,0.0,0.0,0,0.0,0.0,0,,-1,0,0.0,0.0,0.0,,
1458,1,1,95,430,-1,0.0,0.0,0.0,0,0.0,0.0,0,,-1,0,0.0,0.0,0.0,,"BN:76,-2####"
1459,1,1,95,431,-1,0.0,0.0,0.0,0,0.0,0.0,0,,-1,0,0.0,0.0,0.0,,"BN:76,-2####"
1460,1,1,95,432,-1,0.0,0.0,0.0,0,0.0,0.0,0,,-1,0,0.0,0.0,0.0,,
1461,1,1,95,433,-1,0.0,0.0,0.0,0,0.0,0.0,0,,-1,0,0.0,0.0,0.0,,"BN:76,-2####"
1462,1,1,95,434,-1,0.0,0.0,0.0,0,0.0,0.0,0,,-1,0,0.0,0.0,0.0,,"BN:29,-2####"
1463,1,1,95,435,-1,0.0,0.0,0.0,0,0.0,0.0,0,,-1,0,0.0,0.0,0.0,,"BN:29,-2####"
1464,1,1,95,436,-1,0.0,0.0,0.0,0,0.0,0.0,0,,-1,0,0.0,0.0,0.0,,"BN:29,-2####"
1465,14,1,81,401,-1,0.0,0.0,0.0,0,0.0,0.0,0,,-1,0,0.0,0.0,0.0,,
1466,1,1,95,437,-1,0.0,0.0,0.0,0,0.0,0.0,0,,-1,0,0.0,0.0,0.0,,"BN:29,-2####"
1467,1,1,95,438,-1,0.0,0.0,0.0,0,0.0,0.0,0,,-1,0,0.0,0.0,0.0,,"BN:29,-2####"
1468,7,1,81,439,-1,0.0,0.0,0.0,0,0.0,0.0,0,,-1,0,0.0,0.0,0.0,,
1469,2,1,40,425259,-1,0.0,0.0,0.0,0,0.0,0.0,0,,-1,0,0.0,0.0,0.0,,
1470,2,1,95,440,-1,0.0,0.0,0.0,0,0.0,0.0,0,,-1,0,0.0,0.0,0.0,,"BN:79,-2####"
1471,2,1,95,441,-1,0.0,0.0,0.0,0,0.0,0.0,0,,-1,0,0.0,0.0,0.0,,"BN:79,-2####"
1472,13,1,60,213037,-1,0.0,0.0,0.0,0,0.0,0.0,0,91055257315,-1,0,0.0,0.0,0.0,,"BN:32,-2####"
1473,1,1,95,442,-1,0.0,0.0,0.0,0,0.0,0.0,0,,-1,0,0.0,0.0,0.0,,"BN:76,-2####"
1474,4,1,70,443,-1,0.0,0.0,0.0,0,0.0,0.0,0,,-1,0,0.0,0.0,0.0,,
1475,14,1,81,439,-1,0.0,0.0,0.0,0,0.0,0.0,0,,-1,0,0.0,0.0,0.0,,
1476,1,1,40,425226,-1,0.0,0.0,0.0,0,0.0,0.0,0,,-1,0,0.0,0.0,0.0,,
1477,2,1,40,425226,-1,0.0,0.0,0.0,0,0.0,0.0,0,,-1,0,0.0,0.0,0.0,,
1478,2,1,40,425698,-1,0.0,0.0,0.0,0,0.0,0.0,0,,-1,0,0.0,0.0,0.0,,
1479,11,1,81,439,-1,0.0,0.0,0.0,0,0.0,0.0,0,,-1,0,0.0,0.0,0.0,,
1480,1,1,95,444,-1,0.0,0.0,0.0,0,0.0,0.0,0,,-1,0,0.0,0.0,0.0,,"BN:29,-2####"
1481,1,1,95,445,-1,0.0,0.0,0.0,0,0.0,0.0,0,,-1,0,0.0,0.0,0.0,,"BN:29,-2####"
1482,1,1,95,446,-1,0.0,0.0,0.0,0,0.0,0.0,0,,-1,0,0.0,0.0,0.0,,"BN:29,-2####"
1483,2,1,95,447,-1,0.0,0.0,0.0,0,0.0,0.0,0,,-1,0,0.0,0.0,0.0,,"BN:11,-2####"
1484,2,1,95,448,-1,0.0,0.0,0.0,0,0.0,0.0,0,,-1,0,0.0,0.0,0.0,,"BN:11,-2####"
1485,2,1,95,449,-1,0.0,0.0,0.0,0,0.0,0.0,0,,-1,0,0.0,0.0,0.0,,"BN:11,-2####"
1486,4,1,95,450,-1,0.0,0.0,0.0,0,0.0,0.0,0,,-1,0,0.0,0.0,0.0,,"BN:28,-2####"
1487,4,1,95,451,-1,0.0,0.0,0.0,0,0.0,0.0,0,,-1,0,0.0,0.0,0.0,,"BN:28,-2####"
1488,2,1,40,425742,-1,0.0,0.0,0.0,0,0.0,0.0,0,,-1,0,0.0,0.0,0.0,,"BN:97,-2####"
1489,2,1,50,105125,-1,0.0,0.0,0.0,0,0.0,0.0,0,,-1,0,0.0,0.0,0.0,,
1490,2,1,50,105124,-1,1280.0,155450.4,0.0,3,0.0,0.0,0,,-1,0,0.0,0.0,0.0,,
1491,4,1,50,105124,-1,0.0,0.0,0.0,0,0.0,0.0,0,,-1,0,0.0,0.0,0.0,,
1492,11,1,81,403,-1,0.0,0.0,0.0,0,0.0,0.0,0,,-1,0,0.0,0.0,0.0,,
1493,4,1,95,452,-1,0.0,0.0,0.0,0,0.0,0.0,0,,-1,0,0.0,0.0,0.0,,"BN:80,-2####"
1494,14,1,81,453,-1,0.0,0.0,0.0,0,0.0,0.0,0,,-1,0,0.0,0.0,0.0,,
1495,2,1,115,454,-1,0.0,0.0,0.0,0,0.0,0.0,0,,-1,0,0.0,0.0,0.0,,
1496,4,1,70,455,-1,1.0,1000.0,0.0,0,1000.0,0.33,0,,-1,0,0.0,0.0,0.0,,"BN:48,-2####"
1497,2,1,70,455,-1,0.0,0.0,0.0,0,0.0,0.0,0,,-1,0,0.0,0.0,0.0,,"BN:13,-2####"
1498,35,1,70,455,-1,0.0,0.0,0.0,0,0.0,0.0,0,,-1,0,0.0,0.0,0.0,,"BN:68,-2####"
1499,2,1,40,426570,-1,0.0,0.0,0.0,0,0.0,0.0,0,,-1,0,0.0,0.0,0.0,,
1500,14,1,81,456,-1,0.0,0.0,0.0,0,0.0,0.0,0,,-1,0,0.0,0.0,0.0,,
1501,14,1,81,457,-1,0.0,0.0,0.0,0,0.0,0.0,0,,-1,0,0.0,0.0,0.0,,
1502,4,1,40,425126,-1,0.0,0.0,0.0,0,0.0,0.0,0,,-1,0,0.0,0.0,0.0,,"BN:48,-2####"
1503,2,1,40,425126,-1,0.0,0.0,0.0,0,0.0,0.0,0,,-1,0,0.0,0.0,0.0,,"BN:97,-2####"
1504,7,1,81,457,-1,0.0,0.0,0.0,0,0.0,0.0,0,,-1,0,0.0,0.0,0.0,,
1505,1,1,40,425110,-1,0.0,0.0,0.0,0,0.0,0.0,0,,-1,0,0.0,0.0,0.0,,
1506,1,1,40,425698,-1,0.0,0.0,0.0,0,0.0,0.0,0,,-1,0,0.0,0.0,0.0,,
1507,2,1,40,426664,-1,0.0,0.0,0.0,0,0.0,0.0,0,,-1,0,0.0,0.0,0.0,,"BN:13,-2####"
1508,1,1,40,425126,-1,0.0,0.0,0.0,0,0.0,0.0,0,,-1,0,0.0,0.0,0.0,,"BN:95,-2####"
1509,4,1,40,425323,-1,0.0,0.0,0.0,0,0.0,0.0,0,,-1,0,0.0,0.0,0.0,,
1510,1,1,40,425323,-1,0.0,0.0,0.0,0,0.0,0.0,0,,-1,0,0.0,0.0,0.0,,
1511,4,1,40,425742,-1,0.0,0.0,0.0,0,0.0,0.0,0,,-1,0,0.0,0.0,0.0,,
1512,2,1,40,425730,-1,0.0,0.0,0.0,0,0.0,0.0,0,,-1,0,0.0,0.0,0.0,,"BN:97,-2####"
1513,4,1,40,425730,-1,0.0,0.0,0.0,0,0.0,0.0,0,,-1,0,0.0,0.0,0.0,,"BN:48,-2####"
1514,1,1,40,425125,-1,0.0,0.0,0.0,0,0.0,0.0,0,,-1,0,0.0,0.0,0.0,,
1515,2,1,40,425112,-1,0.0,0.0,0.0,0,0.0,0.0,0,,-1,0,0.0,0.0,0.0,,
1516,2,1,40,425125,-1,0.0,0.0,0.0,0,0.0,0.0,0,,-1,0,0.0,0.0,0.0,,
1517,1,1,40,425172,-1,0.0,0.0,0.0,0,0.0,0.0,0,,-1,0,0.0,0.0,0.0,,
1518,4,1,40,425112,-1,0.0,0.0,0.0,0,0.0,0.0,0,,-1,0,0.0,0.0,0.0,,
1519,4,1,40,425172,-1,0.0,0.0,0.0,0,0.0,0.0,0,,-1,0,0.0,0.0,0.0,,
1520,1,1,40,425726,-1,0.0,0.0,0.0,0,0.0,0.0,0,,-1,0,0.0,0.0,0.0,,"BN:95,-2####"
1521,1,1,40,425734,-1,0.0,0.0,0.0,0,0.0,0.0,0,,-1,0,0.0,0.0,0.0,,
1522,4,1,40,425165,-1,0.0,0.0,0.0,0,0.0,0.0,0,,-1,0,0.0,0.0,0.0,,
1523,2,1,40,425734,-1,0.0,0.0,0.0,0,0.0,0.0,0,,-1,0,0.0,0.0,0.0,,"BN:97,-2####"
1524,14,1,81,458,-1,0.0,0.0,0.0,0,0.0,0.0,0,,-1,0,0.0,0.0,0.0,,
1525,14,1,81,459,-1,0.0,0.0,0.0,0,0.0,0.0,0,,-1,0,0.0,0.0,0.0,,
1526,1,1,40,425742,-1,0.0,0.0,0.0,0,0.0,0.0,0,,-1,0,0.0,0.0,0.0,,"BN:32,-2####"
1527,7,1,81,459,-1,0.0,0.0,0.0,0,0.0,0.0,0,,-1,0,0.0,0.0,0.0,,
1528,2,1,40,425726,-1,0.0,0.0,0.0,0,0.0,0.0,0,,-1,0,0.0,0.0,0.0,,"BN:97,-2####"
1529,2,1,40,425694,-1,0.0,0.0,0.0,0,0.0,0.0,0,,-1,0,0.0,0.0,0.0,,
1530,1,1,40,425692,-1,0.0,0.0,0.0,0,0.0,0.0,0,,-1,0,0.0,0.0,0.0,,"BN:95,-2####"
1531,2,1,40,425172,-1,0.0,0.0,0.0,0,0.0,0.0,0,,-1,0,0.0,0.0,0.0,,
1532,1,1,40,425730,-1,0.0,0.0,0.0,0,0.0,0.0,0,,-1,0,0.0,0.0,0.0,,"BN:32,-2####"
1533,2,1,40,425110,-1,0.0,0.0,0.0,0,0.0,0.0,0,,-1,0,0.0,0.0,0.0,,
1534,17,1,60,231080,-1,0.0,0.0,0.0,0,0.0,0.0,0,22145297,-1,0,0.0,0.0,0.0,,"BN:13,-2####"
1535,1,1,40,425248,-1,0.0,0.0,0.0,0,0.0,0.0,0,,-1,0,0.0,0.0,0.0,,
1536,13,1,60,231079,-1,0.0,0.0,0.0,0,0.0,0.0,0,22175495,-1,0,0.0,0.0,0.0,,"BN:32,-2####"
1537,7,1,81,460,-1,0.0,0.0,0.0,0,0.0,0.0,0,,-1,0,0.0,0.0,0.0,,
1538,2,1,40,425248,-1,0.0,0.0,0.0,0,0.0,0.0,0,,-1,0,0.0,0.0,0.0,,
1539,14,1,81,460,-1,0.0,0.0,0.0,0,0.0,0.0,0,,-1,0,0.0,0.0,0.0,,
1540,14,1,81,461,-1,0.0,0.0,0.0,0,0.0,0.0,0,,-1,0,0.0,0.0,0.0,,
1541,4,1,40,425726,-1,0.0,0.0,0.0,0,0.0,0.0,0,,-1,0,0.0,0.0,0.0,,"BN:48,-2####"
1542,35,1,40,425742,-1,0.0,0.0,0.0,0,0.0,0.0,0,,-1,0,0.0,0.0,0.0,,"BN:68,-2####"
1543,11,1,81,460,-1,0.0,0.0,0.0,0,0.0,0.0,0,,-1,0,0.0,0.0,0.0,,
1544,14,1,81,462,-1,0.0,0.0,0.0,0,0.0,0.0,0,,-1,0,0.0,0.0,0.0,,
1545,14,1,81,463,-1,0.0,0.0,0.0,0,0.0,0.0,0,,-1,0,0.0,0.0,0.0,,
1546,7,1,81,462,-1,0.0,0.0,0.0,0,0.0,0.0,0,,-1,0,0.0,0.0,0.0,,
1547,2,1,40,425692,-1,0.0,0.0,0.0,0,0.0,0.0,0,,-1,0,0.0,0.0,0.0,,"BN:97,-2####"
1548,4,1,40,426194,-1,7.0,34166.34,0.0,2,0.0,0.0,0,,-1,0,0.0,0.0,0.0,,"BN:48,-2####"
1549,2,1,40,426194,-1,5.0,24399.95,0.0,2,0.0,0.0,0,,-1,0,0.0,0.0,0.0,,"BN:97,-2####"
1550,3,1,50,100240,-1,20.0,200.0,0.0,0,0.0,0.0,0,,-1,0,0.0,0.0,0.0,,
1551,11,1,81,462,-1,0.0,0.0,0.0,0,0.0,0.0,0,,-1,0,0.0,0.0,0.0,,
1552,14,1,81,464,-1,0.0,0.0,0.0,0,0.0,0.0,0,,-1,0,0.0,0.0,0.0,,
1553,7,1,81,464,-1,0.0,0.0,0.0,0,0.0,0.0,0,,-1,0,0.0,0.0,0.0,,
1554,11,1,81,464,-1,0.0,0.0,0.0,0,0.0,0.0,0,,-1,0,0.0,0.0,0.0,,
1555,11,1,81,465,-1,0.0,0.0,0.0,0,0.0,0.0,0,,-1,0,0.0,0.0,0.0,,
1556,2,1,40,425249,-1,0.0,0.0,0.0,0,0.0,0.0,0,,-1,0,0.0,0.0,0.0,,
1557,14,1,81,465,-1,0.0,0.0,0.0,0,0.0,0.0,0,,-1,0,0.0,0.0,0.0,,
1558,17,1,60,212516,-1,0.0,0.0,0.0,0,0.0,0.0,0,2954648/13,-1,0,0.0,0.0,0.0,,"BN:13,-2####"
1559,13,1,60,212516,-1,0.0,0.0,0.0,0,0.0,0.0,0,2232676/16,-1,0,0.0,0.0,0.0,,"BN:32,-2####"
1560,4,1,75,466,-1,0.0,0.0,0.0,0,0.0,0.0,1,,-1,0,0.0,0.0,0.0,,
1561,3,1,75,466,-1,400.0,33142.4,0.0,4,0.0,0.0,1,,-1,0,0.0,0.0,0.0,,
1562,1,1,40,426707,-1,15.0,72917.85,0.0,2,0.0,0.0,0,,-1,0,0.0,0.0,0.0,,"BN:95,-2####"
1563,1,1,50,105124,-1,935.0,112087.15,0.0,2,0.0,0.0,0,,-1,0,0.0,0.0,0.0,,
1564,17,1,60,212519,-1,0.0,0.0,0.0,0,0.0,0.0,0,8356250 / 27,-1,0,0.0,0.0,0.0,,"BN:13,-2####"
1565,7,1,81,465,-1,0.0,0.0,0.0,0,0.0,0.0,0,,-1,0,0.0,0.0,0.0,,
1566,11,1,81,467,-1,0.0,0.0,0.0,0,0.0,0.0,0,,-1,0,0.0,0.0,0.0,,
1567,11,1,81,468,-1,0.0,0.0,0.0,0,0.0,0.0,0,,-1,0,0.0,0.0,0.0,,
1568,14,1,81,467,-1,0.0,0.0,0.0,0,0.0,0.0,0,,-1,0,0.0,0.0,0.0,,
1569,14,1,81,468,-1,0.0,0.0,0.0,0,0.0,0.0,0,,-1,0,0.0,0.0,0.0,,
1570,7,1,81,467,-1,0.0,0.0,0.0,0,0.0,0.0,0,,-1,0,0.0,0.0,0.0,,
1571,7,1,81,468,-1,0.0,0.0,0.0,0,0.0,0.0,0,,-1,0,0.0,0.0,0.0,,
1572,13,1,60,212519,-1,0.0,0.0,0.0,0,0.0,0.0,0,10012637/79,-1,0,0.0,0.0,0.0,,"BN:32,-2####"
1573,17,1,60,212467,-1,0.0,0.0,0.0,0,0.0,0.0,0,7672003/54,-1,0,0.0,0.0,0.0,,"BN:13,-2####"
1574,13,1,60,212467,-1,0.0,0.0,0.0,0,0.0,0.0,0,7672003/54,-1,0,0.0,0.0,0.0,,"BN:32,-2####"
1575,2,1,40,425338,-1,0.0,0.0,0.0,0,0.0,0.0,0,,-1,0,0.0,0.0,0.0,,"BN:97,-2####"
1576,1,1,40,425338,-1,0.0,0.0,0.0,0,0.0,0.0,0,,-1,0,0.0,0.0,0.0,,"BN:95,-2####"
1577,7,1,81,469,-1,0.0,0.0,0.0,0,0.0,0.0,1,,-1,0,0.0,0.0,0.0,,
1578,7,1,81,470,-1,0.0,0.0,0.0,0,0.0,0.0,1,,-1,0,0.0,0.0,0.0,,
1579,14,1,81,469,-1,0.0,0.0,0.0,0,0.0,0.0,1,,-1,0,0.0,0.0,0.0,,
1580,14,1,81,470,-1,0.0,0.0,0.0,0,0.0,0.0,1,,-1,0,0.0,0.0,0.0,,
1581,11,1,81,469,-1,0.0,0.0,0.0,0,0.0,0.0,0,,-1,0,0.0,0.0,0.0,,
1582,11,1,81,470,-1,0.0,0.0,0.0,0,0.0,0.0,0,,-1,0,0.0,0.0,0.0,,
1583,2,1,50,101804,-1,0.0,0.0,0.0,0,0.0,0.0,0,,-1,0,0.0,0.0,0.0,,
1584,4,1,50,101804,-1,0.0,0.0,0.0,0,0.0,0.0,0,,-1,0,0.0,0.0,0.0,,
1585,4,1,40,425692,-1,0.0,0.0,0.0,0,0.0,0.0,0,,-1,0,0.0,0.0,0.0,,
1586,13,1,60,222608,-1,0.0,0.0,0.0,0,0.0,0.0,0,6004580/33,-1,0,0.0,0.0,0.0,,
1587,13,1,60,212467,-1,0.0,0.0,0.0,0,0.0,0.0,0,6004580/33,-1,0,0.0,0.0,0.0,,"BN:32,-2####"
1588,34,1,60,212467,-1,0.0,0.0,0.0,0,0.0,0.0,0,7889418/37,-1,0,0.0,0.0,0.0,,"BN:71,-2####"
1589,37,1,60,201342,-1,0.0,0.0,0.0,0,0.0,0.0,0,14874946 / 12,-1,0,0.0,0.0,0.0,,"BN:104,-2####"
1590,37,1,60,224132,-1,0.0,0.0,0.0,0,0.0,0.0,0,79937606743,-1,0,0.0,0.0,0.0,,
1591,37,1,60,224129,-1,0.0,0.0,0.0,0,0.0,0.0,0,79937606743,-1,0,0.0,0.0,0.0,,"BN:101,-2####"
1592,37,1,60,213199,-1,0.0,0.0,0.0,0,0.0,0.0,0,910111084245,-1,0,0.0,0.0,0.0,,"BN:101,-2####"
1593,34,1,60,213191,-1,0.0,0.0,0.0,0,0.0,0.0,0,70072023 / 01,-1,0,0.0,0.0,0.0,,"BN:71,-2####"
1594,1,1,50,104501,-1,0.0,0.0,0.0,0,0.0,0.0,0,,-1,0,0.0,0.0,0.0,,
1595,1,1,50,105122,-1,0.0,0.0,0.0,0,0.0,0.0,0,,-1,0,0.0,0.0,0.0,,
1596,7,1,81,471,-1,0.0,0.0,0.0,0,0.0,0.0,0,,-1,0,0.0,0.0,0.0,,
1597,7,1,81,472,-1,0.0,0.0,0.0,0,0.0,0.0,1,,-1,0,0.0,0.0,0.0,,
1598,14,1,81,472,-1,0.0,0.0,0.0,0,0.0,0.0,1,,-1,0,0.0,0.0,0.0,,
1599,14,1,81,473,-1,0.0,0.0,0.0,0,0.0,0.0,1,,-1,0,0.0,0.0,0.0,,
1600,14,1,81,474,-1,0.0,0.0,0.0,0,0.0,0.0,1,,-1,0,0.0,0.0,0.0,,
1601,7,1,81,473,-1,0.0,0.0,0.0,0,0.0,0.0,1,,-1,0,0.0,0.0,0.0,,
1602,1,1,50,104465,-1,0.0,0.0,0.0,0,0.0,0.0,0,,-1,0,0.0,0.0,0.0,,"BN:95,-2####"
1603,1,1,50,104471,-1,0.0,0.0,0.0,3,0.0,0.0,0,,-1,0,-12921.17,0.0,0.0,,"BN:95,-2####"
1604,2,1,50,100006,-1,0.0,0.0,0.0,0,0.0,0.0,0,,-1,0,0.0,0.0,0.0,,
1605,2,1,50,100240,-1,0.0,0.0,0.0,1,0.0,0.0,0,,-1,0,255997.22,0.0,0.0,,
1606,2,1,50,100246,-1,0.0,0.0,0.0,0,0.0,0.0,0,,-1,0,0.0,0.0,0.0,,
1607,2,1,50,100374,-1,0.0,0.0,0.0,0,0.0,0.0,0,,-1,0,0.0,0.0,0.0,,
1608,2,1,50,101126,-1,0.0,0.0,0.0,0,0.0,0.0,0,,-1,0,0.0,0.0,0.0,,
1609,2,1,50,105939,-1,0.0,0.0,0.0,0,0.0,0.0,0,,-1,0,0.0,0.0,0.0,,
1610,2,1,50,121455,-1,0.0,0.0,0.0,0,0.0,0.0,0,,-1,0,0.0,0.0,0.0,,
1611,2,1,50,121670,-1,0.0,0.0,0.0,0,0.0,0.0,0,,-1,0,0.0,0.0,0.0,10 YEAR,
1612,39,1,50,121670,-1,0.0,0.0,0.0,0,0.0,0.0,0,,-1,0,0.0,0.0,0.0,,
1613,39,1,50,100374,-1,0.0,0.0,0.0,0,0.0,0.0,0,,-1,0,0.0,0.0,0.0,,
1614,39,1,50,101126,-1,0.0,0.0,0.0,0,0.0,0.0,0,,-1,0,0.0,0.0,0.0,,
1615,39,1,50,105939,-1,0.0,0.0,0.0,0,0.0,0.0,0,,-1,0,0.0,0.0,0.0,,
1616,39,1,50,121455,-1,0.0,0.0,0.0,0,0.0,0.0,0,,-1,0,0.0,0.0,0.0,,
1617,39,1,50,100006,-1,0.0,0.0,0.0,0,0.0,0.0,0,,-1,0,0.0,0.0,0.0,,
1618,39,1,50,100176,-1,0.0,0.0,0.0,0,0.0,0.0,0,,-1,0,0.0,0.0,0.0,,
1619,39,1,50,100246,-1,0.0,0.0,0.0,0,0.0,0.0,0,,-1,0,0.0,0.0,0.0,,
1620,39,1,50,100240,-1,0.0,0.0,0.0,0,0.0,0.0,0,,-1,0,0.0,0.0,0.0,,
1621,38,1,50,104242,-1,0.0,0.0,0.0,0,0.0,0.0,0,,-1,0,0.0,0.0,0.0,,
1622,38,1,50,104251,-1,0.0,0.0,0.0,0,0.0,0.0,0,,-1,0,0.0,0.0,0.0,,
1623,38,1,50,104501,-1,0.0,0.0,0.0,0,0.0,0.0,0,,-1,0,0.0,0.0,0.0,,
1624,38,1,50,104471,-1,0.0,0.0,0.0,0,0.0,0.0,0,,-1,0,0.0,0.0,0.0,,
1625,38,1,50,104456,-1,0.0,0.0,0.0,0,0.0,0.0,0,,-1,0,0.0,0.0,0.0,,
1626,38,1,50,100078,-1,0.0,0.0,0.0,0,0.0,0.0,0,,-1,0,0.0,0.0,0.0,,
1627,38,1,50,104465,-1,0.0,0.0,0.0,0,0.0,0.0,0,,-1,0,0.0,0.0,0.0,,
1628,7,1,81,474,-1,0.0,0.0,0.0,0,0.0,0.0,1,,-1,0,0.0,0.0,0.0,,
1629,2,1,50,100128,-1,0.0,0.0,0.0,4,0.0,0.0,0,,-1,0,-5309.64999999999,0.0,0.0,,"BN:97,-2####"
1630,1,1,50,105907,-1,0.0,0.0,0.0,2,0.0,0.0,0,,-1,0,6989.64,0.0,0.0,,"BN:95,-2####"
1631,1,1,50,105835,-1,0.0,0.0,0.0,0,0.0,0.0,0,,-1,0,0.0,0.0,0.0,,
1632,40,1,50,105835,-1,0.0,0.0,0.0,1,0.0,0.0,0,,-1,0,4505.7,0.0,0.0,,
1633,40,1,50,105907,-1,0.0,0.0,0.0,0,0.0,0.0,0,,-1,0,0.0,0.0,0.0,,
1634,13,1,60,215613,-1,0.0,0.0,0.0,0,0.0,0.0,0,10926853,-1,0,0.0,0.0,0.0,,
1635,40,1,50,121940,-1,0.0,0.0,0.0,0,0.0,0.0,0,,-1,0,0.0,0.0,0.0,,"BN:102,-2####"
1636,2,1,50,105835,-1,0.0,0.0,0.0,0,0.0,0.0,0,,-1,0,0.0,0.0,0.0,,
1637,14,1,81,476,-1,0.0,0.0,0.0,0,0.0,0.0,0,,-1,0,0.0,0.0,0.0,,
1638,7,1,81,476,-1,0.0,0.0,0.0,0,0.0,0.0,0,,-1,0,0.0,0.0,0.0,,
1639,40,1,60,213199,-1,0.0,0.0,0.0,0,0.0,0.0,0,910111084245,-1,0,0.0,0.0,0.0,,"BN:101,-2####"
1640,1,1,60,212724,-1,0.0,0.0,0.0,0,0.0,0.0,0,7551598,-1,0,0.0,0.0,0.0,,
1641,1,1,60,201623,-1,334.262,12000.0,0.0,0,0.0,0.0,0,7551598,-1,0,0.0,0.0,0.0,,
1642,1,1,60,222573,-1,0.0,0.0,0.0,0,0.0,0.0,0,9105363746 / 0,-1,0,0.0,0.0,0.0,,"BN:32,-2####"
1643,1,1,60,226834,-1,0.0,0.0,0.0,0,0.0,0.0,0,13069359 / 02,-1,0,0.0,0.0,0.0,,"BN:32,-2####"
1644,1,1,60,213177,-1,0.0,0.0,0.0,0,0.0,0.0,0,2232676 / 16,-1,0,0.0,0.0,0.0,,"BN:32,-2####"
1645,1,1,60,212516,-1,0.0,0.0,0.0,0,0.0,0.0,0,2232676/16,-1,0,0.0,0.0,0.0,,"BN:32,-2####"
1646,1,1,60,212467,-1,0.0,0.0,0.0,0,0.0,0.0,0,6004580/33,-1,0,0.0,0.0,0.0,,"BN:32,-2####"
1647,1,1,60,215613,-1,760.4007,35000.0,0.0,0,0.0,0.0,0,10926853,-1,0,0.0,0.0,0.0,,"BN:32,-2####"
1648,2,1,60,226985,-1,0.0,0.0,0.0,0,0.0,0.0,0,8356250 / 27,-1,0,0.0,0.0,0.0,,
1649,2,1,60,212516,-1,0.0,0.0,0.0,0,0.0,0.0,0,2954648/13,-1,0,0.0,0.0,0.0,,"BN:13,-2####"
1650,2,1,60,212467,-1,0.0,0.0,0.0,0,0.0,0.0,0,7672003/54,-1,0,0.0,0.0,0.0,,"BN:13,-2####"
1651,35,1,60,224129,-1,0.0,0.0,0.0,0,0.0,0.0,0,70427356715,-1,0,0.0,0.0,0.0,,"BN:71,-2####"
1652,35,1,60,213191,-1,0.0,0.0,0.0,1,0.0,0.0,0,70072023 / 01,-1,0,131624.12,0.0,0.0,,"BN:71,-2####"
1653,40,1,60,224129,-1,0.0,0.0,0.0,0,0.0,0.0,0,79937606743,-1,0,0.0,0.0,0.0,,"BN:101,-2####"
1654,7,1,81,498,-1,0.0,0.0,0.0,0,0.0,0.0,1,,-1,0,0.0,0.0,0.0,,
1655,7,1,81,499,-1,0.0,0.0,0.0,0,0.0,0.0,1,,-1,0,0.0,0.0,0.0,,
1656,7,1,81,500,-1,0.0,0.0,0.0,0,0.0,0.0,1,,-1,0,0.0,0.0,0.0,,
1657,11,1,81,472,-1,0.0,0.0,0.0,0,0.0,0.0,0,,-1,0,0.0,0.0,0.0,,
1658,11,1,81,473,-1,0.0,0.0,0.0,0,0.0,0.0,0,,-1,0,0.0,0.0,0.0,,
1659,11,1,81,501,-1,0.0,0.0,0.0,0,0.0,0.0,1,,-1,0,0.0,0.0,0.0,,
1660,11,1,81,498,-1,0.0,0.0,0.0,0,0.0,0.0,0,,-1,0,0.0,0.0,0.0,,
1661,11,1,81,474,-1,0.0,0.0,0.0,0,0.0,0.0,0,,-1,0,0.0,0.0,0.0,,
1662,11,1,81,499,-1,0.0,0.0,0.0,0,0.0,0.0,0,,-1,0,0.0,0.0,0.0,,
1663,11,1,81,500,-1,0.0,0.0,0.0,0,0.0,0.0,0,,-1,0,0.0,0.0,0.0,,
1664,14,1,81,498,-1,0.0,0.0,0.0,0,0.0,0.0,0,,-1,0,0.0,0.0,0.0,,
1665,14,1,81,499,-1,0.0,0.0,0.0,0,0.0,0.0,1,,-1,0,0.0,0.0,0.0,,
1666,14,1,81,500,-1,0.0,0.0,0.0,0,0.0,0.0,1,,-1,0,0.0,0.0,0.0,,
1667,40,1,60,215613,-1,0.0,0.0,0.0,0,0.0,0.0,0,10980517,-1,0,0.0,0.0,0.0,,"BN:101,-2####"
1668,40,1,40,425726,-1,0.0,0.0,0.0,0,0.0,0.0,0,,-1,0,0.0,0.0,0.0,,"BN:102,-2####"
1669,40,1,40,425692,-1,0.0,0.0,0.0,0,0.0,0.0,0,,-1,0,0.0,0.0,0.0,,"BN:102,-2####"
1670,7,1,81,502,-1,0.0,0.0,0.0,0,0.0,0.0,0,,-1,0,0.0,0.0,0.0,,
1671,7,1,81,504,-1,0.0,0.0,0.0,0,0.0,0.0,0,,-1,0,0.0,0.0,0.0,,
1672,7,1,81,506,-1,0.0,0.0,0.0,0,0.0,0.0,0,,-1,0,0.0,0.0,0.0,,
1673,7,1,81,508,-1,0.0,0.0,0.0,0,0.0,0.0,0,,-1,0,0.0,0.0,0.0,,
1674,14,1,81,502,-1,0.0,0.0,0.0,0,0.0,0.0,0,,-1,0,0.0,0.0,0.0,,
1675,14,1,81,504,-1,0.0,0.0,0.0,0,0.0,0.0,0,,-1,0,0.0,0.0,0.0,,
1676,14,1,81,506,-1,0.0,0.0,0.0,0,0.0,0.0,0,,-1,0,0.0,0.0,0.0,,
1677,14,1,81,508,-1,0.0,0.0,0.0,0,0.0,0.0,0,,-1,0,0.0,0.0,0.0,,
1678,11,1,81,533,-1,0.0,0.0,0.0,0,0.0,0.0,0,,-1,0,0.0,0.0,0.0,,
1679,1,1,50,105213,-1,0.0,0.0,0.0,0,0.0,0.0,0,,-1,0,0.0,0.0,0.0,,
1680,7,1,81,534,-1,0.0,0.0,0.0,0,0.0,0.0,1,,-1,0,0.0,0.0,0.0,,
1681,4,1,50,101434,-1,0.0,0.0,0.0,0,0.0,0.0,0,,-1,0,0.0,0.0,0.0,,
1682,11,1,81,534,-1,0.0,0.0,0.0,0,0.0,0.0,1,,-1,0,0.0,0.0,0.0,,
1683,40,1,60,212818,-1,0.0,0.0,0.0,0,0.0,0.0,0,79937606743,-1,0,0.0,0.0,0.0,,"BN:101,-2####"
1684,2,1,60,224483,-1,0.0,0.0,0.0,0,0.0,0.0,0,9106159482,-1,0,0.0,0.0,0.0,,"BN:13,-2####"
1685,1,1,40,425738,-1,0.0,0.0,0.0,0,0.0,0.0,0,,-1,0,0.0,0.0,0.0,,"BN:32,-2####"
1686,2,1,60,212818,-1,0.0,0.0,0.0,0,0.0,0.0,0,7999435692,-1,0,0.0,0.0,0.0,,"BN:13,-2####"
1687,7,1,81,536,-1,0.0,0.0,0.0,0,0.0,0.0,0,,-1,0,0.0,0.0,0.0,,
1688,7,1,81,535,-1,0.0,0.0,0.0,0,0.0,0.0,1,,-1,0,0.0,0.0,0.0,,
1689,14,1,81,534,-1,0.0,0.0,0.0,0,0.0,0.0,0,,-1,0,0.0,0.0,0.0,,
1690,14,1,81,535,-1,0.0,0.0,0.0,0,0.0,0.0,0,,-1,0,0.0,0.0,0.0,,
1691,8,1,30,1189250,-1,0.0,0.0,0.0,0,0.0,0.0,0,,-1,0,0.0,0.0,0.0,,
1692,8,1,30,1193054,-1,0.0,0.0,0.0,0,0.0,0.0,0,,-1,0,0.0,0.0,0.0,,
1693,8,1,30,1194421,-1,0.0,0.0,0.0,0,0.0,0.0,0,,-1,0,0.0,0.0,0.0,,
1694,8,1,30,1195571,-1,0.0,0.0,0.0,0,0.0,0.0,0,,-1,0,0.0,0.0,0.0,,
1695,8,1,30,1197584,-1,0.0,0.0,0.0,0,0.0,0.0,0,,-1,0,0.0,0.0,0.0,,
1696,8,1,30,1198000,-1,0.0,0.0,0.0,0,0.0,0.0,0,,-1,0,0.0,0.0,0.0,,
1697,8,1,30,1198102,-1,0.0,0.0,0.0,0,0.0,0.0,0,,-1,0,0.0,0.0,0.0,,
1698,8,1,30,1195029,-1,0.0,0.0,0.0,0,0.0,0.0,0,,-1,0,0.0,0.0,0.0,,
1699,8,1,30,1195047,-1,0.0,0.0,0.0,0,0.0,0.0,0,,-1,0,0.0,0.0,0.0,,
1700,8,1,30,1195603,-1,0.0,0.0,0.0,0,0.0,0.0,0,,-1,0,0.0,0.0,0.0,,
1701,8,1,30,1195827,-1,0.0,0.0,0.0,0,0.0,0.0,0,,-1,0,0.0,0.0,0.0,,
1702,8,1,30,1197394,-1,0.0,0.0,0.0,0,0.0,0.0,0,,-1,0,0.0,0.0,0.0,,
1703,8,1,30,1180278,-1,0.0,0.0,0.0,0,0.0,0.0,0,,-1,0,0.0,0.0,0.0,,
1704,8,1,30,1198081,-1,0.0,0.0,0.0,0,0.0,0.0,0,,-1,0,0.0,0.0,0.0,,
1705,8,1,30,1199198,-1,0.0,0.0,0.0,0,0.0,0.0,0,,-1,0,0.0,0.0,0.0,,
1706,8,1,30,1199416,-1,0.0,0.0,0.0,0,0.0,0.0,0,,-1,0,0.0,0.0,0.0,,
1707,8,1,30,1199832,-1,0.0,0.0,0.0,0,0.0,0.0,0,,-1,0,0.0,0.0,0.0,,
1708,8,1,30,1200109,-1,0.0,0.0,0.0,0,0.0,0.0,0,,-1,0,0.0,0.0,0.0,,
1709,8,1,30,1198140,-1,0.0,0.0,0.0,0,0.0,0.0,0,,-1,0,0.0,0.0,0.0,,
1710,8,1,30,1198245,-1,0.0,0.0,0.0,0,0.0,0.0,0,,-1,0,0.0,0.0,0.0,,
1711,8,1,30,1199788,-1,0.0,0.0,0.0,0,0.0,0.0,0,,-1,0,0.0,0.0,0.0,,
1712,8,1,30,1201334,-1,0.0,0.0,0.0,0,0.0,0.0,0,,-1,0,0.0,0.0,0.0,,
1713,8,1,30,1201394,-1,0.0,0.0,0.0,0,0.0,0.0,0,,-1,0,0.0,0.0,0.0,,
1714,40,1,120,537,-1,0.0,0.0,0.0,0,0.0,0.0,0,,-1,0,0.0,0.0,0.0,,"BN:101,-2####"
1715,1,1,60,212818,-1,0.0,0.0,0.0,0,0.0,0.0,0,79918665556,-1,0,0.0,0.0,0.0,,"BN:32,-2####"
1716,4,1,60,212818,-1,0.0,0.0,0.0,0,0.0,0.0,0,79914404539,-1,0,0.0,0.0,0.0,,"BN:48,-2####"
1717,1,1,60,213314,-1,0.0,0.0,0.0,0,0.0,0.0,0,5537291/56,-1,0,0.0,0.0,0.0,,"BN:32,-2####"
1718,8,1,30,1197519,-1,0.0,0.0,0.0,0,0.0,0.0,0,,-1,0,0.0,0.0,0.0,,
1719,8,1,30,1200680,-1,0.0,0.0,0.0,0,0.0,0.0,0,,-1,0,0.0,0.0,0.0,,
1720,40,1,60,213330,-1,0.0,0.0,0.0,0,0.0,0.0,0,910111084245,-1,0,0.0,0.0,0.0,,"BN:101,-2####"
1721,2,1,60,212945,-1,0.0,0.0,0.0,0,0.0,0.0,0,8356250/27,-1,0,0.0,0.0,0.0,,"BN:13,-2####"
1722,8,1,30,1198365,-1,0.0,0.0,0.0,0,0.0,0.0,0,,-1,0,0.0,0.0,0.0,,
1723,8,1,30,1200852,-1,0.0,0.0,0.0,0,0.0,0.0,0,,-1,0,0.0,0.0,0.0,,
1724,8,1,30,1188835,-1,0.0,0.0,0.0,0,0.0,0.0,0,,-1,0,0.0,0.0,0.0,,
1725,8,1,30,1200978,-1,0.0,0.0,0.0,0,0.0,0.0,0,,-1,0,0.0,0.0,0.0,,
1726,8,1,30,1201294,-1,0.0,0.0,0.0,0,0.0,0.0,0,,-1,0,0.0,0.0,0.0,,
1727,8,1,30,1202424,-1,0.0,0.0,0.0,0,0.0,0.0,0,,-1,0,0.0,0.0,0.0,,
1728,8,1,30,1202669,-1,0.0,0.0,0.0,0,0.0,0.0,0,,-1,0,0.0,0.0,0.0,,
1729,8,1,30,1202901,-1,0.0,0.0,0.0,0,0.0,0.0,0,,-1,0,0.0,0.0,0.0,,
1730,8,1,30,1199695,-1,0.0,0.0,0.0,0,0.0,0.0,0,,-1,0,0.0,0.0,0.0,,
1731,1,1,60,212969,-1,-0.0573,0.0,0.0,0,0.0,0.0,0,19929909114,-1,0,0.0,0.0,0.0,,"BN:32,-2####"
1732,7,1,81,538,-1,0.0,0.0,0.0,0,0.0,0.0,1,,-1,0,0.0,0.0,0.0,,
1733,1,1,50,121455,-1,0.0,0.0,0.0,0,0.0,0.0,0,,-1,0,0.0,0.0,0.0,,
1734,1,1,50,121991,-1,0.0,0.0,0.0,0,0.0,0.0,0,,-1,0,0.0,0.0,0.0,,
1735,4,1,60,212969,-1,0.0,0.0,0.0,0,0.0,0.0,0,19930034186,-1,0,0.0,0.0,0.0,,"BN:48,-2####"
1736,40,1,60,212969,-1,0.0,0.0,0.0,0,0.0,0.0,0,19930087466,-1,0,0.0,0.0,0.0,,"BN:101,-2####"
1737,1,1,50,100374,-1,0.0,0.0,0.0,0,0.0,0.0,0,,-1,0,0.0,0.0,0.0,,
1738,1,1,50,101126,-1,0.0,0.0,0.0,0,0.0,0.0,0,,-1,0,0.0,0.0,0.0,,
1739,7,1,81,539,-1,0.0,0.0,0.0,0,0.0,0.0,1,,-1,0,0.0,0.0,0.0,,
1740,7,1,81,540,-1,0.0,0.0,0.0,0,0.0,0.0,1,,-1,0,0.0,0.0,0.0,,
1741,14,1,81,538,-1,0.0,0.0,0.0,0,0.0,0.0,1,,-1,0,0.0,0.0,0.0,,
1742,14,1,81,539,-1,0.0,0.0,0.0,0,0.0,0.0,1,,-1,0,0.0,0.0,0.0,,
1743,14,1,81,541,-1,0.0,0.0,0.0,0,0.0,0.0,1,,-1,0,0.0,0.0,0.0,,
1744,4,1,60,215613,-1,0.0,0.0,0.0,0,0.0,0.0,0,11300832,-1,0,0.0,0.0,0.0,,"BN:48,-2####"
1745,4,1,50,104519,-1,0.0,0.0,0.0,0,0.0,0.0,0,,-1,0,0.0,0.0,0.0,,
1746,8,1,30,1208581,-1,0.0,0.0,0.0,0,0.0,0.0,0,,-1,0,0.0,0.0,0.0,,
1747,1,1,50,100176,-1,0.0,0.0,0.0,0,0.0,0.0,0,,-1,0,0.0,0.0,0.0,,"BN:95,-2####"
1748,2,1,50,122025,-1,0.0,0.0,0.0,0,0.0,0.0,0,,-1,0,0.0,0.0,0.0,,"BN:13,-2####"
1749,7,1,81,541,-1,0.0,0.0,0.0,0,0.0,0.0,0,,-1,0,0.0,0.0,0.0,,
1750,8,1,81,549,-1,0.0,0.0,0.0,0,0.0,0.0,0,,-1,0,0.0,0.0,0.0,,
1751,40,1,50,121455,-1,0.0,0.0,0.0,0,0.0,0.0,0,,-1,0,0.0,0.0,0.0,,"BN:102,-2####"
1752,12,1,30,1223562,-1,0.0,0.0,0.0,0,0.0,0.0,0,,-1,0,0.0,0.0,0.0,,
1753,8,1,30,1219117,-1,0.0,0.0,0.0,0,0.0,0.0,0,,-1,0,0.0,0.0,0.0,,
1754,1,1,60,215613,-1,1066.554,55802.56,0.0,0,0.0,0.0,0,11553370,-1,0,0.0,0.0,0.0,,"BN:32,-2####"
1755,4,1,60,215613,-1,0.005,0.25,0.0,0,0.0,0.0,0,11554985,-1,0,0.0,0.0,0.0,,"BN:48,-2####"
1756,8,1,30,1209702,-1,0.0,0.0,0.0,0,0.0,0.0,0,,-1,0,0.0,0.0,0.0,,
1757,40,1,60,215613,-1,0.002,0.11,0.0,0,0.0,0.0,0,11603480,-1,0,0.0,0.0,0.0,,"BN:101,-2####"
1758,40,1,50,104511,-1,0.0,0.0,0.0,4,0.0,0.0,0,,-1,0,-4518.5,0.0,0.0,,"BN:102,-2####"
1759,1,1,60,213971,-1,0.0,0.0,0.0,0,0.0,0.0,0,5107432726,-1,0,0.0,0.0,0.0,,"BN:100007,-1####"
1760,7,1,81,553,-1,0.0,0.0,0.0,0,0.0,0.0,1,,-1,0,0.0,0.0,0.0,,
1761,7,1,81,554,-1,0.0,0.0,0.0,0,0.0,0.0,1,,-1,0,0.0,0.0,0.0,,
1762,14,1,81,555,-1,0.0,0.0,0.0,0,0.0,0.0,1,,-1,0,0.0,0.0,0.0,,
1763,14,1,81,556,-1,0.0,0.0,0.0,0,0.0,0.0,1,,-1,0,0.0,0.0,0.0,,
1764,14,1,81,554,-1,0.0,0.0,0.0,0,0.0,0.0,1,,-1,0,0.0,0.0,0.0,,
1765,14,1,81,553,-1,0.0,0.0,0.0,0,0.0,0.0,1,,-1,0,0.0,0.0,0.0,,
1766,8,1,30,1225248,-1,0.0,0.0,0.0,0,0.0,0.0,0,,-1,0,0.0,0.0,0.0,,
1767,8,1,30,1218397,-1,0.0,0.0,0.0,0,0.0,0.0,0,,-1,0,0.0,0.0,0.0,,
1768,8,1,30,1220924,-1,0.0,0.0,0.0,0,0.0,0.0,0,,-1,0,0.0,0.0,0.0,,
1769,8,1,81,557,-1,0.0,0.0,0.0,0,0.0,0.0,0,,-1,0,0.0,0.0,0.0,,
1770,8,1,81,558,-1,0.0,0.0,0.0,0,0.0,0.0,0,,-1,0,0.0,0.0,0.0,,
1771,8,1,81,559,-1,0.0,0.0,0.0,0,0.0,0.0,0,,-1,0,0.0,0.0,0.0,,
1772,8,1,81,560,-1,0.0,0.0,0.0,0,0.0,0.0,0,,-1,0,0.0,0.0,0.0,,
1773,8,1,81,561,-1,0.0,0.0,0.0,0,0.0,0.0,0,,-1,0,0.0,0.0,0.0,,
1774,8,1,81,562,-1,0.0,0.0,0.0,0,0.0,0.0,0,,-1,0,0.0,0.0,0.0,,
1775,8,1,81,563,-1,0.0,0.0,0.0,0,0.0,0.0,0,,-1,0,0.0,0.0,0.0,,
1776,8,1,81,564,-1,0.0,0.0,0.0,0,0.0,0.0,0,,-1,0,0.0,0.0,0.0,,
1777,8,1,81,565,-1,0.0,0.0,0.0,0,0.0,0.0,0,,-1,0,0.0,0.0,0.0,,
1778,8,1,81,566,-1,0.0,0.0,0.0,0,0.0,0.0,0,,-1,0,0.0,0.0,0.0,,
1779,8,1,81,567,-1,0.0,0.0,0.0,0,0.0,0.0,0,,-1,0,0.0,0.0,0.0,,
1780,8,1,81,568,-1,0.0,0.0,0.0,0,0.0,0.0,0,,-1,0,0.0,0.0,0.0,,
1781,8,1,81,569,-1,0.0,0.0,0.0,0,0.0,0.0,0,,-1,0,0.0,0.0,0.0,,
1782,8,1,81,570,-1,0.0,0.0,0.0,0,0.0,0.0,0,,-1,0,0.0,0.0,0.0,,
1783,8,1,81,571,-1,0.0,0.0,0.0,0,0.0,0.0,0,,-1,0,0.0,0.0,0.0,,
1784,8,1,81,572,-1,0.0,0.0,0.0,0,0.0,0.0,0,,-1,0,0.0,0.0,0.0,,
1785,8,1,81,573,-1,0.0,0.0,0.0,0,0.0,0.0,0,,-1,0,0.0,0.0,0.0,,
1786,8,1,81,574,-1,0.0,0.0,0.0,0,0.0,0.0,0,,-1,0,0.0,0.0,0.0,,
1787,8,1,81,575,-1,0.0,0.0,0.0,0,0.0,0.0,0,,-1,0,0.0,0.0,0.0,,
1788,8,1,81,576,-1,0.0,0.0,0.0,0,0.0,0.0,0,,-1,0,0.0,0.0,0.0,,
1789,8,1,81,577,-1,0.0,0.0,0.0,0,0.0,0.0,0,,-1,0,0.0,0.0,0.0,,
1790,8,1,81,578,-1,0.0,0.0,0.0,0,0.0,0.0,0,,-1,0,0.0,0.0,0.0,,
1791,8,1,81,543,-1,0.0,0.0,0.0,0,0.0,0.0,0,,-1,0,0.0,0.0,0.0,,
1792,8,1,81,544,-1,0.0,0.0,0.0,0,0.0,0.0,0,,-1,0,0.0,0.0,0.0,,
1793,8,1,81,545,-1,0.0,0.0,0.0,0,0.0,0.0,0,,-1,0,0.0,0.0,0.0,,
1794,8,1,81,546,-1,0.0,0.0,0.0,0,0.0,0.0,0,,-1,0,0.0,0.0,0.0,,
1795,8,1,81,542,-1,0.0,0.0,0.0,0,0.0,0.0,0,,-1,0,0.0,0.0,0.0,,
1796,8,1,81,547,-1,0.0,0.0,0.0,0,0.0,0.0,0,,-1,0,0.0,0.0,0.0,,
1797,8,1,81,548,-1,0.0,0.0,0.0,0,0.0,0.0,0,,-1,0,0.0,0.0,0.0,,
1798,8,1,81,579,-1,0.0,0.0,0.0,0,0.0,0.0,0,,-1,0,0.0,0.0,0.0,,
1799,8,1,81,580,-1,0.0,0.0,0.0,0,0.0,0.0,0,,-1,0,0.0,0.0,0.0,,
1800,8,1,81,581,-1,0.0,0.0,0.0,0,0.0,0.0,1,,-1,0,0.0,0.0,0.0,,
1801,8,1,81,582,-1,0.0,0.0,0.0,0,0.0,0.0,0,,-1,0,0.0,0.0,0.0,,
1802,8,1,81,583,-1,0.0,0.0,0.0,0,0.0,0.0,0,,-1,0,0.0,0.0,0.0,,
1803,8,1,81,584,-1,0.0,0.0,0.0,0,0.0,0.0,1,,-1,0,0.0,0.0,0.0,,
1804,8,1,81,585,-1,0.0,0.0,0.0,0,0.0,0.0,0,,-1,0,0.0,0.0,0.0,,
1805,8,1,81,586,-1,0.0,0.0,0.0,0,0.0,0.0,0,,-1,0,0.0,0.0,0.0,,
1806,8,1,81,587,-1,0.0,0.0,0.0,0,0.0,0.0,0,,-1,0,0.0,0.0,0.0,,
1807,8,1,81,588,-1,0.0,0.0,0.0,0,0.0,0.0,0,,-1,0,0.0,0.0,0.0,,
1808,8,1,81,589,-1,0.0,0.0,0.0,0,0.0,0.0,0,,-1,0,0.0,0.0,0.0,,
1809,14,1,81,590,-1,0.0,0.0,0.0,0,0.0,0.0,1,,-1,0,0.0,0.0,0.0,,
1810,4,1,70,591,-1,0.0,0.0,0.0,0,0.0,0.0,0,,-1,0,0.0,0.0,0.0,,
1811,4,1,70,592,-1,0.0,0.0,0.0,0,0.0,0.0,0,,-1,0,0.0,0.0,0.0,,"BN:48,-2####"
1812,4,1,70,593,-1,0.0,0.0,0.0,0,0.0,0.0,0,,-1,0,0.0,0.0,0.0,,"BN:48,-2####"
1813,2,1,70,594,-1,0.0,0.0,0.0,0,0.0,0.0,0,,-1,0,0.0,0.0,0.0,,"BN:13,-2####"
1814,2,1,70,595,-1,0.0,0.0,0.0,0,0.0,0.0,0,,-1,0,0.0,0.0,0.0,,"BN:13,-2####"
1815,35,1,70,596,-1,0.0,0.0,0.0,0,0.0,0.0,0,,-1,0,0.0,0.0,0.0,,"BN:71,-2####"
1816,7,1,81,590,-1,0.0,0.0,0.0,0,0.0,0.0,1,,-1,0,0.0,0.0,0.0,,
1817,8,1,81,597,-1,0.0,0.0,0.0,0,0.0,0.0,0,,-1,0,0.0,0.0,0.0,,
1818,4,1,60,224110,-1,93.948,5056.34,0.0,29,0.0,0.0,0,6583963/27,-1,0,9271.96000000002,0.0,0.0,,"BN:48,-2####"
1819,1,1,70,598,-1,0.0,0.0,0.0,0,0.0,0.0,0,,-1,0,0.0,0.0,0.0,,"BN:32,-2####"
1820,1,1,50,121218,-1,0.0,0.0,0.0,0,0.0,0.0,0,,-1,0,0.0,0.0,0.0,,
1821,1,1,95,599,-1,0.0,0.0,0.0,0,0.0,0.0,0,,-1,0,0.0,0.0,0.0,,"BN:32,-2####"
1822,40,1,50,100176,-1,0.0,0.0,0.0,0,0.0,0.0,0,,-1,0,0.0,0.0,0.0,,"BN:102,-2####"
1823,2,1,40,426732,-1,0.0,0.0,0.0,0,0.0,0.0,0,,-1,0,0.0,0.0,0.0,,"BN:97,-2####"
1824,4,1,95,600,-1,0.0,0.0,0.0,0,0.0,0.0,0,,-1,0,0.0,0.0,0.0,,"BN:48,-2####"
1825,2,1,95,601,-1,0.0,0.0,0.0,0,0.0,0.0,0,,-1,0,0.0,0.0,0.0,,"BN:13,-2####"
1826,1,1,95,602,-1,0.0,0.0,0.0,0,0.0,0.0,0,,-1,0,0.0,0.0,0.0,,"BN:32,-2####"
1827,1,1,50,100080,-1,0.0,0.0,0.0,0,0.0,0.0,0,,-1,0,0.0,0.0,0.0,,
1828,1,1,50,105939,-1,0.0,0.0,0.0,0,0.0,0.0,0,,-1,0,0.0,0.0,0.0,,
1829,2,1,60,215613,-1,0.0,0.0,0.0,0,0.0,0.0,0,12192424,-1,0,0.0,0.0,0.0,,"BN:13,-2####"
1830,2,1,50,100340,-1,0.0,0.0,0.0,0,0.0,0.0,0,,-1,0,0.0,0.0,0.0,,
1831,2,1,60,212969,-1,-0.001,0.0,0.0,0,0.0,0.0,0,19936679396,-1,0,0.0,0.0,0.0,,"BN:13,-2####"
1832,14,1,81,603,-1,0.0,0.0,0.0,0,0.0,0.0,0,,-1,0,0.0,0.0,0.0,,
1833,14,1,81,604,-1,0.0,0.0,0.0,0,0.0,0.0,1,,-1,0,0.0,0.0,0.0,,
1834,14,1,81,605,-1,0.0,0.0,0.0,0,0.0,0.0,1,,-1,0,0.0,0.0,0.0,,
1835,2,1,60,215613,-1,0.0,0.0,0.0,0,0.0,0.0,0,11562458,-1,0,0.0,0.0,0.0,,"BN:13,-2####"
1836,1,1,50,100023,-1,0.0,0.0,0.0,0,0.0,0.0,0,,-1,0,0.0,0.0,0.0,,
1837,1,1,70,606,-1,0.0,0.0,0.0,0,0.0,0.0,0,,-1,0,0.0,0.0,0.0,,
1838,1,1,115,607,-1,0.0,0.0,0.0,0,0.0,0.0,0,,-1,0,0.0,0.0,0.0,,"BN:32,-2####"
1839,1,1,115,608,-1,0.0,0.0,0.0,0,0.0,0.0,0,,-1,0,0.0,0.0,0.0,,"BN:32,-2####"
1840,7,1,81,609,-1,0.0,0.0,0.0,0,0.0,0.0,1,,-1,0,0.0,0.0,0.0,,
1841,2,1,50,105907,-1,0.0,0.0,0.0,2,0.0,0.0,0,,-1,0,-2122.06,0.0,0.0,,"BN:97,-2####"
1842,1,1,115,610,-1,0.0,85023.56,0.0,2,85023.56,24.94,0,,-1,0,0.0,0.0,0.0,,"BN:95,-2####"
1843,7,1,81,615,-1,0.0,0.0,0.0,0,0.0,0.0,0,,-1,0,0.0,0.0,0.0,,
1844,7,1,81,616,-1,0.0,0.0,0.0,0,0.0,0.0,0,,-1,0,0.0,0.0,0.0,,
1845,7,1,81,617,-1,0.0,0.0,0.0,0,0.0,0.0,0,,-1,0,0.0,0.0,0.0,,
1846,7,1,81,618,-1,0.0,0.0,0.0,0,0.0,0.0,0,,-1,0,0.0,0.0,0.0,,
1847,7,1,81,611,-1,0.0,0.0,0.0,0,0.0,0.0,0,,-1,0,0.0,0.0,0.0,,
1848,7,1,81,613,-1,0.0,0.0,0.0,0,0.0,0.0,0,,-1,0,0.0,0.0,0.0,,
1849,7,1,81,619,-1,0.0,0.0,0.0,0,0.0,0.0,0,,-1,0,0.0,0.0,0.0,,
1850,7,1,81,620,-1,0.0,0.0,0.0,0,0.0,0.0,1,,-1,0,0.0,0.0,0.0,,
1851,7,1,81,612,-1,0.0,0.0,0.0,0,0.0,0.0,1,,-1,0,0.0,0.0,0.0,,
1852,7,1,81,614,-1,0.0,0.0,0.0,0,0.0,0.0,1,,-1,0,0.0,0.0,0.0,,
1853,7,1,81,550,-1,0.0,0.0,0.0,0,0.0,0.0,0,,-1,0,0.0,0.0,0.0,,
1854,7,1,81,551,-1,0.0,0.0,0.0,0,0.0,0.0,0,,-1,0,0.0,0.0,0.0,,
1855,7,1,81,621,-1,0.0,0.0,0.0,0,0.0,0.0,0,,-1,0,0.0,0.0,0.0,,
1856,7,1,81,622,-1,0.0,0.0,0.0,0,0.0,0.0,0,,-1,0,0.0,0.0,0.0,,
1857,7,1,81,623,-1,0.0,0.0,0.0,0,0.0,0.0,0,,-1,0,0.0,0.0,0.0,,
1858,7,1,81,624,-1,0.0,0.0,0.0,0,0.0,0.0,0,,-1,0,0.0,0.0,0.0,,
1859,35,1,60,214000,-1,0.0,0.0,0.0,1,0.0,0.0,0,51010979693,-1,0,99614.99,0.0,0.0,,"BN:71,-2####"
1860,14,1,81,614,-1,0.0,0.0,0.0,0,0.0,0.0,1,,-1,0,0.0,0.0,0.0,,
1861,14,1,81,612,-1,0.0,0.0,0.0,0,0.0,0.0,1,,-1,0,0.0,0.0,0.0,,
1862,14,1,81,613,-1,0.0,0.0,0.0,0,0.0,0.0,0,,-1,0,0.0,0.0,0.0,,
1863,14,1,81,609,-1,0.0,0.0,0.0,0,0.0,0.0,1,,-1,0,0.0,0.0,0.0,,
1864,14,1,81,611,-1,0.0,0.0,0.0,0,0.0,0.0,0,,-1,0,0.0,0.0,0.0,,
1865,14,1,81,616,-1,0.0,0.0,0.0,0,0.0,0.0,0,,-1,0,0.0,0.0,0.0,,
1866,14,1,81,618,-1,0.0,0.0,0.0,0,0.0,0.0,0,,-1,0,0.0,0.0,0.0,,
1867,14,1,81,619,-1,0.0,0.0,0.0,0,0.0,0.0,0,,-1,0,0.0,0.0,0.0,,
1868,14,1,81,625,-1,0.0,0.0,0.0,0,0.0,0.0,0,,-1,0,0.0,0.0,0.0,,
1869,14,1,81,626,-1,0.0,0.0,0.0,0,0.0,0.0,0,,-1,0,0.0,0.0,0.0,,
1870,14,1,81,550,-1,0.0,0.0,0.0,0,0.0,0.0,0,,-1,0,0.0,0.0,0.0,,
1871,40,1,50,104474,-1,0.0,0.0,0.0,0,0.0,0.0,0,,-1,0,0.0,0.0,0.0,,
1872,2,1,60,224110,-1,0.0,0.0,0.0,1,0.0,0.0,0,7480766/10,-1,0,8143.26,0.0,0.0,,"BN:13,-2####"
1873,7,1,81,627,-1,0.0,0.0,0.0,0,0.0,0.0,0,,-1,0,0.0,0.0,0.0,,
1874,8,1,81,628,-1,0.0,0.0,0.0,0,0.0,0.0,0,,-1,0,0.0,0.0,0.0,,
1875,8,1,81,629,-1,0.0,0.0,0.0,0,0.0,0.0,0,,-1,0,0.0,0.0,0.0,,
1876,2,1,115,607,-1,0.0,0.0,0.0,0,0.0,0.0,0,,-1,0,0.0,0.0,0.0,,"BN:13,-2####"
1877,14,1,81,627,-1,0.0,0.0,0.0,0,0.0,0.0,0,,-1,0,0.0,0.0,0.0,,
1878,2,1,50,100704,-1,0.0,0.0,0.0,0,0.0,0.0,0,,-1,0,0.0,0.0,0.0,,"BN:97,-2####"
1879,2,1,50,121898,-1,0.0,0.0,0.0,0,0.0,0.0,0,,-1,0,0.0,0.0,0.0,,
1880,2,1,60,229980,-1,0.0,0.0,0.0,0,0.0,0.0,0,19936679396,-1,0,0.0,0.0,0.0,,"BN:13,-2####"
1881,7,1,30,1283782,-1,0.0,0.0,0.0,0,0.0,0.0,0,,-1,0,0.0,0.0,0.0,,
1882,7,1,30,1283832,-1,0.0,0.0,0.0,0,0.0,0.0,0,,-1,0,0.0,0.0,0.0,,
1883,7,1,30,1284394,-1,0.0,0.0,0.0,0,0.0,0.0,0,,-1,0,0.0,0.0,0.0,,
1884,7,1,30,1291077,-1,0.0,0.0,0.0,0,0.0,0.0,0,,-1,0,0.0,0.0,0.0,,
1885,7,1,81,631,-1,0.0,0.0,0.0,0,0.0,0.0,1,,-1,0,0.0,0.0,0.0,,
1886,4,1,60,212818,-1,0.0,0.0,0.0,0,0.0,0.0,0,79955487935,-1,0,0.0,0.0,0.0,,"BN:48,-2####"
1887,7,1,81,632,-1,0.0,0.0,0.0,0,0.0,0.0,1,,-1,0,0.0,0.0,0.0,,
1888,7,1,81,633,-1,0.0,0.0,0.0,0,0.0,0.0,1,,-1,0,0.0,0.0,0.0,,
1889,2,1,60,212818,-1,0.0,0.0,0.0,0,0.0,0.0,0,79955482266 / 0,-1,0,0.0,0.0,0.0,,"BN:13,-2####"
1890,4,1,50,100246,-1,0.0,0.0,0.0,0,0.0,0.0,0,,-1,0,0.0,0.0,0.0,,
1891,4,1,50,105835,-1,0.0,0.0,0.0,0,0.0,0.0,0,,-1,0,0.0,0.0,0.0,,
1892,4,1,50,106129,-1,0.0,0.0,0.0,0,0.0,0.0,0,,-1,0,0.0,0.0,0.0,,
1893,4,1,50,122242,-1,0.0,0.0,0.0,0,0.0,0.0,0,,-1,0,0.0,0.0,0.0,,"BN:48,-2####"
1894,4,1,50,121898,-1,0.0,0.0,0.0,0,0.0,0.0,0,,-1,0,0.0,0.0,0.0,,
1895,1,1,50,100704,-1,0.0,0.0,0.0,0,0.0,0.0,0,,-1,0,0.0,0.0,0.0,,"BN:95,-2####"
1896,1,1,115,634,-1,0.0,0.0,0.0,0,0.0,0.0,0,,-1,0,0.0,0.0,0.0,,"BN:32,-2####"
1897,7,1,81,635,-1,0.0,0.0,0.0,0,0.0,0.0,1,,-1,0,0.0,0.0,0.0,,
1898,7,1,81,636,-1,0.0,0.0,0.0,0,0.0,0.0,1,,-1,0,0.0,0.0,0.0,,
1899,4,1,50,121631,-1,0.0,0.0,0.0,0,0.0,0.0,0,,-1,0,0.0,0.0,0.0,,
1900,40,1,115,637,-1,0.0,0.0,0.0,0,0.0,0.0,0,,-1,0,0.0,0.0,0.0,,"BN:101,-2####"
1901,1,1,115,638,-1,0.0,0.0,0.0,0,0.0,0.0,0,,-1,0,0.0,0.0,0.0,,"BN:32,-2####"
1902,40,1,115,639,-1,0.0,0.0,0.0,0,0.0,0.0,0,,-1,0,0.0,0.0,0.0,,"BN:101,-2####"
1903,4,1,50,103475,-1,0.0,0.0,0.0,4,0.0,0.0,0,,-1,0,11283.77,0.0,0.0,,"BN:48,-2####"
1904,2,1,115,608,-1,0.0,0.0,0.0,0,0.0,0.0,0,,-1,0,0.0,0.0,0.0,,"BN:13,-2####"
1905,2,1,115,638,-1,0.0,0.0,0.0,0,0.0,0.0,0,,-1,0,0.0,0.0,0.0,,"BN:13,-2####"
1906,1,1,70,640,-1,0.0,0.0,0.0,0,0.0,0.0,0,,-1,0,0.0,0.0,0.0,,"BN:32,-2####"
1907,1,1,115,637,-1,0.0,0.0,0.0,0,0.0,0.0,0,,-1,0,0.0,0.0,0.0,,"BN:32,-2####"
1908,4,1,60,229980,-1,0.0,0.0,0.0,0,0.0,0.0,0,19930034186,-1,0,0.0,0.0,0.0,,"BN:48,-2####"
1909,4,1,60,212781,-1,0.0,0.0,0.0,1,0.0,0.0,0,499266851405 / 0,-1,0,209054.54,0.0,0.0,,"BN:48,-2####"
1910,4,1,60,213950,-1,0.0,0.0,0.0,1,0.0,0.0,0,51014331091 / 0,-1,0,80694.12,0.0,0.0,,"BN:48,-2####"
1911,40,1,50,100290,-1,0.0,0.0,0.0,0,0.0,0.0,0,,-1,0,0.0,0.0,0.0,,
1912,2,1,50,104669,-1,0.0,0.0,0.0,0,0.0,0.0,0,,-1,0,0.0,0.0,0.0,,
1913,2,1,50,105721,-1,0.0,0.0,0.0,0,0.0,0.0,0,,-1,0,0.0,0.0,0.0,,
1914,7,1,81,641,-1,0.0,0.0,0.0,0,0.0,0.0,1,,-1,0,0.0,0.0,0.0,,
1915,7,1,81,642,-1,0.0,0.0,0.0,0,0.0,0.0,1,,-1,0,0.0,0.0,0.0,,
1916,2,1,50,104558,-1,0.0,0.0,0.0,0,0.0,0.0,0,,-1,0,0.0,0.0,0.0,,
1917,7,1,81,643,-1,0.0,0.0,0.0,0,0.0,0.0,1,,-1,0,0.0,0.0,0.0,,
1918,40,1,50,100006,-1,0.0,0.0,0.0,0,0.0,0.0,0,,-1,0,0.0,0.0,0.0,,
1919,40,1,50,100078,-1,0.0,0.0,0.0,0,0.0,0.0,0,,-1,0,0.0,0.0,0.0,,
1920,40,1,50,104509,-1,0.0,0.0,0.0,2,0.0,0.0,0,,-1,0,29921.0,0.0,0.0,,"BN:102,-2####"
1921,1,1,50,100290,-1,0.0,0.0,0.0,0,0.0,0.0,0,,-1,0,0.0,0.0,0.0,,
1922,40,1,50,100704,-1,0.0,0.0,0.0,0,0.0,0.0,0,,-1,0,0.0,0.0,0.0,,"BN:102,-2####"
1923,2,1,60,213330,-1,0.0,0.0,0.0,0,0.0,0.0,0,910158657572,-1,0,0.0,0.0,0.0,,"BN:114,-2####"
1924,2,1,60,213538,-1,8.485,37228.39,0.0,1,0.0,0.0,0,7480766 / 10,-1,0,0.0,0.0,0.0,,"BN:97,-2####"
1925,7,1,81,644,-1,0.0,0.0,0.0,0,0.0,0.0,1,,-1,0,0.0,0.0,0.0,,
1926,2,1,50,121845,-1,0.0,0.0,0.0,0,0.0,0.0,0,,-1,0,0.0,0.0,0.0,,
1927,40,1,60,229980,-1,0.0,0.0,0.0,0,0.0,0.0,0,19930087466 / 0,-1,0,0.0,0.0,0.0,,"BN:101,-2####"
1928,2,1,115,639,-1,0.0,0.0,0.0,0,0.0,0.0,0,,-1,0,0.0,0.0,0.0,,"BN:13,-2####"
1929,41,1,81,643,-1,0.0,0.0,0.0,0,0.0,0.0,1,,-1,0,0.0,0.0,0.0,,
1930,2,1,50,100407,-1,100.0,61971.3,0.0,8,0.0,0.0,0,,-1,0,164890.65,0.0,0.0,,"BN:97,-2####"
1931,40,1,50,100148,-1,0.0,0.0,0.0,2,0.0,0.0,0,,-1,0,-2297.45,0.0,0.0,,"BN:102,-2####"
1932,7,1,81,645,-1,0.0,0.0,0.0,0,0.0,0.0,1,,-1,0,0.0,0.0,0.0,,
1933,7,1,81,646,-1,0.0,0.0,0.0,0,0.0,0.0,1,,-1,0,0.0,0.0,0.0,,
1934,40,1,50,100407,-1,50.0,35350.0,0.0,3,0.0,0.0,0,,-1,0,31962.0,0.0,0.0,,"BN:102,-2####"
1935,40,1,50,106129,-1,0.0,0.0,0.0,2,0.0,0.0,0,,-1,0,2031.4,0.0,0.0,,"BN:102,-2####"
1936,11,1,81,647,-1,0.0,0.0,0.0,0,0.0,0.0,1,,-1,0,0.0,0.0,0.0,,
1937,4,1,115,637,-1,0.0,0.0,0.0,0,0.0,0.0,0,,-1,0,0.0,0.0,0.0,,"BN:48,-2####"
1938,11,1,81,648,-1,0.0,0.0,0.0,0,0.0,0.0,1,,-1,0,0.0,0.0,0.0,,
1939,41,1,81,646,-1,0.0,0.0,0.0,0,0.0,0.0,1,,-1,0,0.0,0.0,0.0,,
1940,11,1,81,649,-1,0.0,0.0,0.0,0,0.0,0.0,1,,-1,0,0.0,0.0,0.0,,
1941,11,1,81,650,-1,0.0,0.0,0.0,0,0.0,0.0,1,,-1,0,0.0,0.0,0.0,,
1942,42,1,81,647,-1,0.0,0.0,0.0,0,0.0,0.0,1,,-1,0,0.0,0.0,0.0,,
1943,42,1,81,648,-1,0.0,0.0,0.0,0,0.0,0.0,1,,-1,0,0.0,0.0,0.0,,
1944,42,1,81,649,-1,0.0,0.0,0.0,0,0.0,0.0,1,,-1,0,0.0,0.0,0.0,,
1945,35,1,50,100517,-1,0.0,0.0,0.0,0,0.0,0.0,0,,-1,0,0.0,0.0,0.0,,"BN:68,-2####"
1946,2,1,115,637,-1,0.0,0.0,0.0,0,0.0,0.0,0,,-1,0,0.0,0.0,0.0,,"BN:13,-2####"
1947,2,1,50,100975,-1,0.0,0.0,0.0,0,0.0,0.0,0,,-1,0,0.0,0.0,0.0,,
1948,40,1,60,213970,-1,2686.153,180000.0,0.0,0,0.0,0.0,0,51017464005 / 0,-1,0,0.0,0.0,0.0,,"BN:101,-2####"
1949,2,1,40,426785,-1,25.0,127004.9,0.0,2,0.0,0.0,0,,-1,0,0.0,0.0,0.0,,"BN:97,-2####"
1950,35,1,50,121858,-1,0.0,0.0,0.0,0,0.0,0.0,0,,-1,0,0.0,0.0,0.0,,
1951,42,1,81,651,-1,0.0,0.0,0.0,0,0.0,0.0,1,,-1,0,0.0,0.0,0.0,,
1952,35,1,50,105907,-1,0.0,0.0,0.0,2,0.0,0.0,0,,-1,0,6613.26,0.0,0.0,,"BN:68,-2####"
1953,11,1,81,651,-1,0.0,0.0,0.0,0,0.0,0.0,1,,-1,0,0.0,0.0,0.0,,
1954,11,1,81,652,-1,0.0,0.0,0.0,0,0.0,0.0,1,,-1,0,0.0,0.0,0.0,,
1955,40,1,50,100346,-1,0.0,0.0,0.0,0,0.0,0.0,0,,-1,0,0.0,0.0,0.0,,"BN:102,-2####"
1956,40,1,50,100374,-1,0.0,0.0,0.0,2,0.0,0.0,0,,-1,0,-391.5,0.0,0.0,,
1957,40,1,50,121845,-1,0.0,0.0,0.0,0,0.0,0.0,0,,-1,0,0.0,0.0,0.0,,
1958,7,1,81,653,-1,0.0,0.0,0.0,0,0.0,0.0,1,,-1,0,0.0,0.0,0.0,,
1959,7,1,81,654,-1,0.0,0.0,0.0,0,0.0,0.0,0,,-1,0,0.0,0.0,0.0,,
1960,40,1,50,121898,-1,0.0,0.0,0.0,0,0.0,0.0,0,,-1,0,0.0,0.0,0.0,,"BN:102,-2####"
1961,42,1,81,652,-1,0.0,0.0,0.0,0,0.0,0.0,1,,-1,0,0.0,0.0,0.0,,
1962,35,1,50,100346,-1,0.0,0.0,0.0,0,0.0,0.0,0,,-1,0,0.0,0.0,0.0,,
1963,1,1,60,213971,-1,0.0,0.0,0.0,0,0.0,0.0,0,51019056414 / 0,-1,0,0.0,0.0,0.0,,"BN:32,-2####"
1964,7,1,81,655,-1,0.0,0.0,0.0,0,0.0,0.0,1,,-1,0,0.0,0.0,0.0,,
1965,41,1,81,655,-1,0.0,0.0,0.0,0,0.0,0.0,1,,-1,0,0.0,0.0,0.0,,
1966,2,1,50,104541,-1,0.0,0.0,0.0,0,0.0,0.0,0,,-1,0,0.0,0.0,0.0,,
1967,1,1,50,103037,-1,0.0,0.0,0.0,0,0.0,0.0,0,,-1,0,0.0,0.0,0.0,,
1968,1,1,50,122242,-1,0.0,0.0,0.0,0,0.0,0.0,0,,-1,0,0.0,0.0,0.0,,"BN:95,-2####"
1969,40,1,50,104471,-1,0.0,0.0,0.0,2,0.0,0.0,0,,-1,0,8816.25,0.0,0.0,,"BN:102,-2####"
1970,40,1,50,122242,-1,0.0,0.0,0.0,0,0.0,0.0,0,,-1,0,0.0,0.0,0.0,,"BN:102,-2####"
1971,40,1,50,103037,-1,0.0,0.0,0.0,0,0.0,0.0,0,,-1,0,0.0,0.0,0.0,,
1972,35,1,50,104471,-1,0.0,0.0,0.0,0,0.0,0.0,0,,-1,0,0.0,0.0,0.0,,"BN:68,-2####"
1973,35,1,50,121898,-1,0.0,0.0,0.0,0,0.0,0.0,0,,-1,0,0.0,0.0,0.0,,"BN:68,-2####"
1974,35,1,50,122242,-1,0.0,0.0,0.0,2,0.0,0.0,0,,-1,0,6313.63,0.0,0.0,,"BN:68,-2####"
1975,7,1,81,656,-1,0.0,0.0,0.0,0,0.0,0.0,1,,-1,0,0.0,0.0,0.0,,
1976,7,1,81,657,-1,0.0,0.0,0.0,0,0.0,0.0,1,,-1,0,0.0,0.0,0.0,,
1977,2,1,50,104471,-1,0.0,0.0,0.0,0,0.0,0.0,0,,-1,0,0.0,0.0,0.0,,"BN:97,-2####"
1978,2,1,50,122242,-1,0.0,0.0,0.0,2,0.0,0.0,0,,-1,0,36010.15,0.0,0.0,,"BN:97,-2####"
1979,40,1,50,104254,-1,0.0,0.0,0.0,2,0.0,0.0,0,,-1,0,14004.0,0.0,0.0,,"BN:102,-2####"
1980,1,1,50,104254,-1,0.0,0.0,0.0,0,0.0,0.0,0,,-1,0,0.0,0.0,0.0,,"BN:95,-2####"
1981,2,1,50,104254,-1,0.0,0.0,0.0,0,0.0,0.0,0,,-1,0,0.0,0.0,0.0,,"BN:97,-2####"
1982,3,1,50,100344,-1,200.0,1000.0,0.0,0,0.0,0.0,0,,-1,0,0.0,0.0,0.0,,
1983,7,1,81,658,-1,0.0,0.0,0.0,0,0.0,0.0,0,,-1,0,0.0,0.0,0.0,,
1984,7,1,81,659,-1,0.0,0.0,0.0,0,0.0,0.0,0,,-1,0,0.0,0.0,0.0,,
1985,7,1,81,660,-1,0.0,0.0,0.0,0,0.0,0.0,0,,-1,0,0.0,0.0,0.0,,
1986,41,1,81,656,-1,0.0,0.0,0.0,0,0.0,0.0,1,,-1,0,0.0,0.0,0.0,,
1987,41,1,81,658,-1,0.0,0.0,0.0,0,0.0,0.0,0,,-1,0,0.0,0.0,0.0,,
1988,1,1,50,122409,-1,0.0,0.0,0.0,0,0.0,0.0,0,,-1,0,0.0,0.0,0.0,,"BN:32,-2####"
1989,11,1,81,661,-1,0.0,0.0,0.0,0,0.0,0.0,0,,-1,0,0.0,0.0,0.0,,
1990,11,1,81,662,-1,0.0,0.0,0.0,0,0.0,0.0,0,,-1,0,0.0,0.0,0.0,,
1991,42,1,81,661,-1,0.0,0.0,0.0,0,0.0,0.0,1,,-1,0,0.0,0.0,0.0,,
1992,42,1,81,662,-1,0.0,0.0,0.0,0,0.0,0.0,1,,-1,0,0.0,0.0,0.0,,
1993,1,1,50,100407,-1,30.0,20149.5,0.0,3,0.0,0.0,0,,-1,0,0.0,0.0,0.0,,"BN:95,-2####"
1994,35,1,50,104251,-1,0.0,0.0,0.0,0,0.0,0.0,0,,-1,0,0.0,0.0,0.0,,
1995,11,1,81,663,-1,0.0,0.0,0.0,0,0.0,0.0,1,,-1,0,0.0,0.0,0.0,,
2095,1,1,60,213950,-1,719.44,175613.42,0.0,0,0.0,0.0,0,51019056414 / 0,-1,0,0.0,0.0,0.0,,"BN:32,-2####"
2096,40,1,60,213968,-1,0.0,0.0,0.0,0,0.0,0.0,0,51017464005 / 0,-1,0,0.0,0.0,0.0,,"BN:101,-2####"
2097,7,1,81,666,-1,0.0,0.0,0.0,0,0.0,0.0,1,,-1,0,0.0,0.0,0.0,,
2098,7,1,81,667,-1,0.0,0.0,0.0,0,0.0,0.0,1,,-1,0,0.0,0.0,0.0,,
2099,42,1,81,663,-1,0.0,0.0,0.0,0,0.0,0.0,1,,-1,0,0.0,0.0,0.0,,
2100,42,1,81,668,-1,0.0,0.0,0.0,0,0.0,0.0,1,,-1,0,0.0,0.0,0.0,,
2101,7,1,81,669,-1,0.0,0.0,0.0,0,0.0,0.0,1,,-1,0,0.0,0.0,0.0,,
2102,11,1,81,668,-1,0.0,0.0,0.0,0,0.0,0.0,1,,-1,0,0.0,0.0,0.0,,
2103,41,1,81,666,-1,0.0,0.0,0.0,0,0.0,0.0,1,,-1,0,0.0,0.0,0.0,,
2104,11,1,81,670,-1,0.0,0.0,0.0,0,0.0,0.0,1,,-1,0,0.0,0.0,0.0,,
2105,11,1,81,671,-1,0.0,0.0,0.0,0,0.0,0.0,1,,-1,0,0.0,0.0,0.0,,
2106,42,1,81,670,-1,0.0,0.0,0.0,0,0.0,0.0,1,,-1,0,0.0,0.0,0.0,,
2107,42,1,81,671,-1,0.0,0.0,0.0,0,0.0,0.0,1,,-1,0,0.0,0.0,0.0,,
2108,7,1,81,672,-1,0.0,0.0,0.0,0,0.0,0.0,1,,-1,0,0.0,0.0,0.0,,
2109,7,1,81,673,-1,0.0,0.0,0.0,0,0.0,0.0,1,,-1,0,0.0,0.0,0.0,,
2110,42,1,81,674,-1,0.0,0.0,0.0,0,0.0,0.0,1,,-1,0,0.0,0.0,0.0,,
2111,42,1,81,675,-1,0.0,0.0,0.0,0,0.0,0.0,1,,-1,0,0.0,0.0,0.0,,
2112,11,1,81,674,-1,0.0,0.0,0.0,0,0.0,0.0,1,,-1,0,0.0,0.0,0.0,,
2113,11,1,81,675,-1,0.0,0.0,0.0,0,0.0,0.0,1,,-1,0,0.0,0.0,0.0,,
2114,7,1,81,676,-1,0.0,0.0,0.0,0,0.0,0.0,1,,-1,0,0.0,0.0,0.0,,
2115,7,1,81,677,-1,0.0,0.0,0.0,0,0.0,0.0,1,,-1,0,0.0,0.0,0.0,,
2116,2,1,60,212781,-1,0.0,0.0,0.0,1,0.0,0.0,0,499279601502 / 0,-1,0,44189.1,0.0,0.0,,"BN:13,-2####"
2117,2,1,60,212724,-1,208.608,50000.0,0.0,0,0.0,0.0,0,32950965,-1,0,0.0,0.0,0.0,,"BN:13,-2####"
2118,2,1,60,212781,-1,0.0,0.0,0.0,1,0.0,0.0,0,499279875595 / 0,-1,0,23220.64,0.0,0.0,,"BN:13,-2####"
2119,2,1,60,213970,-1,0.0,0.0,0.0,1,0.0,0.0,0,51025694454 / 0,-1,0,40888.01,0.0,0.0,,"BN:13,-2####"
2120,2,1,60,213971,-1,0.0,0.0,0.0,0,0.0,0.0,0,51025694444 / 0,-1,0,0.0,0.0,0.0,,"BN:13,-2####"
2121,41,1,81,678,-1,0.0,0.0,0.0,0,0.0,0.0,0,,-1,0,0.0,0.0,0.0,,
2122,41,1,81,672,-1,0.0,0.0,0.0,0,0.0,0.0,1,,-1,0,0.0,0.0,0.0,,
2123,1,1,50,105271,-1,0.0,0.0,0.0,1,0.0,0.0,0,,-1,0,53047.6,0.0,0.0,,
2124,4,1,60,213950,-1,0.0,0.0,0.0,0,0.0,0.0,0,51025980465 / 0,-1,0,0.0,0.0,0.0,,"BN:48,-2####"
2125,4,1,60,213971,-1,0.0,0.0,0.0,0,0.0,0.0,0,51025980475 / 0,-1,0,0.0,0.0,0.0,,"BN:48,-2####"
2126,4,1,60,212724,-1,104.208,25000.0,0.0,0,0.0,0.0,0,33002695,-1,0,0.0,0.0,0.0,,"BN:48,-2####"
2127,40,1,60,212818,-1,0.0,0.0,0.0,0,0.0,0.0,0,79964748286 / 0,-1,0,0.0,0.0,0.0,,"BN:101,-2####"
2128,40,1,60,213970,-1,0.0,0.0,0.0,1,0.0,0.0,0,51025558664 / 0,-1,0,24758.25,0.0,0.0,,"BN:101,-2####"
2129,2,1,60,213968,-1,0.0,0.0,0.0,0,0.0,0.0,0,51025694454 / 0,-1,0,0.0,0.0,0.0,,"BN:13,-2####"
2130,2,1,60,212782,-1,429.871,25000.0,0.0,0,0.0,0.0,0,499279875595 / 0,-1,0,0.0,0.0,0.0,,"BN:13,-2####"
2131,41,1,81,676,-1,0.0,0.0,0.0,0,0.0,0.0,0,,-1,0,0.0,0.0,0.0,,
2132,1,1,60,212782,-1,0.0,0.0,0.0,1,0.0,0.0,0,499280680933 / 0,-1,0,15477.72,0.0,0.0,,"BN:32,-2####"
2133,7,1,81,675,-1,0.0,0.0,0.0,0,0.0,0.0,0,,-1,0,0.0,0.0,0.0,,
2134,1,1,60,213442,-1,0.0,0.0,0.0,0,0.0,0.0,0,21787591 / 95,-1,0,0.0,0.0,0.0,,"BN:32,-2####"
2186,1,1,40,427078,-1,15.0,83858.85,0.0,2,0.0,0.0,0,,-1,0,0.0,0.0,0.0,,"BN:32,-2####"
2187,1,1,40,427087,-1,30.0,168164.95,0.0,2,0.0,0.0,0,,-1,0,0.0,0.0,0.0,,"BN:32,-2####"
2188,1,1,40,426802,-1,5.0,28159.0,0.0,2,0.0,0.0,0,,-1,0,0.0,0.0,0.0,,"BN:32,-2####"
2189,1,1,40,426928,-1,2.0,11259.1,0.0,2,0.0,0.0,0,,-1,0,0.0,0.0,0.0,,"BN:32,-2####"
2190,35,1,40,426928,-1,10.0,56259.45,0.0,2,0.0,0.0,0,,-1,0,0.0,0.0,0.0,,"BN:68,-2####"
2191,35,1,40,426939,-1,10.0,56289.0,0.0,2,0.0,0.0,0,,-1,0,0.0,0.0,0.0,,"BN:68,-2####"
2192,35,1,40,427087,-1,10.0,56368.0,0.0,2,0.0,0.0,0,,-1,0,0.0,0.0,0.0,,"BN:68,-2####"
2193,4,1,40,426928,-1,24.0,135268.66,0.0,2,0.0,0.0,0,,-1,0,0.0,0.0,0.0,,"BN:48,-2####"
2194,4,1,40,427087,-1,10.0,56344.0,0.0,1,0.0,0.0,0,,-1,0,0.0,0.0,0.0,,"BN:48,-2####"
2195,7,1,81,679,-1,0.0,0.0,0.0,0,0.0,0.0,0,,-1,0,0.0,0.0,0.0,,
2196,7,1,81,680,-1,0.0,0.0,0.0,0,0.0,0.0,0,,-1,0,0.0,0.0,0.0,,
2197,40,1,120,681,-1,0.0,0.0,0.0,0,0.0,0.0,0,,-1,0,0.0,0.0,0.0,,
2198,7,1,81,682,-1,0.0,0.0,0.0,0,0.0,0.0,0,,-1,0,0.0,0.0,0.0,,
2199,1,1,40,426931,-1,10.0,56359.0,0.0,2,0.0,0.0,0,,-1,0,0.0,0.0,0.0,,"BN:32,-2####"
2200,1,1,40,426939,-1,17.0,95757.0,0.0,2,0.0,0.0,0,,-1,0,0.0,0.0,0.0,,"BN:32,-2####"
2201,4,1,40,426850,-1,25.0,141097.0,0.0,2,0.0,0.0,0,,-1,0,0.0,0.0,0.0,,"BN:48,-2####"
2202,4,1,40,426939,-1,5.0,28134.0,0.0,2,0.0,0.0,0,,-1,0,0.0,0.0,0.0,,"BN:48,-2####"
2203,1,1,60,212724,-1,482.911,145141.26,0.0,0,0.0,0.0,0,33176140,-1,0,0.0,0.0,0.0,,"BN:32,-2####"
2204,35,1,40,426587,-1,5.0,28209.0,0.0,2,0.0,0.0,0,,-1,0,0.0,0.0,0.0,,"BN:68,-2####"
2205,41,1,81,683,-1,0.0,0.0,0.0,0,0.0,0.0,0,,-1,0,0.0,0.0,0.0,,
2206,42,1,81,679,-1,0.0,0.0,0.0,0,0.0,0.0,0,,-1,0,0.0,0.0,0.0,,
2207,42,1,81,682,-1,0.0,0.0,0.0,0,0.0,0.0,0,,-1,0,0.0,0.0,0.0,,
2208,35,1,60,212724,-1,0.0,0.0,0.0,1,0.0,0.0,0,33269477,-1,0,200135.4,0.0,0.0,,"BN:71,-2####"
2209,1,1,60,212181,-1,0.0,0.0,0.0,5,0.0,0.0,0,21787591/95,-1,0,7895.49999999997,0.0,0.0,,"BN:32,-2####"
2228,1,1,60,213269,-1,0.0,0.0,0.0,0,0.0,0.0,0,499282417663 / 0,-1,0,0.0,0.0,0.0,,"BN:32,-2####"
2229,11,1,81,679,-1,0.0,0.0,0.0,0,0.0,0.0,0,,-1,0,0.0,0.0,0.0,,
2230,11,1,81,684,-1,0.0,0.0,0.0,0,0.0,0.0,1,,-1,0,0.0,0.0,0.0,,
2231,11,1,81,682,-1,0.0,0.0,0.0,0,0.0,0.0,0,,-1,0,0.0,0.0,0.0,,
2232,11,1,81,685,-1,0.0,0.0,0.0,0,0.0,0.0,1,,-1,0,0.0,0.0,0.0,,
2233,11,1,81,677,-1,0.0,0.0,0.0,0,0.0,0.0,0,,-1,0,0.0,0.0,0.0,,
2234,7,1,81,674,-1,0.0,0.0,0.0,0,0.0,0.0,0,,-1,0,0.0,0.0,0.0,,
2235,7,1,81,684,-1,0.0,0.0,0.0,0,0.0,0.0,1,,-1,0,0.0,0.0,0.0,,
2236,7,1,81,685,-1,0.0,0.0,0.0,0,0.0,0.0,1,,-1,0,0.0,0.0,0.0,,
2237,7,1,81,686,-1,0.0,0.0,0.0,0,0.0,0.0,1,,-1,0,0.0,0.0,0.0,,
2238,42,1,81,684,-1,0.0,0.0,0.0,0,0.0,0.0,1,,-1,0,0.0,0.0,0.0,,
2239,42,1,81,685,-1,0.0,0.0,0.0,0,0.0,0.0,1,,-1,0,0.0,0.0,0.0,,
2240,41,1,81,687,-1,0.0,0.0,0.0,0,0.0,0.0,1,,-1,0,0.0,0.0,0.0,,
2241,1,1,60,213251,-1,0.132,531.5,0.0,1,0.0,0.0,0,33176140 / 0,-1,0,174.19,0.0,0.0,,"BN:32,-2####"
2242,1,1,60,212781,-1,1510.043,210000.0,0.0,0,0.0,0.0,0,499282417663 / 0,-1,0,0.0,0.0,0.0,,
2243,8,1,30,1471125,-1,0.0,0.0,0.0,0,0.0,0.0,0,,-1,0,0.0,0.0,0.0,,
2244,8,1,30,1486189,-1,0.0,0.0,0.0,0,0.0,0.0,0,,-1,0,0.0,0.0,0.0,,
2245,15,1,30,1483821,-1,0.0,0.0,0.0,0,0.0,0.0,0,,-1,0,0.0,0.0,0.0,,
2246,15,1,30,1484107,-1,0.0,0.0,0.0,0,0.0,0.0,0,,-1,0,0.0,0.0,0.0,,
2247,15,1,30,1485017,-1,0.0,0.0,0.0,0,0.0,0.0,0,,-1,0,0.0,0.0,0.0,,
2248,15,1,30,1489231,-1,0.0,0.0,0.0,0,0.0,0.0,0,,-1,0,0.0,0.0,0.0,,
2249,15,1,30,1490098,-1,0.0,0.0,0.0,0,0.0,0.0,0,,-1,0,0.0,0.0,0.0,,
2250,8,1,30,1489881,-1,0.0,0.0,0.0,0,0.0,0.0,0,,-1,0,0.0,0.0,0.0,,
2251,1,1,40,426929,-1,10.0,58449.0,0.0,2,0.0,0.0,0,,-1,0,0.0,0.0,0.0,,"BN:32,-2####"
2252,4,1,60,213269,-1,70.186,477549.76,0.0,1,0.0,0.0,0,499266851405 / 0,-1,0,0.0,0.0,0.0,,"BN:48,-2####"
2253,40,1,60,215720,-1,0.0,0.0,0.0,0,0.0,0.0,0,51025558664 / 0,-1,0,0.0,0.0,0.0,,"BN:101,-2####"
2254,15,1,81,688,-1,0.0,0.0,0.0,0,0.0,0.0,0,,-1,0,0.0,0.0,0.0,,
2255,15,1,81,689,-1,0.0,0.0,0.0,0,0.0,0.0,0,,-1,0,0.0,0.0,0.0,,
2256,15,1,81,690,-1,0.0,0.0,0.0,0,0.0,0.0,0,,-1,0,0.0,0.0,0.0,,
2257,15,1,81,691,-1,0.0,0.0,0.0,0,0.0,0.0,0,,-1,0,0.0,0.0,0.0,,
2258,15,1,81,692,-1,0.0,0.0,0.0,0,0.0,0.0,0,,-1,0,0.0,0.0,0.0,,
2259,8,1,30,1470567,-1,0.0,0.0,0.0,0,0.0,0.0,0,,-1,0,0.0,0.0,0.0,,
2260,15,1,30,1087102,-1,0.0,0.0,0.0,0,0.0,0.0,0,,-1,0,0.0,0.0,0.0,,
2261,15,1,30,1485491,-1,0.0,0.0,0.0,0,0.0,0.0,0,,-1,0,0.0,0.0,0.0,,
2262,15,1,30,1486316,-1,0.0,0.0,0.0,0,0.0,0.0,0,,-1,0,0.0,0.0,0.0,,
2263,15,1,30,1495677,-1,0.0,0.0,0.0,0,0.0,0.0,0,,-1,0,0.0,0.0,0.0,,
2264,7,1,81,693,-1,0.0,0.0,0.0,0,0.0,0.0,1,,-1,0,0.0,0.0,0.0,,
2265,7,1,81,694,-1,0.0,0.0,0.0,0,0.0,0.0,1,,-1,0,0.0,0.0,0.0,,
2266,15,1,30,1488406,-1,0.0,0.0,0.0,0,0.0,0.0,0,,-1,0,0.0,0.0,0.0,,
2267,8,1,30,1485491,-1,0.0,0.0,0.0,0,0.0,0.0,0,,-1,0,0.0,0.0,0.0,,
2268,8,1,30,1485696,-1,0.0,0.0,0.0,0,0.0,0.0,0,,-1,0,0.0,0.0,0.0,,
2269,8,1,30,1495677,-1,0.0,0.0,0.0,0,0.0,0.0,0,,-1,0,0.0,0.0,0.0,,
2270,40,1,60,213950,-1,0.0,0.0,0.0,1,0.0,0.0,0,51025558664 / 0,-1,0,23908.06,0.0,0.0,,"BN:101,-2####"
2271,15,1,30,1486131,-1,0.0,0.0,0.0,0,0.0,0.0,0,,-1,0,0.0,0.0,0.0,,
2272,15,1,30,1493225,-1,0.0,0.0,0.0,0,0.0,0.0,0,,-1,0,0.0,0.0,0.0,,
2273,8,1,30,1486131,-1,0.0,0.0,0.0,0,0.0,0.0,0,,-1,0,0.0,0.0,0.0,,
2274,8,1,30,1488406,-1,0.0,0.0,0.0,0,0.0,0.0,0,,-1,0,0.0,0.0,0.0,,
2275,8,1,30,1493225,-1,0.0,0.0,0.0,0,0.0,0.0,0,,-1,0,0.0,0.0,0.0,,
2276,1,1,50,122088,-1,0.0,0.0,0.0,0,0.0,0.0,0,,-1,0,0.0,0.0,0.0,,
2277,15,1,30,1485975,-1,0.0,0.0,0.0,0,0.0,0.0,0,,-1,0,0.0,0.0,0.0,,
2278,15,1,30,1490774,-1,0.0,0.0,0.0,0,0.0,0.0,0,,-1,0,0.0,0.0,0.0,,
2279,15,1,30,1494739,-1,0.0,0.0,0.0,0,0.0,0.0,0,,-1,0,0.0,0.0,0.0,,
2280,8,1,30,1490774,-1,0.0,0.0,0.0,0,0.0,0.0,0,,-1,0,0.0,0.0,0.0,,
2281,15,1,30,1488659,-1,0.0,0.0,0.0,0,0.0,0.0,0,,-1,0,0.0,0.0,0.0,,
2282,15,1,30,1489632,-1,0.0,0.0,0.0,0,0.0,0.0,0,,-1,0,0.0,0.0,0.0,,
2283,15,1,30,1489838,-1,0.0,0.0,0.0,0,0.0,0.0,0,,-1,0,0.0,0.0,0.0,,
2284,15,1,30,1492318,-1,0.0,0.0,0.0,0,0.0,0.0,0,,-1,0,0.0,0.0,0.0,,
2285,15,1,30,1496807,-1,0.0,0.0,0.0,0,0.0,0.0,0,,-1,0,0.0,0.0,0.0,,
2286,15,1,30,1498548,-1,0.0,0.0,0.0,0,0.0,0.0,0,,-1,0,0.0,0.0,0.0,,
2287,15,1,30,1489630,-1,0.0,0.0,0.0,0,0.0,0.0,0,,-1,0,0.0,0.0,0.0,,
2288,8,1,30,1478871,-1,0.0,0.0,0.0,0,0.0,0.0,0,,-1,0,0.0,0.0,0.0,,
2289,8,1,30,1479819,-1,0.0,0.0,0.0,0,0.0,0.0,0,,-1,0,0.0,0.0,0.0,,
2290,8,1,30,1481751,-1,0.0,0.0,0.0,0,0.0,0.0,0,,-1,0,0.0,0.0,0.0,,
2291,15,1,30,1489160,-1,0.0,0.0,0.0,0,0.0,0.0,0,,-1,0,0.0,0.0,0.0,,
2292,8,1,30,1482280,-1,0.0,0.0,0.0,0,0.0,0.0,0,,-1,0,0.0,0.0,0.0,,
2293,8,1,30,1489308,-1,0.0,0.0,0.0,0,0.0,0.0,0,,-1,0,0.0,0.0,0.0,,
2294,1,1,60,212782,-1,0.0,0.0,0.0,1,0.0,0.0,0,499282417663 / 0,-1,0,43358.57,0.0,0.0,,"BN:32,-2####"
2295,15,1,30,1385192,-1,0.0,0.0,0.0,0,0.0,0.0,0,,-1,0,0.0,0.0,0.0,,
2296,15,1,30,1478773,-1,0.0,0.0,0.0,0,0.0,0.0,0,,-1,0,0.0,0.0,0.0,,
2297,15,1,30,1486189,-1,0.0,0.0,0.0,0,0.0,0.0,0,,-1,0,0.0,0.0,0.0,,
2298,15,1,30,1494054,-1,0.0,0.0,0.0,0,0.0,0.0,0,,-1,0,0.0,0.0,0.0,,
2299,8,1,30,1385192,-1,0.0,0.0,0.0,0,0.0,0.0,0,,-1,0,0.0,0.0,0.0,,
2300,8,1,30,1467143,-1,0.0,0.0,0.0,0,0.0,0.0,0,,-1,0,0.0,0.0,0.0,,
2301,8,1,30,1471022,-1,0.0,0.0,0.0,0,0.0,0.0,0,,-1,0,0.0,0.0,0.0,,
2302,15,1,30,1479573,-1,0.0,0.0,0.0,0,0.0,0.0,0,,-1,0,0.0,0.0,0.0,,
2303,15,1,30,1489881,-1,0.0,0.0,0.0,0,0.0,0.0,0,,-1,0,0.0,0.0,0.0,,
2304,15,1,30,1493160,-1,0.0,0.0,0.0,0,0.0,0.0,0,,-1,0,0.0,0.0,0.0,,
2305,8,1,30,1344285,-1,0.0,0.0,0.0,0,0.0,0.0,0,,-1,0,0.0,0.0,0.0,,
2306,8,1,30,1479573,-1,0.0,0.0,0.0,0,0.0,0.0,0,,-1,0,0.0,0.0,0.0,,
2307,8,1,30,1479858,-1,0.0,0.0,0.0,0,0.0,0.0,0,,-1,0,0.0,0.0,0.0,,
2308,1,1,115,695,-1,0.0,0.0,0.0,0,0.0,0.0,0,,-1,0,0.0,0.0,0.0,,"BN:32,-2####"
2309,15,1,30,1478048,-1,0.0,0.0,0.0,0,0.0,0.0,0,,-1,0,0.0,0.0,0.0,,
2310,15,1,30,1478451,-1,0.0,0.0,0.0,0,0.0,0.0,0,,-1,0,0.0,0.0,0.0,,
2311,15,1,30,1479093,-1,0.0,0.0,0.0,0,0.0,0.0,0,,-1,0,0.0,0.0,0.0,,
2312,15,1,30,1480978,-1,0.0,0.0,0.0,0,0.0,0.0,0,,-1,0,0.0,0.0,0.0,,
2313,15,1,30,1482431,-1,0.0,0.0,0.0,0,0.0,0.0,0,,-1,0,0.0,0.0,0.0,,
2314,15,1,30,1485696,-1,0.0,0.0,0.0,0,0.0,0.0,0,,-1,0,0.0,0.0,0.0,,
2315,8,1,30,1479093,-1,0.0,0.0,0.0,0,0.0,0.0,0,,-1,0,0.0,0.0,0.0,,
2316,8,1,30,1496663,-1,0.0,0.0,0.0,0,0.0,0.0,0,,-1,0,0.0,0.0,0.0,,
2317,7,1,81,696,-1,0.0,0.0,0.0,0,0.0,0.0,1,,-1,0,0.0,0.0,0.0,,
2318,8,1,30,1478451,-1,0.0,0.0,0.0,0,0.0,0.0,0,,-1,0,0.0,0.0,0.0,,
2319,8,1,30,1480978,-1,0.0,0.0,0.0,0,0.0,0.0,0,,-1,0,0.0,0.0,0.0,,
2320,8,1,30,1482431,-1,0.0,0.0,0.0,0,0.0,0.0,0,,-1,0,0.0,0.0,0.0,,
2321,11,1,81,693,-1,0.0,0.0,0.0,0,0.0,0.0,0,,-1,0,0.0,0.0,0.0,,
2322,11,1,81,694,-1,0.0,0.0,0.0,0,0.0,0.0,0,,-1,0,0.0,0.0,0.0,,
2323,15,1,30,1480637,-1,0.0,0.0,0.0,0,0.0,0.0,0,,-1,0,0.0,0.0,0.0,,
2324,15,1,30,1482966,-1,0.0,0.0,0.0,0,0.0,0.0,0,,-1,0,0.0,0.0,0.0,,
2325,8,1,30,1483618,-1,0.0,0.0,0.0,0,0.0,0.0,0,,-1,0,0.0,0.0,0.0,,
2326,8,1,30,1496578,-1,0.0,0.0,0.0,0,0.0,0.0,0,,-1,0,0.0,0.0,0.0,,
2327,8,1,30,1496989,-1,0.0,0.0,0.0,0,0.0,0.0,0,,-1,0,0.0,0.0,0.0,,
2328,8,1,30,1501144,-1,0.0,0.0,0.0,0,0.0,0.0,0,,-1,0,0.0,0.0,0.0,,
2329,8,1,30,1501812,-1,0.0,0.0,0.0,0,0.0,0.0,0,,-1,0,0.0,0.0,0.0,,
2330,15,1,30,1483812,-1,0.0,0.0,0.0,0,0.0,0.0,0,,-1,0,0.0,0.0,0.0,,
2331,15,1,30,1489308,-1,0.0,0.0,0.0,0,0.0,0.0,0,,-1,0,0.0,0.0,0.0,,
2332,15,1,30,1494118,-1,0.0,0.0,0.0,0,0.0,0.0,0,,-1,0,0.0,0.0,0.0,,
2333,8,1,30,1493907,-1,0.0,0.0,0.0,0,0.0,0.0,0,,-1,0,0.0,0.0,0.0,,
2334,8,1,30,1496539,-1,0.0,0.0,0.0,0,0.0,0.0,0,,-1,0,0.0,0.0,0.0,,
2335,8,1,30,1497793,-1,0.0,0.0,0.0,0,0.0,0.0,0,,-1,0,0.0,0.0,0.0,,
2336,8,1,30,1500491,-1,0.0,0.0,0.0,0,0.0,0.0,0,,-1,0,0.0,0.0,0.0,,
2337,8,1,30,1500567,-1,0.0,0.0,0.0,0,0.0,0.0,0,,-1,0,0.0,0.0,0.0,,
2338,8,1,30,1501693,-1,0.0,0.0,0.0,0,0.0,0.0,0,,-1,0,0.0,0.0,0.0,,
2339,8,1,30,1501819,-1,0.0,0.0,0.0,0,0.0,0.0,0,,-1,0,0.0,0.0,0.0,,
2340,8,1,30,1502409,-1,0.0,0.0,0.0,0,0.0,0.0,0,,-1,0,0.0,0.0,0.0,,
2341,8,1,30,1503160,-1,0.0,0.0,0.0,0,0.0,0.0,0,,-1,0,0.0,0.0,0.0,,
2342,15,1,30,1501205,-1,0.0,0.0,0.0,0,0.0,0.0,0,,-1,0,0.0,0.0,0.0,,
2343,8,1,30,1497305,-1,0.0,0.0,0.0,0,0.0,0.0,0,,-1,0,0.0,0.0,0.0,,
2344,8,1,30,1501462,-1,0.0,0.0,0.0,0,0.0,0.0,0,,-1,0,0.0,0.0,0.0,,
2345,8,1,30,1501781,-1,0.0,0.0,0.0,0,0.0,0.0,0,,-1,0,0.0,0.0,0.0,,
2346,8,1,30,1504614,-1,0.0,0.0,0.0,0,0.0,0.0,0,,-1,0,0.0,0.0,0.0,,
2347,8,1,81,697,-1,0.0,0.0,0.0,0,0.0,0.0,0,,-1,0,0.0,0.0,0.0,,
2348,8,1,81,698,-1,0.0,0.0,0.0,0,0.0,0.0,0,,-1,0,0.0,0.0,0.0,,
2349,8,1,81,699,-1,0.0,0.0,0.0,0,0.0,0.0,0,,-1,0,0.0,0.0,0.0,,
2350,8,1,81,700,-1,0.0,0.0,0.0,0,0.0,0.0,0,,-1,0,0.0,0.0,0.0,,
2351,8,1,81,701,-1,0.0,0.0,0.0,0,0.0,0.0,0,,-1,0,0.0,0.0,0.0,,
2352,8,1,81,702,-1,0.0,0.0,0.0,0,0.0,0.0,0,,-1,0,0.0,0.0,0.0,,
2353,8,1,81,703,-1,0.0,0.0,0.0,0,0.0,0.0,0,,-1,0,0.0,0.0,0.0,,
2354,8,1,81,704,-1,0.0,0.0,0.0,0,0.0,0.0,0,,-1,0,0.0,0.0,0.0,,
2355,8,1,81,705,-1,0.0,0.0,0.0,0,0.0,0.0,0,,-1,0,0.0,0.0,0.0,,
2356,8,1,81,706,-1,0.0,0.0,0.0,0,0.0,0.0,0,,-1,0,0.0,0.0,0.0,,
2357,8,1,81,707,-1,0.0,0.0,0.0,0,0.0,0.0,0,,-1,0,0.0,0.0,0.0,,
2358,8,1,81,708,-1,0.0,0.0,0.0,0,0.0,0.0,0,,-1,0,0.0,0.0,0.0,,
2359,8,1,81,709,-1,0.0,0.0,0.0,0,0.0,0.0,0,,-1,0,0.0,0.0,0.0,,
2360,8,1,81,710,-1,0.0,0.0,0.0,0,0.0,0.0,0,,-1,0,0.0,0.0,0.0,,
2361,8,1,81,711,-1,0.0,0.0,0.0,0,0.0,0.0,0,,-1,0,0.0,0.0,0.0,,
2362,8,1,81,712,-1,0.0,0.0,0.0,0,0.0,0.0,0,,-1,0,0.0,0.0,0.0,,
2363,8,1,81,713,-1,0.0,0.0,0.0,0,0.0,0.0,0,,-1,0,0.0,0.0,0.0,,
2364,8,1,81,714,-1,0.0,0.0,0.0,0,0.0,0.0,0,,-1,0,0.0,0.0,0.0,,
2365,8,1,81,715,-1,0.0,0.0,0.0,0,0.0,0.0,0,,-1,0,0.0,0.0,0.0,,
2366,8,1,30,1502151,-1,0.0,0.0,0.0,0,0.0,0.0,0,,-1,0,0.0,0.0,0.0,,
2367,15,1,30,1478871,-1,0.0,0.0,0.0,0,0.0,0.0,0,,-1,0,0.0,0.0,0.0,,
2368,15,1,30,1492239,-1,0.0,0.0,0.0,0,0.0,0.0,0,,-1,0,0.0,0.0,0.0,,
2369,8,1,30,1492234,-1,0.0,0.0,0.0,0,0.0,0.0,0,,-1,0,0.0,0.0,0.0,,
2370,2,1,50,104568,-1,0.0,0.0,0.0,0,0.0,0.0,0,,-1,0,0.0,0.0,0.0,,
2371,1,1,50,104541,-1,0.0,0.0,0.0,0,0.0,0.0,0,,-1,0,0.0,0.0,0.0,,
2372,1,1,50,105721,-1,0.0,0.0,0.0,0,0.0,0.0,0,,-1,0,0.0,0.0,0.0,,
2373,41,1,81,716,-1,0.0,0.0,0.0,0,0.0,0.0,1,,-1,0,0.0,0.0,0.0,,
2374,42,1,81,693,-1,0.0,0.0,0.0,0,0.0,0.0,1,,-1,0,0.0,0.0,0.0,,
2375,42,1,81,694,-1,0.0,0.0,0.0,0,0.0,0.0,1,,-1,0,0.0,0.0,0.0,,
2376,8,1,30,1486997,-1,0.0,0.0,0.0,0,0.0,0.0,0,,-1,0,0.0,0.0,0.0,,
2377,15,1,30,1506817,-1,0.0,0.0,0.0,0,0.0,0.0,0,,-1,0,0.0,0.0,0.0,,
2378,15,1,30,1523179,-1,0.0,0.0,0.0,0,0.0,0.0,0,,-1,0,0.0,0.0,0.0,,
2379,40,1,60,213926,-1,6701.74,298669.94,0.0,2,0.0,0.0,0,51025558664,-1,0,0.0,0.0,0.0,,"BN:101,-2####"
2380,15,1,30,1501781,-1,0.0,0.0,0.0,0,0.0,0.0,0,,-1,0,0.0,0.0,0.0,,
2381,8,1,30,1492182,-1,0.0,0.0,0.0,0,0.0,0.0,0,,-1,0,0.0,0.0,0.0,,
2382,15,1,30,1486997,-1,0.0,0.0,0.0,0,0.0,0.0,0,,-1,0,0.0,0.0,0.0,,
2383,15,1,30,1493129,-1,0.0,0.0,0.0,0,0.0,0.0,0,,-1,0,0.0,0.0,0.0,,
2384,15,1,30,1494401,-1,0.0,0.0,0.0,0,0.0,0.0,0,,-1,0,0.0,0.0,0.0,,
2385,8,1,30,1493129,-1,0.0,0.0,0.0,0,0.0,0.0,0,,-1,0,0.0,0.0,0.0,,
2386,8,1,30,1494401,-1,0.0,0.0,0.0,0,0.0,0.0,0,,-1,0,0.0,0.0,0.0,,
2387,8,1,30,1501205,-1,0.0,0.0,0.0,0,0.0,0.0,0,,-1,0,0.0,0.0,0.0,,
2388,7,1,81,717,-1,0.0,0.0,0.0,0,0.0,0.0,1,,-1,0,0.0,0.0,0.0,,
2389,8,1,30,1506613,-1,0.0,0.0,0.0,0,0.0,0.0,0,,-1,0,0.0,0.0,0.0,,
2390,15,1,30,1502328,-1,0.0,0.0,0.0,0,0.0,0.0,0,,-1,0,0.0,0.0,0.0,,
2391,15,1,30,1506613,-1,0.0,0.0,0.0,0,0.0,0.0,0,,-1,0,0.0,0.0,0.0,,
2392,15,1,30,1521289,-1,0.0,0.0,0.0,0,0.0,0.0,0,,-1,0,0.0,0.0,0.0,,
2393,15,1,30,1522463,-1,0.0,0.0,0.0,0,0.0,0.0,0,,-1,0,0.0,0.0,0.0,,
2394,15,1,30,1522749,-1,0.0,0.0,0.0,0,0.0,0.0,0,,-1,0,0.0,0.0,0.0,,
2395,15,1,30,1494393,-1,0.0,0.0,0.0,0,0.0,0.0,0,,-1,0,0.0,0.0,0.0,,
2396,15,1,30,1502296,-1,0.0,0.0,0.0,0,0.0,0.0,0,,-1,0,0.0,0.0,0.0,,
2397,15,1,30,1520554,-1,0.0,0.0,0.0,0,0.0,0.0,0,,-1,0,0.0,0.0,0.0,,
2398,15,1,30,1521268,-1,0.0,0.0,0.0,0,0.0,0.0,0,,-1,0,0.0,0.0,0.0,,
2399,15,1,30,1521273,-1,0.0,0.0,0.0,0,0.0,0.0,0,,-1,0,0.0,0.0,0.0,,
2400,15,1,30,1521638,-1,0.0,0.0,0.0,0,0.0,0.0,0,,-1,0,0.0,0.0,0.0,,
2401,15,1,30,1522956,-1,0.0,0.0,0.0,0,0.0,0.0,0,,-1,0,0.0,0.0,0.0,,
2402,8,1,30,1494393,-1,0.0,0.0,0.0,0,0.0,0.0,0,,-1,0,0.0,0.0,0.0,,
2403,14,1,81,694,-1,0.0,0.0,0.0,0,0.0,0.0,0,,-1,0,0.0,0.0,0.0,,
2404,40,1,50,100128,-1,0.0,0.0,0.0,0,0.0,0.0,0,,-1,0,0.0,0.0,0.0,,"BN:102,-2####"
2405,40,1,60,212181,-1,0.0,0.0,0.0,0,0.0,0.0,0,23036025 / 60,-1,0,0.0,0.0,0.0,,"BN:101,-2####"
2406,40,1,60,213251,-1,0.0,0.0,0.0,3,0.0,0.0,0,34054628,-1,0,1904.66,0.0,0.0,,"BN:101,-2####"
2407,40,1,60,213269,-1,92.377,628282.59,0.0,3,0.0,0.0,0,499288980916 / 0,-1,0,0.0,0.0,0.0,,"BN:101,-2####"
2408,7,1,81,718,-1,0.0,0.0,0.0,0,0.0,0.0,0,,-1,0,0.0,0.0,0.0,,
2409,7,1,81,719,-1,0.0,0.0,0.0,0,0.0,0.0,0,,-1,0,0.0,0.0,0.0,,
2410,7,1,81,720,-1,0.0,0.0,0.0,0,0.0,0.0,0,,-1,0,0.0,0.0,0.0,,
2411,7,1,81,721,-1,0.0,0.0,0.0,0,0.0,0.0,0,,-1,0,0.0,0.0,0.0,,
2412,15,1,30,1484818,-1,0.0,0.0,0.0,0,0.0,0.0,0,,-1,0,0.0,0.0,0.0,,
2413,15,1,30,1493123,-1,0.0,0.0,0.0,0,0.0,0.0,0,,-1,0,0.0,0.0,0.0,,
2414,15,1,30,1493908,-1,0.0,0.0,0.0,0,0.0,0.0,0,,-1,0,0.0,0.0,0.0,,
2415,15,1,30,1493910,-1,0.0,0.0,0.0,0,0.0,0.0,0,,-1,0,0.0,0.0,0.0,,
2416,15,1,30,1520022,-1,0.0,0.0,0.0,0,0.0,0.0,0,,-1,0,0.0,0.0,0.0,,
2417,15,1,30,1520536,-1,0.0,0.0,0.0,0,0.0,0.0,0,,-1,0,0.0,0.0,0.0,,
2418,15,1,30,1521747,-1,0.0,0.0,0.0,0,0.0,0.0,0,,-1,0,0.0,0.0,0.0,,
2419,15,1,30,1522876,-1,0.0,0.0,0.0,0,0.0,0.0,0,,-1,0,0.0,0.0,0.0,,
2420,8,1,30,1484818,-1,0.0,0.0,0.0,0,0.0,0.0,0,,-1,0,0.0,0.0,0.0,,
2421,8,1,30,1493123,-1,0.0,0.0,0.0,0,0.0,0.0,0,,-1,0,0.0,0.0,0.0,,
2422,8,1,30,1493908,-1,0.0,0.0,0.0,0,0.0,0.0,0,,-1,0,0.0,0.0,0.0,,
2423,8,1,30,1523179,-1,0.0,0.0,0.0,0,0.0,0.0,0,,-1,0,0.0,0.0,0.0,,
2424,15,1,30,1501497,-1,0.0,0.0,0.0,0,0.0,0.0,0,,-1,0,0.0,0.0,0.0,,
2425,15,1,30,1503887,-1,0.0,0.0,0.0,0,0.0,0.0,0,,-1,0,0.0,0.0,0.0,,
2426,15,1,30,1522296,-1,0.0,0.0,0.0,0,0.0,0.0,0,,-1,0,0.0,0.0,0.0,,
2427,15,1,30,1522763,-1,0.0,0.0,0.0,0,0.0,0.0,0,,-1,0,0.0,0.0,0.0,,
2428,8,1,30,1501497,-1,0.0,0.0,0.0,0,0.0,0.0,0,,-1,0,0.0,0.0,0.0,,
2429,15,1,30,1495168,-1,0.0,0.0,0.0,0,0.0,0.0,0,,-1,0,0.0,0.0,0.0,,
2430,15,1,30,1495169,-1,0.0,0.0,0.0,0,0.0,0.0,0,,-1,0,0.0,0.0,0.0,,
2431,15,1,30,1503571,-1,0.0,0.0,0.0,0,0.0,0.0,0,,-1,0,0.0,0.0,0.0,,
2432,15,1,30,1520048,-1,0.0,0.0,0.0,0,0.0,0.0,0,,-1,0,0.0,0.0,0.0,,
2433,15,1,30,1521755,-1,0.0,0.0,0.0,0,0.0,0.0,0,,-1,0,0.0,0.0,0.0,,
2434,15,1,30,1522885,-1,0.0,0.0,0.0,0,0.0,0.0,0,,-1,0,0.0,0.0,0.0,,
2435,15,1,30,1523170,-1,0.0,0.0,0.0,0,0.0,0.0,0,,-1,0,0.0,0.0,0.0,,
2436,8,1,30,1503571,-1,0.0,0.0,0.0,0,0.0,0.0,0,,-1,0,0.0,0.0,0.0,,
2437,8,1,30,1506817,-1,0.0,0.0,0.0,0,0.0,0.0,0,,-1,0,0.0,0.0,0.0,,
2438,15,1,30,1521035,-1,0.0,0.0,0.0,0,0.0,0.0,0,,-1,0,0.0,0.0,0.0,,
2439,8,1,30,1486022,-1,0.0,0.0,0.0,0,0.0,0.0,0,,-1,0,0.0,0.0,0.0,,
2440,8,1,30,1494311,-1,0.0,0.0,0.0,0,0.0,0.0,0,,-1,0,0.0,0.0,0.0,,
2441,8,1,30,1520048,-1,0.0,0.0,0.0,0,0.0,0.0,0,,-1,0,0.0,0.0,0.0,,
2442,8,1,30,1521755,-1,0.0,0.0,0.0,0,0.0,0.0,0,,-1,0,0.0,0.0,0.0,,
2443,8,1,30,1523054,-1,0.0,0.0,0.0,0,0.0,0.0,0,,-1,0,0.0,0.0,0.0,,
2444,8,1,30,1524025,-1,0.0,0.0,0.0,0,0.0,0.0,0,,-1,0,0.0,0.0,0.0,,
2445,15,1,30,1486022,-1,0.0,0.0,0.0,0,0.0,0.0,0,,-1,0,0.0,0.0,0.0,,
2446,15,1,30,1494311,-1,0.0,0.0,0.0,0,0.0,0.0,0,,-1,0,0.0,0.0,0.0,,
2447,15,1,30,1504142,-1,0.0,0.0,0.0,0,0.0,0.0,0,,-1,0,0.0,0.0,0.0,,
2448,15,1,30,1523054,-1,0.0,0.0,0.0,0,0.0,0.0,0,,-1,0,0.0,0.0,0.0,,
2449,15,1,30,1524025,-1,0.0,0.0,0.0,0,0.0,0.0,0,,-1,0,0.0,0.0,0.0,,
2486,15,1,30,1494760,-1,0.0,0.0,0.0,0,0.0,0.0,0,,-1,0,0.0,0.0,0.0,,
2487,15,1,30,1495497,-1,0.0,0.0,0.0,0,0.0,0.0,0,,-1,0,0.0,0.0,0.0,,
2488,8,1,30,1504142,-1,0.0,0.0,0.0,0,0.0,0.0,0,,-1,0,0.0,0.0,0.0,,
2489,15,1,30,1494105,-1,0.0,0.0,0.0,0,0.0,0.0,0,,-1,0,0.0,0.0,0.0,,
2490,8,1,30,1494105,-1,0.0,0.0,0.0,0,0.0,0.0,0,,-1,0,0.0,0.0,0.0,,
2491,42,1,81,717,-1,0.0,0.0,0.0,0,0.0,0.0,0,,-1,0,0.0,0.0,0.0,,
2492,42,1,81,724,-1,0.0,0.0,0.0,0,0.0,0.0,1,,-1,0,0.0,0.0,0.0,,
2493,7,1,81,724,-1,0.0,0.0,0.0,0,0.0,0.0,0,,-1,0,0.0,0.0,0.0,,
2494,7,1,81,725,-1,0.0,0.0,0.0,0,0.0,0.0,1,,-1,0,0.0,0.0,0.0,,
2495,40,1,60,213442,-1,68.677,104810.72,0.0,1,0.0,0.0,0,23036025 / 60,-1,0,0.0,0.0,0.0,,"BN:101,-2####"
2496,1,1,115,726,-1,0.0,0.0,0.0,0,0.0,0.0,0,,-1,0,0.0,0.0,0.0,,"BN:32,-2####"
2497,3,1,50,122630,-1,20.0,0.0,0.0,0,0.0,0.0,0,,-1,0,0.0,0.0,0.0,,
2498,7,1,81,727,-1,0.0,0.0,0.0,0,0.0,0.0,1,,-1,0,0.0,0.0,0.0,,
2499,7,1,81,728,-1,0.0,0.0,0.0,0,0.0,0.0,1,,-1,0,0.0,0.0,0.0,,
2500,7,1,81,729,-1,0.0,0.0,0.0,0,0.0,0.0,1,,-1,0,0.0,0.0,0.0,,
2501,11,1,81,724,-1,0.0,0.0,0.0,0,0.0,0.0,0,,-1,0,0.0,0.0,0.0,,
2502,11,1,81,727,-1,0.0,0.0,0.0,0,0.0,0.0,1,,-1,0,0.0,0.0,0.0,,
2503,1,1,50,100328,-1,0.0,0.0,0.0,0,0.0,0.0,0,,-1,0,0.0,0.0,0.0,,
2504,40,1,50,101158,-1,0.0,0.0,0.0,0,0.0,0.0,0,,-1,0,0.0,0.0,0.0,,
2505,42,1,81,727,-1,0.0,0.0,0.0,0,0.0,0.0,1,,-1,0,0.0,0.0,0.0,,
2506,42,1,81,728,-1,0.0,0.0,0.0,0,0.0,0.0,1,,-1,0,0.0,0.0,0.0,,
2507,40,1,50,100174,-1,0.0,0.0,0.0,0,0.0,0.0,0,,-1,0,0.0,0.0,0.0,,
2508,40,1,50,100717,-1,0.0,0.0,0.0,0,0.0,0.0,0,,-1,0,0.0,0.0,0.0,,"BN:102,-2####"
2509,40,1,50,100756,-1,0.0,0.0,0.0,0,0.0,0.0,0,,-1,0,0.0,0.0,0.0,,"BN:102,-2####"
2510,40,1,50,101579,-1,0.0,0.0,0.0,0,0.0,0.0,0,,-1,0,0.0,0.0,0.0,,"BN:102,-2####"
2511,40,1,50,101744,-1,0.0,0.0,0.0,0,0.0,0.0,0,,-1,0,0.0,0.0,0.0,,"BN:102,-2####"
2512,40,1,50,101907,-1,0.0,0.0,0.0,0,0.0,0.0,0,,-1,0,0.0,0.0,0.0,,"BN:102,-2####"
2513,40,1,50,101918,-1,0.0,0.0,0.0,0,0.0,0.0,0,,-1,0,0.0,0.0,0.0,,
2514,40,1,50,101945,-1,0.0,0.0,0.0,0,0.0,0.0,0,,-1,0,0.0,0.0,0.0,,"BN:102,-2####"
2515,40,1,50,102020,-1,0.0,0.0,0.0,0,0.0,0.0,0,,-1,0,0.0,0.0,0.0,,"BN:102,-2####"
2516,40,1,50,102301,-1,0.0,0.0,0.0,0,0.0,0.0,0,,-1,0,0.0,0.0,0.0,,
2517,40,1,50,102374,-1,0.0,0.0,0.0,0,0.0,0.0,0,,-1,0,0.0,0.0,0.0,,
2518,40,1,50,102867,-1,0.0,0.0,0.0,0,0.0,0.0,0,,-1,0,0.0,0.0,0.0,,"BN:102,-2####"
2519,40,1,50,103358,-1,0.0,0.0,0.0,0,0.0,0.0,0,,-1,0,0.0,0.0,0.0,,"BN:102,-2####"
2520,40,1,50,104197,-1,0.0,0.0,0.0,0,0.0,0.0,0,,-1,0,0.0,0.0,0.0,,"BN:102,-2####"
2521,40,1,50,104544,-1,0.0,0.0,0.0,0,0.0,0.0,0,,-1,0,0.0,0.0,0.0,,"BN:102,-2####"
2522,40,1,50,104663,-1,0.0,0.0,0.0,0,0.0,0.0,0,,-1,0,0.0,0.0,0.0,,
2523,40,1,50,105175,-1,0.0,0.0,0.0,0,0.0,0.0,0,,-1,0,0.0,0.0,0.0,,
2524,40,1,50,121335,-1,0.0,0.0,0.0,0,0.0,0.0,0,,-1,0,0.0,0.0,0.0,,
2525,40,1,50,121729,-1,0.0,0.0,0.0,0,0.0,0.0,0,,-1,0,0.0,0.0,0.0,,
2526,40,1,50,121821,-1,0.0,0.0,0.0,0,0.0,0.0,0,,-1,0,0.0,0.0,0.0,,"BN:102,-2####"
2527,40,1,50,121867,-1,0.0,0.0,0.0,0,0.0,0.0,0,,-1,0,0.0,0.0,0.0,,
2528,35,1,50,100174,-1,0.0,0.0,0.0,1,0.0,0.0,0,,-1,0,523.52,0.0,0.0,,"BN:68,-2####"
2529,35,1,50,100717,-1,0.0,0.0,0.0,0,0.0,0.0,0,,-1,0,0.0,0.0,0.0,,"BN:68,-2####"
2530,35,1,50,100756,-1,0.0,0.0,0.0,0,0.0,0.0,0,,-1,0,0.0,0.0,0.0,,"BN:68,-2####"
2531,35,1,50,101579,-1,0.0,0.0,0.0,0,0.0,0.0,0,,-1,0,0.0,0.0,0.0,,"BN:68,-2####"
2532,35,1,50,101744,-1,0.0,0.0,0.0,0,0.0,0.0,0,,-1,0,0.0,0.0,0.0,,"BN:68,-2####"
2533,35,1,50,101907,-1,0.0,0.0,0.0,0,0.0,0.0,0,,-1,0,0.0,0.0,0.0,,"BN:68,-2####"
2534,35,1,50,101918,-1,0.0,0.0,0.0,0,0.0,0.0,0,,-1,0,0.0,0.0,0.0,,
2535,35,1,50,101945,-1,0.0,0.0,0.0,0,0.0,0.0,0,,-1,0,0.0,0.0,0.0,,"BN:68,-2####"
2536,35,1,50,102020,-1,0.0,0.0,0.0,0,0.0,0.0,0,,-1,0,0.0,0.0,0.0,,"BN:68,-2####"
2537,35,1,50,102301,-1,0.0,0.0,0.0,0,0.0,0.0,0,,-1,0,0.0,0.0,0.0,,
2538,35,1,50,102374,-1,0.0,0.0,0.0,0,0.0,0.0,0,,-1,0,0.0,0.0,0.0,,"BN:68,-2####"
2539,35,1,50,102867,-1,0.0,0.0,0.0,0,0.0,0.0,0,,-1,0,0.0,0.0,0.0,,"BN:68,-2####"
2540,35,1,50,103358,-1,0.0,0.0,0.0,0,0.0,0.0,0,,-1,0,0.0,0.0,0.0,,"BN:68,-2####"
2541,35,1,50,104197,-1,0.0,0.0,0.0,0,0.0,0.0,0,,-1,0,0.0,0.0,0.0,,"BN:68,-2####"
2542,35,1,50,104544,-1,0.0,0.0,0.0,0,0.0,0.0,0,,-1,0,0.0,0.0,0.0,,"BN:68,-2####"
2543,35,1,50,104663,-1,0.0,0.0,0.0,0,0.0,0.0,0,,-1,0,0.0,0.0,0.0,,
2544,35,1,50,105175,-1,0.0,0.0,0.0,0,0.0,0.0,0,,-1,0,0.0,0.0,0.0,,
2545,35,1,50,121335,-1,0.0,0.0,0.0,0,0.0,0.0,0,,-1,0,0.0,0.0,0.0,,
2546,35,1,50,121729,-1,0.0,0.0,0.0,0,0.0,0.0,0,,-1,0,0.0,0.0,0.0,,
2547,35,1,50,121821,-1,0.0,0.0,0.0,0,0.0,0.0,0,,-1,0,0.0,0.0,0.0,,"BN:68,-2####"
2548,35,1,50,121867,-1,0.0,0.0,0.0,0,0.0,0.0,0,,-1,0,0.0,0.0,0.0,,
2560,40,1,50,105271,-1,0.0,0.0,0.0,1,0.0,0.0,0,,-1,0,42499.25,0.0,0.0,,
2561,7,1,81,730,-1,0.0,0.0,0.0,0,0.0,0.0,0,,-1,0,0.0,0.0,0.0,,
2562,7,1,81,731,-1,0.0,0.0,0.0,0,0.0,0.0,0,,-1,0,0.0,0.0,0.0,,
2563,7,1,81,732,-1,0.0,0.0,0.0,0,0.0,0.0,1,,-1,0,0.0,0.0,0.0,,
2564,42,1,81,730,-1,0.0,0.0,0.0,0,0.0,0.0,1,,-1,0,0.0,0.0,0.0,,
2565,42,1,81,731,-1,0.0,0.0,0.0,0,0.0,0.0,1,,-1,0,0.0,0.0,0.0,,
2566,11,1,81,730,-1,0.0,0.0,0.0,0,0.0,0.0,0,,-1,0,0.0,0.0,0.0,,
2567,4,1,60,212782,-1,0.0,0.0,0.0,1,0.0,0.0,0,499266851405 / 0,-1,0,33263.66,0.0,0.0,,"BN:48,-2####"
2572,2,1,60,212325,-1,1828.925,122983.71,0.0,0,0.0,0.0,0,32950965,-1,0,0.0,0.0,0.0,,"BN:13,-2####"
2573,2,1,60,231922,-1,17826.544,225000.0,0.0,0,0.0,0.0,0,12192424,-1,0,0.0,0.0,0.0,,"BN:13,-2####"
2574,40,1,50,101627,-1,0.0,0.0,0.0,0,0.0,0.0,0,,-1,0,0.0,0.0,0.0,,
2575,2,1,50,105077,-1,0.0,0.0,0.0,0,0.0,0.0,0,,-1,0,0.0,0.0,0.0,,
2576,1,1,50,105077,-1,0.0,0.0,0.0,0,0.0,0.0,0,,-1,0,0.0,0.0,0.0,,
2580,2,1,50,101627,-1,0.0,0.0,0.0,0,0.0,0.0,0,,-1,0,0.0,0.0,0.0,,
2581,58,1,75,733,-1,0.0,0.0,0.0,0,0.0,0.0,1,,-1,0,0.0,0.0,0.0,,
2582,40,1,50,100357,-1,0.0,0.0,0.0,0,0.0,0.0,0,,-1,0,0.0,0.0,0.0,,
2583,35,1,50,100357,-1,0.0,0.0,0.0,0,0.0,0.0,0,,-1,0,0.0,0.0,0.0,,
2584,58,1,75,734,-1,0.0,0.0,0.0,0,0.0,0.0,0,,-1,0,0.0,0.0,0.0,,
2585,58,1,115,735,-1,0.0,0.0,0.0,0,0.0,0.0,0,,-1,0,0.0,0.0,0.0,,
2586,58,1,75,736,-1,0.0,0.0,0.0,0,0.0,0.0,1,,-1,0,0.0,0.0,0.0,,
2587,40,1,50,104843,-1,0.0,0.0,0.0,0,0.0,0.0,0,,-1,0,0.0,0.0,0.0,,
2588,2,1,50,104843,-1,0.0,0.0,0.0,0,0.0,0.0,0,,-1,0,0.0,0.0,0.0,,
2589,1,1,50,104843,-1,0.0,0.0,0.0,0,0.0,0.0,0,,-1,0,0.0,0.0,0.0,,
2590,40,1,50,100461,-1,0.0,0.0,0.0,0,0.0,0.0,0,,-1,0,0.0,0.0,0.0,,
2591,40,1,50,105044,-1,0.0,0.0,0.0,0,0.0,0.0,0,,-1,0,0.0,0.0,0.0,,
2592,7,1,81,737,-1,0.0,0.0,0.0,0,0.0,0.0,0,,-1,0,0.0,0.0,0.0,,
2593,7,1,81,738,-1,0.0,0.0,0.0,0,0.0,0.0,0,,-1,0,0.0,0.0,0.0,,
2594,7,1,81,739,-1,0.0,0.0,0.0,0,0.0,0.0,0,,-1,0,0.0,0.0,0.0,,
2595,11,1,81,737,-1,0.0,0.0,0.0,0,0.0,0.0,0,,-1,0,0.0,0.0,0.0,,
2596,35,1,50,100134,-1,0.0,0.0,0.0,0,0.0,0.0,0,,-1,0,0.0,0.0,0.0,,
2597,35,1,50,102216,-1,0.0,0.0,0.0,0,0.0,0.0,0,,-1,0,0.0,0.0,0.0,,
2598,35,1,50,104828,-1,0.0,0.0,0.0,0,0.0,0.0,0,,-1,0,0.0,0.0,0.0,,"BN:68,-2####"
2599,40,1,50,100134,-1,0.0,0.0,0.0,0,0.0,0.0,0,,-1,0,0.0,0.0,0.0,,
2600,40,1,50,102216,-1,0.0,0.0,0.0,0,0.0,0.0,0,,-1,0,0.0,0.0,0.0,,
2601,40,1,50,104828,-1,0.0,0.0,0.0,0,0.0,0.0,0,,-1,0,0.0,0.0,0.0,,"BN:102,-2####"
2602,4,1,60,213444,-1,831.209,350000.0,0.0,0,0.0,0.0,0,25156019 / 77,-1,0,0.0,0.0,0.0,,"BN:48,-2####"
2603,2,1,60,212785,-1,0.0,0.0,0.0,1,0.0,0.0,0,499279875595 / 0,-1,0,23337.23,0.0,0.0,,"BN:13,-2####"
2604,40,1,60,212785,-1,0.0,0.0,0.0,1,0.0,0.0,0,499288980916 / 0,-1,0,19152.42,0.0,0.0,,"BN:101,-2####"
2610,1,1,50,101330,-1,0.0,0.0,0.0,0,0.0,0.0,0,,-1,0,0.0,0.0,0.0,,"BN:95,-2####"
2611,1,1,50,104277,-1,0.0,0.0,0.0,0,0.0,0.0,0,,-1,0,0.0,0.0,0.0,,"BN:95,-2####"
2612,1,1,50,104289,-1,0.0,0.0,0.0,0,0.0,0.0,0,,-1,0,0.0,0.0,0.0,,"BN:95,-2####"
2613,1,1,50,104710,-1,0.0,0.0,0.0,0,0.0,0.0,0,,-1,0,0.0,0.0,0.0,,"BN:95,-2####"
2614,1,1,50,104853,-1,0.0,0.0,0.0,2,0.0,0.0,0,,-1,0,-1756.3,0.0,0.0,,"BN:95,-2####"
2615,1,1,50,105212,-1,0.0,0.0,0.0,0,0.0,0.0,0,,-1,0,0.0,0.0,0.0,,
2616,1,1,50,105417,-1,0.0,0.0,0.0,0,0.0,0.0,0,,-1,0,0.0,0.0,0.0,,"BN:95,-2####"
2617,1,1,50,106112,-1,0.0,0.0,0.0,0,0.0,0.0,0,,-1,0,0.0,0.0,0.0,,"BN:95,-2####"
2618,1,1,50,121330,-1,0.0,0.0,0.0,0,0.0,0.0,0,,-1,0,0.0,0.0,0.0,,"BN:95,-2####"
2619,1,1,50,121940,-1,0.0,0.0,0.0,1,0.0,0.0,0,,-1,0,-739.8,0.0,0.0,,"BN:95,-2####"
2620,40,1,60,212724,-1,47.852,15407.36,0.0,0,0.0,0.0,0,34054628,-1,0,0.0,0.0,0.0,,
2621,4,1,50,105464,-1,0.0,0.0,0.0,1,0.0,0.0,0,,-1,0,-4581.0,0.0,0.0,,"BN:48,-2####"
2622,2,1,60,213251,-1,0.0,0.0,0.0,0,0.0,0.0,0,32950965,-1,0,0.0,0.0,0.0,,"BN:13,-2####"
2623,2,1,60,213269,-1,18.6,126556.61,0.0,3,0.0,0.0,0,499279875595 / 0,-1,0,1641.57,0.0,0.0,,"BN:13,-2####"
2624,2,1,115,726,-1,0.0,0.0,0.0,0,0.0,0.0,0,`,-1,0,0.0,0.0,0.0,,"BN:97,-2####"
2625,40,1,50,105202,-1,0.0,0.0,0.0,0,0.0,0.0,0,,-1,0,0.0,0.0,0.0,,
2626,40,1,50,105908,-1,0.0,0.0,0.0,0,0.0,0.0,0,,-1,0,0.0,0.0,0.0,,
2627,35,1,50,104499,-1,0.0,0.0,0.0,0,0.0,0.0,0,,-1,0,0.0,0.0,0.0,,
2628,1,1,60,213330,-1,0.0,0.0,0.0,0,0.0,0.0,0,910177046125 / 0,-1,0,0.0,0.0,0.0,,"BN:32,-2####"
2634,1,1,50,100038,-1,184.0,68285.6,0.0,3,0.0,0.0,0,,-1,0,0.0,0.0,0.0,,"BN:95,-2####"
2635,1,1,50,102503,-1,0.0,0.0,0.0,1,0.0,0.0,0,,-1,0,-2719.89,0.0,0.0,,"BN:95,-2####"
2636,1,1,50,121615,-1,0.0,0.0,0.0,1,0.0,0.0,0,,-1,0,3095.95,0.0,0.0,,"BN:95,-2####"
2637,1,1,50,121949,-1,0.0,0.0,0.0,2,0.0,0.0,0,,-1,0,690.300000000001,0.0,0.0,,"BN:95,-2####"
2638,35,1,50,100975,-1,0.0,0.0,0.0,0,0.0,0.0,0,,-1,0,0.0,0.0,0.0,,"BN:68,-2####"
2639,40,1,50,122673,-1,0.0,0.0,0.0,2,0.0,0.0,0,,-1,0,-4467.3,0.0,0.0,,"BN:102,-2####"
2643,40,1,60,212799,-1,0.0,0.0,0.0,1,0.0,0.0,0,499288980916 / 0,-1,0,88807.03,0.0,0.0,,"BN:101,-2####"
2644,4,1,60,205477,-1,0.0,0.0,0.0,0,0.0,0.0,0,51014331091,-1,0,0.0,0.0,0.0,,
2645,40,1,50,100975,-1,0.0,0.0,0.0,0,0.0,0.0,0,,-1,0,0.0,0.0,0.0,,"BN:102,-2####"
2646,4,1,60,213976,-1,0.0,0.0,0.0,0,0.0,0.0,0,51014331091 / 0,-1,0,0.0,0.0,0.0,,"BN:48,-2####"
2653,1,1,60,232842,-1,0.0,0.0,0.0,1,0.0,0.0,0,51019056414 / 0,-1,0,22068.66,0.0,0.0,,"BN:32,-2####"
2654,2,1,60,213950,-1,0.0,0.0,0.0,1,0.0,0.0,0,51025694454 / 0,-1,0,28671.64,0.0,0.0,,"BN:13,-2####"
2655,40,1,50,100253,-1,0.0,0.0,0.0,0,0.0,0.0,0,,-1,0,0.0,0.0,0.0,,
2656,40,1,50,100285,-1,0.0,0.0,0.0,1,0.0,0.0,0,,-1,0,384.75,0.0,0.0,,
2657,1,1,50,100285,-1,0.0,0.0,0.0,0,0.0,0.0,0,,-1,0,0.0,0.0,0.0,,
2658,2,1,50,100285,-1,0.0,0.0,0.0,1,0.0,0.0,0,,-1,0,595.5,0.0,0.0,,
2659,2,1,50,121450,-1,0.0,0.0,0.0,0,0.0,0.0,0,,-1,0,0.0,0.0,0.0,,
2660,35,1,50,100285,-1,0.0,0.0,0.0,1,0.0,0.0,0,,-1,0,2104.14,0.0,0.0,,
2661,4,1,50,100285,-1,0.0,0.0,0.0,1,0.0,0.0,0,,-1,0,32946.0,0.0,0.0,,
2662,4,1,50,122673,-1,0.0,0.0,0.0,2,0.0,0.0,0,,-1,0,-5369.85,0.0,0.0,,"BN:48,-2####"
2664,2,1,50,104591,-1,0.0,0.0,0.0,0,0.0,0.0,0,,-1,0,0.0,0.0,0.0,,
2665,4,1,50,104591,-1,0.0,0.0,0.0,0,0.0,0.0,0,,-1,0,0.0,0.0,0.0,,
2666,4,1,60,231922,-1,34006.441,455000.0,0.0,0,0.0,0.0,0,11554985,-1,0,0.0,0.0,0.0,,"BN:48,-2####"
2667,40,1,50,104591,-1,0.0,0.0,0.0,0,0.0,0.0,0,,-1,0,0.0,0.0,0.0,,
2668,2,1,60,214319,-1,2862.33,170000.0,0.0,0,0.0,0.0,0,14214658 / 39,-1,0,0.0,0.0,0.0,,"BN:13,-2####"
2669,1,1,60,214319,-1,6192.151,375000.0,0.0,0,0.0,0.0,0,14214659 / 36,-1,0,0.0,0.0,0.0,,"BN:32,-2####"
2670,1,1,60,214319,-1,1683.658,100000.0,0.0,0,0.0,0.0,0,14220612 / 25,-1,0,0.0,0.0,0.0,,"BN:32,-2####"
2671,2,1,50,104739,-1,0.0,0.0,0.0,0,0.0,0.0,0,,-1,0,0.0,0.0,0.0,,
2672,2,1,50,122673,-1,0.0,0.0,0.0,2,0.0,0.0,0,,-1,0,-1668.65,0.0,0.0,,"BN:97,-2####"
2674,4,1,50,122917,-1,0.0,0.0,0.0,0,0.0,0.0,0,,-1,0,0.0,0.0,0.0,,"BN:48,-2####"
2675,1,1,50,103566,-1,0.0,0.0,0.0,0,0.0,0.0,0,,-1,0,0.0,0.0,0.0,,
2676,1,1,50,100975,-1,0.0,0.0,0.0,0,0.0,0.0,0,,-1,0,0.0,0.0,0.0,,
2677,1,1,50,122673,-1,0.0,0.0,0.0,2,0.0,0.0,0,,-1,0,-6073.25,0.0,0.0,,"BN:95,-2####"
2678,1,1,60,231922,-1,20526.411,275000.0,0.0,0,0.0,0.0,0,11553370,-1,0,0.0,0.0,0.0,,"BN:32,-2####"
2679,1,1,50,104255,-1,0.0,0.0,0.0,0,0.0,0.0,0,,-1,0,0.0,0.0,0.0,,"BN:95,-2####"
2680,1,1,60,231481,-1,0.0,0.0,0.0,0,0.0,0.0,0,79972502376,-1,0,0.0,0.0,0.0,,"BN:32,-2####"
2681,1,1,60,213926,-1,0.0,0.0,0.0,0,0.0,0.0,0,51019056414 / 0,-1,0,0.0,0.0,0.0,,"BN:32,-2####"
2682,11,1,81,741,-1,0.0,0.0,0.0,0,0.0,0.0,0,,-1,0,0.0,0.0,0.0,,
2683,7,1,81,741,-1,0.0,0.0,0.0,0,0.0,0.0,0,,-1,0,0.0,0.0,0.0,,
2684,7,1,81,742,-1,0.0,0.0,0.0,0,0.0,0.0,0,,-1,0,0.0,0.0,0.0,,
2685,7,1,81,743,-1,0.0,0.0,0.0,0,0.0,0.0,0,,-1,0,0.0,0.0,0.0,,
2686,42,1,81,737,-1,0.0,0.0,0.0,0,0.0,0.0,0,,-1,0,0.0,0.0,0.0,,
2687,42,1,81,738,-1,0.0,0.0,0.0,0,0.0,0.0,0,,-1,0,0.0,0.0,0.0,,
2688,42,1,81,741,-1,0.0,0.0,0.0,0,0.0,0.0,0,,-1,0,0.0,0.0,0.0,,
2689,42,1,81,742,-1,0.0,0.0,0.0,0,0.0,0.0,0,,-1,0,0.0,0.0,0.0,,
2690,2,1,50,103475,-1,0.0,0.0,0.0,0,0.0,0.0,0,,-1,0,0.0,0.0,0.0,,"BN:97,-2####"
2691,4,1,50,105077,-1,0.0,0.0,0.0,0,0.0,0.0,0,,-1,0,0.0,0.0,0.0,,
2692,1,1,50,103750,-1,0.0,0.0,0.0,1,0.0,0.0,0,,-1,0,1300.1,0.0,0.0,,
2693,4,1,60,214319,-1,2122.275,125000.0,0.0,0,0.0,0.0,0,14425316 / 20,-1,0,0.0,0.0,0.0,,"BN:48,-2####"
2695,1,1,50,122630,-1,0.0,0.0,0.0,2,0.0,0.0,0,,-1,0,68.0500000000065,0.0,0.0,,"BN:95,-2####"
2696,40,1,50,122630,-1,0.0,0.0,0.0,2,0.0,0.0,0,,-1,0,-13653.0,0.0,0.0,,"BN:102,-2####"
2697,1,1,60,213976,-1,0.0,0.0,0.0,0,0.0,0.0,0,51019056414 / 0,-1,0,0.0,0.0,0.0,,"BN:32,-2####"
2698,2,1,50,106129,-1,0.0,0.0,0.0,3,0.0,0.0,0,,-1,0,-12366.2,0.0,0.0,,"BN:97,-2####"
2699,4,1,50,122630,-1,0.0,0.0,0.0,2,0.0,0.0,0,,-1,0,-10787.5,0.0,0.0,,"BN:48,-2####"
2700,4,1,50,104471,-1,0.0,0.0,0.0,2,0.0,0.0,0,,-1,0,55029.2,0.0,0.0,,"BN:48,-2####"
2701,4,1,60,219090,-1,0.0,0.0,0.0,1,0.0,0.0,0,91049485403 / 0,-1,0,-9019.25999999998,0.0,0.0,,"BN:48,-2####"
2702,4,1,60,232155,-1,0.0,0.0,0.0,1,0.0,0.0,0,14425316 / 20,-1,0,12135.49,0.0,0.0,,"BN:48,-2####"
2703,35,1,60,213168,-1,379.45,150000.0,0.0,0,0.0,0.0,0,33269477,-1,0,0.0,0.0,0.0,,"BN:71,-2####"
2704,4,1,60,212818,-1,0.0,0.0,0.0,0,0.0,0.0,0,79914404536 / 0,-1,0,0.0,0.0,0.0,,"BN:48,-2####"
2705,1,1,60,219090,-1,4356.304,495000.0,0.0,0,0.0,0.0,0,91049521142 / 0,-1,0,0.0,0.0,0.0,,"BN:32,-2####"
2721,4,1,50,105907,-1,0.0,0.0,0.0,0,0.0,0.0,0,,-1,0,0.0,0.0,0.0,,
2722,40,1,60,232155,-1,4473.649,75000.0,0.0,0,0.0,0.0,0,14472046 / 92,-1,0,0.0,0.0,0.0,,"BN:101,-2####"
2723,40,1,60,219090,-1,0.0,0.0,0.0,1,0.0,0.0,0,91049626794 / 0,-1,0,10695.18,0.0,0.0,,"BN:101,-2####"
2724,4,1,60,213168,-1,226.427,90000.0,0.0,0,0.0,0.0,0,33002695,-1,0,0.0,0.0,0.0,,"BN:48,-2####"
2725,8,1,81,684,-1,0.0,0.0,0.0,0,0.0,0.0,0,,-1,0,0.0,0.0,0.0,,
2726,8,1,81,694,-1,0.0,0.0,0.0,0,0.0,0.0,0,,-1,0,0.0,0.0,0.0,,
2727,8,1,81,744,-1,0.0,0.0,0.0,0,0.0,0.0,0,,-1,0,0.0,0.0,0.0,,
2728,8,1,81,745,-1,0.0,0.0,0.0,0,0.0,0.0,0,,-1,0,0.0,0.0,0.0,,
2729,8,1,81,746,-1,0.0,0.0,0.0,0,0.0,0.0,0,,-1,0,0.0,0.0,0.0,,
2730,8,1,81,747,-1,0.0,0.0,0.0,0,0.0,0.0,0,,-1,0,0.0,0.0,0.0,,
2731,8,1,81,748,-1,0.0,0.0,0.0,0,0.0,0.0,0,,-1,0,0.0,0.0,0.0,,
2732,1,1,60,213444,-1,927.929,465000.0,0.0,0,0.0,0.0,0,21787591 / 95,-1,0,0.0,0.0,0.0,,"BN:32,-2####"
2733,1,1,60,213538,-1,0.38,1543.66,0.0,2,0.0,0.0,0,10783908 / 07,-1,0,2375.69,0.0,0.0,,"BN:32,-2####"
2734,2,1,60,214319,-1,2810.153,170000.0,0.0,0,0.0,0.0,0,14544598 / 07,-1,0,0.0,0.0,0.0,,"BN:13,-2####"
2735,2,1,60,213444,-1,271.406,135000.0,0.0,0,0.0,0.0,0,8261020 / 52,-1,0,0.0,0.0,0.0,,"BN:13,-2####"
2736,1,1,50,100182,-1,0.0,0.0,0.0,0,0.0,0.0,0,,-1,0,0.0,0.0,0.0,,"BN:95,-2####"
2737,1,1,50,122142,-1,0.0,0.0,0.0,0,0.0,0.0,0,,-1,0,0.0,0.0,0.0,,"BN:95,-2####"
2771,2,1,50,100517,-1,0.0,0.0,0.0,2,0.0,0.0,0,,-1,0,7310.75,0.0,0.0,,"BN:97,-2####"
2779,4,1,50,100517,-1,0.0,0.0,0.0,2,0.0,0.0,0,,-1,0,8302.97,0.0,0.0,,"BN:48,-2####"
2780,35,1,50,104254,-1,0.0,0.0,0.0,0,0.0,0.0,0,,-1,0,0.0,0.0,0.0,,
2781,2,1,50,100069,-1,0.0,0.0,0.0,0,0.0,0.0,0,,-1,0,0.0,0.0,0.0,,
2782,2,1,50,100215,-1,0.0,0.0,0.0,0,0.0,0.0,0,,-1,0,0.0,0.0,0.0,,
2783,2,1,50,102670,-1,0.0,0.0,0.0,0,0.0,0.0,0,,-1,0,0.0,0.0,0.0,,
2784,2,1,50,104302,-1,0.0,0.0,0.0,0,0.0,0.0,0,,-1,0,0.0,0.0,0.0,,"BN:97,-2####"
2785,2,1,50,104519,-1,0.0,0.0,0.0,0,0.0,0.0,0,,-1,0,0.0,0.0,0.0,,"BN:97,-2####"
2786,2,1,50,104710,-1,0.0,0.0,0.0,0,0.0,0.0,0,,-1,0,0.0,0.0,0.0,,"BN:97,-2####"
2787,2,1,50,104857,-1,0.0,0.0,0.0,0,0.0,0.0,0,,-1,0,0.0,0.0,0.0,,"BN:97,-2####"
2788,2,1,50,105059,-1,0.0,0.0,0.0,0,0.0,0.0,0,,-1,0,0.0,0.0,0.0,,
2789,2,1,50,105171,-1,0.0,0.0,0.0,0,0.0,0.0,0,,-1,0,0.0,0.0,0.0,,
2790,2,1,50,105639,-1,0.0,0.0,0.0,0,0.0,0.0,0,,-1,0,0.0,0.0,0.0,,
2791,64,1,60,213950,-1,0.0,0.0,0.0,1,0.0,0.0,0,51074476845 / 0,-1,0,-651.93,0.0,0.0,,"BN:132,-2####"
2792,64,1,60,213968,-1,0.0,0.0,0.0,1,0.0,0.0,0,51074476855 / 0,-1,0,-2858.75,0.0,0.0,,"BN:132,-2####"
2793,2,1,50,100079,-1,0.0,0.0,0.0,0,0.0,0.0,0,,-1,0,0.0,0.0,0.0,,
2794,2,1,50,104271,-1,0.0,0.0,0.0,0,0.0,0.0,0,,-1,0,0.0,0.0,0.0,,"BN:97,-2####"
2795,2,1,50,105182,-1,0.0,0.0,0.0,0,0.0,0.0,0,,-1,0,0.0,0.0,0.0,,"BN:97,-2####"
2796,2,1,50,105420,-1,0.0,0.0,0.0,0,0.0,0.0,0,,-1,0,0.0,0.0,0.0,,
2797,2,1,50,121542,-1,0.0,0.0,0.0,0,0.0,0.0,0,,-1,0,0.0,0.0,0.0,,"BN:97,-2####"
2798,2,1,50,105271,-1,0.0,0.0,0.0,1,0.0,0.0,0,,-1,0,5955.0,0.0,0.0,,
2799,40,1,50,100069,-1,0.0,0.0,0.0,0,0.0,0.0,0,,-1,0,0.0,0.0,0.0,,
2800,40,1,50,104518,-1,0.0,0.0,0.0,0,0.0,0.0,0,,-1,0,0.0,0.0,0.0,,"BN:102,-2####"
2801,40,1,50,121788,-1,0.0,0.0,0.0,0,0.0,0.0,0,,-1,0,0.0,0.0,0.0,,
2802,40,1,50,122697,-1,0.0,0.0,0.0,0,0.0,0.0,0,,-1,0,0.0,0.0,0.0,,
2803,40,1,50,100215,-1,0.0,0.0,0.0,0,0.0,0.0,0,,-1,0,0.0,0.0,0.0,,
2804,40,1,50,104881,-1,0.0,0.0,0.0,0,0.0,0.0,0,,-1,0,0.0,0.0,0.0,,
2805,40,1,50,122819,-1,0.0,0.0,0.0,0,0.0,0.0,0,,-1,0,0.0,0.0,0.0,,"BN:102,-2####"
2806,3,1,50,121933,-1,100.0,0.0,0.0,0,0.0,0.0,0,,-1,0,0.0,0.0,0.0,,
2807,35,1,50,122819,-1,0.0,0.0,0.0,0,0.0,0.0,0,,-1,0,0.0,0.0,0.0,,
2808,1,1,60,212724,-1,-50.068,0.0,0.0,1,0.0,0.0,0,38967944,-1,0,0.0,0.0,0.0,,
2809,64,1,60,212724,-1,50.068,20000.0,0.0,0,0.0,0.0,0,38967944,-1,0,0.0,0.0,0.0,,"BN:132,-2####"
2810,35,1,50,105596,-1,0.0,0.0,0.0,0,0.0,0.0,0,,-1,0,0.0,0.0,0.0,,"BN:68,-2####"
2811,35,1,50,121933,-1,0.0,0.0,0.0,1,0.0,0.0,0,,-1,0,-15816.21,0.0,0.0,,
2812,2,1,50,105063,-1,0.0,0.0,0.0,2,0.0,0.0,0,,-1,0,-68793.59,0.0,0.0,,
2813,2,1,50,105596,-1,0.0,0.0,0.0,2,0.0,0.0,0,,-1,0,8955.0,0.0,0.0,,"BN:97,-2####"
2814,1,1,50,105063,-1,0.0,0.0,0.0,1,0.0,0.0,0,,-1,0,-11658.85,0.0,0.0,,
2815,1,1,50,105596,-1,0.0,0.0,0.0,2,0.0,0.0,0,,-1,0,-4190.4,0.0,0.0,,"BN:95,-2####"
2816,1,1,50,121933,-1,0.0,0.0,0.0,1,0.0,0.0,0,,-1,0,-6205.0,0.0,0.0,,
2817,35,1,60,214319,-1,818.27,50000.0,0.0,0,0.0,0.0,0,14767068 / 54,-1,0,0.0,0.0,0.0,,"BN:71,-2####"
2818,2,1,50,121933,-1,0.0,0.0,0.0,0,0.0,0.0,0,,-1,0,0.0,0.0,0.0,,
2819,2,1,60,214002,-1,0.0,0.0,0.0,1,0.0,0.0,0,51025694444 / 0,-1,0,461.019999999997,0.0,0.0,,"BN:13,-2####"
2820,2,1,60,229587,-1,3460.312,50685.72,0.0,5,0.0,0.0,0,91057188304 / 0,-1,0,1360.62,0.0,0.0,,"BN:13,-2####"
2821,40,1,60,213968,-1,0.0,0.0,0.0,0,0.0,0.0,0,51025558664 / 0,-1,0,0.0,0.0,0.0,,"BN:101,-2####"
2822,35,1,60,212962,-1,0.0,0.0,0.0,0,0.0,0.0,0,70072023 / 01,-1,0,0.0,0.0,0.0,,"BN:71,-2####"
2823,66,1,81,676,-1,0.0,0.0,0.0,0,0.0,0.0,0,,-1,0,0.0,0.0,0.0,,
2824,66,1,81,677,-1,0.0,0.0,0.0,0,0.0,0.0,0,,-1,0,0.0,0.0,0.0,,
2825,66,1,81,669,-1,0.0,0.0,0.0,0,0.0,0.0,0,,-1,0,0.0,0.0,0.0,,
2826,35,1,50,100128,-1,0.0,0.0,0.0,3,0.0,0.0,0,,-1,0,-2449.0,0.0,0.0,,"BN:68,-2####"
2827,35,1,50,121963,-1,0.0,0.0,0.0,0,0.0,0.0,0,,-1,0,0.0,0.0,0.0,,
2828,40,1,50,100058,-1,0.0,0.0,0.0,0,0.0,0.0,0,,-1,0,0.0,0.0,0.0,,"BN:102,-2####"
2829,40,1,50,100586,-1,0.0,0.0,0.0,0,0.0,0.0,0,,-1,0,0.0,0.0,0.0,,"BN:102,-2####"
2830,40,1,50,101330,-1,0.0,0.0,0.0,0,0.0,0.0,0,,-1,0,0.0,0.0,0.0,,
2831,40,1,50,102503,-1,0.0,0.0,0.0,0,0.0,0.0,0,,-1,0,0.0,0.0,0.0,,
2832,40,1,50,104269,-1,0.0,0.0,0.0,0,0.0,0.0,0,,-1,0,0.0,0.0,0.0,,
2833,40,1,50,104294,-1,0.0,0.0,0.0,0,0.0,0.0,0,,-1,0,0.0,0.0,0.0,,"BN:102,-2####"
2834,40,1,50,104418,-1,0.0,0.0,0.0,0,0.0,0.0,0,,-1,0,0.0,0.0,0.0,,
2835,40,1,50,104500,-1,0.0,0.0,0.0,0,0.0,0.0,0,,-1,0,0.0,0.0,0.0,,"BN:102,-2####"
2836,40,1,50,105108,-1,0.0,0.0,0.0,0,0.0,0.0,0,,-1,0,0.0,0.0,0.0,,
2837,40,1,50,105417,-1,0.0,0.0,0.0,0,0.0,0.0,0,,-1,0,0.0,0.0,0.0,,
2838,40,1,50,106112,-1,0.0,0.0,0.0,0,0.0,0.0,0,,-1,0,0.0,0.0,0.0,,"BN:102,-2####"
2839,40,1,50,121330,-1,0.0,0.0,0.0,0,0.0,0.0,0,,-1,0,0.0,0.0,0.0,,
2840,40,1,50,121379,-1,0.0,0.0,0.0,0,0.0,0.0,0,,-1,0,0.0,0.0,0.0,,
2841,40,1,50,121615,-1,-28.0,0.0,0.0,0,0.0,0.0,0,,-1,0,0.0,0.0,0.0,,"BN:102,-2####"
2842,40,1,50,121746,-1,200.0,59140.0,0.0,1,0.0,0.0,0,,-1,0,0.0,0.0,0.0,,
2843,40,1,50,121904,-1,0.0,0.0,0.0,0,0.0,0.0,0,,-1,0,0.0,0.0,0.0,,"BN:102,-2####"
2844,40,1,50,121949,-1,0.0,0.0,0.0,0,0.0,0.0,0,,-1,0,0.0,0.0,0.0,,"BN:102,-2####"
2845,40,1,50,121962,-1,0.0,0.0,0.0,0,0.0,0.0,0,,-1,0,0.0,0.0,0.0,,"BN:102,-2####"
2846,1,1,60,234239,-1,0.0,0.0,0.0,0,0.0,0.0,0,51019056414 / 0,-1,0,0.0,0.0,0.0,,"BN:32,-2####"
2847,1,1,50,100188,-1,0.0,0.0,0.0,1,0.0,0.0,0,,-1,0,19087.5,0.0,0.0,,"BN:95,-2####"
2848,35,1,50,100188,-1,0.0,0.0,0.0,1,0.0,0.0,0,,-1,0,18817.0,0.0,0.0,,"BN:68,-2####"
2849,1,1,50,104370,-1,0.0,0.0,0.0,1,0.0,0.0,0,,-1,0,1567.73,0.0,0.0,,"BN:95,-2####"
2850,1,1,50,104652,-1,0.0,0.0,0.0,1,0.0,0.0,0,,-1,0,-6208.68,0.0,0.0,,"BN:95,-2####"
2851,1,1,50,121527,-1,0.0,0.0,0.0,2,0.0,0.0,0,,-1,0,-6298.73,0.0,0.0,,"BN:95,-2####"
2852,1,1,50,122194,-1,0.0,0.0,0.0,2,0.0,0.0,0,,-1,0,-6569.83,0.0,0.0,,"BN:95,-2####"
2853,2,1,60,219090,-1,0.0,0.0,0.0,1,0.0,0.0,0,91057188304 / 0,-1,0,-2081.73,0.0,0.0,,
2854,2,1,60,220771,-1,5372.556,300000.0,0.0,0,0.0,0.0,0,34699259 / 04,-1,0,0.0,0.0,0.0,,"BN:13,-2####"
2855,1,1,50,101220,-1,0.0,0.0,0.0,0,0.0,0.0,0,,-1,0,0.0,0.0,0.0,,
2856,1,1,50,105434,-1,0.0,0.0,0.0,0,0.0,0.0,0,,-1,0,0.0,0.0,0.0,,"BN:95,-2####"
2857,1,1,50,121244,-1,0.0,0.0,0.0,0,0.0,0.0,0,,-1,0,0.0,0.0,0.0,,
2858,1,1,60,212896,-1,0.0,0.0,0.0,1,0.0,0.0,0,79915138162 / 0,-1,0,17740.28,0.0,0.0,,"BN:32,-2####"
2859,35,1,60,212896,-1,0.0,0.0,0.0,0,0.0,0.0,0,79915154431 / 0,-1,0,0.0,0.0,0.0,,"BN:71,-2####"
2860,35,1,60,220771,-1,1429.777,80000.0,0.0,0,0.0,0.0,0,34719701 / 79,-1,0,0.0,0.0,0.0,,"BN:71,-2####"
2861,40,1,60,212896,-1,0.0,0.0,0.0,1,0.0,0.0,0,79915138125 / 0,-1,0,-10742.28,0.0,0.0,,"BN:101,-2####"
2862,2,1,60,212896,-1,0.0,0.0,0.0,1,0.0,0.0,0,79915224832 / 0,-1,0,-34687.83,0.0,0.0,,"BN:13,-2####"
2863,4,1,60,212896,-1,0.0,0.0,0.0,1,0.0,0.0,0,79915225076 / 0,-1,0,8106.17000000001,0.0,0.0,,"BN:48,-2####"
2864,40,1,60,212962,-1,230.762,85000.0,0.0,0,0.0,0.0,0,9373134 / 25,-1,0,0.0,0.0,0.0,,"BN:101,-2####"
2865,1,1,60,220771,-1,-350.19,0.0,0.0,1,0.0,0.0,0,34838122 / 30,-1,0,0.0,0.0,0.0,,
2866,1,1,60,231492,-1,0.0,0.0,0.0,0,0.0,0.0,0,9109048562 / 0,-1,0,0.0,0.0,0.0,,"BN:32,-2####"
2867,2,1,60,232155,-1,2215.001,45000.0,0.0,0,0.0,0.0,0,15228441 / 28,-1,0,0.0,0.0,0.0,,"BN:13,-2####"
2868,40,1,60,231492,-1,0.0,0.0,0.0,1,0.0,0.0,0,9109048722 / 0,-1,0,-1956.98,0.0,0.0,,"BN:101,-2####"
2869,64,1,60,212896,-1,0.0,0.0,0.0,1,0.0,0.0,0,79915382765 / 0,-1,0,-1461.05,0.0,0.0,,"BN:132,-2####"
2870,64,1,60,220771,-1,350.19,20000.0,0.0,0,0.0,0.0,0,34838122/30,-1,0,0.0,0.0,0.0,,"BN:132,-2####"
2871,2,1,40,440788,-1,14200.0,1439902.0,0.0,2,0.0,0.0,0,,-1,0,0.0,0.0,0.0,,"BN:13,-2####"
2872,2,1,40,440767,-1,10000.0,985633.34,0.0,2,0.0,0.0,0,,-1,0,0.0,0.0,0.0,,"BN:97,-2####"
2873,2,1,40,440888,-1,1000.0,91100.0,0.0,2,0.0,0.0,0,,-1,0,0.0,0.0,0.0,,"BN:13,-2####"
2874,2,1,40,440775,-1,10000.0,932000.0,0.0,2,0.0,0.0,0,,-1,0,0.0,0.0,0.0,,"BN:13,-2####"
2875,2,1,40,440801,-1,6900.0,637914.0,0.0,2,0.0,0.0,0,,-1,0,0.0,0.0,0.0,,"BN:13,-2####"
2876,2,1,40,440889,-1,4600.0,421076.0,0.0,2,0.0,0.0,0,,-1,0,0.0,0.0,0.0,,"BN:13,-2####"
2877,40,1,40,440788,-1,4000.0,408576.76,0.0,2,0.0,0.0,0,,-1,0,0.0,0.0,0.0,,"BN:101,-2####"
2878,40,1,40,440775,-1,300.0,28335.08,0.0,2,0.0,0.0,0,,-1,0,0.0,0.0,0.0,,"BN:101,-2####"
2879,4,1,40,440788,-1,10000.0,1053693.89,0.0,2,0.0,0.0,0,,-1,0,0.0,0.0,0.0,,"BN:48,-2####"
2880,2,1,50,102874,-1,0.0,0.0,0.0,2,0.0,0.0,0,,-1,0,526.799999999999,0.0,0.0,,"BN:97,-2####"
2881,2,1,50,104459,-1,0.0,0.0,0.0,2,0.0,0.0,0,,-1,0,-3310.0,0.0,0.0,,"BN:97,-2####"
2882,2,1,50,104511,-1,0.0,0.0,0.0,4,0.0,0.0,0,,-1,0,-7375.05,0.0,0.0,,"BN:97,-2####"
2883,2,1,50,104512,-1,0.0,0.0,0.0,4,0.0,0.0,0,,-1,0,6378.3,0.0,0.0,,"BN:97,-2####"
2884,2,1,50,105096,-1,0.0,0.0,0.0,2,0.0,0.0,0,,-1,0,2453.85,0.0,0.0,,"BN:97,-2####"
2885,2,1,50,106097,-1,0.0,0.0,0.0,2,0.0,0.0,0,,-1,0,-1534.3,0.0,0.0,,"BN:97,-2####"
2886,2,1,50,121750,-1,0.0,0.0,0.0,2,0.0,0.0,0,,-1,0,-10234.9,0.0,0.0,,"BN:97,-2####"
2887,40,1,50,102874,-1,0.0,0.0,0.0,2,0.0,0.0,0,,-1,0,246.4,0.0,0.0,,"BN:102,-2####"
2888,40,1,50,104310,-1,0.0,0.0,0.0,3,0.0,0.0,0,,-1,0,-1165.2,0.0,0.0,,"BN:102,-2####"
2889,40,1,50,104459,-1,0.0,0.0,0.0,2,0.0,0.0,0,,-1,0,-1499.3,0.0,0.0,,"BN:102,-2####"
2890,40,1,50,104512,-1,0.0,0.0,0.0,4,0.0,0.0,0,,-1,0,2415.75,0.0,0.0,,"BN:102,-2####"
2891,40,1,50,105096,-1,0.0,0.0,0.0,2,0.0,0.0,0,,-1,0,1667.7,0.0,0.0,,"BN:102,-2####"
2892,40,1,50,106097,-1,0.0,0.0,0.0,2,0.0,0.0,0,,-1,0,-586.0,0.0,0.0,,"BN:102,-2####"
2893,40,1,50,121750,-1,0.0,0.0,0.0,2,0.0,0.0,0,,-1,0,-5246.25,0.0,0.0,,"BN:102,-2####"
2894,1,1,40,440788,-1,10900.0,1091183.96,0.0,2,0.0,0.0,0,,-1,0,0.0,0.0,0.0,,"BN:32,-2####"
2895,1,1,40,440888,-1,500.0,47724.44,0.0,2,0.0,0.0,0,,-1,0,0.0,0.0,0.0,,"BN:32,-2####"
2896,1,1,40,440889,-1,1000.0,93951.23,0.0,2,0.0,0.0,0,,-1,0,0.0,0.0,0.0,,"BN:32,-2####"
2897,1,1,40,440767,-1,10000.0,998000.0,0.0,2,0.0,0.0,0,,-1,0,0.0,0.0,0.0,,"BN:32,-2####"
2898,1,1,40,440776,-1,10000.0,1013800.0,0.0,2,0.0,0.0,0,,-1,0,0.0,0.0,0.0,,"BN:32,-2####"
2899,1,1,40,440801,-1,3100.0,286500.0,0.0,2,0.0,0.0,0,,-1,0,0.0,0.0,0.0,,"BN:32,-2####"
2900,40,1,50,122805,-1,0.0,0.0,0.0,1,0.0,0.0,0,,-1,0,6161.33,0.0,0.0,,
2901,2,1,50,104841,-1,0.0,0.0,0.0,0,0.0,0.0,0,,-1,0,0.0,0.0,0.0,,
2902,2,1,50,105216,-1,0.0,0.0,0.0,0,0.0,0.0,0,,-1,0,0.0,0.0,0.0,,
2903,2,1,50,100027,-1,0.0,0.0,0.0,0,0.0,0.0,0,,-1,0,0.0,0.0,0.0,,
2904,2,1,50,100379,-1,0.0,0.0,0.0,0,0.0,0.0,0,,-1,0,0.0,0.0,0.0,,
2905,1,1,50,123247,-1,0.0,0.0,0.0,0,0.0,0.0,0,,-1,0,0.0,0.0,0.0,,"BN:32,-2####"
2906,4,1,40,442434,-1,10000.0,1035000.0,0.0,2,0.0,0.0,0,,-1,0,0.0,0.0,0.0,,"BN:48,-2####"
2907,2,1,40,442434,-1,10000.0,1035028.0,0.0,2,0.0,0.0,0,,-1,0,0.0,0.0,0.0,,"BN:97,-2####"
2908,40,1,50,101220,-1,0.0,0.0,0.0,0,0.0,0.0,0,,-1,0,0.0,0.0,0.0,,
2909,40,1,50,102066,-1,0.0,0.0,0.0,0,0.0,0.0,0,,-1,0,0.0,0.0,0.0,,"BN:102,-2####"
2910,40,1,50,103140,-1,0.0,0.0,0.0,0,0.0,0.0,0,,-1,0,0.0,0.0,0.0,,
2911,40,1,50,104711,-1,0.0,0.0,0.0,0,0.0,0.0,0,,-1,0,0.0,0.0,0.0,,"BN:102,-2####"
2912,40,1,50,105212,-1,0.0,0.0,0.0,0,0.0,0.0,0,,-1,0,0.0,0.0,0.0,,
2913,40,1,50,105434,-1,0.0,0.0,0.0,0,0.0,0.0,0,,-1,0,0.0,0.0,0.0,,
2914,40,1,50,106085,-1,0.0,0.0,0.0,0,0.0,0.0,0,,-1,0,0.0,0.0,0.0,,"BN:102,-2####"
2915,40,1,50,121244,-1,0.0,0.0,0.0,0,0.0,0.0,0,,-1,0,0.0,0.0,0.0,,
2916,40,1,50,121527,-1,0.0,0.0,0.0,0,0.0,0.0,0,,-1,0,0.0,0.0,0.0,,
2917,40,1,50,122142,-1,0.0,0.0,0.0,0,0.0,0.0,0,,-1,0,0.0,0.0,0.0,,
2918,40,1,50,122194,-1,0.0,0.0,0.0,0,0.0,0.0,0,,-1,0,0.0,0.0,0.0,,
2919,35,1,50,100038,-1,80.0,22656.3,0.0,2,0.0,0.0,0,,-1,0,14926.55,0.0,0.0,,"BN:68,-2####"
2920,1,1,50,100225,-1,0.0,0.0,0.0,0,0.0,0.0,0,,-1,0,0.0,0.0,0.0,,
2921,2,1,50,100038,-1,50.0,14182.5,0.0,2,0.0,0.0,0,,-1,0,0.0,0.0,0.0,,"BN:97,-2####"
2922,2,1,60,220440,-1,0.0,0.0,0.0,0,0.0,0.0,0,91057188304 / 0,-1,0,0.0,0.0,0.0,,"BN:13,-2####"
2923,2,1,60,234701,-1,105779.768,812756.3,0.0,0,0.0,0.0,0,91057188304 / 0,-1,0,0.0,0.0,0.0,,"BN:13,-2####"
2924,40,1,60,234701,-1,0.0,0.0,0.0,0,0.0,0.0,0,91049626794 / 0,-1,0,0.0,0.0,0.0,,"BN:101,-2####"
2925,2,1,50,105464,-1,0.0,0.0,0.0,0,0.0,0.0,0,,-1,0,0.0,0.0,0.0,,
2926,35,1,50,103750,-1,0.0,0.0,0.0,1,0.0,0.0,0,,-1,0,6887.56,0.0,0.0,,
2927,1,1,60,234701,-1,53747.837,530000.0,0.0,0,0.0,0.0,0,91049521142 / 0,-1,0,0.0,0.0,0.0,,"BN:32,-2####"
2928,4,1,60,220440,-1,0.0,0.0,0.0,0,0.0,0.0,0,91049485403 / 0,-1,0,0.0,0.0,0.0,,"BN:48,-2####"
2929,4,1,60,234701,-1,0.0,0.0,0.0,0,0.0,0.0,0,91049485403 / 0,-1,0,0.0,0.0,0.0,,"BN:48,-2####"
2930,4,1,50,121963,-1,0.0,0.0,0.0,1,0.0,0.0,0,,-1,0,-16200.0,0.0,0.0,,
2931,2,1,60,233212,-1,0.0,0.0,0.0,2,0.0,0.0,0,91026866652 / 0,-1,0,-333.339999999997,0.0,0.0,,"BN:13,-2####"
2932,40,1,60,233212,-1,13738.363,265000.0,0.0,0,0.0,0.0,0,91026913966 / 0,-1,0,0.0,0.0,0.0,,"BN:101,-2####"
2933,1,1,50,100148,-1,0.0,0.0,0.0,2,0.0,0.0,0,,-1,0,-1802.0,0.0,0.0,,"BN:95,-2####"
2934,1,1,50,103140,-1,0.0,0.0,0.0,1,0.0,0.0,0,,-1,0,-1810.4,0.0,0.0,,
2935,1,1,50,104711,-1,0.0,0.0,0.0,1,0.0,0.0,0,,-1,0,-688.5,0.0,0.0,,
2936,1,1,50,106085,-1,0.0,0.0,0.0,1,0.0,0.0,0,,-1,0,-4191.2,0.0,0.0,,"BN:95,-2####"
2937,1,1,50,101618,-1,0.0,0.0,0.0,2,0.0,0.0,0,,-1,0,4000.1,0.0,0.0,,"BN:95,-2####"
2938,2,1,50,122630,-1,0.0,0.0,0.0,0,0.0,0.0,0,,-1,0,0.0,0.0,0.0,,
2939,1,1,60,234799,-1,30183.167,261286.23,0.0,1,0.0,0.0,0,91027880641 / 0,-1,0,0.0,0.0,0.0,,"BN:32,-2####"
2940,1,1,50,104722,-1,0.0,0.0,0.0,3,0.0,0.0,0,,-1,0,12406.5,0.0,0.0,,
2941,40,1,50,103475,-1,0.0,0.0,0.0,4,0.0,0.0,0,,-1,0,240.0,0.0,0.0,,"BN:102,-2####"
2942,1,1,50,121267,-1,0.0,0.0,0.0,2,0.0,0.0,0,,-1,0,17886.0,0.0,0.0,,"BN:95,-2####"
2943,40,1,50,101517,-1,0.0,0.0,0.0,3,0.0,0.0,0,,-1,0,7179.0,0.0,0.0,,"BN:102,-2####"
2944,40,1,50,121267,-1,0.0,0.0,0.0,4,0.0,0.0,0,,-1,0,41117.2,0.0,0.0,,"BN:102,-2####"
2945,4,1,140,750,-1,0.0,0.0,0.0,0,0.0,0.0,0,,-1,0,0.0,0.0,0.0,,
2946,40,1,50,100240,-1,0.0,0.0,0.0,2,0.0,0.0,0,,-1,0,3153.0,0.0,0.0,,"BN:102,-2####"
2947,1,1,50,122681,-1,0.0,0.0,0.0,0,0.0,0.0,0,,-1,0,0.0,0.0,0.0,,
2948,2,1,40,426039,-1,0.0,0.0,0.0,3,0.0,0.0,0,,-1,0,53810.0,0.0,0.0,,"BN:97,-2####"
2949,2,1,40,426977,-1,5.0,40500.0,0.0,2,0.0,0.0,0,,-1,0,0.0,0.0,0.0,,"BN:97,-2####"
2950,2,1,50,122790,-1,0.0,0.0,0.0,0,0.0,0.0,0,,-1,0,0.0,0.0,0.0,,
2951,2,1,40,426647,-1,8.0,64224.0,0.0,2,0.0,0.0,0,,-1,0,0.0,0.0,0.0,,"BN:97,-2####"
2952,2,1,40,426676,-1,10.0,80910.0,0.0,2,0.0,0.0,0,,-1,0,0.0,0.0,0.0,,"BN:97,-2####"
2953,1,1,50,122790,-1,0.0,0.0,0.0,0,0.0,0.0,0,,-1,0,0.0,0.0,0.0,,
2954,2,1,60,213985,-1,3005.307,450000.0,0.0,1,0.0,0.0,0,51025694444 / 0,-1,0,0.0,0.0,0.0,,"BN:13,-2####"
2955,2,1,50,104722,-1,0.0,0.0,0.0,1,0.0,0.0,0,,-1,0,904.0,0.0,0.0,,
2956,40,1,50,100517,-1,0.0,0.0,0.0,2,0.0,0.0,0,,-1,0,-3117.6,0.0,0.0,,"BN:102,-2####"
2957,40,1,50,104722,-1,0.0,0.0,0.0,1,0.0,0.0,0,,-1,0,1960.0,0.0,0.0,,
2958,2,1,50,123416,-1,0.0,0.0,0.0,0,0.0,0.0,0,,-1,0,0.0,0.0,0.0,,
2959,1,1,50,103475,-1,0.0,0.0,0.0,4,0.0,0.0,0,,-1,0,3127.5,0.0,0.0,,"BN:95,-2####"
2960,1,1,50,123416,-1,0.0,0.0,0.0,0,0.0,0.0,0,,-1,0,0.0,0.0,0.0,,
2961,1,1,50,105468,-1,2000.0,6280.0,0.0,0,0.0,0.0,0,,-1,0,0.0,0.0,0.0,,
2962,67,1,60,214155,-1,80.215,288207.47,0.0,95,0.0,0.0,0,91030222832 / 0,-1,0,2932.11999999997,0.0,0.0,,"BN:134,-2####"
2963,67,1,60,229587,-1,9038.253,132389.91,0.0,91,0.0,0.0,0,910107197092 / 0,-1,0,2700.85000000002,0.0,0.0,,"BN:134,-2####"
2964,1,1,60,221255,-1,1061.182,21472.88,0.0,2,0.0,0.0,0,91027880641 / 0,-1,0,21475.88,0.0,0.0,,"BN:32,-2####"
2965,2,1,60,234799,-1,55840.845,473000.0,0.0,1,0.0,0.0,0,91026866652 / 0,-1,0,0.0,0.0,0.0,,"BN:13,-2####"
2966,67,1,60,234701,-1,0.0,0.0,0.0,12,0.0,0.0,0,910107197092 / 0,-1,0,8891.23,0.0,0.0,,"BN:134,-2####"
2967,67,1,60,234799,-1,0.0,0.0,0.0,95,0.0,0.0,0,91030222832 / 0,-1,0,13753.35,0.0,0.0,,"BN:134,-2####"
2968,1,1,60,212947,-1,609.112,472000.0,0.0,2,0.0,0.0,0,38034478 / 91,-1,0,0.0,0.0,0.0,,"BN:95,-2####"
2969,35,1,60,213314,-1,61.722,245353.36,0.0,168,0.0,0.0,0,70072023 / 01,-1,0,6593.00000000017,0.0,0.0,,"BN:71,-2####"
2970,35,1,60,227062,-1,0.0,0.0,0.0,24,0.0,0.0,0,70072023 / 01,-1,0,8928.62000000001,0.0,0.0,,"BN:71,-2####"
2971,2,1,60,213312,-1,3.549,1372.05,0.0,3,0.0,0.0,0,34699259 / 04,-1,0,1372.05,0.0,0.0,,"BN:13,-2####"
2972,35,1,60,233931,-1,41966.387,582734.36,0.0,114,0.0,0.0,0,70072023 / 01,-1,0,0.0,0.0,0.0,,"BN:71,-2####"
2973,40,1,60,213291,-1,0.08,416.04,0.0,3,0.0,0.0,0,14472046 / 92,-1,0,3868.15,0.0,0.0,,"BN:101,-2####"
2974,40,1,60,213314,-1,5.481,20175.38,0.0,4,0.0,0.0,0,9373134 / 25,-1,0,6930.96,0.0,0.0,,"BN:101,-2####"
2975,40,1,60,212947,-1,287.525,222000.0,0.0,1,0.0,0.0,0,38044977 / 22,-1,0,0.0,0.0,0.0,,"BN:101,-2####"
2976,4,1,60,227774,-1,0.0,0.0,0.0,4,0.0,0.0,0,11554985,-1,0,3645.45,0.0,0.0,,"BN:96,-2####"
2977,35,1,60,214155,-1,0.0,0.0,0.0,1,0.0,0.0,0,91031207053 / 0,-1,0,5641.28999999999,0.0,0.0,,"BN:71,-2####"
2978,35,1,60,213312,-1,505.425,195397.9,0.0,69,0.0,0.0,0,38048146 / 21,-1,0,5448.04999999992,0.0,0.0,,"BN:71,-2####"
2979,35,1,60,213538,-1,0.0,0.0,0.0,1,0.0,0.0,0,13089000 / 55,-1,0,3876.53,0.0,0.0,,"BN:71,-2####"
2980,40,1,60,233931,-1,15816.541,200000.0,0.0,1,0.0,0.0,0,9373134 / 25,-1,0,0.0,0.0,0.0,,"BN:101,-2####"
2981,35,1,60,212947,-1,209.203,170000.0,0.0,66,0.0,0.0,0,38048146 / 21,-1,0,0.0,0.0,0.0,,"BN:71,-2####"
2982,1,1,60,233212,-1,20202.363,327000.0,0.0,1,0.0,0.0,0,91027880641 / 0,-1,0,0.0,0.0,0.0,,"BN:32,-2####"
2983,4,1,60,231492,-1,0.0,0.0,0.0,1,0.0,0.0,0,91011262372 / 0,-1,0,29206.04,0.0,0.0,,"BN:48,-2####"
2984,1,1,60,220440,-1,3334.401,208000.0,0.0,0,0.0,0.0,0,9105363746 / 0,-1,0,0.0,0.0,0.0,,"BN:32,-2####"
2985,1,1,60,220440,-1,2308.431,144000.0,0.0,0,0.0,0.0,0,91049521142 / 0,-1,0,0.0,0.0,0.0,,"BN:32,-2####"
2986,40,1,50,105464,-1,0.0,0.0,0.0,1,0.0,0.0,0,,-1,0,27924.1,0.0,0.0,,
2987,40,1,50,122790,-1,0.0,0.0,0.0,2,0.0,0.0,0,,-1,0,-97850.45,0.0,0.0,,"BN:102,-2####"
2988,1,1,60,212962,-1,291.668,90000.0,0.0,0,0.0,0.0,0,5537291 / 56,-1,0,0.0,0.0,0.0,,"BN:32,-2####"
2989,1,1,60,234701,-1,14285.77,106000.0,0.0,0,0.0,0.0,0,9105363746 / 0,-1,0,0.0,0.0,0.0,,"BN:32,-2####"
2990,40,1,60,234799,-1,13029.853,100000.0,0.0,1,0.0,0.0,0,91026913966 / 0,-1,0,0.0,0.0,0.0,,"BN:101,-2####"
2991,35,1,50,122790,-1,0.0,0.0,0.0,3,0.0,0.0,0,,-1,0,-63035.16,0.0,0.0,,"BN:68,-2####"
2992,35,1,50,123416,-1,0.0,0.0,0.0,3,0.0,0.0,0,,-1,0,10895.81,0.0,0.0,,
2993,1,1,60,213079,-1,2897.449,300000.0,0.0,2,0.0,0.0,0,5537291 / 56,-1,0,0.0,0.0,0.0,,"BN:32,-2####"
2994,4,1,60,213079,-1,4827.1644,500000.0,0.0,1,0.0,0.0,0,70245382,-1,0,0.0,0.0,0.0,,"BN:48,-2####"
2995,35,1,50,100452,-1,0.0,0.0,0.0,1,0.0,0.0,0,,-1,0,5649.34,0.0,0.0,,"BN:68,-2####"
2996,2,1,60,213314,-1,0.0,0.0,0.0,4,0.0,0.0,0,5537285 / 74,-1,0,1416.5,0.0,0.0,,"BN:13,-2####"
2997,2,1,60,213958,-1,5041.036,200000.0,0.0,1,0.0,0.0,0,14544598 / 07,-1,0,0.0,0.0,0.0,,"BN:13,-2####"
2998,4,1,60,213291,-1,0.0,0.0,0.0,4,0.0,0.0,0,14425316 / 20,-1,0,1439.75,0.0,0.0,,"BN:48,-2####"
2999,35,1,60,213900,-1,2744.695,100000.0,0.0,1,0.0,0.0,0,38048146 / 21,-1,0,0.0,0.0,0.0,,"BN:71,-2####"
3000,35,1,60,215306,-1,3016.595,200000.0,0.0,1,0.0,0.0,0,34719701 / 79,-1,0,0.0,0.0,0.0,,"BN:71,-2####"
3001,2,1,60,213079,-1,973.157,100000.0,0.0,1,0.0,0.0,0,5548051 / 77,-1,0,0.0,0.0,0.0,,"BN:13,-2####"
3002,67,1,60,212667,-1,621.263,50000.0,0.0,1,0.0,0.0,0,599378417875 / 0,-1,0,0.0,0.0,0.0,,"BN:134,-2####"
3003,67,1,60,214252,-1,0.0,0.0,0.0,4,0.0,0.0,0,599378412016 / 0,-1,0,138.340000000002,0.0,0.0,,"BN:134,-2####"
3004,67,1,60,213314,-1,0.0,0.0,0.0,53,0.0,0.0,0,10167232 / 51,-1,0,1483.93999999997,0.0,0.0,,"BN:134,-2####"
3005,67,1,60,233931,-1,7247.357,100000.0,0.0,2,0.0,0.0,0,10168558 / 50,-1,0,0.0,0.0,0.0,,"BN:134,-2####"
3006,35,1,60,213079,-1,1442.871,147865.71,0.0,77,0.0,0.0,0,70072023 / 01,-1,0,0.0,0.0,0.0,,
3007,67,1,60,234227,-1,5647.232,79459.52,0.0,79,0.0,0.0,0,910107197092 / 0,-1,0,0.0,0.0,0.0,,
3008,67,1,60,212667,-1,620.789,50137.84,0.0,3,0.0,0.0,0,599378412016 / 0,-1,0,0.0,0.0,0.0,,
3009,2,1,60,212947,-1,26.408,22000.0,0.0,1,0.0,0.0,0,34699259 / 04,-1,0,0.0,0.0,0.0,,"BN:13,-2####"
3010,2,1,60,234074,-1,0.0,0.0,0.0,2,0.0,0.0,0,91057188304 / 0,-1,0,767.959999999999,0.0,0.0,,"BN:13,-2####"
3011,40,1,60,232442,-1,3617.056,72000.0,0.0,2,0.0,0.0,0,31031249691 / 0,-1,0,0.0,0.0,0.0,,"BN:101,-2####"
3012,67,1,60,231285,-1,427.429,22000.0,0.0,1,0.0,0.0,0,6272761 / 08,-1,0,0.0,0.0,0.0,,"BN:134,-2####"
3013,1,1,50,100719,-1,0.0,0.0,0.0,3,0.0,0.0,0,,-1,0,33165.0,0.0,0.0,,"BN:95,-2####"
3014,1,1,60,214210,-1,-991.925,0.0,0.0,31,0.0,0.0,0,6341159 / 66,-1,0,0.0,0.0,0.0,,
3015,67,1,60,212947,-1,72.456,60000.0,0.0,1,0.0,0.0,0,39318845 / 24,-1,0,0.0,0.0,0.0,,"BN:134,-2####"
3016,67,1,60,231285,-1,0.0,0.0,0.0,2,0.0,0.0,0,6358340 / 30,-1,0,2147.75,0.0,0.0,,"BN:134,-2####"
3017,40,1,50,104699,-1,0.0,0.0,0.0,2,0.0,0.0,0,,-1,0,18557.5,0.0,0.0,,
3018,1,1,50,100104,-1,0.0,0.0,0.0,5,0.0,0.0,0,,-1,0,7349.3,0.0,0.0,,
3019,1,1,50,122169,-1,730.0,169763.7,0.0,13,0.0,0.0,0,,-1,0,44114.07,0.0,0.0,,
3020,1,1,60,231285,-1,0.0,0.0,0.0,8,0.0,0.0,0,6364315 / 50,-1,0,-20760.42,0.0,0.0,,"BN:32,-2####"
3021,1,1,60,231285,-1,0.0,0.0,0.0,32,0.0,0.0,0,6341159 / 66,-1,0,938.54,0.0,0.0,,
3022,1,1,50,100879,-1,0.0,0.0,0.0,2,0.0,0.0,0,,-1,0,840.0,0.0,0.0,,
3023,1,1,50,103391,-1,3500.0,88900.0,0.0,1,0.0,0.0,0,,-1,0,0.0,0.0,0.0,,
3024,1,1,50,105464,-1,0.0,0.0,0.0,2,0.0,0.0,0,,-1,0,2806.7,0.0,0.0,,
3025,1,1,50,123549,-1,-10.0,0.0,0.0,1,0.0,0.0,0,,-1,0,0.0,0.0,0.0,,
3026,1,1,50,123550,-1,-10.0,0.0,0.0,1,0.0,0.0,0,,-1,0,0.0,0.0,0.0,,
3027,1,1,60,233931,-1,5311.011,75000.0,0.0,1,0.0,0.0,0,10331828/90,-1,0,0.0,0.0,0.0,,"BN:32,-2####"
3028,1,1,60,232442,-1,0.0,0.0,0.0,5,0.0,0.0,0,31033176971 / 0,-1,0,-31868.1,0.0,0.0,,"BN:32,-2####"
3029,8,1,30,1911400,-1,0.0,0.0,0.0,2,0.0,0.0,0,,-1,0,-6362.8600000001,0.0,0.0,,
3030,8,1,30,1927734,-1,0.0,0.0,0.0,2,0.0,0.0,0,,-1,0,6914.6399999999,0.0,0.0,,
3031,2,1,60,233931,-1,3563.893,50000.0,0.0,1,0.0,0.0,0,5548051 / 77,-1,0,0.0,0.0,0.0,,"BN:13,-2####"
3032,1,1,50,101130,-1,0.0,0.0,0.0,3,0.0,0.0,0,,-1,0,2820.85,0.0,0.0,,
3033,3,1,50,105055,-1,200.0,2000.0,0.0,0,0.0,0.0,0,,-1,0,0.0,0.0,0.0,,
3034,40,1,50,123776,-1,0.0,0.0,0.0,2,0.0,0.0,0,,-1,0,3706.8,0.0,0.0,,"BN:102,-2####"
3035,40,1,60,214210,-1,0.0,0.0,0.0,2,0.0,0.0,0,6969537 / 30,-1,0,2425.96000000001,0.0,0.0,,"BN:101,-2####"
3036,40,1,60,234957,-1,0.0,0.0,0.0,2,0.0,0.0,0,910136545781 / 0,-1,0,2610.84,0.0,0.0,,"BN:101,-2####"
3037,1,1,60,214210,-1,0.0,0.0,0.0,2,0.0,0.0,0,6364315 / 50,-1,0,4836.89000000001,0.0,0.0,,"BN:32,-2####"
3038,2,1,40,434572,-1,0.0,0.0,0.0,0,0.0,0.0,0,,-1,0,0.0,0.0,0.0,,
3039,1,1,60,212947,-1,72.456,60000.0,0.0,1,0.0,0.0,0,39319480,-1,0,0.0,0.0,0.0,,"BN:32,-2####"
3040,1,1,60,233931,-1,3523.432,50000.0,0.0,1,0.0,0.0,0,10339800/36,-1,0,0.0,0.0,0.0,,"BN:32,-2####"
3041,2,1,60,231551,-1,6979.096,164212.61,0.0,2,0.0,0.0,0,499279875595 / 0,-1,0,0.0,0.0,0.0,,"BN:13,-2####"
3042,40,1,50,101076,-1,0.0,0.0,0.0,4,0.0,0.0,0,,-1,0,-6039.22,0.0,0.0,,"BN:102,-2####"
3043,40,1,50,102987,-1,0.0,0.0,0.0,2,0.0,0.0,0,,-1,0,-5752.5,0.0,0.0,,
3044,40,1,50,123645,-1,0.0,0.0,0.0,2,0.0,0.0,0,,-1,0,-11869.38,0.0,0.0,,
3045,1,1,50,101076,-1,0.0,0.0,0.0,4,0.0,0.0,0,,-1,0,-4734.41,0.0,0.0,,"BN:95,-2####"
3046,1,1,50,102987,-1,0.0,0.0,0.0,2,0.0,0.0,0,,-1,0,-3210.0,0.0,0.0,,
3047,1,1,50,123645,-1,0.0,0.0,0.0,2,0.0,0.0,0,,-1,0,-8526.48,0.0,0.0,,
3048,35,1,40,426703,-1,5.0,61108.95,0.0,2,0.0,0.0,0,,-1,0,0.0,0.0,0.0,,"BN:68,-2####"
3049,4,1,40,427279,-1,5.0,63995.0,0.0,2,0.0,0.0,0,,-1,0,0.0,0.0,0.0,,"BN:48,-2####"
3050,67,1,60,233931,-1,3347.156,51483.94,0.0,52,0.0,0.0,0,10167232 / 51,-1,0,0.0,0.0,0.0,,
3051,40,1,50,123916,-1,0.0,0.0,0.0,2,0.0,0.0,0,,-1,0,85914.3,0.0,0.0,,"BN:101,-2####"
3052,1,1,50,123916,-1,0.0,0.0,0.0,2,0.0,0.0,0,,-1,0,104650.0,0.0,0.0,,"BN:32,-2####"
3053,1,1,50,123602,-1,-100.0,0.0,0.0,3,0.0,0.0,0,,-1,0,-37890.7,0.0,0.0,,
3054,35,1,70,751,-1,0.0,0.0,0.0,0,0.0,0.0,0,,-1,0,0.0,0.0,0.0,,"BN:71,-2####"
3055,3,1,77,752,-1,10.2606,17179.87,0.0,5,0.0,0.0,1,,-1,0,0.0,0.0,0.0,,
3056,3,1,75,753,-1,67.0,0.22,0.0,2,0.0,0.0,1,,-1,0,0.0,0.0,0.0,,
3057,3,1,77,754,-1,0.4,0.04,0.0,1,0.0,0.0,1,,-1,0,0.0,0.0,0.0,,
3058,40,1,50,101684,-1,100.0,35275.0,0.0,7,0.0,0.0,0,,-1,0,61490.25,0.0,0.0,,"BN:102,-2####"
3059,40,1,50,122169,-1,2071.0,486814.47,0.0,10,0.0,0.0,0,,-1,0,16758.25,0.0,0.0,,
3060,4,1,60,213985,-1,1612.53,275000.0,0.0,3,0.0,0.0,0,51025980465 / 0,-1,0,0.0,0.0,0.0,,"BN:96,-2####"
3061,67,1,60,233695,-1,5492.06,150000.0,0.0,2,0.0,0.0,0,18121245,-1,0,0.0,0.0,0.0,,"BN:134,-2####"
3062,4,1,60,231551,-1,12605.413,325000.0,0.0,3,0.0,0.0,0,404133492841 / 0,-1,0,0.0,0.0,0.0,,"BN:96,-2####"
3063,40,1,40,426715,-1,10.0,136910.0,0.0,3,0.0,0.0,0,,-1,0,0.0,0.0,0.0,,"BN:102,-2####"
3064,1,1,50,124044,-1,0.0,0.0,0.0,3,0.0,0.0,0,,-1,0,53304.0,0.0,0.0,,"BN:95,-2####"
3065,40,1,50,105124,-1,608.0,74938.26,0.0,3,0.0,0.0,0,,-1,0,0.0,0.0,0.0,,
3066,2,1,50,122169,-1,0.0,0.0,0.0,2,0.0,0.0,0,,-1,0,12206.0,0.0,0.0,,
3067,64,1,60,214210,-1,998.367,35000.0,0.0,1,0.0,0.0,0,6341159/66,-1,0,0.0,0.0,0.0,,"BN:132,-2####"
3068,2,1,60,214155,-1,112.734,399665.66,0.0,2,0.0,0.0,0,91026866652 / 0,-1,0,0.0,0.0,0.0,,"BN:13,-2####"
3069,1,1,50,100135,-1,65.0,40708.75,0.0,2,0.0,0.0,0,,-1,0,0.0,0.0,0.0,,
3070,40,1,60,213924,-1,123.188,360653.01,0.0,57,0.0,0.0,0,79964748286 / 0,-1,0,515.69,0.0,0.0,,"BN:102,-2####"
3071,40,1,60,214155,-1,76.739,273993.15,0.0,112,0.0,0.0,0,91044129963 / 0,-1,0,1092.82,0.0,0.0,,"BN:102,-2####"
3072,1,1,50,123306,-1,2500.0,30460.0,0.0,4,0.0,0.0,0,,-1,0,0.0,0.0,0.0,,
3073,40,1,60,233212,-1,0.0,0.0,0.0,2,0.0,0.0,0,91044127612 / 0,-1,0,-4720.22,0.0,0.0,,"BN:102,-2####"
3074,40,1,60,234448,-1,197.969,2000.0,0.0,56,0.0,0.0,0,79964748286 / 0,-1,0,13139.71,0.0,0.0,,"BN:102,-2####"
3075,40,1,60,234799,-1,0.0,0.0,0.0,2,0.0,0.0,0,91044127602 / 0,-1,0,3590.56,0.0,0.0,,"BN:102,-2####"
3076,40,1,60,235530,-1,0.0,0.0,0.0,3,0.0,0.0,0,18513926,-1,0,2876.09,0.0,0.0,,"BN:102,-2####"
3077,2,1,60,233212,-1,0.0,0.0,0.0,4,0.0,0.0,0,91044592574 / 0,-1,0,-2478.29000000001,0.0,0.0,,"BN:97,-2####"
3078,2,1,60,234448,-1,0.0,0.0,0.0,2,0.0,0.0,0,79955482266 / 0,-1,0,5125.09,0.0,0.0,,"BN:97,-2####"
3079,2,1,60,234799,-1,0.0,0.0,0.0,4,0.0,0.0,0,91044592504 / 0,-1,0,4471.60999999999,0.0,0.0,,"BN:97,-2####"
3080,2,1,60,235530,-1,465.292,4651.17,0.0,41,0.0,0.0,0,15228441 / 28,-1,0,3736.96000000001,0.0,0.0,,"BN:97,-2####"
3081,40,1,60,233212,-1,109.664,2000.0,0.0,54,0.0,0.0,0,91044129963 / 0,-1,0,1486.87,0.0,0.0,,
3082,40,1,60,234799,-1,216.129,2000.0,0.0,54,0.0,0.0,0,91044129963 / 0,-1,0,2414.51,0.0,0.0,,
3083,64,1,60,233212,-1,0.0,0.0,0.0,2,0.0,0.0,0,91044592493 / 0,-1,0,-108.030000000001,0.0,0.0,,"BN:132,-2####"
3084,64,1,60,234448,-1,0.0,0.0,0.0,2,0.0,0.0,0,79987024706 / 0,-1,0,1308.82,0.0,0.0,,"BN:132,-2####"
3085,64,1,60,234799,-1,0.0,0.0,0.0,2,0.0,0.0,0,91044592514 / 0,-1,0,250.719999999999,0.0,0.0,,"BN:132,-2####"
3086,2,1,60,213291,-1,53.212,298130.52,0.0,40,0.0,0.0,0,15228441 / 28,-1,0,547.280000000001,0.0,0.0,,"BN:97,-2####"
3087,2,1,60,214155,-1,112.809,402944.53,0.0,42,0.0,0.0,0,91044592504 / 0,-1,0,382.280000000001,0.0,0.0,,"BN:97,-2####"
3088,4,1,60,213291,-1,86.128,482289.55,0.0,94,0.0,0.0,0,18636976,-1,0,1519.63,0.0,0.0,,"BN:96,-2####"
3089,4,1,60,214155,-1,180.926,650014.06,0.0,188,0.0,0.0,0,91045047956 / 0,-1,0,2109.12000000001,0.0,0.0,,"BN:96,-2####"
3090,4,1,60,233212,-1,274.16,5000.0,0.0,93,0.0,0.0,0,91045047956 / 0,-1,0,29300.25,0.0,0.0,,"BN:96,-2####"
3091,4,1,60,234448,-1,0.0,0.0,0.0,2,0.0,0.0,0,79955487935 / 0,-1,0,5153.0,0.0,0.0,,"BN:96,-2####"
3092,4,1,60,235530,-1,1778.427,17904.95,0.0,92,0.0,0.0,0,18636976,-1,0,22678.12,0.0,0.0,,"BN:96,-2####"
3093,67,1,60,233212,-1,0.0,0.0,0.0,2,0.0,0.0,0,91030222832 / 0,-1,0,1253.4,0.0,0.0,,"BN:134,-2####"
3094,67,1,60,234448,-1,0.0,0.0,0.0,2,0.0,0.0,0,79987483294 / 0,-1,0,3330.87,0.0,0.0,,"BN:134,-2####"
3095,67,1,60,235530,-1,0.0,0.0,0.0,2,0.0,0.0,0,18121245,-1,0,1884.14,0.0,0.0,,"BN:134,-2####"
3096,4,1,60,234799,-1,540.324,5000.0,0.0,90,0.0,0.0,0,91045047956 / 0,-1,0,6179.6,0.0,0.0,,
3097,35,1,50,105271,-1,0.0,0.0,0.0,2,0.0,0.0,0,,-1,0,-1807.87,0.0,0.0,,
3098,2,1,50,101856,-1,500.0,5000.0,0.0,0,0.0,0.0,0,,-1,0,0.0,0.0,0.0,,
3099,4,1,50,101856,-1,500.0,5000.0,0.0,0,0.0,0.0,0,,-1,0,0.0,0.0,0.0,,
3100,3,1,66,755,-1,30.0,30.0,0.0,1,0.0,0.0,1,,-1,0,0.0,0.0,0.0,,
3101,40,1,50,105122,-1,-100.0,0.0,0.0,3,0.0,0.0,0,,-1,0,767.91,0.0,0.0,,
3102,40,1,50,122146,-1,0.0,0.0,0.0,8,0.0,0.0,0,,-1,0,14459.2,0.0,0.0,,
3103,40,1,50,123306,-1,4850.0,55086.0,0.0,3,0.0,0.0,0,,-1,0,0.0,0.0,0.0,,
3104,40,1,50,123343,-1,0.0,0.0,0.0,3,0.0,0.0,0,,-1,0,4398.82,0.0,0.0,,
3105,40,1,50,100135,-1,40.0,19780.0,0.0,1,0.0,0.0,0,,-1,0,0.0,0.0,0.0,,
3106,40,1,50,123602,-1,0.0,0.0,0.0,2,0.0,0.0,0,,-1,0,2596.5,0.0,0.0,,
3107,4,1,50,105271,-1,0.0,0.0,0.0,2,0.0,0.0,0,,-1,0,-14430.0,0.0,0.0,,
3108,4,1,50,123602,-1,0.0,0.0,0.0,2,0.0,0.0,0,,-1,0,9431.94,0.0,0.0,,
3109,2,1,60,233212,-1,109.664,2000.0,0.0,39,0.0,0.0,0,91044592504 / 0,-1,0,1093.05,0.0,0.0,,
3110,4,1,40,464623,-1,0.0,0.0,0.0,0,0.0,0.0,0,,-1,0,0.0,0.0,0.0,,"BN:48,-2####"
3111,2,1,40,464623,-1,0.0,0.0,0.0,0,0.0,0.0,0,,-1,0,0.0,0.0,0.0,,"BN:13,-2####"
3112,1,1,60,233212,-1,0.0,0.0,0.0,2,0.0,0.0,0,91046232461 / 0,-1,0,7163.12,0.0,0.0,,"BN:95,-2####"
3113,1,1,60,234448,-1,0.0,0.0,0.0,2,0.0,0.0,0,79988087324 / 0,-1,0,28179.8,0.0,0.0,,"BN:95,-2####"
3114,1,1,60,235530,-1,24128.984,215000.0,0.0,1,0.0,0.0,0,18819101,-1,0,0.0,0.0,0.0,,"BN:95,-2####"
3115,4,1,60,231285,-1,4726.506,217000.0,0.0,1,0.0,0.0,0,8620534 / 53,-1,0,0.0,0.0,0.0,,"BN:48,-2####"
3116,35,1,60,235530,-1,0.0,0.0,0.0,2,0.0,0.0,0,14767068 / 54,-1,0,15239.65,0.0,0.0,,"BN:71,-2####"
3117,40,1,50,123062,-1,0.0,0.0,0.0,3,0.0,0.0,0,,-1,0,250.0,0.0,0.0,,
3118,40,1,50,100339,-1,0.0,0.0,0.0,2,0.0,0.0,0,,-1,0,-1212.75,0.0,0.0,,
3119,40,1,50,121634,-1,0.0,0.0,0.0,2,0.0,0.0,0,,-1,0,3290.0,0.0,0.0,,
3120,40,1,50,101226,-1,0.0,0.0,0.0,2,0.0,0.0,0,,-1,0,403.139999999999,0.0,0.0,,
3121,4,1,60,213308,-1,29.834,100000.0,0.0,1,0.0,0.0,0,8620534 / 53,-1,0,0.0,0.0,0.0,,
3122,4,1,60,213314,-1,50.376,200000.0,0.0,1,0.0,0.0,0,11096549 / 74,-1,0,0.0,0.0,0.0,,
3123,4,1,60,213314,-1,25.188,100000.0,0.0,1,0.0,0.0,0,11096551 / 68,-1,0,0.0,0.0,0.0,,
3124,4,1,60,213924,-1,52.897,155152.2,0.0,2,0.0,0.0,0,79955487935 / 0,-1,0,0.0,0.0,0.0,,
3125,4,1,60,229587,-1,5125.986,75000.0,0.0,1,0.0,0.0,0,910163279795 / 0,-1,0,0.0,0.0,0.0,,
3126,40,1,60,213291,-1,30.807,172875.11,0.0,2,0.0,0.0,0,18513926,-1,0,0.0,0.0,0.0,,
3127,40,1,60,213308,-1,29.834,100000.0,0.0,1,0.0,0.0,0,6969537 / 30,-1,0,0.0,0.0,0.0,,
3128,40,1,60,213314,-1,50.376,200000.0,0.0,1,0.0,0.0,0,11096548 / 77,-1,0,0.0,0.0,0.0,,
3129,40,1,60,229587,-1,5125.986,75000.0,0.0,1,0.0,0.0,0,910136545781 / 0,-1,0,0.0,0.0,0.0,,
3130,4,1,60,233931,-1,6010.615,100000.0,0.0,1,0.0,0.0,0,11099592 / 63,-1,0,0.0,0.0,0.0,,
3131,35,1,60,213985,-1,1826.282,325000.0,0.0,2,0.0,0.0,0,51010979693 / 0,-1,0,0.0,0.0,0.0,,
3132,40,1,60,233931,-1,4507.961,75000.0,0.0,1,0.0,0.0,0,11099513 / 09,-1,0,0.0,0.0,0.0,,
3133,67,1,60,231551,-1,9483.844,250000.0,0.0,1,0.0,0.0,0,499492481024 / 0,-1,0,0.0,0.0,0.0,,
3134,1,1,60,213251,-1,4.651,20206.94,0.0,1,0.0,0.0,0,38967944,-1,0,0.0,0.0,0.0,,
3135,1,1,60,213308,-1,10.707,35938.18,0.0,1,0.0,0.0,0,6341159 / 66,-1,0,0.0,0.0,0.0,,
3136,1,1,60,213312,-1,49.812,20485.92,0.0,1,0.0,0.0,0,34838122 / 30,-1,0,0.0,0.0,0.0,,
3137,1,1,60,213924,-1,82.859,243177.37,0.0,1,0.0,0.0,0,79988087324 / 0,-1,0,0.0,0.0,0.0,,
3138,1,1,60,214155,-1,22.868,82162.3,0.0,1,0.0,0.0,0,91046232461 / 0,-1,0,0.0,0.0,0.0,,
3139,2,1,60,213269,-1,13.843,94188.16,0.0,1,0.0,0.0,0,499279601502 / 0,-1,0,0.0,0.0,0.0,,
3140,2,1,60,213924,-1,35.819,105124.04,0.0,1,0.0,0.0,0,79955482266 / 0,-1,0,0.0,0.0,0.0,,
3141,2,1,60,214155,-1,54.974,197519.73,0.0,1,0.0,0.0,0,91044592574 / 0,-1,0,0.0,0.0,0.0,,
3142,2,1,60,233228,-1,21767.043,269556.95,0.0,2,0.0,0.0,0,51025694454 / 0,-1,0,0.0,0.0,0.0,,
3143,4,1,60,213538,-1,51.333,225213.37,0.0,1,0.0,0.0,0,6583963 / 27,-1,0,0.0,0.0,0.0,,
3144,4,1,60,213926,-1,3864.085,172206.92,0.0,1,0.0,0.0,0,51014331091 / 0,-1,0,0.0,0.0,0.0,,
3145,35,1,60,231551,-1,2840.735,75000.0,0.0,1,0.0,0.0,0,499492829986 / 0,-1,0,0.0,0.0,0.0,,
3146,35,1,60,213251,-1,138.136,600129.4,0.0,1,0.0,0.0,0,33269477,-1,0,0.0,0.0,0.0,,
3147,35,1,60,213291,-1,25.868,145238.2,0.0,1,0.0,0.0,0,14767068 / 54,-1,0,0.0,0.0,0.0,,
3148,40,1,60,214155,-1,56.663,203588.52,0.0,1,0.0,0.0,0,91044127602 / 0,-1,0,0.0,0.0,0.0,,
3149,40,1,60,214155,-1,54.35,195277.83,0.0,1,0.0,0.0,0,91044127612 / 0,-1,0,0.0,0.0,0.0,,
3150,64,1,60,213924,-1,8.964,26308.56,0.0,1,0.0,0.0,0,79987024706 / 0,-1,0,0.0,0.0,0.0,,
3151,64,1,60,214155,-1,2.753,9891.87,0.0,1,0.0,0.0,0,91044592493 / 0,-1,0,0.0,0.0,0.0,,
3152,64,1,60,214155,-1,2.853,10250.62,0.0,1,0.0,0.0,0,91044592514 / 0,-1,0,0.0,0.0,0.0,,
3153,67,1,60,213291,-1,6.569,36883.77,0.0,1,0.0,0.0,0,18121245,-1,0,0.0,0.0,0.0,,
3154,67,1,60,213308,-1,12.557,42147.33,0.0,1,0.0,0.0,0,6358340 / 30,-1,0,0.0,0.0,0.0,,
3155,67,1,60,213924,-1,13.061,38330.49,0.0,1,0.0,0.0,0,79987483294 / 0,-1,0,0.0,0.0,0.0,,
