VID,VTYP,DT,NARR,PMS_TransID,CNID,ACCTLIST,EXTID_SOURCE,PFID,AType,SID,IMP_REC_ID,CHQNO,ACID
158,10,2019-06-13 00:00:00,L AND T FIN SERV IV200000000000000004529,-1,-1,,-2,,,,1,0000191642200367,29
159,10,2019-06-30 00:00:00,CREDIT INTEREST CAPITALISED,-1,-1,,-2,,,,2,,29
160,10,2019-07-12 00:00:00,ACH C- SHRIRAM TRANSPORT FI-N8A071912241,-1,-1,,-2,,,,3,0000000774338118,29
161,10,2019-07-15 00:00:00,L AND T FIN SERV IV200000000000000006710,-1,-1,,-2,,,,4,0000191963111194,29
163,6,2019-07-20 00:00:00,IMPS-920112108065-UNNATI SHAH KOTAK-KKBK-XXXXXX1915-UPS HDFC TO UPS KOTAK,-1,-1,,-2,,,,6,0000920112108065,29
164,6,2019-07-20 00:00:00,NEFT DR-KKBK0000667-UNNATI SHAH KOTAK-NETBANK MUM-N201190880731910-UPS HDFC TO,-1,-1,,-2,,,,7,N201190880731910,29
165,6,2019-07-26 00:00:00,.IMPS P2P 920112108065#20/07/2019 200719-MIR1920573452895,-1,-1,,-2,,,,8,MIR1920573452895,29
170,6,2019-07-25 00:00:00,IB: ETAX ITNS2800013427449,-1,-1,,-2,,,,13,GBM-0013427449,29
173,10,2019-07-24 00:00:00,NEFT CMS1185437022 R KGLOBAL SHARES AND,-1,-1,,-2,,,,16,NEFTINW-0165754788,29
177,6,2019-07-20 00:00:00,MB:TO PACK KOTAK,-1,-1,,-2,,,,20,MB-999585850561,29
178,10,2019-07-20 00:00:00,MB:RECEIVED MONEYFROM CREATIVE PACKAGI,-1,-1,,-2,,,,21,MB-999585879703,29
179,6,2019-07-18 00:00:00,OS WWW.INSTAMOJO.COM8770988721,-1,-1,,-2,,,,22,KPG-0088039326,29
184,6,2019-07-04 00:00:00,MB:TO PACK KOTAK,-1,-1,,-2,,,,27,MB-999593106915,29
185,6,2019-07-02 00:00:00,MB:TO SPS KOTAK,-1,-1,,-2,,,,28,MB-999594405807,29
186,6,2019-07-01 00:00:00,MB:TO SPS KOTAK,-1,-1,,-2,,,,29,MB-999594812147,29
187,6,2019-07-01 00:00:00,MB:TO PACK KOTAKInt.Pd:1912581915:01-04-,-1,-1,,-2,,,,30,MB-999594890671,29
188,10,2019-06-30 00:00:00,Int.Pd:1912581915:01-04-2019 to 30-06-2019,-1,-1,,-2,,,,31,,29
189,10,2019-06-27 00:00:00,MB:RECEIVED MONEYFROM ALPANA SUNIL SHA,-1,-1,,-2,,,,32,MB-999596473639,29
192,10,2019-06-19 00:00:00,NEFT CMS1152394919 R KGLOBAL SHARES AND,-1,-1,,-2,,,,35,NEFTINW-0160419334,29
193,10,2019-06-11 00:00:00,MB:RECEIVED MONEYFROM CREATIVE PACKAGI,-1,-1,,-2,,,,36,MB-999603258919,29
194,10,2019-06-11 00:00:00,MB:RECEIVED MONEYFROM CREATIVE PACKAGI,-1,-1,,-2,,,,37,MB-999603259580,29
195,6,2019-06-07 00:00:00,MB:TO PACK KOTAK,-1,-1,,-2,,,,38,MB-999604650372,29
196,10,2019-06-03 00:00:00,MB:RECEIVED MONEYFROM ALPANA SUNIL SHA,-1,-1,,-2,,,,39,MB-999606666826,29
198,6,2019-05-28 00:00:00,MB TO PACK IOB                                     Ref914817879066,-1,-1,,-2,,,,41,IMPS-914817879124,29
199,10,2019-05-28 00:00:00,NEFT CMS1133602905 R KGLOBAL SHARES AND,-1,-1,,-2,,,,42,NEFTINW-0156922526,29
201,6,2019-05-27 00:00:00,MB TO PACK                                     Ref914709666131,-1,-1,,-2,,,,44,IMPS-914709666132,29
202,6,2019-05-27 00:00:00,MB:TO SPS KOTAK,-1,-1,,-2,,,,45,MB-999609954222,29
203,6,2019-05-17 00:00:00,MB:TO PRS KOTAK,-1,-1,,-2,,,,46,MB-999613122114,29
204,10,2019-05-15 00:00:00,NEFT N135190826761569RKGLOBAL SHARES AND,-1,-1,,-2,,,,47,NEFTINW-0155300663,29
205,10,2019-05-08 00:00:00,MB:RECEIVED MONEYFROM ALPANA SUNIL SHA,-1,-1,,-2,,,,48,MB-999617103235,29
206,6,2019-04-30 00:00:00,MB:TO PRS KOTAK,-1,-1,,-2,,,,49,MB-999620768560,29
208,10,2019-04-23 00:00:00,IMPS from UNNATI P SH Ref911318149738,-1,-1,,-2,,,,51,IMPS-911318891414,29
209,6,2019-04-19 00:00:00,MB TO PACK                                     Ref910912860868,-1,-1,,-2,,,,52,IMPS-910912860921,29
210,6,2019-04-19 00:00:00,MB TO PACK                                     Ref,-1,-1,,-2,,,,53,IMPS-910911785986,29
211,6,2019-04-16 00:00:00,MB TO PACK IOB                                     Ref910620059106,-1,-1,,-2,,,,54,IMPS-910620058985,29
215,10,2019-04-11 00:00:00,MB:RECEIVED MONEYFROM PRAMESH,-1,-1,,-2,,,,58,MB-999628398450,29
217,10,2019-04-09 00:00:00,MB:RECEIVED MONEYFROM PRAMESH,-1,-1,,-2,,,,60,MB-999629394176,29
218,6,2019-04-08 00:00:00,MB TO UNNATI DBS                                       Ref909819260703,-1,-1,,-2,,,,61,IMPS-909819260297,29
219,6,2019-04-04 00:00:00,MB:TO PRS KOTAKas on 01/04/2019                          INR 494966.18,-1,-1,,-2,,,,62,MB-999631737504,29
220,10,2019-04-02 00:00:00,ACH C- MAHINDRA AND MAHINDR-1108955,-1,-1,,-2,,,,63,0000007011291092,29
221,10,2019-04-15 00:00:00,L AND T FIN SERV IV200000000000000000235,-1,-1,,-2,,,,64,0000191051521248,29
222,10,2019-04-20 00:00:00,ACH C- MUTHOOT FINANCE LIMI-7CN87553,-1,-1,,-2,,,,65,0000009266392735,29
223,6,2019-04-26 00:00:00,.IMPS P2P 911318149738#23/04/2019 240419-MIR1911629319598,-1,-1,,-2,,,,66,MIR1911629319598,29
224,10,2019-05-13 00:00:00,L AND T FIN SERV IV200000000000000002378,-1,-1,,-2,,,,67,0000191331778233,29
226,6,2019-04-04 00:00:00,NEFT DR-KKBK0000634-SAAHIL SHAH-NETBANKMUM-N094190793490646-TO SPS KOTAK,-1,-1,,-2,,,,69,N094190793490646,31
227,10,2019-04-20 00:00:00,ACH C- MUTHOOT FINANCE LIMI-7CN87554,-1,-1,,-2,,,,70,0000009266392736,31
228,6,2019-04-23 00:00:00,IMPS-911318150725-SAAHIL SHAH-KKBK-XXXXXX1141-TO SPS KOTAK,-1,-1,,-2,,,,71,0000911318150725,31
229,6,2019-04-26 00:00:00,.IMPS P2P 911318150725#23/04/2019 240419-MIR1911629319608,-1,-1,,-2,,,,72,MIR1911629319608,31
230,10,2019-05-15 00:00:00,NEFT CR-ICIC0000104-KARVY STOCK BROKINGLIMITED-SAAHIL P SHAH-CMS1113621297,-1,-1,,-2,,,,73,000CMS1113621297,31
231,10,2019-06-30 00:00:00,CREDIT INTEREST CAPITALISED,-1,-1,,-2,,,,74,,31
232,6,2019-07-08 00:00:00,AMB CHRG INCL GST FOR JUN2019-MIR1918626832722,-1,-1,,-2,,,,75,MIR1918626832722,31
233,6,2019-07-08 00:00:00,AMB CHRG INCL GST FOR MAY2019-MIR1918626692110,-1,-1,,-2,,,,76,MIR1918626692110,31
234,10,2019-07-12 00:00:00,ACH C- SHRIRAM TRANSPORT FI-N8A071912463,-1,-1,,-2,,,,77,0000000774338340,31
235,6,2019-07-20 00:00:00,NEFT DR-KKBK0000634-SAAHIL SHAH-NETBANKMUM-N201190880736732-SPS HDFC TO SPS KO,-1,-1,,-2,,,,78,N201190880736732,31
236,10,2019-07-25 00:00:00,IMPS-920611596407-SAAHIL PRAMESH SHAH-HDFC-XXXXXX1141-MB: TO SPS HDFC,-1,-1,,-2,,,,79,0000920611596407,31
237,6,2019-07-25 00:00:00,051030825071902545- CBDT TAX,-1,-1,,-2,,,,80,IB25110615332228,31
238,10,2019-04-02 00:00:00,ACH C- MUTHOOT FINANCE LIMI-7CK417008,-1,-1,,-2,,,,81,0000008695762680,30
240,10,2019-04-03 00:00:00,CHQ DEP MICR 08-MUM CLG - MICR CLG - MUM,-1,-1,,-2,,,,83,0000000000004022,30
241,6,2019-04-04 00:00:00,NEFT DR-KKBK0000634-SAAHIL SHAH-NETBANKMUM-N094190793490318-TO SPEND KOTAK,-1,-1,,-2,,,,84,N094190793490318,30
242,6,2019-04-09 00:00:00,IMPS-909911335430-PRAMESH SHAH-KKBK-XXXXXX6081-TO PRS KOTAK,-1,-1,,-2,,,,85,0000909911335430,30
243,10,2019-04-11 00:00:00,MONTHLY INTEREST CREDIT 50300030938637,-1,-1,,-2,,,,86,3304220190411764,30
244,10,2019-04-11 00:00:00,MONTHLY INTEREST CREDIT 50300030939041,-1,-1,,-2,,,,87,3304220190411764,30
245,6,2019-04-16 00:00:00,.IMPS P2P 909911335430#09/04/2019 090419-MIR1910599722226,-1,-1,,-2,,,,88,MIR1910599722226,30
246,10,2019-04-22 00:00:00,NEFT CR-ICIC0000105-UPPCL BOND SERVICINGACCOUNT-PRAMESH RAJENDRA SHAH-ICIB19112,-1,-1,,-2,,,,89,ICIB191120004438,30
247,6,2019-04-26 00:00:00,IMPS-911612189018-PRAMESH SHAH-KKBK-XXXXXX6081-PRS KOTAK,-1,-1,,-2,,,,90,0000911612189018,30
248,6,2019-04-26 00:00:00,IMPS-911612193573-PRAMESH SHAH-KKBK-XXXXXX6081-TO PRS KOTAK,-1,-1,,-2,,,,91,0000911612193573,30
249,10,2019-05-02 00:00:00,ACH C- MUTHOOT FINANCE LIMI-7CK418605,-1,-1,,-2,,,,92,0000009401993907,30
250,6,2019-05-02 00:00:00,.IMPS P2P 911612189018#26/04/2019 260419-MIR1912131645009,-1,-1,,-2,,,,93,MIR1912131645009,30
251,6,2019-05-02 00:00:00,.IMPS P2P 911612193573#26/04/2019 260419-MIR1912131638279,-1,-1,,-2,,,,94,MIR1912131638279,30
252,10,2019-05-11 00:00:00,MONTHLY INTEREST CREDIT 50300030938637,-1,-1,,-2,,,,95,3304220190511762,30
253,10,2019-05-11 00:00:00,MONTHLY INTEREST CREDIT 50300030939041,-1,-1,,-2,,,,96,3304220190511762,30
254,10,2019-05-20 00:00:00,FT - CR - 00051140014415 - AANSH PRASHANT DESAI,-1,-1,,-2,,,,97,0000000000000016,30
255,6,2019-05-29 00:00:00,20190529048060636727/PAYTMIRCTCECATERING,-1,-1,,-2,,,,98,0000191494091800,30
256,6,2019-05-31 00:00:00,20190531048291933770/PAYTMIRCTCECATERING,-1,-1,,-2,,,,99,0000191515703014,30
257,10,2019-06-01 00:00:00,ACH C- MUTHOOT FINANCE LIMI-7CK420207,-1,-1,,-2,,,,100,0000009981591793,30
258,10,2019-06-03 00:00:00,00210340000107-CLIENT PAYOUT A070780,-1,-1,,-2,,,,101,0000097947000007,30
259,10,2019-06-11 00:00:00,MONTHLY INTEREST CREDIT 50300030938637,-1,-1,,-2,,,,102,3304220190611779,30
260,10,2019-06-11 00:00:00,MONTHLY INTEREST CREDIT 50300030939041,-1,-1,,-2,,,,103,3304220190611779,30
263,10,2019-06-30 00:00:00,CREDIT INTEREST CAPITALISED,-1,-1,,-2,,,,106,,30
264,6,2019-06-30 00:00:00,DEBIT INTEREST CAPITALIZED,-1,-1,,-2,,,,107,,30
265,10,2019-07-01 00:00:00,ACH C- MUTHOOT FINANCE LIMI-7CK421817,-1,-1,,-2,,,,108,0000000547184880,30
266,10,2019-07-11 00:00:00,MONTHLY INTEREST CREDIT 50300030938637,-1,-1,,-2,,,,109,3304220190711770,30
267,10,2019-07-11 00:00:00,MONTHLY INTEREST CREDIT 50300030939041,-1,-1,,-2,,,,110,3304220190711770,30
268,10,2019-07-12 00:00:00,ACH C- SHRIRAM TRANSPORT FI-N8A071912238,-1,-1,,-2,,,,111,0000000774338115,30
269,10,2019-07-19 00:00:00,NEFT CR-ICIC0000105-UPPCL BOND SERVICINGACCOUNT-PRAMESH RAJENDRA SHAH-ICIB19200,-1,-1,,-2,,,,112,ICIB192000013162,30
270,6,2019-07-20 00:00:00,IMPS-920112105412-PRAMESH SHAH-KKBK-XXXXXX6081-HDFC PRS TO KOTAK PRS,-1,-1,,-2,,,,113,0000920112105412,30
271,6,2019-07-25 00:00:00,051030825071902396- CBDT TAX,-1,-1,,-2,,,,114,IB25110309694277,30
272,10,2019-07-25 00:00:00,IMPS-920611595657-PRAMESH RAJENDRA SHA-HDFC-XXXXXX6081-MB: TO PRS HDFC,-1,-1,,-2,,,,115,0000920611595657,30
273,6,2019-07-26 00:00:00,101907030253262/CITRUSAIRTEL,-1,-1,,-2,,,,116,0000192073668527,30
274,6,2019-07-26 00:00:00,.IMPS P2P 920112105412#20/07/2019 200719-MIR1920573455012,-1,-1,,-2,,,,117,MIR1920573455012,30
276,10,2019-04-04 00:00:00,MB:RECEIVED MONEY FROM SAAHIL MB-,-1,-1,,-2,,,,119,,30
277,10,2019-04-04 00:00:00,MB:RECEIVED MONEY FROM SAAHIL MB-,-1,-1,,-2,,,,120,,30
278,10,2019-04-04 00:00:00,MB:RECEIVED MONEY FROM UNNATI MB-,-1,-1,,-2,,,,121,,30
280,10,2019-04-09 00:00:00,RTGS HDFCR52019040973063658,-1,-1,,-2,,,,123,RTGSINW-,30
281,6,2019-04-09 00:00:00,MB:TO SPS KOTAK,-1,-1,,-2,,,,124,MB-,30
282,6,2019-04-09 00:00:00,MB:TO UPS KOTAK,-1,-1,,-2,,,,125,MB-,30
283,10,2019-04-10 00:00:00,RTGS HDFCR52019041073254687,-1,-1,,-2,,,,126,RTGSINW-,30
284,6,2019-04-11 00:00:00,MB:TO UPS KOTAK,-1,-1,,-2,,,,127,MB-,30
285,6,2019-04-11 00:00:00,2841383-MB00000000759853,-1,-1,,-2,,,,128,,30
286,6,2019-04-15 00:00:00,2916085-39156679 LTFNCD2 2871647,-1,-1,,-2,,,,129,,30
287,6,2019-04-15 00:00:00,2871054-MB00000000782696,-1,-1,,-2,,,,130,,30
288,10,2019-04-16 00:00:00,IMPS from Customer Ref 910619758858,-1,-1,,-2,,,,131,IMPS-,30
289,10,2019-04-17 00:00:00,NEFT IOBAN19107238510 PRAMESH NEFTINW-,-1,-1,,-2,,,,132,,30
291,6,2019-04-26 00:00:00,OT UPSTOX 2012066081,-1,-1,,-2,,,,134,KPG-,30
292,6,2019-04-26 00:00:00,OT UPSTOX 2012066081,-1,-1,,-2,,,,134,KPG-,30
293,6,2019-04-26 00:00:00,OT UPSTOX 2012066081,-1,-1,,-2,,,,135,KPG-,30
294,10,2019-04-30 00:00:00,MB:RECEIVED MONEY FROM UNNATI,-1,-1,,-2,,,,136,MB-,30
297,10,2019-05-16 00:00:00,CASH DEPOSIT BY SELF AT WARDEN manan gala,-1,-1,,-2,,,,139,,30
298,10,2019-05-17 00:00:00,MB:RECEIVED MONEY FROM UNNATI,-1,-1,,-2,,,,140,MB-,30
299,6,2019-05-27 00:00:00,MB TO ENTERPRISE     Ref,-1,-1,,-2,,,,141,IMPS-,30
300,10,2019-05-27 00:00:00,NEFT CMS1132425281 R K GLOBAL,-1,-1,,-2,,,,142,NEFTINW-,30
301,6,2019-05-27 00:00:00,MB TO PRS HUF      Ref,-1,-1,,-2,,,,143,IMPS-,30
302,6,2019-05-28 00:00:00,MB TO PRS HUF      Ref,-1,-1,,-2,,,,144,IMPS-,30
303,10,2019-05-29 00:00:00,NEFT CMS1134401157 R K GLOBAL,-1,-1,,-2,,,,145,NEFTINW-,30
304,10,2019-05-30 00:00:00,NEFT CMS1136045803 R K GLOBAL,-1,-1,,-2,,,,146,NEFTINW-,30
308,6,2019-06-07 00:00:00,OT UPSTOX 2012066081,-1,-1,,-2,,,,150,KPG-,30
309,6,2019-06-07 00:00:00,OT UPSTOX 2012066081,-1,-1,,-2,,,,151,KPG-,30
310,10,2019-06-07 00:00:00,NEFT CMS1143537325 R K GLOBAL,-1,-1,,-2,,,,152,NEFTINW-,30
311,6,2019-06-20 00:00:00,MB TO ENTERPRISE IOB Ref,-1,-1,,-2,,,,153,IMPS-,30
312,6,2019-06-21 00:00:00,FUND TRANSFERRED TO KSEC,-1,-1,,-2,,,,154,K8047,30
313,6,2019-06-24 00:00:00,MB:TO SPS KOTAK,-1,-1,,-2,,,,155,MB-,30
314,10,2019-06-26 00:00:00,IMPS from Custome Ref 917712374441 IMPS-,-1,-1,,-2,,,,156,,30
315,6,2019-06-26 00:00:00,MB:TO PRS HUF KOTAK,-1,-1,,-2,,,,157,MB-,30
316,6,2019-06-26 00:00:00,MB:TO SPS KOTAK,-1,-1,,-2,,,,158,MB-,30
317,6,2019-06-28 00:00:00,MB:TO PRS HUF KOTAK,-1,-1,,-2,,,,159,MB-,30
318,10,2019-06-30 00:00:00,Int.Pd:2012066081:01-04-2019 to 30-06-,-1,-1,,-2,,,,160,,30
319,10,2019-07-02 00:00:00,NEFT CMS1163847112 R K GLOBAL NEFTINW-,-1,-1,,-2,,,,161,,30
321,10,2019-07-05 00:00:00,NEFT CMS1167532432 R K GLOBAL NEFTINW-,-1,-1,,-2,,,,163,,30
322,10,2019-07-08 00:00:00,NEFT CMS1169568552 R K GLOBAL NEFTINW-,-1,-1,,-2,,,,164,,30
323,10,2019-07-24 00:00:00,IMPS from INGENICO EP Ref,-1,-1,,-2,,,,165,IMPS-,30
329,10,2019-07-25 00:00:00,IMPS from INGENICO EP Ref,-1,-1,,-2,,,,171,IMPS-,30
330,10,2019-07-25 00:00:00,IMPS from INGENICO EP Ref,-1,-1,,-2,,,,171,IMPS-,30
331,10,2019-07-25 00:00:00,NEFT CMS1186468896 R K GLOBAL NEFTINW-,-1,-1,,-2,,,,172,,30
333,10,2019-04-11 00:00:00,FROM ENTERPRISE-NET@115957,-1,-1,,-2,,,,174,,32
334,10,2019-04-11 00:00:00,FROM ENTERPRISE-NET@117836,-1,-1,,-2,,,,175,,32
335,10,2019-04-11 00:00:00,FROM ENTERPRISE-NET@117914,-1,-1,,-2,,,,176,,32
336,6,2019-04-16 00:00:00,TRTR/910619758858/IMPS/16-04- 2019 19:25:23,-1,-1,,-2,,,,177,,32
337,6,2019-04-16 00:00:00,IMPS CHARGES/910619758858,-1,-1,,-2,,,,178,,32
338,6,2019-04-17 00:00:00,CHARGES FOR PORD CUSTOMER PAYMENT :000169504885,-1,-1,,-2,,,,179,,32
339,6,2019-04-17 00:00:00,NEFT-KKBK-IOBAN19107238510- PRAMESH SH-TO PRS INDIV,-1,-1,,-2,,,,180,,32
340,10,2019-05-01 00:00:00,INT.PD:05-02-2019 TO 30-04- 2019:020501000023127,-1,-1,,-2,,,,181,,32
341,10,2019-05-27 00:00:00,TRTR/914716031802/IMPS/PRAMES H RAJENDRA SHA,-1,-1,,-2,,,,182,,32
342,10,2019-05-28 00:00:00,TRTR/914814737963/IMPS/PRAMES H RAJENDRA SHA,-1,-1,,-2,,,,183,,32
343,6,2019-06-13 00:00:00,PRAMESH SHAH HUF,-1,-1,,-2,,,,184,,32
344,10,2019-06-26 00:00:00,TRTR/917713279551/IMPS/PRAMES H SHAH HUF,-1,-1,,-2,,,,185,,32
345,6,2019-06-28 00:00:00,CHRGS- SMS ALERT JUNE2019,-1,-1,,-2,,,,186,,32
346,10,2019-04-04 00:00:00,NEFT CMS1093123310 R K GLOBAL,-1,-1,,-2,,,,187,NEFTINW-,31
347,6,2019-04-04 00:00:00,MB:TO PRS KOTAK,-1,-1,,-2,,,,188,MB-,31
348,6,2019-04-04 00:00:00,MB:TO PRS KOTAK,-1,-1,,-2,,,,189,MB-,31
349,10,2019-04-04 00:00:00,NEFT N094190793490318 PRAMESH R NEFTINW-,-1,-1,,-2,,,,190,,31
351,10,2019-04-09 00:00:00,MB:RECEIVED MONEY FROM,-1,-1,,-2,,,,192,MB-,31
354,6,2019-04-16 00:00:00,OTKOTAMC 364479,-1,-1,,-2,,,,195,KPG-,31
356,6,2019-04-16 00:00:00,MB TO PRINTERS       Ref,-1,-1,,-2,,,,197,IMPS-,31
358,10,2019-04-22 00:00:00,IMPS from NOVARRIS FA Ref,-1,-1,,-2,,,,199,IMPS-,31
359,10,2019-04-22 00:00:00,IMPS from NOVARRIS FA Ref,-1,-1,,-2,,,,200,IMPS-,31
360,10,2019-04-22 00:00:00,UPI/av.pranay@o/911222620869/Parkin,-1,-1,,-2,,,,201,UPI-,31
362,10,2019-05-06 00:00:00,NEFT N126190818230144 RKGLOBAL NEFTINW-,-1,-1,,-2,,,,203,,31
363,10,2019-05-08 00:00:00,NEFT N128190820973695 RKGLOBAL NEFTINW-,-1,-1,,-2,,,,204,,31
364,6,2019-05-18 00:00:00,MB TO PRINTERS       Ref,-1,-1,,-2,,,,205,IMPS-,31
365,6,2019-05-24 00:00:00,MB TO IOB PRINT      Ref,-1,-1,,-2,,,,206,IMPS-,31
366,6,2019-05-27 00:00:00,MB TO PRINTERS        Ref,-1,-1,,-2,,,,207,IMPS-,31
367,10,2019-05-27 00:00:00,MB:RECEIVED MONEY FROM UNNATI MB-,-1,-1,,-2,,,,208,,31
368,6,2019-05-27 00:00:00,MB TO IOB PRINT      Ref,-1,-1,,-2,,,,209,IMPS-,31
369,6,2019-06-20 00:00:00,UPI/9819295560@/917115329285/NA UPI-,-1,-1,,-2,,,,210,,31
370,10,2019-06-24 00:00:00,IMPS from Custome Ref 917510679468 IMPS-,-1,-1,,-2,,,,211,,31
371,10,2019-06-24 00:00:00,MB:RECEIVED MONEY FROM,-1,-1,,-2,,,,212,MB-,31
372,6,2019-06-24 00:00:00,MB:TO PRINTERS KOTAK,-1,-1,,-2,,,,213,MB-,31
373,6,2019-06-24 00:00:00,MB:TO PRINTERS KOTAK,-1,-1,,-2,,,,214,MB-,31
374,6,2019-06-24 00:00:00,MB:TO PRINTERS KOTAK,-1,-1,,-2,,,,215,MB-,31
375,10,2019-06-26 00:00:00,MB:RECEIVED MONEY FROM,-1,-1,,-2,,,,216,MB-,31
376,10,2019-06-30 00:00:00,Int.Pd:1712151141:01-04-2019 to 30-06-,-1,-1,,-2,,,,217,,31
377,10,2019-07-01 00:00:00,MB:RECEIVED MONEY FROM UNNATI MB-,-1,-1,,-2,,,,218,,31
378,10,2019-07-02 00:00:00,MB:RECEIVED MONEY FROM UNNATI MB-,-1,-1,,-2,,,,219,,31
379,6,2019-07-02 00:00:00,MB:TO PRINTERS KOTAK,-1,-1,,-2,,,,220,MB-,31
380,6,2019-07-02 00:00:00,MB:TO PRINTERS KOTAK(Value Date: MB-,-1,-1,,-2,,,,221,,31
381,6,2019-07-04 00:00:00,MB:TO PRINTERS KOTAK,-1,-1,,-2,,,,222,MB-,31
382,10,2019-07-08 00:00:00,MB:RECEIVED MONEY FROM,-1,-1,,-2,,,,223,MB-,31
383,10,2019-07-11 00:00:00,IMPS from NOVARRI Ref,-1,-1,,-2,,,,224,IMPS-,31
384,10,2019-07-11 00:00:00,IMPS from NOVARRI Ref,-1,-1,,-2,,,,225,IMPS-,31
385,10,2019-07-11 00:00:00,IMPS from NOVARRI Ref,-1,-1,,-2,,,,226,IMPS-,31
386,10,2019-07-11 00:00:00,IMPS from NOVARRI Ref           IMPS-,-1,-1,,-2,,,,227,,31
387,10,2019-07-12 00:00:00,IMPS from NOVARRI Ref           IMPS-,-1,-1,,-2,,,,228,,31
388,10,2019-07-14 00:00:00,IMPS from NOVARRIS FA Ref       IMPS-,-1,-1,,-2,,,,229,,31
390,6,2019-07-20 00:00:00,MB CREATIVE PRINTERS Ref        IMPS-,-1,-1,,-2,,,,231,,31
396,10,2019-06-26 00:00:00,,-1,-1,,-2,,,,,,32
397,10,2019-06-28 00:00:00,,-1,-1,,-2,,,,,,32
398,10,2019-06-30 00:00:00,,-1,-1,,-2,,,,,,32
399,10,2019-07-22 00:00:00,,-1,-1,,-2,,,,,,32
400,10,2019-07-24 00:00:00,,-1,-1,,-2,,,,,,32
402,10,2019-07-29 00:00:00,,-1,-1,,-2,,,,,,30
403,10,2019-07-31 00:00:00,,-1,-1,,-2,,,,,,30
404,10,2019-07-31 00:00:00,,-1,-1,,-2,,,,,,30
405,10,2019-07-31 00:00:00,,-1,-1,,-2,,,,,,30
408,4,2019-08-13 00:00:00,,-1,-1,,-2,,,,,,30
409,10,2019-08-20 00:00:00,,-1,-1,,-2,,,,,,30
411,10,2019-07-29 00:00:00,ACH C- HIL LTD.FIN_DI_18_19-00010414,-1,-1,,-2,,,,237,0000007060630210,30
412,10,2019-08-01 00:00:00,ACH C- MUTHOOT FINANCE LIMI-7CK423423,-1,-1,,-2,,,,238,0000001119895646,30
413,6,2019-08-08 00:00:00,08082019300196/RKGLOBALSHAREANDSECU,-1,-1,,-2,,,,239,0000192205350969,30
414,10,2019-08-11 00:00:00,MONTHLY INTEREST CREDIT 50300030938637,-1,-1,,-2,,,,240,3304220190811770,30
415,10,2019-08-11 00:00:00,MONTHLY INTEREST CREDIT 50300030939041,-1,-1,,-2,,,,241,3304220190811770,30
416,6,2019-08-16 00:00:00,QHDF7879613670/BILLDKRELIANCEJIOINF,-1,-1,,-2,,,,242,0000192282285309,30
417,6,2019-08-19 00:00:00,IB FUNDS TRANSFER DR-00801000031785,-1,-1,,-2,,,,243,,30
418,10,2019-08-19 00:00:00,IB FUNDS TRANSFER CR-00801000031785,-1,-1,,-2,,,,244,,30
419,6,2019-08-21 00:00:00,21082019300233/RKGLOBALSHAREANDSECU,-1,-1,,-2,,,,245,0000192335618292,30
421,6,2019-07-29 00:00:00,NEFT DR-KKBK0000667-UNNATI SHAH KOTAK-NETBANK MUM-N210190885862195-TO UPS KOTAK,-1,-1,,-2,,,,247,N210190885862195,29
422,10,2019-07-29 00:00:00,ACH C- HIL LTD.FIN_DI_18_19-0009764,-1,-1,,-2,,,,248,0000007060629210,29
423,10,2019-08-01 00:00:00,CENTURY TEXTILES DIV00000000000000014177,-1,-1,,-2,,,,249,0000192133963501,29
424,10,2019-08-08 00:00:00,IMPS-922014171121-UNNATI PRAMESH SHAH-HDFC-XXXXXX1915-MB: TO UPS HDFC,-1,-1,,-2,,,,250,0000922014171121,29
425,6,2019-08-08 00:00:00,08082019300199/RKGLOBALSHAREANDSECU,-1,-1,,-2,,,,251,0000192205356050,29
427,6,2019-08-13 00:00:00,NEFT DR-KKBK0000667-UNNATI SHAH KOTAK-NETBANK MUM-N225190899988226-TO UPS KOTAK,-1,-1,,-2,,,,253,N225190899988226,29
428,10,2019-08-13 00:00:00,L AND T FIN SERV IV200000000000000008897,-1,-1,,-2,,,,254,0000192255125003,29
429,10,2019-08-19 00:00:00,IB FUNDS TRANSFER CR-00801000031775,-1,-1,,-2,,,,255,,29
432,6,2019-08-19 00:00:00,IB FUNDS TRANSFER DR-00801000031775,-1,-1,,-2,,,,258,,29
433,10,2019-08-21 00:00:00,NEFT CR-KKBK0000958-UNNATI PRAMESH SHAH-UNNATI PRAMESH SHAH-KKBKH19233639222,-1,-1,,-2,,,,259,KKBKH19233639222,29
435,10,2019-07-31 00:00:00,,-1,-1,,-2,,,,,mirae,29
436,6,2019-07-31 00:00:00,,-1,-1,,-2,,,,,mirae,29
441,6,2019-08-06 00:00:00,,-1,-1,,-2,,,,,,29
442,6,2019-08-09 00:00:00,,-1,-1,,-2,,,,,,29
446,6,2019-08-19 00:00:00,,-1,-1,,-2,,,,,sbi liq,29
447,6,2019-08-19 00:00:00,,-1,-1,,-2,,,,,sbi liq,29
448,6,2019-08-20 00:00:00,,-1,-1,,-2,,,,,sbi liq,29
449,6,2019-08-09 00:00:00,,-1,-1,,-2,,,,,,29
451,10,2019-08-21 00:00:00,,-1,-1,,-2,,,,,,29
452,6,2019-08-21 00:00:00,,-1,-1,,-2,,,,,,30
455,6,2019-07-29 00:00:00,IMPS-921011195677-SAAHIL SHAH-KKBK-XXXXXX1141-TO SPS KOTAK,-1,-1,,-2,,,,261,0000921011195677,31
456,6,2019-07-29 00:00:00,NEFT DR-KKBK0000634-SAAHIL SHAH-NETBANKMUM-N210190885865424-TO SPS KOTAK,-1,-1,,-2,,,,262,N210190885865424,31
457,6,2019-08-01 00:00:00,.IMPS P2P 921011195677#29/07/2019 290719-MIR1921383705720,-1,-1,,-2,,,,263,MIR1921383705720,31
458,6,2019-08-08 00:00:00,AMB CHRG INCL GST FOR JUL2019-MIR1921888824313,-1,-1,,-2,,,,264,MIR1921888824313,31
459,6,2019-07-31 00:00:00,,-1,-1,,-2,,,,,,31
460,6,2019-07-31 00:00:00,,-1,-1,,-2,,,,,,31
468,6,2019-08-09 00:00:00,,-1,-1,,-2,,,,,,31
469,6,2019-08-09 00:00:00,,-1,-1,,-2,,,,,,31
472,6,2019-08-20 00:00:00,,-1,-1,,-2,,,,,kotak liq,31
473,6,2019-08-21 00:00:00,,-1,-1,,-2,,,,,kotak liq,31
477,4,2019-08-21 00:00:00,,-1,-1,,-2,,,,,,30
478,6,2019-08-21 00:00:00,MB:TO ENTERPRISESKOTAK,-1,-1,,-2,,,,265,MB-999571769638,32
479,6,2019-08-20 00:00:00,MB:TO ENTERPRISE,-1,-1,,-2,,,,266,MB-999572131973,32
480,6,2019-08-20 00:00:00,MB:TO ENTERPRISE,-1,-1,,-2,,,,267,MB-999572189811,32
481,6,2019-08-19 00:00:00,MB CREATIVEENTERPRISE IOB                                     Ref,-1,-1,,-2,,,,268,IMPS-923116228509,32
484,6,2019-08-06 00:00:00,MB:TO ENTERPRISE,-1,-1,,-2,,,,271,MB-999578553994,32
486,10,2019-08-05 00:00:00,IMPS from Computer Ag Ref921721047080,-1,-1,,-2,,,,273,IMPS-921721656054,32
487,6,2019-08-05 00:00:00,TO ENTERPRISE KOTAK,-1,-1,,-2,,,,274,IB,32
493,10,2019-08-05 00:00:00,INT.PD:01-05-2019 TO 31-07- 2019:020501000023127,-1,-1,,-2,,,,280,,32
496,6,2019-09-03 00:00:00,,-1,-1,,-2,,,,,,30
497,10,2019-09-03 00:00:00,,-1,-1,,-2,,,,,,32
498,6,2019-09-03 00:00:00,,-1,-1,,-2,,,,,,30
499,10,2019-09-03 00:00:00,,-1,-1,,-2,,,,,,32
500,6,2019-09-03 00:00:00,,-1,-1,,-2,,,,,,32
501,6,2019-08-20 00:00:00,,-1,-1,,-2,,,,,,32
502,6,2019-08-23 00:00:00,,-1,-1,,-2,,,,,,29
503,6,2019-08-23 00:00:00,,-1,-1,,-2,,,,,,29
504,10,2019-09-01 00:00:00,,-1,-1,,-2,,,,,,29
505,6,2019-09-03 00:00:00,,-1,-1,,-2,,,,,,29
506,6,2019-09-03 00:00:00,,-1,-1,,-2,,,,,,29
507,4,2019-08-19 00:00:00,,-1,-1,,-2,,,,,,29
508,10,2019-08-19 00:00:00,,-1,-1,,-2,,,,,,29
509,4,2019-07-25 00:00:00,,-1,-1,,-2,,,,,,29
510,6,2019-08-19 00:00:00,,-1,-1,,-2,,,,,,29
511,6,2019-08-22 00:00:00,,-1,-1,,-2,,,,,,29
512,10,2019-08-30 00:00:00,MARUTI,-1,-1,,-2,,,,,,29
513,10,2019-08-30 00:00:00,eclerx,-1,-1,,-2,,,,,,30
515,10,2019-09-03 00:00:00,MUTHOOTH,-1,-1,,-2,,,,,,30
516,6,2019-09-01 00:00:00,,-1,-1,,-2,,,,,,30
517,6,2019-08-23 00:00:00,,-1,-1,,-2,,,,,,31
518,6,2019-08-23 00:00:00,,-1,-1,,-2,,,,,,31
519,6,2019-09-03 00:00:00,,-1,-1,,-2,,,,,,31
520,10,2019-09-01 00:00:00,,-1,-1,,-2,,,,,,31
521,6,2019-09-05 00:00:00,,-1,-1,,-2,,,,,,30
522,10,2019-09-05 00:00:00,,-1,-1,,-2,,,,,,32
526,10,2019-09-07 00:00:00,"april, may june july aug",-1,-1,,-2,,,,,,30
527,6,2019-09-07 00:00:00,,-1,-1,,-2,,,,,,32
528,6,2019-09-16 00:00:00,,-1,-1,,-2,,,,,,32
529,6,2019-09-23 00:00:00,,-1,-1,,-2,,,,,,32
530,6,2019-09-25 00:00:00,,-1,-1,,-2,,,,,,32
531,10,2019-09-07 00:00:00,,-1,-1,,-2,,,,,,31
532,6,2019-09-07 00:00:00,,-1,-1,,-2,,,,,,31
533,6,2019-09-16 00:00:00,,-1,-1,,-2,,,,,,31
534,6,2019-09-18 00:00:00,,-1,-1,,-2,,,,,,31
535,6,2019-09-24 00:00:00,,-1,-1,,-2,,,,,,31
536,6,2019-09-26 00:00:00,,-1,-1,,-2,,,,,,31
537,6,2019-09-25 00:00:00,CHRGS- SMS ALERT SEPTEMBER 2019,-1,-1,,-2,,,,281,,32
538,4,2019-09-27 00:00:00,,-1,-1,,-2,,,,,,32
539,6,2019-09-27 00:00:00,,-1,-1,,-2,,,,,,32
540,6,2019-09-09 00:00:00,QHDF7962647979/BILLDKJIOMONEY,-1,-1,,-2,,,,282,0000192521725500,30
541,6,2019-09-09 00:00:00,101909031614525/CITRUSAIRTEL,-1,-1,,-2,,,,283,0000192521770608,30
542,6,2019-09-10 00:00:00,QHDF7964905797/BILLDKJIOMONEY,-1,-1,,-2,,,,284,0000192532241835,30
543,10,2019-09-11 00:00:00,MONTHLY INTEREST CREDIT 50300030938637,-1,-1,,-2,,,,285,3304220190911778,30
544,10,2019-09-11 00:00:00,MONTHLY INTEREST CREDIT 50300030939041,-1,-1,,-2,,,,286,3304220190911778,30
545,6,2019-09-13 00:00:00,IB FUNDS TRANSFER DR-00801000031785,-1,-1,,-2,,,,287,,30
546,10,2019-09-13 00:00:00,IMPS-925622114782-UNNATI PRAMESH SHAH-HD,-1,-1,,-2,,,,288,0000925622114782,30
547,6,2019-09-18 00:00:00,QHDF7993989536/BILLDKJIOMONEY,-1,-1,,-2,,,,289,0000192618626732,30
548,6,2019-09-05 00:00:00,AMB CHRG INCL GST FOR AUG2019-MIR1924739,-1,-1,,-2,,,,290,MIR1924739651778,31
551,10,2019-09-13 00:00:00,L AND T FIN SERV IV200000000000000011091,-1,-1,,-2,,,,293,0000192566656336,29
552,10,2019-09-13 00:00:00,IB FUNDS TRANSFER CR-00801000031775,-1,-1,,-2,,,,294,,29
553,6,2019-09-16 00:00:00,CHQ RETURN CHGS INCL GST 120919-MIR19257,-1,-1,,-2,,,,295,0000000000000010,29
554,10,2019-09-25 00:00:00,00061500046229-TPT-GADLA EXP,-1,-1,,-2,,,,296,0000000129231813,29
555,10,2019-09-25 00:00:00,NEFT CR-IOBA0000205-INDUMATI RAJENDRA SH,-1,-1,,-2,,,,297,IOBAN19268634122,29
556,6,2019-09-26 00:00:00,CHQ PAID-MICR CTS-MU-SRASSK,-1,-1,,-2,,,,298,0000000000000010,29
557,6,2019-09-06 00:00:00,,-1,-1,,-2,,,,,,29
558,10,2019-09-07 00:00:00,,-1,-1,,-2,,,,,,29
559,6,2019-09-11 00:00:00,,-1,-1,,-2,,,,,,29
560,6,2019-09-13 00:00:00,,-1,-1,,-2,,,,,,29
561,6,2019-09-18 00:00:00,,-1,-1,,-2,,,,,,29
562,6,2019-09-19 00:00:00,,-1,-1,,-2,,,,,,29
563,10,2019-09-27 00:00:00,ACH C- TATA CAPITAL FINANCI-535306,-1,-1,,-2,,,,299,0000002236215442,30
564,10,2019-10-01 00:00:00,CREDIT INTEREST CAPITALISED,-1,-1,,-2,,,,300,,30
565,10,2019-10-01 00:00:00,ACH C- MUTHOOT FINANCE LIMI-7CK426635,-1,-1,,-2,,,,301,0000002351734474,30
566,10,2019-09-27 00:00:00,ACH C- TATA CAPITAL FINANCI-535307,-1,-1,,-2,,,,302,0000002236215444,29
567,10,2019-10-01 00:00:00,CREDIT INTEREST CAPITALISED,-1,-1,,-2,,,,303,,29
568,10,2019-10-01 00:00:00,CREDIT INTEREST CAPITALISED,-1,-1,,-2,,,,304,,31
569,6,2019-09-27 00:00:00,for sp photographs,-1,-1,,-2,,,,,,30
570,10,2019-09-30 00:00:00,,-1,-1,,-2,,,,,,30
571,10,2019-10-01 00:00:00,,-1,-1,,-2,,,,,,30
573,4,2019-10-07 00:00:00,,-1,-1,,-2,,,,,,30
574,6,2019-10-07 00:00:00,,-1,-1,,-2,,,,,,31
575,4,2019-10-07 00:00:00,,-1,-1,,-2,,,,,,29
576,6,2019-10-09 00:00:00,,-1,-1,,-2,,,,,,31
577,10,2019-09-30 00:00:00,,-1,-1,,-2,,,,,,31
578,10,2019-09-30 00:00:00,,-1,-1,,-2,,,,,,32
580,4,2019-10-09 00:00:00,,-1,-1,,-2,,,,,,30
581,6,2019-09-27 00:00:00,,-1,-1,,-2,,,,,,29
582,6,2019-09-27 00:00:00,,-1,-1,,-2,,,,,,29
583,10,2019-09-30 00:00:00,,-1,-1,,-2,,,,,,29
584,10,2019-10-07 00:00:00,,-1,-1,,-2,,,,,,29
585,6,2019-10-19 00:00:00,,-1,-1,,-2,,,,,,30
586,6,2019-10-20 00:00:00,,-1,-1,,-2,,,,,,30
587,6,2019-10-21 00:00:00,,-1,-1,,-2,,,,,,30
588,6,2019-10-24 00:00:00,,-1,-1,,-2,,,,,,30
589,10,2019-11-04 00:00:00,,-1,-1,,-2,,,,,,30
590,4,2019-10-21 00:00:00,,-1,-1,,-2,,,,,,30
591,10,2019-10-11 00:00:00,MONTHLY INTEREST CREDIT 50300030938637,-1,-1,,-2,,,,305,3304220191011768,30
592,10,2019-10-11 00:00:00,MONTHLY INTEREST CREDIT 50300030939041,-1,-1,,-2,,,,306,3304220191011768,30
593,6,2019-10-16 00:00:00,16102019300263/RKGLOBALSHAREANDSECU,-1,-1,,-2,,,,307,0000192890635867,30
594,6,2019-10-16 00:00:00,IB FUNDS TRANSFER DR-00801000031785,-1,-1,,-2,,,,308,IB16104958868194,30
595,6,2019-10-17 00:00:00,ZP8EE9456DCB46/ZAAKINSTAMOJOTECHNOL,-1,-1,,-2,,,,309,0000192901992855,30
596,10,2019-10-18 00:00:00,NEFT CR-ICIC0000105-UPPCL BOND SERVICING,-1,-1,,-2,,,,310,ICIB192910003227,30
597,6,2019-11-01 00:00:00,DEBIT INTEREST CAPITALIZED,-1,-1,,-2,,,,311,,30
598,10,2019-11-01 00:00:00,ACH C- MUTHOOT FINANCE LIMI-7CK428234,-1,-1,,-2,,,,312,0000003107497406,30
599,10,2019-10-14 00:00:00,L AND T FIN SERV IV200000000000000013277,-1,-1,,-2,,,,313,0000192877795935,29
600,10,2019-10-16 00:00:00,IB FUNDS TRANSFER CR-00801000031775,-1,-1,,-2,,,,314,IB16104958868194,29
601,6,2019-10-16 00:00:00,16102019300296/RKGLOBALSHAREANDSECU,-1,-1,,-2,,,,315,0000192890712114,29
603,10,2019-10-29 00:00:00,IMPS-930212256167-SAAHIL PRAMESH SHAH-HD,-1,-1,,-2,,,,317,0000930212256167,31
604,6,2019-10-29 00:00:00,00030340025017-TPT-TO RK HDFC I22099,-1,-1,,-2,,,,318,0000000310762780,31
605,6,2019-11-04 00:00:00,AMB CHRG INCL GST FOR OCT2019-MIR1930875,-1,-1,,-2,,,,319,MIR1930875854591,31
606,10,2019-11-02 00:00:00,,-1,-1,,-2,,,,,,31
607,10,2019-10-26 00:00:00,,-1,-1,,-2,,,,,,31
608,6,2019-11-05 00:00:00,,-1,-1,,-2,,,,,,31
609,6,2019-11-01 00:00:00,fastag,-1,-1,,-2,,,,,,31
610,6,2019-10-24 00:00:00,,-1,-1,,-2,,,,,,31
611,10,2019-10-24 00:00:00,,-1,-1,,-2,,,,,,31
612,6,2019-10-23 00:00:00,fastag,-1,-1,,-2,,,,,,31
613,6,2019-10-21 00:00:00,,-1,-1,,-2,,,,,,31
614,6,2019-10-20 00:00:00,,-1,-1,,-2,,,,,,31
615,10,2019-10-20 00:00:00,,-1,-1,,-2,,,,,,31
616,10,2019-10-19 00:00:00,,-1,-1,,-2,,,,,,31
617,6,2019-10-19 00:00:00,fastag,-1,-1,,-2,,,,,,31
618,6,2019-10-19 00:00:00,,-1,-1,,-2,,,,,,31
619,10,2019-10-19 00:00:00,,-1,-1,,-2,,,,,,31
620,10,2019-10-19 00:00:00,,-1,-1,,-2,,,,,,31
621,6,2019-10-13 00:00:00,photograph,-1,-1,,-2,,,,,,31
622,6,2019-10-11 00:00:00,,-1,-1,,-2,,,,,,31
623,6,2019-10-09 00:00:00,,-1,-1,,-2,,,,,,31
624,6,2019-11-07 00:00:00,,-1,-1,,-2,,,,,,29
625,10,2019-11-04 00:00:00,,-1,-1,,-2,,,,,,29
626,10,2019-10-26 00:00:00,,-1,-1,,-2,,,,,,29
627,6,2019-10-20 00:00:00,,-1,-1,,-2,,,,,,29
628,6,2019-11-07 00:00:00,,-1,-1,,-2,,,,,,29
629,10,2019-11-07 00:00:00,,-1,-1,,-2,,,,,,30
630,6,2019-11-07 00:00:00,,-1,-1,,-2,,,,,,31
631,10,2019-11-07 00:00:00,,-1,-1,,-2,,,,,,30
633,4,2019-11-07 00:00:00,,-1,-1,,-2,,,,,,29
634,10,2019-10-18 00:00:00,,-1,-1,,-2,,,,,,32
635,10,2019-10-18 00:00:00,,-1,-1,,-2,,,,,,32
636,10,2019-11-04 00:00:00,,-1,-1,,-2,,,,,,32
637,10,2019-11-05 00:00:00,,-1,-1,,-2,,,,,,32
638,6,2019-11-07 00:00:00,,-1,-1,,-2,,,,,,32
639,10,2019-11-11 00:00:00,,-1,-1,,-2,,,,,,31
640,10,2019-11-11 00:00:00,,-1,-1,,-2,,,,,,31
641,6,2019-11-12 00:00:00,,-1,-1,,-2,,,,,,31
642,6,2019-11-13 00:00:00,,-1,-1,,-2,,,,,,31
643,10,2019-11-13 00:00:00,,-1,-1,,-2,,,,,,31
644,6,2019-11-13 00:00:00,,-1,-1,,-2,,,,,,31
645,10,2019-11-19 00:00:00,,-1,-1,,-2,,,,,,31
646,6,2019-11-19 00:00:00,,-1,-1,,-2,,,,,,31
647,6,2019-11-20 00:00:00,,-1,-1,,-2,,,,,,31
648,6,2019-11-20 00:00:00,,-1,-1,,-2,,,,,,31
649,10,2019-11-20 00:00:00,,-1,-1,,-2,,,,,,31
650,10,2019-11-20 00:00:00,,-1,-1,,-2,,,,,,31
651,6,2019-11-20 00:00:00,,-1,-1,,-2,,,,,,31
652,10,2019-11-20 00:00:00,,-1,-1,,-2,,,,,,31
653,6,2019-11-20 00:00:00,,-1,-1,,-2,,,,,,31
656,6,2019-11-13 00:00:00,,-1,-1,,-2,,,,,,30
657,6,2019-11-19 00:00:00,,-1,-1,,-2,,,,,,30
658,6,2019-11-20 00:00:00,,-1,-1,,-2,,,,,,30
659,6,2019-11-20 00:00:00,,-1,-1,,-2,,,,,,32
660,6,2019-11-20 00:00:00,,-1,-1,,-2,,,,,,32
661,6,2019-11-19 00:00:00,,-1,-1,,-2,,,,,,32
662,6,2019-11-08 00:00:00,,-1,-1,,-2,,,,,,32
663,6,2019-11-20 00:00:00,,-1,-1,,-2,,,,,,29
664,6,2019-11-20 00:00:00,,-1,-1,,-2,,,,,,29
665,6,2019-11-19 00:00:00,,-1,-1,,-2,,,,,,29
666,6,2019-11-18 00:00:00,,-1,-1,,-2,,,,,,29
668,10,2019-11-21 00:00:00,,-1,-1,,-2,,,,,,31
669,6,2019-11-28 00:00:00,,-1,-1,,-2,,,,,,29
670,6,2019-11-28 00:00:00,,-1,-1,,-2,,,,,,29
671,6,2019-11-27 00:00:00,,-1,-1,,-2,,,,,,29
672,10,2019-11-11 00:00:00,MONTHLY INTEREST CREDIT 50300030938637,-1,-1,,-2,,,,320,3304220191111778,30
673,10,2019-11-11 00:00:00,MONTHLY INTEREST CREDIT 50300030939041,-1,-1,,-2,,,,321,3304220191111778,30
674,6,2019-11-13 00:00:00,DEPOSITORY CHARGES OCT19 - 10278767,-1,-1,,-2,,,,322,,30
675,6,2019-11-28 00:00:00,20191128140092491753/PAYTMWALLETLOADING,-1,-1,,-2,,,,323,0000193324072502,30
676,10,2019-11-29 00:00:00,MANAPPURAM FIN L INT00000000000077000120,-1,-1,,-2,,,,324,0000193339274879,30
677,10,2019-11-29 00:00:00,MANAPPURAM FIN L INT00000000000073000207,-1,-1,,-2,,,,325,0000193339274471,30
678,10,2019-12-02 00:00:00,ACH C- MUTHOOT FINANCE LIMI-7CK429837,-1,-1,,-2,,,,326,0000003723825222,30
679,10,2019-12-04 00:00:00,NEFT CR-SBIN0011777-STATE BANK OF INDIA-,-1,-1,,-2,,,,327,SBIN219338734700,30
680,6,2019-11-13 00:00:00,DEPOSITORY CHARGES OCT19 - 10278898,-1,-1,,-2,,,,328,,29
681,10,2019-11-13 00:00:00,L AND T FIN SERV IV200000000000000015470,-1,-1,,-2,,,,329,0000193178482970,29
682,10,2019-11-29 00:00:00,MANAPPURAM FIN L INT00000000000077000121,-1,-1,,-2,,,,330,0000193339274880,29
684,4,2019-12-04 00:00:00,,-1,-1,,-2,,,,,,30
685,4,2019-12-04 00:00:00,,-1,-1,,-2,,,,,,29
686,10,2019-11-28 00:00:00,,-1,-1,,-2,,,,,,30
687,6,2019-11-28 00:00:00,,-1,-1,,-2,,,,,,30
688,10,2019-11-29 00:00:00,,-1,-1,,-2,,,,,,30
691,4,2019-11-28 00:00:00,,-1,-1,,-2,,,,,,30
692,10,2019-11-28 00:00:00,,-1,-1,,-2,,,,,,32
693,6,2019-11-28 00:00:00,,-1,-1,,-2,,,,,,32
694,6,2019-11-28 00:00:00,,-1,-1,,-2,,,,,,32
695,6,2019-11-28 00:00:00,,-1,-1,,-2,,,,,,32
696,6,2019-12-04 00:00:00,,-1,-1,,-2,,,,,,32
697,6,2019-11-26 00:00:00,,-1,-1,,-2,,,,,,32
705,6,2019-11-06 00:00:00,Chrg: IMPS Transaction Dated On 21 TBMS-435569025,-1,-1,,-2,,,,339,,30
706,6,2019-11-07 00:00:00,Chrg: IMPS Transaction Dated On 13 TBMS-434535205,-1,-1,,-2,,,,340,,30
714,10,2019-12-04 00:00:00,NEFT N338190998751711,-1,-1,,-2,,,,348,NEFTINW-,30
715,6,2019-12-04 00:00:00,MB:TO SPS KOTAK,-1,-1,,-2,,,,349,MB-999523079387,30
716,6,2019-12-06 00:00:00,MB:TO SPS KOTAK,-1,-1,,-2,,,,350,MB-999522083122,30
717,10,2019-12-06 00:00:00,NEFT CMS1322070819 R K GLOBALNEFTINW-,-1,-1,,-2,,,,351,,30
719,10,2019-12-11 00:00:00,MB:RECEIVED MONEY FROM,-1,-1,,-2,,,,353,MB-999519524006,30
720,6,2019-12-11 00:00:00,OT OT RKSVSEC 0099235496,-1,-1,,-2,,,,354,KPG-0099235496,30
721,6,2019-12-11 00:00:00,OT OT RKSVSEC 0099235966,-1,-1,,-2,,,,355,KPG-0099235966,30
722,10,2019-12-11 00:00:00,NEFT CMS1327755682 R K GLOBALNEFTINW-,-1,-1,,-2,,,,356,,30
724,4,2019-12-11 00:00:00,,-1,-1,,-2,,,,,,30
725,10,2019-12-11 00:00:00,MONTHLY INTEREST CREDIT 50300030938637,-1,-1,,-2,,,,358,3304220191211782,30
726,10,2019-12-11 00:00:00,MONTHLY INTEREST CREDIT 50300030939041,-1,-1,,-2,,,,359,3304220191211782,30
727,6,2019-12-11 00:00:00,DQNK6SFL9ZCYVX/RAZPRKSVSECURITIESPR,-1,-1,,-2,,,,360,0000193453089650,30
728,10,2019-12-11 00:00:00,IMPS-934520636158-SAAHIL PRAMESH SHAH-HD,-1,-1,,-2,,,,361,0000934520636158,30
729,6,2019-12-06 00:00:00,AMB CHRG INCL GST FOR NOV2019-MIR1933945,-1,-1,,-2,,,,362,MIR1933945138420,31
730,10,2019-12-06 00:00:00,ACH C- ULTRATECH CEMENT LTD-000000000000,-1,-1,,-2,,,,363,0000007006152340,29
742,6,2019-11-08 00:00:00,MB:TO PACK KOTAK,-1,-1,,-2,,,,375,MB-999535381027,29
749,6,2019-12-04 00:00:00,MB:TO KOTAK PACKAGING,-1,-1,,-2,,,,382,MB-999523076895,29
750,6,2019-12-06 00:00:00,MB:TO KOTAK PACK,-1,-1,,-2,,,,383,MB-999522083805,29
751,10,2019-12-06 00:00:00,NEFT CMS1322070820 R K GLOBALNEFTINW-,-1,-1,,-2,,,,384,,29
752,10,2019-12-07 00:00:00,MB:RECEIVED MONEY FROM,-1,-1,,-2,,,,385,MB-999521533795,29
753,10,2019-12-09 00:00:00,MB:RECEIVED MONEY FROM,-1,-1,,-2,,,,386,MB-999520424776,29
754,10,2019-12-16 00:00:00,gift,-1,-1,,-2,,,,,gift,29
755,10,2019-12-19 00:00:00,,-1,-1,,-2,,,,,gift,29
756,6,2019-12-23 00:00:00,,-1,-1,,-2,,,,,gift,29
757,6,2019-12-23 00:00:00,,-1,-1,,-2,,,,,gift,29
758,10,2019-12-23 00:00:00,,-1,-1,,-2,,,,,gift,29
759,10,2019-12-26 00:00:00,,-1,-1,,-2,,,,,gift,29
760,10,2019-12-31 00:00:00,,-1,-1,,-2,,,,,gift,29
761,4,2020-01-07 00:00:00,,-1,-1,,-2,,,,,,29
762,4,2019-12-23 00:00:00,,-1,-1,,-2,,,,,,29
763,10,2019-12-16 00:00:00,,-1,-1,,-2,,,,,,30
764,6,2019-12-17 00:00:00,,-1,-1,,-2,,,,,,30
765,10,2019-12-31 00:00:00,,-1,-1,,-2,,,,,,30
766,10,2020-01-01 00:00:00,,-1,-1,,-2,,,,,muthoot,30
767,6,2020-01-07 00:00:00,,-1,-1,,-2,,,,,,30
768,10,2020-01-14 00:00:00,,-1,-1,,-2,,,,,,30
769,6,2019-12-13 00:00:00,,-1,-1,,-2,,,,,,30
770,10,2020-01-01 00:00:00,,-1,-1,,-2,,,,,,30
771,10,2020-01-11 00:00:00,,-1,-1,,-2,,,,,,30
773,10,2019-12-13 00:00:00,,-1,-1,,-2,,,,,,29
774,6,2019-12-23 00:00:00,,-1,-1,,-2,,,,,,29
775,10,2020-01-01 00:00:00,,-1,-1,,-2,,,,,,29
776,6,2020-01-07 00:00:00,,-1,-1,,-2,,,,,,29
777,10,2020-01-13 00:00:00,,-1,-1,,-2,,,,,,29
778,6,2020-01-09 00:00:00,,-1,-1,,-2,,,,,,29
779,6,2020-01-10 00:00:00,,-1,-1,,-2,,,,,,29
780,6,2020-01-14 00:00:00,,-1,-1,,-2,,,,,,29
781,10,2020-01-01 00:00:00,,-1,-1,,-2,,,,,,31
782,6,2020-01-09 00:00:00,,-1,-1,,-2,,,,,,31
783,10,2019-11-27 00:00:00,,-1,-1,,-2,,,,,,31
784,6,2019-11-27 00:00:00,,-1,-1,,-2,,,,,,31
785,10,2019-11-27 00:00:00,jio reward,-1,-1,,-2,,,,,,31
786,10,2019-11-28 00:00:00,,-1,-1,,-2,,,,,,31
787,6,2019-11-28 00:00:00,,-1,-1,,-2,,,,,,31
788,6,2019-11-28 00:00:00,,-1,-1,,-2,,,,,,31
789,10,2019-11-28 00:00:00,,-1,-1,,-2,,,,,,31
790,10,2019-11-28 00:00:00,google pay reward,-1,-1,,-2,,,,,,31
791,10,2019-12-04 00:00:00,,-1,-1,,-2,,,,,,31
792,6,2019-12-04 00:00:00,,-1,-1,,-2,,,,,,31
793,10,2019-12-06 00:00:00,,-1,-1,,-2,,,,,,31
794,6,2019-12-06 00:00:00,,-1,-1,,-2,,,,,,31
795,10,2019-12-07 00:00:00,,-1,-1,,-2,,,,,,31
796,10,2019-12-09 00:00:00,,-1,-1,,-2,,,,,,31
797,6,2019-12-11 00:00:00,,-1,-1,,-2,,,,,,31
798,6,2019-12-11 00:00:00,,-1,-1,,-2,,,,,,31
799,10,2019-12-16 00:00:00,,-1,-1,,-2,,,,,,31
800,6,2019-12-16 00:00:00,loan to Mahesh mepromax,-1,-1,,-2,,,,,,31
801,10,2019-12-16 00:00:00,,-1,-1,,-2,,,,,,31
802,6,2019-12-18 00:00:00,,-1,-1,,-2,,,,,,31
803,10,2019-12-23 00:00:00,,-1,-1,,-2,,,,,,31
804,6,2019-12-26 00:00:00,,-1,-1,,-2,,,,,,31
805,10,2019-12-26 00:00:00,,-1,-1,,-2,,,,,,31
806,6,2019-12-28 00:00:00,,-1,-1,,-2,,,,,,31
807,6,2019-12-28 00:00:00,,-1,-1,,-2,,,,,,31
808,10,2019-12-31 00:00:00,,-1,-1,,-2,,,,,,31
809,6,2020-01-01 00:00:00,,-1,-1,,-2,,,,,,31
810,6,2020-01-03 00:00:00,,-1,-1,,-2,,,,,,31
811,10,2020-01-06 00:00:00,akshit,-1,-1,,-2,,,,,,31
812,6,2020-01-14 00:00:00,,-1,-1,,-2,,,,,,31
813,6,2019-11-28 00:00:00,,-1,-1,,-2,,,,,,31
814,6,2020-01-16 00:00:00,,-1,-1,,-2,,,,,,30
815,10,2020-01-16 00:00:00,,-1,-1,,-2,,,,,,31
816,6,2020-01-16 00:00:00,,-1,-1,,-2,,,,,,31
819,10,2020-01-16 00:00:00,,-1,-1,,-2,,,,,,29
820,6,2020-01-20 00:00:00,,-1,-1,,-2,,,,,,29
821,10,2020-01-20 00:00:00,,-1,-1,,-2,,,,,alpana,29
822,10,2020-01-21 00:00:00,,-1,-1,,-2,,,,,alpana,29
823,10,2020-01-29 00:00:00,,-1,-1,,-2,,,,,alpana,29
824,6,2020-01-23 00:00:00,,-1,-1,,-2,,,,,alpana,29
825,10,2020-01-20 00:00:00,,-1,-1,,-2,,,,,uppcl,30
826,10,2020-02-01 00:00:00,,-1,-1,,-2,,,,,,30
828,6,2020-02-09 00:00:00,,-1,-1,,-2,,,,,ali express,30
829,6,2020-02-10 00:00:00,,-1,-1,,-2,,,,,paytm for tv,30
830,4,2020-02-10 00:00:00,,-1,-1,,-2,,,,,,30
831,6,2020-01-20 00:00:00,,-1,-1,,-2,,,,,,31
832,6,2020-01-22 00:00:00,,-1,-1,,-2,,,,,,31
833,6,2020-01-26 00:00:00,,-1,-1,,-2,,,,,,31
834,6,2020-02-05 00:00:00,,-1,-1,,-2,,,,,,31
835,6,2020-02-06 00:00:00,,-1,-1,,-2,,,,,,31
836,6,2020-02-10 00:00:00,,-1,-1,,-2,,,,,,31
837,6,2020-02-10 00:00:00,,-1,-1,,-2,,,,,,31
838,4,2020-02-10 00:00:00,,-1,-1,,-2,,,,,,31
839,10,2020-02-10 00:00:00,,-1,-1,,-2,,,,,,29
840,4,2020-02-10 00:00:00,,-1,-1,,-2,,,,,,29
841,6,2020-02-10 00:00:00,,-1,-1,,-2,,,,,,32
842,6,2020-01-30 00:00:00,,-1,-1,,-2,,,,,,32
843,6,2020-01-10 00:00:00,,-1,-1,,-2,,,,,,32
844,10,2019-12-31 00:00:00,,-1,-1,,-2,,,,,,32
845,10,2019-12-26 00:00:00,,-1,-1,,-2,,,,,,32
846,10,2019-12-23 00:00:00,,-1,-1,,-2,,,,,,32
847,10,2019-12-17 00:00:00,,-1,-1,,-2,,,,,,32
848,10,2019-12-13 00:00:00,,-1,-1,,-2,,,,,,32
849,6,2019-12-10 00:00:00,,-1,-1,,-2,,,,,,32
850,6,2019-12-06 00:00:00,,-1,-1,,-2,,,,,,32
851,6,2020-02-11 00:00:00,,-1,-1,,-2,,,,,,32
852,10,2020-02-11 00:00:00,,-1,-1,,-2,,,,,,30
853,6,2020-02-11 00:00:00,,-1,-1,,-2,,,,,,31
854,10,2019-06-30 00:00:00,,-1,-1,,-2,,,,,,31
855,10,2019-09-30 00:00:00,,-1,-1,,-2,,,,,,31
856,10,2019-12-31 00:00:00,,-1,-1,,-2,,,,,,31
857,10,2019-04-01 00:00:00,,-1,-1,,-2,,,,,,29
858,6,2020-02-11 00:00:00,,-1,-1,,-2,,,,,,29
859,10,2020-02-11 00:00:00,,-1,-1,,-2,,,,,,29
860,6,2020-02-11 00:00:00,,-1,-1,,-2,,,,,,30
861,6,2020-02-11 00:00:00,,-1,-1,,-2,,,,,locker,30
862,10,2020-02-11 00:00:00,,-1,-1,,-2,,,,,locker,30
863,4,2019-07-22 00:00:00,,-1,-1,,-2,,,,,,30
864,4,2019-10-19 00:00:00,,-1,-1,,-2,,,,,FRACTIONAL VALUE OF CENTURY TEXT 3 X 50.2,30
866,6,2020-02-26 00:00:00,MB TO PRS HUF IOBRef 005709872006,-1,-1,,-2,,,,387,IMPS-005709872008,32
867,6,2020-02-26 00:00:00,MB TO PRS HUF IOBRef 005709869468,-1,-1,,-2,,,,388,IMPS-005709869469,32
868,10,2020-02-26 00:00:00,MB:RECEIVED MONEYFROM 2012066081,-1,-1,,-2,,,,389,MB-999480820390,32
869,10,2020-02-26 00:00:00,MB:RECEIVED MONEYFROM 5013414721,-1,-1,,-2,,,,390,MB-999480820748,32
870,6,2020-02-18 00:00:00,TO ENT K,-1,-1,,-2,,,,391,IB,32
872,6,2020-03-13 00:00:00,MB TO PRS HDFCRef 007322120506,-1,-1,,-2,,,,393,IMPS-007322120507,31
873,6,2020-03-13 00:00:00,MB TO PRS HDFCRef 007308087499,-1,-1,,-2,,,,394,IMPS-007308087724,31
874,6,2020-03-12 00:00:00,MB:TO PRINTERS KOTAK,-1,-1,,-2,,,,395,MB-999471873261,31
876,6,2020-03-08 00:00:00,FASTAG AUTOTOPUP-101127-,-1,-1,,-2,,,,397,MWFA-0042874677,31
877,6,2020-03-05 00:00:00,MB I22099 TO RK GLOBALRef 006513893533,-1,-1,,-2,,,,398,IMPS-006513893645,31
878,6,2020-03-05 00:00:00,MB TO SPS HDFCRef 006513871033,-1,-1,,-2,,,,399,IMPS-006513870927,31
879,6,2020-03-03 00:00:00,MB:to PRS hdfc,-1,-1,,-2,,,,400,000157581434,31
880,10,2020-03-02 00:00:00,Received from CAMSXX5001 IMPS REF,-1,-1,,-2,,,,401,IMPS-006212429565,31
881,10,2020-02-28 00:00:00,MB:RECEIVED MONEYFROM 5013215984,-1,-1,,-2,,,,402,MB-999479513334,31
884,6,2020-02-24 00:00:00,FASTAG AUTOTOPUP-101127-,-1,-1,,-2,,,,405,MWFA-0041723461,31
885,6,2020-02-20 00:00:00,MB TO PRINT IOBRef 005114271098,-1,-1,,-2,,,,406,IMPS-005114271111,31
886,6,2020-02-18 00:00:00,MB:TO PRINT KOTAK,-1,-1,,-2,,,,407,MB-999484371849,31
887,6,2020-02-17 00:00:00,MB:TO PRINTERS KOTAK,-1,-1,,-2,,,,408,MB-999485004110,31
888,6,2020-02-11 00:00:00,MB:SPS TO KOTAK,-1,-1,,-2,,,,409,MB-999488245751,31
890,6,2020-02-06 00:00:00,,-1,-1,,-2,,,,,,31
891,10,2020-02-11 00:00:00,sbi validation,-1,-1,,-2,,,,,,31
892,10,2020-02-15 00:00:00,,-1,-1,,-2,,,,,,31
893,10,2020-02-18 00:00:00,reverce charges,-1,-1,,-2,,,,,,31
894,10,2020-02-26 00:00:00,refund AY 19-20,-1,-1,,-2,,,,,,31
895,10,2020-03-06 00:00:00,prs hdfc,-1,-1,,-2,,,,,,31
896,6,2020-03-06 00:00:00,,-1,-1,,-2,,,,,,31
897,6,2020-03-09 00:00:00,,-1,-1,,-2,,,,,,31
898,6,2020-03-09 00:00:00,,-1,-1,,-2,,,,,,31
899,6,2020-03-12 00:00:00,,-1,-1,,-2,,,,,,31
900,10,2020-03-09 00:00:00,prs hdfc,-1,-1,,-2,,,,,,31
901,10,2020-03-12 00:00:00,,-1,-1,,-2,,,,,,31
902,10,2020-02-13 00:00:00,l&t finance,-1,-1,,-2,,,,,,29
903,10,2020-02-28 00:00:00,hil,-1,-1,,-2,,,,,,29
904,10,2020-03-09 00:00:00,,-1,-1,,-2,,,,,,29
905,10,2020-03-13 00:00:00,,-1,-1,,-2,,,,,,29
906,10,2020-03-13 00:00:00,,-1,-1,,-2,,,,,,29
907,10,2020-03-13 00:00:00,l&t,-1,-1,,-2,,,,,,29
908,6,2020-02-15 00:00:00,sps hdfc,-1,-1,,-2,,,,,,29
909,6,2020-03-09 00:00:00,,-1,-1,,-2,,,,,,29
910,6,2020-03-13 00:00:00,,-1,-1,,-2,,,,,,29
911,6,2020-03-13 00:00:00,,-1,-1,,-2,,,,,,29
913,10,2020-01-11 00:00:00,MONTHLY INTEREST CREDIT 50300030939041,-1,-1,,-2,,,,412,3304220200111771,30
914,10,2020-02-11 00:00:00,MONTHLY INTEREST CREDIT 50300030938637,-1,-1,,-2,,,,413,3304220200211768,30
915,10,2020-02-11 00:00:00,MONTHLY INTEREST CREDIT 50300030939041,-1,-1,,-2,,,,414,3304220200211768,30
916,10,2020-02-12 00:00:00,INT. AUTO_REDEMPTION 50300030941710,-1,-1,,-2,,,,415,3304220200212771,30
917,10,2020-02-12 00:00:00,INT. AUTO_REDEMPTION 50300030942140,-1,-1,,-2,,,,416,3304220200212771,30
918,10,2020-02-12 00:00:00,MONTHLY INTEREST CREDIT 50300030938637,-1,-1,,-2,,,,417,3304220200212771,30
919,10,2020-02-12 00:00:00,MONTHLY INTEREST CREDIT 50300030939041,-1,-1,,-2,,,,418,3304220200212771,30
920,6,2020-02-28 00:00:00,28022020200208/RKGLOBALSHAREANDSECU,-1,-1,,-2,,,,419,0000200592663558,30
921,10,2020-02-28 00:00:00,ACH C- HIL LTD INT DIV 2019-000000000000,-1,-1,,-2,,,,420,0000007009083059,30
922,6,2020-03-01 00:00:00,DEBIT INTEREST CAPITALIZED,-1,-1,,-2,,,,421,,30
923,6,2020-03-03 00:00:00,03032020500061/RKGLOBALSHAREANDSECU,-1,-1,,-2,,,,422,0000200636306913,30
924,10,2020-03-03 00:00:00,IMPS-006313080327-PRAMESH RAJENDRA SHA-H,-1,-1,,-2,,,,423,0000006313080327,30
925,10,2020-03-03 00:00:00,NEFT CR-KKBK0000958-SAAHIL PRAMESH SHAH-,-1,-1,,-2,,,,424,KKBKH20063791734,30
926,6,2020-03-06 00:00:00,06032020301106/RKGLOBALSHAREANDSECU,-1,-1,,-2,,,,425,0000200668862525,30
927,6,2020-03-09 00:00:00,IB FUNDS TRANSFER DR-00801000054356-SAAH,-1,-1,,-2,,,,426,BM00690575357866,30
928,6,2020-03-09 00:00:00,IB FUNDS TRANSFER DR-00801000031785-UNNA,-1,-1,,-2,,,,427,BM00690582606556,30
929,6,2020-03-09 00:00:00,09032020200402/RKGLOBALSHAREANDSECU,-1,-1,,-2,,,,428,0000200691319241,30
930,10,2020-03-09 00:00:00,NEFT CR-KKBK0000958-PRAMESH RAJENDRA SHA,-1,-1,,-2,,,,429,KKBKH20069664462,30
931,6,2020-03-11 00:00:00,11032020200070/RKGLOBALSHAREANDSECU,-1,-1,,-2,,,,430,0000200712383952,30
932,10,2020-03-11 00:00:00,00061500045365-TPT-GIFT ASS TO PRS-ALPAN,-1,-1,,-2,,,,431,0000000237209163,30
933,10,2020-03-12 00:00:00,MONTHLY INTEREST CREDIT 50300030938637,-1,-1,,-2,,,,432,3304220200312776,30
934,10,2020-03-12 00:00:00,MONTHLY INTEREST CREDIT 50300030939041,-1,-1,,-2,,,,433,3304220200312776,30
935,6,2020-03-12 00:00:00,12032020200414/RKGLOBALSHAREANDSECU,-1,-1,,-2,,,,434,0000200723213618,30
936,10,2020-03-12 00:00:00,IMPS-007210923972-PRAMESH RAJENDRA SHA-H,-1,-1,,-2,,,,435,0000007210923972,30
937,6,2020-03-12 00:00:00,IB FUNDS TRANSFER DR-00801000054356 -SA,-1,-1,,-2,,,,436,IB12152359707216,30
938,6,2020-03-13 00:00:00,13032020300538/RKGLOBALSHAREANDSECU,-1,-1,,-2,,,,437,0000200734017573,30
939,10,2020-03-13 00:00:00,IMPS-007308086868-PRAMESH RAJENDRA SHA-H,-1,-1,,-2,,,,438,0000007308086868,30
940,10,2020-03-13 00:00:00,IMPS-007308087499-SAAHIL SHAH-HDFC-XXXX,-1,-1,,-2,,,,439,0000007308087499,30
941,6,2020-03-13 00:00:00,IB FUNDS TRANSFER DR-00801000031785-UNNA,-1,-1,,-2,,,,440,BM00730673570064,30
942,6,2020-03-13 00:00:00,IB FUNDS TRANSFER DR-00801000031785 -UN,-1,-1,,-2,,,,441,IB13114214285844,30
943,10,2020-03-13 00:00:00,IMPS-007322120506-SAAHIL SHAH-HDFC-XXXX,-1,-1,,-2,,,,442,0000007322120506,30
944,10,2020-03-13 00:00:00,NEFT CR-KKBK0000958-UNNATI PRAMESH SHAH-,-1,-1,,-2,,,,443,KKBKH20073657782,30
945,6,2020-03-17 00:00:00,OT OT RKSVSEC0106989591,-1,-1,,-2,,,,444,KPG-0106989591,29
946,6,2020-03-16 00:00:00,OT OT RKSVSEC0106935630,-1,-1,,-2,,,,445,KPG-0106935630,29
947,6,2020-03-13 00:00:00,MB:to prs hdfc,-1,-1,,-2,,,,446,000159161819,29
948,6,2020-03-12 00:00:00,MB:PRS KOTAK,-1,-1,,-2,,,,447,MB-999471781062,29
949,6,2020-03-12 00:00:00,MB:PACK KOTAK,-1,-1,,-2,,,,448,MB-999471841821,29
950,6,2020-03-12 00:00:00,OT OT RKSVSEC0106567531,-1,-1,,-2,,,,449,KPG-0106567531,29
951,6,2020-03-11 00:00:00,MB:UPS TO KOTAK PACK,-1,-1,,-2,,,,450,MB-999472289156,29
952,10,2020-03-06 00:00:00,RTGSICICR22020030600688092 R,-1,-1,,-2,,,,451,RTGSINW-0030019013,29
953,6,2020-02-14 00:00:00,,-1,-1,,-2,,,,,,29
954,10,2020-02-15 00:00:00,,-1,-1,,-2,,,,,,29
955,10,2020-02-18 00:00:00,S V Shah,-1,-1,,-2,,,,,S V Shah,29
956,6,2020-02-20 00:00:00,,-1,-1,,-2,,,,,S V Shah,29
957,6,2020-03-17 00:00:00,,-1,-1,,-2,,,,,,31
958,10,2020-03-16 00:00:00,,-1,-1,,-2,,,,,,30
959,6,2020-03-16 00:00:00,tata aia,-1,-1,,-2,,,,,,30
960,10,2020-03-13 00:00:00,L& T,-1,-1,,-2,,,,,,30
961,10,2020-03-02 00:00:00,,-1,-1,,-2,,,,,,30
962,6,2020-02-28 00:00:00,,-1,-1,,-2,,,,,,30
963,10,2020-02-26 00:00:00,,-1,-1,,-2,,,,,,30
964,6,2020-02-26 00:00:00,,-1,-1,,-2,,,,,,30
965,10,2020-02-18 00:00:00,,-1,-1,,-2,,,,,,30
966,10,2020-02-18 00:00:00,,-1,-1,,-2,,,,,,30
967,10,2020-03-12 00:00:00,,-1,-1,,-2,,,,,,30
968,10,2020-02-06 00:00:00,,-1,-1,,-2,,,,,,32
969,6,2020-03-11 00:00:00,,-1,-1,,-2,,,,,,32
970,6,2019-12-26 00:00:00,,-1,-1,,-2,,,,,,32
971,10,2019-11-04 00:00:00,,-1,-1,,-2,,,,,,32
972,4,2020-03-18 00:00:00,,-1,-1,,-2,,,,,,31
973,10,2020-03-18 00:00:00,,-1,-1,,-2,,,,,,31
974,4,2020-03-18 00:00:00,,-1,-1,,-2,,,,,,31
975,6,2020-03-18 00:00:00,,-1,-1,,-2,,,,,,31
976,6,2020-03-18 00:00:00,,-1,-1,,-2,,,,,,31
977,6,2020-03-18 00:00:00,,-1,-1,,-2,,,,,,31
978,6,2020-03-18 00:00:00,,-1,-1,,-2,,,,,,31
980,10,2020-03-18 00:00:00,,-1,-1,,-2,,,,,,31
981,10,2020-03-18 00:00:00,,-1,-1,,-2,,,,,,31
982,6,2020-03-18 00:00:00,,-1,-1,,-2,,,,,,31
983,6,2020-03-18 00:00:00,,-1,-1,,-2,,,,,,31
984,6,2020-03-18 00:00:00,,-1,-1,,-2,,,,,,31
985,4,2020-03-18 00:00:00,,-1,-1,,-2,,,,,,31
986,6,2020-03-18 00:00:00,,-1,-1,,-2,,,,,,31
987,10,2020-03-19 00:00:00,,-1,-1,,-2,,,,,,31
988,10,2020-03-19 00:00:00,,-1,-1,,-2,,,,,,31
989,4,2020-03-20 00:00:00,,-1,-1,,-2,,,,,,31
990,6,2020-03-20 00:00:00,,-1,-1,,-2,,,,,,31
991,10,2020-03-18 00:00:00,,-1,-1,,-2,,,,,,29
992,10,2020-03-18 00:00:00,sbi,-1,-1,,-2,,,,,,29
993,10,2020-03-18 00:00:00,sbi,-1,-1,,-2,,,,,,29
994,10,2020-03-18 00:00:00,,-1,-1,,-2,,,,,,29
995,10,2020-03-18 00:00:00,,-1,-1,,-2,,,,,,29
996,10,2020-03-21 00:00:00,,-1,-1,,-2,,,,,,29
997,10,2020-03-21 00:00:00,,-1,-1,,-2,,,,,,31
998,10,2020-03-21 00:00:00,,-1,-1,,-2,,,,,,31
999,10,2020-03-19 00:00:00,,-1,-1,,-2,,,,,,31
1000,6,2020-03-20 00:00:00,to printers iob,-1,-1,,-2,,,,,,31
1001,6,2020-03-19 00:00:00,,-1,-1,,-2,,,,,,31
1002,10,2020-03-18 00:00:00,,-1,-1,,-2,,,,,,31
1003,12,2020-03-18 00:00:00,,-1,-1,,-2,,,,,,31
1004,6,2020-03-18 00:00:00,,-1,-1,,-2,,,,,,31
1005,6,2020-03-14 00:00:00,,-1,-1,,-2,,,,,,31
1006,6,2020-03-20 00:00:00,,-1,-1,,-2,,,,,,31
1007,10,2020-03-18 00:00:00,sbi prs,-1,-1,,-2,,,,,,31
1008,12,2020-03-18 00:00:00,,-1,-1,,-2,,,,,,31
1009,10,2020-03-17 00:00:00,,-1,-1,,-2,,,,,,30
1010,6,2020-03-18 00:00:00,,-1,-1,,-2,,,,,,30
1011,10,2020-03-18 00:00:00,,-1,-1,,-2,,,,,,30
1012,10,2020-03-18 00:00:00,sbi saahil,-1,-1,,-2,,,,,,30
1013,10,2020-03-18 00:00:00,ups  sbi,-1,-1,,-2,,,,,,30
1015,6,2020-03-19 00:00:00,,-1,-1,,-2,,,,,,30
1016,6,2020-03-20 00:00:00,,-1,-1,,-2,,,,,,30
1017,10,2020-03-20 00:00:00,,-1,-1,,-2,,,,,,30
1018,12,2020-03-21 00:00:00,,-1,-1,,-2,,,,,,30
1019,10,2020-03-21 00:00:00,,-1,-1,,-2,,,,,,30
1020,12,2020-03-18 00:00:00,,-1,-1,,-2,,,,,,30
1021,6,2020-03-18 00:00:00,,-1,-1,,-2,,,,,,30
1022,10,2020-03-18 00:00:00,,-1,-1,,-2,,,,,,30
1023,12,2020-03-18 00:00:00,,-1,-1,,-2,,,,,,31
1024,10,2020-03-18 00:00:00,,-1,-1,,-2,,,,,,31
1025,10,2020-03-22 00:00:00,ups hdfc,-1,-1,,-2,,,,,,31
1026,10,2020-03-18 00:00:00,,-1,-1,,-2,,,,,,29
1027,10,2020-03-19 00:00:00,,-1,-1,,-2,,,,,,29
1028,6,2020-03-22 00:00:00,to sps hdfc,-1,-1,,-2,,,,,,29
1029,12,2020-03-18 00:00:00,,-1,-1,,-2,,,,,,30
1030,6,2020-03-18 00:00:00,,-1,-1,,-2,,,,,,30
1031,12,2020-03-18 00:00:00,,-1,-1,,-2,,,,,,29
1032,10,2020-03-18 00:00:00,,-1,-1,,-2,,,,,,29
1033,10,2020-03-18 00:00:00,,-1,-1,,-2,,,,,,29
1035,12,2020-03-23 00:00:00,,-1,-1,,-2,,,,,,31
1036,12,2020-03-23 00:00:00,,-1,-1,,-2,,,,,,31
1037,10,2020-03-23 00:00:00,,-1,-1,,-2,,,,,,31
1038,12,2020-03-23 00:00:00,,-1,-1,,-2,,,,,,30
1039,12,2020-03-23 00:00:00,,-1,-1,,-2,,,,,,30
1041,6,2020-03-23 00:00:00,ups hdfc,-1,-1,,-2,,,,,,30
1042,10,2020-03-23 00:00:00,,-1,-1,,-2,,,,,,30
1043,6,2020-03-23 00:00:00,sps hdfc,-1,-1,,-2,,,,,,30
1044,12,2020-03-23 00:00:00,,-1,-1,,-2,,,,,,30
1045,12,2020-03-23 00:00:00,,-1,-1,,-2,,,,,,29
1046,12,2020-03-23 00:00:00,,-1,-1,,-2,,,,,,29
1047,10,2020-03-23 00:00:00,,-1,-1,,-2,,,,,,29
1049,10,2020-03-23 00:00:00,,-1,-1,,-2,,,,,,29
1050,10,2020-03-23 00:00:00,,-1,-1,,-2,,,,,,31
1051,6,2020-03-23 00:00:00,,-1,-1,,-2,,,,,,31
1052,10,2020-03-23 00:00:00,,-1,-1,,-2,,,,,,31
1053,12,2020-03-23 00:00:00,,-1,-1,,-2,,,,,,30
1054,6,2020-03-23 00:00:00,,-1,-1,,-2,,,,,,30
1055,6,2020-03-23 00:00:00,,-1,-1,,-2,,,,,,30
1056,6,2020-03-22 00:00:00,,-1,-1,,-2,,,,,,29
1057,10,2020-03-18 00:00:00,,-1,-1,,-2,,,,,,31
1058,10,2020-03-23 00:00:00,,-1,-1,,-2,,,,,,31
1059,6,2020-03-23 00:00:00,,-1,-1,,-2,,,,,,32
1060,10,2020-03-23 00:00:00,,-1,-1,,-2,,,,,,32
1061,10,2020-03-18 00:00:00,,-1,-1,,-2,,,,,,32
1062,10,2020-03-18 00:00:00,,-1,-1,,-2,,,,,,32
1063,10,2020-03-23 00:00:00,,-1,-1,,-2,,,,,,30
1064,6,2020-03-23 00:00:00,,-1,-1,,-2,,,,,,31
1065,10,2020-03-23 00:00:00,,-1,-1,,-2,,,,,,29
1066,6,2020-03-23 00:00:00,,-1,-1,,-2,,,,,,31
1067,4,2020-03-23 00:00:00,,-1,-1,,-2,,,,,,30
1068,4,2020-03-23 00:00:00,,-1,-1,,-2,,,,,,29
1070,12,2020-03-23 00:00:00,,-1,-1,,-2,,,,,,29
1071,10,2020-03-24 00:00:00,,-1,-1,,-2,,,,,,29
1072,6,2020-03-24 00:00:00,,-1,-1,,-2,,,,,,29
1073,6,2020-03-24 00:00:00,,-1,-1,,-2,,,,,,29
1074,10,2020-03-24 00:00:00,,-1,-1,,-2,,,,,,31
1075,6,2019-12-16 00:00:00,,-1,-1,,-2,,,,,,31
1076,4,2020-03-23 00:00:00,,-1,-1,,-2,,,,,,31
1077,6,2020-03-25 00:00:00,,-1,-1,,-2,,,,,,30
1078,4,2020-03-25 00:00:00,,-1,-1,,-2,,,,,,30
1079,10,2020-03-25 00:00:00,,-1,-1,,-2,,,,,,30
1080,4,2020-03-25 00:00:00,,-1,-1,,-2,,,,,,31
1081,6,2020-03-25 00:00:00,,-1,-1,,-2,,,,,,31
1082,10,2020-03-25 00:00:00,,-1,-1,,-2,,,,,,31
1083,6,2020-03-25 00:00:00,,-1,-1,,-2,,,,,,31
1084,6,2020-03-24 00:00:00,,-1,-1,,-2,,,,,,31
1085,6,2020-03-25 00:00:00,,-1,-1,,-2,,,,,,29
1086,10,2020-03-25 00:00:00,,-1,-1,,-2,,,,,,31
1087,10,2020-03-26 00:00:00,,-1,-1,,-2,,,,,,32
1088,6,2020-03-26 00:00:00,,-1,-1,,-2,,,,,,32
1089,10,2020-03-26 00:00:00,,-1,-1,,-2,,,,,,30
1090,6,2020-03-26 00:00:00,,-1,-1,,-2,,,,,,30
1091,12,2020-03-26 00:00:00,,-1,-1,,-2,,,,,,31
1092,10,2020-03-26 00:00:00,,-1,-1,,-2,,,,,,31
1093,12,2020-03-26 00:00:00,,-1,-1,,-2,,,,,,31
1094,12,2020-03-27 00:00:00,,-1,-1,,-2,,,,,,31
1095,6,2020-03-27 00:00:00,,-1,-1,,-2,,,,,,31
1096,6,2020-03-30 00:00:00,,-1,-1,,-2,,,,,,31
1097,12,2020-03-25 00:00:00,,-1,-1,,-2,,,,,,29
1098,12,2020-03-25 00:00:00,,-1,-1,,-2,,,,,,29
1099,10,2020-03-26 00:00:00,,-1,-1,,-2,,,,,,29
1100,12,2020-03-26 00:00:00,,-1,-1,,-2,,,,,,29
1101,12,2020-03-28 00:00:00,,-1,-1,,-2,,,,,,29
1102,6,2020-03-29 00:00:00,,-1,-1,,-2,,,,,,29
1103,6,2020-03-29 00:00:00,,-1,-1,,-2,,,,,,29
1104,6,2020-03-30 00:00:00,,-1,-1,,-2,,,,,,29
1105,6,2020-03-30 00:00:00,,-1,-1,,-2,,,,,,29
1106,10,2020-03-25 00:00:00,,-1,-1,,-2,,,,,,30
1107,10,2020-03-30 00:00:00,,-1,-1,,-2,,,,,,30
1108,10,2020-03-25 00:00:00,,-1,-1,,-2,,,,,,29
1109,6,2020-03-25 00:00:00,,-1,-1,,-2,,,,,,29
1110,12,2020-03-27 00:00:00,,-1,-1,,-2,,,,,,31
1111,10,2020-03-27 00:00:00,,-1,-1,,-2,,,,,,31
1112,10,2020-03-31 00:00:00,,-1,-1,,-2,,,,,,30
1113,10,2020-03-31 00:00:00,,-1,-1,,-2,,,,,,31
1114,10,2020-03-31 00:00:00,,-1,-1,,-2,,,,,,29
1115,10,2020-03-31 00:00:00,,-1,-1,,-2,,,,,,30
1116,6,2020-03-31 00:00:00,,-1,-1,,-2,,,,,,30
1117,10,2020-03-31 00:00:00,,-1,-1,,-2,,,,,,31
1118,10,2020-03-31 00:00:00,,-1,-1,,-2,,,,,,29
1119,10,2020-03-31 00:00:00,,-1,-1,,-2,,,,,,32
1120,10,2020-03-25 00:00:00,,-1,-1,,-2,,,,,,31
1121,4,2020-03-31 00:00:00,473.5+17.24,-1,-1,,-2,,,,,,30
1123,4,2020-03-31 00:00:00,,-1,-1,,-2,,,,,,31
1124,4,2020-03-31 00:00:00,,-1,-1,,-2,,,,,,31
1125,4,2020-03-31 00:00:00,,-1,-1,,-2,,,,,,29
1126,4,2020-03-31 00:00:00,,-1,-1,,-2,,,,,,29
1127,4,2020-03-31 00:00:00,,-1,-1,,-2,,,,,,30
1129,4,2020-03-31 00:00:00,,-1,-1,,-2,,,,,,30
1130,4,2020-03-31 00:00:00,,-1,-1,,-2,,,,,,32
1131,4,2020-01-29 00:00:00,,-1,-1,,-2,,,,,,32
1132,4,2019-10-09 00:00:00,bharat 22 ETF,-1,-1,,-2,,,,,,31
1133,4,2020-03-31 00:00:00,,-1,-1,,-2,,,,,,29
1134,4,2019-08-01 00:00:00,,-1,-1,,-2,,,,,,29
1135,4,2019-10-19 00:00:00,,-1,-1,,-2,,,,,,29
1136,4,2020-03-31 00:00:00,bharat 22,-1,-1,,-2,,,,,bharat 22,29
1137,4,2020-03-31 00:00:00,,-1,-1,,-2,,,,,,30
1138,4,2020-03-31 00:00:00,,-1,-1,,-2,,,,,,30
1139,4,2020-03-31 00:00:00,,-1,-1,,-2,,,,,,30
1140,4,2020-03-31 00:00:00,,-1,-1,,-2,,,,,,31
1141,4,2020-03-31 00:00:00,,-1,-1,,-2,,,,,,31
1142,4,2020-03-31 00:00:00,,-1,-1,,-2,,,,,,31
1143,4,2020-03-31 00:00:00,,-1,-1,,-2,,,,,,31
1144,4,2020-03-31 00:00:00,,-1,-1,,-2,,,,,,31
1145,4,2020-03-31 00:00:00,,-1,-1,,-2,,,,,,29
1146,4,2020-03-31 00:00:00,,-1,-1,,-2,,,,,,29
1147,4,2020-03-31 00:00:00,,-1,-1,,-2,,,,,,29
1148,4,2020-03-31 00:00:00,,-1,-1,,-2,,,,,,29
1149,4,2020-03-31 00:00:00,,-1,-1,,-2,,,,,,29
1150,4,2020-03-31 00:00:00,,-1,-1,,-2,,,,,,30
1151,4,2020-03-31 00:00:00,,-1,-1,,-2,,,,,,30
1152,4,2020-03-31 00:00:00,,-1,-1,,-2,,,,,,32
1153,4,2020-03-31 00:00:00,,-1,-1,,-2,,,,,,32
1154,4,2020-03-31 00:00:00,,-1,-1,,-2,,,,,,31
1155,4,2020-02-10 00:00:00,,-1,-1,,-2,,,,,,30
1156,6,2020-02-10 00:00:00,,-1,-1,,-2,,,,,,30
1157,4,2020-02-10 00:00:00,,-1,-1,,-2,,,,,,31
1158,4,2020-02-10 00:00:00,prs to paytm for tcl tv,-1,-1,,-2,,,,,prs to paytm for tcl tv,31
1160,10,2020-03-31 00:00:00,,-1,-1,,-2,,,,,,29
1161,10,2019-12-31 00:00:00,,-1,-1,,-2,,,,,,29
1162,10,2019-09-30 00:00:00,,-1,-1,,-2,,,,,,29
1163,10,2019-12-31 00:00:00,,-1,-1,,-2,,,,,,29
1164,6,2019-12-31 00:00:00,,-1,-1,,-2,,,,,,29
1165,10,2019-12-31 00:00:00,apr 2019,-1,-1,,-2,,,,,,29
1166,6,2019-12-31 00:00:00,apr 2019,-1,-1,,-2,,,,,apr 2019,29
1167,10,2019-12-31 00:00:00,MAY,-1,-1,,-2,,,,,,29
1168,6,2019-12-31 00:00:00,MAY,-1,-1,,-2,,,,,,29
1169,10,2019-12-31 00:00:00,AUG,-1,-1,,-2,,,,,AUG,29
1170,10,2019-12-31 00:00:00,,-1,-1,,-2,,,,,,29
1171,4,2020-03-31 00:00:00,,-1,-1,,-2,,,,,,29
1172,10,2020-04-10 00:00:00,UPI/unnati@dbs/010116508212/UPI,-1,-1,,-2,,,,452,UPI-010116547009,29
1173,10,2020-04-09 00:00:00,NEFT CMS1457135774 R KGLOBAL SHARES AND,-1,-1,,-2,,,,453,NEFTINW-0209242316,29
1176,10,2020-04-08 00:00:00,RTGSICICR22020040800444115 R,-1,-1,,-2,,,,456,RTGSINW-0030491083,29
1177,6,2020-04-08 00:00:00,MB:to ups hdfc,-1,-1,,-2,,,,457,000161316595,29
1178,6,2020-04-08 00:00:00,MB:TO PRS KOTAK,-1,-1,,-2,,,,458,MB-999461589440,29
1179,10,2020-04-08 00:00:00,RTGSHDFCR52020040876679874,-1,-1,,-2,,,,459,RTGSINW-0030483223,29
1181,10,2020-04-04 00:00:00,NEFT N095201110357116RKSV SECURITIES INDIA,-1,-1,,-2,,,,461,NEFTINW-0208615368,29
1183,10,2020-04-03 00:00:00,NEFT CMS1453137829 R KGLOBAL SHARES AND,-1,-1,,-2,,,,463,NEFTINW-0208532410,29
1184,10,2020-04-08 00:00:00,MB:RECEIVED MONEYFROM PRAMESH RAJENDR,-1,-1,,-2,,,,464,MB-999461589599,32
1185,10,2020-04-08 00:00:00,MB:RECEIVED MONEYFROM SAAHIL SHAH,-1,-1,,-2,,,,465,MB-999461590746,32
1186,10,2020-04-13 00:00:00,RTGSHDFCR52020041376846231,-1,-1,,-2,,,,466,RTGSINW-0030504747,31
1187,10,2020-04-08 00:00:00,NEFT CMS1456457049 R KGLOBAL SHARES AND,-1,-1,,-2,,,,467,NEFTINW-0209091193,31
1188,6,2020-04-08 00:00:00,MB:TO PRS HUF KOTAK,-1,-1,,-2,,,,468,MB-999461590746,31
1189,6,2020-04-06 00:00:00,MB:TO PRINTERS KOTAK,-1,-1,,-2,,,,469,MB-999462157823,31
1190,10,2020-04-03 00:00:00,NEFT CMS1453137827 R KGLOBAL SHARES AND,-1,-1,,-2,,,,470,NEFTINW-0208532405,31
1191,10,2020-04-08 00:00:00,RTGS CR-SBIN0000290-SAAHIL PRAMESH SHAH-,-1,-1,,-2,,,,471,SBINR52020040800,31
1195,10,2020-04-03 00:00:00,ACH C- MAHINDRA & MAHINDRA-1209031,-1,-1,,-2,,,,475,0000007006490094,29
1199,10,2020-04-13 00:00:00,L AND T FIN SERV IV200000000000000026481,-1,-1,,-2,,,,479,0000201046591100,29
1203,10,2020-04-12 00:00:00,MONTHLY INTEREST CREDIT 50300030938637,-1,-1,,-2,,,,483,3304220200412777,30
1204,10,2020-04-12 00:00:00,MONTHLY INTEREST CREDIT 50300030939041,-1,-1,,-2,,,,484,3304220200412777,30
1205,4,2020-04-08 00:00:00,IMPS-009912779066-PRAMESH RAJENDRA SHA-H,-1,-1,,-2,,,,480,0000009912779066,30
1206,10,2020-04-03 00:00:00,,-1,-1,,-2,,,,,,30
1207,10,2020-04-03 00:00:00,,-1,-1,,-2,,,,,,30
1208,10,2020-04-03 00:00:00,,-1,-1,,-2,,,,,,30
1209,6,2020-04-08 00:00:00,,-1,-1,,-2,,,,,,30
1210,10,2020-04-08 00:00:00,,-1,-1,,-2,,,,,,30
1211,10,2020-04-08 00:00:00,,-1,-1,,-2,,,,,,30
1213,10,2020-04-13 00:00:00,,-1,-1,,-2,,,,,,30
1214,10,2020-04-08 00:00:00,,-1,-1,,-2,,,,,,30
1215,10,2020-04-13 00:00:00,,-1,-1,,-2,,,,,,32
1216,10,2020-04-20 00:00:00,NEFT N111201119714668RKGLOBAL SHARES AND,-1,-1,,-2,,,,485,NEFTINW-0210133589,29
1217,6,2020-04-19 00:00:00,OS WWW.INSTAMOJO.COM10209016797,-1,-1,,-2,,,,486,KPG-0109074636,29
1218,10,2020-04-16 00:00:00,RTGSICICR22020041600741648 R,-1,-1,,-2,,,,487,RTGSINW-0030547360,29
1219,6,2020-04-15 00:00:00,MB:TO PACKAGING KOTAK,-1,-1,,-2,,,,488,MB-999459503787,29
1220,6,2020-04-26 00:00:00,TO ENTERPRISE KOTAK,-1,-1,,-2,,,,489,IB,32
1221,6,2020-04-26 00:00:00,IB:TO IOB HUF,-1,-1,,-2,,,,490,000162342411,32
1222,6,2020-04-23 00:00:00,IB:TO ENTERPRISE IOB,-1,-1,,-2,,,,491,000162194926,32
1225,10,2020-04-16 00:00:00,,-1,-1,,-2,,,,,,32
1226,4,2020-04-17 00:00:00,,-1,-1,,-2,,,,,,32
1227,10,2020-04-27 00:00:00,,-1,-1,,-2,,,,,,32
1228,10,2020-04-27 00:00:00,,-1,-1,,-2,,,,,,32
1229,10,2020-04-15 00:00:00,LNT FIN NCD,-1,-1,,-2,,,,,,30
1232,10,2020-04-20 00:00:00,int on muthoot,-1,-1,,-2,,,,,,31
1233,10,2020-04-20 00:00:00,muthoot fin ncd,-1,-1,,-2,,,,,,29
1234,10,2020-04-23 00:00:00,,-1,-1,,-2,,,,,,30
1235,6,2020-04-23 00:00:00,,-1,-1,,-2,,,,,,30
1236,10,2020-04-16 00:00:00,,-1,-1,,-2,,,,,,30
1237,10,2020-04-20 00:00:00,,-1,-1,,-2,,,,,,30
1238,10,2020-04-26 00:00:00,,-1,-1,,-2,,,,,,29
1239,10,2020-04-26 00:00:00,,-1,-1,,-2,,,,,,29
1240,6,2020-04-26 00:00:00,,-1,-1,,-2,,,,,,31
1241,4,2020-03-31 00:00:00,Year end JV to tranfer to capital account,-1,-1,,-2,,,,,,32
1242,4,2020-03-31 00:00:00,Year end JV to tranfer to capital account,-1,-1,,-2,,,,,,32
1243,4,2020-03-31 00:00:00,Year end JV to tranfer to capital account,-1,-1,,-2,,,,,,32
1244,4,2020-03-31 00:00:00,Year end JV to tranfer to capital account,-1,-1,,-2,,,,,,32
1247,4,2020-03-31 00:00:00,Year end JV to tranfer to capital account,-1,-1,,-2,,,,,,30
1248,4,2020-03-31 00:00:00,Year end JV to tranfer to capital account,-1,-1,,-2,,,,,,30
1249,4,2020-03-31 00:00:00,Year end JV to tranfer to capital account,-1,-1,,-2,,,,,,30
1250,4,2020-03-31 00:00:00,Year end JV to tranfer to capital account,-1,-1,,-2,,,,,,30
1251,4,2020-03-31 00:00:00,Year end JV to tranfer to capital account,-1,-1,,-2,,,,,,30
1252,4,2020-03-31 00:00:00,Year end JV to tranfer to capital account,-1,-1,,-2,,,,,,30
1253,4,2020-03-31 00:00:00,Year end JV to tranfer to capital account,-1,-1,,-2,,,,,,30
1254,4,2020-03-31 00:00:00,Year end JV to tranfer to capital account,-1,-1,,-2,,,,,,30
1255,4,2020-03-31 00:00:00,Year end JV to tranfer to capital account,-1,-1,,-2,,,,,,30
1256,4,2020-03-31 00:00:00,Year end JV to tranfer to capital account,-1,-1,,-2,,,,,,30
1257,4,2020-03-31 00:00:00,Year end JV to tranfer to capital account,-1,-1,,-2,,,,,,30
1258,4,2020-03-31 00:00:00,Year end JV to tranfer to capital account,-1,-1,,-2,,,,,,30
1259,4,2020-03-31 00:00:00,Year end JV to tranfer to capital account,-1,-1,,-2,,,,,,30
1260,4,2020-03-31 00:00:00,Year end JV to tranfer to capital account,-1,-1,,-2,,,,,,30
1261,4,2020-03-31 00:00:00,Year end JV to tranfer to capital account,-1,-1,,-2,,,,,,30
1262,4,2020-03-31 00:00:00,Year end JV to tranfer to capital account,-1,-1,,-2,,,,,,30
1263,4,2020-03-31 00:00:00,Year end JV to tranfer to capital account,-1,-1,,-2,,,,,,30
1264,4,2020-03-31 00:00:00,Year end JV to tranfer to capital account,-1,-1,,-2,,,,,,30
1265,4,2020-03-31 00:00:00,Year end JV to tranfer to capital account,-1,-1,,-2,,,,,,30
1266,4,2020-03-31 00:00:00,Year end JV to tranfer to capital account,-1,-1,,-2,,,,,,30
1267,4,2020-03-31 00:00:00,Year end JV to tranfer to capital account,-1,-1,,-2,,,,,,30
1268,4,2020-03-31 00:00:00,Year end JV to tranfer to capital account,-1,-1,,-2,,,,,,31
1269,4,2020-03-31 00:00:00,Year end JV to tranfer to capital account,-1,-1,,-2,,,,,,31
1270,4,2020-03-31 00:00:00,Year end JV to tranfer to capital account,-1,-1,,-2,,,,,,31
1271,4,2020-03-31 00:00:00,Year end JV to tranfer to capital account,-1,-1,,-2,,,,,,31
1272,4,2020-03-31 00:00:00,Year end JV to tranfer to capital account,-1,-1,,-2,,,,,,31
1273,4,2020-03-31 00:00:00,Year end JV to tranfer to capital account,-1,-1,,-2,,,,,,31
1274,4,2020-03-31 00:00:00,Year end JV to tranfer to capital account,-1,-1,,-2,,,,,,31
1275,4,2020-03-31 00:00:00,Year end JV to tranfer to capital account,-1,-1,,-2,,,,,,31
1276,4,2020-03-31 00:00:00,Year end JV to tranfer to capital account,-1,-1,,-2,,,,,,31
1277,4,2020-03-31 00:00:00,Year end JV to tranfer to capital account,-1,-1,,-2,,,,,,31
1278,4,2020-03-31 00:00:00,Year end JV to tranfer to capital account,-1,-1,,-2,,,,,,31
1279,4,2020-03-31 00:00:00,Year end JV to tranfer to capital account,-1,-1,,-2,,,,,,31
1280,4,2020-03-31 00:00:00,Year end JV to tranfer to capital account,-1,-1,,-2,,,,,,31
1281,4,2020-03-31 00:00:00,Year end JV to tranfer to capital account,-1,-1,,-2,,,,,,31
1282,4,2020-03-31 00:00:00,Year end JV to tranfer to capital account,-1,-1,,-2,,,,,,31
1283,4,2020-03-31 00:00:00,Year end JV to tranfer to capital account,-1,-1,,-2,,,,,,29
1284,4,2020-03-31 00:00:00,Year end JV to tranfer to capital account,-1,-1,,-2,,,,,,29
1285,4,2020-03-31 00:00:00,Year end JV to tranfer to capital account,-1,-1,,-2,,,,,,29
1286,4,2020-03-31 00:00:00,Year end JV to tranfer to capital account,-1,-1,,-2,,,,,,29
1287,4,2020-03-31 00:00:00,Year end JV to tranfer to capital account,-1,-1,,-2,,,,,,29
1288,4,2020-03-31 00:00:00,Year end JV to tranfer to capital account,-1,-1,,-2,,,,,,29
1289,4,2020-03-31 00:00:00,Year end JV to tranfer to capital account,-1,-1,,-2,,,,,,29
1290,4,2020-03-31 00:00:00,Year end JV to tranfer to capital account,-1,-1,,-2,,,,,,29
1291,4,2020-03-31 00:00:00,Year end JV to tranfer to capital account,-1,-1,,-2,,,,,,29
1292,4,2020-03-31 00:00:00,Year end JV to tranfer to capital account,-1,-1,,-2,,,,,,29
1293,4,2020-03-31 00:00:00,Year end JV to tranfer to capital account,-1,-1,,-2,,,,,,29
1294,4,2020-03-31 00:00:00,Year end JV to tranfer to capital account,-1,-1,,-2,,,,,,29
1295,4,2020-03-31 00:00:00,Year end JV to tranfer to capital account,-1,-1,,-2,,,,,,29
1296,4,2020-03-31 00:00:00,Year end JV to tranfer to capital account,-1,-1,,-2,,,,,,29
1297,4,2020-03-31 00:00:00,Year end JV to tranfer to capital account,-1,-1,,-2,,,,,,29
1298,4,2020-03-31 00:00:00,Year end JV to tranfer to capital account,-1,-1,,-2,,,,,,29
1299,4,2020-05-02 00:00:00,,-1,-1,,-2,,,,,,30
1300,4,2020-05-02 00:00:00,,-1,-1,,-2,,,,,,30
1301,10,2020-04-29 00:00:00,,-1,-1,,-2,,,,,,30
1302,10,2020-05-02 00:00:00,,-1,-1,,-2,,,,,,30
1303,10,2020-04-27 00:00:00,,-1,-1,,-2,,,,,,30
1304,10,2020-04-28 00:00:00,,-1,-1,,-2,,,,,,29
1305,10,2020-04-27 00:00:00,,-1,-1,,-2,,,,,,29
1307,10,2020-04-27 00:00:00,,-1,-1,,-2,,,,,,31
1308,10,2020-04-28 00:00:00,,-1,-1,,-2,,,,,,31
1310,4,2020-04-27 00:00:00,,-1,-1,,-2,,,,,,32
1311,4,2020-04-27 00:00:00,,-1,-1,,-2,,,,,,32
1312,10,2020-05-02 00:00:00,,-1,-1,,-2,,,,,,30
1313,10,2020-05-02 00:00:00,,-1,-1,,-2,,,,,,29
1314,6,2020-05-02 00:00:00,,-1,-1,,-2,,,,,,29
1315,6,2020-05-02 00:00:00,,-1,-1,,-2,,,,,,29
1316,10,2020-05-02 00:00:00,,-1,-1,,-2,,,,,,30
1317,10,2020-04-30 00:00:00,,-1,-1,,-2,,,,,,32
1318,4,2020-04-30 00:00:00,,-1,-1,,-2,,,,,,32
1319,6,2020-05-05 00:00:00,OSWWW.LIBERTYINSURANCE,-1,-1,,-2,,,,493,KPG-0110034527,31
1321,10,2020-05-08 00:00:00,,-1,-1,,-2,,,,,,31
1322,4,2020-05-04 00:00:00,,-1,-1,,-2,,,,,,29
1323,4,2020-05-05 00:00:00,,-1,-1,,-2,,,,,,29
1325,10,2020-05-07 00:00:00,,-1,-1,,-2,,,,,,32
1326,6,2020-05-05 00:00:00,for 2020 & 2021 (2 Years),-1,-1,,-2,,,,,,30
1327,6,2020-05-06 00:00:00,"topup 3 years - 2020, 2021, 2022",-1,-1,,-2,,,,,,30
1328,6,2020-05-11 00:00:00,,-1,-1,,-2,,,,,,30
1329,10,2020-05-11 00:00:00,,-1,-1,,-2,,,,,,30
1330,4,2020-05-06 00:00:00,,-1,-1,,-2,,,,,,29
1331,6,2020-05-06 00:00:00,,-1,-1,,-2,,,,,,29
1332,6,2020-05-06 00:00:00,,-1,-1,,-2,,,,,,29
1333,10,2020-05-11 00:00:00,,-1,-1,,-2,,,,,,29
1334,6,2020-05-11 00:00:00,,-1,-1,,-2,,,,,,29
1335,6,2020-05-11 00:00:00,,-1,-1,,-2,,,,,,29
1336,6,2020-05-11 00:00:00,,-1,-1,,-2,,,,,,29
1337,6,2020-05-14 00:00:00,,-1,-1,,-2,,,,,,29
1338,6,2020-05-19 00:00:00,,-1,-1,,-2,,,,,,29
1339,6,2020-05-06 00:00:00,,-1,-1,,-2,,,,,,29
1340,6,2020-05-06 00:00:00,,-1,-1,,-2,,,,,,30
1341,10,2020-05-06 00:00:00,,-1,-1,,-2,,,,,,30
1342,10,2020-05-06 00:00:00,,-1,-1,,-2,,,,,,30
1343,10,2020-05-12 00:00:00,,-1,-1,,-2,,,,,,30
1344,10,2020-05-06 00:00:00,,-1,-1,,-2,,,,,,29
1345,6,2020-05-06 00:00:00,,-1,-1,,-2,,,,,,29
1346,6,2020-05-06 00:00:00,,-1,-1,,-2,,,,,,29
1347,6,2020-05-07 00:00:00,,-1,-1,,-2,,,,,,29
1348,10,2020-05-06 00:00:00,,-1,-1,,-2,,,,,,32
1349,10,2020-04-27 00:00:00,,-1,-1,,-2,,,,,,32
1351,4,2020-05-28 00:00:00,,-1,-1,,-2,,,,,,31
1352,4,2020-05-28 00:00:00,,-1,-1,,-2,,,,,,31
1353,4,2020-05-29 00:00:00,,-1,-1,,-2,,,,,,31
1354,4,2020-05-28 00:00:00,,-1,-1,,-2,,,,,,30
1355,10,2020-05-28 00:00:00,,-1,-1,,-2,,,,,,30
1356,4,2020-05-29 00:00:00,,-1,-1,,-2,,,,,,30
1357,6,2020-05-28 00:00:00,,-1,-1,,-2,,,,,,30
1358,6,2020-04-20 00:00:00,,-1,-1,,-2,,,,,,30
1359,4,2020-05-29 00:00:00,,-1,-1,,-2,,,,,,29
1360,6,2020-05-28 00:00:00,,-1,-1,,-2,,,,,,29
1361,10,2020-05-28 00:00:00,,-1,-1,,-2,,,,,,29
1362,6,2020-05-28 00:00:00,,-1,-1,,-2,,,,,,30
1363,4,2020-05-30 00:00:00,,-1,-1,,-2,,,,,,29
1364,4,2020-05-30 00:00:00,,-1,-1,,-2,,,,,,31
1365,4,2020-05-30 00:00:00,,-1,-1,,-2,,,,,,30
1366,6,2020-05-22 00:00:00,paid to sunil mama 4000 - khushu dubai - 600 donation,-1,-1,,-2,,,,,sunil,29
1367,6,2020-05-30 00:00:00,,-1,-1,,-2,,,,,,29
1368,4,2020-05-30 00:00:00,,-1,-1,,-2,,,,,,32
1369,6,2020-06-05 00:00:00,OT OT RKSVSEC0112025005,-1,-1,,-2,,,,495,KPG-0112025005,31
1370,6,2020-06-05 00:00:00,OT OT RKSVSEC0112024936,-1,-1,,-2,,,,496,KPG-0112024936,31
1371,6,2020-06-05 00:00:00,OT OT RKSVSEC0112024888,-1,-1,,-2,,,,497,KPG-0112024888,31
1372,6,2020-06-03 00:00:00,IB:to sps idfc,-1,-1,,-2,,,,498,000165664610,31
1373,6,2020-06-03 00:00:00,IBIMPS Sent to SA10055506177 ID Ref,-1,-1,,-2,,,,499,IMPS-015508647523,31
1375,6,2020-06-02 00:00:00,OT OT RKSVSEC0111809198,-1,-1,,-2,,,,501,KPG-0111809198,31
1384,10,2020-06-01 00:00:00,Received from Mr.                          XX6177IMPS IDFC BANK,-1,-1,,-2,,,,510,IMPS-015312983821,31
1392,4,2020-05-31 00:00:00,,-1,-1,,-2,,,,,,31
1393,6,2020-06-05 00:00:00,,-1,-1,,-2,,,,,,31
1394,6,2020-06-05 00:00:00,,-1,-1,,-2,,,,,,29
1395,6,2020-06-06 00:00:00,,-1,-1,,-2,,,,,,29
1396,4,2020-05-31 00:00:00,,-1,-1,,-2,,,,,,30
1397,4,2020-05-31 00:00:00,,-1,-1,,-2,,,,,,30
1398,4,2020-06-01 00:00:00,,-1,-1,,-2,,,,,,30
1399,10,2020-06-03 00:00:00,,-1,-1,,-2,,,,,,30
1400,4,2020-06-03 00:00:00,,-1,-1,,-2,,,,,,30
1401,4,2020-06-07 00:00:00,,-1,-1,,-2,,,,,,30
1402,4,2020-06-01 00:00:00,,-1,-1,,-2,,,,,,29
1403,4,2020-06-06 00:00:00,,-1,-1,,-2,,,,,,29
1404,6,2020-06-05 00:00:00,,-1,-1,,-2,,,,,,29
1405,4,2020-06-03 00:00:00,,-1,-1,,-2,,,,,,29
1406,6,2020-06-02 00:00:00,,-1,-1,,-2,,,,,,29
1407,6,2020-06-04 00:00:00,grofers,-1,-1,,-2,,,,,,29
1408,6,2020-06-05 00:00:00,,-1,-1,,-2,,,,,,32
1409,10,2020-06-04 00:00:00,,-1,-1,,-2,,,,,,32
1410,6,2020-06-03 00:00:00,,-1,-1,,-2,,,,,,32
1411,6,2020-06-08 00:00:00,,-1,-1,,-2,,,,,,29
1412,10,2020-06-08 00:00:00,,-1,-1,,-2,,,,,,29
1413,4,2020-06-08 00:00:00,,-1,-1,,-2,,,,,,29
1414,6,2020-06-09 00:00:00,,-1,-1,,-2,,,,,,29
1415,10,2020-06-08 00:00:00,,-1,-1,,-2,,,,,,30
1416,6,2020-06-08 00:00:00,,-1,-1,,-2,,,,,,31
1417,10,2020-06-08 00:00:00,,-1,-1,,-2,,,,,,32
1418,10,2020-06-08 00:00:00,,-1,-1,,-2,,,,,,30
1419,6,2020-06-08 00:00:00,,-1,-1,,-2,,,,,,30
1420,4,2020-06-13 00:00:00,,-1,-1,,-2,,,,,,32
1421,6,2020-06-11 00:00:00,,-1,-1,,-2,,,,,,30
1422,10,2020-06-12 00:00:00,,-1,-1,,-2,,,,,,30
1423,6,2020-06-09 00:00:00,,-1,-1,,-2,,,,,,31
1424,10,2020-06-10 00:00:00,brokerage,-1,-1,,-2,,,,,brokerage,31
1425,6,2020-06-10 00:00:00,lalamove tempo creative,-1,-1,,-2,,,,,,31
1426,10,2020-06-10 00:00:00,google pay,-1,-1,,-2,,,,,,31
1427,6,2020-06-13 00:00:00,,-1,-1,,-2,,,,,,29
1428,6,2020-06-10 00:00:00,,-1,-1,,-2,,,,,,29
1429,6,2020-06-22 00:00:00,,-1,-1,,-2,,,,,,29
1430,4,2020-06-19 00:00:00,,-1,-1,,-2,,,,,,31
1431,10,2020-06-19 00:00:00,,-1,-1,,-2,,,,,,31
1432,10,2020-06-22 00:00:00,,-1,-1,,-2,,,,,,30
1433,6,2020-06-22 00:00:00,,-1,-1,,-2,,,,,,30
1434,10,2020-06-22 00:00:00,,-1,-1,,-2,,,,,,30
1435,6,2020-06-22 00:00:00,,-1,-1,,-2,,,,,,29
1436,4,2020-06-19 00:00:00,,-1,-1,,-2,,,,,,31
1437,4,2020-06-19 00:00:00,,-1,-1,,-2,,,,,,31
1438,10,2020-06-19 00:00:00,,-1,-1,,-2,,,,,,31
1439,6,2020-06-19 00:00:00,,-1,-1,,-2,,,,,,31
1440,6,2020-06-16 00:00:00,bucket,-1,-1,,-2,,,,,,31
1443,6,2020-06-15 00:00:00,,-1,-1,,-2,,,,,,31
1444,6,2020-06-22 00:00:00,,-1,-1,,-2,,,,,,30
1445,6,2020-06-17 00:00:00,,-1,-1,,-2,,,,,,29
1447,10,2020-06-15 00:00:00,,-1,-1,,-2,,,,,,29
1448,6,2020-06-19 00:00:00,,-1,-1,,-2,,,,,,30
1449,10,2020-06-19 00:00:00,,-1,-1,,-2,,,,,,30
1450,6,2020-06-19 00:00:00,,-1,-1,,-2,,,,,,30
1451,6,2020-06-19 00:00:00,,-1,-1,,-2,,,,,,31
1452,10,2020-06-22 00:00:00,,-1,-1,,-2,,,,,,30
1453,6,2020-06-22 00:00:00,,-1,-1,,-2,,,,,,31
1455,10,2020-06-30 00:00:00,,-1,-1,,-2,,,,,,30
1456,10,2020-06-30 00:00:00,,-1,-1,,-2,,,,,,31
1457,10,2020-06-30 00:00:00,,-1,-1,,-2,,,,,,29
1461,6,2020-06-22 00:00:00,,-1,-1,,-2,,,,,,31
1462,6,2020-06-22 00:00:00,,-1,-1,,-2,,,,,,31
1463,6,2020-06-24 00:00:00,,-1,-1,,-2,,,,,,31
1464,6,2020-06-26 00:00:00,,-1,-1,,-2,,,,,,31
1465,6,2020-06-27 00:00:00,,-1,-1,,-2,,,,,,31
1466,6,2020-06-29 00:00:00,,-1,-1,,-2,,,,,,31
1467,4,2020-06-30 00:00:00,,-1,-1,,-2,,,,,,31
1468,4,2020-06-30 00:00:00,,-1,-1,,-2,,,,,,31
1469,10,2020-06-30 00:00:00,,-1,-1,,-2,,,,,,31
1470,6,2020-07-01 00:00:00,,-1,-1,,-2,,,,,,31
1471,10,2020-06-25 00:00:00,,-1,-1,,-2,,,,,,30
1472,6,2020-06-25 00:00:00,,-1,-1,,-2,,,,,,30
1473,6,2020-06-26 00:00:00,,-1,-1,,-2,,,,,,30
1474,10,2020-06-26 00:00:00,,-1,-1,,-2,,,,,,30
1475,6,2020-06-29 00:00:00,,-1,-1,,-2,,,,,,30
1476,10,2020-06-30 00:00:00,,-1,-1,,-2,,,,,,30
1477,10,2020-06-22 00:00:00,alpana sunil shah food donatooi,-1,-1,,-2,,,,,,29
1478,10,2020-06-22 00:00:00,,-1,-1,,-2,,,,,,29
1479,10,2020-06-23 00:00:00,,-1,-1,,-2,,,,,,29
1480,6,2020-06-24 00:00:00,,-1,-1,,-2,,,,,,29
1481,6,2020-06-25 00:00:00,,-1,-1,,-2,,,,,,29
1482,6,2020-06-26 00:00:00,,-1,-1,,-2,,,,,,29
1483,6,2020-06-29 00:00:00,,-1,-1,,-2,,,,,,29
1484,10,2020-06-30 00:00:00,,-1,-1,,-2,,,,,,29
1485,10,2020-06-25 00:00:00,,-1,-1,,-2,,,,,,30
1486,6,2020-06-23 00:00:00,,-1,-1,,-2,,,,,,30
1487,10,2020-06-25 00:00:00,,-1,-1,,-2,,,,,,31
1488,10,2020-06-25 00:00:00,,-1,-1,,-2,,,,,,29
1489,4,2020-07-02 00:00:00,,-1,-1,,-2,,,,,,32
1490,10,2020-07-01 00:00:00,,-1,-1,,-2,,,,,,32
1491,6,2020-06-26 00:00:00,,-1,-1,,-2,,,,,,32
1492,6,2020-06-26 00:00:00,,-1,-1,,-2,,,,,,32
1493,6,2020-06-24 00:00:00,,-1,-1,,-2,,,,,,32
1494,6,2020-06-22 00:00:00,,-1,-1,,-2,,,,,,32
1495,10,2020-06-20 00:00:00,,-1,-1,,-2,,,,,,32
1496,10,2020-07-01 00:00:00,,-1,-1,,-2,,,,,,30
1497,10,2020-07-01 00:00:00,,-1,-1,,-2,,,,,,31
1498,6,2020-06-30 00:00:00,,-1,-1,,-2,,,,,,31
1499,10,2020-07-01 00:00:00,,-1,-1,,-2,,,,,,29
1500,6,2020-07-02 00:00:00,,-1,-1,,-2,,,,,,32
1501,6,2020-07-02 00:00:00,,-1,-1,,-2,,,,,,32
1502,4,2020-07-07 00:00:00,,-1,-1,,-2,,,,,,30
1503,4,2020-07-07 00:00:00,,-1,-1,,-2,,,,,,29
1504,4,2020-07-07 00:00:00,,-1,-1,,-2,,,,,,31
1506,4,2020-07-09 00:00:00,,-1,-1,,-2,,,,,,29
1507,6,2020-07-15 00:00:00,,-1,-1,,-2,,,,,,30
1508,10,2020-07-15 00:00:00,,-1,-1,,-2,,,,,,30
1509,6,2020-07-15 00:00:00,,-1,-1,,-2,,,,,,30
1510,6,2020-07-15 00:00:00,,-1,-1,,-2,,,,,,30
1511,4,2020-07-15 00:00:00,,-1,-1,,-2,,,,,,31
1512,10,2020-07-15 00:00:00,,-1,-1,,-2,,,,,,31
1513,10,2020-07-08 00:00:00,,-1,-1,,-2,,,,,,30
1514,10,2020-07-12 00:00:00,,-1,-1,,-2,,,,,,30
1515,6,2020-07-14 00:00:00,,-1,-1,,-2,,,,,,30
1516,6,2020-07-15 00:00:00,,-1,-1,,-2,,,,,,30
1517,10,2020-07-08 00:00:00,,-1,-1,,-2,,,,,,29
1518,4,2020-07-09 00:00:00,,-1,-1,,-2,,,,,,29
1519,6,2020-07-14 00:00:00,,-1,-1,,-2,,,,,,29
1520,4,2020-07-15 00:00:00,,-1,-1,,-2,,,,,,29
1521,6,2020-07-15 00:00:00,,-1,-1,,-2,,,,,,29
1522,6,2020-07-15 00:00:00,,-1,-1,,-2,,,,,,29
1523,10,2020-07-15 00:00:00,,-1,-1,,-2,,,,,,29
1524,6,2020-07-15 00:00:00,,-1,-1,,-2,,,,,,29
1525,4,2020-07-15 00:00:00,,-1,-1,,-2,,,,,,29
1526,6,2020-07-15 00:00:00,,-1,-1,,-2,,,,,,29
1527,10,2020-07-08 00:00:00,,-1,-1,,-2,,,,,,31
1528,10,2020-07-15 00:00:00,,-1,-1,,-2,,,,,,31
1529,10,2020-07-15 00:00:00,,-1,-1,,-2,,,,,,31
1530,4,2020-07-15 00:00:00,,-1,-1,,-2,,,,,,31
1531,6,2020-07-15 00:00:00,,-1,-1,,-2,,,,,,31
1532,6,2020-07-20 00:00:00,,-1,-1,,-2,,,,,,31
1533,10,2020-07-20 00:00:00,UPPCL,-1,-1,,-2,,,,,UPPCL,30
1534,6,2020-07-20 00:00:00,,-1,-1,,-2,,,,,,30
1535,10,2020-07-17 00:00:00,,-1,-1,,-2,,,,,,31
1536,4,2020-07-15 00:00:00,,-1,-1,,-2,,,,,,31
1537,4,2020-07-14 00:00:00,,-1,-1,,-2,,,,,,31
1538,4,2020-07-14 00:00:00,,-1,-1,,-2,,,,,,31
1539,4,2020-07-14 00:00:00,,-1,-1,,-2,,,,,,31
1540,6,2020-07-13 00:00:00,,-1,-1,,-2,,,,,,31
1541,10,2020-07-10 00:00:00,MAHESH RAM MEPRO,-1,-1,,-2,,,,,,31
1542,6,2020-07-09 00:00:00,,-1,-1,,-2,,,,,,31
1543,4,2020-07-15 00:00:00,,-1,-1,,-2,,,,,,31
1544,4,2020-07-15 00:00:00,,-1,-1,,-2,,,,,,31
1545,6,2020-07-07 00:00:00,,-1,-1,,-2,,,,,,29
1546,6,2020-07-08 00:00:00,,-1,-1,,-2,,,,,,29
1548,6,2020-07-09 00:00:00,,-1,-1,,-2,,,,,,29
1549,4,2020-07-15 00:00:00,,-1,-1,,-2,,,,,,29
1550,10,2020-07-15 00:00:00,,-1,-1,,-2,,,,,,29
1551,6,2020-07-15 00:00:00,,-1,-1,,-2,,,,,,29
1552,10,2020-07-17 00:00:00,,-1,-1,,-2,,,,,,29
1553,6,2020-07-20 00:00:00,,-1,-1,,-2,,,,,,29
1556,6,2020-07-20 00:00:00,,-1,-1,,-2,,,,,,31
1558,4,2020-07-20 00:00:00,,-1,-1,,-2,,,,,,31
1559,6,2020-07-15 00:00:00,,-1,-1,,-2,,,,,,30
1560,10,2020-07-15 00:00:00,,-1,-1,,-2,,,,,,31
1561,6,2020-07-15 00:00:00,,-1,-1,,-2,,,,,,31
1562,6,2020-07-14 00:00:00,,-1,-1,,-2,,,,,,31
1563,10,2020-07-14 00:00:00,,-1,-1,,-2,,,,,,31
1564,6,2020-07-15 00:00:00,,-1,-1,,-2,,,,,,31
1565,6,2020-07-10 00:00:00,,-1,-1,,-2,,,,,,31
1566,6,2020-07-09 00:00:00,,-1,-1,,-2,,,,,,31
1567,10,2020-07-09 00:00:00,,-1,-1,,-2,,,,,,31
1568,6,2020-07-09 00:00:00,,-1,-1,,-2,,,,,,31
1569,6,2020-07-17 00:00:00,,-1,-1,,-2,,,,,,29
1570,10,2020-07-17 00:00:00,,-1,-1,,-2,,,,,,29
1571,6,2020-07-20 00:00:00,,-1,-1,,-2,,,,,,32
1572,10,2020-07-20 00:00:00,,-1,-1,,-2,,,,,,32
1573,6,2020-07-15 00:00:00,,-1,-1,,-2,,,,,,32
1574,6,2020-07-15 00:00:00,,-1,-1,,-2,,,,,,32
1575,10,2020-07-13 00:00:00,,-1,-1,,-2,,,,,,32
1577,6,2020-07-08 00:00:00,,-1,-1,,-2,,,,,,32
1579,10,2020-07-27 00:00:00,,-1,-1,,-2,,,,,,29
1580,4,2020-07-28 00:00:00,,-1,-1,,-2,,,,,,29
1581,6,2020-07-27 00:00:00,urvish for medicine,-1,-1,,-2,,,,,,29
1582,6,2020-07-26 00:00:00,,-1,-1,,-2,,,,,,29
1583,10,2020-07-27 00:00:00,google pay cashback,-1,-1,,-2,,,,,,29
1584,6,2020-07-23 00:00:00,,-1,-1,,-2,,,,,,29
1585,4,2020-07-23 00:00:00,,-1,-1,,-2,,,,,,29
1586,6,2020-07-23 00:00:00,,-1,-1,,-2,,,,,,29
1587,10,2020-07-29 00:00:00,,-1,-1,,-2,,,,,,29
1589,4,2020-07-31 00:00:00,,-1,-1,,-2,,,,,,29
1590,10,2020-07-24 00:00:00,,-1,-1,,-2,,,,,,29
1591,10,2020-08-18 00:00:00,NEFT N231201217483423RKSV SECURITIES INDIA,-1,-1,,-2,,,,518,NEFTINW-0229247610,30
1592,10,2020-08-03 00:00:00,ECSICR-SHCIL_INT TAXBONDSNC-KMB-,-1,-1,,-2,,,,519,,30
1593,10,2020-07-30 00:00:00,NEFT N212201199210821RKSV SECURITIES INDIA,-1,-1,,-2,,,,520,NEFTINW-0225682723,30
1594,10,2020-08-19 00:00:00,NEFT N232201218532982RKSV SECURITIES INDIA,-1,-1,,-2,,,,521,NEFTINW-0229464529,31
1595,10,2020-08-17 00:00:00,UPI/walletmoney/023067101781/NA,-1,-1,,-2,,,,522,UPI-023015484415,31
1596,6,2020-08-04 00:00:00,FASTAG AUTOTOPUP-101127-,-1,-1,,-2,,,,523,MWFA-0051151241,31
1597,6,2020-08-04 00:00:00,FASTAG AUTOTOPUP-101127-,-1,-1,,-2,,,,524,MWFA-0051080661,31
1598,6,2020-08-01 00:00:00,MB:TO PRINTERS K,-1,-1,,-2,,,,525,MB-999417262191,31
1599,6,2020-07-30 00:00:00,MB TO SPS IDFCRef 021211797154,-1,-1,,-2,,,,526,IMPS-021211797155,31
1600,10,2020-07-29 00:00:00,RTGSHDFCR52020072990294402,-1,-1,,-2,,,,527,RTGSINW-0032141530,31
1601,6,2020-07-28 00:00:00,MB TO SPS IDFCRef 021016171738,-1,-1,,-2,,,,528,IMPS-021016171742,31
1602,10,2020-07-28 00:00:00,Received from SAAH XX4356IMPS HDFCBANKLT,-1,-1,,-2,,,,529,IMPS-021016167045,31
1603,6,2020-07-28 00:00:00,MB:to sps IDFC,-1,-1,,-2,,,,530,000172174410,31
1604,6,2020-07-27 00:00:00,IB:TO PRINTERS K,-1,-1,,-2,,,,531,MWFA-0050455547,31
1605,10,2020-07-27 00:00:00,RTGSIDFBR52020072700300574,-1,-1,,-2,,,,532,RTGSINW-0032078174,31
1606,6,2020-07-26 00:00:00,MB:TO PRINTERS KOTAK,-1,-1,,-2,,,,533,MB-999419981177,31
1607,10,2020-07-26 00:00:00,MB:RECEIVED MONEYFROM UNNATI PRAMESH,-1,-1,,-2,,,,534,MB-999419981432,31
1608,6,2020-07-24 00:00:00,MB:to sps IDFC,-1,-1,,-2,,,,535,000171915348,31
1609,10,2020-07-24 00:00:00,NEFT N206201194795328RKSV SECURITIES INDIA,-1,-1,,-2,,,,536,NEFTINW-0224698749,31
1610,6,2020-07-24 00:00:00,MB:DR SAUMILKAPADIA,-1,-1,,-2,,,,537,MB-999420967776,31
1611,10,2020-07-23 00:00:00,NEFT N205201194020542RKSV SECURITIES INDIA,-1,-1,,-2,,,,538,NEFTINW-0224532988,31
1612,6,2020-07-22 00:00:00,MB:TO PRINTERS KOTAK,-1,-1,,-2,,,,539,MB-999421737927,31
1613,10,2020-07-21 00:00:00,NEFT N203201192329991RKSV SECURITIES INDIA,-1,-1,,-2,,,,540,NEFTINW-0224170960,31
1614,6,2020-08-18 00:00:00,MB:TO PACK KOTAK,-1,-1,,-2,,,,541,MB-999409013036,29
1615,6,2020-08-14 00:00:00,"UPI/faithfinanc/022721995832/UPI
nasta for 14 aug",-1,-1,,-2,,,,542,UPI-022721442555,29
1616,10,2020-08-05 00:00:00,FUND TRANSFER-CMS-FROM SHRIMAD83,-1,-1,,-2,,,,543,CMS-2008050002WR,29
1617,6,2020-08-01 00:00:00,MB:TO PACKAGING,-1,-1,,-2,,,,544,MB-999417061939,29
1620,10,2020-07-21 00:00:00,NEFT N203201192318787RKSV SECURITIES INDIA,-1,-1,,-2,,,,547,NEFTINW-0224168281,29
1621,6,2020-07-28 00:00:00,,-1,-1,,-2,,,,,,29
1622,4,2020-07-30 00:00:00,,-1,-1,,-2,,,,,,29
1623,4,2020-07-31 00:00:00,,-1,-1,,-2,,,,,,30
1624,10,2020-08-11 00:00:00,,-1,-1,,-2,,,,,,31
1625,6,2020-08-02 00:00:00,,-1,-1,,-2,,,,,,31
1626,6,2020-07-28 00:00:00,,-1,-1,,-2,,,,,,31
1627,4,2020-07-28 00:00:00,,-1,-1,,-2,,,,,,31
1628,6,2020-08-01 00:00:00,,-1,-1,,-2,,,,,,30
1629,6,2020-08-10 00:00:00,,-1,-1,,-2,,,,,,30
1630,10,2020-08-12 00:00:00,,-1,-1,,-2,,,,,,30
1631,10,2020-08-12 00:00:00,,-1,-1,,-2,,,,,,30
1632,6,2020-07-28 00:00:00,,-1,-1,,-2,,,,,,30
1633,6,2020-07-22 00:00:00,,-1,-1,,-2,,,,,,30
1634,6,2020-07-28 00:00:00,,-1,-1,,-2,,,,,,29
1635,6,2020-07-27 00:00:00,,-1,-1,,-2,,,,,,29
1636,6,2020-07-31 00:00:00,,-1,-1,,-2,,,,,,29
1637,6,2020-07-28 00:00:00,,-1,-1,,-2,,,,,,31
1638,6,2020-07-31 00:00:00,,-1,-1,,-2,,,,,,31
1639,10,2020-08-03 00:00:00,,-1,-1,,-2,,,,,,32
1640,6,2020-08-20 00:00:00,,-1,-1,,-2,,,,,,30
1641,10,2020-08-20 00:00:00,,-1,-1,,-2,,,,,,31
1642,6,2020-08-20 00:00:00,,-1,-1,,-2,,,,,,30
1643,10,2020-08-20 00:00:00,,-1,-1,,-2,,,,,,31
1644,6,2020-08-20 00:00:00,,-1,-1,,-2,,,,,,31
1645,10,2020-08-20 00:00:00,,-1,-1,,-2,,,,,,29
1647,6,2020-05-07 00:00:00,,-1,-1,,-2,,,,,,29
1648,10,2020-08-21 00:00:00,,-1,-1,,-2,,,,,,30
1649,6,2020-08-21 00:00:00,,-1,-1,,-2,,,,,,30
1650,10,2020-08-21 00:00:00,,-1,-1,,-2,,,,,,29
1651,4,2020-03-31 00:00:00,,-1,-1,,-2,,,,,,30
1652,4,2020-03-31 00:00:00,Year end JV to tranfer to capital account,-1,-1,,-2,,,,,,30
1654,4,2019-07-11 00:00:00,,-1,-1,,-2,,,,,,31
1663,4,2020-03-13 00:00:00,,-1,-1,,-2,,,,,,30
1664,6,2020-03-13 00:00:00,,-1,-1,,-2,,,,,,30
1665,4,2020-03-31 00:00:00,Year end JV to tranfer to capital account,-1,-1,,-2,,,,,,30
1666,4,2020-03-31 00:00:00,Year end JV to tranfer to capital account,-1,-1,,-2,,,,,,30
1667,4,2020-02-10 00:00:00,,-1,-1,,-2,,,,,,29
1668,4,2020-02-10 00:00:00,,-1,-1,,-2,,,,,,29
1669,4,2020-03-31 00:00:00,Year end JV to tranfer to capital account,-1,-1,,-2,,,,,,29
1670,4,2020-03-31 00:00:00,Year end JV to tranfer to capital account,-1,-1,,-2,,,,,,29
1671,6,2020-09-05 00:00:00,UPI/vilasnavgha/024921588314/Creative pa,-1,-1,,-2,,,,548,UPI-024921128492,30
1672,10,2020-09-01 00:00:00,NEFT N245201230235789RKSV SECURITIES INDIA,-1,-1,,-2,,,,549,NEFTINW-0231866253,30
1673,10,2020-08-31 00:00:00,NEFT SBIN220244702937STATE BANK OF INDIA,-1,-1,,-2,,,,550,NEFTINW-0231528974,30
1674,10,2020-08-27 00:00:00,NEFT N240201225015836RKSV SECURITIES INDIA,-1,-1,,-2,,,,551,NEFTINW-0230829660,30
1675,6,2020-09-07 00:00:00,MB:TO PACK K,-1,-1,,-2,,,,552,MB-999399161750,29
1677,6,2020-09-04 00:00:00,UPI/dhwanika@ok/024818848457/Dr,-1,-1,,-2,,,,554,UPI-024818672451,29
1681,6,2020-09-02 00:00:00,OSHTTP://WWW.INSTAMOJO,-1,-1,,-2,,,,558,KPG-0118530806,29
1682,6,2020-09-02 00:00:00,MB:TO PACKAGING KOTAK,-1,-1,,-2,,,,559,MB-999401715743,29
1685,10,2020-08-30 00:00:00,UPI/goog-paymen/024320691139/Rew,-1,-1,,-2,,,,562,UPI-024320978184,29
1686,10,2020-08-30 00:00:00,UPI/goog-paymen/024320685006/Rew,-1,-1,,-2,,,,563,UPI-024320976508,29
1688,10,2020-08-29 00:00:00,NEFT N242201227469850RKSV SECURITIES INDIA,-1,-1,,-2,,,,565,NEFTINW-0231306473,29
1689,6,2020-08-28 00:00:00,MB:to ups IDFC,-1,-1,,-2,,,,566,000176029485,29
1691,10,2020-08-26 00:00:00,NEFT N239201223990706RKSV SECURITIES INDIA,-1,-1,,-2,,,,568,NEFTINW-0230614755,29
1692,6,2020-08-22 00:00:00,UPI/8655533374@/023519854993/Courier,-1,-1,,-2,,,,569,UPI-023519346289,29
1693,6,2020-08-21 00:00:00,MB TO UPS HDFCRef 023411391069,-1,-1,,-2,,,,570,IMPS-023411391072,29
1694,6,2020-09-05 00:00:00,FASTAG AUTOTOPUP-101127-,-1,-1,,-2,,,,571,MWFA-0053469588,31
1695,10,2020-09-04 00:00:00,Received from Flip XX0602IMPS ICICI Bank,-1,-1,,-2,,,,572,IMPS-024812248910,31
1696,10,2020-09-04 00:00:00,Received from Flip XX0602IMPS ICICI Bank,-1,-1,,-2,,,,573,IMPS-024812247232,31
1697,6,2020-09-04 00:00:00,MB:TO PRINTERS K,-1,-1,,-2,,,,574,MB-999400804821,31
1698,10,2020-09-01 00:00:00,NEFT N245201230241270RKSV SECURITIES INDIA,-1,-1,,-2,,,,575,NEFTINW-0231866000,31
1699,10,2020-08-30 00:00:00,Received from Flip XX0602IMPS ICICI Bank,-1,-1,,-2,,,,576,IMPS-024319935212,31
1700,10,2020-08-30 00:00:00,Received from Flip XX0602IMPS ICICI Bank,-1,-1,,-2,,,,577,IMPS-024313690404,31
1701,10,2020-08-30 00:00:00,Received from Flip XX0602IMPS ICICI Bank,-1,-1,,-2,,,,578,IMPS-024313690323,31
1702,10,2020-08-30 00:00:00,Received from Flip XX0602IMPS ICICI Bank,-1,-1,,-2,,,,579,IMPS-024313681373,31
1703,10,2020-08-28 00:00:00,Received from Flip XX0602IMPS ICICI Bank,-1,-1,,-2,,,,580,IMPS-024115015105,31
1704,10,2020-08-28 00:00:00,Received from Flip XX0602IMPS ICICI Bank,-1,-1,,-2,,,,581,IMPS-024115015056,31
1705,6,2020-08-26 00:00:00,MB:TO PRINT K,-1,-1,,-2,,,,582,MB-999405242031,31
1706,10,2020-08-26 00:00:00,NEFT N239201223978869RKSV SECURITIES INDIA,-1,-1,,-2,,,,583,NEFTINW-0230615220,31
1707,6,2020-08-21 00:00:00,MB:TO PRINTERS K,-1,-1,,-2,,,,584,MB-999407541048,31
1708,6,2020-08-25 00:00:00,magazine,-1,-1,,-2,,,,,magazine,30
1709,6,2020-09-03 00:00:00,,-1,-1,,-2,,,,,magazine,30
1710,6,2020-09-21 00:00:00,,-1,-1,,-2,,,,,,29
1711,10,2020-08-24 00:00:00,sunil shah rakshabandhan,-1,-1,,-2,,,,,,29
1712,6,2020-08-24 00:00:00,khushali shah rakshabandhan,-1,-1,,-2,,,,,,31
1713,4,2020-09-08 00:00:00,,-1,-1,,-2,,,,,,30
1714,6,2020-08-23 00:00:00,,-1,-1,,-2,,,,,,31
1715,10,2020-09-03 00:00:00,,-1,-1,,-2,,,,,,31
1716,6,2020-08-27 00:00:00,,-1,-1,,-2,,,,,,29
1717,10,2020-04-01 00:00:00,,-1,-1,,-2,,,,,,30
1718,10,2020-04-01 00:00:00,,-1,-1,,-2,,,,,,29
1719,10,2020-04-01 00:00:00,,-1,-1,,-2,,,,,,31
1721,6,2020-09-23 00:00:00,income tax for 19-20,-1,-1,,-2,,,,,,31
1723,6,2020-09-21 00:00:00,,-1,-1,,-2,,,,,,29
1724,6,2020-09-23 00:00:00,,-1,-1,,-2,,,,,,32
1725,6,2020-09-23 00:00:00,,-1,-1,,-2,,,,,,30
1726,6,2020-09-22 00:00:00,PCD/7692/WWWFACEBOOK COM,-1,-1,,-2,,,,585,026611038755,31
1727,6,2020-09-22 00:00:00,PCD/7692/WWWFACEBOOK COM,-1,-1,,-2,,,,586,026611482895,31
1728,6,2020-09-22 00:00:00,FASTAG AUTOTOPUP-101127-,-1,-1,,-2,,,,587,MWFA-0054779189,31
1729,6,2020-09-22 00:00:00,FASTAG AUTOTOPUP-101127-,-1,-1,,-2,,,,588,MWFA-0054713483,31
1730,10,2020-09-21 00:00:00,Received from Mynt XX9001IMPS HSB,-1,-1,,-2,,,,589,IMPS-026520052085,31
1731,10,2020-09-20 00:00:00,Received from Mynt XX9001IMPS HSB,-1,-1,,-2,,,,590,IMPS-026419033582,31
1732,6,2020-09-11 00:00:00,MB TO IOB PRINTRef 025512919228,-1,-1,,-2,,,,591,IMPS-025512919409,31
1733,6,2020-09-10 00:00:00,MB:TO PRINTERS K,-1,-1,,-2,,,,592,MB-999397129667,31
1734,10,2020-09-08 00:00:00,NEFT N252201237710913RKSV SECURITIES INDIA,-1,-1,,-2,,,,593,NEFTINW-0233404991,31
1735,6,2020-09-08 00:00:00,MB:TO PRINTERS K,-1,-1,,-2,,,,594,MB-999398527286,31
1736,6,2020-09-23 00:00:00,IB:TO PRSKOTAK,-1,-1,,-2,,,,595,MWFA-0054826803,29
1737,6,2020-09-23 00:00:00,MB:ups kotak to prs Hdfc,-1,-1,,-2,,,,596,000179559598,29
1738,10,2020-09-18 00:00:00,Received from Mynt XX9001IMPS HSB,-1,-1,,-2,,,,597,IMPS-026218168173,29
1739,10,2020-09-18 00:00:00,Received from Mynt XX9001IMPS HSB,-1,-1,,-2,,,,598,IMPS-026218126086,29
1740,6,2020-09-16 00:00:00,UPI/faithfinanc/026008445239/Oil and pow,-1,-1,,-2,,,,599,UPI-026008920793,29
1741,6,2020-09-10 00:00:00,MB:TO PACK K,-1,-1,,-2,,,,600,MB-999397399948,29
1742,10,2020-09-08 00:00:00,RTGSHDFCR52020090896357470,-1,-1,,-2,,,,601,RTGSINW-0032911996,29
1748,6,2020-09-01 00:00:00,,-1,-1,,-2,,,,,,29
1749,6,2020-09-07 00:00:00,,-1,-1,,-2,,,,,,29
1751,6,2020-09-23 00:00:00,MB:to prs idfc,-1,-1,,-2,,,,602,000179570504,30
1752,6,2020-09-23 00:00:00,MB:PRS HUF K,-1,-1,,-2,,,,603,MB-999390807012,30
1753,10,2020-09-23 00:00:00,IB:RECEIVED MONEYFROM UNNATI PRAMESH S,-1,-1,,-2,,,,604,MWFA-0054826803,30
1754,10,2020-09-23 00:00:00,Received from Mr.                          XX5198IMPS IDFC BANK,-1,-1,,-2,,,,605,IMPS-026710333131,30
1755,6,2020-09-23 00:00:00,MB:to prs hdfc,-1,-1,,-2,,,,606,000179560171,30
1756,6,2020-09-15 00:00:00,MB:TO RKGLOBAL,-1,-1,,-2,,,,607,MB-999394506487,30
1757,4,2020-09-23 00:00:00,,-1,-1,,-2,,,,,,30
1758,4,2020-09-23 00:00:00,,-1,-1,,-2,,,,,,30
1759,6,2020-09-29 00:00:00,IB:TO PRINTERSK,-1,-1,,-2,,,,608,MWFA-0055286615,31
1760,10,2020-09-29 00:00:00,IB: FUND TRANSFER FROMPRAMESH SHAH HUF,-1,-1,,-2,,,,609,IB,31
1761,10,2020-09-28 00:00:00,Received from Mynt XX9001IMPS HSB,-1,-1,,-2,,,,610,IMPS-027223924682,31
1762,6,2020-09-27 00:00:00,UPI/deepakkhapa/027112247877/Myntra,-1,-1,,-2,,,,611,UPI-027112291969,31
1763,10,2020-09-24 00:00:00,UPI/goog-paymen/026823985690/Rew,-1,-1,,-2,,,,612,UPI-026823714005,31
1764,10,2020-09-23 00:00:00,Received from Mynt XX9001IMPS HSB,-1,-1,,-2,,,,613,IMPS-026719993932,31
1765,6,2020-09-23 00:00:00,MB:TO PRS HUF K,-1,-1,,-2,,,,614,MB-999390595277,31
1766,6,2020-09-23 00:00:00,MB:TO PRINTERSK,-1,-1,,-2,,,,615,MB-999390697785,31
1768,6,2020-09-26 00:00:00,IB:TO PRSKOTAK,-1,-1,,-2,,,,617,MWFA-0055120575,29
1769,10,2020-09-23 00:00:00,Received from Mynt XX9001IMPS HSB,-1,-1,,-2,,,,618,IMPS-026723156998,29
1770,10,2020-09-23 00:00:00,Received from Mynt XX9001IMPS HSB,-1,-1,,-2,,,,619,IMPS-026719987406,29
1771,10,2020-09-23 00:00:00,Received from Mynt XX9001IMPS HSB,-1,-1,,-2,,,,620,IMPS-026719980180,29
1772,10,2020-09-23 00:00:00,NEFT N267201253035575RKGLOBAL SHARES AND,-1,-1,,-2,,,,621,NEFTINW-0236423571,29
1773,10,2020-09-23 00:00:00,Received from Mynt XX9001IMPS HSB,-1,-1,,-2,,,,622,IMPS-026717867635,29
1774,6,2020-09-23 00:00:00,MB:TO PACKK,-1,-1,,-2,,,,623,MB-999390665893,29
1775,6,2020-09-29 00:00:00,MB:PRS HUF K,-1,-1,,-2,,,,624,MB-999387989968,30
1776,10,2020-09-29 00:00:00,MB:RECEIVED MONEYFROM CREATIVE ENTERP,-1,-1,,-2,,,,625,MB-999387992325,30
1777,6,2020-09-28 00:00:00,UPI/kjtust@icic/027219323362/Case no 215,-1,-1,,-2,,,,626,UPI-027219545211,30
1778,6,2020-09-28 00:00:00,UPI/divyeshbhuv/027219276439/for courier,-1,-1,,-2,,,,627,UPI-027219509726,30
1779,6,2020-09-26 00:00:00,UPI/siddambalar/027015303839/Srlc books,-1,-1,,-2,,,,628,UPI-027015116530,30
1780,10,2020-09-26 00:00:00,IB:RECEIVED MONEYFROM UNNATI PRAMESH S,-1,-1,,-2,,,,629,MWFA-0055120575,30
1781,6,2020-09-29 00:00:00,IB IMPS TO CREATIVEENTERPRISE 0 Ref,-1,-1,,-2,,,,630,IMPS-027311213835,32
1782,6,2020-09-29 00:00:00,TO SPS K,-1,-1,,-2,,,,631,IB,32
1783,10,2020-09-29 00:00:00,MB:RECEIVED MONEYFROM PRAMESH RAJENDR,-1,-1,,-2,,,,632,MB-999387989968,32
1784,6,2020-09-23 00:00:00,TO ENTERPRISE K,-1,-1,,-2,,,,633,IB,32
1785,10,2020-09-23 00:00:00,MB:RECEIVED MONEYFROM SAAHIL SHAH,-1,-1,,-2,,,,634,MB-999390595277,32
1786,10,2020-09-23 00:00:00,MB:RECEIVED MONEYFROM PRAMESH RAJENDR,-1,-1,,-2,,,,635,MB-999390807012,32
1787,4,2020-09-29 00:00:00,,-1,-1,,-2,,,,,,29
1788,4,2020-09-29 00:00:00,,-1,-1,,-2,,,,,,31
1789,4,2020-09-29 00:00:00,,-1,-1,,-2,,,,,,30
1790,10,2020-09-30 00:00:00,,-1,-1,,-2,,,,,,30
1791,10,2020-09-30 00:00:00,,-1,-1,,-2,,,,,,31
1792,4,2020-10-01 00:00:00,,-1,-1,,-2,,,,,,31
1793,10,2020-10-01 00:00:00,,-1,-1,,-2,,,,,,29
1794,10,2020-09-23 00:00:00,,-1,-1,,-2,,,,,,29
1795,10,2020-09-30 00:00:00,,-1,-1,,-2,,,,,,30
1796,10,2020-09-30 00:00:00,,-1,-1,,-2,,,,,,29
1797,10,2020-09-30 00:00:00,,-1,-1,,-2,,,,,,31
1798,6,2020-09-30 00:00:00,,-1,-1,,-2,,,,,,31
1800,6,2020-09-28 00:00:00,srassk songs,-1,-1,,-2,,,,,,30
1801,10,2020-10-01 00:00:00,,-1,-1,,-2,,,,,,30
1802,6,2020-10-01 00:00:00,,-1,-1,,-2,,,,,,30
1803,10,2020-09-21 00:00:00,,-1,-1,,-2,,,,,,29
1804,6,2020-09-30 00:00:00,,-1,-1,,-2,,,,,,29
1805,10,2020-10-01 00:00:00,,-1,-1,,-2,,,,,,29
1806,6,2020-09-15 00:00:00,,-1,-1,,-2,,,,,,31
1807,10,2020-10-01 00:00:00,,-1,-1,,-2,,,,,,31
1808,10,2020-10-01 00:00:00,,-1,-1,,-2,,,,,,30
1809,10,2020-09-25 00:00:00,,-1,-1,,-2,,,,,,29
1810,10,2020-09-25 00:00:00,,-1,-1,,-2,,,,,,31
1811,6,2020-09-17 00:00:00,,-1,-1,,-2,,,,,,31
1813,6,2020-09-30 00:00:00,,-1,-1,,-2,,,,,,32
1814,10,2020-09-30 00:00:00,,-1,-1,,-2,,,,,,32
1815,4,2020-03-31 00:00:00,,-1,-1,,-2,,,,,,32
1816,4,2020-03-31 00:00:00,Year end JV to tranfer to capital account,-1,-1,,-2,,,,,,32
1819,6,2020-10-01 00:00:00,,-1,-1,,-2,,,,,,30
1820,10,2020-10-01 00:00:00,,-1,-1,,-2,,,,,,29
1821,4,2020-10-01 00:00:00,,-1,-1,,-2,,,,,,30
1822,6,2020-10-01 00:00:00,,-1,-1,,-2,,,,,,30
1823,6,2020-10-01 00:00:00,,-1,-1,,-2,,,,,,30
1824,10,2020-10-01 00:00:00,,-1,-1,,-2,,,,,,32
1825,10,2020-10-01 00:00:00,,-1,-1,,-2,,,,,,31
1826,10,2020-10-01 00:00:00,,-1,-1,,-2,,,,,,31
1827,6,2020-10-01 00:00:00,,-1,-1,,-2,,,,,,32
1828,6,2020-10-01 00:00:00,,-1,-1,,-2,,,,,,32
1829,10,2020-10-01 00:00:00,,-1,-1,,-2,,,,,,32
1830,10,2020-10-01 00:00:00,,-1,-1,,-2,,,,,,31
1831,10,2020-10-01 00:00:00,,-1,-1,,-2,,,,,,29
1832,4,2020-10-01 00:00:00,,-1,-1,,-2,,,,,,31
1833,4,2020-10-01 00:00:00,,-1,-1,,-2,,,,,,29
1834,4,2020-10-01 00:00:00,,-1,-1,,-2,,,,,,30
1835,4,2020-10-01 00:00:00,,-1,-1,,-2,,,,,,29
1836,4,2020-10-01 00:00:00,,-1,-1,,-2,,,,,,31
1837,6,2020-10-01 00:00:00,,-1,-1,,-2,,,,,,30
1838,10,2020-10-01 00:00:00,,-1,-1,,-2,,,,,,29
1839,6,2020-10-01 00:00:00,,-1,-1,,-2,,,,,,30
1840,10,2020-10-01 00:00:00,,-1,-1,,-2,,,,,,29
1841,4,2020-10-01 00:00:00,,-1,-1,,-2,,,,,,29
1842,4,2020-10-01 00:00:00,,-1,-1,,-2,,,,,,31
1843,6,2020-10-01 00:00:00,,-1,-1,,-2,,,,,,29
1844,6,2020-10-01 00:00:00,,-1,-1,,-2,,,,,,31
1845,6,2020-10-01 00:00:00,,-1,-1,,-2,,,,,,31
1846,6,2020-10-02 00:00:00,,-1,-1,,-2,,,,,,29
1847,4,2020-07-09 00:00:00,,-1,-1,,-2,,,,,,31
1848,4,2020-07-09 00:00:00,,-1,-1,,-2,,,,,,29
1849,6,2020-10-06 00:00:00,,-1,-1,,-2,,,,,,32
1850,10,2020-10-06 00:00:00,,-1,-1,,-2,,,,,,29
1851,6,2020-10-08 00:00:00,,-1,-1,,-2,,,,,,32
1852,10,2020-10-08 00:00:00,,-1,-1,,-2,,,,,,32
1853,10,2020-10-08 00:00:00,,-1,-1,,-2,,,,,,29
1854,6,2020-10-05 00:00:00,idfc bond fund,-1,-1,,-2,,,,,,29
1855,6,2020-10-05 00:00:00,,-1,-1,,-2,,,,,,29
1856,4,2020-10-05 00:00:00,,-1,-1,,-2,,,,,,29
1857,6,2020-10-05 00:00:00,,-1,-1,,-2,,,,,,29
1858,6,2020-10-05 00:00:00,,-1,-1,,-2,,,,,,29
1859,6,2020-10-05 00:00:00,idfc bond fundf,-1,-1,,-2,,,,,,31
1860,6,2020-10-05 00:00:00,,-1,-1,,-2,,,,,,32
1861,10,2020-10-08 00:00:00,,-1,-1,,-2,,,,,,32
1862,10,2020-10-08 00:00:00,,-1,-1,,-2,,,,,,30
1863,10,2020-10-08 00:00:00,,-1,-1,,-2,,,,,,29
1864,10,2020-10-08 00:00:00,,-1,-1,,-2,,,,,,31
1865,10,2020-10-13 00:00:00,,-1,-1,,-2,,,,,,29
1866,6,2020-10-13 00:00:00,,-1,-1,,-2,,,,,,30
1867,6,2020-10-13 00:00:00,idfc bond fund,-1,-1,,-2,,,,,,29
1868,6,2020-10-13 00:00:00,idfc bond fund,-1,-1,,-2,,,,,,31
1869,6,2020-10-13 00:00:00,ICICI LONG TERM BOND,-1,-1,,-2,,,,,,29
1870,10,2020-10-15 00:00:00,irfc,-1,-1,,-2,,,,,,29
1871,4,2020-10-14 00:00:00,,-1,-1,,-2,,,,,,29
1872,6,2020-10-14 00:00:00,,-1,-1,,-2,,,,,,29
1873,4,2020-10-13 00:00:00,,-1,-1,,-2,,,,,,29
1874,4,2020-10-13 00:00:00,,-1,-1,,-2,,,,,,29
1875,4,2020-10-12 00:00:00,,-1,-1,,-2,,,,,,29
1876,4,2020-10-08 00:00:00,,-1,-1,,-2,,,,,,29
1877,6,2020-10-08 00:00:00,,-1,-1,,-2,,,,,,29
1878,10,2020-10-13 00:00:00,77 x 3,-1,-1,,-2,,,,,,29
1879,4,2020-10-13 00:00:00,,-1,-1,,-2,,,,,,29
1880,10,2020-10-12 00:00:00,514 x 2,-1,-1,,-2,,,,,,30
1881,10,2020-10-13 00:00:00,77 x 2,-1,-1,,-2,,,,,,30
1882,10,2020-10-13 00:00:00,77 x 3,-1,-1,,-2,,,,,,31
1883,4,2020-10-13 00:00:00,,-1,-1,,-2,,,,,,31
1884,10,2020-10-15 00:00:00,,-1,-1,,-2,,,,,,31
1885,4,2020-10-14 00:00:00,,-1,-1,,-2,,,,,,31
1886,6,2020-10-14 00:00:00,,-1,-1,,-2,,,,,,31
1887,4,2020-10-12 00:00:00,,-1,-1,,-2,,,,,,31
1889,10,2020-10-13 00:00:00,,-1,-1,,-2,,,,,,29
1890,6,2020-10-14 00:00:00,,-1,-1,,-2,,,,,,29
1891,6,2020-10-12 00:00:00,,-1,-1,,-2,,,,,,29
1892,10,2020-10-12 00:00:00,,-1,-1,,-2,,,,,,29
1893,10,2020-10-14 00:00:00,,-1,-1,,-2,,,,,,30
1894,6,2020-10-12 00:00:00,,-1,-1,,-2,,,,,,30
1895,6,2020-10-04 00:00:00,jio,-1,-1,,-2,,,,,,30
1896,10,2020-10-14 00:00:00,,-1,-1,,-2,,,,,,31
1897,6,2020-10-12 00:00:00,,-1,-1,,-2,,,,,,31
1898,6,2020-10-12 00:00:00,myntra,-1,-1,,-2,,,,,,31
1899,10,2020-10-12 00:00:00,,-1,-1,,-2,,,,,,31
1900,6,2020-10-12 00:00:00,,-1,-1,,-2,,,,,,31
1901,10,2020-10-09 00:00:00,,-1,-1,,-2,,,,,,31
1902,6,2020-10-09 00:00:00,,-1,-1,,-2,,,,,,31
1903,6,2020-10-05 00:00:00,,-1,-1,,-2,,,,,,31
1904,10,2020-10-05 00:00:00,,-1,-1,,-2,,,,,,31
1905,10,2020-10-27 00:00:00,,-1,-1,,-2,,,,,,29
1906,10,2020-10-27 00:00:00,,-1,-1,,-2,,,,,,29
1907,10,2020-11-23 00:00:00,NEFT IDFBH20328172287MR SAAHIL PRAMESH,-1,-1,,-2,,,,636,NEFTINW-0249717282,31
1908,10,2020-11-23 00:00:00,RTGSIDFBR52020112300301821,-1,-1,,-2,,,,637,RTGSINW-0034514954,31
1909,6,2020-11-18 00:00:00,IB:TO PRINTERS K,-1,-1,,-2,,,,638,MWFA-0060191593,31
1910,6,2020-11-18 00:00:00,IB:TO PRINTERS K,-1,-1,,-2,,,,639,MWFA-0060180261,31
1911,6,2020-11-17 00:00:00,FASTAG AUTOTOPUP-101127-,-1,-1,,-2,,,,640,MWFA-0060058415,31
1913,6,2020-11-13 00:00:00,IBIMPS Sent to Saahi00801000054 Ref,-1,-1,,-2,,,,642,IMPS-031812171110,31
1914,6,2020-11-13 00:00:00,IBIMPS Sent to00030340025017 H Ref,-1,-1,,-2,,,,643,IMPS-031812161216,31
1915,6,2020-11-08 00:00:00,UPI/8169411168@/031316863597/ajio,-1,-1,,-2,,,,644,UPI-031316712991,31
1916,10,2020-11-08 00:00:00,VISA-REFUND/061120/0312/WW,-1,-1,,-2,,,,645,031212315230,31
1921,6,2020-11-05 00:00:00,IB:TO PRINTERSK,-1,-1,,-2,,,,650,MWFA-0059016493,31
1922,6,2020-11-03 00:00:00,IB:TO PRINTERSK,-1,-1,,-2,,,,651,MWFA-0058886884,31
1923,6,2020-11-03 00:00:00,FASTAG AUTOTOPUP-101127-,-1,-1,,-2,,,,652,MWFA-0058853635,31
1924,10,2020-11-03 00:00:00,IB: FUND TRANSFER FROMCREATIVE PRINTERS,-1,-1,,-2,,,,653,IB,31
1925,6,2020-11-01 00:00:00,FASTAG AUTOTOPUP-101127-,-1,-1,,-2,,,,654,MWFA-0058676517,31
1926,6,2020-10-31 00:00:00,PCD/7692/WWWFACEBOOK COM,-1,-1,,-2,,,,655,030620190805,31
1927,10,2020-10-29 00:00:00,RTGSHDFCR52020102954810038,-1,-1,,-2,,,,656,RTGSINW-0033971771,31
1928,6,2020-10-29 00:00:00,IB:to sps idfc,-1,-1,,-2,,,,657,000184552938,31
1929,10,2020-10-28 00:00:00,NEFT N302201288055285RKSV SECURITIES INDIA,-1,-1,,-2,,,,658,NEFTINW-0243700912,31
1930,10,2020-10-28 00:00:00,Received from Mynt XX9001IMPS HSB,-1,-1,,-2,,,,659,IMPS-030207753028,31
1932,6,2020-10-25 00:00:00,IB:TO PRINTERS K,-1,-1,,-2,,,,661,MWFA-0057836496,31
1933,6,2020-10-24 00:00:00,IB:TO PRINTERS K FOR AC,-1,-1,,-2,,,,662,MWFA-0057544891,31
1934,10,2020-10-22 00:00:00,Received from Mynt XX9001IMPS HSB (Value,-1,-1,,-2,,,,663,IMPS-029700038705,31
1935,6,2020-10-22 00:00:00,UPI/9773676538@/029614439558/myntra,-1,-1,,-2,,,,664,UPI-029614552055,31
1936,6,2020-10-22 00:00:00,OS WWW.INSTAMOJO.COM11429566553,-1,-1,,-2,,,,665,KPG-0122493518,31
1937,6,2020-10-19 00:00:00,IB:TO PRINTERS K,-1,-1,,-2,,,,666,MWFA-0057117211,31
1938,10,2020-10-17 00:00:00,NEFT SDC26309425 WELLTAKE ENGINEERS,-1,-1,,-2,,,,667,NEFTINW-0241741640,31
1939,6,2020-10-27 00:00:00,icici mf exp from kotak bank,-1,-1,,-2,,,,,,31
1940,6,2020-11-13 00:00:00,mf expenses kotak bond fund,-1,-1,,-2,,,,,,31
1941,10,2020-11-23 00:00:00,RTGSIDFBR52020112300301847,-1,-1,,-2,,,,668,RTGSINW-0034515197,29
1942,10,2020-11-20 00:00:00,"IB:RECEIVED FROM JULIEB JOGANI ALIAS
bhupati",-1,-1,,-2,,,,669,MWFA-0060451985,29
1943,10,2020-11-17 00:00:00,"UPI/9819186696@/032291222705/NA
bhupati",-1,-1,,-2,,,,670,UPI-032214734775,29
1944,10,2020-11-16 00:00:00,"UPI/dhruvainsev/032115638324/Offering fo
bhupati",-1,-1,,-2,,,,671,UPI-032115619915,29
1945,10,2020-11-16 00:00:00,"UPI/faithfinanc/032114345201/UPI
bhupati",-1,-1,,-2,,,,672,UPI-032114292959,29
1946,10,2020-11-15 00:00:00,"UPI/raksha.bhed/032019457716/UPI
bhupati",-1,-1,,-2,,,,673,UPI-032019133092,29
1947,6,2020-11-13 00:00:00,MB:TO PRS K,-1,-1,,-2,,,,674,MB-999361626291,29
1949,6,2020-11-13 00:00:00,MB TO UPS HDFCRef 031812146045,-1,-1,,-2,,,,676,IMPS-031812146119,29
1950,10,2020-11-12 00:00:00,MB:RECEIVED MONEYFROM CREATIVE PACKAG,-1,-1,,-2,,,,677,MB-999362849103,29
1951,10,2020-11-09 00:00:00,Received from Amaz XX6004IMPS HSB,-1,-1,,-2,,,,678,IMPS-031414598490,29
1952,6,2020-11-08 00:00:00,UPI/amazonselle/031313258046/UPI,-1,-1,,-2,,,,679,UPI-031313331521,29
1955,6,2020-11-07 00:00:00,MB:TO PRS K,-1,-1,,-2,,,,682,MB-999365930825,29
1956,10,2020-11-07 00:00:00,UPI/nil75.ns@ok/031211259525/UPI,-1,-1,,-2,,,,683,UPI-031211876286,29
1958,10,2020-11-05 00:00:00,UPI/billdesk-te/031006124344/reversa,-1,-1,,-2,,,,685,UPI-031006268422,29
1959,6,2020-11-04 00:00:00,UPI/jio@yesbank/030920392046/JIO20BR0005,-1,-1,,-2,,,,686,UPI-030920560738,29
1960,6,2020-11-04 00:00:00,UPI/euronetgpay/030919107048/UPI,-1,-1,,-2,,,,687,UPI-030919256631,29
1961,6,2020-11-04 00:00:00,UPI/billdesk.pr/030919845045/UPI,-1,-1,,-2,,,,688,UPI-030919987995,29
1964,6,2020-11-03 00:00:00,MB:SENT MONEY TOPRAMESH RAJENDRA,-1,-1,,-2,,,,691,MB-999368675072,29
1965,6,2020-11-02 00:00:00,MB TP PRS HDFCRef 030711384783,-1,-1,,-2,,,,692,IMPS-030711384682,29
1966,10,2020-10-31 00:00:00,Received from CAMSXX5001 IMPS HSB,-1,-1,,-2,,,,693,IMPS-030517668863,29
1967,6,2020-10-30 00:00:00,MB:TO PACK K,-1,-1,,-2,,,,694,MB-999371049826,29
1968,6,2020-10-28 00:00:00,UPI/faithfinanc/030221326132/Harde and t,-1,-1,,-2,,,,695,UPI-030221330961,29
1969,6,2020-10-27 00:00:00,MB TO UPS KOTAKRef 030110866271,-1,-1,,-2,,,,696,IMPS-030110866273,29
1972,6,2020-10-24 00:00:00,UPI/delhivery.p/029817300796/UPI,-1,-1,,-2,,,,699,UPI-029817226943,29
1973,6,2020-10-23 00:00:00,MB TO UPS HDFCRef 029708135883,-1,-1,,-2,,,,700,IMPS-029708135926,29
1974,10,2020-10-22 00:00:00,Received from Mynt XX9001IMPS HSB,-1,-1,,-2,,,,701,IMPS-029621960162,29
1975,10,2020-10-22 00:00:00,Received from Mynt XX9001IMPS HSB,-1,-1,,-2,,,,702,IMPS-029616614003,29
1976,10,2020-10-22 00:00:00,Received from Mynt XX9001IMPS HSB,-1,-1,,-2,,,,703,IMPS-029616604550,29
1977,10,2020-10-22 00:00:00,Received from Mynt XX9001IMPS HSB,-1,-1,,-2,,,,704,IMPS-029616603419,29
1978,6,2020-10-20 00:00:00,UPI/saeid98khan/029417025375/Myntra,-1,-1,,-2,,,,705,UPI-029417429318,29
1979,6,2020-10-20 00:00:00,MB TO PACK IOBRef 029416530761,-1,-1,,-2,,,,706,IMPS-029416530768,29
1980,6,2020-10-20 00:00:00,MB:TO PACK KOTAK,-1,-1,,-2,,,,707,MB-999376113728,29
1981,6,2020-10-20 00:00:00,MB:TO PACK K,-1,-1,,-2,,,,708,MB-999376184256,29
1984,10,2020-10-17 00:00:00,Received from Mynt XX9001IMPS HSB,-1,-1,,-2,,,,711,IMPS-029113338468,29
1985,10,2020-10-17 00:00:00,Received from Mynt XX9001IMPS HSB,-1,-1,,-2,,,,712,IMPS-029113334541,29
1986,10,2020-10-17 00:00:00,Received from Mynt XX9001IMPS HSB,-1,-1,,-2,,,,713,IMPS-029113334154,29
1987,10,2020-10-16 00:00:00,UPI/goog-paymen/029004184731/UPI,-1,-1,,-2,,,,714,UPI-029004339292,29
1989,6,2020-10-29 00:00:00,,-1,-1,,-2,,,,,,31
1990,4,2020-10-17 00:00:00,,-1,-1,,-2,,,,,,31
1991,10,2020-10-22 00:00:00,,-1,-1,,-2,,,,,,31
1992,6,2020-10-17 00:00:00,,-1,-1,,-2,,,,,,31
1993,6,2020-10-16 00:00:00,,-1,-1,,-2,,,,,,31
1994,10,2020-10-20 00:00:00,uppcl,-1,-1,,-2,,,,,,30
1995,6,2020-10-27 00:00:00,,-1,-1,,-2,,,,,,30
1996,6,2020-10-27 00:00:00,,-1,-1,,-2,,,,,,30
1997,10,2020-11-03 00:00:00,,-1,-1,,-2,,,,,,30
1998,6,2020-11-03 00:00:00,,-1,-1,,-2,,,,,,30
1999,6,2020-11-04 00:00:00,,-1,-1,,-2,,,,,,30
2000,6,2020-11-05 00:00:00,,-1,-1,,-2,,,,,,30
2001,10,2020-11-07 00:00:00,,-1,-1,,-2,,,,,,30
2002,6,2020-11-07 00:00:00,,-1,-1,,-2,,,,,,30
2003,10,2020-11-13 00:00:00,,-1,-1,,-2,,,,,,30
2004,6,2020-11-13 00:00:00,,-1,-1,,-2,,,,,,30
2005,10,2020-11-19 00:00:00,,-1,-1,,-2,,,,,,30
2006,6,2020-10-26 00:00:00,kotak mf,-1,-1,,-2,,,,,,29
2008,6,2020-12-03 00:00:00,,-1,-1,,-2,,,,,,30
2009,6,2020-11-26 00:00:00,jio,-1,-1,,-2,,,,,,30
2010,6,2020-11-27 00:00:00,,-1,-1,,-2,,,,,,30
2011,10,2020-11-25 00:00:00,,-1,-1,,-2,,,,,,30
2012,10,2020-11-23 00:00:00,,-1,-1,,-2,,,,,,30
2013,10,2020-12-01 00:00:00,rec,-1,-1,,-2,,,,,,30
2014,6,2020-12-01 00:00:00,,-1,-1,,-2,,,,,,30
2015,6,2020-11-18 00:00:00,,-1,-1,,-2,,,,,,30
2016,6,2020-11-18 00:00:00,,-1,-1,,-2,,,,,,30
2017,10,2020-11-16 00:00:00,int on gold bond,-1,-1,,-2,,,,,,30
2018,10,2020-11-12 00:00:00,,-1,-1,,-2,,,,,,30
2019,10,2020-11-02 00:00:00,,-1,-1,,-2,,,,,,30
2020,6,2020-11-01 00:00:00,,-1,-1,,-2,,,,,,30
2021,6,2020-10-22 00:00:00,,-1,-1,,-2,,,,,,30
2022,6,2020-10-20 00:00:00,,-1,-1,,-2,,,,,,30
2023,6,2020-10-17 00:00:00,,-1,-1,,-2,,,,,,30
2024,10,2020-09-12 00:00:00,,-1,-1,,-2,,,,,,30
2025,6,2020-09-21 00:00:00,,-1,-1,,-2,,,,,,30
2026,10,2020-09-23 00:00:00,,-1,-1,,-2,,,,,,30
2027,6,2020-12-03 00:00:00,,-1,-1,,-2,,,,,,30
2028,10,2020-12-03 00:00:00,,-1,-1,,-2,,,,,,29
2029,6,2020-12-03 00:00:00,,-1,-1,,-2,,,,,,29
2030,10,2020-12-03 00:00:00,,-1,-1,,-2,,,,,,29
2031,10,2020-12-03 00:00:00,,-1,-1,,-2,,,,,,29
2032,10,2020-12-01 00:00:00,,-1,-1,,-2,,,,,,29
2033,10,2020-11-29 00:00:00,,-1,-1,,-2,,,,,,29
2034,10,2020-11-27 00:00:00,,-1,-1,,-2,,,,,,29
2036,6,2020-11-24 00:00:00,,-1,-1,,-2,,,,,,29
2037,10,2020-11-24 00:00:00,,-1,-1,,-2,,,,,,31
2038,6,2020-11-24 00:00:00,,-1,-1,,-2,,,,,,31
2039,4,2020-12-04 00:00:00,,-1,-1,,-2,,,,,,31
2040,10,2020-12-04 00:00:00,,-1,-1,,-2,,,,,,30
2042,10,2020-12-03 00:00:00,,-1,-1,,-2,,,,,,29
2044,4,2020-11-24 00:00:00,,-1,-1,,-2,,,,,,29
2045,10,2020-11-24 00:00:00,,-1,-1,,-2,,,,,,29
2046,6,2020-11-24 00:00:00,,-1,-1,,-2,,,,,,29
2047,10,2020-11-12 00:00:00,pfc,-1,-1,,-2,,,,,,29
2048,10,2020-11-16 00:00:00,gold bond,-1,-1,,-2,,,,,,29
2049,10,2020-11-13 00:00:00,,-1,-1,,-2,,,,,,29
2050,6,2020-11-18 00:00:00,,-1,-1,,-2,,,,,,29
2051,6,2020-11-13 00:00:00,,-1,-1,,-2,,,,,,29
2053,6,2020-11-07 00:00:00,,-1,-1,,-2,,,,,,29
2055,6,2020-10-28 00:00:00,,-1,-1,,-2,,,,,,29
2056,10,2020-11-25 00:00:00,,-1,-1,,-2,,,,,,29
2057,6,2020-10-27 00:00:00,,-1,-1,,-2,,,,,,29
2058,6,2020-10-23 00:00:00,,-1,-1,,-2,,,,,,29
2059,6,2020-10-17 00:00:00,,-1,-1,,-2,,,,,,29
2060,10,2020-11-21 00:00:00,suspense,-1,-1,,-2,,,,,,31
2061,6,2020-11-23 00:00:00,,-1,-1,,-2,,,,,,31
2062,6,2020-11-07 00:00:00,,-1,-1,,-2,,,,,,31
2063,6,2020-10-17 00:00:00,,-1,-1,,-2,,,,,,31
2064,10,2020-10-15 00:00:00,irfc,-1,-1,,-2,,,,,,31
2065,4,2020-11-06 00:00:00,,-1,-1,,-2,,,,,,32
2066,10,2020-11-06 00:00:00,,-1,-1,,-2,,,,,,32
2068,4,2020-12-08 00:00:00,,-1,-1,,-2,,,,,,31
2070,6,2020-12-10 00:00:00,,-1,-1,,-2,,,,,,31
2071,4,2020-12-10 00:00:00,,-1,-1,,-2,,,,,,31
2072,6,2020-12-10 00:00:00,,-1,-1,,-2,,,,,,31
2073,6,2020-12-10 00:00:00,,-1,-1,,-2,,,,,,31
2074,6,2020-12-10 00:00:00,,-1,-1,,-2,,,,,,31
2075,4,2020-12-10 00:00:00,,-1,-1,,-2,,,,,,31
2076,6,2020-12-08 00:00:00,,-1,-1,,-2,,,,,,31
2077,4,2020-12-04 00:00:00,,-1,-1,,-2,,,,,,31
2078,6,2020-12-21 00:00:00,,-1,-1,,-2,,,,,,31
2079,10,2020-12-21 00:00:00,,-1,-1,,-2,,,,,,31
2080,6,2020-12-21 00:00:00,,-1,-1,,-2,,,,,,31
2081,10,2020-12-21 00:00:00,,-1,-1,,-2,,,,,,31
2082,10,2020-12-21 00:00:00,,-1,-1,,-2,,,,,,31
2083,6,2020-12-21 00:00:00,,-1,-1,,-2,,,,,,31
2084,10,2020-12-17 00:00:00,,-1,-1,,-2,,,,,,31
2085,6,2020-12-17 00:00:00,,-1,-1,,-2,,,,,,31
2086,10,2020-12-14 00:00:00,,-1,-1,,-2,,,,,,31
2087,6,2020-12-14 00:00:00,,-1,-1,,-2,,,,,,31
2088,6,2020-12-14 00:00:00,,-1,-1,,-2,,,,,,31
2089,6,2020-12-14 00:00:00,,-1,-1,,-2,,,,,,31
2090,10,2020-12-10 00:00:00,,-1,-1,,-2,,,,,,31
2092,10,2020-12-10 00:00:00,,-1,-1,,-2,,,,,,31
2093,6,2020-12-10 00:00:00,,-1,-1,,-2,,,,,,31
2094,6,2020-12-10 00:00:00,,-1,-1,,-2,,,,,,31
2095,6,2020-12-08 00:00:00,,-1,-1,,-2,,,,,,31
2097,10,2020-12-05 00:00:00,,-1,-1,,-2,,,,,,31
2098,6,2020-12-04 00:00:00,,-1,-1,,-2,,,,,,31
2099,6,2020-12-01 00:00:00,,-1,-1,,-2,,,,,,31
2100,6,2020-11-29 00:00:00,mihir shroff for donation,-1,-1,,-2,,,,,,31
2101,6,2020-11-29 00:00:00,,-1,-1,,-2,,,,,,31
2102,6,2020-11-28 00:00:00,,-1,-1,,-2,,,,,,31
2103,6,2020-11-27 00:00:00,,-1,-1,,-2,,,,,,31
2104,10,2020-11-26 00:00:00,,-1,-1,,-2,,,,,,31
2105,6,2020-11-24 00:00:00,,-1,-1,,-2,,,,,,31
2106,10,2020-11-24 00:00:00,google pay,-1,-1,,-2,,,,,google pay,31
2107,6,2020-11-27 00:00:00,shekhar leader donation,-1,-1,,-2,,,,,,31
2109,6,2020-12-21 00:00:00,,-1,-1,,-2,,,,,,29
2110,6,2020-12-19 00:00:00,,-1,-1,,-2,,,,,,29
2111,10,2020-12-17 00:00:00,,-1,-1,,-2,,,,,,29
2112,6,2020-12-17 00:00:00,,-1,-1,,-2,,,,,,29
2113,10,2020-12-17 00:00:00,,-1,-1,,-2,,,,,,29
2114,6,2020-12-14 00:00:00,,-1,-1,,-2,,,,,,29
2115,10,2020-12-14 00:00:00,,-1,-1,,-2,,,,,,29
2116,4,2020-12-10 00:00:00,,-1,-1,,-2,,,,,,29
2117,10,2020-12-10 00:00:00,,-1,-1,,-2,,,,,,29
2118,6,2020-12-10 00:00:00,,-1,-1,,-2,,,,,,29
2119,4,2020-12-08 00:00:00,,-1,-1,,-2,,,,,,29
2120,10,2020-12-08 00:00:00,,-1,-1,,-2,,,,,,29
2121,6,2020-12-08 00:00:00,,-1,-1,,-2,,,,,,29
2122,6,2020-12-08 00:00:00,,-1,-1,,-2,,,,,,29
2123,10,2020-12-08 00:00:00,,-1,-1,,-2,,,,,,29
2124,4,2020-12-08 00:00:00,,-1,-1,,-2,,,,,,29
2125,10,2020-12-08 00:00:00,,-1,-1,,-2,,,,,,29
2126,10,2020-12-08 00:00:00,,-1,-1,,-2,,,,,,29
2127,4,2020-12-08 00:00:00,,-1,-1,,-2,,,,,,29
2128,10,2020-12-10 00:00:00,,-1,-1,,-2,,,,,,29
2129,10,2020-12-07 00:00:00,,-1,-1,,-2,,,,,,29
2130,6,2020-12-10 00:00:00,,-1,-1,,-2,,,,,,29
2131,6,2020-12-10 00:00:00,,-1,-1,,-2,,,,,,29
2132,6,2020-12-08 00:00:00,,-1,-1,,-2,,,,,,29
2133,6,2020-12-08 00:00:00,,-1,-1,,-2,,,,,,29
2134,6,2020-12-08 00:00:00,,-1,-1,,-2,,,,,,29
2135,6,2020-12-08 00:00:00,akshit mobile,-1,-1,,-2,,,,,,30
2136,4,2020-12-08 00:00:00,,-1,-1,,-2,,,,,,30
2137,6,2020-12-21 00:00:00,,-1,-1,,-2,,,,,,30
2138,6,2020-12-21 00:00:00,,-1,-1,,-2,,,,,,30
2139,4,2020-12-10 00:00:00,,-1,-1,,-2,,,,,,30
2140,10,2020-12-10 00:00:00,,-1,-1,,-2,,,,,,30
2141,4,2020-12-08 00:00:00,,-1,-1,,-2,,,,,,30
2142,6,2020-12-15 00:00:00,,-1,-1,,-2,,,,,,30
2143,4,2020-12-08 00:00:00,,-1,-1,,-2,,,,,,30
2144,6,2020-12-21 00:00:00,,-1,-1,,-2,,,,,,30
2145,6,2020-12-21 00:00:00,,-1,-1,,-2,,,,,,30
2149,6,2020-12-14 00:00:00,,-1,-1,,-2,,,,,,30
2150,10,2020-12-12 00:00:00,,-1,-1,,-2,,,,,,30
2151,6,2020-12-10 00:00:00,,-1,-1,,-2,,,,,,30
2152,6,2020-12-08 00:00:00,,-1,-1,,-2,,,,,,30
2153,6,2020-12-21 00:00:00,paid gst on behalf of packging,-1,-1,,-2,,,,,,29
2155,10,2020-12-15 00:00:00,hudco,-1,-1,,-2,,,,,,29
2156,6,2020-12-08 00:00:00,,-1,-1,,-2,,,,,,29
2157,10,2020-12-15 00:00:00,hudco,-1,-1,,-2,,,,,,31
2158,6,2020-12-07 00:00:00,,-1,-1,,-2,,,,,,31
2159,6,2020-12-08 00:00:00,,-1,-1,,-2,,,,,,32
2160,10,2020-12-10 00:00:00,,-1,-1,,-2,,,,,,32
2161,6,2020-12-10 00:00:00,,-1,-1,,-2,,,,,,32
2162,4,2020-12-09 00:00:00,,-1,-1,,-2,,,,,,29
2164,6,2020-12-22 00:00:00,,-1,-1,,-2,,,,,,29
2165,10,2020-12-22 00:00:00,,-1,-1,,-2,,,,,,31
2166,6,2020-12-23 00:00:00,,-1,-1,,-2,,,,,,29
2167,6,2020-12-23 00:00:00,,-1,-1,,-2,,,,,,31
2168,10,2020-12-23 00:00:00,,-1,-1,,-2,,,,,,30
2169,10,2020-12-23 00:00:00,,-1,-1,,-2,,,,,,30
2170,4,2020-12-23 00:00:00,,-1,-1,,-2,,,,,,31
2172,4,2020-12-23 00:00:00,,-1,-1,,-2,,,,,,29
2173,10,2020-12-21 00:00:00,,-1,-1,,-2,,,,,,29
2174,6,2020-12-23 00:00:00,,-1,-1,,-2,,,,,,29
2175,10,2020-12-23 00:00:00,,-1,-1,,-2,,,,,,32
2176,6,2020-12-23 00:00:00,,-1,-1,,-2,,,,,,32
2177,10,2020-12-23 00:00:00,,-1,-1,,-2,,,,,,31
2178,10,2020-12-23 00:00:00,,-1,-1,,-2,,,,,,29
2179,6,2020-12-23 00:00:00,,-1,-1,,-2,,,,,,30
2180,6,2020-12-23 00:00:00,,-1,-1,,-2,,,,,,29
2181,10,2020-12-23 00:00:00,,-1,-1,,-2,,,,,,32
2182,10,2020-12-31 00:00:00,,-1,-1,,-2,,,,,,29
2183,10,2021-01-02 00:00:00,,-1,-1,,-2,,,,,,29
2184,10,2020-12-31 00:00:00,,-1,-1,,-2,,,,,,30
2185,10,2021-01-01 00:00:00,,-1,-1,,-2,,,,,,30
2186,10,2021-01-01 00:00:00,,-1,-1,,-2,,,,,,30
2187,10,2020-12-31 00:00:00,,-1,-1,,-2,,,,,,32
2188,6,2020-12-23 00:00:00,,-1,-1,,-2,,,,,,31
2189,10,2020-12-23 00:00:00,,-1,-1,,-2,,,,,,31
2190,6,2020-12-25 00:00:00,,-1,-1,,-2,,,,,,31
2191,10,2020-12-25 00:00:00,,-1,-1,,-2,,,,,,31
2192,10,2020-12-25 00:00:00,,-1,-1,,-2,,,,,,31
2193,6,2020-12-26 00:00:00,,-1,-1,,-2,,,,,,31
2194,10,2020-12-27 00:00:00,,-1,-1,,-2,,,,,,31
2195,6,2020-12-26 00:00:00,,-1,-1,,-2,,,,,,31
2196,10,2020-12-27 00:00:00,,-1,-1,,-2,,,,,,31
2197,6,2020-12-27 00:00:00,,-1,-1,,-2,,,,,,31
2198,10,2020-12-29 00:00:00,,-1,-1,,-2,,,,,,31
2199,6,2020-12-29 00:00:00,,-1,-1,,-2,,,,,,31
2200,6,2020-12-29 00:00:00,fastag,-1,-1,,-2,,,,,,31
2201,6,2020-12-29 00:00:00,,-1,-1,,-2,,,,,,31
2202,10,2020-12-29 00:00:00,,-1,-1,,-2,,,,,,31
2203,6,2020-12-30 00:00:00,,-1,-1,,-2,,,,,,31
2204,6,2020-12-30 00:00:00,,-1,-1,,-2,,,,,,31
2205,10,2020-12-30 00:00:00,,-1,-1,,-2,,,,,,31
2206,10,2020-12-30 00:00:00,,-1,-1,,-2,,,,,,31
2207,10,2020-12-30 00:00:00,,-1,-1,,-2,,,,,,31
2208,10,2020-12-31 00:00:00,,-1,-1,,-2,,,,,,31
2209,10,2020-12-31 00:00:00,,-1,-1,,-2,,,,,,31
2210,4,2020-12-31 00:00:00,,-1,-1,,-2,,,,,,31
2211,10,2020-12-31 00:00:00,,-1,-1,,-2,,,,,,31
2212,10,2020-12-31 00:00:00,,-1,-1,,-2,,,,,,31
2213,10,2021-01-01 00:00:00,,-1,-1,,-2,,,,,,31
2214,6,2021-01-01 00:00:00,,-1,-1,,-2,,,,,,31
2215,10,2021-01-01 00:00:00,,-1,-1,,-2,,,,,,31
2216,10,2021-01-02 00:00:00,,-1,-1,,-2,,,,,,31
2217,4,2020-03-31 00:00:00,,-1,-1,,-2,,,,,,31
2218,10,2020-05-22 00:00:00,,-1,-1,,-2,,,,,,29
2219,10,2020-05-09 00:00:00,,-1,-1,,-2,,,,,,29
2220,10,2020-06-06 00:00:00,,-1,-1,,-2,,,,,,29
2221,10,2020-06-22 00:00:00,,-1,-1,,-2,,,,,,29
2222,10,2020-07-17 00:00:00,,-1,-1,,-2,,,,,,29
2223,10,2020-05-11 00:00:00,,-1,-1,,-2,,,,,,29
2224,10,2020-05-23 00:00:00,,-1,-1,,-2,,,,,,29
2225,10,2020-05-11 00:00:00,,-1,-1,,-2,,,,,,29
2226,10,2020-06-26 00:00:00,,-1,-1,,-2,,,,,,29
2227,10,2020-06-26 00:00:00,,-1,-1,,-2,,,,,,29
2228,10,2020-12-26 00:00:00,,-1,-1,,-2,,,,,,29
2229,10,2020-12-25 00:00:00,,-1,-1,,-2,,,,,,29
2230,10,2021-01-01 00:00:00,,-1,-1,,-2,,,,,,29
2231,6,2021-01-01 00:00:00,,-1,-1,,-2,,,,,,30
2232,10,2021-01-01 00:00:00,,-1,-1,,-2,,,,,,30
2233,6,2020-12-23 00:00:00,,-1,-1,,-2,,,,,,30
2234,10,2021-01-01 00:00:00,,-1,-1,,-2,,,,,,31
2235,10,2020-05-10 00:00:00,,-1,-1,,-2,,,,,,31
2236,10,2020-05-11 00:00:00,,-1,-1,,-2,,,,,,31
2237,10,2020-05-10 00:00:00,,-1,-1,,-2,,,,,,31
2238,10,2020-05-15 00:00:00,,-1,-1,,-2,,,,,,31
2239,10,2020-05-13 00:00:00,,-1,-1,,-2,,,,,,31
2240,10,2020-07-25 00:00:00,,-1,-1,,-2,,,,,,31
2241,10,2020-07-25 00:00:00,,-1,-1,,-2,,,,,,31
2242,10,2020-06-26 00:00:00,,-1,-1,,-2,,,,,,31
2243,10,2020-05-09 00:00:00,,-1,-1,,-2,,,,,,31
2244,10,2020-05-17 00:00:00,,-1,-1,,-2,,,,,,31
2245,10,2020-05-16 00:00:00,,-1,-1,,-2,,,,,,31
2246,10,2020-05-15 00:00:00,,-1,-1,,-2,,,,,,31
2247,10,2020-05-14 00:00:00,,-1,-1,,-2,,,,,,31
2248,10,2020-05-13 00:00:00,,-1,-1,,-2,,,,,,31
2249,10,2020-07-16 00:00:00,,-1,-1,,-2,,,,,,31
2250,10,2020-06-21 00:00:00,,-1,-1,,-2,,,,,,31
2251,10,2020-06-06 00:00:00,,-1,-1,,-2,,,,,,31
2252,10,2020-05-22 00:00:00,,-1,-1,,-2,,,,,,31
2253,10,2020-12-25 00:00:00,,-1,-1,,-2,,,,,,31
2254,6,2020-12-25 00:00:00,,-1,-1,,-2,,,,,,31
2255,10,2020-12-25 00:00:00,,-1,-1,,-2,,,,,,31
2256,10,2020-12-26 00:00:00,,-1,-1,,-2,,,,,,31
2257,6,2020-12-26 00:00:00,,-1,-1,,-2,,,,,,31
2258,10,2020-12-28 00:00:00,,-1,-1,,-2,,,,,,31
2259,10,2020-12-28 00:00:00,,-1,-1,,-2,,,,,,31
2260,6,2020-12-31 00:00:00,,-1,-1,,-2,,,,,,31
2261,10,2021-01-01 00:00:00,,-1,-1,,-2,,,,,,31
2262,6,2021-01-01 00:00:00,,-1,-1,,-2,,,,,,31
2263,4,2021-01-04 00:00:00,,-1,-1,,-2,,,,,,31
2264,4,2021-01-04 00:00:00,,-1,-1,,-2,,,,,,30
2265,4,2021-01-04 00:00:00,,-1,-1,,-2,,,,,,29
2266,10,2020-05-22 00:00:00,,-1,-1,,-2,,,,,,30
2267,10,2020-06-06 00:00:00,,-1,-1,,-2,,,,,,30
2268,10,2020-05-09 00:00:00,,-1,-1,,-2,,,,,,30
2275,6,2021-01-04 00:00:00,,-1,-1,,-2,,,,,,31
2276,6,2021-01-04 00:00:00,,-1,-1,,-2,,,,,,31
2277,10,2021-01-03 00:00:00,,-1,-1,,-2,,,,,,31
2278,10,2021-01-03 00:00:00,,-1,-1,,-2,,,,,,31
2279,10,2021-01-03 00:00:00,,-1,-1,,-2,,,,,,31
2280,6,2021-01-04 00:00:00,,-1,-1,,-2,,,,,,29
2281,10,2021-01-04 00:00:00,,-1,-1,,-2,,,,,,30
2282,10,2021-01-04 00:00:00,,-1,-1,,-2,,,,,,30
2283,6,2021-01-04 00:00:00,,-1,-1,,-2,,,,,,30
2284,10,2021-01-04 00:00:00,,-1,-1,,-2,,,,,,29
2285,10,2021-01-04 00:00:00,,-1,-1,,-2,,,,,,32
2286,6,2021-01-04 00:00:00,,-1,-1,,-2,,,,,,29
2287,6,2021-01-04 00:00:00,,-1,-1,,-2,,,,,,32
2288,6,2021-01-08 00:00:00,,-1,-1,,-2,,,,,,31
2289,6,2021-01-06 00:00:00,,-1,-1,,-2,,,,,,31
2290,6,2021-01-06 00:00:00,,-1,-1,,-2,,,,,,31
2291,6,2021-01-05 00:00:00,,-1,-1,,-2,,,,,,31
2292,10,2021-01-05 00:00:00,,-1,-1,,-2,,,,,,31
2293,6,2021-01-04 00:00:00,,-1,-1,,-2,,,,,,31
2294,10,2020-12-31 00:00:00,,-1,-1,,-2,,,,,,31
2295,10,2020-12-25 00:00:00,,-1,-1,,-2,,,,,,31
2296,6,2021-01-08 00:00:00,,-1,-1,,-2,,,,,,31
2297,10,2020-12-31 00:00:00,,-1,-1,,-2,,,,,,29
2298,10,2020-12-30 00:00:00,,-1,-1,,-2,,,,,,29
2299,10,2021-01-07 00:00:00,amazon,-1,-1,,-2,,,,,,29
2300,6,2021-01-05 00:00:00,,-1,-1,,-2,,,,,,29
2301,6,2021-01-22 00:00:00,fastag,-1,-1,,-2,,,,,,31
2302,6,2021-01-19 00:00:00,,-1,-1,,-2,,,,,,31
2303,6,2021-01-19 00:00:00,,-1,-1,,-2,,,,,,31
2304,6,2021-01-19 00:00:00,,-1,-1,,-2,,,,,,31
2305,6,2021-01-18 00:00:00,,-1,-1,,-2,,,,,,31
2306,6,2021-01-18 00:00:00,,-1,-1,,-2,,,,,,31
2307,6,2021-01-16 00:00:00,porter,-1,-1,,-2,,,,,,31
2308,10,2021-01-15 00:00:00,,-1,-1,,-2,,,,,,31
2309,10,2021-01-10 00:00:00,mynytra,-1,-1,,-2,,,,,,31
2310,6,2021-01-21 00:00:00,jio unnati,-1,-1,,-2,,,,,,29
2311,6,2021-01-21 00:00:00,ramji madanlal hamper wedding,-1,-1,,-2,,,,,,29
2312,6,2021-01-20 00:00:00,,-1,-1,,-2,,,,,,29
2313,6,2021-01-18 00:00:00,,-1,-1,,-2,,,,,,29
2314,10,2021-01-15 00:00:00,,-1,-1,,-2,,,,,,29
2315,10,2021-01-20 00:00:00,up power,-1,-1,,-2,,,,,,30
2316,10,2021-01-18 00:00:00,,-1,-1,,-2,,,,,,30
2317,10,2021-01-15 00:00:00,,-1,-1,,-2,,,,,,30
2318,10,2021-01-11 00:00:00,,-1,-1,,-2,,,,,,30
2319,6,2021-01-18 00:00:00,,-1,-1,,-2,,,,,,32
2320,10,2021-01-14 00:00:00,,-1,-1,,-2,,,,,,31
2321,10,2021-01-13 00:00:00,hudco,-1,-1,,-2,,,,,,31
2322,10,2021-01-26 00:00:00,,-1,-1,,-2,,,,,,29
2323,10,2021-01-14 00:00:00,,-1,-1,,-2,,,,,,29
2324,10,2021-01-13 00:00:00,hudco,-1,-1,,-2,,,,,,29
2325,10,2020-12-31 00:00:00,,-1,-1,,-2,,,,,,30
2326,10,2021-02-08 00:00:00,,-1,-1,,-2,,,,,hudco,31
2327,10,2021-02-08 00:00:00,hudco,-1,-1,,-2,,,,,,29
2328,10,2021-02-15 00:00:00,gold bond,-1,-1,,-2,,,,,,31
2329,10,2021-02-06 00:00:00,,-1,-1,,-2,,,,,,31
2330,4,2021-02-15 00:00:00,,-1,-1,,-2,,,,,,30
2331,6,2021-02-15 00:00:00,,-1,-1,,-2,,,,,,31
2332,10,2021-02-12 00:00:00,,-1,-1,,-2,,,,,,31
2333,6,2021-02-11 00:00:00,,-1,-1,,-2,,,,,,31
2334,6,2021-02-11 00:00:00,,-1,-1,,-2,,,,,,31
2335,4,2021-02-08 00:00:00,,-1,-1,,-2,,,,,,31
2336,6,2021-02-07 00:00:00,ashit sheth car to nadiad,-1,-1,,-2,,,,,,31
2337,6,2021-02-07 00:00:00,srmd youth fest,-1,-1,,-2,,,,,,31
2338,6,2021-02-05 00:00:00,fastag,-1,-1,,-2,,,,,,31
2339,6,2021-02-04 00:00:00,,-1,-1,,-2,,,,,,31
2340,6,2021-02-04 00:00:00,fastag,-1,-1,,-2,,,,,,31
2341,6,2021-01-29 00:00:00,more tempo,-1,-1,,-2,,,,,,31
2342,10,2021-01-29 00:00:00,irrevocable gift from kajal mehta,-1,-1,,-2,,,,,,31
2343,10,2021-01-27 00:00:00,irrevocable gift from kajal mehta,-1,-1,,-2,,,,,,31
2344,10,2021-01-27 00:00:00,irrevocable gift from kajal mehta,-1,-1,,-2,,,,,,31
2345,4,2021-02-09 00:00:00,,-1,-1,,-2,,,,,,30
2346,4,2021-02-08 00:00:00,,-1,-1,,-2,,,,,,30
2347,6,2021-02-06 00:00:00,irctc tickets,-1,-1,,-2,,,,,,30
2348,10,2021-02-01 00:00:00,rbi bond 1000rs inv,-1,-1,,-2,,,,,,30
2349,6,2021-01-31 00:00:00,to rajesh mehta,-1,-1,,-2,,,,,,30
2350,6,2021-01-31 00:00:00,iron wala,-1,-1,,-2,,,,,,30
2351,6,2021-01-18 00:00:00,hamper marraige,-1,-1,,-2,,,,,,30
2352,10,2021-02-13 00:00:00,dipti r shah,-1,-1,,-2,,,,,,29
2353,10,2021-02-13 00:00:00,rita dhanraj,-1,-1,,-2,,,,,,29
2354,10,2021-02-12 00:00:00,nadini r gandhi,-1,-1,,-2,,,,,,29
2355,10,2021-02-12 00:00:00,sanjeev ram,-1,-1,,-2,,,,,,29
2356,6,2021-02-12 00:00:00,magazine,-1,-1,,-2,,,,,,29
2357,10,2021-02-12 00:00:00,mana,-1,-1,,-2,,,,,,29
2358,10,2021-02-12 00:00:00,heena metal pvt,-1,-1,,-2,,,,,,29
2359,10,2021-02-12 00:00:00,nitisha,-1,-1,,-2,,,,,,29
2360,10,2021-02-12 00:00:00,kshitij,-1,-1,,-2,,,,,,29
2361,10,2021-02-11 00:00:00,chaya mehta,-1,-1,,-2,,,,,,29
2362,4,2021-02-09 00:00:00,,-1,-1,,-2,,,,,,29
2363,6,2021-02-08 00:00:00,,-1,-1,,-2,,,,,,29
2364,4,2021-02-08 00:00:00,,-1,-1,,-2,,,,,,29
2365,6,2021-02-08 00:00:00,,-1,-1,,-2,,,,,,29
2366,6,2021-02-06 00:00:00,,-1,-1,,-2,,,,,,29
2367,6,2021-02-01 00:00:00,khajur pak,-1,-1,,-2,,,,,,29
2368,6,2021-01-27 00:00:00,urvish for food exp marraige,-1,-1,,-2,,,,,,29
2369,10,2021-01-27 00:00:00,,-1,-1,,-2,,,,,,29
2370,6,2021-01-26 00:00:00,nemiji,-1,-1,,-2,,,,,,29
2371,10,2021-02-18 00:00:00,marraige gift,-1,-1,,-2,,,,,,36
2372,4,2021-02-18 00:00:00,,-1,-1,,-2,,,,,,36
2373,4,2021-02-18 00:00:00,,-1,-1,,-2,,,,,,36
2374,10,2021-02-18 00:00:00,gift pramesh shah,-1,-1,,-2,,,,,,36
2375,4,2021-02-25 00:00:00,,-1,-1,,-2,,,,,,36
2376,4,2021-02-19 00:00:00,,-1,-1,,-2,,,,,,36
2377,6,2021-02-21 00:00:00,,-1,-1,,-2,,,,,,29
2378,6,2021-02-20 00:00:00,,-1,-1,,-2,,,,,,29
2379,10,2021-02-18 00:00:00,svs,-1,-1,,-2,,,,,,29
2380,6,2021-02-18 00:00:00,,-1,-1,,-2,,,,,,29
2382,4,2021-02-25 00:00:00,,-1,-1,,-2,,,,,,31
2384,4,2021-02-19 00:00:00,,-1,-1,,-2,,,,,,31
2385,6,2021-02-19 00:00:00,,-1,-1,,-2,,,,,,31
2386,10,2021-02-18 00:00:00,marraige gift,-1,-1,,-2,,,,,,31
2388,6,2021-02-25 00:00:00,porter,-1,-1,,-2,,,,,,30
2389,6,2021-02-22 00:00:00,porter,-1,-1,,-2,,,,,,30
2390,10,2021-02-20 00:00:00,,-1,-1,,-2,,,,,,30
2391,10,2021-02-19 00:00:00,,-1,-1,,-2,,,,,,30
2392,4,2021-02-19 00:00:00,,-1,-1,,-2,,,,,,30
2393,6,2021-02-17 00:00:00,gift to krisha,-1,-1,,-2,,,,,,30
2394,4,2021-02-18 00:00:00,,-1,-1,,-2,,,,,,30
2395,6,2021-02-18 00:00:00,,-1,-1,,-2,,,,,,30
2396,10,2021-02-18 00:00:00,,-1,-1,,-2,,,,,,32
2397,6,2021-02-18 00:00:00,,-1,-1,,-2,,,,,,32
2398,10,2021-02-06 00:00:00,,-1,-1,,-2,,,,,,32
2399,6,2020-12-28 00:00:00,,-1,-1,,-2,,,,,,32
2400,10,2021-02-13 00:00:00,,-1,-1,,-2,,,,,,30
2401,10,2021-02-13 00:00:00,,-1,-1,,-2,,,,,,30
2402,10,2021-02-13 00:00:00,,-1,-1,,-2,,,,,,30
2403,10,2021-02-12 00:00:00,,-1,-1,,-2,,,,,,30
2404,10,2021-02-08 00:00:00,hudco,-1,-1,,-2,,,,,,30
2405,10,2021-01-12 00:00:00,,-1,-1,,-2,,,,,,30
2409,10,2018-10-01 00:00:00,,-1,-1,,-2,,,,,,36
2410,4,2019-03-31 00:00:00,Year end JV to tranfer to capital account,-1,-1,,-2,,,,,,36
2413,6,2021-02-25 00:00:00,,-1,-1,,-2,,,,,,29
2418,10,2021-03-09 00:00:00,,-1,-1,,-2,,,,,,30
2419,10,2021-03-09 00:00:00,,-1,-1,,-2,,,,,,30
2420,10,2021-03-09 00:00:00,,-1,-1,,-2,,,,,,30
2421,10,2021-03-09 00:00:00,,-1,-1,,-2,,,,,,30
2422,10,2021-03-12 00:00:00,income tax refund for fy 19-20,-1,-1,,-2,,,,,,30
2423,6,2021-03-04 00:00:00,,-1,-1,,-2,,,,,,30
2424,6,2021-03-13 00:00:00,advance income tax for 20-21,-1,-1,,-2,,,,,,31
2425,6,2021-03-13 00:00:00,advance income tax for fy 20-21,-1,-1,,-2,,,,,,29
2426,4,2021-02-27 00:00:00,,-1,-1,,-2,,,,,,30
2427,6,2021-03-01 00:00:00,,-1,-1,,-2,,,,,,30
2428,6,2021-03-04 00:00:00,PORTER,-1,-1,,-2,,,,,,30
2429,4,2021-03-08 00:00:00,,-1,-1,,-2,,,,,,30
2430,4,2021-03-09 00:00:00,,-1,-1,,-2,,,,,,30
2431,6,2021-03-08 00:00:00,TATA AIA LIFE,-1,-1,,-2,,,,,,30
2432,4,2021-03-09 00:00:00,,-1,-1,,-2,,,,,,30
2433,4,2021-03-14 00:00:00,,-1,-1,,-2,,,,,,30
2434,6,2021-03-14 00:00:00,,-1,-1,,-2,,,,,,30
2435,4,2021-03-14 00:00:00,,-1,-1,,-2,,,,,,30
2436,4,2021-03-15 00:00:00,,-1,-1,,-2,,,,,,30
2437,6,2021-02-27 00:00:00,,-1,-1,,-2,,,,,,30
2438,6,2021-03-17 00:00:00,,-1,-1,,-2,,,,,,31
2439,4,2021-03-15 00:00:00,,-1,-1,,-2,,,,,,31
2440,4,2021-03-14 00:00:00,,-1,-1,,-2,,,,,,31
2441,10,2021-03-12 00:00:00,,-1,-1,,-2,,,,,,31
2442,4,2021-03-09 00:00:00,,-1,-1,,-2,,,,,,31
2443,4,2021-03-09 00:00:00,,-1,-1,,-2,,,,,,31
2444,4,2021-03-04 00:00:00,,-1,-1,,-2,,,,,,31
2446,6,2021-02-25 00:00:00,,-1,-1,,-2,,,,,,31
2447,10,2021-02-27 00:00:00,,-1,-1,,-2,,,,,,31
2448,6,2021-02-27 00:00:00,,-1,-1,,-2,,,,,,31
2449,6,2021-02-27 00:00:00,KHAJOOR PAK,-1,-1,,-2,,,,,,31
2450,4,2021-02-28 00:00:00,,-1,-1,,-2,,,,,,31
2451,6,2021-02-28 00:00:00,ASHIT SHETH CAR,-1,-1,,-2,,,,,,31
2452,6,2021-03-31 00:00:00,DIFFERENCE,-1,-1,,-2,,,,,,30
2453,6,2021-02-26 00:00:00,CREDIT CARD BILL,-1,-1,,-2,,,,,,31
2454,6,2021-03-20 00:00:00,,-1,-1,,-2,,,,,,29
2455,4,2021-03-17 00:00:00,,-1,-1,,-2,,,,,,29
2456,6,2021-03-17 00:00:00,,-1,-1,,-2,,,,,,29
2457,4,2021-03-15 00:00:00,,-1,-1,,-2,,,,,,29
2458,6,2021-03-15 00:00:00,,-1,-1,,-2,,,,,,29
2459,6,2021-03-14 00:00:00,,-1,-1,,-2,,,,,,29
2460,10,2021-03-12 00:00:00,,-1,-1,,-2,,,,,,29
2461,6,2021-03-18 00:00:00,,-1,-1,,-2,,,,,,29
2462,6,2021-03-18 00:00:00,,-1,-1,,-2,,,,,,31
2463,6,2021-02-27 00:00:00,,-1,-1,,-2,,,,,,29
2464,10,2021-03-03 00:00:00,,-1,-1,,-2,,,,,,29
2465,4,2021-03-09 00:00:00,,-1,-1,,-2,,,,,,29
2466,6,2021-03-03 00:00:00,,-1,-1,,-2,,,,,,29
2467,6,2021-03-14 00:00:00,,-1,-1,,-2,,,,,,29
2468,6,2021-03-17 00:00:00,,-1,-1,,-2,,,,,,32
2469,6,2021-03-03 00:00:00,,-1,-1,,-2,,,,,,32
2470,10,2021-03-03 00:00:00,,-1,-1,,-2,,,,,,32
2471,10,2021-03-14 00:00:00,irrevable gift,-1,-1,,-2,,,,,,36
2472,10,2021-03-14 00:00:00,irrevocable gift,-1,-1,,-2,,,,,,36
2473,10,2021-02-25 00:00:00,cams,-1,-1,,-2,,,,,,36
2474,10,2021-03-14 00:00:00,,-1,-1,,-2,,,,,,36
2475,10,2021-03-14 00:00:00,,-1,-1,,-2,,,,,,36
2476,4,2021-03-14 00:00:00,,-1,-1,,-2,,,,,,30
2477,6,2021-03-14 00:00:00,,-1,-1,,-2,,,,,,30
2478,10,2021-01-11 00:00:00,,-1,-1,,-2,,,,,,31
2479,10,2021-02-08 00:00:00,,-1,-1,,-2,,,,,,31
2480,6,2021-02-09 00:00:00,prs mobile purchased from pack,-1,-1,,-2,,,,,,30
2481,10,2020-12-25 00:00:00,,-1,-1,,-2,,,,,,30
2484,6,2021-03-17 00:00:00,laptop purchased from pack,-1,-1,,-2,,,,,,29
2485,6,2021-03-18 00:00:00,,-1,-1,,-2,,,,,,29
2486,10,2021-03-18 00:00:00,recd from pack,-1,-1,,-2,,,,,,30
2487,10,2021-03-18 00:00:00,recd from pack,-1,-1,,-2,,,,,,30
2489,10,2021-03-18 00:00:00,gst for nov,-1,-1,,-2,,,,,,29
2491,6,2021-03-18 00:00:00,,-1,-1,,-2,,,,,,30
2492,10,2021-03-18 00:00:00,,-1,-1,,-2,,,,,,31
2493,6,2021-03-18 00:00:00,,-1,-1,,-2,,,,,,30
2494,10,2021-03-18 00:00:00,,-1,-1,,-2,,,,,,29
2495,10,2021-03-18 00:00:00,,-1,-1,,-2,,,,,,31
2496,6,2021-03-18 00:00:00,,-1,-1,,-2,,,,,,32
2497,10,2021-03-18 00:00:00,,-1,-1,,-2,,,,,,30
2498,6,2021-03-18 00:00:00,,-1,-1,,-2,,,,,,30
2499,4,2021-03-17 00:00:00,laptop cash,-1,-1,,-2,,,,,,29
2500,6,2021-03-16 00:00:00,electric kettle vijay sales billed in Printers,-1,-1,,-2,,,,,,31
2501,10,2021-03-19 00:00:00,electric kettle recd from printers,-1,-1,,-2,,,,,,31
2502,10,2021-02-18 00:00:00,,-1,-1,,-2,,,,,,31
2503,6,2021-02-16 00:00:00,loan to mahesh,-1,-1,,-2,,,,,,31
2504,6,2021-03-19 00:00:00,,-1,-1,,-2,,,,,,31
2505,10,2021-03-19 00:00:00,mahesh contra,-1,-1,,-2,,,,,,31
2506,10,2021-03-19 00:00:00,akshit,-1,-1,,-2,,,,,,31
2507,10,2021-03-20 00:00:00,,-1,-1,,-2,,,,,,30
2508,10,2021-03-20 00:00:00,,-1,-1,,-2,,,,,,30
2509,6,2021-03-20 00:00:00,gift to kss,-1,-1,,-2,,,,,,29
2510,10,2021-03-20 00:00:00,,-1,-1,,-2,,,,,,36
2511,6,2021-03-14 00:00:00,aadhar name change,-1,-1,,-2,,,,,,36
2512,4,2021-03-20 00:00:00,,-1,-1,,-2,,,,,,36
2513,10,2020-08-22 00:00:00,bal as on 22/3/21,-1,-1,,-2,,,,,,36
2515,4,2021-03-31 00:00:00,FY 20-21 income,-1,-1,,-2,,,,,,36
2516,6,2021-03-22 00:00:00,,-1,-1,,-2,,,,,,30
2517,10,2021-03-22 00:00:00,,-1,-1,,-2,,,,,,30
2518,6,2021-03-22 00:00:00,,-1,-1,,-2,,,,,,30
2520,6,2021-02-21 00:00:00,gst,-1,-1,,-2,,,,,,30
2521,6,2021-03-20 00:00:00,,-1,-1,,-2,,,,,,32
2522,10,2021-02-22 00:00:00,,-1,-1,,-2,,,,,,32
2525,6,2021-03-22 00:00:00,,-1,-1,,-2,,,,,,29
2528,10,2021-03-18 00:00:00,,-1,-1,,-2,,,,,,29
2529,6,2021-03-21 00:00:00,fastag,-1,-1,,-2,,,,,,31
2530,6,2021-03-20 00:00:00,,-1,-1,,-2,,,,,,31
2531,6,2021-03-20 00:00:00,,-1,-1,,-2,,,,,,31
2532,4,2021-03-20 00:00:00,,-1,-1,,-2,,,,,,30
2533,4,2021-03-20 00:00:00,,-1,-1,,-2,,,,,,29
2534,4,2021-02-18 00:00:00,,-1,-1,,-2,,,,,,31
2535,4,2021-02-25 00:00:00,,-1,-1,,-2,,,,,,29
2539,10,2021-03-23 00:00:00,NABARD,-1,-1,,-2,,,,,,31
2540,4,2021-03-23 00:00:00,,-1,-1,,-2,,,,,,31
2541,10,2021-03-23 00:00:00,NABARD,-1,-1,,-2,,,,,,29
2542,4,2021-03-23 00:00:00,,-1,-1,,-2,,,,,,29
2543,10,2021-03-23 00:00:00,NABARD,-1,-1,,-2,,,,,,32
2545,4,2021-03-23 00:00:00,,-1,-1,,-2,,,,,,30
2546,4,2020-11-27 00:00:00,,-1,-1,,-2,,,,,,30
2547,4,2020-11-27 00:00:00,,-1,-1,,-2,,,,,,30
2548,4,2020-11-27 00:00:00,,-1,-1,,-2,,,,,,30
2549,4,2020-04-01 00:00:00,,-1,-1,,-2,,,,,,30
2550,4,2021-03-23 00:00:00,,-1,-1,,-2,,,,,,31
2551,4,2021-03-21 00:00:00,,-1,-1,,-2,,,,,,31
2552,4,2021-03-21 00:00:00,,-1,-1,,-2,,,,,,31
2553,4,2021-03-21 00:00:00,reversal od stt,-1,-1,,-2,,,,,,31
2554,4,2021-03-21 00:00:00,,-1,-1,,-2,,,,,,29
2555,6,2021-03-23 00:00:00,,-1,-1,,-2,,,,,,29
2556,10,2021-03-22 00:00:00,,-1,-1,,-2,,,,,,32
2557,4,2021-03-31 00:00:00,,-1,-1,,-2,,,,,,29
2558,4,2020-05-12 00:00:00,excess stt,-1,-1,,-2,,,,,,29
2559,4,2020-06-20 00:00:00,excess stt,-1,-1,,-2,,,,,,29
2560,6,2020-06-23 00:00:00,,-1,-1,,-2,,,,,,30
2561,4,2021-03-25 00:00:00,,-1,-1,,-2,,,,,,30
2562,6,2021-03-25 00:00:00,,-1,-1,,-2,,,,,,30
2563,10,2021-03-25 00:00:00,nabard,-1,-1,,-2,,,,,,29
2564,10,2021-03-24 00:00:00,refund FY 19-20,-1,-1,,-2,,,,,,32
2565,6,2021-03-17 00:00:00,,-1,-1,,-2,,,,,,32
2566,10,2021-03-25 00:00:00,,-1,-1,,-2,,,,,,30
2567,4,2021-02-21 00:00:00,,-1,-1,,-2,,,,,,30
2569,10,2021-02-21 00:00:00,,-1,-1,,-2,,,,,,30
2570,6,2021-03-25 00:00:00,,-1,-1,,-2,,,,,,32
2571,4,2021-03-25 00:00:00,,-1,-1,,-2,,,,,,32
2572,6,2021-03-25 00:00:00,,-1,-1,,-2,,,,,,32
2573,6,2021-03-26 00:00:00,40000+10000,-1,-1,,-2,,,,,,30
2574,4,2021-03-26 00:00:00,,-1,-1,,-2,,,,,,30
2575,6,2021-03-26 00:00:00,,-1,-1,,-2,,,,,,29
2576,10,2021-03-26 00:00:00,URVISH CASH RETURN,-1,-1,,-2,,,,,,31
2578,10,2021-03-26 00:00:00,,-1,-1,,-2,,,,,,30
2579,10,2021-03-26 00:00:00,,-1,-1,,-2,,,,,,32
2580,6,2021-03-26 00:00:00,contea direct pay to pramera,-1,-1,,-2,,,,,,32
2581,6,2021-03-26 00:00:00,,-1,-1,,-2,,,,,,32
2582,10,2021-03-26 00:00:00,,-1,-1,,-2,,,,,,30
2583,6,2021-03-26 00:00:00,,-1,-1,,-2,,,,,,30
2584,10,2021-03-28 00:00:00,,-1,-1,,-2,,,,,,36
2585,10,2021-03-28 00:00:00,,-1,-1,,-2,,,,,,36
2586,4,2021-03-31 00:00:00,irrivocable gift,-1,-1,,-2,,,,,,36
2587,6,2021-03-26 00:00:00,,-1,-1,,-2,,,,,,29
2589,6,2021-03-26 00:00:00,,-1,-1,,-2,,,,,,31
2590,10,2021-03-23 00:00:00,nabard,-1,-1,,-2,,,,,,31
2591,6,2021-03-23 00:00:00,dpur stay and food,-1,-1,,-2,,,,,,31
2592,6,2021-03-23 00:00:00,phone purchased from enterprise,-1,-1,,-2,,,,,,31
2593,6,2021-03-28 00:00:00,amazon,-1,-1,,-2,,,,,,31
2594,10,2021-03-25 00:00:00,,-1,-1,,-2,,,,,,31
2595,10,2021-03-25 00:00:00,,-1,-1,,-2,,,,,,29
2596,6,2021-03-22 00:00:00,pan card,-1,-1,,-2,,,,,,36
2597,10,2021-03-31 00:00:00,difference,-1,-1,,-2,,,,,,31
2598,10,2021-03-27 00:00:00,workshop,-1,-1,,-2,,,,,,36
2599,6,2021-03-26 00:00:00,vodafone,-1,-1,,-2,,,,,,36
2600,6,2021-03-22 00:00:00,aadhar,-1,-1,,-2,,,,,,36
2601,10,2021-03-29 00:00:00,,-1,-1,,-2,,,,,,36
2603,4,2021-03-29 00:00:00,gift,-1,-1,,-2,,,,,,36
2604,4,2021-02-18 00:00:00,marraige gift tr to capital,-1,-1,,-2,,,,,,36
2605,10,2019-04-01 00:00:00,,-1,-1,,-2,,,,,,36
2606,10,2020-04-01 00:00:00,,-1,-1,,-2,,,,,,36
2607,4,2020-03-31 00:00:00,,-1,-1,,-2,,,,,,36
2608,4,2021-03-31 00:00:00,irrevocable gift given,-1,-1,,-2,,,,,,30
2609,4,2021-03-31 00:00:00,irrevocable git to krisha,-1,-1,,-2,,,,,,29
2610,10,2020-05-27 00:00:00,brokerage,-1,-1,,-2,,,,,,31
2611,6,2021-03-30 00:00:00,,-1,-1,,-2,,,,,,31
2612,10,2021-03-30 00:00:00,,-1,-1,,-2,,,,,,31
2613,6,2021-02-04 00:00:00,locker,-1,-1,,-2,,,,,,30
2614,6,2021-03-31 00:00:00,,-1,-1,,-2,,,,,,30
2615,10,2021-03-31 00:00:00,,-1,-1,,-2,,,,,,30
2616,6,2021-03-31 00:00:00,,-1,-1,,-2,,,,,,30
2617,10,2021-03-31 00:00:00,,-1,-1,,-2,,,,,,30
2618,6,2021-03-31 00:00:00,,-1,-1,,-2,,,,,,29
2619,10,2021-03-31 00:00:00,,-1,-1,,-2,,,,,,29
2620,10,2021-03-31 00:00:00,,-1,-1,,-2,,,,,,30
2621,10,2021-03-30 00:00:00,,-1,-1,,-2,,,,,,30
2622,6,2021-03-30 00:00:00,,-1,-1,,-2,,,,,,30
2623,4,2021-03-30 00:00:00,,-1,-1,,-2,,,,,,30
2624,6,2021-03-30 00:00:00,50000+55000,-1,-1,,-2,,,,,,29
2625,6,2021-03-30 00:00:00,,-1,-1,,-2,,,,,,29
2626,10,2021-03-31 00:00:00,,-1,-1,,-2,,,,,,31
2627,10,2021-03-31 00:00:00,,-1,-1,,-2,,,,,,29
2628,10,2021-03-31 00:00:00,,-1,-1,,-2,,,,,,30
2629,10,2021-03-31 00:00:00,,-1,-1,,-2,,,,,,36
2630,10,2021-03-31 00:00:00,,-1,-1,,-2,,,,,,36
2631,10,2021-03-31 00:00:00,,-1,-1,,-2,,,,,,30
2632,10,2021-03-31 00:00:00,,-1,-1,,-2,,,,,,32
2633,6,2021-03-28 00:00:00,,-1,-1,,-2,,,,,,29
2634,10,2021-03-31 00:00:00,,-1,-1,,-2,,,,,,31
2635,4,2021-04-02 00:00:00,,-1,-1,,-2,,,,,,30
2636,4,2021-04-02 00:00:00,,-1,-1,,-2,,,,,,31
2637,4,2021-04-02 00:00:00,,-1,-1,,-2,,,,,,30
2638,4,2021-04-02 00:00:00,,-1,-1,,-2,,,,,,30
2639,6,2021-03-31 00:00:00,,-1,-1,,-2,,,,,,30
2640,6,2021-03-28 00:00:00,,-1,-1,,-2,,,,,,30
2641,4,2021-04-02 00:00:00,,-1,-1,,-2,,,,,,29
2642,4,2021-04-02 00:00:00,,-1,-1,,-2,,,,,,29
2643,6,2021-04-01 00:00:00,,-1,-1,,-2,,,,,,29
2646,4,2021-03-31 00:00:00,profit for fy 20-21,-1,-1,,-2,,,,,,32
2647,4,2021-03-31 00:00:00,Year end JV to tranfer to capital account,-1,-1,,-2,,,,,,32
2648,4,2021-03-31 00:00:00,Year end JV to tranfer to capital account,-1,-1,,-2,,,,,,32
2649,4,2021-03-31 00:00:00,Year end JV to tranfer to capital account,-1,-1,,-2,,,,,,32
2650,4,2021-03-31 00:00:00,Year end JV to tranfer to capital account,-1,-1,,-2,,,,,,32
2651,4,2021-03-31 00:00:00,Year end JV to tranfer to capital account,-1,-1,,-2,,,,,,32
2652,4,2021-03-31 00:00:00,Year end JV to tranfer to capital account,-1,-1,,-2,,,,,,32
2653,4,2021-03-31 00:00:00,Year end JV to tranfer to capital account,-1,-1,,-2,,,,,,32
2654,4,2021-03-31 00:00:00,,-1,-1,,-2,,,,,,31
2655,6,2021-03-31 00:00:00,,-1,-1,,-2,,,,,,31
2656,4,2021-03-31 00:00:00,,-1,-1,,-2,,,,,,31
2657,4,2021-03-31 00:00:00,,-1,-1,,-2,,,,,,31
2658,4,2021-04-01 00:00:00,dp and other exp,-1,-1,,-2,,,,,,31
2659,4,2021-03-31 00:00:00,Year end JV to tranfer to capital account,-1,-1,,-2,,,,,,31
2660,4,2021-03-31 00:00:00,Year end JV to tranfer to capital account,-1,-1,,-2,,,,,,31
2661,4,2021-03-31 00:00:00,Year end JV to tranfer to capital account,-1,-1,,-2,,,,,,31
2662,4,2021-03-31 00:00:00,Year end JV to tranfer to capital account,-1,-1,,-2,,,,,,31
2663,4,2021-03-31 00:00:00,Year end JV to tranfer to capital account,-1,-1,,-2,,,,,,31
2664,4,2021-03-31 00:00:00,Year end JV to tranfer to capital account,-1,-1,,-2,,,,,,31
2665,4,2021-03-31 00:00:00,Year end JV to tranfer to capital account,-1,-1,,-2,,,,,,31
2666,4,2021-03-31 00:00:00,Year end JV to tranfer to capital account,-1,-1,,-2,,,,,,31
2667,4,2021-03-31 00:00:00,Year end JV to tranfer to capital account,-1,-1,,-2,,,,,,31
2668,4,2021-03-31 00:00:00,Year end JV to tranfer to capital account,-1,-1,,-2,,,,,,31
2670,4,2021-03-31 00:00:00,Year end JV to tranfer to capital account,-1,-1,,-2,,,,,,31
2671,4,2021-03-31 00:00:00,Year end JV to tranfer to capital account,-1,-1,,-2,,,,,,31
2672,4,2021-03-31 00:00:00,Year end JV to tranfer to capital account,-1,-1,,-2,,,,,,31
2673,4,2021-03-31 00:00:00,Year end JV to tranfer to capital account,-1,-1,,-2,,,,,,31
2674,4,2021-03-31 00:00:00,Year end JV to tranfer to capital account,-1,-1,,-2,,,,,,31
2675,4,2021-03-31 00:00:00,Year end JV to tranfer to capital account,-1,-1,,-2,,,,,,31
2676,4,2021-03-31 00:00:00,Year end JV to tranfer to capital account,-1,-1,,-2,,,,,,31
2677,4,2021-03-31 00:00:00,Year end JV to tranfer to capital account,-1,-1,,-2,,,,,,31
2678,4,2021-03-31 00:00:00,Year end JV to tranfer to capital account,-1,-1,,-2,,,,,,31
2679,4,2021-03-31 00:00:00,Year end JV to tranfer to capital account,-1,-1,,-2,,,,,,31
2680,4,2021-03-31 00:00:00,Year end JV to tranfer to capital account,-1,-1,,-2,,,,,,31
2681,6,2021-01-29 00:00:00,,-1,-1,,-2,,,,,,31
2682,4,2021-03-31 00:00:00,Year end JV to tranfer to capital account,-1,-1,,-2,,,,,,31
2683,4,2021-03-31 00:00:00,,-1,-1,,-2,,,,,,30
2684,4,2021-03-31 00:00:00,,-1,-1,,-2,,,,,,29
2685,4,2021-03-31 00:00:00,,-1,-1,,-2,,,,,,29
2686,6,2021-04-03 00:00:00,ASHIT SHETH,-1,-1,,-2,,,,,,31
2687,6,2021-04-05 00:00:00,ASHIT SHETH,-1,-1,,-2,,,,,,31
2688,10,2021-04-07 00:00:00,PAYTM,-1,-1,,-2,,,,,,31
2689,6,2021-04-15 00:00:00,,-1,-1,,-2,,,,,,31
2690,6,2021-04-20 00:00:00,,-1,-1,,-2,,,,,,31
2691,6,2021-04-29 00:00:00,,-1,-1,,-2,,,,,,31
2692,6,2021-04-29 00:00:00,,-1,-1,,-2,,,,,,31
2693,6,2021-04-30 00:00:00,INSTAGRAM PROMOTION,-1,-1,,-2,,,,,,31
2694,10,2021-04-03 00:00:00,,-1,-1,,-2,,,,,,31
2695,6,2021-05-03 00:00:00,"RADHA GIFT 
APOLLO MEDICINE",-1,-1,,-2,,,,,,31
2700,10,2021-04-10 00:00:00,,-1,-1,,-2,,,,,,29
2701,6,2021-04-30 00:00:00,MAGAZINE,-1,-1,,-2,,,,,,29
2702,6,2021-04-30 00:00:00,,-1,-1,,-2,,,,,,29
2703,6,2021-04-22 00:00:00,SRMD,-1,-1,,-2,,,,,,29
2704,6,2021-04-22 00:00:00,,-1,-1,,-2,,,,,,29
2705,6,2021-04-20 00:00:00,,-1,-1,,-2,,,,,,29
2706,10,2021-04-20 00:00:00,,-1,-1,,-2,,,,,,29
2707,6,2021-04-17 00:00:00,SHIKHAR,-1,-1,,-2,,,,,,29
2708,6,2021-04-15 00:00:00,,-1,-1,,-2,,,,,,29
2709,6,2021-04-15 00:00:00,,-1,-1,,-2,,,,,,29
2710,6,2021-04-12 00:00:00,,-1,-1,,-2,,,,,,29
2711,6,2021-04-07 00:00:00,,-1,-1,,-2,,,,,,29
2712,6,2021-04-08 00:00:00,,-1,-1,,-2,,,,,,29
2713,6,2021-04-08 00:00:00,JIO,-1,-1,,-2,,,,,,29
2715,10,2021-03-31 00:00:00,,-1,-1,,-2,,,,,,29
2716,6,2021-03-17 00:00:00,,-1,-1,,-2,,,,,,29
2717,10,2021-04-12 00:00:00,,-1,-1,,-2,,,,,,32
2718,6,2021-04-12 00:00:00,,-1,-1,,-2,,,,,,32
2719,6,2021-04-07 00:00:00,,-1,-1,,-2,,,,,,30
2720,4,2021-04-07 00:00:00,,-1,-1,,-2,,,,,,30
2721,4,2021-04-08 00:00:00,,-1,-1,,-2,,,,,,30
2722,6,2021-04-08 00:00:00,,-1,-1,,-2,,,,,,30
2723,10,2021-04-08 00:00:00,,-1,-1,,-2,,,,,,30
2724,10,2021-04-10 00:00:00,,-1,-1,,-2,,,,,,30
2725,6,2021-04-12 00:00:00,,-1,-1,,-2,,,,,,30
2726,6,2021-04-13 00:00:00,,-1,-1,,-2,,,,,,30
2727,6,2021-04-13 00:00:00,,-1,-1,,-2,,,,,,30
2728,10,2021-04-20 00:00:00,UPPCL INTEREST,-1,-1,,-2,,,,,,30
2729,6,2021-04-21 00:00:00,,-1,-1,,-2,,,,,,30
2730,6,2021-04-22 00:00:00,,-1,-1,,-2,,,,,,30
2731,6,2021-04-23 00:00:00,,-1,-1,,-2,,,,,,30
2733,6,2021-04-07 00:00:00,"tel,exp reliance",-1,-1,,-2,,,,,,30
2734,10,2021-04-11 00:00:00,laxmi,-1,-1,,-2,,,,,,36
2735,10,2021-04-14 00:00:00,rechards,-1,-1,,-2,,,,,,36
2736,4,2021-03-31 00:00:00,,-1,-1,,-2,,,,,,36
2737,10,2021-04-26 00:00:00,,-1,-1,,-2,,,,,,36
2739,10,2021-04-29 00:00:00,,-1,-1,,-2,,,,,nch,36
2740,6,2021-04-05 00:00:00,,-1,-1,,-2,,,,,,36
2741,6,2021-04-29 00:00:00,,-1,-1,,-2,,,,,,36
2742,6,2021-04-01 00:00:00,account opening,-1,-1,,-2,,,,,,36
2744,4,2021-03-31 00:00:00,Year end JV to tranfer to capital account,-1,-1,,-2,,,,,,30
2745,4,2021-03-31 00:00:00,Year end JV to tranfer to capital account,-1,-1,,-2,,,,,,30
2746,4,2021-03-31 00:00:00,Year end JV to tranfer to capital account,-1,-1,,-2,,,,,,30
2747,4,2021-03-31 00:00:00,Year end JV to tranfer to capital account,-1,-1,,-2,,,,,,30
2748,4,2021-03-31 00:00:00,Year end JV to tranfer to capital account,-1,-1,,-2,,,,,,30
2749,4,2021-03-31 00:00:00,Year end JV to tranfer to capital account,-1,-1,,-2,,,,,,30
2750,4,2021-03-31 00:00:00,Year end JV to tranfer to capital account,-1,-1,,-2,,,,,,30
2751,4,2021-03-31 00:00:00,Year end JV to tranfer to capital account,-1,-1,,-2,,,,,,30
2752,4,2021-03-31 00:00:00,Year end JV to tranfer to capital account,-1,-1,,-2,,,,,,30
2753,4,2021-03-31 00:00:00,Year end JV to tranfer to capital account,-1,-1,,-2,,,,,,30
2754,4,2021-03-31 00:00:00,Year end JV to tranfer to capital account,-1,-1,,-2,,,,,,30
2755,4,2021-03-31 00:00:00,Year end JV to tranfer to capital account,-1,-1,,-2,,,,,,30
2756,4,2021-03-31 00:00:00,Year end JV to tranfer to capital account,-1,-1,,-2,,,,,,30
2757,4,2021-03-31 00:00:00,Year end JV to tranfer to capital account,-1,-1,,-2,,,,,,30
2758,4,2021-03-31 00:00:00,Year end JV to tranfer to capital account,-1,-1,,-2,,,,,,30
2759,4,2021-03-31 00:00:00,Year end JV to tranfer to capital account,-1,-1,,-2,,,,,,30
2760,4,2021-03-31 00:00:00,Year end JV to tranfer to capital account,-1,-1,,-2,,,,,,30
2761,4,2021-03-31 00:00:00,Year end JV to tranfer to capital account,-1,-1,,-2,,,,,,30
2762,4,2021-03-31 00:00:00,Year end JV to tranfer to capital account,-1,-1,,-2,,,,,,30
2763,4,2021-03-31 00:00:00,Year end JV to tranfer to capital account,-1,-1,,-2,,,,,,30
2764,4,2021-03-31 00:00:00,Year end JV to tranfer to capital account,-1,-1,,-2,,,,,,29
2765,4,2021-03-31 00:00:00,Year end JV to tranfer to capital account,-1,-1,,-2,,,,,,29
2766,4,2021-03-31 00:00:00,Year end JV to tranfer to capital account,-1,-1,,-2,,,,,,29
2767,4,2021-03-31 00:00:00,Year end JV to tranfer to capital account,-1,-1,,-2,,,,,,29
2768,4,2021-03-31 00:00:00,Year end JV to tranfer to capital account,-1,-1,,-2,,,,,,29
2769,4,2021-03-31 00:00:00,Year end JV to tranfer to capital account,-1,-1,,-2,,,,,,29
2770,4,2021-03-31 00:00:00,Year end JV to tranfer to capital account,-1,-1,,-2,,,,,,29
2771,4,2021-03-31 00:00:00,Year end JV to tranfer to capital account,-1,-1,,-2,,,,,,29
2772,4,2021-03-31 00:00:00,Year end JV to tranfer to capital account,-1,-1,,-2,,,,,,29
2773,4,2021-03-31 00:00:00,Year end JV to tranfer to capital account,-1,-1,,-2,,,,,,29
2774,4,2021-03-31 00:00:00,Year end JV to tranfer to capital account,-1,-1,,-2,,,,,,29
2775,4,2021-03-31 00:00:00,Year end JV to tranfer to capital account,-1,-1,,-2,,,,,,29
2776,4,2021-03-31 00:00:00,Year end JV to tranfer to capital account,-1,-1,,-2,,,,,,29
2777,4,2021-03-31 00:00:00,Year end JV to tranfer to capital account,-1,-1,,-2,,,,,,29
2778,4,2021-03-31 00:00:00,Year end JV to tranfer to capital account,-1,-1,,-2,,,,,,29
2779,4,2021-03-31 00:00:00,Year end JV to tranfer to capital account,-1,-1,,-2,,,,,,29
2780,4,2021-03-31 00:00:00,Year end JV to tranfer to capital account,-1,-1,,-2,,,,,,29
2781,4,2021-03-31 00:00:00,Year end JV to tranfer to capital account,-1,-1,,-2,,,,,,29
2782,10,2021-05-14 00:00:00,Received from Hypt XX0003 IMPSPAYTMPAYME,-1,-1,,-2,,,,716,,31
2783,10,2021-05-14 00:00:00,Received from CASH XX3173 IMPS YBL,-1,-1,,-2,,,,717,,31
2786,6,2021-05-18 00:00:00,coin dcx                               Ref 113815685980,-1,-1,,-2,,,,720,,31
2787,6,2021-05-22 00:00:00,FASTAG AUTOTOPUP- 101127-221721197933540001720377,-1,-1,,-2,,,,721,,31
2788,10,2021-05-24 00:00:00,Received from MYNT XX9002 IMPS HSB,-1,-1,,-2,,,,722,,31
2789,10,2021-05-24 00:00:00,Received from MYNT XX9002 IMPS HSB,-1,-1,,-2,,,,723,,31
2790,10,2021-05-24 00:00:00,Received from MYNT XX9002 IMPS HSB,-1,-1,,-2,,,,724,,31
2791,6,2021-05-26 00:00:00,MB:PRINTERS K,-1,-1,,-2,,,,725,,31
2792,6,2021-05-28 00:00:00,MB:PRINT,-1,-1,,-2,,,,726,,31
2793,6,2021-05-29 00:00:00,FASTAG AUTOTOPUP- 101127-291430156577540001720377,-1,-1,,-2,,,,727,,31
2794,10,2021-05-30 00:00:00,MB:RECEIVED MONEY FROM CREATIVEPRINTE 5013215984,-1,-1,,-2,,,,728,,31
2795,10,2021-05-31 00:00:00,MB:RECEIVED MONEY FROM CREATIVEPRINTE 5013215984,-1,-1,,-2,,,,729,,31
2796,6,2021-05-31 00:00:00,MB:PRINTERS K,-1,-1,,-2,,,,730,,31
2797,6,2021-05-31 00:00:00,PCD/7692/Facebook IndiaOnline/Gurgaon310521/19:01,-1,-1,,-2,,,,731,krisha instagram,31
2799,6,2021-06-02 00:00:00,FASTAG AUTOTOPUP- 101127-021520081144540001720377,-1,-1,,-2,,,,733,,31
2806,10,2021-04-15 00:00:00,Received from NEXT XX4613 IMPS AXB,-1,-1,,-2,,,,740,,30
2807,10,2021-04-21 00:00:00,MB:RECEIVED MONEY FROM CREATIVEENTERP 5013414721,-1,-1,,-2,,,,741,,30
2808,6,2021-04-21 00:00:00,MB TO PRS SBI                                  Ref 111113838714,-1,-1,,-2,,,,742,,30
2809,6,2021-05-12 00:00:00,MB:ENTERK,-1,-1,,-2,,,,743,,30
2810,6,2021-05-24 00:00:00,PG DONATION SRMD,-1,-1,,-2,,,,744,,30
2811,6,2021-05-28 00:00:00,UPI/Mr UTTAM DANJI /114814914374/courier,-1,-1,,-2,,,,745,,30
2812,6,2021-05-29 00:00:00,OS RAZORMF BUNDL TECH 162228840324912,-1,-1,,-2,,,,746,,30
2813,6,2021-05-29 00:00:00,MB:ENTERK,-1,-1,,-2,,,,747,,30
2814,10,2021-05-31 00:00:00,REV:OS RAZORMF BUNDL TECH162228840324912,-1,-1,,-2,,,,748,,30
2815,6,2021-06-06 00:00:00,UPI/Swiggy/115716890012/ckurier,-1,-1,,-2,,,,749,,30
2835,10,2021-05-04 00:00:00,MB:RECEIVED MONEY FROM CREATIVEPACKAG 4913089961,-1,-1,,-2,,,,769,,29
2838,6,2021-05-14 00:00:00,PG DONATION,-1,-1,,-2,,,,772,,29
2839,6,2021-05-15 00:00:00,OS WWW.INSTAMOJO.COM 13001797457,-1,-1,,-2,,,,773,,29
2840,10,2021-05-22 00:00:00,Received from Amaz XX6004 IMPS HSB,-1,-1,,-2,,,,774,,29
2848,6,2021-05-04 00:00:00,,-1,-1,,-2,,,,,,31
2850,10,2021-05-07 00:00:00,UPI/AAYUSH RAJESH G/112722776215/UPI,-1,-1,,-2,,,,783,,36
2851,10,2021-05-08 00:00:00,UPI/NISHITH ARUN SH/112820417987/UPI,-1,-1,,-2,,,,784,,36
2853,10,2021-05-09 00:00:00,UPI/DOLLY KISHORE G/112909005224/UPI,-1,-1,,-2,,,,786,,36
2855,10,2021-05-12 00:00:00,NEFT CITIN21172139867 PAYPAL PAYMENTSPL INR FBO,-1,-1,,-2,,,,788,,36
2856,10,2021-05-12 00:00:00,NEFT CITIN21172141822 PAYPAL PAYMENTSPL INR FBO,-1,-1,,-2,,,,789,,36
2857,10,2021-05-15 00:00:00,NEFT NRE REM VAIDYA KARTIK UDAY0811OP1001602900 singapore,-1,-1,,-2,,,,790,,36
2858,10,2021-05-19 00:00:00,NEFT CITIN21174691389 PAYPAL PAYMENTSPL OPGSP CO france illustr,-1,-1,,-2,,,,791,,36
2859,10,2021-05-20 00:00:00,UPI/MANDIP TACK/114017944431/UPI one day class,-1,-1,,-2,,,,792,,36
2860,6,2021-05-29 00:00:00,UPI/Instamojo Techn/114901496369/UpiTransaction,-1,-1,,-2,,,,793,,36
2861,10,2021-06-06 00:00:00,NEFT 131162431 RISHAB RAJENDRA BAFNAICIC0SF0002,-1,-1,,-2,,,,794,,36
2862,6,2021-05-05 00:00:00,IFTBCS/IFT/211253409510/552021/1550 MPROFIT,-1,-1,,-2,,,,795,,29
2863,10,2021-05-14 00:00:00,NEFT/CMS1944954129/CENTRAL DEPOSITORYSERVICES INDIA LIMITED G SEC/ICIC0000104,-1,-1,,-2,,,,796,,29
2864,10,2021-05-28 00:00:00,NEFT/N148210607166921/ZERODHA BROKINGLIMITED NSE CLIENT/YESB0000001,-1,-1,,-2,,,,797,,29
2865,10,2021-06-03 00:00:00,NEFT/N154211521126334/ZERODHA BROKINGLTDCLIENT ACCOUNT/HDFC0000240,-1,-1,,-2,,,,798,,29
2866,6,2021-04-21 00:00:00,,-1,-1,,-2,,,,,,30
2867,6,2021-05-03 00:00:00,dr nilesh patil,-1,-1,,-2,,,,,,36
2868,6,2021-05-24 00:00:00,ravioli,-1,-1,,-2,,,,,,36
2869,10,2021-04-06 00:00:00,samira,-1,-1,,-2,,,,,,36
2870,6,2021-04-30 00:00:00,amazon,-1,-1,,-2,,,,,,29
2871,6,2021-06-18 00:00:00,magazine,-1,-1,,-2,,,,,,29
2872,6,2021-06-18 00:00:00,khajoor pal,-1,-1,,-2,,,,,,29
2873,6,2021-06-21 00:00:00,,-1,-1,,-2,,,,,,29
2874,6,2021-06-21 00:00:00,,-1,-1,,-2,,,,,,29
2875,10,2021-06-22 00:00:00,amazon,-1,-1,,-2,,,,,,29
2876,4,2021-06-21 00:00:00,,-1,-1,,-2,,,,,,30
2877,10,2021-06-21 00:00:00,,-1,-1,,-2,,,,,,30
2878,6,2021-06-21 00:00:00,,-1,-1,,-2,,,,,,30
2879,6,2021-06-21 00:00:00,,-1,-1,,-2,,,,,,30
2880,10,2021-06-21 00:00:00,,-1,-1,,-2,,,,,,32
2881,6,2021-06-21 00:00:00,,-1,-1,,-2,,,,,,32
2882,10,2021-06-21 00:00:00,,-1,-1,,-2,,,,,,32
2883,6,2021-06-21 00:00:00,actually transferred to sps to gst for enterrise,-1,-1,,-2,,,,,,32
2884,6,2021-06-21 00:00:00,actually transferred to prs to gst for enterprise,-1,-1,,-2,,,,,,32
2886,10,2021-06-22 00:00:00,Received from Amaz XX6004 IMPS HSB,-1,-1,,-2,,,,799,,29
2887,10,2021-06-22 00:00:00,Received from Amaz XX6004 IMPS HSB,-1,-1,,-2,,,,800,,29
2889,6,2021-06-24 00:00:00,MB:IB:RKG,-1,-1,,-2,,,,802,,29
2890,10,2021-06-26 00:00:00,Received from Amaz XX6004 IMPS HSB,-1,-1,,-2,,,,803,,29
2892,10,2021-06-27 00:00:00,Received from Amaz XX6004 IMPS HSB,-1,-1,,-2,,,,805,,29
2894,6,2021-07-01 00:00:00,UPI/HINALKUMARTHAK/118243058688/pramesh karuna,-1,-1,,-2,,,,807,,29
2895,10,2021-07-01 00:00:00,Int.Pd:1912581915:01-04-2021 to 30-06-2021,-1,-1,,-2,,,,808,,29
2898,6,2021-06-25 00:00:00,UPI/null/117687819569/UPI,-1,-1,,-2,,,,811,,30
2899,10,2021-07-01 00:00:00,Int.Pd:2012066081:01-04-2021 to 30-06-2021,-1,-1,,-2,,,,812,,30
2900,6,2021-07-03 00:00:00,PG SRASSK 2ND QUARANTINE,-1,-1,,-2,,,,813,,30
2901,10,2021-07-05 00:00:00,IB: FUND TRANSFER FROM CREATIVEENTERPRISE,-1,-1,,-2,,,,814,,30
2903,10,2021-06-22 00:00:00,Received from MYNT XX9002 IMPS HSB,-1,-1,,-2,,,,816,,31
2904,10,2021-06-23 00:00:00,NEFT HSBCN21174734465 MYNTRA DESIGNSPRIVATE LIMI,-1,-1,,-2,,,,817,,31
2905,10,2021-06-23 00:00:00,Received from MYNT XX9002 IMPS HSB,-1,-1,,-2,,,,818,,31
2906,10,2021-06-23 00:00:00,Received from MYNT XX9002 IMPS HSB,-1,-1,,-2,,,,818,,31
2907,10,2021-06-27 00:00:00,Received from MYNT XX9002 IMPS HSB,-1,-1,,-2,,,,819,,31
2909,6,2021-06-30 00:00:00,MB LOCKER                                    Ref 118116390166,-1,-1,,-2,,,,821,,31
2911,10,2021-07-01 00:00:00,Int.Pd:1712151141:01-04-2021 to 30-06-2021,-1,-1,,-2,,,,823,,31
2912,6,2021-07-05 00:00:00,FASTAG AUTOTOPUP- 101127-051812247895540001720377,-1,-1,,-2,,,,824,,31
2913,10,2021-07-01 00:00:00,REC,-1,-1,,-2,,,,,,31
2914,10,2021-06-18 00:00:00,,-1,-1,,-2,,,,,,31
2915,10,2021-05-03 00:00:00,SBI,-1,-1,,-2,,,,,,31
2916,10,2021-06-30 00:00:00,,-1,-1,,-2,,,,,,36
2917,10,2021-06-30 00:00:00,,-1,-1,,-2,,,,,,36
2919,10,2021-06-09 00:00:00,NEFT 000014712705 MEHENDALE RAJENDRAARVIND COSB0,-1,-1,,-2,,,,826,,36
2921,10,2021-06-10 00:00:00,UPI/BAFNAJAYASHREE/116113761970/tanvis french c,-1,-1,,-2,,,,828,,36
2922,10,2021-06-12 00:00:00,NEFT NRE REM VAIDYA KARTIK UDAY0811OP1002392684,-1,-1,,-2,,,,829,,36
2923,10,2021-06-16 00:00:00,UPI/VRUSHALI AMEYA/116722302461/illustration,-1,-1,,-2,,,,830,,36
2924,10,2021-06-21 00:00:00,CASH DEPOSIT BY SAHIL AT MUMBAI -GOREGAON WEST tuition,-1,-1,,-2,,,,831,,36
2925,10,2021-06-22 00:00:00,NEFT N173211540358798 HITESH PRAKASHSOMAYA HDFC0,-1,-1,,-2,,,,832,,36
2927,10,2021-06-22 00:00:00,MB:RECEIVED FROM 5013215984 recd from printers illustration,-1,-1,,-2,,,,834,,36
2928,10,2021-06-26 00:00:00,Received from MYNT XX9002 IMPS HSB,-1,-1,,-2,,,,835,,36
2929,10,2021-06-26 00:00:00,Received from MYNT XX9002 IMPS HSB,-1,-1,,-2,,,,835,,36
2930,10,2021-06-27 00:00:00,Received from MYNT XX9002 IMPS HSB,-1,-1,,-2,,,,836,,36
2931,10,2021-06-27 00:00:00,Received from MYNT XX9002 IMPS HSB,-1,-1,,-2,,,,837,,36
2932,10,2021-06-28 00:00:00,BY CLG INST 18/22-06-21/HDFC/MUMBAI mukesh shah,-1,-1,,-2,,,,838,,36
2933,10,2021-07-01 00:00:00,Int.Pd:6945111207:01-04-2021 to 30-06-2021,-1,-1,,-2,,,,839,,36
2934,10,2021-07-03 00:00:00,UPI/NACHIKETMAHEND/118469444706/illustration,-1,-1,,-2,,,,840,,36
2935,10,2021-07-08 00:00:00,Received from A/C XX4002 IMPS IDFC BANK,-1,-1,,-2,,,,841,,36
2937,10,2021-06-30 00:00:00,,-1,-1,,-2,,,,,,30
2938,10,2021-07-02 00:00:00,,-1,-1,,-2,,,,,asian paint,29
2939,10,2021-06-30 00:00:00,,-1,-1,,-2,,,,,asian paint,29
2940,10,2021-06-25 00:00:00,,-1,-1,,-2,,,,,reliance ind,29
2941,10,2021-07-13 00:00:00,NEFT N194211564878624 RKSV SECURITIESINDIA PVT L,-1,-1,,-2,,,,843,,29
2942,10,2021-07-14 00:00:00,MB:RECEIVED MONEY FROM CREATIVEPACKAG 4913089961,-1,-1,,-2,,,,844,,29
2944,6,2021-07-20 00:00:00,MB:TO PACKK,-1,-1,,-2,,,,846,,29
2945,6,2021-07-13 00:00:00,PG DONATION,-1,-1,,-2,,,,847,,31
2946,6,2021-07-13 00:00:00,UPI/Zomato/119416734448/ZomatoOnlineOrd,-1,-1,,-2,,,,848,,31
2947,10,2021-07-14 00:00:00,MB:RECEIVED MONEY FROM CREATIVEPRINTE 5013215984,-1,-1,,-2,,,,849,,31
2948,6,2021-07-16 00:00:00,FASTAG AUTOTOPUP- 101127-162132055414540001720377,-1,-1,,-2,,,,850,,31
2950,6,2021-07-20 00:00:00,MB:TO PRINT K,-1,-1,,-2,,,,852,,31
2951,10,2021-07-12 00:00:00,NEFT CMS2021839623 R K GLOBAL SHARESAND SECURITI,-1,-1,,-2,,,,853,,30
2953,10,2021-07-20 00:00:00,NEFT ICIJ212010006694 UPPCL BONDSERVICING ACCOUN,-1,-1,,-2,,,,855,,30
2954,10,2021-07-14 00:00:00,,-1,-1,,-2,,,,,,32
2955,10,2021-06-30 00:00:00,,-1,-1,,-2,,,,,,32
2956,10,2021-07-10 00:00:00,UPI/TANVI MALHARKA/119112156842/vaishnavi illus,-1,-1,,-2,,,,856,,36
2957,10,2021-07-10 00:00:00,NEFT NRE REM VAIDYA KARTIK UDAY0811OP1003177888,-1,-1,,-2,,,,857,,36
2959,10,2021-07-13 00:00:00,Received from MYNT XX9002 IMPS HSB,-1,-1,,-2,,,,859,,36
2960,10,2021-07-15 00:00:00,UPI/RANDEEP SINGH K/119601725507/gift,-1,-1,,-2,,,,860,,36
2962,10,2021-07-16 00:00:00,Received from MYNT XX9002 IMPS HSB,-1,-1,,-2,,,,862,,36
2963,10,2021-07-16 00:00:00,UPI/MEGHANA PALSHIK/119751868581/formugs and di,-1,-1,,-2,,,,863,,36
2964,10,2021-07-19 00:00:00,IMPS from MF Utilitie Ref 120014804935,-1,-1,,-2,,,,864,,36
2965,10,2021-06-21 00:00:00,COIN DCX,-1,-1,,-2,,,,,,31
2966,6,2021-06-19 00:00:00,FASTAG,-1,-1,,-2,,,,,,31
2967,10,2021-06-17 00:00:00,,-1,-1,,-2,,,,,,31
2968,6,2021-06-13 00:00:00,AKSHIT LONAVALA,-1,-1,,-2,,,,,,31
2969,6,2021-06-09 00:00:00,,-1,-1,,-2,,,,,,31
2970,6,2021-06-09 00:00:00,,-1,-1,,-2,,,,,,31
2971,10,2021-06-09 00:00:00,,-1,-1,,-2,,,,,,31
2972,4,2021-07-21 00:00:00,,-1,-1,,-2,,,,,,30
2973,10,2021-07-21 00:00:00,,-1,-1,,-2,,,,,,30
2975,10,2021-06-25 00:00:00,,-1,-1,,-2,,,,,,30
2977,6,2021-07-21 00:00:00,,-1,-1,,-2,,,,,,32
2978,10,2021-06-30 00:00:00,,-1,-1,,-2,,,,,,30
2980,6,2021-07-02 00:00:00,,-1,-1,,-2,,,,,,31
2981,10,2021-06-25 00:00:00,,-1,-1,,-2,,,,,,31
2982,10,2021-06-25 00:00:00,,-1,-1,,-2,,,,,,31
3004,6,2021-07-21 00:00:00,MB:TO PACK K,-1,-1,,-2,,,,872,,29
3006,6,2021-07-23 00:00:00,MB:TO PACK K,-1,-1,,-2,,,,874,,29
3007,10,2021-07-24 00:00:00,UPI/ASHWIN MULCHAND/120513008531/UPI,-1,-1,,-2,,,,875,,29
3008,10,2021-07-24 00:00:00,UPI/URVISH S SHAH/120599907513/bhaktiteam urv,-1,-1,,-2,,,,876,,29
3009,10,2021-07-24 00:00:00,UPI/PREETI SUNDAR J/120500050298/GuruPunam Offe,-1,-1,,-2,,,,877,,29
3010,10,2021-07-24 00:00:00,UPI/RAKESH GANDHI J/120543919491/FromNandi Gand,-1,-1,,-2,,,,878,,29
3011,6,2021-07-25 00:00:00,OS WWW.VODAFONE.IN 13645121779,-1,-1,,-2,,,,879,,29
3012,10,2021-07-27 00:00:00,UPI/NIMESHSURENDRA/120831149006/shashimama,-1,-1,,-2,,,,880,,29
3013,10,2021-07-27 00:00:00,UPI/NIMESHSURENDRA/120831175231/Mahendrabhai ka,-1,-1,,-2,,,,881,,29
3014,10,2021-07-27 00:00:00,MB:RECEIVED MONEY FROM CREATIVEPACKAG 4913089961,-1,-1,,-2,,,,882,,29
3015,6,2021-07-28 00:00:00,MB:TO PACK K,-1,-1,,-2,,,,883,,29
3016,10,2021-07-31 00:00:00,UPI/KRUPALI JAY PAR/121221338183/UPI,-1,-1,,-2,,,,884,,29
3017,10,2021-07-31 00:00:00,UPI/SHIVANI HIREN S/121284358375/PritiShah Guru,-1,-1,,-2,,,,885,,29
3020,10,2021-08-02 00:00:00,UPI/NIMESHSURENDRA/121401655094/rajubhai jhaver,-1,-1,,-2,,,,888,,29
3021,10,2021-08-02 00:00:00,UPI/NIMESHSURENDRA/121403264814/vishal shah,-1,-1,,-2,,,,889,,29
3022,10,2021-08-03 00:00:00,MB:RECEIVED MONEY FROM CREATIVEPACKAG 4913089961,-1,-1,,-2,,,,890,,29
3024,6,2021-08-10 00:00:00,MB:TO PACK,-1,-1,,-2,,,,892,,29
3026,6,2021-08-16 00:00:00,MB:TO PACK,-1,-1,,-2,,,,894,,29
3027,6,2021-08-17 00:00:00,MB:TO PACK K,-1,-1,,-2,,,,895,,29
3028,6,2021-08-17 00:00:00,MB:TO PACK,-1,-1,,-2,,,,896,,29
3030,6,2021-08-08 00:00:00,FASTAG AUTOTOPUP- 101127-080601177445540001720377,-1,-1,,-2,,,,898,,31
3031,6,2021-08-08 00:00:00,FASTAG AUTOTOPUP- 101127-001220143494002002720301,-1,-1,,-2,,,,899,,31
3032,6,2021-08-10 00:00:00,MB:TO PRINTERS,-1,-1,,-2,,,,900,,31
3033,10,2021-08-15 00:00:00,Received from MYNT XX9002 IMPS HSB,-1,-1,,-2,,,,901,,31
3034,10,2021-08-15 00:00:00,Received from MYNT XX9002 IMPS HSB,-1,-1,,-2,,,,902,,31
3035,6,2021-08-17 00:00:00,MB:PRINTERS KOTAK,-1,-1,,-2,,,,903,,31
3036,10,2021-08-18 00:00:00,Received from MYNT XX9002 IMPS HSB,-1,-1,,-2,,,,904,,31
3037,6,2021-08-19 00:00:00,harde MB:navnitlal savailal,-1,-1,,-2,,,,905,,31
3038,6,2021-08-22 00:00:00,FASTAG AUTOTOPUP- 101127-220921231729540001720377,-1,-1,,-2,,,,906,,31
3039,6,2021-08-23 00:00:00,gift PG BONO SAGAR,-1,-1,,-2,,,,907,,31
3040,6,2021-08-24 00:00:00,MB:TO PRINT K,-1,-1,,-2,,,,908,,31
3041,6,2021-08-25 00:00:00,PG SWIFGY,-1,-1,,-2,,,,909,,31
3043,6,2021-08-27 00:00:00,MB:TO PRINTERS,-1,-1,,-2,,,,911,,31
3044,6,2021-08-29 00:00:00,FASTAG AUTOTOPUP- 101127-929021083664540014720303,-1,-1,,-2,,,,912,,31
3045,6,2021-08-29 00:00:00,FASTAG AUTOTOPUP- 101127-001263769620040001720301,-1,-1,,-2,,,,913,,31
3046,10,2021-08-30 00:00:00,Received from MYNT XX9002 IMPS HSB,-1,-1,,-2,,,,914,,31
3047,10,2021-08-30 00:00:00,Received from MYNT XX9002 IMPS HSB,-1,-1,,-2,,,,915,,31
3048,10,2021-07-26 00:00:00,Received from MYNT XX9002 IMPS HSB,-1,-1,,-2,,,,916,,36
3050,10,2021-08-03 00:00:00,UPI/DEVYANI DEEPAK /121514906437/UPI,-1,-1,,-2,,,,918,,36
3051,10,2021-08-03 00:00:00,UPI/MEGHANA PALSHIK/121562674854/for 2set of di,-1,-1,,-2,,,,919,,36
3052,10,2021-08-08 00:00:00,UPI/BAFNA JAYASHREE/122089554754/tanvibafana fr,-1,-1,,-2,,,,920,,36
3054,10,2021-08-10 00:00:00,UPI/KAJAL RAJESH ME/122213870959/gift tosaahil,-1,-1,,-2,,,,922,,36
3056,10,2021-08-14 00:00:00,NEFT NRE REM VAIDYA KARTIK UDAY0811OP1004240014,-1,-1,,-2,,,,924,,36
3057,10,2021-08-16 00:00:00,MB:RECEIVED MONEY FROM CREATIVEPACKAG 4913089961,-1,-1,,-2,,,,925,,36
3058,10,2021-08-18 00:00:00,UPI/KHETARAMNEMARA/123006343518/Vastupal Ranka,-1,-1,,-2,,,,926,,36
3059,10,2021-08-20 00:00:00,UPI/HETAL KAUSHIK S/123209720844/UPI,-1,-1,,-2,,,,927,,36
3060,10,2021-08-20 00:00:00,Received from MYNT XX9002 IMPS HSB,-1,-1,,-2,,,,928,,36
3061,10,2021-08-23 00:00:00,UPI/KAJAL RAJESH ME/123522962174/diarypayment,-1,-1,,-2,,,,929,,36
3062,10,2021-08-24 00:00:00,Received from MYNT XX9002 IMPS HSB,-1,-1,,-2,,,,930,,36
3064,10,2021-08-30 00:00:00,Received from MYNT XX9002 IMPS HSB,-1,-1,,-2,,,,932,,36
3065,10,2021-08-30 00:00:00,Received from MYNT XX9002 IMPS HSB,-1,-1,,-2,,,,933,,36
3067,12,2021-07-21 00:00:00,ATW/7676/+Dr. A. B. RoadWorliMumbaiM210721/12:25,-1,-1,,-2,,,,934,,30
3070,6,2021-07-28 00:00:00,MB:RK GLO,-1,-1,,-2,,,,937,,30
3071,10,2021-08-01 00:00:00,KSPAYOUT,-1,-1,,-2,,,,938,,30
3072,10,2021-08-02 00:00:00,NACH-ECS-CR-SHCIL_INT TAX BONDS-INT1TBSHC54122603,-1,-1,,-2,,,,939,,30
3073,6,2021-08-03 00:00:00,MB:RK GLO,-1,-1,,-2,,,,940,,30
3075,6,2021-08-17 00:00:00,OS RESIDENT.UIDAI.GOV.I 13830073742,-1,-1,,-2,,,,942,,30
3077,10,2021-08-30 00:00:00,NEFT SBIN121242018218 STATE BANK                                       OFINDIA SBIN001,-1,-1,,-2,,,,944,,30
3078,6,2021-08-04 00:00:00,zomato,-1,-1,,-2,,,,,,31
3079,6,2021-08-02 00:00:00,zomato,-1,-1,,-2,,,,,,31
3080,6,2021-07-28 00:00:00,,-1,-1,,-2,,,,,,31
3081,10,2021-07-27 00:00:00,,-1,-1,,-2,,,,,,31
3082,6,2021-07-21 00:00:00,,-1,-1,,-2,,,,,,31
3083,4,2021-07-21 00:00:00,,-1,-1,,-2,,,,,,31
3084,6,2021-07-21 00:00:00,,-1,-1,,-2,,,,,,32
3085,6,2021-07-28 00:00:00,,-1,-1,,-2,,,,,,32
3086,10,2021-08-03 00:00:00,,-1,-1,,-2,,,,,,32
3087,6,2021-08-17 00:00:00,,-1,-1,,-2,,,,,,32
3088,12,2021-07-21 00:00:00,ATW/7668/+Dr. A. B. RoadWorliMumbaiM210721/12:24,-1,-1,,-2,,,,871,,29
3092,10,2021-08-26 00:00:00,kotak bank dividend,-1,-1,,-2,,,,,,31
3093,10,2021-08-12 00:00:00,,-1,-1,,-2,,,,,,31
3094,10,2021-07-31 00:00:00,,-1,-1,,-2,,,,,,31
3095,6,2021-07-27 00:00:00,,-1,-1,,-2,,,,,,31
3096,6,2021-07-22 00:00:00,,-1,-1,,-2,,,,,,31
3097,6,2021-07-16 00:00:00,,-1,-1,,-2,,,,,,31
3098,10,2021-07-13 00:00:00,,-1,-1,,-2,,,,,,31
3099,10,2021-07-31 00:00:00,,-1,-1,,-2,,,,,,36
3100,10,2021-08-26 00:00:00,kotak bank dividend,-1,-1,,-2,,,,,,29
3101,10,2021-08-17 00:00:00,dr lal path dividend,-1,-1,,-2,,,,,,29
3102,10,2021-08-13 00:00:00,pidilite dividend,-1,-1,,-2,,,,,,29
3103,10,2021-08-10 00:00:00,hdfc bank dividend,-1,-1,,-2,,,,,,29
3104,10,2021-07-31 00:00:00,,-1,-1,,-2,,,,,,29
3105,10,2021-07-26 00:00:00,hdfc life dividend,-1,-1,,-2,,,,,,29
3106,10,2021-07-22 00:00:00,hdfc dividend,-1,-1,,-2,,,,,,29
3107,6,2021-09-01 00:00:00,,-1,-1,,-2,,,,,,30
3108,10,2021-09-01 00:00:00,,-1,-1,,-2,,,,,,31
3109,6,2021-09-08 00:00:00,MB:TO PRINTERS K,-1,-1,,-2,,,,946,,31
3110,6,2021-09-16 00:00:00,MB:TO PRINTERS,-1,-1,,-2,,,,947,,31
3111,12,2021-09-17 00:00:00,ATW/7692/+Dr. A. B. RoadWorliMumbaiM170921/13:24,-1,-1,,-2,,,,948,,31
3112,10,2021-09-17 00:00:00,Received from MYNT XX9002 IMPS HSB,-1,-1,,-2,,,,949,,31
3113,10,2021-09-17 00:00:00,Received from MYNT XX9002 IMPS HSB,-1,-1,,-2,,,,950,,31
3114,6,2021-09-18 00:00:00,FASTAG AUTOTOPUP- 101127-134181432833540010720303,-1,-1,,-2,,,,951,,31
3115,6,2021-09-18 00:00:00,UPI/Coco HP Auto Ca/126106658431/petrol,-1,-1,,-2,,,,952,,31
3116,6,2021-09-18 00:00:00,FASTAG AUTOTOPUP- 101127-596681626519540005720303,-1,-1,,-2,,,,953,,31
3117,6,2021-09-19 00:00:00,UPI/VAIBHAVJANARDH/126213430547/myntra,-1,-1,,-2,,,,954,,31
3118,6,2021-09-20 00:00:00,UPI/EKART/126314930765/Payment for FMP,-1,-1,,-2,,,,955,,31
3119,10,2021-09-20 00:00:00,Received from MYNT XX9002 IMPS HSB,-1,-1,,-2,,,,956,,31
3120,10,2021-09-20 00:00:00,Received from MYNT XX9002 IMPS HSB,-1,-1,,-2,,,,957,,31
3122,6,2021-09-23 00:00:00,UPI/SWATI NITIN KAD/126613511554/creative,-1,-1,,-2,,,,959,,31
3123,10,2021-09-23 00:00:00,Received from RAZO XX7077 IMPS YBL,-1,-1,,-2,,,,960,,31
3125,6,2021-09-25 00:00:00,MB:PRINTERS K,-1,-1,,-2,,,,962,,31
3126,6,2021-09-27 00:00:00,MB:PRINTERSK,-1,-1,,-2,,,,963,,31
3128,6,2021-09-29 00:00:00,"UPI/SHAKUNTALA DEVI/127215238772/UPI
hair oil",-1,-1,,-2,,,,965,,31
3129,6,2021-09-29 00:00:00,PG TRAFFIC,-1,-1,,-2,,,,966,,31
3131,10,2021-10-01 00:00:00,Int.Pd:1712151141:01-07-2021 to 30-09-2021,-1,-1,,-2,,,,968,,31
3132,6,2021-10-01 00:00:00,MB:PRINTERSK,-1,-1,,-2,,,,969,,31
3134,6,2021-10-02 00:00:00,"UPI/PRIORITY HEALTH/127509523017/xray
mahesh kapadia",-1,-1,,-2,,,,971,,31
3135,6,2021-10-03 00:00:00,FASTAG AUTOTOPUP- 101127-031801363284540001720377,-1,-1,,-2,,,,972,,31
3136,6,2021-09-05 00:00:00,khushu rakshabandhan,-1,-1,,-2,,,,,,31
3137,6,2021-09-03 00:00:00,,-1,-1,,-2,,,,,,31
3138,6,2021-09-03 00:00:00,fastag,-1,-1,,-2,,,,,,31
3139,6,2021-09-01 00:00:00,,-1,-1,,-2,,,,,,31
3140,10,2021-09-01 00:00:00,,-1,-1,,-2,,,,,,31
3141,10,2021-09-01 00:00:00,,-1,-1,,-2,,,,,,31
3142,6,2021-09-02 00:00:00,,-1,-1,,-2,,,,,,31
3143,6,2021-09-02 00:00:00,,-1,-1,,-2,,,,,,31
3144,10,2021-09-09 00:00:00,,-1,-1,,-2,,,,,,31
3145,10,2021-09-01 00:00:00,berger,-1,-1,,-2,,,,,,31
3146,6,2021-08-31 00:00:00,,-1,-1,,-2,,,,,,31
3147,10,2021-08-26 00:00:00,,-1,-1,,-2,,,,,,31
3149,10,2021-09-25 00:00:00,,-1,-1,,-2,,,,,,31
3150,6,2021-08-15 00:00:00,,-1,-1,,-2,,,,,,31
3151,10,2021-08-31 00:00:00,Received from MYNT XX9002 IMPS HSB,-1,-1,,-2,,,,973,,36
3152,10,2021-08-31 00:00:00,Received from MYNT XX9002 IMPS HSB,-1,-1,,-2,,,,974,,36
3153,10,2021-08-31 00:00:00,Received from MYNT XX9002 IMPS HSB,-1,-1,,-2,,,,975,,36
3154,10,2021-08-31 00:00:00,Received from MYNT XX9002 IMPS HSB,-1,-1,,-2,,,,976,,36
3155,6,2021-09-04 00:00:00,UPI/NIRAV PRAVIN BH/124715893346/unnatishah far,-1,-1,,-2,,,,977,,36
3156,10,2021-09-06 00:00:00,UPI/KAJAL RAJESH ME/124910166736/krishabirthday,-1,-1,,-2,,,,978,,36
3157,10,2021-09-07 00:00:00,Received from SIGN XX0774 IMPS ICICI Bank,-1,-1,,-2,,,,979,,36
3158,10,2021-09-08 00:00:00,UPI/ANITA AJAY PAND/125164388263/UPI,-1,-1,,-2,,,,980,,36
3160,10,2021-09-14 00:00:00,UPI/SHREYAS ANIL MA/125711637950/UPI,-1,-1,,-2,,,,982,,36
3161,10,2021-09-15 00:00:00,UPI/SNEHA M DADHA/125865465485/UPI,-1,-1,,-2,,,,983,,36
3162,10,2021-09-16 00:00:00,UPI/SHIVANI NIKHIL/125967659033/illustration,-1,-1,,-2,,,,984,,36
3163,6,2021-09-26 00:00:00,UPI/Paytm/126952991110/Oid15258795566@,-1,-1,,-2,,,,985,,36
3165,6,2021-09-29 00:00:00,UPI/facebookadsmana/127220348286/UPITransaction,-1,-1,,-2,,,,987,,36
3166,10,2021-09-29 00:00:00,UPI/MANALI SANJAYB/127214948560/Notebook,-1,-1,,-2,,,,988,,36
3167,10,2021-10-01 00:00:00,Int.Pd:6945111207:01-07-2021 to 30-09-2021,-1,-1,,-2,,,,989,,36
3168,4,2021-10-01 00:00:00,CASH DEPOSIT AT WORLI BY SELF,-1,-1,,-2,,,,990,,36
3172,10,2021-09-13 00:00:00,kartik,-1,-1,,-2,,,,,,36
3173,6,2021-05-09 00:00:00,paid to priyal,-1,-1,,-2,,,,,,36
3174,6,2021-09-01 00:00:00,,-1,-1,,-2,,,,,,36
3175,10,2021-09-30 00:00:00,,-1,-1,,-2,,,,,,36
3176,10,2021-08-31 00:00:00,,-1,-1,,-2,,,,,,36
3178,6,2021-08-25 00:00:00,,-1,-1,,-2,,,,,,36
3179,6,2021-08-02 00:00:00,amazon,-1,-1,,-2,,,,,,36
3180,6,2021-07-21 00:00:00,medicine pharmeasy,-1,-1,,-2,,,,,,36
3181,6,2021-07-19 00:00:00,jiomart,-1,-1,,-2,,,,,,36
3182,6,2021-07-15 00:00:00,myntra,-1,-1,,-2,,,,,,36
3183,6,2021-07-10 00:00:00,zomato,-1,-1,,-2,,,,,,36
3184,6,2021-07-04 00:00:00,zomato,-1,-1,,-2,,,,,,36
3185,6,2021-07-01 00:00:00,cupcakes,-1,-1,,-2,,,,,,36
3186,6,2021-10-01 00:00:00,,-1,-1,,-2,,,,,,32
3187,6,2021-10-04 00:00:00,,-1,-1,,-2,,,,,,32
3188,10,2021-09-30 00:00:00,,-1,-1,,-2,,,,,,32
3189,6,2021-09-17 00:00:00,,-1,-1,,-2,,,,,,32
3190,6,2021-08-31 00:00:00,UPI/Zomato Ltd/124358598144/Zomatopayment,-1,-1,,-2,,,,994,,30
3191,6,2021-09-02 00:00:00,OS WWW.MAKEMYTRIP.COM 13903357913,-1,-1,,-2,,,,995,,30
3192,10,2021-09-05 00:00:00,Received from MYNT XX9002 IMPS HSB,-1,-1,,-2,,,,996,,30
3193,10,2021-09-05 00:00:00,Received from MYNT XX9002 IMPS HSB,-1,-1,,-2,,,,997,,30
3194,10,2021-09-06 00:00:00,Received from MYNT XX9002 IMPS HSB,-1,-1,,-2,,,,998,,30
3195,10,2021-09-06 00:00:00,Received from MYNT XX9002 IMPS HSB,-1,-1,,-2,,,,999,,30
3196,6,2021-09-13 00:00:00,PG RK GLOBAL,-1,-1,,-2,,,,1000,,30
3197,10,2021-09-14 00:00:00,Received from RAZO XX7077 IMPS YBL,-1,-1,,-2,,,,1001,,30
3198,12,2021-09-15 00:00:00,Received from Mr. XX5198 IMPS IDFC BANK,-1,-1,,-2,,,,1002,,30
3199,6,2021-09-15 00:00:00,PG RK GLOBAL,-1,-1,,-2,,,,1003,,30
3200,6,2021-09-19 00:00:00,OS NSDLPAN 331620280744162,-1,-1,,-2,,,,1004,,30
3201,12,2021-09-21 00:00:00,Received from Mr. XX5198 IMPS IDFC BANK,-1,-1,,-2,,,,1005,,30
3202,6,2021-09-21 00:00:00,PG R K GLOBAL,-1,-1,,-2,,,,1006,,30
3203,10,2021-10-01 00:00:00,Int.Pd:2012066081:01-07-2021 to 30-09-2021,-1,-1,,-2,,,,1007,,30
3204,6,2021-09-29 00:00:00,nemiji,-1,-1,,-2,,,,,,30
3205,10,2021-09-17 00:00:00,,-1,-1,,-2,,,,,,30
3208,12,2021-09-17 00:00:00,ATW/7676/+Dr. A. B. RoadWorliMumbaiM170921/13:22,-1,-1,,-2,,,,1010,,30
3211,10,2021-09-30 00:00:00,,-1,-1,,-2,,,,,,30
3212,10,2021-08-31 00:00:00,,-1,-1,,-2,,,,,,30
3213,10,2021-07-31 00:00:00,,-1,-1,,-2,,,,,,30
3214,10,2021-09-30 00:00:00,,-1,-1,,-2,,,,,,30
3218,10,2021-09-13 00:00:00,MB:RECEIVED FROM 2012047141,-1,-1,,-2,,,,1015,,29
3219,12,2021-09-17 00:00:00,ATW/7668/+Dr. A. B. RoadWorliMumbaiM170921/13:24,-1,-1,,-2,,,,1016,,29
3223,6,2021-10-01 00:00:00,MB:TO PACK,-1,-1,,-2,,,,1020,,29
3226,10,2021-09-30 00:00:00,,-1,-1,,-2,,,,,,29
3227,10,2021-09-22 00:00:00,,-1,-1,,-2,,,,,,29
3228,10,2021-09-09 00:00:00,BERGER,-1,-1,,-2,,,,,,29
3229,10,2021-09-02 00:00:00,,-1,-1,,-2,,,,,,29
3230,10,2021-08-31 00:00:00,,-1,-1,,-2,,,,,,29
3231,4,2021-10-06 00:00:00,,-1,-1,,-2,,,,,,36
3233,6,2021-10-26 00:00:00,,-1,-1,,-2,,,,,,29
3234,6,2021-10-25 00:00:00,,-1,-1,,-2,,,,,,29
3235,6,2021-10-20 00:00:00,,-1,-1,,-2,,,,,,29
3236,6,2021-10-19 00:00:00,,-1,-1,,-2,,,,,,29
3237,10,2021-10-15 00:00:00,,-1,-1,,-2,,,,,,29
3238,10,2021-09-30 00:00:00,,-1,-1,,-2,,,,,,29
3239,10,2021-10-05 00:00:00,,-1,-1,,-2,,,,,,29
3240,4,2021-10-20 00:00:00,,-1,-1,,-2,,,,,,30
3241,6,2021-10-23 00:00:00,,-1,-1,,-2,,,,,,30
3242,6,2021-10-25 00:00:00,SANCHIT CAFETERIA,-1,-1,,-2,,,,,,31
3243,10,2021-10-25 00:00:00,,-1,-1,,-2,,,,,,31
3244,6,2021-10-25 00:00:00,,-1,-1,,-2,,,,,,31
3245,6,2021-10-24 00:00:00,,-1,-1,,-2,,,,,,31
3246,6,2021-10-24 00:00:00,FASTAG,-1,-1,,-2,,,,,,31
3247,6,2021-10-20 00:00:00,FASTAG,-1,-1,,-2,,,,,,31
3248,6,2021-10-19 00:00:00,,-1,-1,,-2,,,,,,31
3249,6,2021-10-05 00:00:00,MYNTRA,-1,-1,,-2,,,,,,31
3250,10,2021-10-05 00:00:00,,-1,-1,,-2,,,,,,31
3251,6,2021-10-07 00:00:00,SWIGGY,-1,-1,,-2,,,,,,31
3252,6,2021-10-10 00:00:00,FASTAG,-1,-1,,-2,,,,,,31
3253,6,2021-10-13 00:00:00,FASTAG,-1,-1,,-2,,,,,,31
3254,10,2021-10-15 00:00:00,,-1,-1,,-2,,,,,,31
3255,6,2021-10-15 00:00:00,FASTAG,-1,-1,,-2,,,,,,31
3256,6,2021-10-19 00:00:00,,-1,-1,,-2,,,,,,32
3257,10,2021-10-15 00:00:00,,-1,-1,,-2,,,,,,32
3258,6,2021-10-06 00:00:00,,-1,-1,,-2,,,,,,32
3260,10,2021-10-16 00:00:00,KARTIK,-1,-1,,-2,,,,,,36
3261,6,2021-10-13 00:00:00,SWIGGY,-1,-1,,-2,,,,,,36
3262,6,2021-10-12 00:00:00,,-1,-1,,-2,,,,,,36
3263,10,2021-10-07 00:00:00,MYNTRA,-1,-1,,-2,,,,,,36
3264,10,2021-10-08 00:00:00,,-1,-1,,-2,,,,,,36
3265,10,2021-03-31 00:00:00,,-1,-1,,-2,,,,,,29
3266,6,2021-10-30 00:00:00,,-1,-1,,-2,,,,,,32
3267,6,2021-10-30 00:00:00,rtpcr,-1,-1,,-2,,,,,,30
3268,6,2021-10-28 00:00:00,nimish bhupati,-1,-1,,-2,,,,,,30
3269,6,2021-10-30 00:00:00,??,-1,-1,,-2,,,,,,30
3270,6,2021-10-29 00:00:00,,-1,-1,,-2,,,,,,31
3271,6,2021-10-30 00:00:00,,-1,-1,,-2,,,,,,29
3272,6,2021-10-29 00:00:00,ghatkopar cloth,-1,-1,,-2,,,,,,29
3273,6,2021-10-29 00:00:00,,-1,-1,,-2,,,,,,29
3274,6,2021-10-28 00:00:00,flipkart,-1,-1,,-2,,,,,,29
3277,4,2021-03-31 00:00:00,,-1,-1,,-2,,,,,,30
3278,6,2021-03-31 00:00:00,,-1,-1,,-2,,,,,,30
3279,4,2021-03-31 00:00:00,,-1,-1,,-2,,,,,,30
3280,10,2021-03-31 00:00:00,actual of pramesh,-1,-1,,-2,,,,,,29
3281,4,2021-03-31 00:00:00,,-1,-1,,-2,,,,,,29
3282,10,2021-03-31 00:00:00,,-1,-1,,-2,,,,,,29
3283,4,2021-03-25 00:00:00,,-1,-1,,-2,,,,,,29
3284,4,2021-03-31 00:00:00,,-1,-1,,-2,,,,,,30
3285,4,2021-03-31 00:00:00,Year end JV to tranfer to capital account,-1,-1,,-2,,,,,,30
3286,4,2021-03-31 00:00:00,,-1,-1,,-2,,,,,,29
3287,4,2021-03-31 00:00:00,Year end JV to tranfer to capital account,-1,-1,,-2,,,,,,29
3288,4,2021-03-31 00:00:00,Year end JV to tranfer to capital account,-1,-1,,-2,,,,,,29
3289,4,2021-03-31 00:00:00,Year end JV to tranfer to capital account,-1,-1,,-2,,,,,,29
3290,4,2021-03-31 00:00:00,,-1,-1,,-2,,,,,,29
3291,4,2021-03-31 00:00:00,,-1,-1,,-2,,,,,,29
3292,4,2021-03-31 00:00:00,,-1,-1,,-2,,,,,,32
3293,4,2021-03-31 00:00:00,Year end JV to tranfer to capital account,-1,-1,,-2,,,,,,32
3294,6,2020-04-01 00:00:00,,-1,-1,,-2,,,,,,36
3295,6,2021-03-31 00:00:00,,-1,-1,,-2,,,,,,36
3296,6,2021-03-31 00:00:00,conveyance,-1,-1,,-2,,,,,,36
3297,6,2021-03-31 00:00:00,misc . exp.,-1,-1,,-2,,,,,,36
3298,4,2021-03-31 00:00:00,Year end JV to tranfer to capital account,-1,-1,,-2,,,,,,36
3299,4,2021-03-31 00:00:00,Year end JV to tranfer to capital account,-1,-1,,-2,,,,,,36
3300,4,2021-03-31 00:00:00,Year end JV to tranfer to capital account,-1,-1,,-2,,,,,,36
3301,4,2021-03-31 00:00:00,Year end JV to tranfer to capital account,-1,-1,,-2,,,,,,36
3302,4,2021-03-31 00:00:00,Year end JV to tranfer to capital account,-1,-1,,-2,,,,,,36
3303,4,2021-03-31 00:00:00,Year end JV to tranfer to capital account,-1,-1,,-2,,,,,,36
3304,10,2021-03-31 00:00:00,,-1,-1,,-2,,,,,,31
3305,6,2021-03-31 00:00:00,,-1,-1,,-2,,,,,,31
3306,4,2021-03-31 00:00:00,Year end JV to tranfer to capital account,-1,-1,,-2,,,,,,31
3307,4,2021-03-31 00:00:00,Year end JV to tranfer to capital account,-1,-1,,-2,,,,,,31
3308,4,2021-03-31 00:00:00,,-1,-1,,-2,,,,,,31
3309,4,2021-03-31 00:00:00,,-1,-1,,-2,,,,,,31
3310,6,2021-12-03 00:00:00,MB:TO PACK K,-1,-1,,-2,,,,1023,,29
3311,6,2021-12-03 00:00:00,MB:TO PACK,-1,-1,,-2,,,,1024,,29
3312,10,2021-12-03 00:00:00,NACH-10-CR-GLENMARKLIFESCIENCES-233999,-1,-1,,-2,,,,1025,,29
3313,6,2021-12-04 00:00:00,MB:PACK K,-1,-1,,-2,,,,1026,,29
3314,6,2021-12-08 00:00:00,PG SRASSK DONATIO,-1,-1,,-2,,,,1027,,29
3315,6,2021-12-09 00:00:00,MB:TO PACK K,-1,-1,,-2,,,,1028,,29
3316,10,2021-12-09 00:00:00,MB:RECEIVED MONEY FROM CREATIVEPACKAG 4913089961,-1,-1,,-2,,,,1029,,29
3318,10,2021-12-10 00:00:00,Received from CASH XX3173 IMPS YBL,-1,-1,,-2,,,,1031,,29
3319,6,2021-12-17 00:00:00,MB:TO PACK,-1,-1,,-2,,,,1032,,29
3320,12,2021-12-21 00:00:00,MB IDFC UNNATI                                   Ref 135515798996,-1,-1,,-2,,,,1033,,29
3322,12,2021-12-22 00:00:00,MB:to idfc,-1,-1,,-2,,,,1035,,29
3323,6,2021-12-25 00:00:00,MB:TO PACK,-1,-1,,-2,,,,1036,,29
3324,10,2022-01-01 00:00:00,Int.Pd:1912581915:01-10-2021 to 31-12-2021,-1,-1,,-2,,,,1037,,29
3325,10,2022-01-06 00:00:00,MB:RECEIVED MONEY FROM CREATIVEPACKAG 4913089961,-1,-1,,-2,,,,1038,,29
3326,6,2021-12-01 00:00:00,,-1,-1,,-2,,,,,,29
3327,6,2021-11-30 00:00:00,jio,-1,-1,,-2,,,,,,29
3328,10,2021-11-24 00:00:00,,-1,-1,,-2,,,,,,29
3329,6,2021-11-25 00:00:00,,-1,-1,,-2,,,,,,29
3330,10,2021-11-29 00:00:00,bob,-1,-1,,-2,,,,,,29
3331,6,2021-11-30 00:00:00,,-1,-1,,-2,,,,,,29
3332,6,2021-11-23 00:00:00,,-1,-1,,-2,,,,,,29
3333,6,2021-11-18 00:00:00,,-1,-1,,-2,,,,,,29
3334,6,2021-11-15 00:00:00,,-1,-1,,-2,,,,,,29
3335,6,2021-11-14 00:00:00,dpur food,-1,-1,,-2,,,,,,29
3336,10,2021-11-08 00:00:00,,-1,-1,,-2,,,,,,29
3337,10,2021-11-07 00:00:00,,-1,-1,,-2,,,,,,29
3338,10,2021-11-07 00:00:00,,-1,-1,,-2,,,,,,29
3339,10,2021-11-20 00:00:00,?,-1,-1,,-2,,,,,,29
3340,10,2021-11-25 00:00:00,,-1,-1,,-2,,,,,,29
3341,10,2021-12-31 00:00:00,,-1,-1,,-2,,,,,,29
3342,6,2021-12-21 00:00:00,,-1,-1,,-2,,,,,,29
3343,6,2021-12-22 00:00:00,,-1,-1,,-2,,,,,,29
3344,6,2021-12-02 00:00:00,cc,-1,-1,,-2,,,,,cc,29
3345,10,2021-12-02 00:00:00,cc,-1,-1,,-2,,,,,,29
3346,10,2021-11-30 00:00:00,,-1,-1,,-2,,,,,,29
3347,10,2021-11-27 00:00:00,,-1,-1,,-2,,,,,,29
3348,10,2021-11-15 00:00:00,,-1,-1,,-2,,,,,,29
3349,10,2021-11-10 00:00:00,asian paints,-1,-1,,-2,,,,,,29
3350,10,2021-10-31 00:00:00,,-1,-1,,-2,,,,,,29
3351,10,2021-10-28 00:00:00,,-1,-1,,-2,,,,,,29
3352,6,2021-12-01 00:00:00,,-1,-1,,-2,,,,,,29
3353,6,2021-11-08 00:00:00,,-1,-1,,-2,,,,,,29
3354,10,2022-01-13 00:00:00,balance tally,-1,-1,,-2,,,,,,29
3357,10,2021-11-09 00:00:00,NEFT CMS2228500018 R K GLOBAL SHARESAND SECURITI,-1,-1,,-2,,,,1041,,30
3358,6,2021-11-11 00:00:00,PG SRASSK SRA CODE PAY,-1,-1,,-2,,,,1042,,30
3360,10,2021-11-15 00:00:00,NEFT CMS2237992365 CENTRALDEPOSITORY SERVICES IN,-1,-1,,-2,,,,1044,,30
3365,6,2021-11-27 00:00:00,UPI/KANERI NITIN GA/133187820878/patricaprint,-1,-1,,-2,,,,1049,,30
3367,6,2021-12-02 00:00:00,UPI/Swiggy/133666068331/UPI,-1,-1,,-2,,,,1051,,30
3368,10,2021-12-04 00:00:00,NEFT SBIN221338350192 STATE BANK OFINDIA SBIN001,-1,-1,,-2,,,,1052,,30
3370,10,2021-12-07 00:00:00,NEFT CMS2277012728 R K GLOBAL SHARESAND SECURITI,-1,-1,,-2,,,,1054,,30
3371,6,2021-12-09 00:00:00,UPI/MARUTI ISHWAR P/134371685670/goldpaper scre,-1,-1,,-2,,,,1055,,30
3379,6,2021-12-28 00:00:00,UPI/Master RAHUL RA/136217904656/SendPayment,-1,-1,,-2,,,,1063,,30
3380,10,2022-01-01 00:00:00,Int.Pd:2012066081:01-10-2021 to 31-12-2021,-1,-1,,-2,,,,1064,,30
3381,6,2022-01-01 00:00:00,UPI/SHRIMAD RAJCHAN/200118078883/srmdfood,-1,-1,,-2,,,,1065,,30
3383,6,2022-01-04 00:00:00,UPI/SHRIMAD RAJCHAN/200467637899/srmdfood,-1,-1,,-2,,,,1067,,30
3386,6,2022-01-13 00:00:00,,-1,-1,,-2,,,,,,30
3387,10,2021-12-10 00:00:00,,-1,-1,,-2,,,,,,30
3388,6,2021-10-31 00:00:00,BIG BAZAAR,-1,-1,,-2,,,,,,30
3389,6,2021-10-31 00:00:00,JIO,-1,-1,,-2,,,,,,30
3390,6,2022-01-13 00:00:00,,-1,-1,,-2,,,,,,30
3391,10,2021-12-31 00:00:00,,-1,-1,,-2,,,,,,30
3392,10,2021-11-30 00:00:00,,-1,-1,,-2,,,,,,30
3393,10,2021-10-31 00:00:00,,-1,-1,,-2,,,,,,30
3394,6,2021-11-30 00:00:00,MB:TO PRINT,-1,-1,,-2,,,,1070,,31
3395,10,2021-12-02 00:00:00,MB:RECEIVED MONEY FROM CREATIVEPRINTE 5013215984,-1,-1,,-2,,,,1071,,31
3396,6,2021-12-04 00:00:00,KOTAK FASTAG IHMCLKB86DCEB18D2760B27 04/12/21,-1,-1,,-2,,,,1072,,31
3397,6,2021-12-04 00:00:00,PG FALAFEL,-1,-1,,-2,,,,1073,,31
3399,12,2021-12-06 00:00:00,MB TO SBI SAAHIL                                  Ref134022871191,-1,-1,,-2,,,,1075,,31
3400,6,2021-12-07 00:00:00,UPI/JANAM YOGESHGO/134118778295/advance for kot,-1,-1,,-2,,,,1076,,31
3401,10,2021-12-07 00:00:00,Received from CASH XX3173 IMPS YBL,-1,-1,,-2,,,,1077,,31
3402,6,2021-12-09 00:00:00,UPI/VAIBHAVJANARDH/134314833324/myntra,-1,-1,,-2,,,,1078,,31
3403,6,2021-12-09 00:00:00,OS AMAZON.IN 14374992993,-1,-1,,-2,,,,1079,,31
3404,6,2021-12-10 00:00:00,UPI/AMAZON SELLERS/134412740130/Amazon,-1,-1,,-2,,,,1080,,31
3406,10,2021-12-12 00:00:00,Received from MYNT XX9002 IMPS HSB,-1,-1,,-2,,,,1082,,31
3407,6,2021-12-13 00:00:00,UPI/GURUDAS JAIPAL /134714353228/wefastdress,-1,-1,,-2,,,,1083,,31
3408,6,2021-12-14 00:00:00,KOTAK FASTAG IHMCLKB8FC18612941AECE8 14/12/21,-1,-1,,-2,,,,1084,,31
3409,6,2021-12-14 00:00:00,KOTAK FASTAG IHMCLKB99CD85A16C30850E 14/12/21,-1,-1,,-2,,,,1085,,31
3410,10,2021-12-17 00:00:00,MB:RECEIVED MONEY FROM CREATIVEPRINTE 5013215984,-1,-1,,-2,,,,1086,,31
3411,6,2021-12-17 00:00:00,MB:TO PRINTERS,-1,-1,,-2,,,,1087,,31
3412,6,2021-12-21 00:00:00,MB:TO PRINTERS,-1,-1,,-2,,,,1088,,31
3413,6,2021-12-21 00:00:00,UPI/SHRIMADRAJCHAN/135518612088/cafeteria,-1,-1,,-2,,,,1089,,31
3414,6,2021-12-22 00:00:00,UPI/SHRIMAD RAJCHAN/135615201620/dosacafe,-1,-1,,-2,,,,1090,,31
3415,6,2021-12-24 00:00:00,UPI/SHRIMAD RAJCHAN/135822117079/Dpurcafe,-1,-1,,-2,,,,1091,,31
3417,6,2021-12-28 00:00:00,UPI/Master RAHUL RA/136216210630/SendPayment,-1,-1,,-2,,,,1093,,31
3418,6,2021-12-28 00:00:00,UPI/SHRIMAD RAJCHAN/136222793047/cafe,-1,-1,,-2,,,,1094,,31
3419,10,2022-01-01 00:00:00,Int.Pd:1712151141:01-10-2021 to 31-12-2021,-1,-1,,-2,,,,1095,,31
3420,6,2022-01-02 00:00:00,UPI/SHRIMAD RAJCHAN/200209099671/foodpass,-1,-1,,-2,,,,1096,,31
3422,6,2022-01-08 00:00:00,MB GST FOR OCT                                    Ref200810606923,-1,-1,,-2,,,,1098,,31
3423,6,2022-01-08 00:00:00,MB:TO PRINTERS,-1,-1,,-2,,,,1099,,31
3424,6,2022-01-08 00:00:00,UPI/SHRIMADRAJCHAN/200817801856/cafeteria,-1,-1,,-2,,,,1100,,31
3425,6,2022-01-11 00:00:00,KOTAK FASTAGIHMCL~KBA3DE093394A97371~11/01/22,-1,-1,,-2,,,,1101,,31
3426,6,2022-01-11 00:00:00,UPI/Rangoli Resto/201112362249/rangoli rest,-1,-1,,-2,,,,1102,,31
3427,6,2022-01-11 00:00:00,KOTAK FASTAGIHMCL~KBB78436892A7A1BA8~11/01/22,-1,-1,,-2,,,,1103,,31
3428,6,2021-10-31 00:00:00,,-1,-1,,-2,,,,,,31
3429,6,2021-10-31 00:00:00,niyati,-1,-1,,-2,,,,,,31
3430,6,2021-11-01 00:00:00,akshit,-1,-1,,-2,,,,,,31
3431,6,2021-11-01 00:00:00,fastag,-1,-1,,-2,,,,,,31
3432,6,2021-11-03 00:00:00,,-1,-1,,-2,,,,,,31
3433,6,2021-11-03 00:00:00,,-1,-1,,-2,,,,,,31
3434,10,2021-11-06 00:00:00,mihir shroff donation,-1,-1,,-2,,,,,,31
3435,6,2021-11-07 00:00:00,fastag,-1,-1,,-2,,,,,,31
3436,10,2021-11-08 00:00:00,flipkart,-1,-1,,-2,,,,,,31
3437,6,2021-11-14 00:00:00,fastag,-1,-1,,-2,,,,,,31
3438,6,2021-11-15 00:00:00,wefast,-1,-1,,-2,,,,,,31
3439,10,2021-11-16 00:00:00,,-1,-1,,-2,,,,,,31
3440,6,2021-11-18 00:00:00,fastag,-1,-1,,-2,,,,,,31
3441,6,2021-11-21 00:00:00,fastag,-1,-1,,-2,,,,,,31
3443,6,2021-11-26 00:00:00,,-1,-1,,-2,,,,,,31
3444,10,2021-12-31 00:00:00,,-1,-1,,-2,,,,,,31
3445,10,2021-12-04 00:00:00,,-1,-1,,-2,,,,,,31
3446,10,2021-11-30 00:00:00,,-1,-1,,-2,,,,,,31
3447,10,2021-11-10 00:00:00,,-1,-1,,-2,,,,,,31
3448,10,2021-10-31 00:00:00,,-1,-1,,-2,,,,,,31
3449,6,2021-12-06 00:00:00,,-1,-1,,-2,,,,,,31
3450,6,2021-12-31 00:00:00,,-1,-1,,-2,,,,,,31
3451,6,2021-11-10 00:00:00,,-1,-1,,-2,,,,,,31
3452,6,2022-01-05 00:00:00,,-1,-1,,-2,,,,,,32
3453,10,2022-01-01 00:00:00,,-1,-1,,-2,,,,,,32
3454,10,2021-12-31 00:00:00,,-1,-1,,-2,,,,,,32
3455,10,2021-12-09 00:00:00,,-1,-1,,-2,,,,,,32
3456,6,2021-12-01 00:00:00,,-1,-1,,-2,,,,,,32
3457,6,2021-11-16 00:00:00,,-1,-1,,-2,,,,,,32
3459,6,2022-01-12 00:00:00,NATURAL ICE CREAM,-1,-1,,-2,,,,,,36
3460,6,2022-01-12 00:00:00,ZOMATO,-1,-1,,-2,,,,,,36
3461,10,2022-01-12 00:00:00,,-1,-1,,-2,,,,,,36
3462,6,2022-01-02 00:00:00,DPUR CAFE,-1,-1,,-2,,,,,,36
3463,6,2022-01-02 00:00:00,ORGANISERS,-1,-1,,-2,,,,,,36
3464,10,2021-12-31 00:00:00,,-1,-1,,-2,,,,,,36
3465,6,2021-12-24 00:00:00,DPUR CAFE,-1,-1,,-2,,,,,,36
3466,10,2021-12-06 00:00:00,,-1,-1,,-2,,,,,,36
3467,10,2021-12-08 00:00:00,,-1,-1,,-2,,,,,,36
3468,10,2021-11-29 00:00:00,NANI GIFT,-1,-1,,-2,,,,,,36
3469,10,2021-11-26 00:00:00,FRENCH VIVAAN,-1,-1,,-2,,,,,,36
3470,6,2021-11-25 00:00:00,VEGGIES,-1,-1,,-2,,,,,,36
3471,10,2021-11-18 00:00:00,RADHA FOOD PASS,-1,-1,,-2,,,,,,36
3472,6,2021-11-13 00:00:00,,-1,-1,,-2,,,,,,36
3473,10,2021-11-11 00:00:00,FRENCH YUVAAN,-1,-1,,-2,,,,,,36
3474,10,2021-11-11 00:00:00,,-1,-1,,-2,,,,,,36
3475,10,2021-11-11 00:00:00,KRITIK GIFT,-1,-1,,-2,,,,,,36
3476,6,2021-12-12 00:00:00,PETROL,-1,-1,,-2,,,,,,36
3477,10,2021-12-31 00:00:00,,-1,-1,,-2,,,,,,36
3478,10,2021-11-30 00:00:00,,-1,-1,,-2,,,,,,36
3479,6,2021-11-25 00:00:00,,-1,-1,,-2,,,,,,36
3480,10,2021-11-03 00:00:00,TCS,-1,-1,,-2,,,,,,36
3481,10,2021-11-03 00:00:00,,-1,-1,,-2,,,,,,36
3482,10,2021-10-31 00:00:00,,-1,-1,,-2,,,,,,36
3483,4,2021-12-31 00:00:00,,-1,-1,,-2,,,,,,36
3486,6,2022-01-19 00:00:00,UPI/JioFiber/201919720188/JIO20TB00001C91,-1,-1,,-2,,,,1106,,30
3488,10,2022-01-20 00:00:00,NEFT ICIB220200019890 UPPCL BONDSERVICING ACCOUN,-1,-1,,-2,,,,1108,,30
3489,6,2022-01-22 00:00:00,UPI/EKART/202260621290/Payment for FMP,-1,-1,,-2,,,,1109,,30
3491,6,2022-01-25 00:00:00,UPI/Instamojo/202535625911/snatra video,-1,-1,,-2,,,,1111,,30
3494,10,2022-02-01 00:00:00,NACH-ECS-CR-SHCIL_INT TAX BONDS-INT1TBSHC54122603,-1,-1,,-2,,,,1114,,30
3496,6,2022-02-04 00:00:00,UPI/Swiggy/203503564290/parce,-1,-1,,-2,,,,1116,,30
3498,6,2022-02-05 00:00:00,MB:TO UPS K,-1,-1,,-2,,,,1118,,30
3499,6,2022-02-06 00:00:00,UPI/Instamojo Techn/203742545330/UPI,-1,-1,,-2,,,,1119,,30
3500,10,2022-02-07 00:00:00,BY CLG INST 65/04-02-22/HDFC/MUMBAI mukesh shah,-1,-1,,-2,,,,1120,,30
3501,6,2022-02-07 00:00:00,UPI/Swiggy/203853522818/courier,-1,-1,,-2,,,,1121,,30
3502,6,2022-02-07 00:00:00,PCI/7676/RIZEK/ABU DHABI070222/18:21,-1,-1,,-2,,,,1122,,30
3504,6,2022-02-08 00:00:00,UPI/Swiggy/203964365176/courier,-1,-1,,-2,,,,1124,,30
3505,6,2022-02-08 00:00:00,UPI/Swiggy/203964732836/courier,-1,-1,,-2,,,,1125,,30
3508,10,2022-02-10 00:00:00,NEFT 204001872GN00156 LIBERTY GENERALINSURANC DE,-1,-1,,-2,,,,1128,,30
3509,6,2022-02-10 00:00:00,Tips/Schgs/Exh//RIZEK,-1,-1,,-2,,,,1129,,30
3512,6,2022-02-10 00:00:00,MB:RKG IK2404,-1,-1,,-2,,,,1132,,30
3513,6,2022-02-17 00:00:00,UPI/ARVIND ARUN GHA/204364102976/UPI,-1,-1,,-2,,,,1133,,30
3516,10,2022-02-15 00:00:00,NACH-10-CR-AAIPS3625H-AY2021-22-CE22169184077,-1,-1,,-2,,,,1136,,30
3518,10,2022-02-15 00:00:00,,-1,-1,,-2,,,,,,29
3519,10,2022-02-12 00:00:00,,-1,-1,,-2,,,,,,29
3520,6,2022-02-12 00:00:00,,-1,-1,,-2,,,,,,29
3521,6,2022-02-10 00:00:00,,-1,-1,,-2,,,,,,29
3522,10,2022-02-10 00:00:00,nimishbhai silver coin,-1,-1,,-2,,,,,,29
3523,10,2022-02-07 00:00:00,s v shah,-1,-1,,-2,,,,,,29
3524,6,2022-02-05 00:00:00,,-1,-1,,-2,,,,,,29
3525,10,2022-02-05 00:00:00,,-1,-1,,-2,,,,,,29
3526,6,2022-02-08 00:00:00,new electric,-1,-1,,-2,,,,,,29
3527,6,2022-01-31 00:00:00,,-1,-1,,-2,,,,,,29
3528,10,2022-01-29 00:00:00,,-1,-1,,-2,,,,,,29
3529,6,2022-01-28 00:00:00,,-1,-1,,-2,,,,,,29
3530,10,2022-01-27 00:00:00,,-1,-1,,-2,,,,,,29
3531,10,2022-01-27 00:00:00,,-1,-1,,-2,,,,,,29
3532,10,2022-01-26 00:00:00,,-1,-1,,-2,,,,,,29
3533,6,2022-01-25 00:00:00,,-1,-1,,-2,,,,,,29
3534,6,2022-01-20 00:00:00,,-1,-1,,-2,,,,,,29
3535,6,2022-01-19 00:00:00,,-1,-1,,-2,,,,,,29
3536,10,2022-01-19 00:00:00,,-1,-1,,-2,,,,,,29
3537,6,2022-01-19 00:00:00,,-1,-1,,-2,,,,,,29
3538,6,2022-01-16 00:00:00,,-1,-1,,-2,,,,,,29
3539,10,2022-01-16 00:00:00,,-1,-1,,-2,,,,,,29
3540,6,2022-02-01 00:00:00,,-1,-1,,-2,,,,,,29
3541,6,2022-02-01 00:00:00,,-1,-1,,-2,,,,,,29
3542,6,2022-02-01 00:00:00,,-1,-1,,-2,,,,,,29
3543,6,2022-02-01 00:00:00,,-1,-1,,-2,,,,,,29
3544,6,2022-02-01 00:00:00,,-1,-1,,-2,,,,,,29
3545,10,2022-02-03 00:00:00,,-1,-1,,-2,,,,,,29
3546,6,2022-01-17 00:00:00,MB:TO PRINTERS,-1,-1,,-2,,,,1138,,31
3547,6,2022-01-18 00:00:00,MB:TO PRINTERS,-1,-1,,-2,,,,1139,,31
3548,6,2022-01-20 00:00:00,MB:TO PRINT,-1,-1,,-2,,,,1140,,31
3550,10,2022-01-22 00:00:00,Recd:IMPS/202210185238/MYNTRADES/KKBK/X9002/OaQTm,-1,-1,,-2,,,,1142,,31
3551,10,2022-01-23 00:00:00,Recd:IMPS/202312709978/FlipkartI/KKBK/X0602/FT220,-1,-1,,-2,,,,1143,,31
3552,10,2022-01-23 00:00:00,Recd:IMPS/202312709981/FlipkartI/KKBK/X0602/FT220,-1,-1,,-2,,,,1144,,31
3553,6,2022-01-23 00:00:00,UPI/Swiggy/202315863252/biscuits dubai,-1,-1,,-2,,,,1145,,31
3554,6,2022-01-24 00:00:00,MB:TO PRINT,-1,-1,,-2,,,,1146,,31
3555,10,2022-01-24 00:00:00,Recd:IMPS/202414006322/FlipkartI/KKBK/X0602/FT220,-1,-1,,-2,,,,1147,,31
3556,6,2022-01-24 00:00:00,UPI/VAIBHAVJANARDH/202417249007/myntra,-1,-1,,-2,,,,1148,,31
3557,6,2022-01-24 00:00:00,UPI/EKART/202417969072/Payment for FMP,-1,-1,,-2,,,,1149,,31
3558,10,2022-01-25 00:00:00,Recd:IMPS/202509154917/MYNTRADES/KKBK/X9002/rXbXo,-1,-1,,-2,,,,1150,,31
3559,10,2022-01-25 00:00:00,Recd:IMPS/202513184548/FlipkartI/KKBK/X0602/FT220,-1,-1,,-2,,,,1151,,31
3560,10,2022-01-25 00:00:00,UPI/SAIL SUSHIL CHI/202527931400/UPI,-1,-1,,-2,,,,1152,,31
3561,10,2022-01-26 00:00:00,Recd:IMPS/202614034122/MYNTRADES/KKBK/X9002/zS8R8,-1,-1,,-2,,,,1153,,31
3563,6,2022-01-27 00:00:00,UPI/SANDESHMEGHNAT/202711063199/positive,-1,-1,,-2,,,,1155,,31
3564,6,2022-01-27 00:00:00,UPI/PANKTI DEEPAK C/202713744365/Foodpackets,-1,-1,,-2,,,,1156,,31
3565,10,2022-01-27 00:00:00,UPI/GOOGLEPAY/202750868467/UPI,-1,-1,,-2,,,,1157,,31
3566,6,2022-01-27 00:00:00,MB:TO PRINT,-1,-1,,-2,,,,1158,,31
3567,6,2022-01-27 00:00:00,MB TRAVEL INSURANCE                                      Ref202722063779,-1,-1,,-2,,,,1159,,31
3568,6,2022-01-27 00:00:00,MB:TO PRINT,-1,-1,,-2,,,,1160,,31
3569,6,2022-01-28 00:00:00,KOTAK FASTAGIHMCL~KBBBC85B3A6E4F6CF3~28/01/22,-1,-1,,-2,,,,1161,,31
3570,6,2022-01-28 00:00:00,KOTAK FASTAGIHMCL~KB9BA2E7945A963DFE~28/01/22,-1,-1,,-2,,,,1162,,31
3571,6,2022-01-30 00:00:00,KOTAK FASTAGIHMCL~KBA20BA401270D641C~30/01/22,-1,-1,,-2,,,,1163,,31
3572,10,2022-01-31 00:00:00,UPI/GOOGLEPAY/203121443318/UPI,-1,-1,,-2,,,,1164,,31
3573,10,2022-01-31 00:00:00,Recd:IMPS/203114228343/MYNTRADES/KKBK/X9002/9RVhu,-1,-1,,-2,,,,1165,,31
3574,10,2022-01-31 00:00:00,Recd:IMPS/203114228402/MYNTRADES/KKBK/X9002/zv5Pp,-1,-1,,-2,,,,1166,,31
3575,10,2022-01-31 00:00:00,Recd:IMPS/203114228496/MYNTRADES/KKBK/X9002/PfJOA,-1,-1,,-2,,,,1167,,31
3576,10,2022-01-31 00:00:00,Recd:IMPS/203117282076/MYNTRADES/KKBK/X9002/vl4t2,-1,-1,,-2,,,,1168,,31
3577,6,2022-01-31 00:00:00,PG DUBAI FOOD,-1,-1,,-2,,,,1169,,31
3580,6,2022-02-12 00:00:00,MB:TO PRINT ERS,-1,-1,,-2,,,,1172,,31
3581,10,2022-02-12 00:00:00,Recd:IMPS/204317305363/MYNTRADES/KKBK/X9002/xKV4p,-1,-1,,-2,,,,1173,,31
3582,10,2022-02-12 00:00:00,Recd:IMPS/204317305379/MYNTRADES/KKBK/X9002/yhIO6,-1,-1,,-2,,,,1174,,31
3583,10,2022-02-14 00:00:00,NEFT CMS2396047966 R K GLOBALCOMMODITY BROKING L,-1,-1,,-2,,,,1175,,31
3584,6,2022-02-15 00:00:00,KOTAK FASTAGIHMCL~KBB23F452BEB6D8495~15/02/22,-1,-1,,-2,,,,1176,,31
3585,6,2022-02-15 00:00:00,MB:TO PRINTERS,-1,-1,,-2,,,,1177,,31
3586,10,2022-02-15 00:00:00,NACH-10-CR-CGTPS8217E-AY2021-22-CE22168812501,-1,-1,,-2,,,,1178,,31
3587,6,2022-02-12 00:00:00,,-1,-1,,-2,,,,,,32
3588,6,2022-02-12 00:00:00,,-1,-1,,-2,,,,,,32
3589,6,2022-01-27 00:00:00,,-1,-1,,-2,,,,,,32
3590,10,2022-01-19 00:00:00,,-1,-1,,-2,,,,,,32
3591,10,2022-02-15 00:00:00,swarupini,-1,-1,,-2,,,,,,36
3592,10,2022-02-15 00:00:00,virali,-1,-1,,-2,,,,,,36
3593,10,2022-02-12 00:00:00,,-1,-1,,-2,,,,,,36
3594,10,2022-02-04 00:00:00,singapore,-1,-1,,-2,,,,,,36
3595,10,2022-02-04 00:00:00,,-1,-1,,-2,,,,,,36
3596,6,2022-01-28 00:00:00,srmd,-1,-1,,-2,,,,,,36
3597,6,2022-01-28 00:00:00,,-1,-1,,-2,,,,,,36
3598,6,2022-01-27 00:00:00,,-1,-1,,-2,,,,,,36
3599,10,2022-01-26 00:00:00,kajal mehta,-1,-1,,-2,,,,,,36
3600,10,2022-01-25 00:00:00,,-1,-1,,-2,,,,,,36
3601,6,2022-01-25 00:00:00,train,-1,-1,,-2,,,,,,36
3602,6,2022-01-24 00:00:00,train,-1,-1,,-2,,,,,,36
3603,6,2022-01-24 00:00:00,radha,-1,-1,,-2,,,,,,36
3604,6,2022-01-24 00:00:00,radha,-1,-1,,-2,,,,,,36
3605,6,2022-01-22 00:00:00,,-1,-1,,-2,,,,,,36
3606,6,2022-01-20 00:00:00,,-1,-1,,-2,,,,,,36
3607,6,2022-01-17 00:00:00,irctc,-1,-1,,-2,,,,,,36
3608,6,2022-02-13 00:00:00,,-1,-1,,-2,,,,,,36
3609,6,2022-02-13 00:00:00,,-1,-1,,-2,,,,,,36
3610,10,2022-02-14 00:00:00,,-1,-1,,-2,,,,,,31
3611,10,2022-01-31 00:00:00,,-1,-1,,-2,,,,,,31
3612,6,2022-01-20 00:00:00,,-1,-1,,-2,,,,,,31
3613,6,2022-01-25 00:00:00,,-1,-1,,-2,,,,,,31
3615,6,2022-02-22 00:00:00,,-1,-1,,-2,,,,,,32
3616,10,2022-02-22 00:00:00,,-1,-1,,-2,,,,,,30
3617,10,2022-02-22 00:00:00,CREATIVE ENT,-1,-1,,-2,,,,,,30
3619,10,2022-02-16 00:00:00,,-1,-1,,-2,,,,,,29
3620,10,2022-01-31 00:00:00,,-1,-1,,-2,,,,,,29
3621,10,2022-01-16 00:00:00,DELAY INT,-1,-1,,-2,,,,,,29
3622,6,2022-02-17 00:00:00,paid to sps for hospital,-1,-1,,-2,,,,,,30
3628,6,2022-02-18 00:00:00,,-1,-1,,-2,,,,,,31
3629,6,2022-02-18 00:00:00,RANGOLI,-1,-1,,-2,,,,,,31
3630,6,2022-02-20 00:00:00,,-1,-1,,-2,,,,,,31
3631,6,2022-02-21 00:00:00,MYNTRA,-1,-1,,-2,,,,,,31
3632,6,2022-02-21 00:00:00,FASTAG,-1,-1,,-2,,,,,,31
3633,6,2022-02-22 00:00:00,,-1,-1,,-2,,,,,,31
3634,6,2022-02-23 00:00:00,MYNTRA,-1,-1,,-2,,,,,,31
3635,6,2022-02-18 00:00:00,FASTAG,-1,-1,,-2,,,,,,31
3636,6,2022-02-17 00:00:00,,-1,-1,,-2,,,,,,31
3637,6,2022-02-17 00:00:00,,-1,-1,,-2,,,,,,31
3638,10,2021-10-06 00:00:00,,-1,-1,,-2,,,,,,29
3639,6,2022-02-24 00:00:00,,-1,-1,,-2,,,,,,36
3640,10,2022-02-24 00:00:00,,-1,-1,,-2,,,,,,29
3641,6,2022-02-25 00:00:00,credit card,-1,-1,,-2,,,,,,31
3642,10,2022-02-23 00:00:00,,-1,-1,,-2,,,,,,31
3643,4,2022-02-23 00:00:00,billing in printers,-1,-1,,-2,,,,,,31
3644,6,2022-02-17 00:00:00,,-1,-1,,-2,,,,,,32
3645,4,2022-02-25 00:00:00,true colour print,-1,-1,,-2,,,,,,32
3646,4,2022-02-25 00:00:00,true col print,-1,-1,,-2,,,,,,29
3647,10,2021-12-25 00:00:00,,-1,-1,,-2,,,,,,31
3648,6,2021-12-07 00:00:00,,-1,-1,,-2,,,,,,31
3650,6,2022-02-25 00:00:00,,-1,-1,,-2,,,,,,29
3651,6,2022-02-25 00:00:00,,-1,-1,,-2,,,,,,30
3652,10,2022-02-26 00:00:00,xxxx tuition cash,-1,-1,,-2,,,,,,36
3653,4,2021-09-15 00:00:00,,-1,-1,,-2,,,,,,31
3654,10,2021-09-25 00:00:00,,-1,-1,,-2,,,,,,31
3655,6,2021-12-19 00:00:00,bank charges idbi,-1,-1,,-2,,,,,,31
3656,10,2021-12-25 00:00:00,,-1,-1,,-2,,,,,,31
3657,4,2021-09-15 00:00:00,,-1,-1,,-2,,,,,,36
3658,6,2022-02-17 00:00:00,,-1,-1,,-2,,,,,,36
3659,10,2022-02-18 00:00:00,varun,-1,-1,,-2,,,,,,36
3660,6,2022-02-18 00:00:00,,-1,-1,,-2,,,,,,36
3661,6,2022-02-22 00:00:00,myntra,-1,-1,,-2,,,,,,36
3662,10,2022-02-22 00:00:00,,-1,-1,,-2,,,,,,36
3663,10,2022-02-26 00:00:00,radha,-1,-1,,-2,,,,,,36
3664,6,2022-03-06 00:00:00,amazon,-1,-1,,-2,,,,,,36
3666,6,2022-03-12 00:00:00,,-1,-1,,-2,,,,,,36
3667,6,2022-03-13 00:00:00,,-1,-1,,-2,,,,,,36
3668,6,2022-03-13 00:00:00,,-1,-1,,-2,,,,,,36
3669,10,2022-01-31 00:00:00,,-1,-1,,-2,,,,,,36
3670,10,2022-02-28 00:00:00,,-1,-1,,-2,,,,,,36
3671,10,2022-02-24 00:00:00,,-1,-1,,-2,,,,,,36
3672,6,2022-02-24 00:00:00,,-1,-1,,-2,,,,,,36
3673,10,2022-02-07 00:00:00,tcs,-1,-1,,-2,,,,,,36
3674,10,2022-01-22 00:00:00,,-1,-1,,-2,,,,,,36
3675,6,2022-01-20 00:00:00,,-1,-1,,-2,,,,,,36
3676,6,2022-03-12 00:00:00,AMAZON 560-70-3,-1,-1,,-2,,,,,,31
3677,6,2022-03-11 00:00:00,PASSPORT,-1,-1,,-2,,,,,,31
3678,6,2022-03-05 00:00:00,,-1,-1,,-2,,,,,,31
3679,10,2022-03-07 00:00:00,KAJALBEN -MANGO,-1,-1,,-2,,,,,,31
3680,6,2022-03-07 00:00:00,,-1,-1,,-2,,,,,,31
3681,6,2022-03-06 00:00:00,,-1,-1,,-2,,,,,,31
3682,10,2022-02-26 00:00:00,SUNIL,-1,-1,,-2,,,,,,31
3683,10,2022-02-25 00:00:00,MYNTRA,-1,-1,,-2,,,,,,31
3684,10,2022-02-24 00:00:00,MYNTRA,-1,-1,,-2,,,,,,31
3685,6,2022-03-10 00:00:00,,-1,-1,,-2,,,,,,31
3686,6,2022-03-05 00:00:00,,-1,-1,,-2,,,,,,31
3687,6,2022-03-05 00:00:00,,-1,-1,,-2,,,,,,31
3688,6,2022-03-04 00:00:00,,-1,-1,,-2,,,,,,31
3689,10,2022-03-03 00:00:00,,-1,-1,,-2,,,,,,31
3690,6,2022-03-03 00:00:00,,-1,-1,,-2,,,,,,31
3691,6,2022-02-28 00:00:00,,-1,-1,,-2,,,,,,31
3692,6,2022-02-24 00:00:00,,-1,-1,,-2,,,,,,31
3693,4,2022-03-08 00:00:00,,-1,-1,,-2,,,,,,31
3694,10,2022-02-07 00:00:00,,-1,-1,,-2,,,,,,31
3695,6,2022-01-20 00:00:00,,-1,-1,,-2,,,,,,31
3696,10,2022-02-25 00:00:00,,-1,-1,,-2,,,,,,29
3697,10,2022-02-25 00:00:00,,-1,-1,,-2,,,,,,29
3698,4,2022-02-25 00:00:00,,-1,-1,,-2,,,,,,29
3699,6,2022-03-02 00:00:00,,-1,-1,,-2,,,,,,29
3700,10,2022-03-07 00:00:00,,-1,-1,,-2,,,,,,29
3701,6,2022-03-10 00:00:00,,-1,-1,,-2,,,,,,29
3702,6,2022-03-14 00:00:00,,-1,-1,,-2,,,,,,29
3703,6,2022-03-07 00:00:00,,-1,-1,,-2,,,,,,29
3704,10,2022-02-28 00:00:00,,-1,-1,,-2,,,,,,29
3705,10,2022-02-28 00:00:00,,-1,-1,,-2,,,,,,31
3706,6,2022-02-25 00:00:00,,-1,-1,,-2,,,,,,31
3707,6,2022-03-08 00:00:00,,-1,-1,,-2,,,,,,32
3708,6,2022-03-14 00:00:00,144 +9856 on 27-1-22,-1,-1,,-2,,,,,,32
3710,6,2022-03-12 00:00:00,,-1,-1,,-2,,,,,,32
3711,6,2022-03-12 00:00:00,tata aia,-1,-1,,-2,,,,,,30
3712,10,2022-03-08 00:00:00,ntpc,-1,-1,,-2,,,,,,30
3713,6,2022-03-11 00:00:00,,-1,-1,,-2,,,,,,30
3714,6,2022-01-31 00:00:00,big kankotri,-1,-1,,-2,,,,,,30
3715,6,2022-02-16 00:00:00,,-1,-1,,-2,,,,,,30
3716,6,2022-02-12 00:00:00,,-1,-1,,-2,,,,,,30
3717,6,2022-02-02 00:00:00,,-1,-1,,-2,,,,,,30
3718,6,2022-02-09 00:00:00,,-1,-1,,-2,,,,,,30
3719,10,2022-01-31 00:00:00,,-1,-1,,-2,,,,,,30
3720,10,2022-02-28 00:00:00,,-1,-1,,-2,,,,,,30
3722,10,2021-12-25 00:00:00,,-1,-1,,-2,,,,,,30
3723,6,2022-03-15 00:00:00,ups irctc,-1,-1,,-2,,,,,,36
3724,6,2022-03-15 00:00:00,,-1,-1,,-2,,,,,,32
3725,6,2022-03-17 00:00:00,,-1,-1,,-2,,,,,,30
3726,6,2022-03-19 00:00:00,,-1,-1,,-2,,,,,,30
3727,6,2022-03-20 00:00:00,,-1,-1,,-2,,,,,,30
3728,6,2022-03-20 00:00:00,,-1,-1,,-2,,,,,,30
3729,4,2022-03-21 00:00:00,,-1,-1,,-2,,,,,,31
3730,6,2022-03-19 00:00:00,,-1,-1,,-2,,,,,,32
3731,6,2022-03-24 00:00:00,ajo,-1,-1,,-2,,,,,,30
3732,6,2022-03-23 00:00:00,borbon biscut,-1,-1,,-2,,,,,,31
3733,6,2022-03-22 00:00:00,"paper clip
\",-1,-1,,-2,,,,,,31
3734,6,2022-03-16 00:00:00,,-1,-1,,-2,,,,,,31
3735,6,2022-03-17 00:00:00,,-1,-1,,-2,,,,,,31
3736,6,2022-03-19 00:00:00,money to wa,-1,-1,,-2,,,,,,31
3737,10,2022-03-15 00:00:00,,-1,-1,,-2,,,,,,36
3738,10,2022-03-16 00:00:00,amazone,-1,-1,,-2,,,,,,36
3739,6,2022-03-20 00:00:00,,-1,-1,,-2,,,,,,36
3740,6,2022-03-20 00:00:00,,-1,-1,,-2,,,,,,36
3741,10,2022-03-21 00:00:00,nach,-1,-1,,-2,,,,,,30
3742,6,2022-03-25 00:00:00,sps wallet paid from idfc cc inv from creative printers,-1,-1,,-2,,,,,,31
3743,6,2022-03-25 00:00:00,cc bill,-1,-1,,-2,,,,,,31
3747,10,2021-10-20 00:00:00,,-1,-1,,-2,,,,,,31
3748,6,2021-10-20 00:00:00,,-1,-1,,-2,,,,,,30
3749,6,2022-03-25 00:00:00,,-1,-1,,-2,,,,,,31
3750,10,2022-03-25 00:00:00,,-1,-1,,-2,,,,,,30
3751,10,2021-06-21 00:00:00,,-1,-1,,-2,,,,,,30
3752,6,2022-03-25 00:00:00,,-1,-1,,-2,,,,,,30
3753,6,2022-03-25 00:00:00,TOTAL,-1,-1,,-2,,,,,,29
3754,4,2022-03-25 00:00:00,,-1,-1,,-2,,,,,,36
3755,6,2022-03-25 00:00:00,,-1,-1,,-2,,,,,,36
3763,10,2021-06-25 00:00:00,,-1,-1,,-2,,,,,,29
3764,10,2021-09-25 00:00:00,,-1,-1,,-2,,,,,,29
3765,10,2021-12-25 00:00:00,,-1,-1,,-2,,,,,,29
3766,10,2022-03-25 00:00:00,,-1,-1,,-2,,,,,,29
3767,6,2022-03-12 00:00:00,,-1,-1,,-2,,,,,,36
3768,10,2021-09-25 00:00:00,,-1,-1,,-2,,,,,,36
3769,6,2021-10-29 00:00:00,,-1,-1,,-2,,,,,,36
3770,6,2021-10-31 00:00:00,,-1,-1,,-2,,,,,,36
3771,6,2021-11-11 00:00:00,vegetables,-1,-1,,-2,,,,,,36
3772,10,2021-12-25 00:00:00,,-1,-1,,-2,,,,,,36
3773,6,2021-12-29 00:00:00,,-1,-1,,-2,,,,,,36
3774,6,2021-12-29 00:00:00,,-1,-1,,-2,,,,,,36
3775,6,2022-03-25 00:00:00,no record,-1,-1,,-2,,,,,,36
3776,10,2022-03-19 00:00:00,,-1,-1,,-2,,,,,,32
3777,6,2022-03-06 00:00:00,,-1,-1,,-2,,,,,,32
3778,10,2022-02-04 00:00:00,,-1,-1,,-2,,,,,,32
3779,6,2021-12-11 00:00:00,,-1,-1,,-2,,,,,,32
3780,10,2021-11-03 00:00:00,,-1,-1,,-2,,,,,,32
3781,6,2021-09-19 00:00:00,,-1,-1,,-2,,,,,,32
3782,10,2021-08-04 00:00:00,,-1,-1,,-2,,,,,,32
3783,6,2021-06-16 00:00:00,,-1,-1,,-2,,,,,,32
3784,10,2021-05-04 00:00:00,,-1,-1,,-2,,,,,,32
3785,6,2022-03-28 00:00:00,,-1,-1,,-2,,,,,,30
3786,4,2021-04-04 00:00:00,cant find. diff in opening balance,-1,-1,,-2,,,,,,30
3787,4,2022-03-31 00:00:00,penalty,-1,-1,,-2,,,,,,30
3790,4,2022-03-31 00:00:00,,-1,-1,,-2,,,,,,30
3791,10,2022-03-28 00:00:00,,-1,-1,,-2,,,,,,29
3792,6,2022-03-31 00:00:00,,-1,-1,,-2,,,,,,29
3793,6,2022-03-26 00:00:00,,-1,-1,,-2,,,,,,29
3794,10,2022-03-26 00:00:00,,-1,-1,,-2,,,,,,29
3795,10,2022-03-31 00:00:00,,-1,-1,,-2,,,,,,29
3796,4,2022-03-31 00:00:00,,-1,-1,,-2,,,,,,29
3798,10,2022-03-31 00:00:00,,-1,-1,,-2,,,,,,31
3799,10,2022-03-31 00:00:00,,-1,-1,,-2,,,,,,31
3800,6,2022-03-30 00:00:00,fastag,-1,-1,,-2,,,,,,31
3801,6,2022-03-31 00:00:00,,-1,-1,,-2,,,,,,31
3802,6,2022-03-28 00:00:00,,-1,-1,,-2,,,,,,31
3803,10,2022-03-31 00:00:00,,-1,-1,,-2,,,,,,30
3804,10,2022-03-31 00:00:00,,-1,-1,,-2,,,,,,32
3805,10,2022-03-31 00:00:00,,-1,-1,,-2,,,,,,36
3806,10,2022-03-29 00:00:00,,-1,-1,,-2,,,,,,36
3808,10,2022-03-25 00:00:00,,-1,-1,,-2,,,,,,30
3809,10,2022-03-25 00:00:00,,-1,-1,,-2,,,,,,29
3810,10,2022-03-25 00:00:00,,-1,-1,,-2,,,,,,29
3811,10,2022-03-31 00:00:00,,-1,-1,,-2,,,,,,29
3812,4,2022-03-31 00:00:00,dp and other charges,-1,-1,,-2,,,,,,31
3813,4,2022-03-31 00:00:00,,-1,-1,,-2,,,,,,29
3814,4,2022-03-31 00:00:00,dp and other exp,-1,-1,,-2,,,,,,31
3815,10,2021-12-06 00:00:00,,-1,-1,,-2,,,,,,31
3816,4,2022-03-31 00:00:00,,-1,-1,,-2,,,,,,36
3838,6,2022-04-08 00:00:00,UPI/SHRIMADRAJCHAN/209814092077/pramesh,-1,-1,,-2,,,,1200,UPI-209834195902,30
3841,10,2022-04-18 00:00:00,Recd:IMPS/210811490770/Razorpay,-1,-1,,-2,,,,1203,IMPS-,30
3842,6,2022-04-18 00:00:00,MB:mstock account opening,-1,-1,,-2,,,,1204,KKBKH2210889970,30
3843,6,2022-04-18 00:00:00,UPI/MIRAE ASSETCAP/210899081844/MIRAEASSETCAPIT,-1,-1,,-2,,,,1205,UPI-210887040780,30
3844,6,2022-04-18 00:00:00,UPI/MIRAE ASSETCAP/210814304592/MIRAEASSETCAPIT,-1,-1,,-2,,,,1206,UPI-210888706348,30
3845,6,2022-04-18 00:00:00,PG MSTOCK RAZORPAY TRADING APA,-1,-1,,-2,,,,1207,KPG-0164467764,30
3848,6,2022-04-19 00:00:00,UPI/DEEPAK NARAYAN/210917231562/granth,-1,-1,,-2,,,,1210,UPI-210902115317,30
3850,10,2022-04-20 00:00:00,NEFT ICIB221100011169 UPPCL BOND,-1,-1,,-2,,,,1212,NEFTINW-,30
3853,10,2022-04-25 00:00:00,,-1,-1,,-2,,,,,,30
3854,6,2022-04-26 00:00:00,,-1,-1,,-2,,,,,,30
3855,10,2022-04-09 00:00:00,,-1,-1,,-2,,,,,,32
3856,6,2022-04-24 00:00:00,,-1,-1,,-2,,,,,,32
3857,6,2022-04-24 00:00:00,,-1,-1,,-2,,,,,,29
3858,6,2022-04-24 00:00:00,,-1,-1,,-2,,,,,,29
3860,10,2022-04-04 00:00:00,,-1,-1,,-2,,,,,,29
3861,10,2022-04-05 00:00:00,,-1,-1,,-2,,,,,,31
3862,6,2022-04-06 00:00:00,,-1,-1,,-2,,,,,,31
3863,10,2022-04-07 00:00:00,,-1,-1,,-2,,,,,,31
3864,6,2022-04-08 00:00:00,FASTAG,-1,-1,,-2,,,,,,31
3865,6,2022-04-09 00:00:00,,-1,-1,,-2,,,,,,31
3866,6,2022-04-10 00:00:00,,-1,-1,,-2,,,,,,31
3867,6,2022-04-12 00:00:00,,-1,-1,,-2,,,,,,31
3868,6,2022-04-17 00:00:00,,-1,-1,,-2,,,,,,31
3869,6,2022-04-24 00:00:00,,-1,-1,,-2,,,,,,31
3870,6,2022-04-25 00:00:00,SLICE CARD PAYMENT,-1,-1,,-2,,,,,,31
3871,4,2022-04-02 00:00:00,,-1,-1,,-2,,,,,,36
3872,4,2022-03-22 00:00:00,,-1,-1,,-2,,,,,,36
3873,4,2022-03-22 00:00:00,,-1,-1,,-2,,,,,,36
3874,4,2022-03-31 00:00:00,,-1,-1,,-2,,,,,,36
3875,4,2022-04-26 00:00:00,,-1,-1,,-2,,,,,,36
3876,10,2022-03-31 00:00:00,,-1,-1,,-2,,,,,,36
3877,10,2022-03-31 00:00:00,,-1,-1,,-2,,,,,,30
3878,6,2022-04-11 00:00:00,,-1,-1,,-2,,,,,,31
3879,6,2022-04-15 00:00:00,cred - axis cc,-1,-1,,-2,,,,,,31
3880,6,2022-04-04 00:00:00,,-1,-1,,-2,,,,,,29
3881,6,2022-04-11 00:00:00,,-1,-1,,-2,,,,,,29
3882,10,2022-03-25 00:00:00,,-1,-1,,-2,,,,,,31
3883,10,2022-04-28 00:00:00,,-1,-1,,-2,,,,,,30
3884,10,2022-04-27 00:00:00,,-1,-1,,-2,,,,,,30
3885,10,2022-04-26 00:00:00,,-1,-1,,-2,,,,,,30
3886,6,2022-05-10 00:00:00,,-1,-1,,-2,,,,,,30
3887,6,2022-05-02 00:00:00,,-1,-1,,-2,,,,,,32
3888,6,2022-05-05 00:00:00,,-1,-1,,-2,,,,,,32
3889,6,2022-05-13 00:00:00,,-1,-1,,-2,,,,,,32
3890,10,2022-04-28 00:00:00,,-1,-1,,-2,,,,,,29
3891,10,2022-05-02 00:00:00,,-1,-1,,-2,,,,,,29
3892,6,2022-05-09 00:00:00,,-1,-1,,-2,,,,,,29
3893,6,2022-05-11 00:00:00,,-1,-1,,-2,,,,,,29
3894,6,2022-05-13 00:00:00,,-1,-1,,-2,,,,,,29
3895,10,2022-05-11 00:00:00,nimish bhupati,-1,-1,,-2,,,,,,29
3896,6,2022-05-09 00:00:00,,-1,-1,,-2,,,,,,29
3897,10,2022-05-02 00:00:00,,-1,-1,,-2,,,,,,31
3898,6,2022-05-28 00:00:00,,-1,-1,,-2,,,,,,31
3899,6,2022-05-08 00:00:00,fastag,-1,-1,,-2,,,,,,31
3900,6,2022-05-10 00:00:00,,-1,-1,,-2,,,,,,31
3902,10,2022-05-13 00:00:00,,-1,-1,,-2,,,,,,30
3903,6,2022-05-09 00:00:00,,-1,-1,,-2,,,,,,30
3904,4,2022-05-11 00:00:00,,-1,-1,,-2,,,,,,36
3905,10,2022-04-30 00:00:00,,-1,-1,,-2,,,,,,36
3906,10,2022-05-12 00:00:00,,-1,-1,,-2,,,,,,31
3907,10,2022-04-30 00:00:00,,-1,-1,,-2,,,,,,31
3908,6,2022-04-28 00:00:00,credit card bill,-1,-1,,-2,,,,,,31
3909,10,2022-04-26 00:00:00,,-1,-1,,-2,,,,,,31
3910,10,2022-05-13 00:00:00,,-1,-1,,-2,,,,,,29
3911,10,2022-05-11 00:00:00,,-1,-1,,-2,,,,,,29
3912,6,2022-05-10 00:00:00,,-1,-1,,-2,,,,,,29
3913,6,2022-05-09 00:00:00,,-1,-1,,-2,,,,,,29
3914,6,2022-05-02 00:00:00,credit card,-1,-1,,-2,,,,,,29
3915,10,2022-04-30 00:00:00,,-1,-1,,-2,,,,,,29
3916,6,2022-04-29 00:00:00,,-1,-1,,-2,,,,,,29
3917,4,2022-05-11 00:00:00,,-1,-1,,-2,,,,,,36
3918,4,2022-03-31 00:00:00,,-1,-1,,-2,,,,,,31
3919,4,2021-03-31 00:00:00,,-1,-1,,-2,,,,,,31
3920,4,2022-03-31 00:00:00,,-1,-1,,-2,,,,,,31
3921,4,2022-03-31 00:00:00,,-1,-1,,-2,,,,,,29
3922,4,2022-03-31 00:00:00,,-1,-1,,-2,,,,,,29
3923,4,2022-03-31 00:00:00,,-1,-1,,-2,,,,,,29
3924,4,2022-03-31 00:00:00,profit for fy 20-21,-1,-1,,-2,,,,,,32
3925,4,2022-03-31 00:00:00,,-1,-1,,-2,,,,,,32
3926,4,2022-03-31 00:00:00,last year o/s received 16000 rechards +16000creative +550+1200+4100laxmi,-1,-1,,-2,,,,,,36
3927,6,2022-03-31 00:00:00,,-1,-1,,-2,,,,,,36
3928,4,2022-03-31 00:00:00,,-1,-1,,-2,,,,,,30
3929,4,2022-03-08 00:00:00,,-1,-1,,-2,,,,,,30
3930,4,2022-03-31 00:00:00,rbi,-1,-1,,-2,,,,,,30
3931,4,2022-03-31 00:00:00,,-1,-1,,-2,,,,,,30
3932,6,2022-05-23 00:00:00,,-1,-1,,-2,,,,,,29
3933,6,2022-05-22 00:00:00,lifestyle,-1,-1,,-2,,,,,,29
3934,6,2022-05-22 00:00:00,flipkart,-1,-1,,-2,,,,,,29
3935,6,2022-05-21 00:00:00,big basket,-1,-1,,-2,,,,,,29
3936,6,2022-05-20 00:00:00,,-1,-1,,-2,,,,,,29
3937,6,2022-05-17 00:00:00,imtiyaz chaya,-1,-1,,-2,,,,,,29
3938,6,2022-05-16 00:00:00,big basket,-1,-1,,-2,,,,,,29
3939,6,2022-05-16 00:00:00,dunzo,-1,-1,,-2,,,,,,29
3940,6,2022-05-24 00:00:00,,-1,-1,,-2,,,,,,30
3941,10,2022-05-23 00:00:00,,-1,-1,,-2,,,,,,30
3942,6,2022-05-23 00:00:00,,-1,-1,,-2,,,,,,30
3943,6,2022-05-20 00:00:00,,-1,-1,,-2,,,,,,30
3944,6,2022-05-18 00:00:00,,-1,-1,,-2,,,,,,30
3945,6,2022-05-20 00:00:00,,-1,-1,,-2,,,,,,31
3946,10,2022-05-19 00:00:00,reward,-1,-1,,-2,,,,,,31
3947,10,2022-05-17 00:00:00,,-1,-1,,-2,,,,,,31
3948,6,2022-05-16 00:00:00,axis bank cc emi,-1,-1,,-2,,,,,,31
3949,10,2022-05-23 00:00:00,yuvaan,-1,-1,,-2,,,,,,36
3950,10,2022-05-19 00:00:00,singapore,-1,-1,,-2,,,,,,36
3951,10,2022-05-20 00:00:00,,-1,-1,,-2,,,,,,32
3952,6,2022-05-20 00:00:00,,-1,-1,,-2,,,,,,32
3953,6,2022-05-24 00:00:00,,-1,-1,,-2,,,,,,29
3954,6,2022-05-18 00:00:00,,-1,-1,,-2,,,,,,31
3955,10,2022-05-17 00:00:00,,-1,-1,,-2,,,,,,31
3956,6,2022-05-23 00:00:00,,-1,-1,,-2,,,,,,36
3957,10,2022-05-17 00:00:00,,-1,-1,,-2,,,,,,36
3958,6,2022-03-29 00:00:00,,-1,-1,,-2,,,,,,31
3959,10,2022-03-26 00:00:00,,-1,-1,,-2,,,,,,31
3960,6,2022-03-08 00:00:00,,-1,-1,,-2,,,,,,31
3962,4,2021-07-30 00:00:00,,-1,-1,,-2,,,,,,29
3963,10,2021-09-25 00:00:00,,-1,-1,,-2,,,,,,29
3964,6,2021-12-19 00:00:00,,-1,-1,,-2,,,,,,29
3966,6,2022-03-29 00:00:00,,-1,-1,,-2,,,,,,29
3967,10,2022-03-26 00:00:00,,-1,-1,,-2,,,,,,29
3968,10,2021-12-25 00:00:00,,-1,-1,,-2,,,,,,29
3969,6,2022-03-29 00:00:00,,-1,-1,,-2,,,,,,29
3971,10,2021-09-25 00:00:00,,-1,-1,,-2,,,,,,36
3972,6,2021-12-19 00:00:00,,-1,-1,,-2,,,,,,36
3973,6,2022-03-08 00:00:00,,-1,-1,,-2,,,,,,36
3974,6,2022-03-29 00:00:00,,-1,-1,,-2,,,,,,36
3975,10,2021-12-25 00:00:00,,-1,-1,,-2,,,,,,36
3976,10,2022-03-26 00:00:00,,-1,-1,,-2,,,,,,36
3977,10,2022-05-02 00:00:00,,-1,-1,,-2,,,,,,32
3978,4,2021-07-30 00:00:00,,-1,-1,,-2,,,,,,30
3979,10,2021-09-25 00:00:00,,-1,-1,,-2,,,,,,30
3980,10,2021-12-25 00:00:00,,-1,-1,,-2,,,,,,30
3981,10,2022-03-26 00:00:00,,-1,-1,,-2,,,,,,30
3982,6,2021-12-19 00:00:00,,-1,-1,,-2,,,,,,30
3983,6,2022-03-08 00:00:00,,-1,-1,,-2,,,,,,30
3984,6,2022-03-29 00:00:00,,-1,-1,,-2,,,,,,30
3986,4,2022-02-23 00:00:00,,-1,-1,,-2,,,,,,36
3987,4,2022-05-27 00:00:00,NEFT 0527I27481964981 KRISHA SAAHIL,-1,-1,,-2,,,,1215,NEFTINW-,36
3988,10,2022-05-29 00:00:00,NEFT N149221239469803 CASHFREE,-1,-1,,-2,,,,1216,NEFTINW-,36
3989,6,2022-05-29 00:00:00,UPI/Add Money toWa/214989793457/Oid202205293273,-1,-1,,-2,,,,1217,UPI-214978250134,36
3991,6,2022-06-02 00:00:00,UPI/IRCTC AppUPI/215365026672/Oid100003450224,-1,-1,,-2,,,,1219,UPI-215335692970,36
3993,10,2022-06-03 00:00:00,NEFT N154221984336039 JAINAM,-1,-1,,-2,,,,1221,NEFTINW-,36
3998,6,2022-06-21 00:00:00,UPI/IRCTC AppUPI/217218732712/Oid100003491299,-1,-1,,-2,,,,1226,UPI-217215615555,36
4001,10,2022-06-15 00:00:00,,-1,-1,,-2,,,,,,32
4002,6,2022-05-26 00:00:00,,-1,-1,,-2,,,,,,32
4003,10,2022-05-26 00:00:00,,-1,-1,,-2,,,,,,32
4004,10,2022-06-28 00:00:00,infosys,-1,-1,,-2,,,,,,30
4005,6,2022-06-27 00:00:00,,-1,-1,,-2,,,,,,30
4006,6,2022-06-27 00:00:00,,-1,-1,,-2,,,,,,30
4007,10,2022-06-17 00:00:00,,-1,-1,,-2,,,,,,30
4008,10,2022-06-15 00:00:00,,-1,-1,,-2,,,,,,30
4009,4,2022-06-20 00:00:00,,-1,-1,,-2,,,,,,30
4010,6,2022-05-31 00:00:00,,-1,-1,,-2,,,,,,30
4011,4,2022-05-31 00:00:00,,-1,-1,,-2,,,,,,30
4012,6,2022-05-30 00:00:00,,-1,-1,,-2,,,,,,30
4013,6,2022-05-26 00:00:00,,-1,-1,,-2,,,,,,30
4014,4,2022-05-24 00:00:00,,-1,-1,,-2,,,,,,30
4015,10,2022-06-30 00:00:00,amazon,-1,-1,,-2,,,,,,31
4016,6,2022-06-28 00:00:00,,-1,-1,,-2,,,,,,31
4017,6,2022-06-20 00:00:00,,-1,-1,,-2,,,,,,31
4018,4,2022-06-20 00:00:00,,-1,-1,,-2,,,,,,31
4019,10,2022-06-20 00:00:00,,-1,-1,,-2,,,,,,31
4020,6,2022-06-17 00:00:00,,-1,-1,,-2,,,,,,31
4021,10,2022-06-16 00:00:00,,-1,-1,,-2,,,,,,31
4022,10,2022-06-16 00:00:00,SRDPS Souvenir,-1,-1,,-2,,,,,,31
4023,6,2022-06-12 00:00:00,dpur cafe,-1,-1,,-2,,,,,,31
4024,6,2022-06-12 00:00:00,fastag,-1,-1,,-2,,,,,,31
4025,6,2022-06-08 00:00:00,dpur cafe,-1,-1,,-2,,,,,,31
4026,6,2022-06-07 00:00:00,fastag,-1,-1,,-2,,,,,,31
4027,10,2022-06-04 00:00:00,,-1,-1,,-2,,,,,,31
4028,6,2022-06-03 00:00:00,fastag,-1,-1,,-2,,,,,,31
4029,6,2022-05-31 00:00:00,,-1,-1,,-2,,,,,,31
4030,4,2022-05-31 00:00:00,,-1,-1,,-2,,,,,,31
4031,6,2022-05-28 00:00:00,,-1,-1,,-2,,,,,,31
4032,6,2022-05-26 00:00:00,,-1,-1,,-2,,,,,,31
4033,6,2022-05-25 00:00:00,,-1,-1,,-2,,,,,,31
4034,4,2022-06-29 00:00:00,,-1,-1,,-2,,,,,,29
4035,10,2022-06-24 00:00:00,,-1,-1,,-2,,,,,,29
4036,10,2022-06-23 00:00:00,,-1,-1,,-2,,,,,,29
4037,4,2022-06-20 00:00:00,,-1,-1,,-2,,,,,,29
4038,6,2022-06-15 00:00:00,,-1,-1,,-2,,,,,,29
4039,6,2022-06-15 00:00:00,,-1,-1,,-2,,,,,,29
4040,10,2022-06-14 00:00:00,,-1,-1,,-2,,,,,,29
4041,6,2022-06-08 00:00:00,ajay gift,-1,-1,,-2,,,,,,29
4042,6,2022-06-08 00:00:00,,-1,-1,,-2,,,,,,29
4043,6,2022-06-07 00:00:00,,-1,-1,,-2,,,,,,29
4044,10,2022-06-07 00:00:00,,-1,-1,,-2,,,,,,29
4045,6,2022-06-04 00:00:00,,-1,-1,,-2,,,,,,29
4046,10,2022-06-03 00:00:00,,-1,-1,,-2,,,,,,29
4047,6,2022-06-02 00:00:00,,-1,-1,,-2,,,,,,29
4048,6,2022-05-30 00:00:00,,-1,-1,,-2,,,,,,29
4049,6,2022-05-31 00:00:00,,-1,-1,,-2,,,,,,29
4050,4,2022-05-31 00:00:00,,-1,-1,,-2,,,,,,29
4051,6,2022-05-28 00:00:00,,-1,-1,,-2,,,,,,29
4052,10,2022-05-27 00:00:00,,-1,-1,,-2,,,,,,29
4053,6,2022-05-27 00:00:00,,-1,-1,,-2,,,,,,29
4054,6,2022-05-27 00:00:00,,-1,-1,,-2,,,,,,29
4055,6,2022-05-26 00:00:00,,-1,-1,,-2,,,,,,29
4056,6,2022-05-26 00:00:00,,-1,-1,,-2,,,,,,29
4057,6,2022-05-26 00:00:00,,-1,-1,,-2,,,,,,29
4058,6,2022-05-25 00:00:00,,-1,-1,,-2,,,,,,29
4059,10,2022-06-30 00:00:00,,-1,-1,,-2,,,,,,31
4060,10,2022-06-23 00:00:00,,-1,-1,,-2,,,,,,31
4061,10,2022-06-22 00:00:00,,-1,-1,,-2,,,,,,31
4062,10,2022-06-21 00:00:00,,-1,-1,,-2,,,,,,31
4063,10,2022-06-10 00:00:00,SBI,-1,-1,,-2,,,,,,31
4064,6,2022-06-03 00:00:00,,-1,-1,,-2,,,,,,31
4065,10,2022-05-31 00:00:00,,-1,-1,,-2,,,,,,31
4066,6,2022-05-30 00:00:00,,-1,-1,,-2,,,,,,31
4067,6,2022-05-29 00:00:00,,-1,-1,,-2,,,,,,31
4068,10,2022-06-23 00:00:00,,-1,-1,,-2,,,,,,36
4069,10,2022-06-13 00:00:00,TCS,-1,-1,,-2,,,,,,36
4070,4,2022-06-08 00:00:00,,-1,-1,,-2,,,,,,36
4071,10,2022-05-31 00:00:00,,-1,-1,,-2,,,,,,36
4072,6,2022-05-30 00:00:00,,-1,-1,,-2,,,,,,36
4073,10,2022-06-30 00:00:00,,-1,-1,,-2,,,,,,29
4074,10,2022-06-28 00:00:00,infosys,-1,-1,,-2,,,,,,29
4075,10,2022-06-23 00:00:00,,-1,-1,,-2,,,,,,29
4076,10,2022-06-22 00:00:00,,-1,-1,,-2,,,,,,29
4077,6,2022-06-09 00:00:00,idfc cc - insurance,-1,-1,,-2,,,,,,29
4078,6,2022-06-03 00:00:00,,-1,-1,,-2,,,,,,29
4079,10,2022-05-31 00:00:00,,-1,-1,,-2,,,,,,29
4080,10,2022-05-31 00:00:00,,-1,-1,,-2,,,,,,30
4082,4,2023-03-31 00:00:00,,-1,-1,,-2,,,,,,29
4083,4,2022-05-09 00:00:00,871REC28,-1,-1,,-2,,,,,,29
4084,6,2022-06-30 00:00:00,,-1,-1,,-2,,,,,,31
4085,4,2022-03-31 00:00:00,bajaj fd,-1,-1,,-2,,,,,,30
4086,6,2022-03-31 00:00:00,,-1,-1,,-2,,,,,,30
4087,4,2022-03-30 00:00:00,tds,-1,-1,,-2,,,,,,29
4088,10,2022-02-23 00:00:00,bom actual in prs,-1,-1,,-2,,,,,,29
4089,4,2022-03-31 00:00:00,,-1,-1,,-2,,,,,,31
4090,4,2022-03-31 00:00:00,bajaj outstanding,-1,-1,,-2,,,,,,31
4091,4,2022-03-31 00:00:00,bajab fd o/S,-1,-1,,-2,,,,,,29
4092,4,2022-03-31 00:00:00,,-1,-1,,-2,,,,,,32
4093,4,2022-03-31 00:00:00,,-1,-1,,-2,,,,,,29
4094,4,2021-03-31 00:00:00,,-1,-1,,-2,,,,,,29
4095,4,2022-03-31 00:00:00,"previously in FY 16-17 Dpur house transferred to capital
FY 21-22 transferred back as dpur house deposit",-1,-1,,-2,,,,,,29
4096,4,2022-03-31 00:00:00,,-1,-1,,-2,,,,,,29
4097,4,2022-03-31 00:00:00,compulsory package transferred to household exp,-1,-1,,-2,,,,,,29
4098,4,2022-03-31 00:00:00,"previously in FY 16-17 Dpur house transferred to capital
FY 21-22 transferred back as dpur house deposit",-1,-1,,-2,,,,,,31
4099,4,2022-03-31 00:00:00,,-1,-1,,-2,,,,,,29
4100,4,2022-03-31 00:00:00,,-1,-1,,-2,,,,,,29
4102,4,2021-03-31 00:00:00,XXXX YR END,-1,-1,,-2,,,,,,29
4103,4,2021-03-31 00:00:00,XXXX YR END,-1,-1,,-2,,,,,,29
4104,10,2021-03-01 00:00:00,,-1,-1,,-2,,,,,,29
4105,4,2021-03-01 00:00:00,xxxxxx,-1,-1,,-2,,,,,,29
4106,4,2022-03-31 00:00:00,Year end JV to tranfer to capital account,-1,-1,,-2,,,,,,31
4107,4,2022-03-31 00:00:00,Year end JV to tranfer to capital account,-1,-1,,-2,,,,,,31
4108,4,2022-03-31 00:00:00,Year end JV to tranfer to capital account,-1,-1,,-2,,,,,,31
4109,4,2022-03-31 00:00:00,Year end JV to tranfer to capital account,-1,-1,,-2,,,,,,31
4110,4,2022-03-31 00:00:00,Year end JV to tranfer to capital account,-1,-1,,-2,,,,,,31
4111,4,2022-03-31 00:00:00,Year end JV to tranfer to capital account,-1,-1,,-2,,,,,,31
4112,4,2022-03-31 00:00:00,Year end JV to tranfer to capital account,-1,-1,,-2,,,,,,31
4113,4,2022-03-31 00:00:00,Year end JV to tranfer to capital account,-1,-1,,-2,,,,,,31
4114,4,2022-03-31 00:00:00,Year end JV to tranfer to capital account,-1,-1,,-2,,,,,,31
4115,4,2022-03-31 00:00:00,Year end JV to tranfer to capital account,-1,-1,,-2,,,,,,31
4116,4,2022-03-31 00:00:00,Year end JV to tranfer to capital account,-1,-1,,-2,,,,,,31
4117,4,2022-03-31 00:00:00,Year end JV to tranfer to capital account,-1,-1,,-2,,,,,,31
4118,4,2022-03-31 00:00:00,Year end JV to tranfer to capital account,-1,-1,,-2,,,,,,31
4119,4,2022-03-31 00:00:00,Year end JV to tranfer to capital account,-1,-1,,-2,,,,,,31
4120,4,2022-03-31 00:00:00,Year end JV to tranfer to capital account,-1,-1,,-2,,,,,,31
4121,4,2022-03-31 00:00:00,Year end JV to tranfer to capital account,-1,-1,,-2,,,,,,31
4122,4,2022-03-31 00:00:00,Year end JV to tranfer to capital account,-1,-1,,-2,,,,,,31
4123,4,2022-03-31 00:00:00,Year end JV to tranfer to capital account,-1,-1,,-2,,,,,,31
4124,4,2022-03-31 00:00:00,Year end JV to tranfer to capital account,-1,-1,,-2,,,,,,31
4125,4,2022-03-31 00:00:00,Year end JV to tranfer to capital account,-1,-1,,-2,,,,,,31
4126,4,2022-03-31 00:00:00,,-1,-1,,-2,,,,,,31
4129,4,2021-03-26 00:00:00,,-1,-1,,-2,,,,,,31
4130,6,2021-03-31 00:00:00,gold jew gift,-1,-1,,-2,,,,,,31
4131,6,2021-03-31 00:00:00,gold marrage gift,-1,-1,,-2,,,,,,36
4132,4,2022-03-31 00:00:00,,-1,-1,,-2,,,,,,36
4133,4,2022-03-31 00:00:00,,-1,-1,,-2,,,,,,36
4134,4,2022-03-31 00:00:00,Year end JV to tranfer to capital account,-1,-1,,-2,,,,,,36
4135,4,2022-03-31 00:00:00,Year end JV to tranfer to capital account,-1,-1,,-2,,,,,,36
4136,4,2022-03-31 00:00:00,Year end JV to tranfer to capital account,-1,-1,,-2,,,,,,36
4137,4,2022-03-31 00:00:00,Year end JV to tranfer to capital account,-1,-1,,-2,,,,,,36
4138,4,2022-03-31 00:00:00,Year end JV to tranfer to capital account,-1,-1,,-2,,,,,,36
4140,4,2022-03-31 00:00:00,Year end JV to tranfer to capital account,-1,-1,,-2,,,,,,36
4141,4,2022-03-31 00:00:00,Year end JV to tranfer to capital account,-1,-1,,-2,,,,,,36
4142,4,2022-03-31 00:00:00,Year end JV to tranfer to capital account,-1,-1,,-2,,,,,,36
4143,4,2022-03-31 00:00:00,Year end JV to tranfer to capital account,-1,-1,,-2,,,,,,32
4144,4,2022-03-31 00:00:00,Year end JV to tranfer to capital account,-1,-1,,-2,,,,,,32
4145,4,2022-03-31 00:00:00,Year end JV to tranfer to capital account,-1,-1,,-2,,,,,,32
4146,4,2022-03-31 00:00:00,Year end JV to tranfer to capital account,-1,-1,,-2,,,,,,32
4147,4,2022-03-31 00:00:00,Year end JV to tranfer to capital account,-1,-1,,-2,,,,,,32
4148,4,2022-03-31 00:00:00,Year end JV to tranfer to capital account,-1,-1,,-2,,,,,,32
4149,4,2022-03-31 00:00:00,Year end JV to tranfer to capital account,-1,-1,,-2,,,,,,30
4150,4,2022-03-31 00:00:00,Year end JV to tranfer to capital account,-1,-1,,-2,,,,,,30
4151,4,2022-03-31 00:00:00,Year end JV to tranfer to capital account,-1,-1,,-2,,,,,,30
4152,4,2022-03-31 00:00:00,Year end JV to tranfer to capital account,-1,-1,,-2,,,,,,30
4153,4,2022-03-31 00:00:00,Year end JV to tranfer to capital account,-1,-1,,-2,,,,,,30
4154,4,2022-03-31 00:00:00,Year end JV to tranfer to capital account,-1,-1,,-2,,,,,,30
4155,4,2022-03-31 00:00:00,Year end JV to tranfer to capital account,-1,-1,,-2,,,,,,30
4156,4,2022-03-31 00:00:00,Year end JV to tranfer to capital account,-1,-1,,-2,,,,,,30
4157,4,2022-03-31 00:00:00,Year end JV to tranfer to capital account,-1,-1,,-2,,,,,,30
4158,4,2022-03-31 00:00:00,Year end JV to tranfer to capital account,-1,-1,,-2,,,,,,30
4159,4,2022-03-31 00:00:00,Year end JV to tranfer to capital account,-1,-1,,-2,,,,,,30
4160,4,2022-03-31 00:00:00,Year end JV to tranfer to capital account,-1,-1,,-2,,,,,,30
4161,4,2022-03-31 00:00:00,Year end JV to tranfer to capital account,-1,-1,,-2,,,,,,30
4162,4,2022-03-31 00:00:00,Year end JV to tranfer to capital account,-1,-1,,-2,,,,,,30
4163,4,2022-03-31 00:00:00,Year end JV to tranfer to capital account,-1,-1,,-2,,,,,,30
4164,4,2022-03-31 00:00:00,Year end JV to tranfer to capital account,-1,-1,,-2,,,,,,30
4165,4,2022-03-31 00:00:00,Year end JV to tranfer to capital account,-1,-1,,-2,,,,,,30
4166,4,2022-03-31 00:00:00,Year end JV to tranfer to capital account,-1,-1,,-2,,,,,,30
4167,4,2022-03-31 00:00:00,Year end JV to tranfer to capital account,-1,-1,,-2,,,,,,30
4168,4,2022-03-31 00:00:00,Year end JV to tranfer to capital account,-1,-1,,-2,,,,,,29
4169,4,2022-03-31 00:00:00,Year end JV to tranfer to capital account,-1,-1,,-2,,,,,,29
4170,4,2022-03-31 00:00:00,Year end JV to tranfer to capital account,-1,-1,,-2,,,,,,29
4171,4,2022-03-31 00:00:00,Year end JV to tranfer to capital account,-1,-1,,-2,,,,,,29
4172,4,2022-03-31 00:00:00,Year end JV to tranfer to capital account,-1,-1,,-2,,,,,,29
4173,4,2022-03-31 00:00:00,Year end JV to tranfer to capital account,-1,-1,,-2,,,,,,29
4174,4,2022-03-31 00:00:00,Year end JV to tranfer to capital account,-1,-1,,-2,,,,,,29
4175,4,2022-03-31 00:00:00,Year end JV to tranfer to capital account,-1,-1,,-2,,,,,,29
4176,4,2022-03-31 00:00:00,Year end JV to tranfer to capital account,-1,-1,,-2,,,,,,29
4177,4,2022-03-31 00:00:00,Year end JV to tranfer to capital account,-1,-1,,-2,,,,,,29
4178,4,2022-03-31 00:00:00,Year end JV to tranfer to capital account,-1,-1,,-2,,,,,,29
4179,4,2022-03-31 00:00:00,Year end JV to tranfer to capital account,-1,-1,,-2,,,,,,29
4180,4,2022-03-31 00:00:00,Year end JV to tranfer to capital account,-1,-1,,-2,,,,,,29
4181,4,2022-03-31 00:00:00,Year end JV to tranfer to capital account,-1,-1,,-2,,,,,,29
4182,4,2022-03-31 00:00:00,Year end JV to tranfer to capital account,-1,-1,,-2,,,,,,29
4183,4,2022-03-31 00:00:00,Year end JV to tranfer to capital account,-1,-1,,-2,,,,,,29
4184,4,2022-03-31 00:00:00,Year end JV to tranfer to capital account,-1,-1,,-2,,,,,,29
4185,4,2022-03-31 00:00:00,,-1,-1,,-2,,,,,,30
4186,6,2022-07-19 00:00:00,,-1,-1,,-2,,,,,,30
4187,10,2022-07-01 00:00:00,,-1,-1,,-2,,,,,,30
4188,10,2022-07-02 00:00:00,Recd:IMPS/218315478123/Flipkart,-1,-1,,-2,,,,1229,IMPS-,29
4189,6,2022-07-01 00:00:00,MB:TO PACK,-1,-1,,-2,,,,1230,MB-999065613643,29
4190,6,2022-07-04 00:00:00,UPI/bigbasket/218511282109/veg,-1,-1,,-2,,,,1231,UPI-218509753157,29
4192,6,2022-07-04 00:00:00,UPI/Dunzo Digital P/218511586837/DunzoOrder,-1,-1,,-2,,,,1233,UPI-218509965487,29
4194,4,2022-07-06 00:00:00,Recd:IMPS/218709055738/Ms.,-1,-1,,-2,,,,1235,IMPS-,29
4196,4,2022-07-06 00:00:00,Recd:IMPS/218710065460/Ms.,-1,-1,,-2,,,,1237,IMPS-,29
4199,10,2022-07-08 00:00:00,MB:RECEIVED MONEY FROM CREATIVEPACKAG 4913089961,-1,-1,,-2,,,,1240,MB-999061281925,29
4200,6,2022-07-11 00:00:00,MB:TO PACK,-1,-1,,-2,,,,1241,MB-999059874676,29
4201,6,2022-07-11 00:00:00,MB:TO PACK,-1,-1,,-2,,,,1242,MB-999059866085,29
4203,10,2022-07-14 00:00:00,MB:RECEIVED MONEY FROM CREATIVEPACKAG 4913089961,-1,-1,,-2,,,,1244,MB-999058185779,29
4208,6,2022-07-03 00:00:00,fastag,-1,-1,,-2,,,,,,31
4209,6,2022-07-04 00:00:00,fastag,-1,-1,,-2,,,,,,31
4210,4,2022-08-03 00:00:00,,-1,-1,,-2,,,,,,31
4211,10,2022-08-02 00:00:00,,-1,-1,,-2,,,,,,31
4212,10,2022-07-30 00:00:00,,-1,-1,,-2,,,,,,31
4213,6,2022-07-23 00:00:00,paytm,-1,-1,,-2,,,,,,31
4214,6,2022-07-18 00:00:00,fastag,-1,-1,,-2,,,,,,31
4215,10,2022-07-16 00:00:00,,-1,-1,,-2,,,,,,31
4216,4,2022-07-20 00:00:00,,-1,-1,,-2,,,,,,31
4217,6,2022-07-15 00:00:00,fastag,-1,-1,,-2,,,,,,31
4218,4,2022-07-14 00:00:00,,-1,-1,,-2,,,,,,31
4219,6,2022-07-11 00:00:00,,-1,-1,,-2,,,,,,31
4220,6,2022-07-09 00:00:00,fastag,-1,-1,,-2,,,,,,31
4221,6,2022-07-09 00:00:00,fastag,-1,-1,,-2,,,,,,31
4222,6,2022-07-06 00:00:00,,-1,-1,,-2,,,,,,31
4223,6,2022-07-03 00:00:00,gift returned to Kajal Mehta,-1,-1,,-2,,,,,,31
4224,4,2022-07-04 00:00:00,,-1,-1,,-2,,,,,,31
4239,6,2022-08-02 00:00:00,ticket rail,-1,-1,,-2,,,,,,30
4240,10,2022-08-02 00:00:00,nach -shCIL INT  Tax free ?????,-1,-1,,-2,,,,,,30
4241,6,2022-07-26 00:00:00,,-1,-1,,-2,,,,,,30
4242,6,2022-07-20 00:00:00,,-1,-1,,-2,,,,,,30
4243,10,2022-07-20 00:00:00,int uppcl,-1,-1,,-2,,,,,,30
4244,10,2022-07-20 00:00:00,l& T,-1,-1,,-2,,,,,,30
4245,6,2022-07-19 00:00:00,,-1,-1,,-2,,,,,,30
4246,4,2022-07-18 00:00:00,,-1,-1,,-2,,,,,,30
4247,4,2022-07-04 00:00:00,,-1,-1,,-2,,,,,,30
4248,10,2022-07-01 00:00:00,recl,-1,-1,,-2,,,,,,30
4249,10,2022-07-03 00:00:00,mintra,-1,-1,,-2,,,,,,30
4250,6,2022-07-03 00:00:00,bolt audio,-1,-1,,-2,,,,,,30
4251,10,2022-07-06 00:00:00,k fin,-1,-1,,-2,,,,,,30
4252,10,2022-06-30 00:00:00,hdfc,-1,-1,,-2,,,,,,30
4253,10,2022-06-30 00:00:00,,-1,-1,,-2,,,,,,30
4254,10,2022-07-29 00:00:00,refund fy 21-22,-1,-1,,-2,,,,,,32
4255,6,2022-07-25 00:00:00,,-1,-1,,-2,,,,,,32
4256,6,2022-07-11 00:00:00,,-1,-1,,-2,,,,,,32
4257,10,2022-06-30 00:00:00,,-1,-1,,-2,,,,,,32
4258,6,2022-06-30 00:00:00,,-1,-1,,-2,,,,,,32
4260,6,2022-08-03 00:00:00,,-1,-1,,-2,,,,,,29
4262,6,2022-08-01 00:00:00,gst,-1,-1,,-2,,,,,,29
4263,10,2022-07-26 00:00:00,,-1,-1,,-2,,,,,,29
4264,4,2022-07-20 00:00:00,,-1,-1,,-2,,,,,,29
4265,10,2022-07-06 00:00:00,,-1,-1,,-2,,,,,,29
4266,4,2022-07-04 00:00:00,,-1,-1,,-2,,,,,,29
4267,10,2022-06-30 00:00:00,,-1,-1,,-2,,,,,,29
4268,10,2022-06-15 00:00:00,,-1,-1,,-2,,,,,,29
4269,6,2022-06-30 00:00:00,20000+20000,-1,-1,,-2,,,,,,29
4270,10,2022-06-30 00:00:00,,-1,-1,,-2,,,,,,29
4271,4,2022-05-27 00:00:00,,-1,-1,,-2,,,,,,31
4272,6,2022-06-09 00:00:00,,-1,-1,,-2,,,,,,31
4273,10,2022-06-30 00:00:00,,-1,-1,,-2,,,,,,31
4274,4,2022-07-04 00:00:00,,-1,-1,,-2,,,,,,31
4275,6,2022-08-02 00:00:00,MIXCER,-1,-1,,-2,,,,,,36
4276,10,2022-07-27 00:00:00,501+689+269+269+399+399+459,-1,-1,,-2,,,,,,36
4277,10,2022-07-06 00:00:00,BAKSHI -NUPUR,-1,-1,,-2,,,,,,36
4278,10,2022-06-30 00:00:00,,-1,-1,,-2,,,,,,36
4279,4,2022-08-03 00:00:00,,-1,-1,,-2,,,,,,36
4280,10,2022-08-03 00:00:00,DIV TCS,-1,-1,,-2,,,,,,36
4281,6,2022-08-02 00:00:00,,-1,-1,,-2,,,,,,36
4282,10,2022-07-31 00:00:00,,-1,-1,,-2,,,,,,36
4283,4,2022-07-18 00:00:00,,-1,-1,,-2,,,,,,36
4284,6,2022-07-11 00:00:00,,-1,-1,,-2,,,,,,36
4285,4,2022-07-04 00:00:00,,-1,-1,,-2,,,,,,36
4286,4,2022-07-04 00:00:00,,-1,-1,,-2,,,,,,36
4287,10,2022-07-04 00:00:00,HDFC LIFE,-1,-1,,-2,,,,,,36
4288,10,2022-06-30 00:00:00,,-1,-1,,-2,,,,,,36
4289,10,2022-06-30 00:00:00,,-1,-1,,-2,,,,,,30
4290,10,2022-07-30 00:00:00,,-1,-1,,-2,,,,,,30
4291,10,2022-04-30 00:00:00,,-1,-1,,-2,,,,,,30
4292,6,2022-08-08 00:00:00,,-1,-1,,-2,,,,,,31
4293,6,2022-08-01 00:00:00,,-1,-1,,-2,,,,,,31
4294,10,2022-07-31 00:00:00,,-1,-1,,-2,,,,,,31
4295,6,2022-07-27 00:00:00,,-1,-1,,-2,,,,,,31
4296,6,2022-07-27 00:00:00,,-1,-1,,-2,,,,,,31
4298,6,2022-07-06 00:00:00,,-1,-1,,-2,,,,,,31
4299,10,2022-07-05 00:00:00,,-1,-1,,-2,,,,,,31
4300,10,2022-07-02 00:00:00,hdfc life,-1,-1,,-2,,,,,,31
4301,10,2022-07-02 00:00:00,asian paint hdfc ltd 150/-,-1,-1,,-2,,,,,,31
4302,6,2022-07-01 00:00:00,,-1,-1,,-2,,,,,,31
4303,6,2022-07-01 00:00:00,,-1,-1,,-2,,,,,,31
4304,10,2022-07-01 00:00:00,,-1,-1,,-2,,,,,,31
4305,10,2022-06-30 00:00:00,,-1,-1,,-2,,,,,,31
4306,10,2022-06-15 00:00:00,,-1,-1,,-2,,,,,,31
4307,6,2022-08-01 00:00:00,,-1,-1,,-2,,,,,,29
4308,10,2022-07-31 00:00:00,,-1,-1,,-2,,,,,,29
4309,10,2022-07-30 00:00:00,bajaj,-1,-1,,-2,,,,,,29
4310,6,2022-07-22 00:00:00,,-1,-1,,-2,,,,,,29
4311,6,2022-07-19 00:00:00,???,-1,-1,,-2,,,,,,29
4312,6,2022-07-18 00:00:00,,-1,-1,,-2,,,,,,29
4313,10,2022-07-09 00:00:00,HDFC BANK DIV,-1,-1,,-2,,,,,,29
4314,10,2022-07-09 00:00:00,,-1,-1,,-2,,,,,,29
4315,10,2022-07-09 00:00:00,,-1,-1,,-2,,,,,,29
4316,10,2022-07-02 00:00:00,hdfc life,-1,-1,,-2,,,,,,29
4317,10,2022-07-02 00:00:00,,-1,-1,,-2,,,,,,29
4318,10,2022-07-01 00:00:00,asian paint,-1,-1,,-2,,,,,,29
4319,10,2022-07-01 00:00:00,hdfc ltd,-1,-1,,-2,,,,,,29
4320,10,2022-07-01 00:00:00,,-1,-1,,-2,,,,,,29
4321,10,2022-06-30 00:00:00,,-1,-1,,-2,,,,,,29
4323,10,2022-07-06 00:00:00,,-1,-1,,-2,,,,,,29
4335,10,2022-07-04 00:00:00,,-1,-1,,-2,,,,,,31
4336,10,2022-07-04 00:00:00,,-1,-1,,-2,,,,,,31
4338,10,2022-07-11 00:00:00,kajalben,-1,-1,,-2,,,,,,31
4339,6,2022-07-12 00:00:00,,-1,-1,,-2,,,,,,31
4340,6,2022-07-12 00:00:00,,-1,-1,,-2,,,,,,31
4341,6,2022-07-13 00:00:00,,-1,-1,,-2,,,,,,31
4343,6,2022-07-14 00:00:00,,-1,-1,,-2,,,,,,31
4359,6,2022-06-20 00:00:00,gst payment,-1,-1,,-2,,,,,,30
4360,10,2022-06-30 00:00:00,,-1,-1,,-2,,,,,,30
4361,6,2022-07-19 00:00:00,,-1,-1,,-2,,,,,,30
4364,10,2022-08-08 00:00:00,,-1,-1,,-2,,,,,,30
4368,6,2022-08-12 00:00:00,KOTAK FASTAG,-1,-1,,-2,,,,1252,KBA3B201F514C91,31
4369,6,2022-08-15 00:00:00,KOTAK FASTAG,-1,-1,,-2,,,,1253,KB97438A47ABFC0,31
4370,6,2022-08-16 00:00:00,KOTAK FASTAG,-1,-1,,-2,,,,1254,KBA07699AA9BB4,31
4371,10,2022-08-17 00:00:00,MB:RECEIVED FROM CREATIVEPRINTERS/BREW BAG,-1,-1,,-2,,,,1255,MB-999040294822,31
4373,6,2022-08-19 00:00:00,UPI/CREDCLUB1/223123796755/paymenton CRED,-1,-1,,-2,,,,1257,UPI-223158830541,31
4374,10,2022-08-25 00:00:00,MB:RECEIVED FROM CREATIVEPRINTERS/TO SPS K,-1,-1,,-2,,,,1258,MB-999036406178,31
4375,12,2022-08-26 00:00:00,SentIMPS223812804673SAAHIL,-1,-1,,-2,,,,1259,IMPS-,31
4377,10,2022-08-29 00:00:00,NACH-10-CR-CGTPS8217E-AY2022-23-,-1,-1,,-2,,,,1261,NACHDB29082200,31
4378,6,2022-09-02 00:00:00,KOTAK FASTAG,-1,-1,,-2,,,,1262,KB9CF80B716D673,31
4379,12,2022-09-02 00:00:00,SentIMPS224515567240SAAHIL,-1,-1,,-2,,,,1263,IMPS-,31
4380,6,2022-09-05 00:00:00,MB:SENT TO CREATIVE PRINTERS/TOPRINTERS K,-1,-1,,-2,,,,1264,MB-999030236202,31
4381,6,2022-09-05 00:00:00,PCD/7692/MYNTRA DESIGNS PVTLTD/bangal050922/21:12,-1,-1,,-2,,,,1265,224815252509,31
4382,6,2022-09-06 00:00:00,KOTAK FASTAG,-1,-1,,-2,,,,1266,KBAFEB230066EA2,31
4385,10,2022-09-12 00:00:00,Visa-Refund/100922/2254/MYNTRADESIGNS PVT LTD,-1,-1,,-2,,,,1269,225431180793,31
4386,6,2022-09-16 00:00:00,KOTAK FASTAG,-1,-1,,-2,,,,1270,KBB6B8614DD90EF,31
4387,6,2022-09-18 00:00:00,KOTAK FASTAG,-1,-1,,-2,,,,1271,KBB1C6D05806B35,31
4388,10,2022-08-25 00:00:00,,-1,-1,,-2,,,,,,32
4391,6,2022-08-11 00:00:00,UPI/MIRAE ASSETCAP/222346773575/MIRAE ASSET CAP,-1,-1,,-2,,,,1274,UPI-222321875644,30
4393,10,2022-08-18 00:00:00,NACH-10-CR-ULTRATECHCEMENTLTD-,-1,-1,,-2,,,,1276,NACHDB18082200,30
4394,10,2022-08-23 00:00:00,NEFT IN1ON220823000YC MIRAE ASSET,-1,-1,,-2,,,,1277,NEFTINW-,30
4395,6,2022-08-23 00:00:00,MB:prs idbi,-1,-1,,-2,,,,1278,KKBKH2223587449,30
4396,10,2022-08-24 00:00:00,NEFT IN1ON220824004CG MIRAE ASSET,-1,-1,,-2,,,,1279,NEFTINW-,30
4397,10,2022-08-25 00:00:00,NEFT IN1ON22082501D60 MIRAE ASSET,-1,-1,,-2,,,,1280,NEFTINW-,30
4398,10,2022-08-26 00:00:00,NACH-10-CR-COMPUTERAGEMANAGEM-,-1,-1,,-2,,,,1281,NACHDB26082200,30
4399,10,2022-08-29 00:00:00,NACH-10-CR-AAIPS3625H-AY2022-23-,-1,-1,,-2,,,,1282,NACHDB29082200,30
4400,10,2022-08-30 00:00:00,NEFT SBIN522242092065 STATE BANK OF,-1,-1,,-2,,,,1283,NEFTINW-,30
4401,10,2022-09-02 00:00:00,NACH-10-CR-IOCL-00000000000014857658,-1,-1,,-2,,,,1284,NACHDB02092201,30
4402,10,2022-09-03 00:00:00,NEFT IN1ON22090300W2Z MIRAE ASSET,-1,-1,,-2,,,,1285,NEFTINW-,30
4403,10,2022-09-06 00:00:00,NEFT IN1ON220906004T7 MIRAE ASSET,-1,-1,,-2,,,,1286,NEFTINW-,30
4404,10,2022-09-06 00:00:00,NEFT IN1ON220906004TB MIRAE ASSET,-1,-1,,-2,,,,1287,NEFTINW-,30
4405,10,2022-09-08 00:00:00,NEFT IN1ON22090800QGX MIRAE ASSET,-1,-1,,-2,,,,1288,NEFTINW-,30
4406,4,2022-09-08 00:00:00,SentIMPS225115269683pramesh,-1,-1,,-2,,,,1289,IMPS-,30
4407,6,2022-09-12 00:00:00,UPI/MIRAE ASSETCAP/225526310324/MIRAE ASSET CAP,-1,-1,,-2,,,,1290,UPI-225566037945,30
4409,10,2022-09-15 00:00:00,NEFT IN1ON22091500JAT MIRAE ASSET,-1,-1,,-2,,,,1292,NEFTINW-,30
4410,10,2022-09-16 00:00:00,NEFT IN1ON22091600DQB MIRAE ASSET,-1,-1,,-2,,,,1293,NEFTINW-,30
4411,10,2022-09-17 00:00:00,NEFT IN1ON22091700BJX MIRAE ASSET,-1,-1,,-2,,,,1294,NEFTINW-,30
4412,12,2022-09-19 00:00:00,MB:prs idbi,-1,-1,,-2,,,,1295,KKBKH2226298624,30
4413,10,2022-09-20 00:00:00,NEFT IN1ON22092000GXS MIRAE ASSET,-1,-1,,-2,,,,1296,NEFTINW-,30
4416,10,2022-08-30 00:00:00,,-1,-1,,-2,,,,,,29
4417,10,2022-09-01 00:00:00,amazon,-1,-1,,-2,,,,,,29
4418,6,2022-09-07 00:00:00,,-1,-1,,-2,,,,,,29
4419,6,2022-09-14 00:00:00,,-1,-1,,-2,,,,,,29
4420,6,2022-09-20 00:00:00,,-1,-1,,-2,,,,,,29
4421,6,2022-09-21 00:00:00,,-1,-1,,-2,,,,,,29
4422,4,2022-09-21 00:00:00,,-1,-1,,-2,,,,,,29
4423,6,2022-08-20 00:00:00,,-1,-1,,-2,,,,,,29
4424,10,2022-09-27 00:00:00,,-1,-1,,-2,,,,,,30
4425,4,2022-09-21 00:00:00,,-1,-1,,-2,,,,,,30
4426,10,2022-09-20 00:00:00,,-1,-1,,-2,,,,,,30
4427,10,2022-09-20 00:00:00,,-1,-1,,-2,,,,,,30
4428,10,2022-08-31 00:00:00,,-1,-1,,-2,,,,,,30
4429,4,2022-08-11 00:00:00,,-1,-1,,-2,,,,,,30
4430,6,2022-09-24 00:00:00,,-1,-1,,-2,,,,,,31
4431,4,2022-09-21 00:00:00,,-1,-1,,-2,,,,,,31
4432,6,2022-09-21 00:00:00,,-1,-1,,-2,,,,,,31
4433,6,2022-09-21 00:00:00,,-1,-1,,-2,,,,,,31
4434,6,2022-09-20 00:00:00,CRED AXIS CC,-1,-1,,-2,,,,,,31
4435,6,2022-09-20 00:00:00,,-1,-1,,-2,,,,,,31
4436,10,2022-09-08 00:00:00,,-1,-1,,-2,,,,,,31
4437,10,2022-08-31 00:00:00,,-1,-1,,-2,,,,,,31
4438,10,2022-08-29 00:00:00,kotak bank shares,-1,-1,,-2,,,,,,31
4439,6,2022-08-28 00:00:00,cred cc,-1,-1,,-2,,,,,,31
4440,10,2022-08-11 00:00:00,,-1,-1,,-2,,,,,,31
4442,10,2022-09-30 00:00:00,,-1,-1,,-2,,,,,,31
4443,6,2022-09-30 00:00:00,CRED,-1,-1,,-2,,,,,,31
4444,6,2022-10-07 00:00:00,,-1,-1,,-2,,,,,,29
4445,10,2022-10-06 00:00:00,,-1,-1,,-2,,,,,,29
4446,10,2022-09-30 00:00:00,,-1,-1,,-2,,,,,,29
4447,10,2022-09-28 00:00:00,,-1,-1,,-2,,,,,,29
4448,10,2022-08-31 00:00:00,,-1,-1,,-2,,,,,,29
4449,10,2022-08-30 00:00:00,FIEM IND,-1,-1,,-2,,,,,,29
4450,10,2022-08-30 00:00:00,RIL,-1,-1,,-2,,,,,,29
4451,10,2022-08-29 00:00:00,KOTAK BK,-1,-1,,-2,,,,,,29
4452,4,2022-08-25 00:00:00,,-1,-1,,-2,,,,,,29
4453,10,2022-08-18 00:00:00,ULTRATECH CEM,-1,-1,,-2,,,,,,29
4454,10,2022-08-17 00:00:00,PIDILITE,-1,-1,,-2,,,,,,29
4455,6,2022-08-10 00:00:00,IDFC CC,-1,-1,,-2,,,,,,29
4456,6,2022-10-06 00:00:00,,-1,-1,,-2,,,,,,31
4457,10,2022-09-30 00:00:00,,-1,-1,,-2,,,,,,31
4458,6,2022-09-30 00:00:00,,-1,-1,,-2,,,,,,31
4459,6,2022-09-29 00:00:00,,-1,-1,,-2,,,,,,31
4460,6,2022-10-07 00:00:00,,-1,-1,,-2,,,,,,29
4461,10,2022-09-30 00:00:00,,-1,-1,,-2,,,,,,29
4462,10,2022-09-28 00:00:00,GLRNMARK,-1,-1,,-2,,,,,,29
4464,6,2022-10-06 00:00:00,,-1,-1,,-2,,,,,,30
4465,6,2022-10-05 00:00:00,,-1,-1,,-2,,,,,,30
4466,10,2022-09-30 00:00:00,,-1,-1,,-2,,,,,,30
4467,10,2022-09-29 00:00:00,,-1,-1,,-2,,,,,,30
4468,10,2022-09-28 00:00:00,,-1,-1,,-2,,,,,,30
4470,6,2022-10-06 00:00:00,,-1,-1,,-2,,,,,,32
4471,6,2022-10-04 00:00:00,,-1,-1,,-2,,,,,,32
4472,10,2022-09-30 00:00:00,,-1,-1,,-2,,,,,,32
4473,6,2022-09-30 00:00:00,,-1,-1,,-2,,,,,,32
4474,6,2022-09-29 00:00:00,,-1,-1,,-2,,,,,,32
4475,6,2022-09-27 00:00:00,,-1,-1,,-2,,,,,,32
4476,6,2022-09-21 00:00:00,,-1,-1,,-2,,,,,,32
4477,4,2022-10-07 00:00:00,,-1,-1,,-2,,,,,,36
4478,4,2022-09-09 00:00:00,,-1,-1,,-2,,,,,,36
4479,4,2022-08-10 00:00:00,,-1,-1,,-2,,,,,,36
4480,4,2022-06-08 00:00:00,,-1,-1,,-2,,,,,,36
4482,6,2022-10-05 00:00:00,SWIGGY,-1,-1,,-2,,,,,,36
4483,6,2022-10-04 00:00:00,CANTEEN,-1,-1,,-2,,,,,,36
4484,6,2022-09-30 00:00:00,,-1,-1,,-2,,,,,,36
4485,6,2022-09-29 00:00:00,,-1,-1,,-2,,,,,,36
4486,10,2022-09-29 00:00:00,GPAY,-1,-1,,-2,,,,,,36
4488,6,2022-09-24 00:00:00,TAXI,-1,-1,,-2,,,,,,36
4489,6,2022-09-18 00:00:00,GIFT FOR SHASHI,-1,-1,,-2,,,,,,36
4490,6,2022-09-18 00:00:00,CAFETERIA,-1,-1,,-2,,,,,,36
4491,6,2022-09-17 00:00:00,CAFETERAI,-1,-1,,-2,,,,,,36
4492,6,2022-09-16 00:00:00,CAFETERIA,-1,-1,,-2,,,,,,36
4493,4,2022-09-15 00:00:00,,-1,-1,,-2,,,,,,36
4494,6,2022-09-15 00:00:00,DUNZO,-1,-1,,-2,,,,,,36
4495,10,2022-09-12 00:00:00,Sarang,-1,-1,,-2,,,,,,36
4496,6,2022-09-08 00:00:00,CANTEEN,-1,-1,,-2,,,,,,36
4497,6,2022-09-06 00:00:00,KRISHA GIFT SCHOOL,-1,-1,,-2,,,,,,36
4498,6,2022-09-05 00:00:00,KRISHA SCHOOL GIFT,-1,-1,,-2,,,,,,36
4499,6,2022-08-27 00:00:00,TAXI,-1,-1,,-2,,,,,,36
4500,6,2022-08-23 00:00:00,EYEBROW,-1,-1,,-2,,,,,,36
4501,10,2022-08-23 00:00:00,,-1,-1,,-2,,,,,,36
4502,6,2022-08-23 00:00:00,WAXING,-1,-1,,-2,,,,,,36
4503,6,2022-08-18 00:00:00,DUNZI,-1,-1,,-2,,,,,,36
4504,4,2022-08-16 00:00:00,,-1,-1,,-2,,,,,,36
4505,6,2022-08-15 00:00:00,DUNZO,-1,-1,,-2,,,,,,36
4506,6,2022-08-14 00:00:00,CAFETERIA,-1,-1,,-2,,,,,,36
4507,6,2022-08-14 00:00:00,CAfeteria,-1,-1,,-2,,,,,,36
4508,6,2022-08-12 00:00:00,amaZON,-1,-1,,-2,,,,,,36
4509,4,2022-08-12 00:00:00,,-1,-1,,-2,,,,,,36
4510,6,2022-08-09 00:00:00,DUNZO,-1,-1,,-2,,,,,,36
4511,10,2022-08-06 00:00:00,,-1,-1,,-2,,,,,,36
4512,6,2022-08-04 00:00:00,DUNZO,-1,-1,,-2,,,,,,36
4514,4,2022-10-07 00:00:00,,-1,-1,,-2,,,,,,36
4515,10,2022-08-03 00:00:00,TDS AMOUNT PAID taken as income,-1,-1,,-2,,,,,,36
4516,10,2022-08-01 00:00:00,SARANG,-1,-1,,-2,,,,,,36
4517,6,2022-07-28 00:00:00,CANTEEN,-1,-1,,-2,,,,,,36
4518,6,2022-07-25 00:00:00,MYNTRA,-1,-1,,-2,,,,,,36
4519,10,2022-07-25 00:00:00,NIDHI ILLUSTRATION,-1,-1,,-2,,,,,,36
4520,6,2022-07-24 00:00:00,FOOD COUPONS,-1,-1,,-2,,,,,,36
4521,10,2022-07-24 00:00:00,GPAY,-1,-1,,-2,,,,,,36
4522,6,2022-07-23 00:00:00,MEESHO,-1,-1,,-2,,,,,,36
4523,6,2022-07-23 00:00:00,MYNTRA,-1,-1,,-2,,,,,,36
4524,6,2022-07-21 00:00:00,CANTEEN,-1,-1,,-2,,,,,,36
4526,6,2022-07-19 00:00:00,CANTEEN,-1,-1,,-2,,,,,,36
4527,6,2022-07-15 00:00:00,TAXI,-1,-1,,-2,,,,,,36
4528,6,2022-07-15 00:00:00,CANTEEN,-1,-1,,-2,,,,,,36
4529,6,2022-07-14 00:00:00,DUNZO,-1,-1,,-2,,,,,,36
4530,10,2022-07-14 00:00:00,,-1,-1,,-2,,,,,,36
4531,6,2022-07-14 00:00:00,CANTEEN,-1,-1,,-2,,,,,,36
4532,6,2022-07-13 00:00:00,DUNZO,-1,-1,,-2,,,,,,36
4533,10,2022-07-13 00:00:00,,-1,-1,,-2,,,,,,36
4534,6,2022-07-04 00:00:00,PAID TO DAD - AMAZON,-1,-1,,-2,,,,,,36
4535,6,2022-07-02 00:00:00,RESTASURANT,-1,-1,,-2,,,,,,36
4536,10,2022-06-30 00:00:00,GPAY,-1,-1,,-2,,,,,,36
4537,6,2022-06-30 00:00:00,NYKAA,-1,-1,,-2,,,,,,36
4538,6,2022-06-27 00:00:00,DONATION,-1,-1,,-2,,,,,,36
4539,6,2022-06-24 00:00:00,FUDGE,-1,-1,,-2,,,,,,36
4540,6,2022-06-23 00:00:00,MAPRO,-1,-1,,-2,,,,,,36
4541,6,2022-06-20 00:00:00,CORN,-1,-1,,-2,,,,,,36
4542,6,2022-06-19 00:00:00,DUNZO,-1,-1,,-2,,,,,,36
4543,6,2022-06-19 00:00:00,ZOMATO,-1,-1,,-2,,,,,,36
4544,6,2022-06-15 00:00:00,DUNZO,-1,-1,,-2,,,,,,36
4545,6,2022-06-13 00:00:00,RADHA,-1,-1,,-2,,,,,,36
4546,10,2022-06-12 00:00:00,MANSI,-1,-1,,-2,,,,,,36
4547,6,2022-06-11 00:00:00,SRMD CAFE,-1,-1,,-2,,,,,,36
4548,6,2022-06-10 00:00:00,SRMD CAFE,-1,-1,,-2,,,,,,36
4549,6,2022-06-09 00:00:00,SRMD CAFE,-1,-1,,-2,,,,,,36
4550,6,2022-06-08 00:00:00,SRMD CAFE,-1,-1,,-2,,,,,,36
4552,10,2022-06-05 00:00:00,MUGS MASI AMOUNT GIVEN BY MOM,-1,-1,,-2,,,,,,36
4553,6,2022-05-16 00:00:00,DUNZO,-1,-1,,-2,,,,,,36
4554,6,2022-05-16 00:00:00,CANTEEN,-1,-1,,-2,,,,,,36
4555,6,2022-05-10 00:00:00,CANTEEN,-1,-1,,-2,,,,,,36
4556,6,2022-05-08 00:00:00,ZOMATO,-1,-1,,-2,,,,,,36
4557,6,2022-05-05 00:00:00,CANTEEN,-1,-1,,-2,,,,,,36
4558,10,2022-05-03 00:00:00,,-1,-1,,-2,,,,,,36
4559,6,2022-09-24 00:00:00,TAXI,-1,-1,,-2,,,,,,36
4560,4,2022-10-07 00:00:00,,-1,-1,,-2,,,,,,36
4561,6,2022-10-07 00:00:00,,-1,-1,,-2,,,,,,36
4562,10,2022-09-30 00:00:00,,-1,-1,,-2,,,,,,36
4565,6,2022-09-08 00:00:00,,-1,-1,,-2,,,,,,36
4566,6,2022-09-05 00:00:00,,-1,-1,,-2,,,,,,36
4567,10,2022-09-05 00:00:00,powai,-1,-1,,-2,,,,,,36
4568,10,2022-08-25 00:00:00,MSTOCK,-1,-1,,-2,,,,,,36
4569,6,2022-09-30 00:00:00,,-1,-1,,-2,,,,,,36
4570,10,2022-09-30 00:00:00,,-1,-1,,-2,,,,,,36
4571,6,2022-09-26 00:00:00,,-1,-1,,-2,,,,,,36
4572,6,2022-09-25 00:00:00,idfc cc,-1,-1,,-2,,,,,,36
4573,6,2022-09-22 00:00:00,idfc cc,-1,-1,,-2,,,,,,36
4574,6,2022-09-16 00:00:00,,-1,-1,,-2,,,,,,36
4575,6,2022-09-13 00:00:00,,-1,-1,,-2,,,,,,36
4576,6,2022-09-05 00:00:00,,-1,-1,,-2,,,,,,36
4577,10,2022-08-31 00:00:00,,-1,-1,,-2,,,,,,36
4578,10,2022-08-29 00:00:00,kotak bank,-1,-1,,-2,,,,,,36
4579,6,2022-08-18 00:00:00,,-1,-1,,-2,,,,,,36
4580,6,2022-08-11 00:00:00,,-1,-1,,-2,,,,,,36
4581,6,2022-10-07 00:00:00,idfc cc,-1,-1,,-2,,,,,,36
4582,10,2022-09-25 00:00:00,,-1,-1,,-2,,,,,,30
4583,4,2022-10-08 00:00:00,,-1,-1,,-2,,,,,,30
4584,10,2022-06-25 00:00:00,,-1,-1,,-2,,,,,,31
4585,10,2022-09-25 00:00:00,,-1,-1,,-2,,,,,,31
4586,10,2022-09-30 00:00:00,,-1,-1,,-2,,,,,,30
4587,6,2022-06-20 00:00:00,,-1,-1,,-2,,,,,,32
4588,10,2022-08-05 00:00:00,,-1,-1,,-2,,,,,,32
4589,6,2022-09-24 00:00:00,,-1,-1,,-2,,,,,,32
4590,4,2022-10-08 00:00:00,,-1,-1,,-2,,,,,,32
4591,10,2022-10-20 00:00:00,,-1,-1,,-2,,,,,,31
4592,6,2022-10-22 00:00:00,fastag,-1,-1,,-2,,,,,,31
4593,6,2022-10-27 00:00:00,,-1,-1,,-2,,,,,,31
4594,6,2022-10-27 00:00:00,credit card,-1,-1,,-2,,,,,,31
4595,6,2022-10-29 00:00:00,fastag,-1,-1,,-2,,,,,,31
4596,6,2022-11-11 00:00:00,,-1,-1,,-2,,,,,,29
4597,10,2022-11-10 00:00:00,,-1,-1,,-2,,,,,,29
4598,10,2022-10-11 00:00:00,,-1,-1,,-2,,,,,,29
4599,10,2022-11-18 00:00:00,shilpa m shah,-1,-1,,-2,,,,,,30
4600,10,2022-11-17 00:00:00,mukesh r shah,-1,-1,,-2,,,,,,30
4602,10,2022-11-14 00:00:00,SGB,-1,-1,,-2,,,,,,30
4603,10,2022-11-10 00:00:00,l& t,-1,-1,,-2,,,,,,30
4604,6,2022-11-09 00:00:00,,-1,-1,,-2,,,,,,30
4605,6,2022-11-07 00:00:00,,-1,-1,,-2,,,,,,30
4606,6,2022-11-07 00:00:00,,-1,-1,,-2,,,,,,30
4607,4,2022-11-02 00:00:00,,-1,-1,,-2,,,,,,30
4608,6,2022-11-02 00:00:00,,-1,-1,,-2,,,,,,30
4609,6,2022-10-27 00:00:00,,-1,-1,,-2,,,,,,30
4610,10,2022-10-20 00:00:00,UPPCL,-1,-1,,-2,,,,,,30
4611,6,2022-10-17 00:00:00,,-1,-1,,-2,,,,,,30
4612,4,2022-10-14 00:00:00,,-1,-1,,-2,,,,,,30
4613,10,2022-10-12 00:00:00,LIC,-1,-1,,-2,,,,,,30
4627,10,2022-11-21 00:00:00,Recd:IMPS/232516240275/Cashfree,-1,-1,,-2,,,,1298,IMPS-,29
4628,10,2022-11-26 00:00:00,NEFT YESB23306075358 CASHFREE,-1,-1,,-2,,,,1299,NEFTINW-,29
4629,6,2022-11-02 00:00:00,SentIMPS230618507546krisha,-1,-1,,-2,,,,1300,IMPS-,31
4630,12,2022-11-05 00:00:00,SentIMPS230917211658SAAHIL,-1,-1,,-2,,,,1301,IMPS-,31
4631,6,2022-11-07 00:00:00,MB:SENT TO CREATIVE PRINTERS/TOCREATIVE,-1,-1,,-2,,,,1302,MB-998996732723,31
4632,10,2022-11-14 00:00:00,Recd:IMPS/231812613252/Mr,-1,-1,,-2,,,,1303,IMPS-,31
4633,10,2022-11-16 00:00:00,MB:RECEIVED FROM CREATIVEPRINTERS/TO SPS K,-1,-1,,-2,,,,1304,MB-998992176908,31
4634,6,2022-11-17 00:00:00,PG RKG RKGLOBAL SHARES AND,-1,-1,,-2,,,,1305,KPG-0178022752,31
4635,12,2022-11-18 00:00:00,SentIMPS232217825320SAAHIL,-1,-1,,-2,,,,1306,IMPS-,31
4636,10,2022-11-21 00:00:00,Recd:IMPS/232510072913/Mr,-1,-1,,-2,,,,1307,IMPS-,31
4637,10,2022-11-21 00:00:00,Recd:IMPS/232516294988/CASHFREE,-1,-1,,-2,,,,1308,IMPS-,31
4638,10,2022-11-24 00:00:00,UPI/FlipkartIntern/232825027563/22Jo64463617005,-1,-1,,-2,,,,1309,UPI-232846140728,31
4639,6,2022-11-25 00:00:00,PG RKG RKGLOBAL SHARES AND,-1,-1,,-2,,,,1310,KPG-0178484023,31
4640,6,2022-11-26 00:00:00,UPI/CREDCLUB1/233038591574/paymenton CRED,-1,-1,,-2,,,,1311,UPI-233073983138,31
4641,10,2022-11-26 00:00:00,Recd:IMPS/233014212374/Flipkart,-1,-1,,-2,,,,1312,IMPS-,31
4642,10,2022-11-26 00:00:00,Recd:IMPS/233014212743/Flipkart,-1,-1,,-2,,,,1313,IMPS-,31
4643,6,2022-11-26 00:00:00,fastag,-1,-1,,-2,,,,,,31
4644,4,2022-10-14 00:00:00,,-1,-1,,-2,,,,,,30
4645,10,2022-10-31 00:00:00,,-1,-1,,-2,,,,,,30
4646,6,2022-11-16 00:00:00,,-1,-1,,-2,,,,,,31
4647,6,2022-11-14 00:00:00,,-1,-1,,-2,,,,,,31
4648,6,2022-11-13 00:00:00,fastag,-1,-1,,-2,,,,,,31
4649,6,2022-11-16 00:00:00,UPI/MIRAE ASSETCAP/232092259685/MIRAE ASSET CAP,-1,-1,,-2,,,,1314,UPI-232084387623,30
4650,6,2022-11-16 00:00:00,PG MSTOCK RAZORPAY TRADING APA,-1,-1,,-2,,,,1315,KPG-0177965033,30
4651,6,2022-11-20 00:00:00,PG D PUR RAZORPAY GOVT,-1,-1,,-2,,,,1316,KPG-0178194001,30
4652,6,2022-11-21 00:00:00,UPI/MIRAE ASSETCAP/232506039673/MIRAE ASSET CAP,-1,-1,,-2,,,,1317,UPI-232579693578,30
4653,6,2022-11-21 00:00:00,MB:SENT TO PRAMESH SHAH HUF/HUF K,-1,-1,,-2,,,,1318,MB-998989772829,30
4655,10,2022-11-21 00:00:00,Recd:IMPS/232516294649/CASHFREE,-1,-1,,-2,,,,1320,IMPS-,30
4656,6,2022-11-24 00:00:00,UPI/MIRAE ASSETCAP/232814166635/MIRAE ASSET CAP,-1,-1,,-2,,,,1321,UPI-232836296512,30
4657,6,2022-11-24 00:00:00,MB:SENT TO PRAMESH SHAH HUF/TO HUF,-1,-1,,-2,,,,1322,MB-998988242065,30
4658,6,2022-11-24 00:00:00,MB:SENT TO PRAMESH SHAH HUF/TO HUF,-1,-1,,-2,,,,1323,MB-998988239947,30
4659,6,2022-11-24 00:00:00,PG MSTOCK RAZORPAY TRADING APA,-1,-1,,-2,,,,1324,KPG-0178417722,30
4660,6,2022-11-25 00:00:00,UPI/MIRAE ASSETCAP/232917227918/MIRAE ASSET CAP,-1,-1,,-2,,,,1325,UPI-232957225589,30
4661,6,2022-10-20 00:00:00,UPI/MIRAE ASSETCAP/229322206899/MIRAE ASSET CAP,-1,-1,,-2,,,,1326,UPI-229376031818,30
4663,6,2022-10-25 00:00:00,UPI/MIRAE ASSETCAP/229835267644/MIRAE ASSET CAP,-1,-1,,-2,,,,1328,UPI-229881450368,30
4664,6,2022-10-27 00:00:00,UPI/MIRAE ASSETCAP/230015029491/MIRAEASSETCAPIT,-1,-1,,-2,,,,1329,UPI-230006808390,30
4665,6,2022-09-29 00:00:00,UPI/MIRAE ASSETCAP/227265401113/MIRAE ASSET CAP,-1,-1,,-2,,,,1330,UPI-227272679989,36
4666,6,2022-09-29 00:00:00,UPI/MIRAE ASSETCAP/227216504969/MIRAEASSETCAPIT,-1,-1,,-2,,,,1331,UPI-227272998587,36
4667,10,2022-10-10 00:00:00,Recd:IMPS/228314193047/Amazon,-1,-1,,-2,,,,1332,IMPS-,36
4668,12,2022-10-15 00:00:00,SentIMPS228816279120Krisha,-1,-1,,-2,,,,1333,IMPS-,36
4669,6,2022-10-15 00:00:00,UPI/IRCTC AppUPI/228845633419/Oid100003727528,-1,-1,,-2,,,,1334,UPI-228882036091,36
4670,6,2022-10-15 00:00:00,UPI/IRCTC AppUPI/228846757560/Oid100003727528,-1,-1,,-2,,,,1335,UPI-228882350370,36
4671,6,2022-10-20 00:00:00,UPI/Amazon Pay/229395571069/You arepaying,-1,-1,,-2,,,,1336,UPI-229377263931,36
4673,12,2022-11-07 00:00:00,UPI/Mrs. Krisha Raj/231113357941/PayRequest,-1,-1,,-2,,,,1338,UPI-231111921120,36
4674,12,2022-11-07 00:00:00,UPI/Mrs. Krisha Raj/231114406767/PayRequest,-1,-1,,-2,,,,1339,UPI-231112098371,36
4675,10,2022-11-08 00:00:00,UPI/IRCTC App UPI/231277390356/collect,-1,-1,,-2,,,,1340,UPI-231243885550,36
4676,12,2022-11-14 00:00:00,Recd:IMPS/231810524991/Mrs,-1,-1,,-2,,,,1341,IMPS-,36
4677,6,2022-11-16 00:00:00,UPI/MIRAE ASSETCAP/232092178349/MIRAE ASSET CAP,-1,-1,,-2,,,,1342,UPI-232083840296,36
4678,12,2022-11-21 00:00:00,Recd:IMPS/232510065177/Mrs,-1,-1,,-2,,,,1343,IMPS-,36
4679,6,2022-11-05 00:00:00,irctc,-1,-1,,-2,,,,,,36
4680,10,2022-11-02 00:00:00,???,-1,-1,,-2,,,,,,36
4681,6,2022-11-22 00:00:00,phone cover,-1,-1,,-2,,,,,,36
4682,6,2022-11-19 00:00:00,zomato,-1,-1,,-2,,,,,,36
4683,6,2022-11-12 00:00:00,zomoato,-1,-1,,-2,,,,,,36
4684,6,2022-11-11 00:00:00,dunzo,-1,-1,,-2,,,,,,36
4685,6,2022-11-09 00:00:00,swiggy,-1,-1,,-2,,,,,,36
4686,6,2022-11-09 00:00:00,dunzi,-1,-1,,-2,,,,,,36
4687,6,2022-11-07 00:00:00,cafeteria,-1,-1,,-2,,,,,,36
4688,10,2022-11-06 00:00:00,sneha sagar,-1,-1,,-2,,,,,,36
4689,10,2022-11-05 00:00:00,,-1,-1,,-2,,,,,,36
4690,4,2022-11-04 00:00:00,,-1,-1,,-2,,,,,,36
4692,4,2022-11-04 00:00:00,,-1,-1,,-2,,,,,,36
4693,6,2022-11-03 00:00:00,cafeteria,-1,-1,,-2,,,,,,36
4694,10,2022-11-03 00:00:00,gpay reward,-1,-1,,-2,,,,,,36
4695,6,2022-11-03 00:00:00,foram cake,-1,-1,,-2,,,,,,36
4696,6,2022-10-31 00:00:00,dunzo,-1,-1,,-2,,,,,,36
4697,10,2022-10-29 00:00:00,mom,-1,-1,,-2,,,,,,36
4698,6,2022-10-26 00:00:00,ru kritik gift pune,-1,-1,,-2,,,,,,36
4699,6,2022-10-26 00:00:00,cafe,-1,-1,,-2,,,,,,36
4700,6,2022-10-24 00:00:00,cafe,-1,-1,,-2,,,,,,36
4701,6,2022-10-23 00:00:00,cafe,-1,-1,,-2,,,,,,36
4702,6,2022-10-23 00:00:00,cafe,-1,-1,,-2,,,,,,36
4703,6,2022-10-22 00:00:00,dpur food coupon,-1,-1,,-2,,,,,,36
4704,4,2022-10-22 00:00:00,,-1,-1,,-2,,,,,,36
4705,6,2022-10-21 00:00:00,,-1,-1,,-2,,,,,,36
4706,6,2022-10-19 00:00:00,dunzo,-1,-1,,-2,,,,,,36
4707,6,2022-10-19 00:00:00,snow ball,-1,-1,,-2,,,,,,36
4708,10,2022-10-19 00:00:00,food,-1,-1,,-2,,,,,,36
4709,6,2022-10-19 00:00:00,zomato,-1,-1,,-2,,,,,,36
4710,6,2022-10-17 00:00:00,foram,-1,-1,,-2,,,,,,36
4711,6,2022-10-16 00:00:00,zepto,-1,-1,,-2,,,,,,36
4712,6,2022-10-12 00:00:00,cafe,-1,-1,,-2,,,,,,36
4713,6,2022-07-19 00:00:00,dunzo,-1,-1,,-2,,,,,,36
4714,6,2022-07-19 00:00:00,,-1,-1,,-2,,,,,,36
4715,6,2022-06-08 00:00:00,,-1,-1,,-2,,,,,,36
4716,6,2022-06-08 00:00:00,,-1,-1,,-2,,,,,,36
4717,6,2022-06-08 00:00:00,,-1,-1,,-2,,,,,,36
4718,6,2022-06-09 00:00:00,,-1,-1,,-2,,,,,,36
4719,6,2022-06-09 00:00:00,,-1,-1,,-2,,,,,,36
4720,6,2022-06-10 00:00:00,,-1,-1,,-2,,,,,,36
4721,6,2022-11-24 00:00:00,PG RKGLOBAL SHARES,-1,-1,,-2,,,,1344,KPG-0178417746,32
4722,6,2022-11-24 00:00:00,PG RKGLOBAL SHARES,-1,-1,,-2,,,,1345,KPG-0178417491,32
4723,10,2022-11-24 00:00:00,MB:RECEIVED FROMPRAMESH RAJENDRA,-1,-1,,-2,,,,1346,MB-998988242065,32
4724,6,2022-11-21 00:00:00,PG RKGLOBAL SHARES,-1,-1,,-2,,,,1347,KPG-0178239904,32
4725,10,2022-11-15 00:00:00,MB:RECEIVED FROMCREATIVE,-1,-1,,-2,,,,1348,MB-998992536857,32
4726,10,2022-10-27 00:00:00,MB:RECEIVED FROMCREATIVE,-1,-1,,-2,,,,1349,MB-999002871760,32
4727,10,2022-10-12 00:00:00,NACH/GMM FNL2021 2022/44961,-1,-1,,-2,,,,1350,,31
4729,10,2022-10-31 00:00:00,MONTHLY SAVINGS INTEREST CREDIT,-1,-1,,-2,,,,1352,,31
4730,6,2022-11-21 00:00:00,UPI/MOB/232510381890/6720954978745798 Zerodha,-1,-1,,-2,,,,1353,,31
4731,10,2022-10-09 00:00:00,NEFT/YESB22829515544/ZERODHA BROKING LIMITED NSE CLIENT/YESB,-1,-1,,-2,,,,1354,,29
4732,10,2022-10-31 00:00:00,MONTHLY SAVINGS INTEREST CREDIT,-1,-1,,-2,,,,1355,,29
4733,10,2022-11-10 00:00:00,NACH/INFOSYS LIMITED/31476606,-1,-1,,-2,,,,1356,,29
4734,10,2022-11-14 00:00:00,NEFT/CMS2944339481/CENTRAL DEPOSITORY SERVICES INDIA LIMITED,-1,-1,,-2,,,,1357,,29
4735,6,2022-11-17 00:00:00,Ecom/41478171/Atom Techn/ZERODHABR/,-1,-1,,-2,,,,1358,,29
4736,10,2022-10-12 00:00:00,gmm,-1,-1,,-2,,,,,,29
4737,10,2022-11-10 00:00:00,L& T,-1,-1,,-2,,,,,,36
4738,10,2022-11-10 00:00:00,infosys,-1,-1,,-2,,,,,,36
4739,10,2022-11-10 00:00:00,asian paints,-1,-1,,-2,,,,,,36
4740,10,2022-11-07 00:00:00,tcs,-1,-1,,-2,,,,,,36
4741,6,2022-11-04 00:00:00,credit card,-1,-1,,-2,,,,,,36
4742,10,2022-10-31 00:00:00,,-1,-1,,-2,,,,,,36
4743,6,2022-10-28 00:00:00,,-1,-1,,-2,,,,,,36
4744,6,2022-10-20 00:00:00,,-1,-1,,-2,,,,,,36
4745,10,2022-10-12 00:00:00,gmm,-1,-1,,-2,,,,,,36
4746,10,2022-10-08 00:00:00,,-1,-1,,-2,,,,,,36
4747,6,2022-11-16 00:00:00,,-1,-1,,-2,,,,,,32
4748,6,2022-11-15 00:00:00,,-1,-1,,-2,,,,,,32
4749,6,2022-10-27 00:00:00,,-1,-1,,-2,,,,,,32
4750,10,2022-11-24 00:00:00,,-1,-1,,-2,,,,,,32
4751,10,2022-11-21 00:00:00,,-1,-1,,-2,,,,,,32
4753,4,2022-08-09 00:00:00,,-1,-1,,-2,,,,,,30
4754,10,2022-11-04 00:00:00,,-1,-1,,-2,,,,,,32
4763,10,2022-09-06 00:00:00,from krisha mom,-1,-1,,-2,,,,,,31
4766,10,2022-08-10 00:00:00,,-1,-1,,-2,,,,,,31
4768,10,2022-11-30 00:00:00,,-1,-1,,-2,,,,,,32
4769,6,2022-12-05 00:00:00,,-1,-1,,-2,,,,,,30
4770,6,2022-12-05 00:00:00,,-1,-1,,-2,,,,,,30
4771,10,2022-12-05 00:00:00,,-1,-1,,-2,,,,,,30
4772,4,2022-12-05 00:00:00,,-1,-1,,-2,,,,,,30
4773,10,2022-11-28 00:00:00,CAMS,-1,-1,,-2,,,,,,30
4774,6,2022-11-28 00:00:00,,-1,-1,,-2,,,,,,30
4775,10,2022-12-12 00:00:00,,-1,-1,,-2,,,,,,30
4776,6,2022-12-15 00:00:00,,-1,-1,,-2,,,,,,31
4777,6,2022-12-15 00:00:00,,-1,-1,,-2,,,,,,31
4778,6,2022-12-15 00:00:00,,-1,-1,,-2,,,,,,31
4779,4,2022-12-15 00:00:00,,-1,-1,,-2,,,,,,31
4780,6,2022-12-14 00:00:00,,-1,-1,,-2,,,,,,31
4781,10,2022-12-13 00:00:00,,-1,-1,,-2,,,,,,31
4782,10,2022-12-13 00:00:00,,-1,-1,,-2,,,,,,31
4783,6,2022-12-05 00:00:00,,-1,-1,,-2,,,,,,31
4784,6,2022-12-09 00:00:00,,-1,-1,,-2,,,,,,31
4785,4,2022-12-07 00:00:00,,-1,-1,,-2,,,,,,31
4786,6,2022-12-06 00:00:00,,-1,-1,,-2,,,,,,31
4787,6,2022-12-05 00:00:00,,-1,-1,,-2,,,,,,31
4788,10,2022-12-05 00:00:00,,-1,-1,,-2,,,,,,31
4789,4,2022-12-05 00:00:00,,-1,-1,,-2,,,,,,31
4790,10,2022-11-30 00:00:00,,-1,-1,,-2,,,,,,31
4791,4,2022-11-30 00:00:00,,-1,-1,,-2,,,,,,31
4792,4,2022-11-30 00:00:00,,-1,-1,,-2,,,,,,31
4793,6,2022-11-29 00:00:00,,-1,-1,,-2,,,,,,31
4794,10,2022-11-28 00:00:00,,-1,-1,,-2,,,,,,31
4795,10,2022-11-28 00:00:00,,-1,-1,,-2,,,,,,31
4796,6,2022-12-15 00:00:00,,-1,-1,,-2,,,,,,29
4797,4,2022-12-15 00:00:00,,-1,-1,,-2,,,,,,29
4798,6,2022-12-15 00:00:00,,-1,-1,,-2,,,,,,29
4799,6,2022-12-14 00:00:00,,-1,-1,,-2,,,,,,29
4800,6,2022-12-14 00:00:00,,-1,-1,,-2,,,,,,29
4801,6,2022-12-14 00:00:00,,-1,-1,,-2,,,,,,29
4802,6,2022-12-13 00:00:00,,-1,-1,,-2,,,,,,29
4803,10,2022-12-13 00:00:00,,-1,-1,,-2,,,,,,29
4804,4,2022-12-13 00:00:00,,-1,-1,,-2,,,,,,29
4805,6,2022-12-09 00:00:00,,-1,-1,,-2,,,,,,29
4806,6,2022-12-09 00:00:00,,-1,-1,,-2,,,,,,29
4807,6,2022-12-08 00:00:00,,-1,-1,,-2,,,,,,29
4808,6,2022-12-07 00:00:00,,-1,-1,,-2,,,,,,29
4809,6,2022-12-07 00:00:00,,-1,-1,,-2,,,,,,29
4810,6,2022-12-06 00:00:00,,-1,-1,,-2,,,,,,29
4811,6,2022-12-02 00:00:00,,-1,-1,,-2,,,,,,29
4812,10,2022-12-02 00:00:00,,-1,-1,,-2,,,,,,29
4813,10,2022-11-29 00:00:00,,-1,-1,,-2,,,,,,29
4815,6,2022-12-15 00:00:00,additional security deposit,-1,-1,,-2,,,,,,30
4816,10,2022-12-15 00:00:00,,-1,-1,,-2,,,,,,30
4817,6,2022-12-14 00:00:00,,-1,-1,,-2,,,,,,30
4818,10,2022-12-14 00:00:00,,-1,-1,,-2,,,,,,30
4819,6,2022-12-14 00:00:00,,-1,-1,,-2,,,,,,30
4821,10,2022-12-14 00:00:00,,-1,-1,,-2,,,,,,30
4822,6,2022-12-13 00:00:00,,-1,-1,,-2,,,,,,30
4823,6,2022-12-13 00:00:00,,-1,-1,,-2,,,,,,30
4824,6,2022-12-13 00:00:00,,-1,-1,,-2,,,,,,30
4825,6,2022-12-12 00:00:00,,-1,-1,,-2,,,,,,30
4826,6,2022-12-12 00:00:00,,-1,-1,,-2,,,,,,30
4827,4,2022-12-12 00:00:00,,-1,-1,,-2,,,,,,30
4828,4,2022-12-09 00:00:00,,-1,-1,,-2,,,,,,30
4829,10,2022-12-09 00:00:00,,-1,-1,,-2,,,,,,30
4830,10,2022-12-07 00:00:00,,-1,-1,,-2,,,,,,30
4831,6,2022-12-06 00:00:00,,-1,-1,,-2,,,,,,30
4837,4,2022-12-15 00:00:00,,-1,-1,,-2,,,,,,32
4838,10,2022-12-15 00:00:00,,-1,-1,,-2,,,,,,32
4839,6,2022-12-15 00:00:00,,-1,-1,,-2,,,,,,32
4840,10,2022-12-15 00:00:00,,-1,-1,,-2,,,,,,32
4841,6,2022-12-14 00:00:00,,-1,-1,,-2,,,,,,32
4842,10,2022-12-14 00:00:00,,-1,-1,,-2,,,,,,32
4843,4,2022-12-13 00:00:00,,-1,-1,,-2,,,,,,32
4844,10,2022-12-13 00:00:00,,-1,-1,,-2,,,,,,32
4845,6,2022-12-12 00:00:00,,-1,-1,,-2,,,,,,32
4846,10,2022-12-12 00:00:00,,-1,-1,,-2,,,,,,32
4847,6,2022-12-09 00:00:00,,-1,-1,,-2,,,,,,32
4848,10,2022-12-09 00:00:00,,-1,-1,,-2,,,,,,32
4849,4,2022-12-09 00:00:00,,-1,-1,,-2,,,,,,32
4850,10,2022-12-07 00:00:00,,-1,-1,,-2,,,,,,32
4851,6,2022-12-06 00:00:00,,-1,-1,,-2,,,,,,32
4852,10,2022-12-06 00:00:00,,-1,-1,,-2,,,,,,32
4853,6,2022-12-05 00:00:00,,-1,-1,,-2,,,,,,32
4854,6,2022-12-05 00:00:00,,-1,-1,,-2,,,,,,32
4855,6,2022-12-02 00:00:00,,-1,-1,,-2,,,,,,32
4856,6,2022-12-01 00:00:00,,-1,-1,,-2,,,,,,32
4858,4,2022-11-30 00:00:00,LOAN TO BIJAL,-1,-1,,-2,,,,,,31
4859,6,2022-12-15 00:00:00,,-1,-1,,-2,,,,,,31
4860,6,2022-12-15 00:00:00,,-1,-1,,-2,,,,,,31
4861,6,2022-12-12 00:00:00,,-1,-1,,-2,,,,,,31
4862,6,2022-12-10 00:00:00,,-1,-1,,-2,,,,,,31
4863,6,2022-12-09 00:00:00,,-1,-1,,-2,,,,,,31
4864,6,2022-12-01 00:00:00,,-1,-1,,-2,,,,,,31
4865,6,2022-12-01 00:00:00,,-1,-1,,-2,,,,,,31
4866,6,2022-11-30 00:00:00,,-1,-1,,-2,,,,,,31
4867,10,2022-11-30 00:00:00,,-1,-1,,-2,,,,,,31
4868,10,2022-11-28 00:00:00,gmm pfa,-1,-1,,-2,,,,,,31
4869,6,2022-12-08 00:00:00,,-1,-1,,-2,,,,,,31
4870,4,2022-12-13 00:00:00,,-1,-1,,-2,,,,,,36
4871,6,2022-12-09 00:00:00,,-1,-1,,-2,,,,,,36
4872,4,2022-12-08 00:00:00,,-1,-1,,-2,,,,,,36
4873,4,2022-12-07 00:00:00,,-1,-1,,-2,,,,,,36
4874,6,2022-11-30 00:00:00,,-1,-1,,-2,,,,,,36
4875,10,2022-11-28 00:00:00,,-1,-1,,-2,,,,,,36
4876,10,2022-11-28 00:00:00,,-1,-1,,-2,,,,,,36
4877,6,2022-12-04 00:00:00,,-1,-1,,-2,,,,,,36
4878,10,2022-11-30 00:00:00,,-1,-1,,-2,,,,,,36
4879,6,2022-12-06 00:00:00,,-1,-1,,-2,,,,,,30
4880,10,2022-11-30 00:00:00,,-1,-1,,-2,,,,,,30
4881,10,2022-12-13 00:00:00,,-1,-1,,-2,,,,,,29
4882,6,2022-12-09 00:00:00,,-1,-1,,-2,,,,,,29
4883,6,2022-12-09 00:00:00,,-1,-1,,-2,,,,,,29
4884,6,2022-12-07 00:00:00,,-1,-1,,-2,,,,,,29
4885,6,2022-12-05 00:00:00,,-1,-1,,-2,,,,,,29
4886,6,2022-12-03 00:00:00,,-1,-1,,-2,,,,,,29
4887,10,2022-11-30 00:00:00,,-1,-1,,-2,,,,,,29
4888,6,2022-11-29 00:00:00,,-1,-1,,-2,,,,,,29
4889,10,2022-11-28 00:00:00,cams,-1,-1,,-2,,,,,,29
4890,10,2022-11-28 00:00:00,gmm pfaudler,-1,-1,,-2,,,,,,29
4891,10,2022-12-15 00:00:00,,-1,-1,,-2,,,,,,36
4892,6,2022-12-14 00:00:00,,-1,-1,,-2,,,,,,36
4893,6,2022-12-14 00:00:00,,-1,-1,,-2,,,,,,36
4894,10,2022-12-13 00:00:00,,-1,-1,,-2,,,,,,36
4895,10,2022-12-09 00:00:00,,-1,-1,,-2,,,,,,36
4896,10,2022-12-09 00:00:00,,-1,-1,,-2,,,,,,36
4897,10,2022-12-09 00:00:00,,-1,-1,,-2,,,,,,36
4898,10,2022-12-09 00:00:00,,-1,-1,,-2,,,,,,36
4899,6,2022-12-05 00:00:00,,-1,-1,,-2,,,,,,36
4900,6,2022-12-15 00:00:00,,-1,-1,,-2,,,,,,36
4901,6,2022-12-13 00:00:00,,-1,-1,,-2,,,,,,36
4902,6,2022-12-12 00:00:00,samyak driti,-1,-1,,-2,,,,,,36
4903,6,2022-12-11 00:00:00,,-1,-1,,-2,,,,,,36
4904,6,2022-12-07 00:00:00,organiser,-1,-1,,-2,,,,,,36
4905,6,2022-12-05 00:00:00,meesho,-1,-1,,-2,,,,,,36
4906,6,2022-12-04 00:00:00,extra recd,-1,-1,,-2,,,,,,36
4907,10,2022-12-04 00:00:00,,-1,-1,,-2,,,,,,36
4908,10,2022-12-03 00:00:00,,-1,-1,,-2,,,,,,36
4909,6,2022-12-01 00:00:00,,-1,-1,,-2,,,,,,36
4910,6,2022-11-30 00:00:00,,-1,-1,,-2,,,,,,36
4911,4,2022-12-07 00:00:00,,-1,-1,,-2,,,,,,36
4913,6,2022-12-17 00:00:00,KOTAK FASTAG,-1,-1,,-2,,,,1359,KB9A775B4301AE9,31
4914,6,2022-12-18 00:00:00,UPI/CREDCLUB1/235241336579/paymenton CRED,-1,-1,,-2,,,,1360,UPI-235217249321,31
4915,6,2022-12-19 00:00:00,UPI/CREDPAYSWIGGY1/235364797853/payment on CRED,-1,-1,,-2,,,,1361,UPI-235340488385,31
4916,6,2022-12-19 00:00:00,UPI/CREDPAYDUNZO/235318360733/payment on CRED,-1,-1,,-2,,,,1362,UPI-235340503423,31
4917,10,2022-12-20 00:00:00,MB:RECEIVED FROM CREATIVEPRINTERS/TO SAAHIL,-1,-1,,-2,,,,1363,MB-998974388005,31
4918,6,2022-12-20 00:00:00,UPI/CREDPAYDUNZO/235445994804/payment on CRED,-1,-1,,-2,,,,1364,UPI-235469729365,31
4919,10,2022-12-21 00:00:00,Upi_Cradj_U2_tdt_191222_235364797853_20DEC2022_8C,-1,-1,,-2,,,,1365,235364797853,31
4920,6,2022-12-21 00:00:00,UPI/CREDPAYDUNZO/235544593001/payment on CRED,-1,-1,,-2,,,,1366,UPI-235589341553,31
4921,6,2022-12-22 00:00:00,UPI/CREDPAYDUNZO/235653029910/payment on CRED,-1,-1,,-2,,,,1367,UPI-235603079459,31
4922,10,2022-12-23 00:00:00,Upi_Cradj_U2_tdt_211222_235544593001_22DEC2022_8C,-1,-1,,-2,,,,1368,235544593001,31
4923,10,2023-01-01 00:00:00,Int.Pd:1712151141:01-10-2022 to 31-12-2022,-1,-1,,-2,,,,1369,,31
4924,6,2023-01-02 00:00:00,KOTAK FASTAG,-1,-1,,-2,,,,1370,KB8D26EE29BA2A,31
4925,6,2023-01-03 00:00:00,KOTAK FASTAG,-1,-1,,-2,,,,1371,KB965D519EDC5D9,31
4926,6,2023-01-03 00:00:00,UPI/Pharmeasy/300397360547/paid viaCRED P,-1,-1,,-2,,,,1372,UPI-300355798378,31
4927,6,2023-01-04 00:00:00,UPI/CREDPAYDUNZO/300490560865/payment on CRED,-1,-1,,-2,,,,1373,UPI-300471715873,31
4928,10,2022-12-21 00:00:00,MB:RECEIVED FROM CREATIVEPACKAGING/TO UPSK,-1,-1,,-2,,,,1374,MB-998973688912,29
4929,10,2022-12-24 00:00:00,MB:RECEIVED FROM CREATIVEPACKAGING/TO UPS K,-1,-1,,-2,,,,1375,MB-998972508763,29
4930,10,2022-12-29 00:00:00,NEFT CITIN22387683580 FTMF,-1,-1,,-2,,,,1376,NEFTINW-,29
4931,10,2023-01-01 00:00:00,Int.Pd:1912581915:01-10-2022 to 31-12-2022,-1,-1,,-2,,,,1377,,29
4933,6,2023-01-02 00:00:00,SentIMPS300215280683UNNATI,-1,-1,,-2,,,,1379,IMPS-,29
4934,6,2022-12-15 00:00:00,,-1,-1,,-2,,,,,,29
4935,10,2022-12-16 00:00:00,,-1,-1,,-2,,,,,,29
4936,6,2022-12-18 00:00:00,UPI/JioFiber/235207021335/ Payment,-1,-1,,-2,,,,1380,UPI-235222104246,30
4937,6,2022-12-18 00:00:00,UPI/GOOGLE INDIA DI/235211274665/Soldby Shenzhe,-1,-1,,-2,,,,1381,UPI-235236020866,30
4940,6,2022-12-21 00:00:00,SentIMPS235517016916pramesh,-1,-1,,-2,,,,1384,IMPS-,30
4944,10,2023-01-01 00:00:00,Int.Pd:2012066081:01-10-2022 to 31-12-2022,-1,-1,,-2,,,,1388,,30
4945,6,2023-01-02 00:00:00,UPI/JioFiber/300225527579/ Payment,-1,-1,,-2,,,,1389,UPI-300225640144,30
4946,6,2023-01-02 00:00:00,PG CASHFREE PAYMENTS IN,-1,-1,,-2,,,,1390,KPG-0180774640,30
4947,10,2022-12-16 00:00:00,,-1,-1,,-2,,,,,,30
4948,4,2022-12-19 00:00:00,,-1,-1,,-2,,,,,,30
4949,10,2022-12-31 00:00:00,,-1,-1,,-2,,,,,,32
4950,6,2022-12-19 00:00:00,SentIMPS235310361328Krisha,-1,-1,,-2,,,,1391,IMPS-,36
4952,6,2022-12-27 00:00:00,UPI/MIRAE ASSETCAP/236111312770/MIRAE ASSET CAP,-1,-1,,-2,,,,1393,UPI-236196954999,36
4954,10,2023-01-01 00:00:00,Int.Pd:6945111207:01-10-2022 to 31-12-2022,-1,-1,,-2,,,,1395,,36
4955,10,2023-01-02 00:00:00,Recd:IMPS/300212182177/Amazon,-1,-1,,-2,,,,1396,IMPS-,36
4957,6,2022-12-16 00:00:00,irctc,-1,-1,,-2,,,,,,36
4958,10,2023-01-30 00:00:00,,-1,-1,,-2,,,,,,32
4959,6,2023-01-06 00:00:00,,-1,-1,,-2,,,,,,32
4960,4,2023-01-06 00:00:00,,-1,-1,,-2,,,,,,32
4961,6,2022-12-25 00:00:00,,-1,-1,,-2,,,,,,32
4962,4,2023-01-30 00:00:00,,-1,-1,,-2,,,,,,32
4963,6,2023-01-30 00:00:00,,-1,-1,,-2,,,,,,32
4964,10,2023-01-30 00:00:00,,-1,-1,,-2,,,,,,30
4965,6,2023-02-01 00:00:00,,-1,-1,,-2,,,,,,32
4966,10,2023-02-01 00:00:00,,-1,-1,,-2,,,,,,29
4972,6,2023-01-06 00:00:00,,-1,-1,,-2,,,,,,31
4973,6,2023-01-06 00:00:00,,-1,-1,,-2,,,,,,31
4974,6,2023-01-08 00:00:00,FASTAG +DANZO,-1,-1,,-2,,,,,,31
4975,6,2023-01-10 00:00:00,,-1,-1,,-2,,,,,,31
4976,6,2023-01-10 00:00:00,ARN RENUAL,-1,-1,,-2,,,,,,31
4977,6,2023-01-14 00:00:00,DANZO 120+60,-1,-1,,-2,,,,,,31
4978,4,2023-01-14 00:00:00,,-1,-1,,-2,,,,,,31
4979,10,2023-01-21 00:00:00,,-1,-1,,-2,,,,,,31
4980,10,2023-01-21 00:00:00,SEETA CASH,-1,-1,,-2,,,,,,31
4981,6,2023-01-25 00:00:00,DANZO 75+50,-1,-1,,-2,,,,,,31
4982,6,2023-01-26 00:00:00,FASTAG,-1,-1,,-2,,,,,,31
4983,10,2023-01-27 00:00:00,,-1,-1,,-2,,,,,,31
4984,6,2023-01-27 00:00:00,DANZO,-1,-1,,-2,,,,,,31
4985,6,2023-02-02 00:00:00,,-1,-1,,-2,,,,,,31
4986,4,2023-02-01 00:00:00,,-1,-1,,-2,,,,,,31
4987,6,2023-01-21 00:00:00,,-1,-1,,-2,,,,,,36
4988,10,2023-01-24 00:00:00,SWETA RAMANUJAN,-1,-1,,-2,,,,,,36
4989,4,2023-01-24 00:00:00,,-1,-1,,-2,,,,,,36
4990,6,2023-02-02 00:00:00,,-1,-1,,-2,,,,,,30
4992,10,2023-02-01 00:00:00,BOND INT,-1,-1,,-2,,,,,,30
4993,6,2023-01-25 00:00:00,,-1,-1,,-2,,,,,,30
4994,6,2023-01-23 00:00:00,,-1,-1,,-2,,,,,,30
4995,10,2023-01-20 00:00:00,GIFT MUKESH,-1,-1,,-2,,,,,,30
4996,10,2023-01-20 00:00:00,UPPCL,-1,-1,,-2,,,,,,30
4997,10,2023-01-07 00:00:00,,-1,-1,,-2,,,,,,30
4998,6,2023-01-23 00:00:00,,-1,-1,,-2,,,,,,30
4999,10,2023-02-02 00:00:00,S V SHAH,-1,-1,,-2,,,,,,29
5000,10,2023-01-20 00:00:00,,-1,-1,,-2,,,,,,29
5001,6,2023-01-24 00:00:00,,-1,-1,,-2,,,,,,29
5002,6,2023-01-18 00:00:00,,-1,-1,,-2,,,,,,29
5003,4,2023-01-17 00:00:00,,-1,-1,,-2,,,,,,29
5004,6,2023-01-16 00:00:00,,-1,-1,,-2,,,,,,29
5005,6,2023-01-06 00:00:00,,-1,-1,,-2,,,,,,29
5006,10,2023-02-03 00:00:00,TCS,-1,-1,,-2,,,,,,36
5007,10,2023-01-31 00:00:00,,-1,-1,,-2,,,,,,36
5008,6,2023-01-11 00:00:00,,-1,-1,,-2,,,,,,36
5009,4,2023-01-09 00:00:00,,-1,-1,,-2,,,,,,36
5010,4,2023-01-06 00:00:00,,-1,-1,,-2,,,,,,36
5011,10,2023-01-06 00:00:00,,-1,-1,,-2,,,,,,36
5012,10,2022-12-31 00:00:00,,-1,-1,,-2,,,,,,36
5013,6,2022-12-26 00:00:00,,-1,-1,,-2,,,,,,36
5014,10,2022-12-31 00:00:00,,-1,-1,,-2,,,,,,30
5015,10,2023-01-31 00:00:00,,-1,-1,,-2,,,,,,30
5041,10,2022-12-25 00:00:00,,-1,-1,,-2,,,,,,30
5042,6,2022-11-02 00:00:00,GST,-1,-1,,-2,,,,,,30
5043,4,2023-02-07 00:00:00,,-1,-1,,-2,,,,,,36
5046,10,2023-02-06 00:00:00,NEFT N037232319747628 QUANT M F,-1,-1,,-2,,,,1400,NEFTINW-,31
5047,6,2023-02-08 00:00:00,UPI/CREDPAYDUNZO/303982290031/payment on CRED,-1,-1,,-2,,,,1401,UPI-303935254823,31
5048,6,2023-02-09 00:00:00,UPI/CREDPAYDUNZO/304096255098/payment on CRED,-1,-1,,-2,,,,1402,UPI-304058501115,31
5049,6,2023-02-10 00:00:00,KOTAK FASTAG,-1,-1,,-2,,,,1403,KB8114F39575A7F,31
5050,6,2023-02-12 00:00:00,KOTAK FASTAG,-1,-1,,-2,,,,1404,KB84A3B1BC240B,31
5051,6,2023-02-17 00:00:00,KOTAK FASTAG,-1,-1,,-2,,,,1405,KB99D4415031AC3,31
5052,6,2023-02-20 00:00:00,UPI/CREDCLUB1/305186343027/paymenton CRED,-1,-1,,-2,,,,1406,UPI-305125322108,31
5053,6,2023-02-23 00:00:00,UPI/CREDPAYDUNZO/305427219745/payment on CRED,-1,-1,,-2,,,,1407,UPI-305471306910,31
5054,6,2023-02-24 00:00:00,PG FLIGHT SEAT BOOKING RAZORPAYTRAVEL,-1,-1,,-2,,,,1408,KPG-0183894884,31
5055,10,2023-02-24 00:00:00,Recd:IMPS/305515388136/SHILPA,-1,-1,,-2,,,,1409,IMPS-,31
5056,10,2023-02-25 00:00:00,Recd:IMPS/305616509404/Refunded,-1,-1,,-2,,,,1410,IMPS-,31
5058,6,2023-03-05 00:00:00,PG AIR SEAT RAZORPAY TRAVEL,-1,-1,,-2,,,,1412,KPG-0184459383,31
5059,6,2023-03-05 00:00:00,PG FORAM CHECK IN RAZORPAY TRAVEL,-1,-1,,-2,,,,1413,KPG-0184460152,31
5060,6,2023-03-05 00:00:00,MB:SENT TO CREATIVE PRINTERS,-1,-1,,-2,,,,1414,MB-998933716777,31
5061,6,2023-03-06 00:00:00,UPI/CREDCLUB1/306583836282/paymenton CRED,-1,-1,,-2,,,,1415,UPI-306534770508,31
5062,10,2023-03-06 00:00:00,NEFT CMS3164325431 R K GLOBAL,-1,-1,,-2,,,,1416,NEFTINW-,31
5063,10,2023-03-06 00:00:00,NEFT N065232360772297 NIPPON INDIA,-1,-1,,-2,,,,1417,NEFTINW-,31
5064,6,2023-03-08 00:00:00,MB:SENT TO CREATIVE PRINTERS/TOPRINTERS,-1,-1,,-2,,,,1418,MB-998931918137,31
5065,10,2023-03-08 00:00:00,NEFT N067232363659080 SBIMF,-1,-1,,-2,,,,1419,NEFTINW-,31
5066,10,2023-03-09 00:00:00,NEFT N068232364477192 QUANT M F,-1,-1,,-2,,,,1420,NEFTINW-,31
5067,10,2023-02-28 00:00:00,,-1,-1,,-2,,,,,,31
5068,10,2023-02-13 00:00:00,cdsl sgb i think,-1,-1,,-2,,,,,,31
5069,10,2023-01-31 00:00:00,,-1,-1,,-2,,,,,,31
5070,10,2023-01-06 00:00:00,,-1,-1,,-2,,,,,,31
5071,10,2022-12-31 00:00:00,,-1,-1,,-2,,,,,,31
5072,10,2022-12-20 00:00:00,,-1,-1,,-2,,,,,,31
5073,10,2022-12-20 00:00:00,,-1,-1,,-2,,,,,,31
5074,6,2022-12-17 00:00:00,,-1,-1,,-2,,,,,,31
5075,6,2023-01-30 00:00:00,PG INDIAN RAILWAY CATER,-1,-1,,-2,,,,1421,KPG-0182387553,30
5076,6,2023-02-01 00:00:00,PG RAZORPAY GOVT,-1,-1,,-2,,,,1422,KPG-0182535840,30
5078,10,2023-02-25 00:00:00,NEFT IN1ON23022500DWC MIRAE ASSET,-1,-1,,-2,,,,1424,NEFTINW-,30
5079,10,2023-03-09 00:00:00,NEFT IN1ON23030900AZI MIRAE ASSET,-1,-1,,-2,,,,1425,NEFTINW-,30
5081,10,2023-03-09 00:00:00,Recd:IMPS/306811107784/COMPLINOVA/K,-1,-1,,-2,,,,1427,IMPS-,30
5082,4,2023-03-04 00:00:00,,-1,-1,,-2,,,,,,30
5083,4,2023-03-01 00:00:00,,-1,-1,,-2,,,,,,30
5084,10,2023-02-24 00:00:00,,-1,-1,,-2,,,,,,30
5090,10,2023-02-11 00:00:00,REV: OS RAZORPAY LBDE3AWTQ3EWV60182535840,-1,-1,,-2,,,,1432,KREF-F006853249,30
5099,6,2023-01-23 00:00:00,,-1,-1,,-2,,,,,,30
5100,10,2023-02-28 00:00:00,,-1,-1,,-2,,,,,,30
5102,6,2023-03-08 00:00:00,,-1,-1,,-2,,,,,,32
5103,4,2023-03-09 00:00:00,,-1,-1,,-2,,,,,,29
5104,10,2023-03-06 00:00:00,,-1,-1,,-2,,,,,,29
5105,6,2023-03-05 00:00:00,,-1,-1,,-2,,,,,,29
5106,6,2023-03-05 00:00:00,,-1,-1,,-2,,,,,,29
5107,10,2023-03-04 00:00:00,,-1,-1,,-2,,,,,,29
5108,6,2023-03-03 00:00:00,,-1,-1,,-2,,,,,,29
5109,6,2023-02-28 00:00:00,,-1,-1,,-2,,,,,,29
5110,6,2023-02-26 00:00:00,,-1,-1,,-2,,,,,,29
5111,6,2023-02-24 00:00:00,,-1,-1,,-2,,,,,,29
5112,10,2023-02-07 00:00:00,,-1,-1,,-2,,,,,,29
5114,10,2023-02-28 00:00:00,,-1,-1,,-2,,,,,,29
5115,10,2023-02-24 00:00:00,,-1,-1,,-2,,,,,,29
5116,10,2023-02-21 00:00:00,,-1,-1,,-2,,,,,,29
5117,10,2023-01-31 00:00:00,,-1,-1,,-2,,,,,,29
5118,10,2023-01-24 00:00:00,,-1,-1,,-2,,,,,,29
5119,6,2023-01-19 00:00:00,,-1,-1,,-2,,,,,,29
5120,10,2023-01-07 00:00:00,,-1,-1,,-2,,,,,,29
5121,10,2023-01-05 00:00:00,,-1,-1,,-2,,,,,,29
5122,6,2023-02-01 00:00:00,,-1,-1,,-2,,,,,,29
5123,10,2022-12-31 00:00:00,,-1,-1,,-2,,,,,,29
5124,4,2023-03-09 00:00:00,,-1,-1,,-2,,,,,,36
5125,10,2023-02-21 00:00:00,,-1,-1,,-2,,,,,,36
5126,6,2023-01-25 00:00:00,,-1,-1,,-2,,,,,,36
5127,6,2023-03-07 00:00:00,,-1,-1,,-2,,,,,,36
5128,6,2023-03-06 00:00:00,,-1,-1,,-2,,,,,,36
5129,10,2023-02-28 00:00:00,,-1,-1,,-2,,,,,,36
5130,10,2023-02-24 00:00:00,,-1,-1,,-2,,,,,,36
5131,4,2023-02-10 00:00:00,,-1,-1,,-2,,,,,,36
5133,6,2023-03-09 00:00:00,,-1,-1,,-2,,,,,,30
5134,10,2023-03-09 00:00:00,,-1,-1,,-2,,,,,,29
5135,6,2023-03-09 00:00:00,,-1,-1,,-2,,,,,,30
5136,10,2023-03-09 00:00:00,,-1,-1,,-2,,,,,,31
5137,10,2023-03-09 00:00:00,,-1,-1,,-2,,,,,,31
5138,6,2023-03-09 00:00:00,,-1,-1,,-2,,,,,,29
5139,4,2023-03-09 00:00:00,,-1,-1,,-2,,,,,,36
5140,4,2023-03-09 00:00:00,,-1,-1,,-2,,,,,,36
5141,10,2023-02-02 00:00:00,raheja,-1,-1,,-2,,,,,,36
5142,10,2023-01-09 00:00:00,neha,-1,-1,,-2,,,,,,36
5143,4,2023-01-06 00:00:00,,-1,-1,,-2,,,,,,36
5144,6,2023-03-09 00:00:00,,-1,-1,,-2,,,,,,36
5145,10,2023-03-09 00:00:00,,-1,-1,,-2,,,,,,31
5146,4,2023-03-09 00:00:00,,-1,-1,,-2,,,,,,36
5168,10,2022-09-24 00:00:00,VALSAD Int.:26-06-2022 To 24-09-2022,-1,-1,,-2,,,,1454,,31
5227,6,2022-11-04 00:00:00,VALSAD SMS_CHARGE_FOR_JUL22_TO_SEP22,-1,-1,,-2,,,,1513,,31
5270,10,2022-12-24 00:00:00,VALSAD Int.:25-09-2022 To 24-12-2022,-1,-1,,-2,,,,1556,,31
5316,6,2022-05-23 00:00:00,VALSAD           SMS_CHARGE_FOR_JAN22_TO_MAR22,-1,-1,,-2,,,,1597,,29
5317,10,2022-06-25 00:00:00,VALSAD           Int.:27-03-2022 To 25-06-2022,-1,-1,,-2,,,,1598,,29
5318,6,2022-07-04 00:00:00,VALSAD           UPI/218513979943/SAAHIL PRAMESH SHAH,-1,-1,,-2,,,,1599,,29
5319,6,2022-07-06 00:00:00,VALSAD           UPI/218747712289/Dunzo Digital Private Limited,-1,-1,,-2,,,,1600,,29
5320,6,2022-07-11 00:00:00,VALSAD           UPI/219266735646/NITIN VIJAY PATADE,-1,-1,,-2,,,,1601,,29
5321,6,2022-07-11 00:00:00,VALSAD           UPI/219267299159/shrimad rajchandra adhyatmik,-1,-1,,-2,,,,1602,s,29
5322,10,2022-07-12 00:00:00,VALSAD           UPI/219379263718/SAAHIL PRAMESH SHAH,-1,-1,,-2,,,,1603,,29
5323,10,2022-07-12 00:00:00,VALSAD           UPI/219379602101/SAAHIL PRAMESH SHAH,-1,-1,,-2,,,,1604,,29
5324,10,2022-07-12 00:00:00,VALSAD           UPI/219316916617/URVISH S SHAH,-1,-1,,-2,,,,1605,,29
5325,6,2022-07-19 00:00:00,VALSAD           UPI/220040690170/bigbasket,-1,-1,,-2,,,,1606,,29
5326,6,2022-07-21 00:00:00,VALSAD           SMS_CHARGE_FOR_APR22_TO_JUN22,-1,-1,,-2,,,,1607,,29
5327,6,2022-07-28 00:00:00,VALSAD           UPI/220944741375/bigbasket,-1,-1,,-2,,,,1608,,29
5328,6,2022-07-29 00:00:00,VALSAD           UPI/221056654005/Dunzo Digital Private Limited,-1,-1,,-2,,,,1609,,29
5329,6,2022-07-29 00:00:00,VALSAD           UPI/221056752580/bigbasket,-1,-1,,-2,,,,1610,,29
5330,10,2022-07-29 00:00:00,VALSAD           UPI/221099959948/Dunzo Digital Private Limited,-1,-1,,-2,,,,1611,,29
5331,6,2022-07-29 00:00:00,VALSAD           UPI/221059247036/Dunzo Digital Private Limited,-1,-1,,-2,,,,1612,,29
5332,6,2022-07-29 00:00:00,VALSAD           UPI/221059285858/bigbasket,-1,-1,,-2,,,,1613,,29
5333,10,2022-07-29 00:00:00,VALSAD           UPI/221036798432/bigbasket,-1,-1,,-2,,,,1614,,29
5334,6,2022-08-10 00:00:00,VALSAD           UPI/222230199827/RONAK NARESHKUMARMODI,-1,-1,,-2,,,,1615,,29
5335,6,2022-08-18 00:00:00,VALSAD           UPI/223016942502/Shrimad Rajchandra AdhyatmikSats,-1,-1,,-2,,,,1616,,29
5336,6,2022-08-30 00:00:00,VALSAD           UPI/224250612867/Worli Gaddi Bhandar,-1,-1,,-2,,,,1617,,29
5337,6,2022-09-02 00:00:00,VALSAD           UPI/224517804385/Dunzo Digital Private Limited,-1,-1,,-2,,,,1618,,29
5338,6,2022-09-06 00:00:00,VALSAD           UPI/224920155650/PAYAL JAVERI,-1,-1,,-2,,,,1619,,29
5339,6,2022-09-07 00:00:00,VALSAD           UPI/225041388787/Dunzo Digital Private Limited,-1,-1,,-2,,,,1620,,29
5340,6,2022-09-10 00:00:00,VALSAD           UPI/225311612436/Dunzo Digital Private Limited,-1,-1,,-2,,,,1621,,29
5341,6,2022-09-12 00:00:00,VALSAD           UPI/225573666661/Shrimad Rajchandra AdhyatmikSats,-1,-1,,-2,,,,1622,,29
5342,6,2022-09-16 00:00:00,VALSAD           UPI/225975043847/Shrimad Rajchandra AdhyatmikSats,-1,-1,,-2,,,,1623,,29
5343,6,2022-09-19 00:00:00,VALSAD           UPI/226236613381/Dunzo Digital Private Limited,-1,-1,,-2,,,,1624,,29
5344,6,2022-09-20 00:00:00,VALSAD           UPI/226358238017/bigbasket,-1,-1,,-2,,,,1625,,29
5345,6,2022-09-22 00:00:00,VALSAD UPI/226531126205/Mr CHELANA NAGINDASSHAH,-1,-1,,-2,,,,1626,,29
5346,10,2022-09-24 00:00:00,VALSAD Int.:26-06-2022 To 24-09-2022,-1,-1,,-2,,,,1627,,29
5347,6,2022-09-25 00:00:00,VALSAD UPI/226884198113/SWIGGYINSTAMART,-1,-1,,-2,,,,1628,,29
5348,6,2022-09-25 00:00:00,VALSAD UPI/226887448167/bigbasket,-1,-1,,-2,,,,1629,,29
5349,6,2022-09-26 00:00:00,VALSAD UPI/226916909737/bigbasket,-1,-1,,-2,,,,1630,,29
5350,6,2022-09-26 00:00:00,VALSAD UPI/226920316300/bigbasket,-1,-1,,-2,,,,1631,,29
5351,6,2022-09-29 00:00:00,VALSAD UPI/227287208092/bigbasket,-1,-1,,-2,,,,1632,,29
5352,6,2022-09-30 00:00:00,VALSAD UPI/227331657002/DEEPAK KUMAR,-1,-1,,-2,,,,1633,,29
5353,10,2022-10-03 00:00:00,VALSAD UPI/227691807485/SAMTA DADHA,-1,-1,,-2,,,,1634,,29
5354,6,2022-10-05 00:00:00,VALSAD UPI/227848025440/Urban Company,-1,-1,,-2,,,,1635,,29
5355,6,2022-10-06 00:00:00,VALSAD UPI/227972355680/bigbasket,-1,-1,,-2,,,,1636,,29
5356,6,2022-10-06 00:00:00,VALSAD UPI/227972510622/Dunzo Digital Private Limited,-1,-1,,-2,,,,1637,,29
5357,6,2022-10-06 00:00:00,VALSAD UPI/227977719730/Swiggy,-1,-1,,-2,,,,1638,,29
5358,10,2022-10-08 00:00:00,VALSAD UPI/228131058476/UMESH KUMAR                                                  SAHANI,-1,-1,,-2,,,,1639,,29
5359,10,2022-10-12 00:00:00,ETPC REV UPI22784802544005102022,-1,-1,,-2,,,,1640,,29
5360,6,2022-10-13 00:00:00,VALSAD UPI/228659409339/Dunzo Digital Private Limited,-1,-1,,-2,,,,1641,,29
5361,10,2022-10-15 00:00:00,VALSAD UPI/228898699711/Cash Free,-1,-1,,-2,,,,1642,,29
5362,10,2022-10-15 00:00:00,VALSAD UPI/228898706792/Cash Free,-1,-1,,-2,,,,1643,,29
5363,6,2022-10-17 00:00:00,VALSAD UPI/229066705233/Dunzo Digital Private Limited,-1,-1,,-2,,,,1644,,29
5364,10,2022-10-17 00:00:00,VALSAD UPI/229046981004/Dunzo Digital Private Limited,-1,-1,,-2,,,,1645,,29
5365,6,2022-10-22 00:00:00,VALSAD UPI/229594405416/DISHA RAJUBHAI NAGANI,-1,-1,,-2,,,,1646,,29
5366,6,2022-10-29 00:00:00,VALSAD UPI/230272855450/Shrimad Rajchandra AdhyatmikSats,-1,-1,,-2,,,,1647,,29
5367,10,2022-10-29 00:00:00,VALSAD Ret-UPI/230272855450/Shrimad RajchandraAdhyatmik,-1,-1,,-2,,,,1648,,29
5368,6,2022-10-29 00:00:00,VALSAD UPI/230272865578/shrimad rajchandra adhyatmik s,-1,-1,,-2,,,,1649,,29
5369,6,2022-10-30 00:00:00,VALSAD UPI/230396261728/BIG BASKET,-1,-1,,-2,,,,1650,,29
5370,6,2022-11-02 00:00:00,VALSAD UPI/230684118749/KAJAL RAJESH MEHTA,-1,-1,,-2,,,,1651,,29
5371,6,2022-11-02 00:00:00,VALSAD UPI/230684198794/Mr CHELANA NAGINDASSHAH,-1,-1,,-2,,,,1652,,29
5372,6,2022-11-07 00:00:00,VALSAD SMS_CHARGE_FOR_JUL22_TO_SEP22,-1,-1,,-2,,,,1653,,29
5373,6,2022-11-07 00:00:00,VALSAD UPI/231135956122/bigbasket,-1,-1,,-2,,,,1654,,29
5374,6,2022-11-18 00:00:00,VALSAD UPI/232242404875/bigbasket,-1,-1,,-2,,,,1655,,29
5375,6,2022-11-18 00:00:00,VALSAD UPI/232252201009/Swiggy,-1,-1,,-2,,,,1656,,29
5376,6,2022-11-21 00:00:00,VALSAD UPI/232533086301/SWIGGYINSTAMART,-1,-1,,-2,,,,1657,,29
5377,6,2022-11-22 00:00:00,VALSAD UPI/232664442118/SWIGGYINSTAMART,-1,-1,,-2,,,,1658,,29
5378,6,2022-11-24 00:00:00,VALSAD UPI/232826613142/SWIGGYINSTAMART,-1,-1,,-2,,,,1659,,29
5379,6,2022-11-27 00:00:00,VALSAD UPI/233110103813/Jio Mobility,-1,-1,,-2,,,,1660,,29
5380,6,2022-11-30 00:00:00,VALSAD UPI/233473515846/Shrimad Rajchandra AdhyatmikSats,-1,-1,,-2,,,,1661,,29
5381,6,2022-11-30 00:00:00,VALSAD UPI/233473701862/shrimad rajchandra adhyatmik s,-1,-1,,-2,,,,1662,,29
5382,6,2022-12-02 00:00:00,VALSAD UPI/233660118979/Swiggy,-1,-1,,-2,,,,1663,,29
5383,10,2022-12-02 00:00:00,VALSAD UPI/233664843844/Swiggy,-1,-1,,-2,,,,1664,,29
5384,6,2022-12-08 00:00:00,VALSAD UPI/234253447502/bigbasket,-1,-1,,-2,,,,1665,,29
5385,6,2022-12-10 00:00:00,VALSAD UPI/234410952452/bigbasket,-1,-1,,-2,,,,1666,,29
5386,6,2022-12-19 00:00:00,VALSAD UPI/235330153466/SHRIMAD RAJCHANDRAPRASAD GRUH,-1,-1,,-2,,,,1667,,29
5387,6,2022-12-19 00:00:00,VALSAD UPI/235332233998/shrimad rajchandra adhyatmik s,-1,-1,,-2,,,,1668,,29
5388,6,2022-12-19 00:00:00,VALSAD UPI/235332386024/shrimad rajchandra adhyatmik s,-1,-1,,-2,,,,1669,,29
5389,6,2022-12-19 00:00:00,VALSAD UPI/235332811233/shrimad rajchandra adhyatmik s,-1,-1,,-2,,,,1670,,29
5390,10,2022-12-24 00:00:00,VALSAD Int.:25-09-2022 To 24-12-2022,-1,-1,,-2,,,,1671,,29
5391,6,2023-01-05 00:00:00,VALSAD UPI/300578888060/Swiggy,-1,-1,,-2,,,,1672,,29
5392,10,2023-01-05 00:00:00,VALSAD UPI/300581083656/Swiggy,-1,-1,,-2,,,,1673,,29
5393,6,2023-01-07 00:00:00,VALSAD UPI/300754495677/SWIGGYINSTAMART,-1,-1,,-2,,,,1674,,29
5394,6,2023-01-13 00:00:00,VALSAD UPI/301345467004/Swiggy,-1,-1,,-2,,,,1675,,29
5395,6,2023-01-14 00:00:00,VALSAD UPI/301468148241/bigbasket,-1,-1,,-2,,,,1676,,29
5396,6,2023-01-17 00:00:00,VALSAD UPI/301758617846/Dunzo,-1,-1,,-2,,,,1677,,29
5398,6,2023-01-17 00:00:00,VALSAD UPI/301763958450/RONAK NARESHKUMARMODI,-1,-1,,-2,,,,1679,,29
5399,6,2023-01-18 00:00:00,VALSAD UPI/301820701722/bigbasket,-1,-1,,-2,,,,1680,,29
5400,6,2023-01-22 00:00:00,VALSAD UPI/302239364914/Swiggy,-1,-1,,-2,,,,1681,,29
5401,6,2023-01-25 00:00:00,VALSAD UPI/302537067397/shrimad rajchandra adhyatmik,-1,-1,,-2,,,,1682,s,29
5402,6,2023-01-29 00:00:00,VALSAD UPI/302955246517/Dunzo,-1,-1,,-2,,,,1683,,29
5403,6,2023-01-31 00:00:00,VALSAD UPI/303113201217/BBNOW,-1,-1,,-2,,,,1684,,29
5404,6,2023-02-06 00:00:00,VALSAD UPI/303725355645/Swiggy,-1,-1,,-2,,,,1685,,29
5405,6,2023-02-06 00:00:00,VALSAD UPI/303750283175/shrimad rajchandra adhyatmik,-1,-1,,-2,,,,1686,s,29
5406,6,2023-02-13 00:00:00,VALSAD UPI/304482313526/RAJUPHAAR,-1,-1,,-2,,,,1687,,29
5407,6,2023-02-15 00:00:00,VALSAD UPI/304664160223/bigbasket,-1,-1,,-2,,,,1688,,29
5408,6,2023-02-17 00:00:00,VALSAD UPI/304823467770/RAJESH MANOHAR KARLE,-1,-1,,-2,,,,1689,,29
5409,6,2023-02-18 00:00:00,VALSAD UPI/304971577626/PANKTI DEEPAK CHHEDA,-1,-1,,-2,,,,1690,,29
5410,6,2023-02-19 00:00:00,VALSAD UPI/305018984670/Swiggy,-1,-1,,-2,,,,1691,,29
5411,10,2023-02-20 00:00:00,VALSAD UPI/305169865995/Swiggy,-1,-1,,-2,,,,1692,,29
5412,6,2023-02-23 00:00:00,VALSAD UPI/305439756539/SHREYA RAMESH SHAH,-1,-1,,-2,,,,1693,,29
5413,6,2023-03-04 00:00:00,VALSAD SMS_CHARGE_FOR_OCT22_TO_DEC22,-1,-1,,-2,,,,1694,,29
5414,6,2023-03-05 00:00:00,VALSAD UPI/306469300602/RAJESH MANOHAR KARLE,-1,-1,,-2,,,,1695,,29
5415,6,2023-03-06 00:00:00,VALSAD UPI/306597603666/SWIGGYGENIE,-1,-1,,-2,,,,1696,,29
5417,6,2023-03-09 00:00:00,VALSAD UPI/306813075893/SWIGGY,-1,-1,,-2,,,,1698,,29
5418,6,2023-03-10 00:00:00,VALSAD UPI/306942661496/bigbasket,-1,-1,,-2,,,,1699,,29
5419,6,2023-03-13 00:00:00,VALSAD UPI/307263187355/KAJAL RAJESH MEHTA,-1,-1,,-2,,,,1700,,29
5420,10,2023-03-13 00:00:00,VALSAD UPI/307219281086/KAJAL RAJESH MEHTA,-1,-1,,-2,,,,1701,,29
5421,6,2023-03-14 00:00:00,VALSAD UPI/307382561701/bigbasket,-1,-1,,-2,,,,1702,,29
5422,6,2023-03-15 00:00:00,VALSAD UPI/307415731322/bigbasket,-1,-1,,-2,,,,1703,,29
5423,6,2023-03-18 00:00:00,VALSAD UPI/307719674641/bigbasket,-1,-1,,-2,,,,1704,,29
5424,6,2023-03-24 00:00:00,VALSAD ANNUAL_CARDFEE_403839******3227_MAR23,-1,-1,,-2,,,,1705,,29
5425,4,2023-03-24 00:00:00,VALSAD IMPS/308322326431/UNNATI PRA/KotakM/XX1305/KKBKTr,-1,-1,,-2,,,,1706,,29
5426,10,2023-03-25 00:00:00,VALSAD Int.:25-12-2022 To 25-03-2023,-1,-1,,-2,,,,1707,,29
5427,6,2023-03-26 00:00:00,VALSAD UPI/308568803468/SHRIMAD RAJCHANDRAPRASAD GRUH,-1,-1,,-2,,,,1708,,29
5429,6,2023-03-27 00:00:00,,-1,-1,,-2,,,,,,31
5430,10,2023-03-27 00:00:00,,-1,-1,,-2,,,,,,31
5431,6,2023-03-26 00:00:00,fastag,-1,-1,,-2,,,,,,31
5432,6,2023-03-24 00:00:00,fastag,-1,-1,,-2,,,,,,31
5433,6,2023-03-23 00:00:00,dunzo,-1,-1,,-2,,,,,,31
5434,6,2023-03-23 00:00:00,dunzo,-1,-1,,-2,,,,,,31
5435,6,2023-03-22 00:00:00,pizza,-1,-1,,-2,,,,,,31
5436,6,2023-03-21 00:00:00,,-1,-1,,-2,,,,,,31
5437,6,2023-03-20 00:00:00,,-1,-1,,-2,,,,,,31
5438,6,2023-03-20 00:00:00,dunzo,-1,-1,,-2,,,,,,31
5439,6,2023-03-20 00:00:00,dunzo,-1,-1,,-2,,,,,,31
5440,10,2023-03-20 00:00:00,,-1,-1,,-2,,,,,,31
5441,10,2023-03-16 00:00:00,,-1,-1,,-2,,,,,,31
5442,6,2023-03-15 00:00:00,dunzo,-1,-1,,-2,,,,,,31
5443,4,2023-03-15 00:00:00,,-1,-1,,-2,,,,,,31
5444,10,2023-03-15 00:00:00,,-1,-1,,-2,,,,,,31
5445,6,2023-03-11 00:00:00,,-1,-1,,-2,,,,,,31
5446,4,2023-03-29 00:00:00,GAIL,-1,-1,,-2,,,,,,31
5447,10,2023-03-23 00:00:00,,-1,-1,,-2,,,,,,31
5451,6,2022-05-23 00:00:00,VALSAD SMS_CHARGE_FOR_JAN22_TO_MAR22,-1,-1,,-2,,,,1709,,30
5452,6,2022-05-24 00:00:00,VALSAD CHRG/IMPS/214420148170/PRAMESHSH/KKBK/XX6081/To p,-1,-1,,-2,,,,1710,,30
5453,10,2022-06-25 00:00:00,VALSAD Int.:27-03-2022 To 25-06-2022,-1,-1,,-2,,,,1711,,30
5454,6,2022-07-04 00:00:00,VALSAD UPI/218565178059/SAAHIL PRAMESH SHAH,-1,-1,,-2,,,,1712,,30
5456,6,2022-07-07 00:00:00,VALSAD UPI/218826324751/Mr KANJI DEVJI SHIYANI,-1,-1,,-2,,,,1714,,30
5457,6,2022-07-08 00:00:00,VALSAD UPI/218937864579/AMAZON SELLER SERVICESPRIVATE LI,-1,-1,,-2,,,,1715,,30
5458,6,2022-07-16 00:00:00,VALSAD UPI/219706603852/rajuphaar,-1,-1,,-2,,,,1716,,30
5459,6,2022-07-18 00:00:00,VALSAD UPI/219929775123/SANDESH MEGHNATHCHONKAR 93242660,-1,-1,,-2,,,,1717,,30
5460,6,2022-07-18 00:00:00,VALSAD UPI/219929791410/SANDESH MEGHNATHCHONKAR 93242660,-1,-1,,-2,,,,1718,,30
5461,6,2022-07-18 00:00:00,VALSAD UPI/219937905486/Swiggy,-1,-1,,-2,,,,1719,,30
5462,6,2022-07-22 00:00:00,VALSAD SMS_CHARGE_FOR_APR22_TO_JUN22,-1,-1,,-2,,,,1720,,30
5463,6,2022-07-29 00:00:00,VALSAD UPI/221041796100/SANDESH MEGHNATHCHONKAR 93242660,-1,-1,,-2,,,,1721,,30
5464,6,2022-08-01 00:00:00,VALSAD UPI/221315498148/PRANAY ASHOK PANCHAL,-1,-1,,-2,,,,1722,,30
5465,6,2022-08-04 00:00:00,VALSAD UPI/221691881404/shrimad rajchandra adhyatmik s,-1,-1,,-2,,,,1723,,30
5466,6,2022-08-08 00:00:00,VALSAD UPI/222017295679/IRCTCC,-1,-1,,-2,,,,1724,,30
5468,6,2022-08-09 00:00:00,VALSAD UPI/222192381997/Shrimad Rajchandra AdhyatmikSats,-1,-1,,-2,,,,1726,,30
5469,10,2022-08-10 00:00:00,VALSAD UPI/222220651624/IRCTCC,-1,-1,,-2,,,,1727,,30
5470,6,2022-08-11 00:00:00,VALSAD UPI/222326770377/rajuphaar,-1,-1,,-2,,,,1728,,30
5471,6,2022-08-12 00:00:00,VALSAD UPI/222455445033/Mr AKASH SACHIN MORE,-1,-1,,-2,,,,1729,,30
5472,6,2022-08-12 00:00:00,VALSAD UPI/222467992580/JioFiber,-1,-1,,-2,,,,1730,,30
5473,6,2022-08-14 00:00:00,VALSAD UPI/222699114386/Rajuphaar,-1,-1,,-2,,,,1731,,30
5474,6,2022-08-15 00:00:00,VALSAD UPI/222716859101/shrimad rajchandra adhyatmik s,-1,-1,,-2,,,,1732,,30
5475,6,2022-08-16 00:00:00,VALSAD UPI/222832282356/rajuphaar,-1,-1,,-2,,,,1733,,30
5476,6,2022-08-16 00:00:00,VALSAD UPI/222839501168/RIDDHI MEDICAL AND G,-1,-1,,-2,,,,1734,,30
5477,6,2022-08-17 00:00:00,VALSAD UPI/222950439503/rajuphaar,-1,-1,,-2,,,,1735,,30
5478,6,2022-08-18 00:00:00,VALSAD UPI/223070777409/Rajuphaar,-1,-1,,-2,,,,1736,,30
5479,6,2022-08-19 00:00:00,VALSAD UPI/223190618237/Rajuphaar,-1,-1,,-2,,,,1737,,30
5480,6,2022-08-19 00:00:00,VALSAD UPI/223196869210/SHASHIKANT NATVARLALSHAH,-1,-1,,-2,,,,1738,,30
5481,6,2022-08-20 00:00:00,VALSAD UPI/223217111749/Swiggy,-1,-1,,-2,,,,1739,,30
5482,6,2022-08-22 00:00:00,VALSAD UPI/223457794832/GUPTA RAJU GIRISH,-1,-1,,-2,,,,1740,,30
5484,6,2022-08-23 00:00:00,VALSAD UPI/223575382619/Knew Electric Trading Co,-1,-1,,-2,,,,1742,,30
5485,6,2022-08-23 00:00:00,VALSAD UPI/223577305362/NIKLESH DINESHCHAURASIA,-1,-1,,-2,,,,1743,,30
5486,6,2022-08-23 00:00:00,VALSAD UPI/223578451770/ANIL KUMAR YADAV,-1,-1,,-2,,,,1744,,30
5487,6,2022-08-24 00:00:00,VALSAD UPI/223601406892/SHEFALI U SHAH,-1,-1,,-2,,,,1745,,30
5488,10,2022-08-24 00:00:00,VALSAD UPI/223631719295/GOOGLEPAY,-1,-1,,-2,,,,1746,,30
5489,6,2022-08-26 00:00:00,VALSAD UPI/223843683947/AMAZON SELLER SERVICESPRIVATE LI,-1,-1,,-2,,,,1747,,30
5490,6,2022-09-06 00:00:00,VALSAD UPI/224988305222/Happiness Services,-1,-1,,-2,,,,1748,,30
5491,6,2022-09-06 00:00:00,VALSAD UPI/224993622380/RAHIL ABDUL REHMANSHAIKH,-1,-1,,-2,,,,1749,,30
5493,6,2022-09-08 00:00:00,VALSAD UPI/225133858260/DIVYARAJSINH AJITSINHJHALA,-1,-1,,-2,,,,1751,,30
5494,10,2022-09-08 00:00:00,VALSAD UPI/225134520186/DIVYARAJSINH AJITSINHJHALA,-1,-1,,-2,,,,1752,,30
5495,6,2022-09-12 00:00:00,VALSAD UPI/225520577799/Dunzo Digital Private Limited,-1,-1,,-2,,,,1753,,30
5496,6,2022-09-12 00:00:00,VALSAD UPI/225523999833/NILESH RAMESH SUVARNA,-1,-1,,-2,,,,1754,,30
5497,6,2022-09-12 00:00:00,VALSAD UPI/225534404096/Shrimad Rajchandra AdhyatmikSats,-1,-1,,-2,,,,1755,,30
5498,6,2022-09-12 00:00:00,VALSAD UPI/225534531269/rajuphaar,-1,-1,,-2,,,,1756,,30
5499,6,2022-09-14 00:00:00,VALSAD UPI/225766652231/JioFiber,-1,-1,,-2,,,,1757,,30
5500,6,2022-09-16 00:00:00,VALSAD UPI/225924055884/SANDESH MEGHNATHCHONKAR 93242660,-1,-1,,-2,,,,1758,,30
5502,6,2022-09-19 00:00:00,VALSAD UPI/226285637709/Master RAHUL RAVINDRAMALI,-1,-1,,-2,,,,1760,,30
5503,6,2022-09-19 00:00:00,VALSAD UPI/226285691056/Mr. BABASAHEB ROHIDASZULUK,-1,-1,,-2,,,,1761,,30
5504,6,2022-09-19 00:00:00,VALSAD UPI/226288240098/SWIGGYGENIE,-1,-1,,-2,,,,1762,,30
5505,6,2022-09-21 00:00:00,VALSAD UPI/226433526604/AMAZON SELLER SERVICESPRIVATE LI,-1,-1,,-2,,,,1763,,30
5506,6,2022-09-23 00:00:00,VALSAD UPI/226670089360/SHUBHAM                                            SHARMA,-1,-1,,-2,,,,1764,,30
5507,10,2022-09-24 00:00:00,VALSAD Int.:26-06-2022 To 24-09-2022,-1,-1,,-2,,,,1765,,30
5508,6,2022-09-24 00:00:00,VALSAD UPI/226787729973/VINAYAK SAMBHAJISHIPURKAR,-1,-1,,-2,,,,1766,,30
5509,6,2022-09-24 00:00:00,VALSAD UPI/226793662046/KANERI NITIN GANGADHAR,-1,-1,,-2,,,,1767,,30
5510,6,2022-09-27 00:00:00,VALSAD UPI/227064306963/RAUF A KHAN,-1,-1,,-2,,,,1768,,30
5512,6,2022-10-14 00:00:00,VALSAD UPI/228772280267/GUPTA RAJU GIRISH,-1,-1,,-2,,,,1770,,30
5513,6,2022-10-18 00:00:00,VALSAD UPI/229144475530/shrimad rajchandra adhyatmik s,-1,-1,,-2,,,,1771,,30
5514,6,2022-10-18 00:00:00,VALSAD UPI/229144476280/shrimad rajchandra adhyatmik s,-1,-1,,-2,,,,1772,,30
5515,6,2022-10-22 00:00:00,VALSAD UPI/229550874152/KANERI NITIN GANGADHAR,-1,-1,,-2,,,,1773,,30
5516,6,2022-10-23 00:00:00,VALSAD UPI/229666612668/JioFiber,-1,-1,,-2,,,,1774,,30
5517,6,2022-10-26 00:00:00,VALSAD UPI/229939973047/Shrimad Rajchandra AdhyatmikSats,-1,-1,,-2,,,,1775,,30
5518,6,2022-10-26 00:00:00,VALSAD UPI/229940022599/shrimad rajchandra adhyatmik s,-1,-1,,-2,,,,1776,,30
5519,6,2022-10-29 00:00:00,VALSAD UPI/230282258634/Shrimad Rajchandra AdhyatmikSats,-1,-1,,-2,,,,1777,,30
5520,10,2022-10-29 00:00:00,VALSAD Ret-UPI/230282258634/Shrimad RajchandraAdhyatmik,-1,-1,,-2,,,,1778,,30
5521,6,2022-10-29 00:00:00,VALSAD UPI/230282261670/Shrimad Rajchandra AdhyatmikSats,-1,-1,,-2,,,,1779,,30
5522,10,2022-10-29 00:00:00,VALSAD Ret-UPI/230282261670/Shrimad RajchandraAdhyatmik,-1,-1,,-2,,,,1780,,30
5524,6,2022-11-02 00:00:00,VALSAD UPI/230676208844/Nasruddin Imtiyaz Ali Sayyed,-1,-1,,-2,,,,1782,,30
5525,6,2022-11-03 00:00:00,VALSAD UPI/230709017767/JUNAID RAUF AHMEDQURESHI,-1,-1,,-2,,,,1783,,30
5526,6,2022-11-03 00:00:00,VALSAD UPI/230715585512/SANDESH MEGHNATHCHONKAR 93242660,-1,-1,,-2,,,,1784,,30
5527,6,2022-11-04 00:00:00,VALSAD SMS_CHARGE_FOR_JUL22_TO_SEP22,-1,-1,,-2,,,,1785,,30
5528,6,2022-11-08 00:00:00,VALSAD UPI/231228986158/RELIANCE JIO INFOCOMM,-1,-1,,-2,,,,1786,,30
5529,6,2022-11-08 00:00:00,VALSAD UPI/231346742304/shrimad rajchandra adhyatmik s,-1,-1,,-2,,,,1787,,30
5530,6,2022-11-09 00:00:00,VALSAD UPI/231350123943/CHHAGANLAL PANDEY,-1,-1,,-2,,,,1788,,30
5531,6,2022-11-09 00:00:00,VALSAD UPI/231359450223/shrimad rajchandra adhyatmik s,-1,-1,,-2,,,,1789,,30
5532,10,2022-11-10 00:00:00,ETPC REVUPI/231359450223/091122,-1,-1,,-2,,,,1790,,30
5533,6,2022-11-17 00:00:00,VALSAD UPI/232153093769/VRL LOGISTICS LTDMMBSVE,-1,-1,,-2,,,,1791,,30
5534,6,2022-12-07 00:00:00,VALSAD UPI/234143382860/SPK Financial Consultants LLP,-1,-1,,-2,,,,1792,,30
5535,6,2022-12-07 00:00:00,VALSAD UPI/234151584806/SHRIMAD RAJCHANDRADIVINE PRODUCT,-1,-1,,-2,,,,1793,,30
5536,6,2022-12-09 00:00:00,VALSAD UPI/234385607708/ANURAG KUMAR PAL,-1,-1,,-2,,,,1794,,30
5538,6,2022-12-09 00:00:00,VALSAD UPI/234390031297/BUDHAVLE DATTATRAYNAMDEO,-1,-1,,-2,,,,1796,,30
5539,6,2022-12-10 00:00:00,VALSAD UPI/234419098351/Dunzo,-1,-1,,-2,,,,1797,,30
5540,6,2022-12-10 00:00:00,VALSAD UPI/234427832931/Mr. SUNIL APPA UMASARE,-1,-1,,-2,,,,1798,,30
5541,6,2022-12-11 00:00:00,VALSAD UPI/234552293034/SHRIMAD RAJCHANDRADIVINE PRODUCT,-1,-1,,-2,,,,1799,,30
5543,6,2022-12-12 00:00:00,VALSAD UPI/234656200499/Mr. BABASAHEB ROHIDASZULUK,-1,-1,,-2,,,,1801,,30
5544,6,2022-12-12 00:00:00,VALSAD UPI/234667222739/CHHAGANLAL PANDEY,-1,-1,,-2,,,,1802,,30
5545,6,2022-12-13 00:00:00,VALSAD UPI/234790144102/YOGESH PANDURANGAKHARE,-1,-1,,-2,,,,1803,,30
5546,6,2022-12-15 00:00:00,VALSAD UPI/234928268184/SWIGGYGENIE,-1,-1,,-2,,,,1804,,30
5547,6,2022-12-17 00:00:00,VALSAD UPI/235187884964/rajuphaar,-1,-1,,-2,,,,1805,,30
5548,6,2022-12-17 00:00:00,VALSAD UPI/235188059640/shrimad rajchandra adhyatmik s,-1,-1,,-2,,,,1806,,30
5549,6,2022-12-19 00:00:00,VALSAD UPI/235324104795/shrimad rajchandra adhyatmik s,-1,-1,,-2,,,,1807,,30
5550,6,2022-12-19 00:00:00,VALSAD UPI/235334021419/BANDU NILU PATIL,-1,-1,,-2,,,,1808,,30
5552,6,2022-12-19 00:00:00,VALSAD UPI/235335752067/shrimad rajchandra adhyatmik s,-1,-1,,-2,,,,1810,,30
5553,6,2022-12-19 00:00:00,VALSAD UPI/235335844167/shrimad rajchandra adhyatmik s,-1,-1,,-2,,,,1811,,30
5554,6,2022-12-21 00:00:00,VALSAD UPI/235567592728/Mr KANJI DEVJI SHIYANI,-1,-1,,-2,,,,1812,,30
5556,6,2022-12-21 00:00:00,VALSAD UPI/235575289344/DEEPAK GIRISHCHANDRA,-1,-1,,-2,,,,1814,,30
5557,6,2022-12-22 00:00:00,VALSAD UPI/235689953757/TAIDAD ALI                                           -,-1,-1,,-2,,,,1815,,30
5558,10,2022-12-24 00:00:00,VALSAD Int.:25-09-2022 To 24-12-2022,-1,-1,,-2,,,,1816,,30
5559,6,2022-12-26 00:00:00,VALSAD UPI/236081304120/JioFiber,-1,-1,,-2,,,,1817,,30
5560,6,2023-01-06 00:00:00,VALSAD UPI/300647452868/Perfect Transport,-1,-1,,-2,,,,1818,,30
5561,6,2023-01-11 00:00:00,VALSAD UPI/301172895251/SANDESH MEGHNATHCHONKAR 93242660,-1,-1,,-2,,,,1819,,30
5562,6,2023-01-11 00:00:00,VALSAD UPI/301174387184/PRAVIN MOTIRAM BHOVAD,-1,-1,,-2,,,,1820,,30
5563,6,2023-01-13 00:00:00,VALSAD UPI/301325841045/RAJESH ANANT ADVILKAR,-1,-1,,-2,,,,1821,,30
5564,6,2023-01-20 00:00:00,VALSAD UPI/302072589851/Dunzo,-1,-1,,-2,,,,1822,,30
5565,6,2023-01-20 00:00:00,VALSAD UPI/302078581694/AMBEDE DIPAK SHANKAR,-1,-1,,-2,,,,1823,,30
5566,6,2023-01-21 00:00:00,VALSAD UPI/302102694432/Dunzo,-1,-1,,-2,,,,1824,,30
5567,6,2023-01-21 00:00:00,VALSAD UPI/302108521439/PRAVIN MOTIRAM BHOVAD,-1,-1,,-2,,,,1825,,30
5568,6,2023-01-24 00:00:00,VALSAD UPI/302478686043/GHANEKAR RAVINDRA KERU,-1,-1,,-2,,,,1826,,30
5569,6,2023-01-24 00:00:00,VALSAD UPI/302478731092/Mr. KAILAS MAHADEV PATIL,-1,-1,,-2,,,,1827,,30
5570,6,2023-01-25 00:00:00,VALSAD UPI/302500563992/JioFiber,-1,-1,,-2,,,,1828,,30
5571,6,2023-01-27 00:00:00,VALSAD UPI/302734209312/Dunzo,-1,-1,,-2,,,,1829,,30
5572,10,2023-01-27 00:00:00,VALSAD UPI/339200742816/Dunzo,-1,-1,,-2,,,,1830,,30
5573,6,2023-01-27 00:00:00,VALSAD UPI/302736678730/Anand Gopal Dhangar,-1,-1,,-2,,,,1831,,30
5574,6,2023-01-27 00:00:00,VALSAD UPI/302736735196/Dunzo Digital Private Limited,-1,-1,,-2,,,,1832,,30
5575,6,2023-01-31 00:00:00,VALSAD UPI/303123742663/SONAFINE CORPORATIONPRIVATE LIMI,-1,-1,,-2,,,,1833,,30
5576,10,2023-01-31 00:00:00,VALSAD UPI/303116406212/GOOGLEPAY,-1,-1,,-2,,,,1834,,30
5577,6,2023-01-31 00:00:00,VALSAD UPI/303129027741/Dunzo,-1,-1,,-2,,,,1835,,30
5578,10,2023-02-03 00:00:00,ETPC NEFT-KKBKH23034722338-CREATIVE,-1,-1,,-2,,,,1836,,30
5579,6,2023-02-04 00:00:00,VALSAD UPI/303557240206/Dunzo,-1,-1,,-2,,,,1837,,30
5580,6,2023-02-07 00:00:00,VALSAD UPI/303883201684/JioFiber,-1,-1,,-2,,,,1838,,30
5581,6,2023-02-10 00:00:00,VALSAD UPI/304170290278/SRMD,-1,-1,,-2,,,,1839,,30
5582,6,2023-02-13 00:00:00,VALSAD UPI/304418902839/Shrimad Rajchandra AdhyatmikSats,-1,-1,,-2,,,,1840,,30
5583,6,2023-02-14 00:00:00,VALSAD UPI/304550263012/Dunzo,-1,-1,,-2,,,,1841,,30
5584,6,2023-02-14 00:00:00,VALSAD UPI/304551265537/SWAPNIL DATTARAMGORIVALE,-1,-1,,-2,,,,1842,,30
5585,10,2023-02-14 00:00:00,VALSAD UPI/304554227194/Dunzo,-1,-1,,-2,,,,1843,,30
5586,6,2023-02-18 00:00:00,VALSAD UPI/304949879942/MORE CHANDRASHEKHARDATTARAM,-1,-1,,-2,,,,1844,,30
5587,6,2023-02-20 00:00:00,VALSAD UPI/305189978772/Dunzo,-1,-1,,-2,,,,1845,,30
5588,6,2023-02-20 00:00:00,VALSAD UPI/305190017154/AMBEDE DIPAK SHANKAR,-1,-1,,-2,,,,1846,,30
5589,6,2023-02-27 00:00:00,VALSAD UPI/305836901830/DHARMRAJ JAISWAL,-1,-1,,-2,,,,1847,,30
5590,6,2023-02-27 00:00:00,VALSAD UPI/305839159197/Mr SANTOSH TANAJI PATIL,-1,-1,,-2,,,,1848,,30
5591,6,2023-02-27 00:00:00,VALSAD UPI/305841039453/SANDESH MEGHNATHCHONKAR 93242660,-1,-1,,-2,,,,1849,,30
5592,6,2023-03-01 00:00:00,VALSAD UPI/306085935941/GURUPRASAD VITTHALDEVADIGA VITTH,-1,-1,,-2,,,,1850,,30
5594,6,2023-03-01 00:00:00,VALSAD UPI/306086267094/GURUPRASAD VITTHALDEVADIGA VITTH,-1,-1,,-2,,,,1852,,30
5595,6,2023-03-02 00:00:00,VALSAD UPI/306107179358/VIJENDRA YADAVHARIBHUWAN YADAV,-1,-1,,-2,,,,1853,,30
5596,10,2023-03-02 00:00:00,ETPC REV UPI/306085935941/01032023,-1,-1,,-2,,,,1854,,30
5597,6,2023-03-03 00:00:00,VALSAD UPI/306236809176/VIKRAM,-1,-1,,-2,,,,1855,,30
5598,6,2023-03-04 00:00:00,VALSAD UPI/306331706149/WARESHI SANDEEP GOVIND,-1,-1,,-2,,,,1856,,30
5600,6,2023-03-04 00:00:00,VALSAD UPI/342902551849/SAMARTH PRINTCOM,-1,-1,,-2,,,,1858,,30
5601,6,2023-03-06 00:00:00,VALSAD UPI/306574639372/Dunzo,-1,-1,,-2,,,,1859,,30
5602,10,2023-03-06 00:00:00,VALSAD UPI/306517280766/Dunzo,-1,-1,,-2,,,,1860,,30
5603,6,2023-03-08 00:00:00,VALSAD UPI/306725848525/Vipin Kumar Yadav,-1,-1,,-2,,,,1861,,30
5604,6,2023-03-09 00:00:00,VALSAD SMS_CHARGE_FOR_OCT22_TO_DEC22,-1,-1,,-2,,,,1862,,30
5605,6,2023-03-15 00:00:00,VALSAD UPI/307484702076/Mr SANTOSH TANAJI PATIL,-1,-1,,-2,,,,1863,,30
5606,6,2023-03-18 00:00:00,VALSAD UPI/307738052819/DINESH KUMAR LAYAKRAMVARMA,-1,-1,,-2,,,,1864,,30
5607,6,2023-03-18 00:00:00,VALSAD UPI/307745000505/Mr ATUL ASHOK KURAL,-1,-1,,-2,,,,1865,,30
5608,6,2023-03-18 00:00:00,VALSAD UPI/307745286353/Dunzo,-1,-1,,-2,,,,1866,,30
5609,6,2023-03-18 00:00:00,VALSAD UPI/307745391066/SWIGGYGENIE,-1,-1,,-2,,,,1867,,30
5610,10,2023-03-18 00:00:00,VALSAD UPI/307745082372/Dunzo,-1,-1,,-2,,,,1868,,30
5611,6,2023-03-18 00:00:00,VALSAD UPI/307746335037/SANJAY RAMVISHAL MISHRA,-1,-1,,-2,,,,1869,,30
5612,4,2023-03-21 00:00:00,VALSAD IMPS/308009759741/PRAMESH RA/KotakM/XX8720/TO PRS,-1,-1,,-2,,,,1870,,30
5613,6,2023-03-21 00:00:00,VALSAD UPI/308000351104/Shrimad Rajchandra AdhyatmikSats,-1,-1,,-2,,,,1871,,30
5614,6,2023-03-21 00:00:00,VALSAD UPI/308003967814/JioFiber,-1,-1,,-2,,,,1872,,30
5615,6,2023-03-21 00:00:00,VALSAD UPI/308012683022/SHRIMAD RAJCHANDRADIVINE PRODUCT,-1,-1,,-2,,,,1873,,30
5616,6,2023-03-21 00:00:00,VALSAD UPI/308013422502/NIMESH SURENDRA MEHTA,-1,-1,,-2,,,,1874,,30
5617,6,2023-03-24 00:00:00,VALSAD ANNUAL_CARDFEE_403839******3219_MAR23,-1,-1,,-2,,,,1875,,30
5618,10,2023-03-25 00:00:00,VALSAD Int.:25-12-2022 To 25-03-2023,-1,-1,,-2,,,,1876,,30
5619,6,2023-03-27 00:00:00,VALSAD UPI/308632060087/Shrimad Rajchandra AdhyatmikSats,-1,-1,,-2,,,,1877,,30
5620,6,2023-03-22 00:00:00,irctc,-1,-1,,-2,,,,,,30
5621,6,2023-03-22 00:00:00,irctc,-1,-1,,-2,,,,,,30
5622,10,2023-03-21 00:00:00,,-1,-1,,-2,,,,,,30
5623,6,2023-03-21 00:00:00,,-1,-1,,-2,,,,,,30
5624,6,2023-03-20 00:00:00,,-1,-1,,-2,,,,,,30
5625,6,2023-03-14 00:00:00,,-1,-1,,-2,,,,,,30
5626,6,2023-03-14 00:00:00,,-1,-1,,-2,,,,,,30
5627,6,2023-03-12 00:00:00,tata aia,-1,-1,,-2,,,,,,30
5628,10,2023-03-10 00:00:00,,-1,-1,,-2,,,,,,30
5629,10,2023-03-10 00:00:00,,-1,-1,,-2,,,,,,30
5630,6,2023-03-16 00:00:00,irctc,-1,-1,,-2,,,,,,30
5631,10,2023-03-29 00:00:00,glenmark,-1,-1,,-2,,,,,,29
5632,10,2023-03-25 00:00:00,,-1,-1,,-2,,,,,,30
5633,10,2023-03-25 00:00:00,,-1,-1,,-2,,,,,,31
5634,10,2022-12-25 00:00:00,,-1,-1,,-2,,,,,,31
5635,6,2022-09-02 00:00:00,gst paid,-1,-1,,-2,,,,,,31
5636,6,2022-11-01 00:00:00,gst paid,-1,-1,,-2,,,,,,31
5637,10,2023-03-30 00:00:00,khushu gift ac,-1,-1,,-2,,,,,,31
5638,6,2023-03-30 00:00:00,meds,-1,-1,,-2,,,,,,31
5639,6,2022-05-23 00:00:00,VALSAD SMS_CHARGE_FOR_JAN22_TO_MAR22,-1,-1,,-2,,,,1878,,31
5640,10,2022-06-25 00:00:00,VALSAD Int.:27-03-2022 To 25-06-2022,-1,-1,,-2,,,,1879,,31
5646,6,2022-07-06 00:00:00,VALSAD UPI/218741774145/PRASHANT MADHUKARSHETYE,-1,-1,,-2,,,,1885,,31
5647,6,2022-07-09 00:00:00,VALSAD UPI/219016308815/SHANKARAPPA SHIVANNAKURE,-1,-1,,-2,,,,1886,,31
5651,6,2022-07-14 00:00:00,VALSAD UPI/219530626103/Swiggy,-1,-1,,-2,,,,1890,,31
5652,6,2022-07-14 00:00:00,VALSAD UPI/219534939836/Swiggy,-1,-1,,-2,,,,1891,,31
5653,10,2022-07-14 00:00:00,VALSAD UPI/219574501324/Swiggy,-1,-1,,-2,,,,1892,,31
5654,6,2022-07-15 00:00:00,VALSAD UPI/219650400196/Rakhangi s 7 LLP,-1,-1,,-2,,,,1893,,31
5655,6,2022-07-15 00:00:00,VALSAD UPI/219656833327/Swiggy,-1,-1,,-2,,,,1894,,31
5656,10,2022-07-15 00:00:00,VALSAD UPI/219676757993/Swiggy,-1,-1,,-2,,,,1895,,31
5657,6,2022-07-15 00:00:00,VALSAD UPI/219658635653/KHAWAJA MOINUDDINSHAIKH,-1,-1,,-2,,,,1896,,31
5658,6,2022-07-16 00:00:00,VALSAD UPI/219772725667/SHRIMAD RAJCHANDRAPRASAD GRUH,-1,-1,,-2,,,,1897,,31
5659,6,2022-07-16 00:00:00,VALSAD UPI/219778030503/SHRIMAD RAJCHANDRAPRASAD GRUH,-1,-1,,-2,,,,1898,,31
5660,6,2022-07-17 00:00:00,VALSAD UPI/219897110511/SHRIMAD RAJCHANDRAPRASAD GRUH,-1,-1,,-2,,,,1899,,31
5661,6,2022-07-17 00:00:00,VALSAD UPI/219897206149/SHRIMAD RAJCHANDRAPRASAD GRUH,-1,-1,,-2,,,,1900,,31
5662,6,2022-07-19 00:00:00,VALSAD UPI/220036834471/GAURAV VILAS DESHMANE,-1,-1,,-2,,,,1901,,31
5663,6,2022-07-21 00:00:00,VALSAD UPI/220282514765/Swiggy,-1,-1,,-2,,,,1902,,31
5664,6,2022-07-22 00:00:00,VALSAD SMS_CHARGE_FOR_APR22_TO_JUN22,-1,-1,,-2,,,,1903,,31
5665,6,2022-07-22 00:00:00,VALSAD UPI/220397488431/SAIL SUSHIL CHINTAMANI,-1,-1,,-2,,,,1904,,31
5666,6,2022-07-22 00:00:00,VALSAD UPI/220398831526/SURAJ KAMLESH JAISWAR,-1,-1,,-2,,,,1905,,31
5667,6,2022-07-23 00:00:00,VALSAD UPI/220430506011/BINGI MAHARSHI,-1,-1,,-2,,,,1906,,31
5668,6,2022-07-24 00:00:00,VALSAD UPI/220556848994/BHUPATI SRINIVASAN BOIR,-1,-1,,-2,,,,1907,,31
5669,6,2022-07-25 00:00:00,VALSAD UPI/220667819741/new kmpala service statio,-1,-1,,-2,,,,1908,,31
5670,6,2022-07-30 00:00:00,VALSAD UPI/221177864140/YASH BECHAR CHAMARIYA,-1,-1,,-2,,,,1909,,31
5671,10,2022-07-30 00:00:00,VALSAD UPI/221179121280/GOOGLEPAY,-1,-1,,-2,,,,1910,,31
5672,6,2022-07-30 00:00:00,VALSAD UPI/221180457294/Swiggy,-1,-1,,-2,,,,1911,,31
5673,6,2022-08-01 00:00:00,VALSAD UPI/221334578839/KIRAN KANJI VORA,-1,-1,,-2,,,,1912,,31
5674,10,2022-08-01 00:00:00,VALSAD UPI/221334593620/GOOGLEPAY,-1,-1,,-2,,,,1913,,31
5676,6,2022-08-03 00:00:00,VALSAD UPI/221502092123/Swiggy,-1,-1,,-2,,,,1915,,31
5677,6,2022-08-04 00:00:00,VALSAD UPI/221684839382/YOGESH PANDURANGAKHARE,-1,-1,,-2,,,,1916,,31
5678,6,2022-08-06 00:00:00,VALSAD UPI/221843948289/Swiggy,-1,-1,,-2,,,,1917,,31
5679,6,2022-08-08 00:00:00,VALSAD UPI/222079468645/KANERI NITIN GANGADHAR,-1,-1,,-2,,,,1918,,31
5680,6,2022-08-08 00:00:00,VALSAD UPI/222080250563/CHHAGANLAL PANDEY,-1,-1,,-2,,,,1919,,31
5682,6,2022-08-10 00:00:00,VALSAD UPI/222230817469/KAJAL RAJESH MEHTA,-1,-1,,-2,,,,1921,,31
5683,6,2022-08-12 00:00:00,VALSAD UPI/222468189393/SAIL SUSHIL CHINTAMANI,-1,-1,,-2,,,,1922,,31
5684,10,2022-08-12 00:00:00,VALSAD Ret-UPI/222468189393/SAIL SUSHILCHINTAMANI,-1,-1,,-2,,,,1923,,31
5686,6,2022-08-19 00:00:00,VALSAD UPI/223136762287/MyGlamm,-1,-1,,-2,,,,1925,,31
5687,6,2022-08-19 00:00:00,VALSAD UPI/223137009192/MyGlamm,-1,-1,,-2,,,,1926,,31
5688,10,2022-08-21 00:00:00,VALSAD UPI/223373110296/GOOGLEPAY,-1,-1,,-2,,,,1927,,31
5689,6,2022-08-25 00:00:00,VALSAD UPI/223743424904/SAIL SUSHIL CHINTAMANI,-1,-1,,-2,,,,1928,,31
5690,6,2022-08-25 00:00:00,VALSAD UPI/223747957426/MORE TANVI UMESH,-1,-1,,-2,,,,1929,,31
5691,6,2022-08-25 00:00:00,VALSAD UPI/223748002258/BANDU NILU PATIL,-1,-1,,-2,,,,1930,,31
5693,6,2022-08-26 00:00:00,VALSAD UPI/223862828042/JAYANT MANSUKHALAL MER,-1,-1,,-2,,,,1932,,31
5694,6,2022-08-27 00:00:00,VALSAD UPI/223995005188/GAURAV RAVINDRA YADAV,-1,-1,,-2,,,,1933,,31
5695,6,2022-09-01 00:00:00,VALSAD UPI/224490159393/RAHUL MAHAVIR NAYAK,-1,-1,,-2,,,,1934,,31
5697,6,2022-09-07 00:00:00,VALSAD UPI/225044682553/GUPTA RAJU GIRISH,-1,-1,,-2,,,,1441,,31
5698,10,2022-09-07 00:00:00,VALSAD UPI/225044698576/GOOGLEPAY,-1,-1,,-2,,,,1442,,31
5699,6,2022-09-10 00:00:00,VALSAD UPI/225317273211/ASHWIN ASHOK LOKARE,-1,-1,,-2,,,,1443,,31
5700,6,2022-09-10 00:00:00,VALSAD UPI/225329027131/DRITI D BATAVIA,-1,-1,,-2,,,,1444,,31
5701,6,2022-09-12 00:00:00,VALSAD UPI/225573235075/SAIL SUSHIL CHINTAMANI,-1,-1,,-2,,,,1936,,31
5702,6,2022-09-13 00:00:00,VALSAD UPI/225694503369/VENZEL SURGICAL AND,-1,-1,,-2,,,,1445,,31
5703,6,2022-09-15 00:00:00,VALSAD UPI/225840407610/VRUDDHI TELECOM T 10,-1,-1,,-2,,,,1446,,31
5704,6,2022-09-15 00:00:00,VALSAD UPI/225847549464/VENZEL SURGICAL AND,-1,-1,,-2,,,,1447,,31
5705,6,2022-09-15 00:00:00,VALSAD UPI/225847739842/Worli medical stores,-1,-1,,-2,,,,1448,,31
5706,6,2022-09-16 00:00:00,VALSAD UPI/225959505724/Swiggy,-1,-1,,-2,,,,1449,,31
5707,10,2022-09-16 00:00:00,VALSAD UPI/225934878776/Swiggy,-1,-1,,-2,,,,1450,,31
5708,6,2022-09-16 00:00:00,VALSAD UPI/225961014738/SUPER SERVICE STATION,-1,-1,,-2,,,,1451,,31
5709,6,2022-09-17 00:00:00,VALSAD UPI/226082425549/SHRIMAD RAJCHANDRAPRASAD GRUH,-1,-1,,-2,,,,1452,,31
5710,6,2022-09-19 00:00:00,VALSAD UPI/226236067017/SONAFINE CORPORATIONPRIVATE LIMI,-1,-1,,-2,,,,1453,,31
5711,6,2022-09-26 00:00:00,VALSAD UPI/226920700357/AVARYA RETAIL,-1,-1,,-2,,,,1455,,31
5712,6,2022-09-26 00:00:00,VALSAD UPI/226921627656/Aiwaz Rais Ahamed Ansari,-1,-1,,-2,,,,1456,,31
5713,6,2022-09-26 00:00:00,VALSAD UPI/226922550788/KISHOR PRALHAD SONI,-1,-1,,-2,,,,1457,,31
5714,6,2022-09-27 00:00:00,VALSAD UPI/227043143930/CHHAGANLAL PANDEY,-1,-1,,-2,,,,1458,,31
5715,10,2022-09-27 00:00:00,VALSAD UPI/227043151081/GOOGLEPAY,-1,-1,,-2,,,,1459,,31
5716,6,2022-09-29 00:00:00,VALSAD UPI/227294720122/SAIL SUSHIL CHINTAMANI,-1,-1,,-2,,,,1937,,31
5717,6,2022-09-30 00:00:00,VALSAD UPI/227329865574/GARAGEPRENEURSINTERNET PVT LTD,-1,-1,,-2,,,,1460,,31
5718,6,2022-10-02 00:00:00,VALSAD UPI/227578118570/SUNILKUMAR SHOBHAGMALJAIN,-1,-1,,-2,,,,1461,,31
5719,6,2022-10-03 00:00:00,VALSAD UPI/227697371620/YOGESH PANDURANGAKHARE,-1,-1,,-2,,,,1462,,31
5720,6,2022-10-07 00:00:00,VALSAD UPI/228020773409/VENZEL SURGICAL AND,-1,-1,,-2,,,,1463,,31
5721,6,2022-10-10 00:00:00,VALSAD UPI/228374953907/MOHSIN SHAMSUDDINSHAIKH,-1,-1,,-2,,,,1464,,31
5722,6,2022-10-11 00:00:00,VALSAD UPI/228429134231/YOGESH PANDURANGAKHARE,-1,-1,,-2,,,,1465,,31
5723,6,2022-10-12 00:00:00,VALSAD UPI/228536719417/SHADOWFAX TECHNOLOGI,-1,-1,,-2,,,,1466,,31
5724,6,2022-10-12 00:00:00,VALSAD UPI/228547346716/SAIL SUSHIL CHINTAMANI,-1,-1,,-2,,,,1938,,31
5725,10,2022-10-14 00:00:00,VALSAD UPI/228706679305/Cashfree Payments India PvtLtd,-1,-1,,-2,,,,1467,,31
5726,6,2022-10-14 00:00:00,VALSAD UPI/228795997713/HADKE GAJANAN SHIVAJI,-1,-1,,-2,,,,1468,,31
5727,6,2022-10-15 00:00:00,VALSAD UPI/228821981072/JADHAV VIKAS RAJARAM,-1,-1,,-2,,,,1469,,31
5728,6,2022-10-15 00:00:00,VALSAD UPI/228823128756/Dunzo Digital Private Limited,-1,-1,,-2,,,,1470,,31
5729,10,2022-10-15 00:00:00,VALSAD UPI/228810006893/Cashfree Payments India PvtLtd,-1,-1,,-2,,,,1471,,31
5730,10,2022-10-15 00:00:00,VALSAD UPI/228810016322/Cashfree Payments India PvtLtd,-1,-1,,-2,,,,1472,,31
5731,10,2022-10-15 00:00:00,VALSAD UPI/228810039587/Cashfree Payments India PvtLtd,-1,-1,,-2,,,,1473,,31
5732,10,2022-10-15 00:00:00,VALSAD UPI/228810043220/Cashfree Payments India PvtLtd,-1,-1,,-2,,,,1474,,31
5733,10,2022-10-15 00:00:00,VALSAD UPI/228898717976/Cash Free,-1,-1,,-2,,,,1475,,31
5734,10,2022-10-15 00:00:00,VALSAD UPI/228810048648/Cashfree Payments India PvtLtd,-1,-1,,-2,,,,1476,,31
5735,10,2022-10-15 00:00:00,VALSAD UPI/228810051437/Cashfree Payments India PvtLtd,-1,-1,,-2,,,,1477,,31
5736,10,2022-10-15 00:00:00,VALSAD UPI/228810052645/Cashfree Payments India PvtLtd,-1,-1,,-2,,,,1478,,31
5737,10,2022-10-17 00:00:00,VALSAD UPI/229014582734/Cashfree Payments India PvtLtd,-1,-1,,-2,,,,1479,,31
5738,6,2022-10-18 00:00:00,VALSAD UPI/229193052578/Dunzo Digital Private Limited,-1,-1,,-2,,,,1480,,31
5739,6,2022-10-21 00:00:00,VALSAD UPI/229475131457/Dunzo Digital Private Limited,-1,-1,,-2,,,,1481,,31
5740,6,2022-10-21 00:00:00,VALSAD UPI/229475331131/CHHAGANLAL PANDEY,-1,-1,,-2,,,,1482,,31
5741,10,2022-10-21 00:00:00,VALSAD UPI/229453810377/Dunzo Digital Private Limited,-1,-1,,-2,,,,1483,,31
5742,6,2022-10-21 00:00:00,VALSAD UPI/229476616130/Dunzo Digital Private Limited,-1,-1,,-2,,,,1484,,31
5743,6,2022-10-21 00:00:00,VALSAD UPI/229480557873/Dunzo Digital Private Limited,-1,-1,,-2,,,,1485,,31
5744,10,2022-10-21 00:00:00,VALSAD UPI/229425853102/Cashfree Payments India PvtLtd,-1,-1,,-2,,,,1486,,31
5745,10,2022-10-21 00:00:00,VALSAD UPI/229425868848/Cashfree Payments India PvtLtd,-1,-1,,-2,,,,1487,,31
5746,10,2022-10-21 00:00:00,VALSAD UPI/229410053935/Cash Free,-1,-1,,-2,,,,1488,,31
5747,10,2022-10-21 00:00:00,VALSAD UPI/229425904786/Cashfree Payments India PvtLtd,-1,-1,,-2,,,,1489,,31
5748,10,2022-10-21 00:00:00,VALSAD UPI/229425911229/Cashfree Payments India PvtLtd,-1,-1,,-2,,,,1490,,31
5749,10,2022-10-21 00:00:00,VALSAD UPI/229425915307/Cashfree Payments India PvtLtd,-1,-1,,-2,,,,1491,,31
5750,6,2022-10-25 00:00:00,VALSAD UPI/229878964493/SHRIMAD RAJCHANDRAPRASAD GRUH,-1,-1,,-2,,,,1492,,31
5751,10,2022-10-25 00:00:00,VALSAD UPI/229833847745/Cashfree Payments India PvtLtd,-1,-1,,-2,,,,1493,,31
5752,6,2022-10-25 00:00:00,VALSAD UPI/229886264845/SHRIMAD RAJCHANDRAPRASAD GRUH,-1,-1,,-2,,,,1494,,31
5753,6,2022-10-26 00:00:00,VALSAD UPI/229924429337/SHETH NISHANTRAJESHBHAI,-1,-1,,-2,,,,1495,,31
5754,6,2022-10-27 00:00:00,VALSAD UPI/230038156396/SMARTSHIFT LOGISTICSSOLUTIONS PR,-1,-1,,-2,,,,1496,,31
5755,6,2022-10-27 00:00:00,VALSAD UPI/230041947960/ANISHA JAYESH MEHTA,-1,-1,,-2,,,,1497,,31
5756,6,2022-10-28 00:00:00,VALSAD UPI/230159508572/TAUSIF ALI,-1,-1,,-2,,,,1498,,31
5757,6,2022-10-28 00:00:00,VALSAD UPI/230161986279/SHRIMAD RAJCHANDRAPRASAD GRUH,-1,-1,,-2,,,,1499,,31
5758,6,2022-10-28 00:00:00,VALSAD UPI/230162294198/SHRIMAD RAJCHANDRAPRASAD GRUH,-1,-1,,-2,,,,1500,,31
5759,10,2022-10-30 00:00:00,VALSAD UPI/230397564139/GOOGLEPAY,-1,-1,,-2,,,,1501,,31
5760,6,2022-10-31 00:00:00,VALSAD UPI/230431179603/Dunzo Digital Private Limited,-1,-1,,-2,,,,1502,,31
5761,6,2022-10-31 00:00:00,VALSAD UPI/230434510806/NARENDRA BAHADUR SINGH,-1,-1,,-2,,,,1503,,31
5762,6,2022-10-31 00:00:00,VALSAD UPI/230441706731/SHUBHAMSINGHCHANDRAPRAKASH SINGH,-1,-1,,-2,,,,1504,,31
5763,6,2022-10-31 00:00:00,VALSAD UPI/230442490258/KEDAR                                        .,-1,-1,,-2,,,,1505,,31
5764,6,2022-11-01 00:00:00,VALSAD UPI/230555438063/BANDU NILU PATIL,-1,-1,,-2,,,,1939,,31
5765,6,2022-11-01 00:00:00,VALSAD UPI/230556429872/DINKAR SHANKAR MORE,-1,-1,,-2,,,,1506,,31
5766,6,2022-11-01 00:00:00,VALSAD UPI/230557194900/GAURAV VILAS DESHMANE,-1,-1,,-2,,,,1507,,31
5767,6,2022-11-01 00:00:00,VALSAD UPI/230560677058/Dunzo Digital Private Limited,-1,-1,,-2,,,,1508,,31
5768,6,2022-11-01 00:00:00,VALSAD UPI/230562836329/Dunzo Digital Private Limited,-1,-1,,-2,,,,1509,,31
5769,6,2022-11-01 00:00:00,VALSAD UPI/230575846827/SAUMA SAMEER GAZDAR,-1,-1,,-2,,,,1510,,31
5770,10,2022-11-01 00:00:00,VALSAD UPI/230575855426/GOOGLEPAY,-1,-1,,-2,,,,1511,,31
5771,6,2022-11-01 00:00:00,VALSAD UPI/230576027403/SAIL SUSHIL CHINTAMANI,-1,-1,,-2,,,,1940,,31
5772,6,2022-11-03 00:00:00,VALSAD UPI/230730647755/AMJAD                                         KHAN,-1,-1,,-2,,,,1512,,31
5773,6,2022-11-04 00:00:00,VALSAD UPI/230850696548/Dunzo Digital Private Limited,-1,-1,,-2,,,,1514,,31
5774,6,2022-11-05 00:00:00,VALSAD UPI/230969357670/BIPINKUMAR GUPTA,-1,-1,,-2,,,,1515,,31
5775,6,2022-11-05 00:00:00,VALSAD UPI/230974518756/SADA SHIV PAL,-1,-1,,-2,,,,1516,,31
5777,6,2022-11-05 00:00:00,VALSAD UPI/230980515513/DINESH PURSHOTAM BIND,-1,-1,,-2,,,,1517,,31
5778,6,2022-11-07 00:00:00,VALSAD UPI/231136357941/SMARTSHIFT LOGISTICSSOLUTIONS PR,-1,-1,,-2,,,,1518,,31
5779,6,2022-11-08 00:00:00,VALSAD UPI/231260078196/SHETH NISHANTRAJESHBHAI,-1,-1,,-2,,,,1519,,31
5780,6,2022-11-09 00:00:00,VALSAD UPI/231375705586/SHRIMAD RAJCHANDRAASHRAM,-1,-1,,-2,,,,1520,,31
5781,6,2022-11-11 00:00:00,VALSAD UPI/231547332942/Naresh Baswanta Naik,-1,-1,,-2,,,,1521,,31
5782,6,2022-11-13 00:00:00,VALSAD UPI/231797574568/MOHD SHAHRUK HANIFQURESHI,-1,-1,,-2,,,,1522,,31
5783,6,2022-11-15 00:00:00,VALSAD UPI/231956686461/Dunzo Digital Private Limited,-1,-1,,-2,,,,1523,,31
5784,6,2022-11-17 00:00:00,VALSAD UPI/232125475185/Dunzo Digital Private Limited,-1,-1,,-2,,,,1524,,31
5785,6,2022-11-17 00:00:00,VALSAD UPI/232127864752/Dunzo Digital Private Limited,-1,-1,,-2,,,,1525,,31
5786,10,2022-11-17 00:00:00,VALSAD UPI/232104182835/Dunzo Digital Private Limited,-1,-1,,-2,,,,1526,,31
5787,6,2022-11-17 00:00:00,VALSAD UPI/232129460836/Mr MOHAMMAD TARIQUEKHAN,-1,-1,,-2,,,,1527,,31
5788,10,2022-11-18 00:00:00,VALSAD UPI/232238269660/GOOGLEPAY,-1,-1,,-2,,,,1528,,31
5789,6,2022-11-18 00:00:00,VALSAD UPI/232252857021/Dunzo Digital Private Limited,-1,-1,,-2,,,,1529,,31
5791,6,2022-11-18 00:00:00,VALSAD UPI/232253752506/AMBEDE DIPAK SHANKAR,-1,-1,,-2,,,,1530,,31
5792,10,2022-11-18 00:00:00,VALSAD UPI/232205946080/Dunzo Digital Private Limited,-1,-1,,-2,,,,1531,,31
5793,6,2022-11-18 00:00:00,VALSAD UPI/232256508697/Masiullah Khan,-1,-1,,-2,,,,1532,,31
5794,6,2022-11-19 00:00:00,VALSAD UPI/232366309367/YOGESH PANDURANGAKHARE,-1,-1,,-2,,,,1533,,31
5795,6,2022-11-19 00:00:00,VALSAD UPI/232380413772/SANJAY SITARAM MAYEKAR,-1,-1,,-2,,,,1534,,31
5796,6,2022-11-21 00:00:00,VALSAD UPI/232542655168/Dunzo Digital Private Limited,-1,-1,,-2,,,,1535,,31
5797,10,2022-11-21 00:00:00,VALSAD UPI/232511106057/Dunzo Digital Private Limited,-1,-1,,-2,,,,1536,,31
5798,6,2022-11-21 00:00:00,VALSAD UPI/232546717519/ISLAM IBRAHIM KHAN,-1,-1,,-2,,,,1537,,31
5799,6,2022-11-23 00:00:00,VALSAD UPI/232710291489/Dunzo Digital Private Limited,-1,-1,,-2,,,,1538,,31
5800,6,2022-11-24 00:00:00,VALSAD UPI/232824811975/VICTOR R PEREIRA,-1,-1,,-2,,,,1539,,31
5801,6,2022-11-24 00:00:00,VALSAD UPI/232830669118/Dunzo Digital Private Limited,-1,-1,,-2,,,,1540,,31
5802,6,2022-11-25 00:00:00,VALSAD UPI/232941371328/SAIL SUSHIL CHINTAMANI,-1,-1,,-2,,,,1943,,31
5803,6,2022-11-25 00:00:00,VALSAD UPI/232951323957/AZIZ ALI KASAM SAYYAD,-1,-1,,-2,,,,1541,,31
5804,6,2022-11-25 00:00:00,VALSAD UPI/232959294040/AMARA JEWELLERS,-1,-1,,-2,,,,1542,,31
5805,6,2022-11-26 00:00:00,VALSAD UPI/233071472537/Dunzo Digital Private Limited,-1,-1,,-2,,,,1543,,31
5806,6,2022-11-29 00:00:00,VALSAD UPI/233351746721/RUPESH ANANT NARKAR,-1,-1,,-2,,,,1544,,31
5807,6,2022-11-29 00:00:00,VALSAD UPI/233358441708/MORE TANVI UMESH,-1,-1,,-2,,,,1944,,31
5808,10,2022-11-29 00:00:00,VALSAD UPI/233358452417/GOOGLEPAY,-1,-1,,-2,,,,1545,,31
5810,6,2022-11-30 00:00:00,VALSAD UPI/233476252661/AVARYA RETAIL,-1,-1,,-2,,,,1546,,31
5811,6,2022-11-30 00:00:00,VALSAD UPI/233480560988/RAVI AUTO SERVICES,-1,-1,,-2,,,,1946,,31
5812,6,2022-12-15 00:00:00,VALSAD UPI/234981974074/SANJAY SITARAM MAYEKAR,-1,-1,,-2,,,,1547,,31
5813,6,2022-12-15 00:00:00,VALSAD UPI/234983903574/RAUF A KHAN,-1,-1,,-2,,,,1548,,31
5814,6,2022-12-15 00:00:00,VALSAD UPI/234984041400/Mr SANTOSH TANAJI PATIL,-1,-1,,-2,,,,1549,,31
5815,6,2022-12-15 00:00:00,VALSAD UPI/234911492193/KANERI NITIN GANGADHAR,-1,-1,,-2,,,,1550,,31
5816,6,2022-12-17 00:00:00,VALSAD UPI/235155301091/RAUF A KHAN,-1,-1,,-2,,,,1551,,31
5817,6,2022-12-17 00:00:00,VALSAD UPI/235165001968/Swiggy,-1,-1,,-2,,,,1552,,31
5818,6,2022-12-19 00:00:00,VALSAD UPI/235325526620/HADKE GAJANAN SHIVAJI,-1,-1,,-2,,,,1553,,31
5819,6,2022-12-20 00:00:00,VALSAD UPI/235453181849/SAIL SUSHIL CHINTAMANI,-1,-1,,-2,,,,1947,,31
5820,10,2022-12-22 00:00:00,VALSAD UPI/235678181805/ADITI SANJAY JAGTAP,-1,-1,,-2,,,,1554,,31
5821,6,2022-12-22 00:00:00,VALSAD UPI/235626200749/SHRIMAD RAJCHANDRAPRASAD GRUH,-1,-1,,-2,,,,1555,,31
5822,6,2022-12-23 00:00:00,VALSAD UPI/235741896258/SHRIMAD RAJCHANDRAASHRAM,-1,-1,,-2,,,,1948,,31
5823,6,2022-12-29 00:00:00,VALSAD UPI/236347893605/Dunzo,-1,-1,,-2,,,,1557,,31
5824,10,2022-12-29 00:00:00,VALSAD UPI/236315135279/DEVANSHI                                            KAPADIA,-1,-1,,-2,,,,1558,,31
5825,6,2023-01-06 00:00:00,VALSAD UPI/300621162578/Mr GURUNATH ASHOKDORLEKAR,-1,-1,,-2,,,,1559,,31
5826,6,2023-01-09 00:00:00,VALSAD UPI/300924460674/KISHORE JAGDISH PARIHAR,-1,-1,,-2,,,,1560,,31
5828,6,2023-01-14 00:00:00,VALSAD UPI/301477360138/ANUJKUMAR                                               TIWARI,-1,-1,,-2,,,,1561,,31
5829,10,2023-01-14 00:00:00,VALSAD UPI/301424714842/SHETH NISHANTRAJESHBHAI,-1,-1,,-2,,,,1562,,31
5830,10,2023-01-15 00:00:00,VALSAD UPI/301565427280/SAMYAK KOTHARI,-1,-1,,-2,,,,1563,,31
5831,6,2023-01-16 00:00:00,VALSAD UPI/301630832905/TUSHAR SADASHIV JOSHI,-1,-1,,-2,,,,1564,,31
5832,6,2023-01-20 00:00:00,VALSAD UPI/302061106043/GAURAV VILAS DESHMANE,-1,-1,,-2,,,,1565,,31
5833,6,2023-01-20 00:00:00,VALSAD UPI/302068767280/KAILASH GUPTA,-1,-1,,-2,,,,1566,,31
5834,6,2023-01-23 00:00:00,VALSAD UPI/302367902123/NILESH PRAFULLANAGAVEKAR,-1,-1,,-2,,,,1567,,31
5835,6,2023-01-25 00:00:00,VALSAD UPI/302530868288/AMIT KAMLESH MISHRA,-1,-1,,-2,,,,1568,,31
5836,10,2023-01-25 00:00:00,VALSAD UPI/302533315373/GOOGLEPAY,-1,-1,,-2,,,,1569,,31
5837,6,2023-01-25 00:00:00,VALSAD UPI/302536910914/Mr. RITIK RAMESHGHOSALKAR,-1,-1,,-2,,,,1570,,31
5838,6,2023-01-25 00:00:00,VALSAD UPI/302546281051/HARIYAN SANTOSHSHRINIWAS,-1,-1,,-2,,,,1571,,31
5839,6,2023-01-26 00:00:00,VALSAD UPI/302672336150/Jagdamba Colddrinks,-1,-1,,-2,,,,1572,,31
5840,6,2023-01-27 00:00:00,VALSAD UPI/302792538067/SHRIMAD RAJCHANDRADIVINE PROD AN,-1,-1,,-2,,,,1573,,31
5841,6,2023-01-27 00:00:00,VALSAD UPI/302793702860/Tulsi Petroleum,-1,-1,,-2,,,,1574,,31
5842,6,2023-01-27 00:00:00,VALSAD UPI/302712187899/GURU KRUPA ICE CREAMAND JUICE PA,-1,-1,,-2,,,,1575,,31
5843,6,2023-01-28 00:00:00,VALSAD UPI/302822106280/R K RESTAURANT,-1,-1,,-2,,,,1576,,31
5845,6,2023-02-01 00:00:00,VALSAD UPI/303250277501/Mr VINOD JANGBAHADURSONAR,-1,-1,,-2,,,,1577,,31
5846,6,2023-02-04 00:00:00,VALSAD UPI/303550565018/IBIBO Group Private Limited,-1,-1,,-2,,,,1578,,31
5847,6,2023-02-04 00:00:00,VALSAD UPI/303555765649/Goibibo,-1,-1,,-2,,,,1579,,31
5848,10,2023-02-04 00:00:00,VALSAD UPI/303513675436/HARDIK KAMLESH SHAH,-1,-1,,-2,,,,1580,,31
5849,6,2023-02-08 00:00:00,VALSAD UPI/303994043642/GITEN RAJU NOR,-1,-1,,-2,,,,1581,,31
5850,6,2023-02-10 00:00:00,VALSAD UPI/304162767669/Mr VISHAL PATIL,-1,-1,,-2,,,,1582,,31
5851,6,2023-02-10 00:00:00,VALSAD UPI/304164118398/MOHAMMED HUSSAINZAINUDDIN MAKDA,-1,-1,,-2,,,,1583,,31
5852,6,2023-02-10 00:00:00,VALSAD UPI/304169454250/Dunzo,-1,-1,,-2,,,,1584,,31
5853,6,2023-02-11 00:00:00,VALSAD UPI/304227168925/SHRIMAD RAJCHANDRADIVINE PROD AN,-1,-1,,-2,,,,1585,,31
5854,10,2023-02-12 00:00:00,VALSAD UPI/304382277645/RAMRUP ACHCHELALNAGBANSHI,-1,-1,,-2,,,,1586,,31
5855,6,2023-02-13 00:00:00,VALSAD UPI/304482519974/ANUJKUMAR                                               TIWARI,-1,-1,,-2,,,,1587,,31
5856,6,2023-02-16 00:00:00,VALSAD UPI/304792644627/Goibibo,-1,-1,,-2,,,,1588,,31
5857,6,2023-02-17 00:00:00,VALSAD UPI/304831330667/DINESH KUMAR LAYAKRAMVARMA,-1,-1,,-2,,,,1589,,31
5858,6,2023-02-19 00:00:00,VALSAD UPI/305096412951/Mr VIJAY GANGADHARREVADEKAR,-1,-1,,-2,,,,1590,,31
5859,6,2023-02-20 00:00:00,VALSAD UPI/305150951238/Prbu Ram Sharan,-1,-1,,-2,,,,1591,,31
5860,10,2023-02-21 00:00:00,VALSAD UPI/305255940647/GOOGLEPAY,-1,-1,,-2,,,,1592,,31
5861,10,2023-02-21 00:00:00,VALSAD UPI/305257843329/GOOGLEPAY,-1,-1,,-2,,,,1593,,31
5862,6,2023-02-22 00:00:00,ETPC UPIIWFail/305255940647/2102202,-1,-1,,-2,,,,1594,,31
5863,6,2023-02-22 00:00:00,VALSAD UPI/305312809632/Mr. tanaji narayan sakpal,-1,-1,,-2,,,,1595,,31
5864,6,2023-02-23 00:00:00,VALSAD UPI/305436804487/Indian Railways Ticketing,-1,-1,,-2,,,,1596,,31
5865,6,2023-03-07 00:00:00,VALSAD UPI/306649392386/SHIV ENTERPRISE,-1,-1,,-2,,,,1951,,31
5866,6,2023-03-09 00:00:00,VALSAD SMS_CHARGE_FOR_OCT22_TO_DEC22,-1,-1,,-2,,,,1952,,31
5867,6,2023-03-11 00:00:00,VALSAD UPI/307096881968/Naturals Worli,-1,-1,,-2,,,,1953,,31
5869,6,2023-03-15 00:00:00,VALSAD UPI/307428122108/Mr NARENDRA MANOHARTHAKUR,-1,-1,,-2,,,,1955,,31
5870,6,2023-03-16 00:00:00,VALSAD UPI/307551261257/PRBU RAM SHARAN,-1,-1,,-2,,,,1956,,31
5871,6,2023-03-17 00:00:00,VALSAD UPI/307688872157/SURAJ SANGHI SERVICE,-1,-1,,-2,,,,1957,,31
5872,6,2023-03-17 00:00:00,VALSAD UPI/307689262776/SURAJ SANGHI SERVICE,-1,-1,,-2,,,,1958,,31
5873,6,2023-03-21 00:00:00,VALSAD UPI/308095582451/ANZAR SHAKEEL AHMEDANSARI,-1,-1,,-2,,,,1959,,31
5874,6,2023-03-21 00:00:00,VALSAD UPI/308013188591/SALMAN ANSARI,-1,-1,,-2,,,,1960,,31
5875,6,2023-03-23 00:00:00,VALSAD UPI/308264313696/SUPER SERVICE STATION,-1,-1,,-2,,,,1961,,31
5876,6,2023-03-24 00:00:00,VALSAD ANNUAL_CARDFEE_403839******1964_MAR23,-1,-1,,-2,,,,1962,,31
5877,6,2023-03-24 00:00:00,VALSAD UPI/308393867724/ANIL DAGDU MANE,-1,-1,,-2,,,,1963,,31
5878,6,2023-03-24 00:00:00,VALSAD UPI/308394904636/MAHESH SHYAM SAROJ,-1,-1,,-2,,,,1964,,31
5879,6,2023-03-24 00:00:00,VALSAD UPI/308315510794/PRAVIN MOTIRAM BHOVAD,-1,-1,,-2,,,,1965,,31
5880,10,2023-03-25 00:00:00,VALSAD Int.:25-12-2022 To 25-03-2023,-1,-1,,-2,,,,1966,,31
5881,6,2023-03-28 00:00:00,VALSAD UPI/308729769579/MOHAMMED TOSIF,-1,-1,,-2,,,,1967,,31
5882,6,2023-03-29 00:00:00,VALSAD UPI/308860629954/SHIV SHANKAR GUPTA SODUKHI GUPTA,-1,-1,,-2,,,,1968,,31
5883,10,2023-03-29 00:00:00,VALSAD UPI/308889527628/KRISHNA YASH VORA JT1,-1,-1,,-2,,,,1969,,31
5884,4,2022-11-02 00:00:00,,-1,-1,,-2,,,,,,32
5885,10,2023-03-29 00:00:00,gail,-1,-1,,-2,,,,,,29
5886,4,2023-03-31 00:00:00,,-1,-1,,-2,,,,,,29
5887,6,2023-03-31 00:00:00,,-1,-1,,-2,,,,,,29
5888,6,2023-03-31 00:00:00,,-1,-1,,-2,,,,,,30
5889,6,2023-03-31 00:00:00,,-1,-1,,-2,,,,,,30
5890,6,2023-03-31 00:00:00,,-1,-1,,-2,,,,,,30
5891,10,2023-03-31 00:00:00,,-1,-1,,-2,,,,,,30
5893,6,2023-03-31 00:00:00,,-1,-1,,-2,,,,,,29
5894,6,2023-03-27 00:00:00,,-1,-1,,-2,,,,,,29
5895,6,2023-03-24 00:00:00,CREATIVE ENTERPRISE,-1,-1,,-2,,,,,,29
5896,10,2023-03-15 00:00:00,,-1,-1,,-2,,,,,,29
5897,10,2023-03-15 00:00:00,,-1,-1,,-2,,,,,,29
5898,10,2023-03-19 00:00:00,,-1,-1,,-2,,,,,,29
5899,10,2023-03-15 00:00:00,,-1,-1,,-2,,,,,,29
5900,4,2023-03-24 00:00:00,,-1,-1,,-2,,,,,,30
5901,4,2023-03-24 00:00:00,,-1,-1,,-2,,,,,,36
5902,10,2023-03-11 00:00:00,tanna,-1,-1,,-2,,,,,,36
5903,10,2023-03-10 00:00:00,,-1,-1,,-2,,,,,,36
5904,10,2023-03-29 00:00:00,gail,-1,-1,,-2,,,,,,36
5905,6,2023-03-31 00:00:00,,-1,-1,,-2,,,,,,36
5906,6,2023-03-30 00:00:00,,-1,-1,,-2,,,,,,36
5907,6,2023-03-29 00:00:00,,-1,-1,,-2,,,,,,36
5908,6,2023-01-06 00:00:00,,-1,-1,,-2,,,,,,36
5909,6,2023-03-28 00:00:00,,-1,-1,,-2,,,,,,36
5910,6,2023-03-31 00:00:00,doc,-1,-1,,-2,,,,,,36
5911,6,2023-03-27 00:00:00,,-1,-1,,-2,,,,,,36
5912,6,2023-03-25 00:00:00,,-1,-1,,-2,,,,,,36
5913,6,2023-03-21 00:00:00,,-1,-1,,-2,,,,,,36
5914,6,2023-03-17 00:00:00,,-1,-1,,-2,,,,,,36
5915,6,2023-03-15 00:00:00,,-1,-1,,-2,,,,,,36
5916,6,2023-03-14 00:00:00,,-1,-1,,-2,,,,,,36
5917,6,2023-03-14 00:00:00,,-1,-1,,-2,,,,,,36
5920,6,2023-03-21 00:00:00,,-1,-1,,-2,,,,,,29
5921,6,2023-03-20 00:00:00,,-1,-1,,-2,,,,,,29
5922,6,2023-03-31 00:00:00,,-1,-1,,-2,,,,,,29
5924,6,2023-03-31 00:00:00,,-1,-1,,-2,,,,,,31
5925,10,2023-03-31 00:00:00,,-1,-1,,-2,,,,,,30
5926,10,2023-03-31 00:00:00,,-1,-1,,-2,,,,,,30
5927,6,2023-03-31 00:00:00,,-1,-1,,-2,,,,,,31
5928,6,2023-03-31 00:00:00,,-1,-1,,-2,,,,,,31
5929,6,2023-03-31 00:00:00,,-1,-1,,-2,,,,,,32
5930,6,2023-03-11 00:00:00,,-1,-1,,-2,,,,,,32
5931,6,2023-03-20 00:00:00,,-1,-1,,-2,,,,,,32
5932,10,2023-03-31 00:00:00,,-1,-1,,-2,,,,,,31
5933,6,2023-03-31 00:00:00,,-1,-1,,-2,,,,,,36
5935,4,2023-03-31 00:00:00,,-1,-1,,-2,,,,,,36
5936,6,2023-03-31 00:00:00,,-1,-1,,-2,,,,,,36
5937,10,2023-03-31 00:00:00,,-1,-1,,-2,,,,,,30
5938,6,2023-03-31 00:00:00,,-1,-1,,-2,,,,,,30
5939,10,2023-03-31 00:00:00,,-1,-1,,-2,,,,,,29
5940,4,2023-03-31 00:00:00,,-1,-1,,-2,,,,,,29
5941,4,2023-03-31 00:00:00,,-1,-1,,-2,,,,,,30
5942,4,2023-03-31 00:00:00,,-1,-1,,-2,,,,,,32
5943,10,2023-03-31 00:00:00,,-1,-1,,-2,,,,,,31
5944,10,2023-03-31 00:00:00,,-1,-1,,-2,,,,,,29
5945,10,2023-03-31 00:00:00,,-1,-1,,-2,,,,,,31
5946,10,2023-04-06 00:00:00,,-1,-1,,-2,,,,,,30
5947,10,2023-04-06 00:00:00,,-1,-1,,-2,,,,,,30
5948,10,2023-04-05 00:00:00,quant,-1,-1,,-2,,,,,,31
5949,10,2023-04-05 00:00:00,SMC,-1,-1,,-2,,,,,,31
5950,10,2023-03-09 00:00:00,,-1,-1,,-2,,,,,,32
5951,4,2023-04-14 00:00:00,,-1,-1,,-2,,,,,,32
5952,6,2023-03-04 00:00:00,,-1,-1,,-2,,,,,,32
5953,4,2023-02-24 00:00:00,CAMS,-1,-1,,-2,,,,,,32
5954,10,2023-02-06 00:00:00,,-1,-1,,-2,,,,,,32
5955,4,2023-04-18 00:00:00,SMC RONALD,-1,-1,,-2,,,,,,31
5956,10,2023-04-11 00:00:00,SBI MF FOR MARCH,-1,-1,,-2,,,,,,31
5957,4,2023-04-19 00:00:00,,-1,-1,,-2,,,,,,31
5958,10,2023-04-19 00:00:00,,-1,-1,,-2,,,,,,31
5959,10,2023-04-18 00:00:00,,-1,-1,,-2,,,,,,31
5960,6,2023-04-18 00:00:00,,-1,-1,,-2,,,,,,31
5961,4,2023-04-18 00:00:00,,-1,-1,,-2,,,,,,31
5962,6,2023-04-17 00:00:00,,-1,-1,,-2,,,,,,31
5963,4,2023-04-17 00:00:00,,-1,-1,,-2,,,,,,31
5964,6,2023-04-15 00:00:00,,-1,-1,,-2,,,,,,31
5965,10,2023-04-13 00:00:00,,-1,-1,,-2,,,,,,31
5966,6,2023-04-13 00:00:00,,-1,-1,,-2,,,,,,31
5967,6,2023-04-12 00:00:00,jiomart,-1,-1,,-2,,,,,,31
5968,6,2023-04-12 00:00:00,,-1,-1,,-2,,,,,,31
5969,6,2023-04-07 00:00:00,dunzo,-1,-1,,-2,,,,,,31
5970,6,2023-04-08 00:00:00,dunzo,-1,-1,,-2,,,,,,31
5971,6,2023-04-09 00:00:00,,-1,-1,,-2,,,,,,31
5972,6,2023-04-10 00:00:00,,-1,-1,,-2,,,,,,31
5973,10,2023-04-06 00:00:00,canara robeco mf,-1,-1,,-2,,,,,,31
5974,10,2023-04-06 00:00:00,,-1,-1,,-2,,,,,,31
5975,6,2023-04-05 00:00:00,,-1,-1,,-2,,,,,,31
5976,6,2023-04-05 00:00:00,,-1,-1,,-2,,,,,,31
5977,6,2023-04-04 00:00:00,smc bank change,-1,-1,,-2,,,,,,31
5978,10,2023-04-13 00:00:00,,-1,-1,,-2,,,,,,31
5979,6,2023-04-10 00:00:00,,-1,-1,,-2,,,,,,31
5980,10,2023-04-07 00:00:00,,-1,-1,,-2,,,,,,31
5981,10,2023-04-07 00:00:00,,-1,-1,,-2,,,,,,31
5982,10,2023-03-31 00:00:00,,-1,-1,,-2,,,,,,31
5983,10,2023-04-20 00:00:00,,-1,-1,,-2,,,,,,30
5984,6,2023-04-19 00:00:00,,-1,-1,,-2,,,,,,30
5985,6,2023-04-18 00:00:00,,-1,-1,,-2,,,,,,30
5986,6,2023-04-17 00:00:00,sip,-1,-1,,-2,,,,,,30
5987,6,2023-04-15 00:00:00,,-1,-1,,-2,,,,,,30
5988,10,2023-04-15 00:00:00,,-1,-1,,-2,,,,,,30
5991,10,2023-04-10 00:00:00,,-1,-1,,-2,,,,,,30
5992,10,2023-04-10 00:00:00,,-1,-1,,-2,,,,,,30
5993,10,2023-04-13 00:00:00,,-1,-1,,-2,,,,,,30
5994,10,2023-04-13 00:00:00,,-1,-1,,-2,,,,,,30
5995,6,2023-04-13 00:00:00,,-1,-1,,-2,,,,,,30
5996,10,2023-03-31 00:00:00,,-1,-1,,-2,,,,,,30
5997,10,2023-04-19 00:00:00,,-1,-1,,-2,,,,,,29
5998,10,2023-04-18 00:00:00,,-1,-1,,-2,,,,,,29
5999,10,2023-04-18 00:00:00,,-1,-1,,-2,,,,,,29
6000,10,2023-04-18 00:00:00,,-1,-1,,-2,,,,,,29
6001,4,2023-04-18 00:00:00,,-1,-1,,-2,,,,,,29
6002,6,2023-04-10 00:00:00,,-1,-1,,-2,,,,,,29
6003,6,2023-04-10 00:00:00,,-1,-1,,-2,,,,,,29
6004,6,2023-04-05 00:00:00,,-1,-1,,-2,,,,,,29
6005,10,2023-04-19 00:00:00,,-1,-1,,-2,,,,,,29
6006,6,2023-04-19 00:00:00,,-1,-1,,-2,,,,,,29
6007,6,2023-04-17 00:00:00,,-1,-1,,-2,,,,,,29
6009,4,2023-04-26 00:00:00,,-1,-1,,-2,,,,,,36
6010,6,2023-04-20 00:00:00,,-1,-1,,-2,,,,,,36
6011,10,2023-04-20 00:00:00,,-1,-1,,-2,,,,,,30
6012,10,2023-04-05 00:00:00,,-1,-1,,-2,,,,,,36
6013,6,2023-04-05 00:00:00,,-1,-1,,-2,,,,,,36
6014,10,2023-03-31 00:00:00,,-1,-1,,-2,,,,,,36
6015,10,2023-04-20 00:00:00,,-1,-1,,-2,,,,,,31
6016,10,2023-04-14 00:00:00,,-1,-1,,-2,,,,,,30
6017,6,2023-04-20 00:00:00,,-1,-1,,-2,,,,,,30
6018,10,2023-04-20 00:00:00,,-1,-1,,-2,,,,,,31
6019,10,2023-04-21 00:00:00,,-1,-1,,-2,,,,,,30
6020,10,2023-04-20 00:00:00,,-1,-1,,-2,,,,,,36
6021,10,2023-04-20 00:00:00,,-1,-1,,-2,,,,,,31
6022,10,2023-04-19 00:00:00,,-1,-1,,-2,,,,,,31
6023,10,2023-04-21 00:00:00,,-1,-1,,-2,,,,,,31
6024,10,2023-04-21 00:00:00,,-1,-1,,-2,,,,,,31
6025,6,2023-04-21 00:00:00,,-1,-1,,-2,,,,,,36
6026,6,2023-04-22 00:00:00,,-1,-1,,-2,,,,,,36
6027,10,2023-04-22 00:00:00,,-1,-1,,-2,,,,,,30
6029,10,2023-04-22 00:00:00,,-1,-1,,-2,,,,,,36
6030,4,2023-04-22 00:00:00,,-1,-1,,-2,,,,,,36
6032,4,2023-04-06 00:00:00,,-1,-1,,-2,,,,,,36
6033,10,2023-03-31 00:00:00,,-1,-1,,-2,,,,,,36
6034,6,2023-04-01 00:00:00,cc,-1,-1,,-2,,,,,,36
6035,6,2023-04-22 00:00:00,,-1,-1,,-2,,,,,,36
6036,10,2023-04-22 00:00:00,,-1,-1,,-2,,,,,,30
6037,10,2023-04-21 00:00:00,,-1,-1,,-2,,,,,,36
6038,6,2023-04-18 00:00:00,swiggy,-1,-1,,-2,,,,,,36
6039,6,2023-04-18 00:00:00,canteen,-1,-1,,-2,,,,,,36
6040,6,2023-04-13 00:00:00,urban,-1,-1,,-2,,,,,,36
6041,6,2023-04-11 00:00:00,??,-1,-1,,-2,,,,,,36
6042,6,2023-04-11 00:00:00,canteen,-1,-1,,-2,,,,,,36
6043,4,2023-04-06 00:00:00,,-1,-1,,-2,,,,,,36
6044,6,2023-04-06 00:00:00,,-1,-1,,-2,,,,,,36
6045,6,2023-04-04 00:00:00,,-1,-1,,-2,,,,,,36
6046,6,2023-04-04 00:00:00,,-1,-1,,-2,,,,,,36
6048,6,2023-04-21 00:00:00,,-1,-1,,-2,,,,,,30
6049,4,2023-04-22 00:00:00,,-1,-1,,-2,,,,,,32
6050,10,2023-04-21 00:00:00,,-1,-1,,-2,,,,,,32
6051,6,2023-04-21 00:00:00,,-1,-1,,-2,,,,,,32
6052,10,2023-03-31 00:00:00,,-1,-1,,-2,,,,,,32
6053,10,2023-04-13 00:00:00,,-1,-1,,-2,,,,,,32
6054,6,2023-04-13 00:00:00,,-1,-1,,-2,,,,,,32
6055,10,2023-04-05 00:00:00,,-1,-1,,-2,,,,,,32
6056,6,2023-04-05 00:00:00,,-1,-1,,-2,,,,,,32
6058,10,2023-04-25 00:00:00,,-1,-1,,-2,,,,,,32
6059,4,2023-04-25 00:00:00,,-1,-1,,-2,,,,,,32
6060,4,2023-04-25 00:00:00,,-1,-1,,-2,,,,,,32
6063,10,2023-04-28 00:00:00,Recd:IMPS/311818257189/Amazon,-1,-1,,-2,,,,1970,311818020422,29
6064,10,2023-04-29 00:00:00,MB:RECEIVED FROM CREATIVEPACKAGING/TO UNNATI K,-1,-1,,-2,,,,1971,MB-998903644309,29
6065,6,2023-05-03 00:00:00,SPAY 0012599783 PAY,-1,-1,,-2,,,,1972,GBM-0025387513,29
6066,6,2023-05-04 00:00:00,PG INSURANCE 3 Y LIBERTY GENERAL INSU,-1,-1,,-2,,,,1973,KPG-0188171485,30
6067,6,2023-05-05 00:00:00,PG R K GLOBAL RKGLOBAL SHARES AND,-1,-1,,-2,,,,1974,KPG-0188237890,30
6068,10,2023-05-11 00:00:00,NEFT IN1ON23051100Q2K MIRAE ASSET,-1,-1,,-2,,,,1975,0589952031,30
6069,10,2023-05-19 00:00:00,MB:RECEIVED FROM CREATIVEENTERPRISE/TO PRS K,-1,-1,,-2,,,,1976,MB-998892339411,30
6072,6,2023-05-09 00:00:00,,-1,-1,,-2,,,,,,30
6073,4,2023-05-05 00:00:00,,-1,-1,,-2,,,,,,30
6074,6,2023-05-04 00:00:00,,-1,-1,,-2,,,,,,30
6075,6,2023-04-21 00:00:00,UPI/CREDPAYDUNZO/347791686789/payment on CRED,-1,-1,,-2,,,,1978,UPI-311139501186,31
6076,10,2023-04-25 00:00:00,NEFT N115232431445166 SMC GLOBAL,-1,-1,,-2,,,,1979,0581302330,31
6077,6,2023-04-26 00:00:00,UPI/CREDPAYSWIGGY1/311671555341/payment on CRED,-1,-1,,-2,,,,1980,UPI-311654093291,31
6078,6,2023-04-26 00:00:00,PG R K GLOBAL RKGLOBAL SHARES AND,-1,-1,,-2,,,,1981,KPG-0187632006,31
6079,10,2023-04-26 00:00:00,Recd:IMPS/311613160707/COMPUTER,-1,-1,,-2,,,,1982,311613792217,31
6080,10,2023-04-29 00:00:00,NEFT N119232437130808 SMC GLOBAL,-1,-1,,-2,,,,1983,0583713964,31
6081,10,2023-05-02 00:00:00,NEFT CMS3270803844 R K GLOBAL,-1,-1,,-2,,,,1984,0585064573,31
6082,10,2023-05-02 00:00:00,NEFT N122232441095437 NATIONAL,-1,-1,,-2,,,,1985,0585124786,31
6083,6,2023-05-03 00:00:00,UPI/CREDCLUB1/348911852115/paymenton CRED,-1,-1,,-2,,,,1986,UPI-312348529379,31
6084,6,2023-05-04 00:00:00,PG R K GLOBAL RKGLOBAL SHARES AND,-1,-1,,-2,,,,1987,KPG-0188128557,31
6085,10,2023-05-04 00:00:00,MB:RECEIVED FROM CREATIVEPRINTERS/TO SPS K,-1,-1,,-2,,,,1988,MB-998900386751,31
6086,6,2023-05-05 00:00:00,PG RK GLOBAL RKGLOBAL SHARES AND,-1,-1,,-2,,,,1989,KPG-0188237622,31
6087,10,2023-05-08 00:00:00,NEFT N128232450849852 QUANT M F,-1,-1,,-2,,,,1990,0588364686,31
6088,10,2023-05-09 00:00:00,NEFT N129232451158850 SBIMF,-1,-1,,-2,,,,1991,0588621561,31
6089,10,2023-05-09 00:00:00,NEFT N129232452683137 CANARA,-1,-1,,-2,,,,1992,0588909853,31
6090,6,2023-05-14 00:00:00,PG YASH GIFT DONATION SHRIMADRAJCHANDRA S,-1,-1,,-2,,,,1993,KPG-0188793845,31
6091,6,2023-05-15 00:00:00,,-1,-1,,-2,,,,1994,MB-998894571149,31
6092,10,2023-05-15 00:00:00,Recd:IMPS/313518929123/BIJAL,-1,-1,,-2,,,,1995,313518885957,31
6093,6,2023-05-16 00:00:00,UPI/CREDPAYDUNZO/350259880544/payment on CRED,-1,-1,,-2,,,,1996,UPI-313678569050,31
6094,6,2023-05-19 00:00:00,UPI/CREDPAYDUNZO/313970480182/payment on CRED,-1,-1,,-2,,,,1997,UPI-313951118997,31
6095,6,2023-05-19 00:00:00,fastag,-1,-1,,-2,,,,,,31
6096,6,2023-05-21 00:00:00,,-1,-1,,-2,,,,,,31
6097,6,2023-05-07 00:00:00,,-1,-1,,-2,,,,,,31
6098,6,2023-05-05 00:00:00,fastag,-1,-1,,-2,,,,,,31
6099,10,2023-05-04 00:00:00,nippon india mf,-1,-1,,-2,,,,,,31
6100,6,2023-05-01 00:00:00,fastag,-1,-1,,-2,,,,,,31
6101,6,2023-05-12 00:00:00,,-1,-1,,-2,,,,,,32
6102,10,2023-04-25 00:00:00,,-1,-1,,-2,,,,,,32
6103,4,2022-08-17 00:00:00,,-1,-1,,-2,,,,,,31
6104,6,2022-08-17 00:00:00,BREW BAG,-1,-1,,-2,,,,,,31
6108,10,2022-06-25 00:00:00,,-1,-1,,-2,,,,,,29
6109,6,2022-07-20 00:00:00,,-1,-1,,-2,,,,,,29
6110,6,2022-08-17 00:00:00,,-1,-1,,-2,,,,,,29
6111,6,2022-09-25 00:00:00,,-1,-1,,-2,,,,,,29
6112,6,2022-12-25 00:00:00,,-1,-1,,-2,,,,,,29
6113,6,2023-03-25 00:00:00,,-1,-1,,-2,,,,,,29
6119,12,2023-06-02 00:00:00,ATW/7676/+Dr. A. B. RoadWorliMumbaiM020623/13:43,-1,-1,,-2,,,,2003,315308423143,30
6120,10,2023-06-02 00:00:00,MB:RECEIVED FROM SAAHIL SHAH/LOANAT 1000 PERCENT,-1,-1,,-2,,,,2004,MB-998885308676,30
6121,4,2023-06-02 00:00:00,eRupee/PRAMESHRAJENDR/315300285552/Pay,-1,-1,,-2,,,,2005,UPI-315300051859,30
6123,10,2023-06-05 00:00:00,MB:RECEIVED FROM UNNATI PRAMESHSHAH/LOAN,-1,-1,,-2,,,,2007,MB-998883676208,30
6128,6,2023-06-16 00:00:00,PG RKG RKGLOBAL SHARES AND,-1,-1,,-2,,,,2012,KPG-0190711983,30
6130,4,2023-06-20 00:00:00,SentIMPS317112050195pramesh,-1,-1,,-2,,,,2014,317112101673,30
6134,6,2023-05-25 00:00:00,MB:SENT TO CREATIVE PACKAGING/PACKK,-1,-1,,-2,,,,2018,MB-998889699928,29
6135,6,2023-05-31 00:00:00,PG RKGLOBAL SHARES AND,-1,-1,,-2,,,,2019,KPG-0189733066,29
6137,6,2023-06-02 00:00:00,MB:SENT TO CREATIVE PACKAGING/TOPACK,-1,-1,,-2,,,,2021,MB-998885556752,29
6138,12,2023-06-02 00:00:00,ATW/7668/+Dr. A. B. RoadWorliMumbaiM020623/13:45,-1,-1,,-2,,,,2022,315308423147,29
6139,6,2023-06-03 00:00:00,MB:SENT TO CREATIVE PACKAGING/TOPACKAGING,-1,-1,,-2,,,,2023,MB-998884761838,29
6140,6,2023-06-05 00:00:00,MB:SENT TO PRAMESH RAJENDRASHAH/LOAN,-1,-1,,-2,,,,2024,MB-998883676208,29
6141,10,2023-06-11 00:00:00,MB:RECEIVED FROM CREATIVEPACKAGING/TO UPS K,-1,-1,,-2,,,,2025,MB-998880185559,29
6145,6,2023-06-24 00:00:00,,-1,-1,,-2,,,,,,29
6146,10,2023-05-24 00:00:00,NEFT IN1ON23052400600 MIRAE ASSET,-1,-1,,-2,,,,2029,0596242605,36
6148,4,2023-05-25 00:00:00,Recd:IMPS/314508559254/Mrs,-1,-1,,-2,,,,2031,314508079632,36
6150,4,2023-05-26 00:00:00,Recd:IMPS/314608140808/Mrs,-1,-1,,-2,,,,2033,314608183924,36
6153,12,2023-05-31 00:00:00,Recd:IMPS/315115146731/Mrs,-1,-1,,-2,,,,2036,315115055189,36
6155,10,2023-06-06 00:00:00,NEFT N157232489260348 PURVI VIVEK,-1,-1,,-2,,,,2038,0603356280,36
6159,10,2023-06-19 00:00:00,Recd:IMPS/317020237057/Amazon,-1,-1,,-2,,,,2042,317020600147,36
6160,12,2023-06-21 00:00:00,CASH DEPOSIT BY SELF AT WORLI 1393,-1,-1,,-2,,,,2043,,36
6161,6,2023-06-21 00:00:00,UPI/IRCTCC/317262850395/Pay via Razorpa,-1,-1,,-2,,,,2044,UPI-317229857897,36
6162,6,2023-05-11 00:00:00,,-1,-1,,-2,,,,,,36
6163,10,2023-04-28 00:00:00,,-1,-1,,-2,,,,,,36
6164,10,2023-04-27 00:00:00,,-1,-1,,-2,,,,,,36
6165,10,2023-06-24 00:00:00,,-1,-1,,-2,,,,,,31
6166,4,2023-06-20 00:00:00,,-1,-1,,-2,,,,,,31
6167,10,2023-06-20 00:00:00,,-1,-1,,-2,,,,,,31
6168,4,2023-06-20 00:00:00,,-1,-1,,-2,,,,,,31
6169,10,2023-06-20 00:00:00,,-1,-1,,-2,,,,,,31
6171,10,2023-06-11 00:00:00,,-1,-1,,-2,,,,,,31
6172,10,2023-06-09 00:00:00,quant,-1,-1,,-2,,,,,,31
6173,10,2023-06-08 00:00:00,,-1,-1,,-2,,,,,,31
6174,10,2023-06-08 00:00:00,,-1,-1,,-2,,,,,,31
6175,10,2023-06-07 00:00:00,can rob,-1,-1,,-2,,,,,,31
6176,10,2023-06-07 00:00:00,ppfas,-1,-1,,-2,,,,,,31
6177,10,2023-06-07 00:00:00,sbi,-1,-1,,-2,,,,,,31
6178,10,2023-06-07 00:00:00,quant,-1,-1,,-2,,,,,,31
6179,10,2023-06-06 00:00:00,nipon,-1,-1,,-2,,,,,,31
6180,4,2023-06-05 00:00:00,,-1,-1,,-2,,,,,,31
6181,4,2023-06-05 00:00:00,,-1,-1,,-2,,,,,,31
6182,10,2023-06-01 00:00:00,,-1,-1,,-2,,,,,,31
6183,10,2023-05-30 00:00:00,smc,-1,-1,,-2,,,,,,31
6184,10,2023-05-25 00:00:00,smc,-1,-1,,-2,,,,,,31
6185,4,2023-06-20 00:00:00,,-1,-1,,-2,,,,,,31
6186,6,2023-06-20 00:00:00,,-1,-1,,-2,,,,,,31
6187,6,2023-06-18 00:00:00,fastag,-1,-1,,-2,,,,,,31
6188,6,2023-06-14 00:00:00,fastag,-1,-1,,-2,,,,,,31
6189,6,2023-06-12 00:00:00,,-1,-1,,-2,,,,,,31
6190,6,2023-06-10 00:00:00,,-1,-1,,-2,,,,,,31
6191,6,2023-06-09 00:00:00,fastag,-1,-1,,-2,,,,,,31
6192,6,2023-06-08 00:00:00,fastag,-1,-1,,-2,,,,,,31
6193,6,2023-06-03 00:00:00,jiomart,-1,-1,,-2,,,,,,31
6194,6,2023-06-02 00:00:00,swiggy,-1,-1,,-2,,,,,,31
6195,6,2023-06-02 00:00:00,,-1,-1,,-2,,,,,,31
6196,4,2023-06-02 00:00:00,,-1,-1,,-2,,,,,,31
6197,6,2023-06-02 00:00:00,,-1,-1,,-2,,,,,,31
6198,6,2023-06-01 00:00:00,flipkart,-1,-1,,-2,,,,,,31
6199,6,2023-05-25 00:00:00,cc,-1,-1,,-2,,,,,,31
6200,6,2023-06-20 00:00:00,,-1,-1,,-2,,,,,,30
6201,10,2023-05-31 00:00:00,,-1,-1,,-2,,,,,,30
6202,10,2023-04-30 00:00:00,,-1,-1,,-2,,,,,,30
6203,10,2023-03-31 00:00:00,,-1,-1,,-2,,,,,,30
6204,6,2023-06-20 00:00:00,,-1,-1,,-2,,,,,,29
6206,6,2023-06-03 00:00:00,,-1,-1,,-2,,,,,,29
6207,10,2023-05-31 00:00:00,,-1,-1,,-2,,,,,,29
6210,10,2023-04-30 00:00:00,,-1,-1,,-2,,,,,,29
6211,10,2023-03-31 00:00:00,,-1,-1,,-2,,,,,,29
6213,10,2023-04-06 00:00:00,,-1,-1,,-2,,,,,,29
6216,6,2023-06-07 00:00:00,,-1,-1,,-2,,,,,6,31
6217,6,2023-06-05 00:00:00,,-1,-1,,-2,,,,,6,31
6218,10,2023-06-01 00:00:00,,-1,-1,,-2,,,,,6,31
6219,10,2023-05-30 00:00:00,,-1,-1,,-2,,,,,6,31
6221,10,2023-05-19 00:00:00,,-1,-1,,-2,,,,,,31
6222,10,2023-05-16 00:00:00,,-1,-1,,-2,,,,,,31
6223,10,2023-04-30 00:00:00,,-1,-1,,-2,,,,,,31
6224,10,2023-04-29 00:00:00,,-1,-1,,-2,,,,,,31
6226,10,2023-04-25 00:00:00,,-1,-1,,-2,,,,,,31
6229,6,2023-06-19 00:00:00,cc,-1,-1,,-2,,,,,,36
6230,4,2023-06-12 00:00:00,,-1,-1,,-2,,,,,,36
6231,10,2023-05-31 00:00:00,,-1,-1,,-2,,,,,,36
6233,6,2023-05-25 00:00:00,,-1,-1,,-2,,,,,,36
6234,4,2023-05-11 00:00:00,,-1,-1,,-2,,,,,,36
6235,6,2023-05-05 00:00:00,cc,-1,-1,,-2,,,,,,36
6236,6,2023-05-05 00:00:00,cc,-1,-1,,-2,,,,,,36
6237,10,2023-04-30 00:00:00,,-1,-1,,-2,,,,,,36
6239,10,2023-07-05 00:00:00,,-1,-1,,-2,,,,,,29
6240,6,2023-07-05 00:00:00,,-1,-1,,-2,,,,,,31
6241,10,2023-07-05 00:00:00,,-1,-1,,-2,,,,,,30
6242,6,2023-07-05 00:00:00,,-1,-1,,-2,,,,,,31
6243,10,2023-06-30 00:00:00,,-1,-1,,-2,,,,,,32
6244,10,2023-06-09 00:00:00,,-1,-1,,-2,,,,,,32
6245,6,2023-07-05 00:00:00,,-1,-1,,-2,,,,,,32
6246,10,2023-07-05 00:00:00,,-1,-1,,-2,,,,,,29
6247,6,2023-07-05 00:00:00,,-1,-1,,-2,,,,,,32
6248,10,2023-07-05 00:00:00,,-1,-1,,-2,,,,,,31
6249,10,2023-06-30 00:00:00,,-1,-1,,-2,,,,,,30
6251,10,2023-06-30 00:00:00,,-1,-1,,-2,,,,,,29
6252,4,2023-06-27 00:00:00,,-1,-1,,-2,,,,,,29
6253,10,2023-06-27 00:00:00,LIC SUBODH DADA,-1,-1,,-2,,,,,,29
6254,10,2023-06-30 00:00:00,,-1,-1,,-2,,,,,,31
6255,6,2023-07-04 00:00:00,FASTAG,-1,-1,,-2,,,,,,31
6256,4,2023-06-30 00:00:00,,-1,-1,,-2,,,,,,31
6257,10,2023-06-03 00:00:00,SMC,-1,-1,,-2,,,,,,31
6258,10,2023-06-30 00:00:00,,-1,-1,,-2,,,,,,36
6259,10,2023-06-30 00:00:00,,-1,-1,,-2,,,,,,36
6260,10,2023-06-28 00:00:00,,-1,-1,,-2,,,,,,36
6261,4,2023-07-06 00:00:00,,-1,-1,,-2,,,,,,31
6262,4,2023-03-31 00:00:00,,-1,-1,,-2,,,,,,29
6263,4,2023-03-31 00:00:00,,-1,-1,,-2,,,,,,29
6264,4,2023-03-31 00:00:00,salary from enterprise 5k cash every month,-1,-1,,-2,,,,,,30
6265,4,2023-03-31 00:00:00,year end,-1,-1,,-2,,,,,,30
6266,4,2023-03-31 00:00:00,year end,-1,-1,,-2,,,,,,29
6268,4,2023-03-31 00:00:00,,-1,-1,,-2,,,,,,32
6270,4,2023-03-31 00:00:00,,-1,-1,,-2,,,,,,36
6271,4,2023-03-31 00:00:00,,-1,-1,,-2,,,,,,31
6272,4,2022-05-09 00:00:00,871 REC 28,-1,-1,,-2,,,,,,31
6275,4,2023-03-31 00:00:00,,-1,-1,,-2,,,,,,30
6276,4,2023-03-31 00:00:00,,-1,-1,,-2,,,,,,30
6277,4,2023-03-31 00:00:00,,-1,-1,,-2,,,,,,36
6278,4,2023-03-31 00:00:00,,-1,-1,,-2,,,,,,32
6279,4,2023-03-31 00:00:00,,-1,-1,,-2,,,,,,31
6280,4,2023-03-31 00:00:00,,-1,-1,,-2,,,,,,29
6281,4,2023-03-31 00:00:00,,-1,-1,,-2,,,,,,30
6282,4,2023-03-31 00:00:00,BAJAJ FD,-1,-1,,-2,,,,,,31
6283,4,2023-03-31 00:00:00,transfer,-1,-1,,-2,,,,,,30
6284,4,2023-03-31 00:00:00,finish hdfc,-1,-1,,-2,,,,,,30
6285,4,2023-03-31 00:00:00,finish rksv,-1,-1,,-2,,,,,,30
6286,4,2023-03-31 00:00:00,Year end JV to tranfer to capital account,-1,-1,,-2,,,,,,30
6287,4,2023-03-31 00:00:00,Year end JV to tranfer to capital account,-1,-1,,-2,,,,,,30
6288,4,2023-03-31 00:00:00,Year end JV to tranfer to capital account,-1,-1,,-2,,,,,,30
6289,4,2023-03-31 00:00:00,Year end JV to tranfer to capital account,-1,-1,,-2,,,,,,30
6290,4,2023-03-31 00:00:00,Year end JV to tranfer to capital account,-1,-1,,-2,,,,,,30
6291,4,2023-03-31 00:00:00,Year end JV to tranfer to capital account,-1,-1,,-2,,,,,,30
6292,4,2023-03-31 00:00:00,Year end JV to tranfer to capital account,-1,-1,,-2,,,,,,30
6293,4,2023-03-31 00:00:00,Year end JV to tranfer to capital account,-1,-1,,-2,,,,,,30
6294,4,2023-03-31 00:00:00,Year end JV to tranfer to capital account,-1,-1,,-2,,,,,,30
6295,4,2023-03-31 00:00:00,Year end JV to tranfer to capital account,-1,-1,,-2,,,,,,30
6296,4,2023-03-31 00:00:00,Year end JV to tranfer to capital account,-1,-1,,-2,,,,,,30
6297,4,2023-03-31 00:00:00,Year end JV to tranfer to capital account,-1,-1,,-2,,,,,,30
6298,4,2023-03-31 00:00:00,Year end JV to tranfer to capital account,-1,-1,,-2,,,,,,30
6299,4,2023-03-31 00:00:00,Year end JV to tranfer to capital account,-1,-1,,-2,,,,,,30
6300,4,2023-03-31 00:00:00,Year end JV to tranfer to capital account,-1,-1,,-2,,,,,,30
6301,4,2023-03-31 00:00:00,Year end JV to tranfer to capital account,-1,-1,,-2,,,,,,30
6302,4,2023-03-31 00:00:00,transfers,-1,-1,,-2,,,,,,32
6303,4,2023-03-31 00:00:00,Year end JV to tranfer to capital account,-1,-1,,-2,,,,,,32
6304,4,2023-03-31 00:00:00,Year end JV to tranfer to capital account,-1,-1,,-2,,,,,,32
6305,4,2023-03-31 00:00:00,Year end JV to tranfer to capital account,-1,-1,,-2,,,,,,32
6306,4,2023-03-31 00:00:00,Year end JV to tranfer to capital account,-1,-1,,-2,,,,,,32
6307,4,2023-03-31 00:00:00,Year end JV to tranfer to capital account,-1,-1,,-2,,,,,,32
6308,4,2023-03-31 00:00:00,Year end JV to tranfer to capital account,-1,-1,,-2,,,,,,32
6309,4,2023-03-31 00:00:00,Year end JV to tranfer to capital account,-1,-1,,-2,,,,,,32
6310,4,2023-03-31 00:00:00,Year end JV to tranfer to capital account,-1,-1,,-2,,,,,,32
6311,4,2023-03-31 00:00:00,income for the year 2022-23,-1,-1,,-2,,,,,,32
6312,4,2023-03-31 00:00:00,transfers,-1,-1,,-2,,,,,,29
6313,4,2023-03-31 00:00:00,could not transfer stock contract note charges,-1,-1,,-2,,,,,,29
6314,4,2023-03-31 00:00:00,finish hdfc,-1,-1,,-2,,,,,,29
6315,4,2023-03-31 00:00:00,finish rksv,-1,-1,,-2,,,,,,29
6316,4,2023-03-31 00:00:00,Year end JV to tranfer to capital account,-1,-1,,-2,,,,,,29
6317,4,2023-03-31 00:00:00,Year end JV to tranfer to capital account,-1,-1,,-2,,,,,,29
6318,4,2023-03-31 00:00:00,Year end JV to tranfer to capital account,-1,-1,,-2,,,,,,29
6319,4,2023-03-31 00:00:00,Year end JV to tranfer to capital account,-1,-1,,-2,,,,,,29
6321,4,2023-03-31 00:00:00,Year end JV to tranfer to capital account,-1,-1,,-2,,,,,,29
6322,4,2023-03-31 00:00:00,Year end JV to tranfer to capital account,-1,-1,,-2,,,,,,29
6323,4,2023-03-31 00:00:00,Year end JV to tranfer to capital account,-1,-1,,-2,,,,,,29
6324,4,2023-03-31 00:00:00,Year end JV to tranfer to capital account,-1,-1,,-2,,,,,,29
6325,4,2023-03-31 00:00:00,Year end JV to tranfer to capital account,-1,-1,,-2,,,,,,29
6326,4,2023-03-31 00:00:00,Year end JV to tranfer to capital account,-1,-1,,-2,,,,,,29
6327,4,2023-03-31 00:00:00,Year end JV to tranfer to capital account,-1,-1,,-2,,,,,,29
6328,4,2023-03-31 00:00:00,Year end JV to tranfer to capital account,-1,-1,,-2,,,,,,29
6329,4,2023-03-31 00:00:00,Year end JV to tranfer to capital account,-1,-1,,-2,,,,,,29
6330,4,2023-03-31 00:00:00,transfers,-1,-1,,-2,,,,,,31
6331,4,2023-03-31 00:00:00,finish hdfc,-1,-1,,-2,,,,,,31
6332,4,2023-03-31 00:00:00,finish rksv,-1,-1,,-2,,,,,,31
6333,4,2023-03-31 00:00:00,could not transfer,-1,-1,,-2,,,,,,31
6334,4,2023-03-31 00:00:00,,-1,-1,,-2,,,,,,31
6335,4,2023-03-31 00:00:00,Year end JV to tranfer to capital account,-1,-1,,-2,,,,,,31
6336,4,2023-03-31 00:00:00,Year end JV to tranfer to capital account,-1,-1,,-2,,,,,,31
6337,4,2023-03-31 00:00:00,Year end JV to tranfer to capital account,-1,-1,,-2,,,,,,31
6338,4,2023-03-31 00:00:00,Year end JV to tranfer to capital account,-1,-1,,-2,,,,,,31
6339,4,2023-03-31 00:00:00,Year end JV to tranfer to capital account,-1,-1,,-2,,,,,,31
6340,4,2023-03-31 00:00:00,Year end JV to tranfer to capital account,-1,-1,,-2,,,,,,31
6341,4,2023-03-31 00:00:00,Year end JV to tranfer to capital account,-1,-1,,-2,,,,,,31
6342,4,2023-03-31 00:00:00,Year end JV to tranfer to capital account,-1,-1,,-2,,,,,,31
6343,4,2023-03-31 00:00:00,Year end JV to tranfer to capital account,-1,-1,,-2,,,,,,31
6344,4,2023-03-31 00:00:00,Year end JV to tranfer to capital account,-1,-1,,-2,,,,,,31
6345,4,2023-03-31 00:00:00,Year end JV to tranfer to capital account,-1,-1,,-2,,,,,,31
6346,4,2023-03-31 00:00:00,Year end JV to tranfer to capital account,-1,-1,,-2,,,,,,31
6347,4,2023-03-31 00:00:00,Year end JV to tranfer to capital account,-1,-1,,-2,,,,,,31
6349,4,2023-03-31 00:00:00,Year end JV to tranfer to capital account,-1,-1,,-2,,,,,,31
6350,4,2023-03-31 00:00:00,Year end JV to tranfer to capital account,-1,-1,,-2,,,,,,31
6352,4,2023-03-31 00:00:00,Year end JV to tranfer to capital account,-1,-1,,-2,,,,,,31
6353,4,2023-03-31 00:00:00,transfer,-1,-1,,-2,,,,,,36
6354,4,2023-03-31 00:00:00,COULD NOT TRANSFER,-1,-1,,-2,,,,,,36
6355,4,2023-03-31 00:00:00,DUMMY,-1,-1,,-2,,,,,,36
6356,4,2023-03-31 00:00:00,Year end JV to tranfer to capital account,-1,-1,,-2,,,,,,36
6357,4,2023-03-31 00:00:00,Year end JV to tranfer to capital account,-1,-1,,-2,,,,,,36
6358,4,2023-03-31 00:00:00,Year end JV to tranfer to capital account,-1,-1,,-2,,,,,,36
6359,4,2023-03-31 00:00:00,Year end JV to tranfer to capital account,-1,-1,,-2,,,,,,36
6360,4,2023-03-31 00:00:00,Year end JV to tranfer to capital account,-1,-1,,-2,,,,,,36
6361,4,2023-03-31 00:00:00,Year end JV to tranfer to capital account,-1,-1,,-2,,,,,,36
6363,4,2023-03-31 00:00:00,Year end JV to tranfer to capital account,-1,-1,,-2,,,,,,36
6364,4,2023-03-31 00:00:00,Year end JV to tranfer to capital account,-1,-1,,-2,,,,,,36
6365,4,2023-03-31 00:00:00,Year end JV to tranfer to capital account,-1,-1,,-2,,,,,,36
6366,4,2023-03-31 00:00:00,Year end JV to tranfer to capital account,-1,-1,,-2,,,,,,36
6368,4,2023-03-31 00:00:00,Year end JV to tranfer to capital account,-1,-1,,-2,,,,,,36
6369,4,2023-03-31 00:00:00,Year end JV to tranfer to capital account,-1,-1,,-2,,,,,,36
6371,4,2023-03-31 00:00:00,Year end JV to tranfer to capital account,-1,-1,,-2,,,,,,36
6372,10,2023-03-31 00:00:00,,-1,-1,,-2,,,,,,31
6373,4,2023-03-31 00:00:00,dummy,-1,-1,,-2,,,,,,31
6374,4,2023-03-31 00:00:00,,-1,-1,,-2,,,,,,29
6375,4,2023-03-31 00:00:00,bajaj fd,-1,-1,,-2,,,,,,30
6376,4,2022-07-19 00:00:00,paid by prs for huf from sbi on 19-7-22,-1,-1,,-2,,,,,,30
6378,4,2023-03-31 00:00:00,,-1,-1,,-2,,,,,,30
6381,6,2022-05-11 00:00:00,insurance,-1,-1,,-2,,,,,,30
6382,10,2022-05-11 00:00:00,insuances,-1,-1,,-2,,,,,,29
6383,4,2022-05-11 00:00:00,,-1,-1,,-2,,,,,,30
6384,6,2022-05-11 00:00:00,,-1,-1,,-2,,,,,,29
6385,6,2023-02-16 00:00:00,,-1,-1,,-2,,,,,,29
6386,4,2023-03-31 00:00:00,Year end JV to tranfer to capital account,-1,-1,,-2,,,,,,30
6387,6,2023-03-31 00:00:00,,-1,-1,,-2,,,,,,31
6389,4,2023-03-31 00:00:00,,-1,-1,,-2,,,,,,31
6390,4,2023-03-31 00:00:00,salary for march os,-1,-1,,-2,,,,,,36
6391,10,2023-06-30 00:00:00,,-1,-1,,-2,,,,,,29
6392,10,2023-03-31 00:00:00,,-1,-1,,-2,,,,,,29
6393,10,2023-02-13 00:00:00,,-1,-1,,-2,,,,,,29
6394,10,2022-12-31 00:00:00,,-1,-1,,-2,,,,,,29
6395,10,2022-09-30 00:00:00,,-1,-1,,-2,,,,,,29
6397,6,2023-03-31 00:00:00,,-1,-1,,-2,,,,,,29
6398,6,2022-12-19 00:00:00,locker,-1,-1,,-2,,,,,,30
6399,10,2022-12-19 00:00:00,,-1,-1,,-2,,,,,,30
6401,6,2022-12-19 00:00:00,,-1,-1,,-2,,,,,,30
6402,6,2022-12-19 00:00:00,locker of fy 21-22 deducted on 1/7/21 but note taken in last year,-1,-1,,-2,,,,,,30
6403,6,2023-03-31 00:00:00,no hisab finish,-1,-1,,-2,,,,,,30
6404,10,2023-03-31 00:00:00,,-1,-1,,-2,,,,,,31
6405,10,2022-12-31 00:00:00,,-1,-1,,-2,,,,,,31
6406,6,2022-12-19 00:00:00,,-1,-1,,-2,,,,,,31
6407,10,2022-09-03 00:00:00,,-1,-1,,-2,,,,,,31
6408,10,2023-03-31 00:00:00,,-1,-1,,-2,,,,,,31
6409,10,2023-07-23 00:00:00,bank charge reversal,-1,-1,,-2,,,,,,31
6410,10,2023-06-30 00:00:00,,-1,-1,,-2,,,,,,31
6411,10,2023-03-31 00:00:00,no clue,-1,-1,,-2,,,,,,31
6412,4,2023-03-31 00:00:00,,-1,-1,,-2,,,,,,31
6413,4,2023-03-31 00:00:00,,-1,-1,,-2,,,,,,30
6414,4,2023-03-31 00:00:00,locker wrongly captured in ups ais. spoken to parag,-1,-1,,-2,,,,,,29
6415,4,2023-03-31 00:00:00,,-1,-1,,-2,,,,,,30
6416,4,2023-03-31 00:00:00,,-1,-1,,-2,,,,,,29
6417,4,2023-03-31 00:00:00,,-1,-1,,-2,,,,,,31
6420,4,2023-03-31 00:00:00,ACCRUED INT PAID WHILE PURCHASE,-1,-1,,-2,,,,,,31
6421,4,2023-03-31 00:00:00,RIL IEPF 200 SHARES @ 8,-1,-1,,-2,,,,,,29
6422,10,2022-06-25 00:00:00,,-1,-1,,-2,,,,,,36
6423,10,2022-07-23 00:00:00,,-1,-1,,-2,,,,,,36
6425,6,2023-03-31 00:00:00,,-1,-1,,-2,,,,,,36
6426,4,2022-05-10 00:00:00,,-1,-1,,-2,,,,,,31
6427,4,2023-03-31 00:00:00,Year end JV to tranfer to capital account,-1,-1,,-2,,,,,,31
6428,4,2023-03-31 00:00:00,Year end JV to tranfer to capital account,-1,-1,,-2,,,,,,31
6430,4,2023-03-31 00:00:00,Year end JV to tranfer to capital account,-1,-1,,-2,,,,,,29
6432,4,2023-03-31 00:00:00,Year end JV to tranfer to capital account,-1,-1,,-2,,,,,,36
6433,10,2023-02-05 00:00:00,,-1,-1,,-2,,,,,,36
6434,6,2023-03-31 00:00:00,not found,-1,-1,,-2,,,,,,36
6438,4,2023-03-31 00:00:00,Year end JV to tranfer to capital account,-1,-1,,-2,,,,,,36
6439,4,2023-03-31 00:00:00,,-1,-1,,-2,,,,,,31
6440,4,2023-03-31 00:00:00,Year end JV to tranfer to capital account,-1,-1,,-2,,,,,,31
6441,4,2023-03-31 00:00:00,,-1,-1,,-2,,,,,,31
6442,4,2023-03-31 00:00:00,,-1,-1,,-2,,,,,,32
6443,4,2022-03-31 00:00:00,,-1,-1,,-2,,,,,,36
6444,4,2022-03-31 00:00:00,Year end JV to tranfer to capital account,-1,-1,,-2,,,,,,36
6445,4,2022-03-31 00:00:00,Year end JV to tranfer to capital account,-1,-1,,-2,,,,,,36
6446,4,2022-08-03 00:00:00,"DUMMY 
TDS OF LAST YEAR FILED THIS YEAR BY DYPATIL",-1,-1,,-2,,,,,,36
6449,4,2023-03-31 00:00:00,,-1,-1,,-2,,,,,,36
6450,4,2023-03-31 00:00:00,,-1,-1,,-2,,,,,,36
6451,4,2023-03-31 00:00:00,CONVEYANCE,-1,-1,,-2,,,,,,36
6452,4,2023-03-31 00:00:00,Year end JV to tranfer to capital account,-1,-1,,-2,,,,,,36
6453,4,2023-03-31 00:00:00,Year end JV to tranfer to capital account,-1,-1,,-2,,,,,,36
6454,6,2023-07-29 00:00:00,,-1,-1,,-2,,,,,,29
6455,10,2023-07-28 00:00:00,,-1,-1,,-2,,,,,,29
6456,6,2023-07-28 00:00:00,,-1,-1,,-2,,,,,,29
6457,6,2023-07-27 00:00:00,,-1,-1,,-2,,,,,,29
6458,6,2023-07-27 00:00:00,,-1,-1,,-2,,,,,,29
6459,10,2023-07-26 00:00:00,,-1,-1,,-2,,,,,,29
6460,6,2023-07-25 00:00:00,,-1,-1,,-2,,,,,,29
6461,6,2023-07-25 00:00:00,,-1,-1,,-2,,,,,,29
6462,6,2023-07-17 00:00:00,,-1,-1,,-2,,,,,,29
6463,6,2023-07-16 00:00:00,,-1,-1,,-2,,,,,,29
6465,6,2023-07-14 00:00:00,,-1,-1,,-2,,,,,,29
6466,6,2023-07-29 00:00:00,,-1,-1,,-2,,,,,,31
6467,6,2023-07-25 00:00:00,,-1,-1,,-2,,,,,,31
6468,6,2023-07-21 00:00:00,,-1,-1,,-2,,,,,,31
6471,6,2023-07-17 00:00:00,,-1,-1,,-2,,,,,,31
6472,6,2023-07-17 00:00:00,,-1,-1,,-2,,,,,,31
6473,6,2023-07-17 00:00:00,,-1,-1,,-2,,,,,,31
6474,6,2023-07-17 00:00:00,,-1,-1,,-2,,,,,,31
6475,6,2023-07-17 00:00:00,,-1,-1,,-2,,,,,,31
6476,6,2023-07-17 00:00:00,,-1,-1,,-2,,,,,,31
6477,6,2023-07-15 00:00:00,,-1,-1,,-2,,,,,,31
6478,4,2023-07-14 00:00:00,,-1,-1,,-2,,,,,,31
6479,6,2023-07-13 00:00:00,,-1,-1,,-2,,,,,,31
6480,6,2023-07-12 00:00:00,,-1,-1,,-2,,,,,,31
6482,6,2023-07-11 00:00:00,,-1,-1,,-2,,,,,,31
6483,10,2023-07-10 00:00:00,sbi mf,-1,-1,,-2,,,,,,31
6484,6,2023-07-08 00:00:00,fastag,-1,-1,,-2,,,,,,31
6485,10,2023-07-07 00:00:00,can rob,-1,-1,,-2,,,,,,31
6486,10,2023-07-07 00:00:00,quant,-1,-1,,-2,,,,,,31
6487,10,2023-07-06 00:00:00,nippon,-1,-1,,-2,,,,,,31
6488,10,2023-07-07 00:00:00,ppfas,-1,-1,,-2,,,,,,31
6489,6,2023-07-21 00:00:00,irctc,-1,-1,,-2,,,,,,36
6490,6,2023-07-20 00:00:00,shopping k imumz,-1,-1,,-2,,,,,,36
6491,10,2023-07-18 00:00:00,yuvaan,-1,-1,,-2,,,,,,36
6492,10,2023-07-17 00:00:00,,-1,-1,,-2,,,,,,36
6493,4,2023-07-12 00:00:00,,-1,-1,,-2,,,,,,36
6494,6,2023-07-25 00:00:00,,-1,-1,,-2,,,,,,30
6498,6,2023-07-17 00:00:00,,-1,-1,,-2,,,,,,30
6499,10,2023-07-17 00:00:00,,-1,-1,,-2,,,,,,30
6500,6,2023-07-14 00:00:00,,-1,-1,,-2,,,,,,30
6501,10,2023-07-14 00:00:00,,-1,-1,,-2,,,,,,30
6502,6,2023-07-12 00:00:00,,-1,-1,,-2,,,,,,30
6503,10,2023-07-08 00:00:00,,-1,-1,,-2,,,,,,30
6504,6,2023-07-29 00:00:00,prs mobile,-1,-1,,-2,,,,,,31
6506,10,2023-07-25 00:00:00,,-1,-1,,-2,,,,,,31
6507,10,2023-07-13 00:00:00,,-1,-1,,-2,,,,,,31
6508,10,2023-07-07 00:00:00,,-1,-1,,-2,,,,,,31
6509,10,2023-07-04 00:00:00,,-1,-1,,-2,,,,,,31
6511,10,2023-06-30 00:00:00,,-1,-1,,-2,,,,,,31
6513,6,2023-07-12 00:00:00,CRED,-1,-1,,-2,,,,,,31
6514,10,2023-06-30 00:00:00,,-1,-1,,-2,,,,,,30
6517,10,2023-07-07 00:00:00,,-1,-1,,-2,,,,,,29
6519,6,2023-07-05 00:00:00,,-1,-1,,-2,,,,,,29
6520,10,2023-07-04 00:00:00,,-1,-1,,-2,,,,,,29
6523,10,2023-06-30 00:00:00,,-1,-1,,-2,,,,,,29
6525,4,2023-07-13 00:00:00,,-1,-1,,-2,,,,,,36
6526,4,2023-06-12 00:00:00,LWP - HOUSEHOLD,-1,-1,,-2,,,,,,36
6527,6,2023-08-11 00:00:00,,-1,-1,,-2,,,,,,29
6531,4,2023-08-07 00:00:00,,-1,-1,,-2,,,,,,30
6533,10,2023-08-18 00:00:00,,-1,-1,,-2,,,,,,31
6534,6,2023-08-12 00:00:00,,-1,-1,,-2,,,,,,31
6535,10,2023-08-11 00:00:00,,-1,-1,,-2,,,,,,31
6536,10,2023-08-11 00:00:00,,-1,-1,,-2,,,,,,31
6537,4,2023-08-11 00:00:00,,-1,-1,,-2,,,,,,31
6538,10,2023-08-08 00:00:00,Can Rob,-1,-1,,-2,,,,,,31
6539,10,2023-08-07 00:00:00,SBI MF,-1,-1,,-2,,,,,,31
6540,10,2023-08-07 00:00:00,Nippon,-1,-1,,-2,,,,,,31
6541,10,2023-08-07 00:00:00,PPFAS,-1,-1,,-2,,,,,,31
6542,6,2023-08-07 00:00:00,,-1,-1,,-2,,,,,,31
6543,10,2023-08-07 00:00:00,Quant,-1,-1,,-2,,,,,,31
6544,4,2023-08-02 00:00:00,,-1,-1,,-2,,,,,,31
6545,10,2023-07-31 00:00:00,,-1,-1,,-2,,,,,,31
6546,10,2023-08-14 00:00:00,,-1,-1,,-2,,,,,,36
6547,10,2023-08-18 00:00:00,,-1,-1,,-2,,,,,,32
6548,4,2023-07-28 00:00:00,,-1,-1,,-2,,,,,,32
6549,6,2023-07-17 00:00:00,,-1,-1,,-2,,,,,,32
6550,10,2023-07-17 00:00:00,,-1,-1,,-2,,,,,,32
6551,6,2023-07-17 00:00:00,,-1,-1,,-2,,,,,,32
6552,10,2023-07-17 00:00:00,,-1,-1,,-2,,,,,,32
6553,6,2023-07-13 00:00:00,,-1,-1,,-2,,,,,,32
6554,10,2023-07-13 00:00:00,,-1,-1,,-2,,,,,,32
6555,6,2023-07-12 00:00:00,,-1,-1,,-2,,,,,,32
6556,6,2023-08-19 00:00:00,,-1,-1,,-2,,,,,,31
6557,10,2023-08-19 00:00:00,,-1,-1,,-2,,,,,,29
6558,10,2023-07-31 00:00:00,,-1,-1,,-2,,,,,,30
6560,10,2023-07-31 00:00:00,,-1,-1,,-2,,,,,,31
6561,10,2023-08-07 00:00:00,,-1,-1,,-2,,,,,,31
6567,10,2023-07-31 00:00:00,,-1,-1,,-2,,,,,,29
6572,6,2023-08-19 00:00:00,,-1,-1,,-2,,,,,,32
6573,10,2023-08-19 00:00:00,,-1,-1,,-2,,,,,,31
6574,10,2023-08-19 00:00:00,,-1,-1,,-2,,,,,,29
6575,10,2023-09-14 00:00:00,,-1,-1,,-2,,,,,,29
6576,6,2023-09-12 00:00:00,,-1,-1,,-2,,,,,,29
6577,6,2023-09-12 00:00:00,,-1,-1,,-2,,,,,,29
6578,6,2023-09-12 00:00:00,,-1,-1,,-2,,,,,,29
6579,4,2023-09-12 00:00:00,,-1,-1,,-2,,,,,,29
6580,6,2023-09-11 00:00:00,,-1,-1,,-2,,,,,,29
6581,6,2023-09-11 00:00:00,,-1,-1,,-2,,,,,,29
6582,6,2023-09-11 00:00:00,,-1,-1,,-2,,,,,,29
6583,6,2023-09-11 00:00:00,,-1,-1,,-2,,,,,,29
6584,10,2023-09-11 00:00:00,,-1,-1,,-2,,,,,,29
6585,6,2023-09-11 00:00:00,,-1,-1,,-2,,,,,,29
6586,6,2023-09-09 00:00:00,,-1,-1,,-2,,,,,,29
6587,6,2023-09-07 00:00:00,,-1,-1,,-2,,,,,,29
6588,6,2023-09-07 00:00:00,,-1,-1,,-2,,,,,,29
6589,6,2023-09-07 00:00:00,,-1,-1,,-2,,,,,,29
6590,6,2023-09-07 00:00:00,,-1,-1,,-2,,,,,,29
6591,6,2023-09-07 00:00:00,,-1,-1,,-2,,,,,,29
6592,10,2023-09-07 00:00:00,,-1,-1,,-2,,,,,,29
6593,6,2023-09-04 00:00:00,,-1,-1,,-2,,,,,,29
6594,6,2023-09-04 00:00:00,,-1,-1,,-2,,,,,,29
6595,4,2023-09-04 00:00:00,,-1,-1,,-2,,,,,,29
6596,10,2023-09-01 00:00:00,,-1,-1,,-2,,,,,,29
6597,10,2023-09-01 00:00:00,,-1,-1,,-2,,,,,,29
6598,10,2023-09-01 00:00:00,,-1,-1,,-2,,,,,,29
6599,10,2023-08-30 00:00:00,kalyani steels,-1,-1,,-2,,,,,,29
6600,10,2023-08-29 00:00:00,,-1,-1,,-2,,,,,,29
6601,10,2023-08-28 00:00:00,refund,-1,-1,,-2,,,,,,29
6602,10,2023-08-27 00:00:00,,-1,-1,,-2,,,,,,29
6603,10,2023-08-24 00:00:00,,-1,-1,,-2,,,,,,29
6604,10,2023-09-20 00:00:00,,-1,-1,,-2,,,,,,31
6605,6,2023-09-17 00:00:00,cc,-1,-1,,-2,,,,,,31
6606,6,2023-09-14 00:00:00,,-1,-1,,-2,,,,,,31
6607,6,2023-09-14 00:00:00,,-1,-1,,-2,,,,,,31
6608,6,2023-09-14 00:00:00,,-1,-1,,-2,,,,,,31
6609,6,2023-09-14 00:00:00,,-1,-1,,-2,,,,,,31
6610,10,2023-09-14 00:00:00,,-1,-1,,-2,,,,,,31
6611,10,2023-09-11 00:00:00,,-1,-1,,-2,,,,,,31
6612,10,2023-09-11 00:00:00,,-1,-1,,-2,,,,,,31
6613,6,2023-09-08 00:00:00,car insurance,-1,-1,,-2,,,,,,31
6614,10,2023-09-08 00:00:00,,-1,-1,,-2,,,,,,31
6615,6,2023-09-08 00:00:00,,-1,-1,,-2,,,,,,31
6616,10,2023-09-08 00:00:00,,-1,-1,,-2,,,,,,31
6617,10,2023-09-07 00:00:00,SBI,-1,-1,,-2,,,,,,31
6618,10,2023-09-07 00:00:00,CANARA,-1,-1,,-2,,,,,,31
6619,10,2023-09-06 00:00:00,PPFAS,-1,-1,,-2,,,,,,31
6620,10,2023-09-06 00:00:00,NIPPON,-1,-1,,-2,,,,,,31
6621,10,2023-09-06 00:00:00,QUANT MF,-1,-1,,-2,,,,,,31
6622,6,2023-09-04 00:00:00,FASTAG,-1,-1,,-2,,,,,,31
6623,6,2023-09-02 00:00:00,FASTAG,-1,-1,,-2,,,,,,31
6624,10,2023-08-30 00:00:00,SMC,-1,-1,,-2,,,,,,31
6625,4,2023-08-30 00:00:00,,-1,-1,,-2,,,,,,31
6626,10,2023-08-29 00:00:00,REFUND,-1,-1,,-2,,,,,,31
6627,6,2023-08-25 00:00:00,FASTAG,-1,-1,,-2,,,,,,31
6630,4,2023-09-14 00:00:00,,-1,-1,,-2,,,,,,32
6631,10,2023-09-14 00:00:00,,-1,-1,,-2,,,,,,32
6632,10,2023-09-14 00:00:00,,-1,-1,,-2,,,,,,32
6633,6,2023-09-11 00:00:00,,-1,-1,,-2,,,,,,32
6634,4,2023-09-08 00:00:00,,-1,-1,,-2,,,,,,32
6635,4,2023-09-07 00:00:00,,-1,-1,,-2,,,,,,32
6636,10,2023-09-07 00:00:00,,-1,-1,,-2,,,,,,32
6637,4,2023-09-05 00:00:00,,-1,-1,,-2,,,,,,32
6638,10,2023-09-04 00:00:00,,-1,-1,,-2,,,,,,32
6639,10,2023-09-01 00:00:00,,-1,-1,,-2,,,,,,32
6640,4,2023-09-18 00:00:00,,-1,-1,,-2,,,,,,36
6641,10,2023-09-14 00:00:00,,-1,-1,,-2,,,,,,36
6642,10,2023-09-14 00:00:00,,-1,-1,,-2,,,,,,36
6643,10,2023-09-12 00:00:00,,-1,-1,,-2,,,,,,36
6644,10,2023-09-11 00:00:00,,-1,-1,,-2,,,,,,36
6645,10,2023-09-11 00:00:00,,-1,-1,,-2,,,,,,36
6646,4,2023-09-08 00:00:00,,-1,-1,,-2,,,,,,36
6647,10,2023-09-07 00:00:00,,-1,-1,,-2,,,,,,36
6648,4,2023-09-07 00:00:00,,-1,-1,,-2,,,,,,36
6649,10,2023-09-04 00:00:00,,-1,-1,,-2,,,,,,36
6650,10,2023-08-30 00:00:00,INTEREST ON INCOME TAX REFUND,-1,-1,,-2,,,,,,36
6651,10,2023-08-19 00:00:00,,-1,-1,,-2,,,,,,36
6652,4,2023-09-17 00:00:00,,-1,-1,,-2,,,,,,30
6653,4,2023-09-17 00:00:00,,-1,-1,,-2,,,,,,30
6654,10,2023-09-14 00:00:00,,-1,-1,,-2,,,,,,30
6655,10,2023-09-12 00:00:00,,-1,-1,,-2,,,,,,30
6656,10,2023-09-11 00:00:00,,-1,-1,,-2,,,,,,30
6658,10,2023-09-07 00:00:00,,-1,-1,,-2,,,,,,30
6659,10,2023-09-04 00:00:00,,-1,-1,,-2,,,,,,30
6665,6,2023-09-26 00:00:00,,-1,-1,,-2,,,,,,36
6666,6,2023-09-26 00:00:00,,-1,-1,,-2,,,,,,36
6667,10,2023-09-26 00:00:00,,-1,-1,,-2,,,,,,31
6668,10,2023-09-26 00:00:00,,-1,-1,,-2,,,,,,29
6669,6,2023-09-26 00:00:00,,-1,-1,,-2,,,,,,30
6670,10,2023-09-26 00:00:00,,-1,-1,,-2,,,,,,31
6671,6,2023-09-25 00:00:00,,-1,-1,,-2,,,,,,31
6672,6,2023-09-22 00:00:00,,-1,-1,,-2,,,,,,31
6677,10,2023-08-05 00:00:00,,-1,-1,,-2,,,,,,32
6678,10,2023-07-26 00:00:00,,-1,-1,,-2,,,,,,32
6685,10,2023-05-03 00:00:00,,-1,-1,,-2,,,,,,32
6686,6,2023-09-26 00:00:00,,-1,-1,,-2,,,,,,32
6687,10,2023-09-26 00:00:00,,-1,-1,,-2,,,,,,31
6688,6,2023-09-26 00:00:00,,-1,-1,,-2,,,,,,31
6689,10,2023-09-26 00:00:00,,-1,-1,,-2,,,,,,29
6691,10,2023-08-31 00:00:00,,-1,-1,,-2,,,,,,29
6696,6,2023-09-25 00:00:00,,-1,-1,,-2,,,,,,29
6697,10,2023-09-23 00:00:00,sunil courier,-1,-1,,-2,,,,,,29
6698,10,2023-09-23 00:00:00,raskhabandhan sunil,-1,-1,,-2,,,,,,29
6699,6,2023-09-22 00:00:00,,-1,-1,,-2,,,,,,29
6700,10,2023-09-27 00:00:00,SV SHAH,-1,-1,,-2,,,,,,31
6701,10,2023-09-29 00:00:00,smc,-1,-1,,-2,,,,,,31
6702,10,2023-09-29 00:00:00,,-1,-1,,-2,,,,,,31
6703,10,2023-09-30 00:00:00,,-1,-1,,-2,,,,,,31
6704,10,2023-09-30 00:00:00,,-1,-1,,-2,,,,,,36
6705,10,2023-09-29 00:00:00,sps phone,-1,-1,,-2,,,,,,36
6706,4,2023-10-03 00:00:00,,-1,-1,,-2,,,,,,29
6707,10,2023-10-04 00:00:00,,-1,-1,,-2,,,,,,29
6708,10,2023-09-30 00:00:00,,-1,-1,,-2,,,,,,29
6709,10,2023-09-30 00:00:00,,-1,-1,,-2,,,,,,29
6710,10,2023-09-27 00:00:00,sv shah,-1,-1,,-2,,,,,,29
6711,10,2023-09-26 00:00:00,LLOYD,-1,-1,,-2,,,,,,29
6712,10,2023-09-30 00:00:00,,-1,-1,,-2,,,,,,30
6713,10,2023-09-26 00:00:00,Lloyd steels,-1,-1,,-2,,,,,,30
6714,4,2023-10-04 00:00:00,,-1,-1,,-2,,,,,,32
6715,10,2023-09-25 00:00:00,,-1,-1,,-2,,,,,,31
6716,10,2023-07-27 00:00:00,sunil for tambaku,-1,-1,,-2,,,,,,31
6717,10,2023-06-25 00:00:00,,-1,-1,,-2,,,,,,31
6718,10,2023-09-25 00:00:00,,-1,-1,,-2,,,,,,30
6719,10,2023-06-25 00:00:00,,-1,-1,,-2,,,,,,30
6720,10,2023-10-04 00:00:00,,-1,-1,,-2,,,,,,30
6721,10,2023-10-04 00:00:00,,-1,-1,,-2,,,,,,31
6722,6,2023-10-11 00:00:00,,-1,-1,,-2,,,,,,32
6723,10,2023-10-10 00:00:00,,-1,-1,,-2,,,,,,31
6724,10,2023-10-09 00:00:00,PPFAS,-1,-1,,-2,,,,,,31
6725,10,2023-10-09 00:00:00,SBI,-1,-1,,-2,,,,,,31
6726,10,2023-10-09 00:00:00,DSP,-1,-1,,-2,,,,,,31
6727,10,2023-10-09 00:00:00,,-1,-1,,-2,,,,,,31
6728,6,2023-10-09 00:00:00,HUF PAN CARD,-1,-1,,-2,,,,,,31
6729,10,2023-10-08 00:00:00,,-1,-1,,-2,,,,,,31
6730,10,2023-10-06 00:00:00,MOTILAL,-1,-1,,-2,,,,,,31
6731,10,2023-10-05 00:00:00,NIPPON,-1,-1,,-2,,,,,,31
6732,10,2023-10-05 00:00:00,QUANT,-1,-1,,-2,,,,,,31
6733,6,2023-10-04 00:00:00,,-1,-1,,-2,,,,,,31
6734,10,2023-10-04 00:00:00,,-1,-1,,-2,,,,,,31
6735,6,2023-10-11 00:00:00,,-1,-1,,-2,,,,,,31
6736,10,2023-10-10 00:00:00,CAN ROB,-1,-1,,-2,,,,,,31
6737,10,2023-10-05 00:00:00,,-1,-1,,-2,,,,,,31
6738,6,2023-10-06 00:00:00,IRCTC,-1,-1,,-2,,,,,,36
6739,6,2023-10-04 00:00:00,IRCTC,-1,-1,,-2,,,,,,36
6740,6,2023-10-04 00:00:00,IRCTC,-1,-1,,-2,,,,,,36
6741,6,2023-10-04 00:00:00,IRCTC,-1,-1,,-2,,,,,,36
6742,10,2023-10-05 00:00:00,,-1,-1,,-2,,,,,,29
6743,10,2023-10-04 00:00:00,,-1,-1,,-2,,,,,,31
6744,10,2023-10-03 00:00:00,,-1,-1,,-2,,,,,,31
6745,10,2023-10-04 00:00:00,,-1,-1,,-2,,,,,,31
6746,10,2023-10-30 00:00:00,,-1,-1,,-2,,,,,,31
6748,10,2023-09-08 00:00:00,,-1,-1,,-2,,,,,,31
6749,10,2023-08-31 00:00:00,,-1,-1,,-2,,,,,,31
6750,6,2023-08-30 00:00:00,,-1,-1,,-2,,,,,,31
6752,10,2023-08-19 00:00:00,,-1,-1,,-2,,,,,,31
6753,10,2023-09-30 00:00:00,,-1,-1,,-2,,,,,,30
6754,10,2023-08-30 00:00:00,,-1,-1,,-2,,,,,,30
6755,10,2023-10-07 00:00:00,,-1,-1,,-2,,,,,,29
6756,6,2023-10-06 00:00:00,,-1,-1,,-2,,,,,,29
6757,6,2023-10-05 00:00:00,,-1,-1,,-2,,,,,,29
6758,10,2023-09-30 00:00:00,,-1,-1,,-2,,,,,,29
6759,4,2023-10-12 00:00:00,,-1,-1,,-2,,,,,,31
6760,6,2023-10-18 00:00:00,,-1,-1,,-2,,,,,,31
6761,10,2023-10-22 00:00:00,,-1,-1,,-2,,,,,,31
6762,6,2023-10-23 00:00:00,fastag,-1,-1,,-2,,,,,,31
6763,6,2023-10-28 00:00:00,,-1,-1,,-2,,,,,,31
6764,10,2023-10-31 00:00:00,reliance,-1,-1,,-2,,,,,,31
6765,10,2023-10-31 00:00:00,smc,-1,-1,,-2,,,,,,31
6766,6,2023-11-01 00:00:00,fastag,-1,-1,,-2,,,,,,31
6767,10,2023-11-02 00:00:00,national sec.,-1,-1,,-2,,,,,,31
6768,10,2023-11-02 00:00:00,,-1,-1,,-2,,,,,,31
6769,6,2023-11-03 00:00:00,,-1,-1,,-2,,,,,,31
6770,6,2023-11-06 00:00:00,,-1,-1,,-2,,,,,,31
6771,6,2023-11-06 00:00:00,,-1,-1,,-2,,,,,,31
6772,6,2023-11-06 00:00:00,,-1,-1,,-2,,,,,,31
6773,6,2023-11-06 00:00:00,,-1,-1,,-2,,,,,,31
6774,10,2023-11-06 00:00:00,,-1,-1,,-2,,,,,,31
6775,10,2023-11-06 00:00:00,ppfas,-1,-1,,-2,,,,,,31
6776,10,2023-11-07 00:00:00,,-1,-1,,-2,,,,,,31
6777,6,2023-11-07 00:00:00,,-1,-1,,-2,,,,,,31
6778,10,2023-11-07 00:00:00,icici,-1,-1,,-2,,,,,,31
6779,10,2023-11-07 00:00:00,hdfc,-1,-1,,-2,,,,,,31
6780,10,2023-11-07 00:00:00,,-1,-1,,-2,,,,,,31
6781,10,2023-11-07 00:00:00,sbi,-1,-1,,-2,,,,,,31
6782,10,2023-11-08 00:00:00,canara,-1,-1,,-2,,,,,,31
6783,10,2023-11-08 00:00:00,kmamc,-1,-1,,-2,,,,,,31
6784,6,2023-11-10 00:00:00,,-1,-1,,-2,,,,,,31
6785,10,2023-11-11 00:00:00,,-1,-1,,-2,,,,,,31
6786,6,2023-11-16 00:00:00,,-1,-1,,-2,,,,,,31
6787,6,2023-11-20 00:00:00,,-1,-1,,-2,,,,,,31
6788,6,2023-11-20 00:00:00,,-1,-1,,-2,,,,,,31
6789,6,2023-11-21 00:00:00,,-1,-1,,-2,,,,,,31
6790,6,2023-11-21 00:00:00,cardpay,-1,-1,,-2,,,,,,31
6791,6,2023-11-21 00:00:00,,-1,-1,,-2,,,,,,31
6792,10,2023-11-21 00:00:00,,-1,-1,,-2,,,,,,31
6793,6,2023-11-22 00:00:00,,-1,-1,,-2,,,,,,31
6794,6,2023-11-22 00:00:00,,-1,-1,,-2,,,,,,31
6795,6,2023-11-22 00:00:00,,-1,-1,,-2,,,,,,31
6796,6,2023-11-22 00:00:00,,-1,-1,,-2,,,,,,31
6797,4,2023-11-21 00:00:00,,-1,-1,,-2,,,,,,31
6798,4,2023-11-22 00:00:00,,-1,-1,,-2,,,,,,31
6799,6,2023-11-22 00:00:00,,-1,-1,,-2,,,,,,31
6800,6,2023-11-22 00:00:00,,-1,-1,,-2,,,,,,31
6801,6,2023-11-25 00:00:00,,-1,-1,,-2,,,,,,31
6802,10,2023-11-27 00:00:00,,-1,-1,,-2,,,,,,31
6804,10,2023-11-28 00:00:00,national sec.,-1,-1,,-2,,,,,,31
6805,10,2023-11-29 00:00:00,smc,-1,-1,,-2,,,,,,31
6806,6,2023-11-29 00:00:00,,-1,-1,,-2,,,,,,31
6807,6,2023-11-30 00:00:00,,-1,-1,,-2,,,,,,31
6808,10,2023-12-01 00:00:00,national sec.,-1,-1,,-2,,,,,,31
6809,10,2023-10-11 00:00:00,,-1,-1,,-2,,,,,,36
6810,10,2023-10-14 00:00:00,reliance,-1,-1,,-2,,,,,,36
6811,10,2023-10-14 00:00:00,,-1,-1,,-2,,,,,,36
6812,10,2023-10-15 00:00:00,,-1,-1,,-2,,,,,,36
6813,10,2023-10-16 00:00:00,purvi,-1,-1,,-2,,,,,,36
6814,10,2023-10-20 00:00:00,amazon,-1,-1,,-2,,,,,,36
6815,6,2023-10-28 00:00:00,irctc,-1,-1,,-2,,,,,,36
6816,10,2023-10-30 00:00:00,amazon,-1,-1,,-2,,,,,,36
6817,4,2023-11-27 00:00:00,,-1,-1,,-2,,,,,,36
6818,6,2023-11-05 00:00:00,,-1,-1,,-2,,,,,,36
6819,10,2023-11-10 00:00:00,,-1,-1,,-2,,,,,,36
6820,6,2023-11-10 00:00:00,card pay,-1,-1,,-2,,,,,,36
6821,4,2023-11-17 00:00:00,,-1,-1,,-2,,,,,,36
6822,6,2023-11-18 00:00:00,,-1,-1,,-2,,,,,,36
6823,4,2023-11-21 00:00:00,,-1,-1,,-2,,,,,,36
6824,10,2023-11-22 00:00:00,,-1,-1,,-2,,,,,,36
6825,4,2023-10-31 00:00:00,,-1,-1,,-2,,,,,,36
6826,10,2023-10-11 00:00:00,,-1,-1,,-2,,,,,,30
6828,10,2023-10-27 00:00:00,,-1,-1,,-2,,,,,,30
6829,6,2023-11-06 00:00:00,,-1,-1,,-2,,,,,,30
6830,4,2023-11-08 00:00:00,,-1,-1,,-2,,,,,,30
6833,6,2023-11-16 00:00:00,,-1,-1,,-2,,,,,,30
6834,6,2023-11-20 00:00:00,,-1,-1,,-2,,,,,,30
6835,10,2023-11-22 00:00:00,,-1,-1,,-2,,,,,,30
6836,6,2023-11-22 00:00:00,,-1,-1,,-2,,,,,,30
6839,6,2023-11-29 00:00:00,,-1,-1,,-2,,,,,,30
6840,6,2023-11-30 00:00:00,,-1,-1,,-2,,,,,,30
6841,10,2023-10-17 00:00:00,meesho,-1,-1,,-2,,,,,,29
6842,4,2023-10-22 00:00:00,,-1,-1,,-2,,,,,,29
6843,10,2023-10-23 00:00:00,,-1,-1,,-2,,,,,,29
6844,6,2023-10-28 00:00:00,,-1,-1,,-2,,,,,,29
6845,4,2023-11-03 00:00:00,,-1,-1,,-2,,,,,,29
6846,10,2023-11-06 00:00:00,,-1,-1,,-2,,,,,,29
6847,6,2023-11-06 00:00:00,,-1,-1,,-2,,,,,,29
6848,6,2023-11-20 00:00:00,,-1,-1,,-2,,,,,,29
6849,6,2023-11-21 00:00:00,,-1,-1,,-2,,,,,,29
6850,4,2023-11-22 00:00:00,,-1,-1,,-2,,,,,,29
6851,10,2023-11-22 00:00:00,,-1,-1,,-2,,,,,,29
6852,10,2023-11-23 00:00:00,,-1,-1,,-2,,,,,,29
6853,10,2023-11-23 00:00:00,,-1,-1,,-2,,,,,,29
6854,4,2023-11-24 00:00:00,,-1,-1,,-2,,,,,,29
6855,10,2023-11-24 00:00:00,,-1,-1,,-2,,,,,,29
6857,6,2023-10-04 00:00:00,,-1,-1,,-2,,,,,,32
6858,6,2023-10-13 00:00:00,,-1,-1,,-2,,,,,,32
6859,6,2023-11-02 00:00:00,,-1,-1,,-2,,,,,,32
6860,6,2023-11-06 00:00:00,,-1,-1,,-2,,,,,,32
6861,6,2023-11-16 00:00:00,,-1,-1,,-2,,,,,,32
6862,6,2023-11-20 00:00:00,,-1,-1,,-2,,,,,,32
6863,6,2023-11-22 00:00:00,,-1,-1,,-2,,,,,,32
6864,6,2023-11-28 00:00:00,,-1,-1,,-2,,,,,,32
6865,6,2023-11-29 00:00:00,,-1,-1,,-2,,,,,,32
6866,6,2023-11-30 00:00:00,,-1,-1,,-2,,,,,,32
6867,10,2023-11-28 00:00:00,,-1,-1,,-2,,,,,,32
6868,10,2023-11-22 00:00:00,,-1,-1,,-2,,,,,,32
6869,4,2023-11-22 00:00:00,,-1,-1,,-2,,,,,,32
6870,10,2023-11-22 00:00:00,,-1,-1,,-2,,,,,,32
6871,10,2023-11-22 00:00:00,,-1,-1,,-2,,,,,,32
6872,10,2023-11-21 00:00:00,,-1,-1,,-2,,,,,,32
6873,6,2023-11-21 00:00:00,,-1,-1,,-2,,,,,,32
6874,10,2023-11-06 00:00:00,,-1,-1,,-2,,,,,,32
6875,10,2023-09-30 00:00:00,,-1,-1,,-2,,,,,,32
6876,6,2023-11-09 00:00:00,,-1,-1,,-2,,,,,,32
6877,10,2023-10-31 00:00:00,,-1,-1,,-2,,,,,,30
6878,10,2023-11-30 00:00:00,,-1,-1,,-2,,,,,,30
6879,6,2023-11-24 00:00:00,,-1,-1,,-2,,,,,,29
6883,10,2023-10-31 00:00:00,,-1,-1,,-2,,,,,,29
6886,10,2023-11-30 00:00:00,,-1,-1,,-2,,,,,,29
6890,6,2023-10-12 00:00:00,,-1,-1,,-2,,,,,,31
6892,10,2023-10-14 00:00:00,CREDDREMPLUG,-1,-1,,-2,,,,,,31
6893,6,2023-10-16 00:00:00,,-1,-1,,-2,,,,,,31
6896,10,2023-10-30 00:00:00,CREDDRAMPLUG,-1,-1,,-2,,,,,,31
6897,10,2023-10-31 00:00:00,,-1,-1,,-2,,,,,,31
6898,10,2023-11-18 00:00:00,,-1,-1,,-2,,,,,,31
6899,6,2023-11-21 00:00:00,,-1,-1,,-2,,,,,,31
6900,10,2023-11-25 00:00:00,,-1,-1,,-2,,,,,,31
6901,10,2023-11-30 00:00:00,,-1,-1,,-2,,,,,,31
6902,10,2023-12-05 00:00:00,,-1,-1,,-2,,,,,,31
6903,10,2023-12-05 00:00:00,,-1,-1,,-2,,,,,,31
6904,10,2023-12-05 00:00:00,quant,-1,-1,,-2,,,,,,31
6906,6,2023-11-25 00:00:00,SMALLCASE,-1,-1,,-2,,,,,,31
6907,10,2023-11-27 00:00:00,,-1,-1,,-2,,,,,,31
6908,6,2023-12-05 00:00:00,,-1,-1,,-2,,,,,,36
6909,6,2023-12-05 00:00:00,,-1,-1,,-2,,,,,,36
6910,6,2023-12-06 00:00:00,,-1,-1,,-2,,,,,,30
6911,10,2023-12-06 00:00:00,,-1,-1,,-2,,,,,,29
6912,10,2023-12-06 00:00:00,SBI BOND REDEMPTION,-1,-1,,-2,,,,,,30
6913,10,2023-12-06 00:00:00,,-1,-1,,-2,,,,,,31
6914,6,2023-12-06 00:00:00,,-1,-1,,-2,,,,,,30
6915,10,2023-12-06 00:00:00,,-1,-1,,-2,,,,,,31
6916,6,2023-12-06 00:00:00,,-1,-1,,-2,,,,,,29
6917,6,2023-12-06 00:00:00,,-1,-1,,-2,,,,,,32
6918,10,2023-12-06 00:00:00,,-1,-1,,-2,,,,,,29
6919,10,2023-10-27 00:00:00,,-1,-1,,-2,,,,,,32
6920,10,2023-10-05 00:00:00,,-1,-1,,-2,,,,,,32
6921,10,2023-11-04 00:00:00,,-1,-1,,-2,,,,,,32
6922,4,2023-12-15 00:00:00,,-1,-1,,-2,,,,,,32
6923,10,2023-12-15 00:00:00,,-1,-1,,-2,,,,,,30
6924,6,2023-12-06 00:00:00,,-1,-1,,-2,,,,,,30
6925,6,2023-12-06 00:00:00,,-1,-1,,-2,,,,,,30
6926,10,2023-12-05 00:00:00,,-1,-1,,-2,,,,,,30
6927,4,2023-11-05 00:00:00,,-1,-1,,-2,,,,,,30
6928,4,2023-12-04 00:00:00,////????,-1,-1,,-2,,,,,,30
6929,10,2023-12-22 00:00:00,,-1,-1,,-2,,,,,,29
6930,6,2023-12-15 00:00:00,,-1,-1,,-2,,,,,,29
6931,6,2023-12-15 00:00:00,,-1,-1,,-2,,,,,,29
6932,10,2023-12-12 00:00:00,,-1,-1,,-2,,,,,,29
6933,10,2023-12-08 00:00:00,,-1,-1,,-2,,,,,,29
6934,10,2023-12-15 00:00:00,,-1,-1,,-2,,,,,,36
6935,10,2023-12-15 00:00:00,,-1,-1,,-2,,,,,,36
6936,4,2023-12-13 00:00:00,,-1,-1,,-2,,,,,,36
6937,4,2023-12-14 00:00:00,,-1,-1,,-2,,,,,,36
6938,6,2023-12-16 00:00:00,,-1,-1,,-2,,,,,,36
6939,6,2023-12-11 00:00:00,srmd epass,-1,-1,,-2,,,,,,36
6940,10,2023-12-22 00:00:00,,-1,-1,,-2,,,,,,31
6941,10,2023-12-20 00:00:00,,-1,-1,,-2,,,,,,31
6942,6,2023-12-15 00:00:00,,-1,-1,,-2,,,,,,31
6943,6,2023-12-13 00:00:00,,-1,-1,,-2,,,,,,31
6944,4,2023-12-13 00:00:00,,-1,-1,,-2,,,,,,31
6945,4,2023-12-13 00:00:00,,-1,-1,,-2,,,,,,31
6946,10,2023-12-22 00:00:00,,-1,-1,,-2,,,,,,29
6947,10,2023-12-22 00:00:00,,-1,-1,,-2,,,,,,31
6948,6,2023-12-22 00:00:00,,-1,-1,,-2,,,,,,36
6949,6,2023-12-22 00:00:00,,-1,-1,,-2,,,,,,36
6950,10,2023-12-22 00:00:00,,-1,-1,,-2,,,,,,29
6951,6,2023-12-22 00:00:00,,-1,-1,,-2,,,,,,30
6952,4,2023-12-22 00:00:00,,-1,-1,,-2,,,,,,32
6953,4,2023-12-05 00:00:00,,-1,-1,,-2,,,,,,36
6954,4,2023-11-07 00:00:00,,-1,-1,,-2,,,,,,36
6955,4,2023-10-05 00:00:00,,-1,-1,,-2,,,,,,36
6956,4,2023-09-05 00:00:00,,-1,-1,,-2,,,,,,36
6957,4,2023-08-08 00:00:00,,-1,-1,,-2,,,,,,36
6958,10,2023-09-22 00:00:00,sarang,-1,-1,,-2,,,,,,36
6959,4,2023-12-22 00:00:00,,-1,-1,,-2,,,,,,36
6960,6,2023-12-27 00:00:00,balance from gsec,-1,-1,,-2,,,,,,29
6962,10,2024-01-05 00:00:00,,-1,-1,,-2,,,,,,29
6963,10,2023-12-31 00:00:00,,-1,-1,,-2,,,,,,29
6964,10,2023-12-27 00:00:00,,-1,-1,,-2,,,,,,29
6965,4,2023-12-27 00:00:00,,-1,-1,,-2,,,,,,29
6966,4,2023-12-27 00:00:00,,-1,-1,,-2,,,,,,29
6967,10,2023-12-31 00:00:00,,-1,-1,,-2,,,,,,31
6968,6,2023-12-27 00:00:00,,-1,-1,,-2,,,,,,31
6969,4,2023-12-27 00:00:00,,-1,-1,,-2,,,,,,31
6970,10,2023-12-22 00:00:00,,-1,-1,,-2,,,,,,31
6971,6,2023-12-13 00:00:00,,-1,-1,,-2,,,,,,31
6972,6,2023-12-12 00:00:00,credit card,-1,-1,,-2,,,,,,31
6973,10,2023-12-31 00:00:00,,-1,-1,,-2,,,,,,30
6974,10,2024-01-08 00:00:00,kotak mf,-1,-1,,-2,,,,,,31
6975,10,2024-01-08 00:00:00,tata mf,-1,-1,,-2,,,,,,31
6976,10,2024-01-08 00:00:00,sbi mf,-1,-1,,-2,,,,,,31
6977,10,2024-01-08 00:00:00,motilal mf,-1,-1,,-2,,,,,,31
6978,10,2024-01-08 00:00:00,dsp mf,-1,-1,,-2,,,,,,31
6979,10,2024-01-05 00:00:00,,-1,-1,,-2,,,,,,31
6980,10,2024-01-05 00:00:00,nippon mf,-1,-1,,-2,,,,,,31
6981,10,2024-01-05 00:00:00,ppfas mf,-1,-1,,-2,,,,,,31
6982,10,2024-01-05 00:00:00,quant mf,-1,-1,,-2,,,,,,31
6983,6,2024-01-04 00:00:00,fastag,-1,-1,,-2,,,,,,31
6984,6,2024-01-04 00:00:00,fastag,-1,-1,,-2,,,,,,31
6985,10,2023-12-31 00:00:00,,-1,-1,,-2,,,,,,31
6986,6,2023-12-31 00:00:00,arjin - jeev,-1,-1,,-2,,,,,,31
6987,4,2023-12-30 00:00:00,,-1,-1,,-2,,,,,,31
6988,6,2023-12-28 00:00:00,wefast,-1,-1,,-2,,,,,,31
6989,6,2023-12-24 00:00:00,,-1,-1,,-2,,,,,,31
6990,6,2023-12-24 00:00:00,,-1,-1,,-2,,,,,,31
6991,10,2023-12-22 00:00:00,iifl,-1,-1,,-2,,,,,,31
6992,10,2023-12-29 00:00:00,smc,-1,-1,,-2,,,,,,31
6993,10,2023-12-11 00:00:00,?//,-1,-1,,-2,,,,,,31
6994,10,2023-12-11 00:00:00,kotak mf,-1,-1,,-2,,,,,,31
6995,6,2023-12-10 00:00:00,fastag,-1,-1,,-2,,,,,,31
6996,10,2023-12-08 00:00:00,canara mf,-1,-1,,-2,,,,,,31
6997,10,2023-12-08 00:00:00,,-1,-1,,-2,,,,,,31
6998,10,2023-12-08 00:00:00,sbi mf,-1,-1,,-2,,,,,,31
6999,10,2023-12-07 00:00:00,dsp mf,-1,-1,,-2,,,,,,31
7000,10,2023-12-07 00:00:00,tata mf,-1,-1,,-2,,,,,,31
7001,10,2023-12-07 00:00:00,ppfas mf,-1,-1,,-2,,,,,,31
7002,10,2023-12-06 00:00:00,motilal mf,-1,-1,,-2,,,,,,31
7003,10,2023-12-06 00:00:00,nippon mf,-1,-1,,-2,,,,,,31
7004,6,2023-12-06 00:00:00,fastag,-1,-1,,-2,,,,,,31
7005,6,2023-12-30 00:00:00,,-1,-1,,-2,,,,,,31
7006,10,2023-12-29 00:00:00,,-1,-1,,-2,,,,,,29
7007,10,2023-12-31 00:00:00,,-1,-1,,-2,,,,,,29
7008,6,2023-12-24 00:00:00,,-1,-1,,-2,,,,,,29
7009,10,2024-01-06 00:00:00,,-1,-1,,-2,,,,,,30
7010,10,2024-01-05 00:00:00,,-1,-1,,-2,,,,,,30
7011,6,2024-01-01 00:00:00,arjin tithi,-1,-1,,-2,,,,,,30
7012,10,2023-12-31 00:00:00,,-1,-1,,-2,,,,,,30
7013,6,2023-12-28 00:00:00,,-1,-1,,-2,,,,,,30
7014,4,2024-01-04 00:00:00,,-1,-1,,-2,,,,,,36
7015,10,2023-12-31 00:00:00,,-1,-1,,-2,,,,,,36
7016,4,2023-11-22 00:00:00,,-1,-1,,-2,,,,,,36
7017,4,2024-03-31 00:00:00,,-1,-1,,-2,,,,,,29
7018,4,2024-03-31 00:00:00,xxxxx,-1,-1,,-2,,,,,,36
7019,4,2024-03-31 00:00:00,xxxxx,-1,-1,,-2,,,,,,30
7020,4,2024-03-31 00:00:00,xxxxx,-1,-1,,-2,,,,,,31
7021,4,2024-03-31 00:00:00,xxxxx,-1,-1,,-2,,,,,,29
7022,4,2023-12-30 00:00:00,xxxxx,-1,-1,,-2,,,,,,31
7023,4,2024-01-23 00:00:00,xxxxx,-1,-1,,-2,,,,,,29
7024,4,2024-03-31 00:00:00,cash given bank transfer taken,-1,-1,,-2,,,,,,36
7026,4,2024-03-31 00:00:00,cash taken bank transfer given,-1,-1,,-2,,,,,,31
7027,4,2024-01-23 00:00:00,,-1,-1,,-2,,,,,,31
7028,4,2024-03-31 00:00:00,xxxxx,-1,-1,,-2,,,,,,31
7029,6,2024-01-16 00:00:00,,-1,-1,,-2,,,,,,31
7030,10,2024-01-16 00:00:00,,-1,-1,,-2,,,,,,36
7031,10,2024-01-16 00:00:00,,-1,-1,,-2,,,,,,31
7032,6,2024-01-16 00:00:00,,-1,-1,,-2,,,,,,29
7033,6,2024-01-16 00:00:00,,-1,-1,,-2,,,,,,32
7034,10,2024-01-16 00:00:00,,-1,-1,,-2,,,,,,29
7036,4,2024-01-17 00:00:00,,-1,-1,,-2,,,,,,31
7037,6,2024-01-16 00:00:00,,-1,-1,,-2,,,,,,31
7038,10,2024-01-12 00:00:00,,-1,-1,,-2,,,,,,31
7039,6,2024-01-11 00:00:00,,-1,-1,,-2,,,,,,31
7040,10,2024-01-10 00:00:00,,-1,-1,,-2,,,,,,31
7041,10,2024-01-08 00:00:00,can rob,-1,-1,,-2,,,,,,31
7042,4,2024-01-17 00:00:00,,-1,-1,,-2,,,,,,36
7043,4,2024-01-17 00:00:00,,-1,-1,,-2,,,,,,36
7044,6,2024-01-17 00:00:00,,-1,-1,,-2,,,,,,29
7045,6,2024-01-12 00:00:00,,-1,-1,,-2,,,,,,29
7046,6,2024-01-10 00:00:00,,-1,-1,,-2,,,,,,29
7047,6,2024-01-09 00:00:00,,-1,-1,,-2,,,,,,29
7048,4,2024-01-10 00:00:00,,-1,-1,,-2,,,,,,29
7049,6,2024-01-15 00:00:00,,-1,-1,,-2,,,,,,30
7050,6,2024-01-12 00:00:00,,-1,-1,,-2,,,,,,30
7051,6,2024-01-11 00:00:00,,-1,-1,,-2,,,,,,32
7052,6,2024-01-10 00:00:00,,-1,-1,,-2,,,,,,32
7053,6,2023-12-29 00:00:00,,-1,-1,,-2,,,,,,32
7054,6,2023-12-24 00:00:00,,-1,-1,,-2,,,,,,32
7056,10,2023-12-31 00:00:00,,-1,-1,,-2,,,,,,32
7057,10,2023-12-29 00:00:00,,-1,-1,,-2,,,,,,32
7058,10,2023-12-15 00:00:00,,-1,-1,,-2,,,,,,32
7059,10,2023-12-08 00:00:00,,-1,-1,,-2,,,,,,32
7060,4,2024-03-31 00:00:00,,-1,-1,,-2,,,,,,29
7061,4,2024-03-31 00:00:00,,-1,-1,,-2,,,,,,30
7062,6,2024-02-07 00:00:00,,-1,-1,,-2,,,,,,29
7063,10,2024-02-07 00:00:00,,-1,-1,,-2,,,,,,29
7064,10,2024-02-07 00:00:00,,-1,-1,,-2,,,,,,29
7065,6,2024-02-05 00:00:00,,-1,-1,,-2,,,,,,29
7066,10,2024-02-05 00:00:00,,-1,-1,,-2,,,,,,29
7067,10,2024-02-03 00:00:00,,-1,-1,,-2,,,,,,29
7068,10,2024-02-03 00:00:00,,-1,-1,,-2,,,,,,29
7069,10,2024-02-03 00:00:00,,-1,-1,,-2,,,,,,29
7070,4,2024-01-23 00:00:00,,-1,-1,,-2,,,,,,29
7071,6,2024-01-20 00:00:00,,-1,-1,,-2,,,,,,29
7072,6,2024-01-23 00:00:00,,-1,-1,,-2,,,,,,29
7073,10,2024-01-18 00:00:00,Recd:IMPS/401814269786/MYNTRA,-1,-1,,-2,,,,2045,401814665339,31
7074,10,2024-01-19 00:00:00,Recd:IMPS/401916048649/MYNTRA,-1,-1,,-2,,,,2046,401916970373,31
7075,6,2024-01-23 00:00:00,MB:SENT TO CREATIVE PRINTERS/TOPRINTERS,-1,-1,,-2,,,,2047,MB-998757883681,31
7076,6,2024-01-29 00:00:00,UPI/MYNTRA DESIGNS /402924507705/UPITransaction,-1,-1,,-2,,,,2048,UPI-402975639080,31
7077,10,2024-01-30 00:00:00,Recd:IMPS/403012315810/MYNTRA,-1,-1,,-2,,,,2049,403012166426,31
7078,10,2024-01-31 00:00:00,NEFT N031242857653807 SMC GLOBAL,-1,-1,,-2,,,,2050,0763474079,31
7079,6,2024-02-04 00:00:00,MB:SENT TO CREATIVE PRINTERS/TOPRINTERS,-1,-1,,-2,,,,2051,MB-998750659260,31
7080,6,2024-02-04 00:00:00,MB:SENT TO CREATIVE PRINTERS,-1,-1,,-2,,,,2052,MB-998750657768,31
7081,6,2024-02-04 00:00:00,MB:SENT TO CREATIVE PRINTERS,-1,-1,,-2,,,,2053,MB-998750657013,31
7082,10,2024-02-06 00:00:00,NEFT N037242869013762 TMF BROKERAGE,-1,-1,,-2,,,,2054,0768325695,31
7083,10,2024-02-06 00:00:00,NEFT N037242869212819 PPFAS MUTUAL,-1,-1,,-2,,,,2055,0768395817,31
7084,10,2024-02-06 00:00:00,NEFT N037242869359759 NIPPON INDIA,-1,-1,,-2,,,,2056,0768421590,31
7085,10,2024-02-06 00:00:00,MB:RECEIVED FROM CREATIVEPRINTERS/TO SPS K,-1,-1,,-2,,,,2057,MB-998749052026,31
7086,10,2024-02-07 00:00:00,NEFT N038242870297438 QUANT M F,-1,-1,,-2,,,,2058,0769000152,31
7087,6,2024-02-07 00:00:00,MB:SENT TO CREATIVE PRINTERS/TOPRINTERS,-1,-1,,-2,,,,2059,MB-998748666141,31
7088,10,2024-02-08 00:00:00,NEFT N039242874403152 SBIMF,-1,-1,,-2,,,,2060,0770364104,31
7089,10,2024-02-08 00:00:00,NEFT N039242874626081 MOTILAL OSWAL,-1,-1,,-2,,,,2061,0770412351,31
7090,10,2024-02-08 00:00:00,NEFT N039242875140174 CANARA,-1,-1,,-2,,,,2062,0770532556,31
7091,10,2024-02-09 00:00:00,NEFT CMS3913716509 DSP MF,-1,-1,,-2,,,,2063,0771229092,31
7092,10,2024-02-09 00:00:00,NEFT N040242877883776 TATA MUTUAL,-1,-1,,-2,,,,2064,0771527458,31
7093,10,2024-02-07 00:00:00,,-1,-1,,-2,,,,,,31
7094,6,2024-02-07 00:00:00,,-1,-1,,-2,,,,,,31
7095,10,2024-02-07 00:00:00,,-1,-1,,-2,,,,,,31
7096,6,2024-01-31 00:00:00,FUNDS TRANSFER FOR OPENING NEWSAVING ACCOUNT,-1,-1,,-2,,,,2065,,31
7097,6,2024-02-05 00:00:00,MB:SENT TO PRAMESH RAJENDRASHAH/TO PRS,-1,-1,,-2,,,,2066,MB-998750187154,31
7098,6,2024-02-05 00:00:00,MB:SENT TO UNNATI PRAMESH SHAH/TOUPS K,-1,-1,,-2,,,,2067,MB-998750112832,31
7099,6,2024-01-18 00:00:00,NACH-10-DR-SMALLCASE-IBIEY442YEFF,-1,-1,,-2,,,,2068,076261,31
7100,6,2024-01-21 00:00:00,UPI/ZOMATO/438740743203/Paid via CRED,-1,-1,,-2,,,,2069,UPI-402113591245,31
7101,6,2024-01-28 00:00:00,fastag,-1,-1,,-2,,,,,,31
7102,6,2024-01-25 00:00:00,fastag,-1,-1,,-2,,,,,,31
7103,6,2024-01-22 00:00:00,fastag,-1,-1,,-2,,,,,,31
7104,4,2024-01-25 00:00:00,,-1,-1,,-2,,,,,,31
7105,4,2024-01-29 00:00:00,,-1,-1,,-2,,,,,,31
7106,4,2024-01-25 00:00:00,,-1,-1,,-2,,,,,,30
7107,6,2024-01-29 00:00:00,,-1,-1,,-2,,,,,,30
7108,6,2024-02-05 00:00:00,,-1,-1,,-2,,,,,,30
7109,6,2024-02-05 00:00:00,,-1,-1,,-2,,,,,,30
7110,6,2024-02-05 00:00:00,,-1,-1,,-2,,,,,,30
7111,6,2024-02-05 00:00:00,,-1,-1,,-2,,,,,,30
7112,6,2024-02-09 00:00:00,,-1,-1,,-2,,,,,,30
7113,6,2024-02-09 00:00:00,?????,-1,-1,,-2,,,,,,30
7114,6,2024-02-09 00:00:00,????,-1,-1,,-2,,,,,,30
7115,10,2024-02-08 00:00:00,,-1,-1,,-2,,,,,,30
7116,10,2024-02-05 00:00:00,,-1,-1,,-2,,,,,,30
7117,10,2024-02-05 00:00:00,,-1,-1,,-2,,,,,,30
7118,10,2024-02-05 00:00:00,,-1,-1,,-2,,,,,,30
7119,6,2024-01-20 00:00:00,fastag,-1,-1,,-2,,,,,,31
7122,4,2024-01-29 00:00:00,,-1,-1,,-2,,,,,,36
7123,6,2024-02-05 00:00:00,,-1,-1,,-2,,,,,,36
7124,10,2024-02-01 00:00:00,,-1,-1,,-2,,,,,,36
7125,10,2024-01-29 00:00:00,,-1,-1,,-2,,,,,,36
7126,6,2024-01-23 00:00:00,,-1,-1,,-2,,,,,,32
7127,10,2024-02-06 00:00:00,,-1,-1,,-2,,,,,,32
7128,6,2024-02-07 00:00:00,,-1,-1,,-2,,,,,,32
7129,10,2024-01-31 00:00:00,,-1,-1,,-2,,,,,,30
7130,10,2024-01-31 00:00:00,,-1,-1,,-2,,,,,,29
7131,10,2024-02-08 00:00:00,,-1,-1,,-2,,,,,,29
7132,6,2024-01-15 00:00:00,,-1,-1,,-2,,,,,,31
7133,6,2024-01-29 00:00:00,,-1,-1,,-2,,,,,,31
7134,10,2024-01-31 00:00:00,,-1,-1,,-2,,,,,,31
7136,10,2024-02-08 00:00:00,,-1,-1,,-2,,,,,,31
7138,6,2024-01-17 00:00:00,,-1,-1,,-2,,,,,,31
7139,6,2024-01-18 00:00:00,,-1,-1,,-2,,,,,,31
7141,6,2024-01-21 00:00:00,,-1,-1,,-2,,,,,,31
7142,6,2024-01-29 00:00:00,,-1,-1,,-2,,,,,,31
7143,4,2023-04-20 00:00:00,,-1,-1,,-2,,,,,,36
7144,6,2023-04-20 00:00:00,,-1,-1,,-2,,,,,,36
7145,10,2023-06-30 00:00:00,,-1,-1,,-2,,,,,,36
7146,4,2023-07-11 00:00:00,,-1,-1,,-2,,,,,,36
7147,6,2023-07-31 00:00:00,cc,-1,-1,,-2,,,,,,36
7148,10,2023-07-31 00:00:00,,-1,-1,,-2,,,,,,36
7149,4,2023-08-13 00:00:00,,-1,-1,,-2,,,,,,36
7150,6,2023-08-14 00:00:00,cc,-1,-1,,-2,,,,,,36
7151,10,2023-08-31 00:00:00,,-1,-1,,-2,,,,,,36
7152,6,2023-09-03 00:00:00,cc,-1,-1,,-2,,,,,,36
7153,4,2023-09-07 00:00:00,,-1,-1,,-2,,,,,,36
7154,6,2023-09-08 00:00:00,,-1,-1,,-2,,,,,,36
7155,6,2023-09-18 00:00:00,,-1,-1,,-2,,,,,,36
7156,10,2023-09-30 00:00:00,,-1,-1,,-2,,,,,,36
7157,6,2023-09-29 00:00:00,cc,-1,-1,,-2,,,,,,36
7158,10,2023-10-07 00:00:00,,-1,-1,,-2,,,,,,36
7159,6,2023-10-09 00:00:00,,-1,-1,,-2,,,,,,36
7160,4,2023-10-11 00:00:00,,-1,-1,,-2,,,,,,36
7161,6,2023-10-19 00:00:00,,-1,-1,,-2,,,,,,36
7162,6,2023-10-31 00:00:00,,-1,-1,,-2,,,,,,36
7163,10,2023-10-31 00:00:00,,-1,-1,,-2,,,,,,36
7164,6,2023-11-09 00:00:00,,-1,-1,,-2,,,,,,36
7165,6,2023-11-21 00:00:00,,-1,-1,,-2,,,,,,36
7166,4,2023-11-21 00:00:00,,-1,-1,,-2,,,,,,36
7167,10,2023-11-25 00:00:00,,-1,-1,,-2,,,,,,36
7168,10,2023-11-30 00:00:00,,-1,-1,,-2,,,,,,36
7169,4,2023-12-05 00:00:00,,-1,-1,,-2,,,,,,36
7170,4,2023-12-06 00:00:00,,-1,-1,,-2,,,,,,36
7171,6,2023-12-14 00:00:00,,-1,-1,,-2,,,,,,36
7172,4,2023-12-19 00:00:00,,-1,-1,,-2,,,,,,36
7173,10,2023-12-31 00:00:00,,-1,-1,,-2,,,,,,36
7174,10,2024-01-03 00:00:00,,-1,-1,,-2,,,,,,36
7175,6,2024-01-04 00:00:00,,-1,-1,,-2,,,,,,36
7176,10,2024-01-06 00:00:00,,-1,-1,,-2,,,,,,36
7177,6,2024-01-17 00:00:00,,-1,-1,,-2,,,,,,36
7178,4,2023-09-29 00:00:00,,-1,-1,,-2,,,,,,36
7179,6,2024-01-19 00:00:00,,-1,-1,,-2,,,,,,36
7180,6,2024-02-05 00:00:00,,-1,-1,,-2,,,,,,36
7181,10,2024-01-31 00:00:00,,-1,-1,,-2,,,,,,36
7182,10,2024-02-20 00:00:00,,-1,-1,,-2,,,,,,30
7183,4,2024-02-05 00:00:00,,-1,-1,,-2,,,,,,30
7184,4,2024-02-05 00:00:00,25000+30000,-1,-1,,-2,,,,,,29
7185,10,2024-02-20 00:00:00,,-1,-1,,-2,,,,,,36
7186,6,2024-02-20 00:00:00,,-1,-1,,-2,,,,,,30
7187,4,2024-01-07 00:00:00,,-1,-1,,-2,,,,,,29
7188,10,2024-02-21 00:00:00,,-1,-1,,-2,,,,,,29
7189,6,2024-02-21 00:00:00,,-1,-1,,-2,,,,,,29
7190,6,2024-02-21 00:00:00,,-1,-1,,-2,,,,,,30
7191,10,2024-02-21 00:00:00,,-1,-1,,-2,,,,,,31
7192,10,2024-02-21 00:00:00,,-1,-1,,-2,,,,,,30
7194,6,2023-05-22 00:00:00,,-1,-1,,-2,,,,,,36
7196,10,2023-05-04 00:00:00,,-1,-1,,-2,,,,,,36
7197,10,2023-05-29 00:00:00,,-1,-1,,-2,,,,,,36
7198,6,2023-06-17 00:00:00,,-1,-1,,-2,,,,,,36
7199,6,2023-07-22 00:00:00,,-1,-1,,-2,,,,,,36
7200,6,2023-06-30 00:00:00,,-1,-1,,-2,,,,,,36
7201,10,2023-06-23 00:00:00,,-1,-1,,-2,,,,,,36
7202,10,2023-07-28 00:00:00,,-1,-1,,-2,,,,,,36
7203,10,2023-07-31 00:00:00,,-1,-1,,-2,,,,,,36
7204,10,2023-08-14 00:00:00,1000+2000,-1,-1,,-2,,,,,,36
7205,6,2023-08-21 00:00:00,,-1,-1,,-2,,,,,,36
7206,10,2023-08-07 00:00:00,,-1,-1,,-2,,,,,,36
7207,10,2023-08-24 00:00:00,1000+2000,-1,-1,,-2,,,,,,36
7208,10,2023-09-06 00:00:00,1000+2000,-1,-1,,-2,,,,,,36
7209,6,2023-09-21 00:00:00,,-1,-1,,-2,,,,,,36
7210,10,2023-09-30 00:00:00,,-1,-1,,-2,,,,,,36
7211,10,2023-10-15 00:00:00,,-1,-1,,-2,,,,,,36
7212,10,2023-11-06 00:00:00,,-1,-1,,-2,,,,,,36
7213,6,2023-11-09 00:00:00,,-1,-1,,-2,,,,,,36
7214,10,2023-11-27 00:00:00,sarang,-1,-1,,-2,,,,,,36
7215,6,2023-11-27 00:00:00,,-1,-1,,-2,,,,,,36
7216,10,2023-11-27 00:00:00,sarang,-1,-1,,-2,,,,,,36
7217,6,2023-12-12 00:00:00,,-1,-1,,-2,,,,,,36
7218,6,2023-12-27 00:00:00,,-1,-1,,-2,,,,,,36
7219,10,2024-01-23 00:00:00,sarang,-1,-1,,-2,,,,,,36
7220,6,2024-02-17 00:00:00,,-1,-1,,-2,,,,,,36
7221,10,2024-02-05 00:00:00,,-1,-1,,-2,,,,,,36
7222,10,2024-02-17 00:00:00,,-1,-1,,-2,,,,,,30
7223,4,2024-03-01 00:00:00,,-1,-1,,-2,,,,,,32
7224,10,2024-03-01 00:00:00,,-1,-1,,-2,,,,,,32
7225,6,2024-02-10 00:00:00,,-1,-1,,-2,,,,,,32
7226,4,2024-03-31 00:00:00,,-1,-1,,-2,,,,,,30
7227,4,2024-03-31 00:00:00,,-1,-1,,-2,,,,,,29
7228,4,2024-03-31 00:00:00,,-1,-1,,-2,,,,,,32
7229,10,2024-03-05 00:00:00,,-1,-1,,-2,,,,,,31
7230,6,2024-03-05 00:00:00,,-1,-1,,-2,,,,,,30
7231,10,2024-03-05 00:00:00,,-1,-1,,-2,,,,,,30
7232,10,2024-03-04 00:00:00,,-1,-1,,-2,,,,,,30
7233,10,2024-03-04 00:00:00,,-1,-1,,-2,,,,,,30
7234,6,2024-03-01 00:00:00,,-1,-1,,-2,,,,,,30
7236,6,2024-02-26 00:00:00,,-1,-1,,-2,,,,,,31
7237,10,2024-02-29 00:00:00,SMC,-1,-1,,-2,,,,,,31
7238,10,2024-03-01 00:00:00,,-1,-1,,-2,,,,,,31
7239,6,2024-02-18 00:00:00,,-1,-1,,-2,,,,,,31
7240,10,2024-03-06 00:00:00,HDFC,-1,-1,,-2,,,,,,31
7241,10,2024-03-06 00:00:00,NIPON,-1,-1,,-2,,,,,,31
7242,10,2024-03-06 00:00:00,QUANT,-1,-1,,-2,,,,,,31
7243,10,2024-03-06 00:00:00,DSP,-1,-1,,-2,,,,,,31
7244,6,2024-03-07 00:00:00,,-1,-1,,-2,,,,,,31
7245,10,2024-03-07 00:00:00,MOTILAL,-1,-1,,-2,,,,,,31
7246,10,2024-03-07 00:00:00,PPFAS,-1,-1,,-2,,,,,,31
7247,10,2024-03-07 00:00:00,CANERA,-1,-1,,-2,,,,,,31
7248,10,2024-03-07 00:00:00,SBI,-1,-1,,-2,,,,,,31
7249,6,2024-03-09 00:00:00,,-1,-1,,-2,,,,,,31
7250,10,2024-02-22 00:00:00,,-1,-1,,-2,,,,,,31
7251,6,2024-02-25 00:00:00,,-1,-1,,-2,,,,,,31
7252,10,2024-03-04 00:00:00,,-1,-1,,-2,,,,,,36
7254,6,2024-02-24 00:00:00,,-1,-1,,-2,,,,,,30
7255,10,2024-02-25 00:00:00,??,-1,-1,,-2,,,,,,30
7256,10,2024-03-06 00:00:00,,-1,-1,,-2,,,,,,29
7258,6,2024-02-21 00:00:00,,-1,-1,,-2,,,,,,32
7259,6,2024-03-06 00:00:00,,-1,-1,,-2,,,,,,32
7260,10,2024-03-06 00:00:00,,-1,-1,,-2,,,,,,32
7261,6,2024-03-07 00:00:00,,-1,-1,,-2,,,,,,32
7262,4,2024-03-13 00:00:00,creative printers,-1,-1,,-2,,,,,,30
7263,4,2024-03-13 00:00:00,creative printers,-1,-1,,-2,,,,,,36
7264,6,2024-03-18 00:00:00,,-1,-1,,-2,,,,,,29
7265,6,2024-03-12 00:00:00,,-1,-1,,-2,,,,,,29
7266,6,2024-03-12 00:00:00,,-1,-1,,-2,,,,,,29
7267,10,2024-03-12 00:00:00,,-1,-1,,-2,,,,,,29
7268,6,2024-03-11 00:00:00,,-1,-1,,-2,,,,,,29
7269,6,2024-03-07 00:00:00,,-1,-1,,-2,,,,,,29
7271,6,2024-03-13 00:00:00,,-1,-1,,-2,,,,,,31
7272,10,2024-03-12 00:00:00,,-1,-1,,-2,,,,,,31
7273,10,2024-03-11 00:00:00,,-1,-1,,-2,,,,,,31
7274,6,2024-03-11 00:00:00,,-1,-1,,-2,,,,,,31
7275,6,2024-03-10 00:00:00,fastag,-1,-1,,-2,,,,,,31
7277,6,2024-03-13 00:00:00,,-1,-1,,-2,,,,,,30
7278,6,2024-03-12 00:00:00,life insurance,-1,-1,,-2,,,,,,30
7279,4,2024-03-10 00:00:00,,-1,-1,,-2,,,,,,30
7280,10,2024-03-09 00:00:00,creative printers desiging,-1,-1,,-2,,,,,,30
7281,10,2024-03-07 00:00:00,,-1,-1,,-2,,,,,,36
7282,10,2024-03-11 00:00:00,,-1,-1,,-2,,,,,,36
7284,10,2024-03-15 00:00:00,,-1,-1,,-2,,,,,,36
7285,10,2024-03-16 00:00:00,,-1,-1,,-2,,,,,,36
7286,10,2024-02-17 00:00:00,,-1,-1,,-2,,,,,,36
7288,10,2024-01-31 00:00:00,,-1,-1,,-2,,,,,,61
7289,4,2024-03-12 00:00:00,,-1,-1,,-2,,,,,,32
7290,6,2024-03-11 00:00:00,,-1,-1,,-2,,,,,,32
7292,10,2024-02-03 00:00:00,,-1,-1,,-2,,,,,,32
7293,6,2024-03-17 00:00:00,,-1,-1,,-2,,,,,,32
7294,6,2024-03-15 00:00:00,,-1,-1,,-2,,,,,,32
7295,4,2024-03-12 00:00:00,,-1,-1,,-2,,,,,,32
7296,10,2024-01-05 00:00:00,,-1,-1,,-2,,,,,,32
7297,6,2024-03-13 00:00:00,,-1,-1,,-2,,,,,,31
7298,10,2024-02-29 00:00:00,,-1,-1,,-2,,,,,,31
7299,10,2024-02-24 00:00:00,,-1,-1,,-2,,,,,,31
7301,10,2024-02-29 00:00:00,,-1,-1,,-2,,,,,,30
7302,10,2024-02-29 00:00:00,,-1,-1,,-2,,,,,,29
7303,10,2024-02-20 00:00:00,,-1,-1,,-2,,,,,,29
7304,6,2024-02-22 00:00:00,,-1,-1,,-2,,,,,,61
7305,4,2024-02-21 00:00:00,,-1,-1,,-2,,,,,,61
7306,4,2024-03-22 00:00:00,,-1,-1,,-2,,,,,,61
7307,4,2024-02-21 00:00:00,"Gold Coins x 6 - 5 gm each, 
Gold Chain x 1 - 8 gm, 
Gold Ring x 1 - 3 gm 
Silver Utensils x 120 gms
GOLD RATE - 63000 & SILVER RATE - 72000
From Divyesh, Prakash, Mukesh, Urvish, Sunil, Akshit, Khushali, Tapan, Saloni, Foram, Mihir",-1,-1,,-2,,,,,,61
7309,4,2024-03-23 00:00:00,,-1,-1,,-2,,,,,,31
7310,10,2024-03-22 00:00:00,,-1,-1,,-2,,,,,,31
7311,10,2024-03-22 00:00:00,,-1,-1,,-2,,,,,,31
7312,10,2024-03-21 00:00:00,,-1,-1,,-2,,,,,,31
7313,6,2024-03-21 00:00:00,PAN CARD ARJIN,-1,-1,,-2,,,,,,31
7314,6,2024-03-20 00:00:00,OIL,-1,-1,,-2,,,,,,31
7315,4,2024-03-19 00:00:00,,-1,-1,,-2,,,,,,31
7316,10,2024-03-23 00:00:00,,-1,-1,,-2,,,,,,31
7317,10,2024-03-22 00:00:00,,-1,-1,,-2,,,,,,31
7319,10,2024-03-21 00:00:00,,-1,-1,,-2,,,,,,30
7320,10,2024-03-21 00:00:00,,-1,-1,,-2,,,,,,30
7321,10,2024-03-21 00:00:00,,-1,-1,,-2,,,,,,30
7322,6,2024-03-22 00:00:00,,-1,-1,,-2,,,,,,29
7323,4,2024-03-22 00:00:00,,-1,-1,,-2,,,,,,29
7324,6,2024-03-21 00:00:00,,-1,-1,,-2,,,,,,29
7325,6,2024-03-21 00:00:00,,-1,-1,,-2,,,,,,29
7326,4,2024-03-21 00:00:00,,-1,-1,,-2,,,,,,29
7327,6,2024-03-21 00:00:00,,-1,-1,,-2,,,,,,29
7328,10,2024-03-23 00:00:00,,-1,-1,,-2,,,,,,29
7329,4,2024-03-23 00:00:00,,-1,-1,,-2,,,,,,29
7330,6,2024-03-21 00:00:00,,-1,-1,,-2,,,,,,36
7331,10,2024-03-20 00:00:00,,-1,-1,,-2,,,,,,32
7332,6,2024-03-20 00:00:00,,-1,-1,,-2,,,,,,36
7333,6,2024-03-06 00:00:00,,-1,-1,,-2,,,,,,36
7334,4,2024-03-04 00:00:00,,-1,-1,,-2,,,,,,36
7335,10,2024-02-23 00:00:00,,-1,-1,,-2,,,,,,36
7336,4,2024-02-22 00:00:00,,-1,-1,,-2,,,,,,36
7337,10,2024-02-29 00:00:00,,-1,-1,,-2,,,,,,36
7338,6,2024-03-23 00:00:00,,-1,-1,,-2,,,,,,31
7339,10,2024-03-23 00:00:00,,-1,-1,,-2,,,,,,31
7340,6,2024-03-23 00:00:00,,-1,-1,,-2,,,,,,29
7341,6,2024-03-23 00:00:00,,-1,-1,,-2,,,,,,29
7342,10,2024-03-27 00:00:00,,-1,-1,,-2,,,,,,30
7343,6,2024-03-26 00:00:00,,-1,-1,,-2,,,,,,31
7344,6,2024-03-26 00:00:00,,-1,-1,,-2,,,,,,30
7345,10,2024-03-26 00:00:00,,-1,-1,,-2,,,,,,36
7346,10,2024-03-26 00:00:00,from creative printrers,-1,-1,,-2,,,,,,36
7347,10,2024-03-26 00:00:00,from creative enterprise,-1,-1,,-2,,,,,,36
7348,6,2024-03-26 00:00:00,,-1,-1,,-2,,,,,,30
7349,10,2024-03-26 00:00:00,,-1,-1,,-2,,,,,,36
7350,4,2024-03-26 00:00:00,,-1,-1,,-2,,,,,,61
7351,6,2024-03-26 00:00:00,,-1,-1,,-2,,,,,,29
7352,12,2024-03-26 00:00:00,,-1,-1,,-2,,,,,,29
7353,6,2024-03-26 00:00:00,,-1,-1,,-2,,,,,,30
7355,12,2024-03-26 00:00:00,,-1,-1,,-2,,,,,,30
7356,10,2024-03-26 00:00:00,,-1,-1,,-2,,,,,,31
7357,12,2024-03-26 00:00:00,,-1,-1,,-2,,,,,,31
7358,10,2024-03-27 00:00:00,,-1,-1,,-2,,,,,,31
7359,10,2024-03-26 00:00:00,,-1,-1,,-2,,,,,,31
7361,4,2024-03-27 00:00:00,,-1,-1,,-2,,,,,,31
7362,4,2024-03-27 00:00:00,,-1,-1,,-2,,,,,,36
7363,10,2024-03-27 00:00:00,creative enterprise,-1,-1,,-2,,,,,,36
7364,4,2024-03-27 00:00:00,,-1,-1,,-2,,,,,,61
7365,6,2024-03-27 00:00:00,,-1,-1,,-2,,,,,,36
7366,10,2024-03-26 00:00:00,,-1,-1,,-2,,,,,,36
7367,10,2024-03-25 00:00:00,,-1,-1,,-2,,,,,,31
7368,10,2023-12-25 00:00:00,,-1,-1,,-2,,,,,,31
7369,10,2023-12-24 00:00:00,,-1,-1,,-2,,,,,,31
7370,10,2023-12-25 00:00:00,,-1,-1,,-2,,,,,,30
7371,10,2024-03-25 00:00:00,,-1,-1,,-2,,,,,,30
7372,6,2024-03-28 00:00:00,EXPENSES ALL PUT TOGETHER,-1,-1,,-2,,,,,,36
7375,6,2024-03-28 00:00:00,,-1,-1,,-2,,,,,,31
7376,10,2024-03-28 00:00:00,,-1,-1,,-2,,,,,,29
7377,6,2024-03-28 00:00:00,,-1,-1,,-2,,,,,,29
7378,10,2024-03-28 00:00:00,,-1,-1,,-2,,,,,,30
7379,10,2024-03-28 00:00:00,,-1,-1,,-2,,,,,,30
7381,4,2024-03-31 00:00:00,,-1,-1,,-2,,,,,,30
7382,4,2024-03-31 00:00:00,,-1,-1,,-2,,,,,,31
7383,4,2024-03-31 00:00:00,,-1,-1,,-2,,,,,,29
7384,4,2024-03-31 00:00:00,,-1,-1,,-2,,,,,,36
7385,4,2024-03-31 00:00:00,,-1,-1,,-2,,,,,,36
7386,4,2024-03-31 00:00:00,,-1,-1,,-2,,,,,,32
7387,4,2024-03-31 00:00:00,,-1,-1,,-2,,,,,,30
7388,4,2024-03-31 00:00:00,,-1,-1,,-2,,,,,,29
7389,10,2024-03-30 00:00:00,,-1,-1,,-2,,,,,,31
7390,6,2024-03-28 00:00:00,,-1,-1,,-2,,,,,,31
7391,10,2024-03-28 00:00:00,,-1,-1,,-2,,,,,,31
7392,10,2024-03-28 00:00:00,smc,-1,-1,,-2,,,,,,31
7393,6,2024-03-30 00:00:00,,-1,-1,,-2,,,,,,31
7394,10,2024-03-28 00:00:00,FROM ENTERPRISE,-1,-1,,-2,,,,,,36
7395,6,2024-03-28 00:00:00,,-1,-1,,-2,,,,,,36
7396,10,2024-03-30 00:00:00,,-1,-1,,-2,,,,,,36
7397,6,2024-03-30 00:00:00,,-1,-1,,-2,,,,,,31
7398,4,2024-03-31 00:00:00,,-1,-1,,-2,,,,,,31
7399,4,2024-03-31 00:00:00,,-1,-1,,-2,,,,,,29
7400,4,2024-03-31 00:00:00,,-1,-1,,-2,,,,,,31
7401,4,2024-03-31 00:00:00,,-1,-1,,-2,,,,,,32
7402,12,2024-03-21 00:00:00,ATW/7676/+Dr. A. B. RoadWorliMumbaiM210324/14:29,-1,-1,,-2,,,,-1,408108461593,30
7403,12,2024-03-21 00:00:00,ATW/7676/+Dr. A. B. RoadWorliMumbaiM210324/14:30,-1,-1,,-2,,,,-1,408109461595,30
7407,10,2024-04-02 00:00:00,MB:RECEIVED FROM SAAHIL PRAMESHSHAH/TO PRS K,-1,-1,,-2,,,,-1,MB-998714377146,30
7408,10,2024-04-03 00:00:00,MB:RECEIVED FROM KRISHA SAAHILSHAH/TO PRS K,-1,-1,,-2,,,,-1,MB-998713331622,30
7409,12,2024-04-03 00:00:00,ATW/7676/+Dr. A. B. RoadWorliMumbaiM030424/15:12,-1,-1,,-2,,,,-1,409409463301,30
7410,10,2024-04-10 00:00:00,MB:RECEIVED FROM SAAHIL PRAMESHSHAH/TO PRS K,-1,-1,,-2,,,,-1,MB-998708436691,30
7411,12,2024-04-10 00:00:00,ATW/7676/+Dr. A. B. RoadWorliMumbaiM100424/16:01,-1,-1,,-2,,,,-1,410110464153,30
7415,6,2024-04-27 00:00:00,PG SRMD AUDIO YES BANK INSTAMOJO T,-1,-1,,-2,,,,-1,KPG-0208587755,30
7419,12,2024-05-13 00:00:00,SentIMPS413421577046pramesh,-1,-1,,-2,,,,-1,413421929331,30
7423,10,2024-05-25 00:00:00,NEFT N146243055774154 MUKESH,-1,-1,,-2,,,,-1,0863777733,30
7424,10,2024-05-28 00:00:00,LOAN TAKEN FROM PRINTERS. EARLIER SHOWN AS BILL,-1,-1,,-2,,,,-1,MB-998680824519,30
7430,10,2024-06-10 00:00:00,NEFT CMS4219192931 R K GLOBAL,-1,-1,,-2,,,,-1,0878442340,30
7431,6,2024-06-10 00:00:00,PG IRCTC IRCTC IPAY,-1,-1,,-2,,,,-1,KPG-0211126466,30
7432,6,2024-06-10 00:00:00,PG INDIAN RAILWAY CATER,-1,-1,,-2,,,,-1,KPG-0211127035,30
7435,10,2024-03-31 00:00:00,,-1,-1,,-2,,,,,,30
7436,12,2024-03-21 00:00:00,ATW/7692/+Dr. A. B. RoadWorliMumbaiM210324/14:27,-1,-1,,-2,,,,-1,408108461589,31
7437,12,2024-03-21 00:00:00,ATW/7692/+Dr. A. B. RoadWorliMumbaiM210324/14:28,-1,-1,,-2,,,,-1,408108461591,31
7439,10,2024-03-30 00:00:00,MB:RECEIVED FROM CREATIVEPRINTERS/TO SPS K,-1,-1,,-2,,,,-1,MB-998716098614,31
7440,10,2024-03-31 00:00:00,Int.Pd:1712151141:01-01-2024 to 31-03-2024,-1,-1,,-2,,,,-1,,31
7441,6,2024-04-02 00:00:00,MB:SENT TO PRAMESH RAJENDRASHAH/TO PRS K,-1,-1,,-2,,,,-1,MB-998714377146,31
7442,6,2024-04-03 00:00:00,UPI/Axis/409407195333/payment on CRED,-1,-1,,-2,,,,-1,UPI-409458983248,31
7443,6,2024-04-03 00:00:00,MB:SENT TO CREATIVE PRINTERS/TOPRINTERS K,-1,-1,,-2,,,,-1,MB-998713362090,31
7444,12,2024-04-03 00:00:00,ATW/7692/+Dr. A. B. RoadWorliMumbaiM030424/15:14,-1,-1,,-2,,,,-1,409409463306,31
7445,10,2024-04-05 00:00:00,NEFT N096242972110402 TMF BROKERAGE,-1,-1,,-2,,,,-1,0820052122,31
7446,10,2024-04-05 00:00:00,NEFT N096242972148533 NIPPON INDIA,-1,-1,,-2,,,,-1,0820058306,31
7447,10,2024-04-05 00:00:00,NEFT N096242972388349 SBIMF,-1,-1,,-2,,,,-1,0820126604,31
7448,10,2024-04-05 00:00:00,NEFT N096242972565267 PPFAS MUTUAL,-1,-1,,-2,,,,-1,0820158858,31
7449,10,2024-04-05 00:00:00,NEFT N096242972740144 QUANT M F,-1,-1,,-2,,,,-1,0820211413,31
7450,10,2024-04-08 00:00:00,NEFT CMS4079428770 DSP MF,-1,-1,,-2,,,,-1,0823018208,31
7451,10,2024-04-08 00:00:00,NEFT N099242979381701 CANARA,-1,-1,,-2,,,,-1,0823355050,31
7452,12,2024-04-10 00:00:00,ATW/7692/+Dr. A. B. RoadWorliMumbaiM100424/15:48,-1,-1,,-2,,,,-1,410110464147,31
7453,6,2024-04-10 00:00:00,MB:SENT TO CREATIVE PRINTERS/TOPRINTERS K,-1,-1,,-2,,,,-1,MB-998708436934,31
7454,6,2024-04-10 00:00:00,MB:SENT TO PRAMESH RAJENDRASHAH/TO PRS K,-1,-1,,-2,,,,-1,MB-998708436691,31
7455,10,2024-04-10 00:00:00,NEFT N101242983608524 MOTILAL OSWAL,-1,-1,,-2,,,,-1,0825190316,31
7457,6,2024-04-16 00:00:00,MB:SENT TO CREATIVE PRINTERS/TOPRINTERS,-1,-1,,-2,,,,-1,MB-998704753464,31
7458,12,2024-04-18 00:00:00,MB:to sps k,-1,-1,,-2,,,,-1,6,31
7459,12,2024-04-18 00:00:00,SentIMPS410914639812SAAHIL,-1,-1,,-2,,,,-1,410914608103,31
7460,6,2024-04-18 00:00:00,MB:SENT TO CREATIVE PRINTERS/TOPRINTERS K,-1,-1,,-2,,,,-1,MB-998703649513,31
7461,6,2024-04-21 00:00:00,KOTAK FASTAG,-1,-1,,-2,,,,-1,E8C,31
7462,10,2024-04-23 00:00:00,MB:RECEIVED FROM CREATIVEPRINTERS/TO SPS,-1,-1,,-2,,,,-1,MB-998700757018,31
7463,6,2024-04-24 00:00:00,MB:SENT TO CREATIVE PRINTERS/TOPRINT K,-1,-1,,-2,,,,-1,MB-998700485904,31
7464,12,2024-04-24 00:00:00,ATW/7692/+Dr. A. B. RoadWorliMumbaiM240424/13:54,-1,-1,,-2,,,,-1,411508465399,31
7465,6,2024-04-24 00:00:00,MB:SENT TO CREATIVE PRINTERS/TOPRINTERS,-1,-1,,-2,,,,-1,MB-998700283879,31
7466,6,2024-04-29 00:00:00,KOTAK FASTAG,-1,-1,,-2,,,,-1,5D0,31
7467,6,2024-04-29 00:00:00,KOTAK FASTAG,-1,-1,,-2,,,,-1,808,31
7468,6,2024-04-29 00:00:00,KOTAK FASTAG,-1,-1,,-2,,,,-1,763,31
7469,6,2024-05-01 00:00:00,KOTAK FASTAG,-1,-1,,-2,,,,-1,DF9,31
7470,6,2024-05-01 00:00:00,KOTAK FASTAG,-1,-1,,-2,,,,-1,874,31
7471,10,2024-05-02 00:00:00,NEFT N123243015851059 SMC GLOBAL,-1,-1,,-2,,,,-1,0843420611,31
7473,6,2024-05-03 00:00:00,MB:SENT TO CREATIVE PRINTERS/TOPRINT K,-1,-1,,-2,,,,-1,MB-998694857331,31
7474,6,2024-05-04 00:00:00,MB:SENT TO CREATIVE PRINTERS/TOPRINTERS K,-1,-1,,-2,,,,-1,MB-998694188225,31
7475,10,2024-05-07 00:00:00,NEFT N128243023867639 QUANT M F,-1,-1,,-2,,,,-1,0847627338,31
7476,10,2024-05-07 00:00:00,NEFT CMS4141993153 DSP MF,-1,-1,,-2,,,,-1,0847855745,31
7477,10,2024-05-07 00:00:00,NEFT N128243026247382 NIPPON INDIA,-1,-1,,-2,,,,-1,0848181542,31
7478,10,2024-05-08 00:00:00,NEFT N129243028743665 TMF BROKERAGE,-1,-1,,-2,,,,-1,0849159486,31
7479,10,2024-05-08 00:00:00,NEFT N129243029173071 PPFAS MUTUAL,-1,-1,,-2,,,,-1,0849259774,31
7480,6,2024-05-08 00:00:00,MB:SENT TO CREATIVE PRINTERS/TOPRINTERS K,-1,-1,,-2,,,,-1,MB-998691381592,31
7481,10,2024-05-09 00:00:00,NEFT N130243031328060 MOTILAL OSWAL,-1,-1,,-2,,,,-1,0850201579,31
7482,10,2024-05-09 00:00:00,NEFT N130243031374576 CANARA,-1,-1,,-2,,,,-1,0850213326,31
7483,10,2024-05-09 00:00:00,NEFT N130243031518392 SBIMF,-1,-1,,-2,,,,-1,0850236427,31
7484,6,2024-05-20 00:00:00,KOTAK FASTAG,-1,-1,,-2,,,,-1,07C,31
7485,12,2024-05-22 00:00:00,NEFT IDFBH24143636263 MR SAAHIL,-1,-1,,-2,,,,-1,0861030955,31
7489,6,2024-05-28 00:00:00,KOTAK FASTAG,-1,-1,,-2,,,,-1,47F,31
7490,6,2024-05-29 00:00:00,MB:SENT TO UNNATI PRAMESH SHAH/TOUPS K,-1,-1,,-2,,,,-1,MB-998680257959,31
7491,10,2024-05-29 00:00:00,NEFT N150243061352676 SMC GLOBAL,-1,-1,,-2,,,,-1,0867170651,31
7492,10,2024-06-01 00:00:00,NEFT N153243068942602 NATIONAL,-1,-1,,-2,,,,-1,0870258370,31
7493,10,2024-06-01 00:00:00,MB:RECEIVED FROM CREATIVEPRINTERS/TO SAAHILK,-1,-1,,-2,,,,-1,MB-998678050633,31
7494,6,2024-06-03 00:00:00,KOTAK FASTAG,-1,-1,,-2,,,,-1,9D9F,31
7495,12,2024-06-04 00:00:00,SentIMPS415612562759SAAHIL,-1,-1,,-2,,,,-1,415612055776,31
7496,10,2024-06-04 00:00:00,NEFT CMS4202783376 TATA MUTUAL,-1,-1,,-2,,,,-1,0872501676,31
7498,10,2024-06-05 00:00:00,NEFT CMS4207818264 EDELWEISS,-1,-1,,-2,,,,-1,0873727098,31
7499,10,2024-06-05 00:00:00,NEFT N157243076869835 QUANT M F,-1,-1,,-2,,,,-1,0873888296,31
7500,10,2024-06-06 00:00:00,NEFT N158243078694979 NIPPON INDIA,-1,-1,,-2,,,,-1,0874733832,31
7501,10,2024-06-06 00:00:00,NEFT N158243079168144 CANARA,-1,-1,,-2,,,,-1,0874839874,31
7502,10,2024-06-07 00:00:00,NEFT N159243081256052 TMF BROKERAGE,-1,-1,,-2,,,,-1,0875744021,31
7503,10,2024-06-07 00:00:00,NEFT CMS4212951032 DSP MF,-1,-1,,-2,,,,-1,0875824867,31
7504,10,2024-06-07 00:00:00,NEFT N159243081779818 NATIONAL,-1,-1,,-2,,,,-1,0875856880,31
7505,10,2024-06-07 00:00:00,NEFT N159243082492520 MOTILAL OSWAL,-1,-1,,-2,,,,-1,0876017209,31
7506,12,2024-06-10 00:00:00,Recd:IMPS/416214124522/Mr,-1,-1,,-2,,,,-1,416214770967,31
7507,10,2024-06-10 00:00:00,NEFT N162243086660917 PPFAS MUTUAL,-1,-1,,-2,,,,-1,0878412059,31
7508,10,2024-06-10 00:00:00,NEFT N162243086815033 NATIONAL,-1,-1,,-2,,,,-1,0878459461,31
7509,10,2024-06-10 00:00:00,NEFT N162243086957136 SBIMF,-1,-1,,-2,,,,-1,0878491103,31
7510,6,2024-06-10 00:00:00,MB:SENT TO CREATIVE PRINTERS/TOPRINT K,-1,-1,,-2,,,,-1,MB-998672400317,31
7511,6,2024-06-11 00:00:00,MB:SENT TO CREATIVE PRINTERS/TOPRINTERS,-1,-1,,-2,,,,-1,MB-998672238582,31
7514,6,2024-05-21 00:00:00,NACH-10-DR-SMALLCASE-AZOVTJ5I9FFL,-1,-1,,-2,,,,-1,181714,31
7516,10,2024-03-31 00:00:00,,-1,-1,,-2,,,,,,29
7517,6,2024-04-03 00:00:00,MB:SENT TO CREATIVE PACKAGING/TOPACK K,-1,-1,,-2,,,,-1,MB-998713333627,29
7518,12,2024-04-03 00:00:00,ATW/7668/+Dr. A. B. RoadWorliMumbaiM030424/15:15,-1,-1,,-2,,,,-1,409409463308,29
7521,6,2024-04-05 00:00:00,MB:SENT TO CREATIVE PACKAGING/TOPACK K,-1,-1,,-2,,,,-1,MB-998711899745,29
7524,6,2024-04-10 00:00:00,MB:SENT TO CREATIVE PACKAGING/TOPACK K,-1,-1,,-2,,,,-1,MB-998708435910,29
7525,12,2024-04-10 00:00:00,ATW/7668/+Dr. A. B. RoadWorliMumbaiM100424/16:06,-1,-1,,-2,,,,-1,410110464163,29
7526,6,2024-04-18 00:00:00,MB:SENT TO CREATIVE PACKAGING/TOPACK,-1,-1,,-2,,,,-1,MB-998703443755,29
7527,6,2024-04-24 00:00:00,MB:SENT TO CREATIVE PACKAGING/TOPACK K,-1,-1,,-2,,,,-1,MB-998700485152,29
7528,12,2024-04-24 00:00:00,ATW/7668/+Dr. A. B. RoadWorliMumbaiM240424/13:56,-1,-1,,-2,,,,-1,411508465405,29
7529,6,2024-05-01 00:00:00,SentIMPS412222706730unnati p,-1,-1,,-2,,,,-1,412222909739,29
7530,6,2024-05-03 00:00:00,MB:SENT TO CREATIVE PACKAGING/TOPACK K,-1,-1,,-2,,,,-1,MB-998694856792,29
7531,10,2024-05-09 00:00:00,MB:RECEIVED FROM CREATIVEPACKAGING/TO UPS K,-1,-1,,-2,,,,-1,MB-998691193635,29
7532,10,2024-05-10 00:00:00,Recd:IMPS/413118901572/MEESHO-,-1,-1,,-2,,,,-1,413118648378,29
7533,4,2024-05-22 00:00:00,SentIMPS414307055479unnati p,-1,-1,,-2,,,,-1,414307422807,29
7535,4,2024-05-22 00:00:00,Recd:IMPS/414310781226/Ms,-1,-1,,-2,,,,-1,414310548272,29
7537,6,2024-05-23 00:00:00,MB:SENT TO CREATIVE PACKAGING/TOPACK K,-1,-1,,-2,,,,-1,MB-998683135560,29
7538,6,2024-05-23 00:00:00,MB:SENT TO CREATIVE PACKAGING/TOPACK,-1,-1,,-2,,,,-1,MB-998683083698,29
7541,6,2024-05-28 00:00:00,MB:SENT TO CREATIVE PACKAGING/TOPACK,-1,-1,,-2,,,,-1,MB-998680803924,29
7542,10,2024-05-29 00:00:00,MB:RECEIVED FROM SAAHIL PRAMESHSHAH/TO UPS K,-1,-1,,-2,,,,-1,MB-998680257959,29
7543,6,2024-05-29 00:00:00,MB:SENT TO CREATIVE PACKAGING/TOPACK,-1,-1,,-2,,,,-1,MB-998680257516,29
7544,4,2024-05-08 00:00:00,,-1,-1,,-2,,,,,,62
7545,4,2024-05-29 00:00:00,,-1,-1,,-2,,,,,,62
7546,6,2024-05-10 00:00:00,,-1,-1,,-2,,,,,,62
7547,4,2024-06-12 00:00:00,,-1,-1,,-2,,,,,,62
7549,10,2024-03-31 00:00:00,,-1,-1,,-2,,,,,,36
7550,12,2024-04-02 00:00:00,SentIMPS409309569457Krisha,-1,-1,,-2,,,,-1,409309529420,36
7551,6,2024-04-03 00:00:00,MB:SENT TO PRAMESH RAJENDRASHAH/TO PRS K,-1,-1,,-2,,,,-1,MB-998713331622,36
7552,6,2024-04-18 00:00:00,SentIMPS410915647023Krisha,-1,-1,,-2,,,,-1,410915623787,36
7553,6,2024-05-02 00:00:00,SentIMPS412312990546Krisha,-1,-1,,-2,,,,-1,412312616415,36
7554,10,2024-05-04 00:00:00,Recd:IMPS/412521147662/Amazon,-1,-1,,-2,,,,-1,412521748354,36
7555,10,2024-05-08 00:00:00,Recd:IMPS/412913343132/VIPUL,-1,-1,,-2,,,,-1,412913979844,36
7556,10,2024-05-12 00:00:00,Recd:IMPS/413315980689/MEESHO-,-1,-1,,-2,,,,-1,413315067539,36
7557,10,2024-05-13 00:00:00,Recd:IMPS/413422357591/Amazon,-1,-1,,-2,,,,-1,413422024740,36
7559,10,2024-05-28 00:00:00,MB:RECEIVED FROM CREATIVEPRINTERS/TO KRISHA BILL,-1,-1,,-2,,,,-1,MB-998680825161,36
7560,6,2024-05-28 00:00:00,SentIMPS414916843372Krisha,-1,-1,,-2,,,,-1,414916401558,36
7561,10,2024-06-01 00:00:00,NEFT N153243068385105 SMC GLOBAL,-1,-1,,-2,,,,-1,0870129170,36
7562,6,2024-06-10 00:00:00,SentIMPS416222228205Krisha,-1,-1,,-2,,,,-1,416222486305,36
7563,6,2024-06-11 00:00:00,PG NISM EXAM NISM PURCHASE,-1,-1,,-2,,,,-1,KPG-0211176500,36
7564,10,2024-03-31 00:00:00,,-1,-1,,-2,,,,,,32
7565,10,2024-03-30 00:00:00,,-1,-1,,-2,,,,,,32
7566,10,2024-03-28 00:00:00,,-1,-1,,-2,,,,,,32
7567,6,2024-03-28 00:00:00,,-1,-1,,-2,,,,,,32
7568,6,2024-03-26 00:00:00,,-1,-1,,-2,,,,,,32
7569,6,2024-04-03 00:00:00,,-1,-1,,-2,,,,,,32
7570,6,2024-04-10 00:00:00,,-1,-1,,-2,,,,,,32
7571,6,2024-04-23 00:00:00,,-1,-1,,-2,,,,,,32
7572,10,2024-04-23 00:00:00,,-1,-1,,-2,,,,,,32
7573,6,2024-04-23 00:00:00,,-1,-1,,-2,,,,,,32
7574,10,2024-05-09 00:00:00,,-1,-1,,-2,,,,,,32
7575,6,2024-05-09 00:00:00,,-1,-1,,-2,,,,,,32
7576,6,2024-05-10 00:00:00,hdfc argo,-1,-1,,-2,,,,,,32
7577,6,2024-05-21 00:00:00,,-1,-1,,-2,,,,,,32
7578,4,2024-05-30 00:00:00,,-1,-1,,-2,,,,,,32
7579,10,2024-03-31 00:00:00,,-1,-1,,-2,,,,,,61
7580,10,2024-06-12 00:00:00,,-1,-1,,-2,,,,,,31
7581,6,2024-06-10 00:00:00,,-1,-1,,-2,,,,,,31
7583,6,2024-06-04 00:00:00,,-1,-1,,-2,,,,,,31
7584,10,2024-05-31 00:00:00,,-1,-1,,-2,,,,,,31
7585,10,2024-05-15 00:00:00,,-1,-1,,-2,,,,,,31
7586,10,2024-05-15 00:00:00,,-1,-1,,-2,,,,,,31
7587,6,2024-05-07 00:00:00,,-1,-1,,-2,,,,,,31
7588,10,2024-04-30 00:00:00,,-1,-1,,-2,,,,,,31
7590,6,2024-04-22 00:00:00,,-1,-1,,-2,,,,,,31
7591,6,2024-04-18 00:00:00,,-1,-1,,-2,,,,,,31
7594,10,2024-04-10 00:00:00,,-1,-1,,-2,,,,,,31
7595,10,2024-04-07 00:00:00,,-1,-1,,-2,,,,,,31
7596,10,2024-03-28 00:00:00,bel div,-1,-1,,-2,,,,,,31
7597,10,2024-03-30 00:00:00,pfc,-1,-1,,-2,,,,,,31
7598,10,2024-03-30 00:00:00,,-1,-1,,-2,,,,,,31
7599,10,2024-03-31 00:00:00,,-1,-1,,-2,,,,,,31
7600,6,2024-04-06 00:00:00,psu babk,-1,-1,,-2,,,,,,31
7601,6,2024-04-12 00:00:00,psu bk,-1,-1,,-2,,,,,,31
7602,6,2024-04-20 00:00:00,pus bank,-1,-1,,-2,,,,,,31
7603,6,2024-04-26 00:00:00,pus bank,-1,-1,,-2,,,,,,31
7604,6,2024-05-04 00:00:00,psu bank,-1,-1,,-2,,,,,,31
7605,6,2024-05-10 00:00:00,pus bank,-1,-1,,-2,,,,,,31
7606,6,2024-05-18 00:00:00,pus bank,-1,-1,,-2,,,,,,31
7607,6,2024-05-24 00:00:00,pus bank,-1,-1,,-2,,,,,,31
7608,6,2024-06-01 00:00:00,pus bank,-1,-1,,-2,,,,,,31
7609,10,2024-03-31 00:00:00,,-1,-1,,-2,,,,,,29
7610,10,2024-04-30 00:00:00,,-1,-1,,-2,,,,,,29
7612,10,2024-05-22 00:00:00,,-1,-1,,-2,,,,,,29
7613,10,2024-05-31 00:00:00,,-1,-1,,-2,,,,,,29
7614,6,2024-06-09 00:00:00,,-1,-1,,-2,,,,,,29
7616,10,2024-03-31 00:00:00,,-1,-1,,-2,,,,,,30
7617,10,2024-04-30 00:00:00,,-1,-1,,-2,,,,,,30
7618,10,2024-05-31 00:00:00,,-1,-1,,-2,,,,,,30
7619,10,2024-03-30 00:00:00,,-1,-1,,-2,,,,,,36
7620,10,2024-03-31 00:00:00,,-1,-1,,-2,,,,,,36
7621,6,2024-04-02 00:00:00,,-1,-1,,-2,,,,,,36
7622,10,2024-04-06 00:00:00,,-1,-1,,-2,,,,,,36
7623,6,2024-04-18 00:00:00,,-1,-1,,-2,,,,,,36
7625,10,2024-04-30 00:00:00,,-1,-1,,-2,,,,,,36
7627,6,2024-04-28 00:00:00,,-1,-1,,-2,,,,,,36
7628,10,2024-05-31 00:00:00,,-1,-1,,-2,,,,,,36
7632,10,2024-05-03 00:00:00,,-1,-1,,-2,,,,,,32
7634,10,2024-05-29 00:00:00,,-1,-1,,-2,,,,,,32
7635,10,2024-06-13 00:00:00,,-1,-1,,-2,,,,,,31
7636,6,2024-03-30 00:00:00,,-1,-1,,-2,,,,,,30
7637,6,2024-06-13 00:00:00,,-1,-1,,-2,,,,,,30
7640,6,2024-03-30 00:00:00,,-1,-1,,-2,,,,,,29
7641,6,2024-06-13 00:00:00,,-1,-1,,-2,,,,,,29
7642,6,2024-03-30 00:00:00,,-1,-1,,-2,,,,,,31
7643,10,2024-03-30 00:00:00,,-1,-1,,-2,,,,,,31
7644,10,2024-05-15 00:00:00,,-1,-1,,-2,,,,,,31
7645,6,2024-06-13 00:00:00,,-1,-1,,-2,,,,,,31
7647,10,2024-06-13 00:00:00,,-1,-1,,-2,,,,,,29
7648,4,2024-06-15 00:00:00,,-1,-1,,-2,,,,,,29
7649,10,2024-06-17 00:00:00,,-1,-1,,-2,,,,,,30
7650,4,2024-03-31 00:00:00,,-1,-1,,-2,,,,,,30
7651,4,2024-03-31 00:00:00,,-1,-1,,-2,,,,,,29
7652,4,2024-03-31 00:00:00,,-1,-1,,-2,,,,,,31
7653,4,2024-03-31 00:00:00,,-1,-1,,-2,,,,,,36
7654,10,2024-06-14 00:00:00,smc,-1,-1,,-2,,,,,,36
7656,4,2024-06-21 00:00:00,,-1,-1,,-2,,,,,,30
7657,4,2024-06-18 00:00:00,,-1,-1,,-2,,,,,,31
7659,6,2024-06-19 00:00:00,,-1,-1,,-2,,,,,,31
7660,6,2024-06-19 00:00:00,,-1,-1,,-2,,,,,,31
7661,6,2024-06-19 00:00:00,,-1,-1,,-2,,,,,,31
7662,6,2024-06-13 00:00:00,,-1,-1,,-2,,,,,,31
7663,6,2024-06-13 00:00:00,,-1,-1,,-2,,,,,,31
7664,10,2024-06-19 00:00:00,,-1,-1,,-2,,,,,,29
7665,6,2024-06-19 00:00:00,,-1,-1,,-2,,,,,,29
7666,10,2024-06-15 00:00:00,,-1,-1,,-2,,,,,,29
7667,4,2024-06-18 00:00:00,,-1,-1,,-2,,,,,,29
7668,6,2024-06-19 00:00:00,,-1,-1,,-2,,,,,,29
7669,10,2024-06-19 00:00:00,,-1,-1,,-2,,,,,,29
7670,6,2024-06-18 00:00:00,,-1,-1,,-2,,,,,,29
7671,6,2024-06-18 00:00:00,,-1,-1,,-2,,,,,,31
7672,10,2024-06-14 00:00:00,,-1,-1,,-2,,,,,,31
7673,6,2024-06-15 00:00:00,,-1,-1,,-2,,,,,,31
7674,6,2024-06-22 00:00:00,,-1,-1,,-2,,,,,,31
7675,6,2024-06-18 00:00:00,,-1,-1,,-2,,,,,,32
7676,6,2024-06-19 00:00:00,,-1,-1,,-2,,,,,,32
7677,10,2024-06-15 00:00:00,,-1,-1,,-2,,,,,,32
7678,10,2024-06-24 00:00:00,,-1,-1,,-2,,,,,,31
7679,6,2024-06-24 00:00:00,,-1,-1,,-2,,,,,,31
7680,6,2024-06-22 00:00:00,,-1,-1,,-2,,,,,,31
7681,6,2024-06-24 00:00:00,,-1,-1,,-2,,,,,,30
7682,6,2024-06-24 00:00:00,,-1,-1,,-2,,,,,,30
7683,10,2024-06-24 00:00:00,,-1,-1,,-2,,,,,,36
7684,6,2024-06-25 00:00:00,,-1,-1,,-2,,,,,,36
7685,10,2024-06-24 00:00:00,,-1,-1,,-2,,,,,,29
7686,6,2024-06-24 00:00:00,,-1,-1,,-2,,,,,,29
7687,6,2024-06-24 00:00:00,dd to MF,-1,-1,,-2,,,,,,36
7689,10,2024-06-24 00:00:00,,-1,-1,,-2,,,,,,29
7690,10,2024-06-25 00:00:00,,-1,-1,,-2,,,,,,32
7691,4,2024-06-25 00:00:00,,-1,-1,,-2,,,,,,32
7692,4,2024-06-25 00:00:00,,-1,-1,,-2,,,,,,31
7693,4,2024-06-25 00:00:00,,-1,-1,,-2,,,,,,29
7694,10,2024-06-25 00:00:00,,-1,-1,,-2,,,,,,30
7695,6,2024-06-25 00:00:00,,-1,-1,,-2,,,,,,29
7696,4,2024-06-26 00:00:00,,-1,-1,,-2,,,,,,36
7697,4,2024-03-31 00:00:00,,-1,-1,,-2,,,,,,36
7698,4,2024-03-31 00:00:00,,-1,-1,,-2,,,,,,36
7699,4,2024-03-31 00:00:00,last day tds,-1,-1,,-2,,,,,,32
7700,6,2023-07-01 00:00:00,,-1,-1,,-2,,,,,,36
7701,4,2024-03-31 00:00:00,,-1,-1,,-2,,,,,,36
7702,4,2024-03-31 00:00:00,,-1,-1,,-2,,,,,,29
7703,4,2024-03-31 00:00:00,,-1,-1,,-2,,,,,,29
7704,4,2024-03-31 00:00:00,,-1,-1,,-2,,,,,,29
7705,10,2024-07-01 00:00:00,,-1,-1,,-2,,,,,,31
7706,6,2024-07-01 00:00:00,,-1,-1,,-2,,,,,,30
7707,6,2024-07-01 00:00:00,,-1,-1,,-2,,,,,,30
7708,4,2024-03-31 00:00:00,,-1,-1,,-2,,,,,,31
7709,4,2024-03-31 00:00:00,,-1,-1,,-2,,,,,,30
7710,4,2024-03-31 00:00:00,,-1,-1,,-2,,,,,,30
7711,4,2024-03-31 00:00:00,,-1,-1,,-2,,,,,,30
7712,4,2024-03-31 00:00:00,,-1,-1,,-2,,,,,,30
7713,4,2024-03-31 00:00:00,,-1,-1,,-2,,,,,,30
7714,4,2024-03-31 00:00:00,,-1,-1,,-2,,,,,,36
7715,4,2024-03-31 00:00:00,,-1,-1,,-2,,,,,,32
7716,4,2024-03-31 00:00:00,,-1,-1,,-2,,,,,,32
7717,4,2024-03-31 00:00:00,,-1,-1,,-2,,,,,,32
7718,4,2024-03-31 00:00:00,,-1,-1,,-2,,,,,,31
7719,4,2024-03-31 00:00:00,,-1,-1,,-2,,,,,,31
7720,4,2024-03-31 00:00:00,,-1,-1,,-2,,,,,,31
7721,4,2024-03-31 00:00:00,,-1,-1,,-2,,,,,,29
7722,10,2024-03-31 00:00:00,,-1,-1,,-2,,,,,,29
7723,6,2024-03-28 00:00:00,,-1,-1,,-2,,,,,,30
7724,6,2023-12-04 00:00:00,,-1,-1,,-2,,,,,,30
7725,6,2023-12-04 00:00:00,,-1,-1,,-2,,,,,,30
7726,6,2023-12-31 00:00:00,,-1,-1,,-2,,,,,,30
7727,6,2024-03-31 00:00:00,,-1,-1,,-2,,,,,,30
7728,10,2023-09-30 00:00:00,,-1,-1,,-2,,,,,,31
7729,10,2023-12-31 00:00:00,,-1,-1,,-2,,,,,,31
7730,10,2024-03-31 00:00:00,,-1,-1,,-2,,,,,,31
7731,10,2023-09-30 00:00:00,,-1,-1,,-2,,,,,,29
7732,10,2023-12-31 00:00:00,,-1,-1,,-2,,,,,,29
7733,10,2024-03-31 00:00:00,,-1,-1,,-2,,,,,,29
7734,6,2024-03-31 00:00:00,,-1,-1,,-2,,,,,,30
7735,10,2023-11-09 00:00:00,,-1,-1,,-2,,,,,,30
7737,10,2023-06-25 00:00:00,,-1,-1,,-2,,,,,,29
7738,10,2023-09-25 00:00:00,,-1,-1,,-2,,,,,,29
7739,10,2023-12-25 00:00:00,,-1,-1,,-2,,,,,,29
7740,10,2024-03-25 00:00:00,,-1,-1,,-2,,,,,,29
7741,10,2024-06-25 00:00:00,,-1,-1,,-2,,,,,,29
7742,4,2023-04-25 00:00:00,,-1,-1,,-2,,,,,,29
7743,10,2024-03-30 00:00:00,,-1,-1,,-2,,,,,,29
7744,10,2023-10-13 00:00:00,,-1,-1,,-2,,,,,,36
7745,4,2023-05-31 00:00:00,,-1,-1,,-2,,,,,,36
7746,10,2024-03-30 00:00:00,,-1,-1,,-2,,,,,,30
7747,4,2024-03-31 00:00:00,,-1,-1,,-2,,,,,,30
7749,4,2023-05-09 00:00:00,LWP - HOUSEHOLD,-1,-1,,-2,,,,,,36
7750,4,2024-03-31 00:00:00,RIL IEPF 200 SHARE,-1,-1,,-2,,,,,,29
7751,10,2023-10-13 00:00:00,hdfc fraction,-1,-1,,-2,,,,,,29
7753,4,2024-03-31 00:00:00,accrued int PAID WHILE PURCHASE,-1,-1,,-2,,,,,,31
7754,4,2024-03-31 00:00:00,ACCRUED INT PAID WHILE PURCHASE,-1,-1,,-2,,,,,,31
7755,4,2023-03-31 00:00:00,,-1,-1,,-2,,,,,,29
7756,4,2023-10-13 00:00:00,,-1,-1,,-2,,,,,,31
7757,4,2024-03-31 00:00:00,,-1,-1,,-2,,,,,,30
7762,6,2024-06-28 00:00:00,MB:SENT TO CREATIVE PRINTERS/TOPRINTERS K,-1,-1,,-2,,,,-1,MB-998662839761,31
7763,6,2024-06-28 00:00:00,MB:SENT TO CREATIVE PRINTERS/TOPRINT K,-1,-1,,-2,,,,-1,MB-998662831742,31
7764,10,2024-06-28 00:00:00,NEFT N180243117627041 SMC GLOBAL,-1,-1,,-2,,,,-1,0894682629,31
7765,10,2024-06-30 00:00:00,Int.Pd:1712151141:01-04-2024 to 30-06-2024,-1,-1,,-2,,,,-1,,31
7766,6,2024-07-01 00:00:00,MB:SENT TO CREATIVE PRINTERS/TOPRINT,-1,-1,,-2,,,,-1,MB-998661220693,31
7767,6,2024-07-01 00:00:00,MB:SENT TO CREATIVE PRINTERS/TOPRINT,-1,-1,,-2,,,,-1,MB-998661216594,31
7768,10,2024-07-04 00:00:00,NEFT N186243130272489 NIPPON INDIA,-1,-1,,-2,,,,-1,0900524973,31
7769,10,2024-07-05 00:00:00,Recd:IMPS/418714103916/CAMS/KKBK/X5,-1,-1,,-2,,,,-1,418714740984,31
7770,10,2024-07-05 00:00:00,NEFT CMS4289797251 EDELWEISS,-1,-1,,-2,,,,-1,0901682612,31
7771,10,2024-07-05 00:00:00,NEFT N187243133848664 QUANT M F,-1,-1,,-2,,,,-1,0901902089,31
7772,6,2024-07-07 00:00:00,UPI/Axis/418970410177/payment on CRED,-1,-1,,-2,,,,-1,UPI-418901133159,31
7773,10,2024-07-08 00:00:00,NEFT CMS4301792091 DSP MF,-1,-1,,-2,,,,-1,0904834250,31
7774,10,2024-07-08 00:00:00,NEFT N190243140425777 SBIMF,-1,-1,,-2,,,,-1,0905032255,31
7775,10,2024-07-08 00:00:00,NEFT N190243140846837 TMF BROKERAGE,-1,-1,,-2,,,,-1,0905132416,31
7776,10,2024-07-08 00:00:00,NEFT N190243141021758 MOTILAL OSWAL,-1,-1,,-2,,,,-1,0905163172,31
7777,10,2024-07-08 00:00:00,NEFT N190243140936926 PPFAS MUTUAL,-1,-1,,-2,,,,-1,0905148769,31
7778,10,2024-07-08 00:00:00,NEFT CMS4302589897 ICICI PRUDENTIAL,-1,-1,,-2,,,,-1,0905222572,31
7779,10,2024-07-08 00:00:00,NEFT N190243141427662 CANARA,-1,-1,,-2,,,,-1,0905230860,31
7781,6,2024-07-15 00:00:00,NACH-10-DR-SMALLCASE-BEAVY232TBOQ,-1,-1,,-2,,,,-1,405307,31
7782,10,2024-07-15 00:00:00,NEFT CITIN24496774287 ICICI PRUDENTIAL,-1,-1,,-2,,,,-1,0911856033,31
7783,10,2024-07-15 00:00:00,NEFT CITIN24496774288 ICICI PRUDENTIAL,-1,-1,,-2,,,,-1,0911856035,31
7784,10,2024-07-15 00:00:00,NEFT CITIN24496774284 ICICI PRUDENTIAL,-1,-1,,-2,,,,-1,0911856037,31
7785,10,2024-07-15 00:00:00,NEFT CITIN24496774285 ICICI PRUDENTIAL,-1,-1,,-2,,,,-1,0911856040,31
7786,10,2024-07-15 00:00:00,NEFT CITIN24496774286 ICICI PRUDENTIAL,-1,-1,,-2,,,,-1,0911856042,31
7787,6,2024-07-17 00:00:00,IB: ETAX TIN2 0032332779,-1,-1,,-2,,,,-1,GBM-0032332779,31
7790,10,2024-07-22 00:00:00,NEFT CITIN24499209523 ICICI PRUDENTIAL,-1,-1,,-2,,,,-1,0918036072,31
7791,10,2024-07-22 00:00:00,NEFT CITIN24499209524 ICICI PRUDENTIAL,-1,-1,,-2,,,,-1,0918036073,31
7792,10,2024-07-23 00:00:00,NEFT CMS4338664620 TATA MUTUAL,-1,-1,,-2,,,,-1,0918590179,31
7793,10,2024-07-23 00:00:00,Recd:IMPS/420511567012/Mr,-1,-1,,-2,,,,-1,420511993750,31
7797,6,2024-07-25 00:00:00,MB:SENT TO KRISHA SAAHIL SHAH/TO KSSK,-1,-1,,-2,,,,-1,MB-998646923807,31
7798,10,2024-07-25 00:00:00,MB:RECEIVED FROM CREATIVEPRINTERS/TO SPS K,-1,-1,,-2,,,,-1,MB-998646902153,31
7799,6,2024-07-25 00:00:00,MB:SENT TO KRISHA SAAHIL SHAH/TO KSSK,-1,-1,,-2,,,,-1,MB-998646900710,31
7801,10,2024-07-26 00:00:00,MB:RECEIVED FROM UNNATI PRAMESHSHAH/TO SPS K,-1,-1,,-2,,,,-1,MB-998646360419,31
7802,10,2024-07-26 00:00:00,MB:RECEIVED FROM SAAHIL SHAH HUF/TOSPS K,-1,-1,,-2,,,,-1,MB-998646341912,31
7803,10,2024-07-26 00:00:00,MB:RECEIVED MONEY FROM OWN5348806437/TO SPS K,-1,-1,,-2,,,,-1,MB-998646341902,31
7804,6,2024-07-26 00:00:00,MB:SENT TO UNNATI PRAMESH SHAH/TOUPS K,-1,-1,,-2,,,,-1,MB-998646337620,31
7805,10,2024-07-26 00:00:00,MB:RECEIVED MONEY FROM OWN6945111207/TO SPS K,-1,-1,,-2,,,,-1,MB-998646200020,31
7806,6,2024-07-26 00:00:00,MB:SENT TO CREATIVE PRINTERS/TOPRINT K,-1,-1,,-2,,,,-1,MB-998646199352,31
7807,4,2024-07-24 00:00:00,,-1,-1,,-2,,,,,,31
7808,10,2024-07-01 00:00:00,Int.Pd:2012066081:01-04-2024 to 30-06-2024,-1,-1,,-2,,,,-1,,30
7809,10,2024-07-06 00:00:00,NEFT IN1ON24070602WQO MIRAE ASSET,-1,-1,,-2,,,,-1,0902945123,30
7810,6,2024-07-12 00:00:00,PG INDIAN RAILWAY CATER,-1,-1,,-2,,,,-1,KPG-0212873981,30
7811,10,2024-07-16 00:00:00,NEFT IN1ON24071600FWK MIRAE ASSET,-1,-1,,-2,,,,-1,0912412897,30
7812,6,2024-07-17 00:00:00,IB: ETAX TIN2 0032331108,-1,-1,,-2,,,,-1,GBM-0032331108,30
7813,12,2024-07-17 00:00:00,SentIMPS419923715953pramesh,-1,-1,,-2,,,,-1,419923141738,30
7816,6,2024-07-22 00:00:00,MB:SENT TO UNNATI PRAMESH SHAH/TOUPS K,-1,-1,,-2,,,,-1,MB-998648663362,30
7817,10,2024-07-26 00:00:00,MB:RECEIVED FROM UNNATI PRAMESHSHAH/TO PRSK,-1,-1,,-2,,,,-1,MB-998646357332,30
7818,10,2024-07-26 00:00:00,MB:RECEIVED FROM PRAMESH SHAHHUF/TO PRS K,-1,-1,,-2,,,,-1,MB-998646340939,30
7819,10,2024-07-26 00:00:00,MB:RECEIVED MONEY FROM OWN6945111207/TO PRS K,-1,-1,,-2,,,,-1,MB-998646318278,30
7820,6,2024-07-28 00:00:00,PG INDIAN RAILWAY CATER,-1,-1,,-2,,,,-1,KPG-0213724758,30
7821,6,2024-06-19 00:00:00,,-1,-1,,-2,,,,,,30
7822,6,2024-06-28 00:00:00,MB:SENT TO CREATIVE PACKAGING/TOPACK K,-1,-1,,-2,,,,-1,MB-998662840122,29
7823,10,2024-07-01 00:00:00,Int.Pd:1912581915:01-04-2024 to 30-06-2024,-1,-1,,-2,,,,-1,,29
7824,6,2024-07-01 00:00:00,MB:SENT TO CREATIVE PACKAGING/TOPACK K,-1,-1,,-2,,,,-1,MB-998661316185,29
7825,10,2024-07-01 00:00:00,MB:RECEIVED FROM PRAMESH RAJENDRASHAH/TO UPS K,-1,-1,,-2,,,,-1,MB-998661213112,29
7826,6,2024-07-01 00:00:00,MB:SENT TO CREATIVE PACKAGING/TOPACK K,-1,-1,,-2,,,,-1,MB-998661212853,29
7827,12,2024-07-03 00:00:00,SentIMPS418509511068UNNATI,-1,-1,,-2,,,,-1,418509641060,29
7828,6,2024-07-06 00:00:00,MB:SENT TO CREATIVE PACKAGING/TOPACK K,-1,-1,,-2,,,,-1,MB-998657609036,29
7829,10,2024-07-07 00:00:00,Recd:IMPS/418921180940/Amazon,-1,-1,,-2,,,,-1,418921854725,29
7831,10,2024-07-13 00:00:00,Recd:IMPS/419517568314/FLIPKART,-1,-1,,-2,,,,-1,419517092190,29
7832,10,2024-07-16 00:00:00,Recd:IMPS/419817913585/FLIPKART,-1,-1,,-2,,,,-1,419817588051,29
7833,10,2024-07-17 00:00:00,Recd:IMPS/419916070205/Amazon,-1,-1,,-2,,,,-1,419916688838,29
7834,10,2024-07-17 00:00:00,MB:RECEIVED FROM CREATIVEPACKAGING/TOUPS K,-1,-1,,-2,,,,-1,MB-998650989859,29
7835,6,2024-07-17 00:00:00,IB: ETAX TIN2 0032332848,-1,-1,,-2,,,,-1,GBM-0032332848,29
7836,10,2024-07-22 00:00:00,MB:RECEIVED FROM PRAMESH RAJENDRASHAH/TO UPS K,-1,-1,,-2,,,,-1,MB-998648663362,29
7837,6,2024-07-22 00:00:00,MB:SENT TO CREATIVE PACKAGING/TOPACK K,-1,-1,,-2,,,,-1,MB-998648663075,29
7839,10,2024-07-23 00:00:00,MB:RECEIVED FROM CREATIVEPACKAGING/TO PACK K,-1,-1,,-2,,,,-1,MB-998647865342,29
7840,10,2024-07-24 00:00:00,Recd:IMPS/420619977168/MF,-1,-1,,-2,,,,-1,420619756523,29
7841,12,2024-07-25 00:00:00,Recd:IMPS/420710420558/Ms,-1,-1,,-2,,,,-1,420710262458,29
7842,6,2024-07-25 00:00:00,MB:SENT TO KRISHA SAAHIL SHAH/TO KSSK,-1,-1,,-2,,,,-1,MB-998646899951,29
7843,12,2024-07-26 00:00:00,Recd:IMPS/420810426566/Ms,-1,-1,,-2,,,,-1,420810429170,29
7844,6,2024-07-26 00:00:00,MB:SENT TO SAAHIL PRAMESH SHAH/TOSPS K,-1,-1,,-2,,,,-1,MB-998646360419,29
7845,6,2024-07-26 00:00:00,MB:SENT TO PRAMESH RAJENDRASHAH/TO PRSK,-1,-1,,-2,,,,-1,MB-998646357332,29
7846,10,2024-07-26 00:00:00,MB:RECEIVED FROM SAAHIL PRAMESHSHAH/TO UPS K,-1,-1,,-2,,,,-1,MB-998646337620,29
7847,10,2024-07-26 00:00:00,MB:RECEIVED MONEY FROM OWN6945111207/TO UPSK,-1,-1,,-2,,,,-1,MB-998646319521,29
7848,4,2024-07-27 00:00:00,,-1,-1,,-2,,,,,,29
7849,4,2024-06-20 00:00:00,SentIMPS417220509590Krisha,-1,-1,,-2,,,,-1,417220763341,36
7850,10,2024-06-30 00:00:00,Int.Pd:6945111207:01-04-2024 to 30-06-2024,-1,-1,,-2,,,,-1,,36
7851,10,2024-07-05 00:00:00,Recd:IMPS/418721220516/Amazon,-1,-1,,-2,,,,-1,418721367635,36
7852,10,2024-07-09 00:00:00,Recd:IMPS/419116752154/FLIPKART,-1,-1,,-2,,,,-1,419116135595,36
7853,10,2024-07-10 00:00:00,Recd:IMPS/419214362635/MYNTRA,-1,-1,,-2,,,,-1,419214297048,36
7854,6,2024-07-17 00:00:00,IB: ETAX TIN2 0032332969,-1,-1,,-2,,,,-1,GBM-0032332969,36
7855,10,2024-07-25 00:00:00,MB:RECEIVED FROM SAAHIL PRAMESHSHAH/TO KSS K,-1,-1,,-2,,,,-1,MB-998646923807,36
7856,10,2024-07-25 00:00:00,MB:RECEIVED FROM SAAHIL PRAMESHSHAH/TO KSS K,-1,-1,,-2,,,,-1,MB-998646900710,36
7857,10,2024-07-25 00:00:00,MB:RECEIVED FROM UNNATI PRAMESHSHAH/TO KSS K,-1,-1,,-2,,,,-1,MB-998646899951,36
7858,12,2024-07-26 00:00:00,Recd:IMPS/420811494020/Mrs,-1,-1,,-2,,,,-1,420811509404,36
7859,6,2024-07-26 00:00:00,MB:SENT MONEY TO OWN 1912581915/TOUPSK,-1,-1,,-2,,,,-1,MB-998646319521,36
7860,6,2024-07-26 00:00:00,MB:SENT MONEY TO OWN 2012066081/TOPRS K,-1,-1,,-2,,,,-1,MB-998646318278,36
7861,6,2024-07-26 00:00:00,MB:SENT MONEY TO OWN 1712151141/TOSPS K,-1,-1,,-2,,,,-1,MB-998646200020,36
7862,10,2024-06-30 00:00:00,,-1,-1,,-2,,,,,,61
7863,6,2024-07-26 00:00:00,,-1,-1,,-2,,,,,,61
7864,10,2024-06-11 00:00:00,,-1,-1,,-2,,,,,,61
7865,10,2024-06-07 00:00:00,,-1,-1,,-2,,,,,,61
7866,6,2024-06-28 00:00:00,,-1,-1,,-2,,,,,,32
7867,10,2024-06-30 00:00:00,,-1,-1,,-2,,,,,,32
7868,6,2024-07-13 00:00:00,,-1,-1,,-2,,,,,,32
7869,6,2024-07-17 00:00:00,,-1,-1,,-2,,,,,,32
7870,10,2024-07-23 00:00:00,,-1,-1,,-2,,,,,,32
7871,6,2024-07-26 00:00:00,,-1,-1,,-2,,,,,,32
7872,4,2024-07-26 00:00:00,,-1,-1,,-2,,,,,,32
7874,6,2024-05-15 00:00:00,,-1,-1,,-2,,,,,,36
7875,6,2024-07-29 00:00:00,,-1,-1,,-2,,,,,,36
7876,10,2024-07-29 00:00:00,,-1,-1,,-2,,,,,,31
7877,6,2024-06-24 00:00:00,,-1,-1,,-2,,,,,,62
7878,10,2024-06-30 00:00:00,,-1,-1,,-2,,,,,,62
7879,10,2024-07-09 00:00:00,,-1,-1,,-2,,,,,,62
7880,6,2024-07-26 00:00:00,,-1,-1,,-2,,,,,,62
7881,10,2024-07-28 00:00:00,,-1,-1,,-2,,,,,,29
7887,10,2024-06-30 00:00:00,,-1,-1,,-2,,,,,,29
7889,10,2024-07-06 00:00:00,,-1,-1,,-2,,,,,,29
7890,10,2024-07-24 00:00:00,,-1,-1,,-2,,,,,,29
7891,12,2024-07-25 00:00:00,Recd:IMPS/420710420558/Ms,-1,-1,,-2,,,,,420710262458,29
7892,4,2024-06-28 00:00:00,,-1,-1,,-2,,,,,,31
7893,6,2024-06-28 00:00:00,,-1,-1,,-2,,,,,,31
7894,10,2024-06-30 00:00:00,,-1,-1,,-2,,,,,,31
7896,10,2024-07-06 00:00:00,,-1,-1,,-2,,,,,,31
7897,6,2024-07-06 00:00:00,psu,-1,-1,,-2,,,,,,31
7900,10,2024-07-16 00:00:00,,-1,-1,,-2,,,,,,31
7902,6,2024-07-20 00:00:00,psu,-1,-1,,-2,,,,,,31
7904,10,2024-07-24 00:00:00,,-1,-1,,-2,,,,,,31
7905,6,2024-07-26 00:00:00,psu,-1,-1,,-2,,,,,,31
7906,10,2024-07-26 00:00:00,,-1,-1,,-2,,,,,,31
7907,4,2024-07-26 00:00:00,,-1,-1,,-2,,,,,,31
7909,10,2024-06-30 00:00:00,,-1,-1,,-2,,,,,,30
7910,10,2024-07-26 00:00:00,,-1,-1,,-2,,,,,,30
7911,4,2024-03-31 00:00:00,,-1,-1,,-2,,,,,,30
7912,4,2024-03-31 00:00:00,,-1,-1,,-2,,,,,,30
7913,4,2024-03-31 00:00:00,,-1,-1,,-2,,,,,,30
7914,4,2024-03-31 00:00:00,,-1,-1,,-2,,,,,,30
7915,4,2024-03-31 00:00:00,,-1,-1,,-2,,,,,,30
7916,4,2024-03-31 00:00:00,Year end JV to tranfer to capital account,-1,-1,,-2,,,,,,30
7917,4,2024-03-31 00:00:00,Year end JV to tranfer to capital account,-1,-1,,-2,,,,,,30
7918,4,2024-03-31 00:00:00,Year end JV to tranfer to capital account,-1,-1,,-2,,,,,,30
7919,4,2024-03-31 00:00:00,Year end JV to tranfer to capital account,-1,-1,,-2,,,,,,30
7920,4,2024-03-31 00:00:00,Year end JV to tranfer to capital account,-1,-1,,-2,,,,,,30
7921,4,2024-03-31 00:00:00,Year end JV to tranfer to capital account,-1,-1,,-2,,,,,,30
7922,4,2024-03-31 00:00:00,Year end JV to tranfer to capital account,-1,-1,,-2,,,,,,30
7923,4,2024-03-31 00:00:00,Year end JV to tranfer to capital account,-1,-1,,-2,,,,,,30
7924,4,2024-03-31 00:00:00,Year end JV to tranfer to capital account,-1,-1,,-2,,,,,,30
7925,4,2024-03-31 00:00:00,Year end JV to tranfer to capital account,-1,-1,,-2,,,,,,30
7926,4,2024-03-31 00:00:00,Year end JV to tranfer to capital account,-1,-1,,-2,,,,,,30
7927,4,2024-03-31 00:00:00,Year end JV to tranfer to capital account,-1,-1,,-2,,,,,,30
7928,4,2024-03-31 00:00:00,Year end JV to tranfer to capital account,-1,-1,,-2,,,,,,30
7929,4,2024-03-31 00:00:00,Year end JV to tranfer to capital account,-1,-1,,-2,,,,,,30
7930,4,2024-03-31 00:00:00,Year end JV to tranfer to capital account,-1,-1,,-2,,,,,,30
7931,4,2024-03-31 00:00:00,Year end JV to tranfer to capital account,-1,-1,,-2,,,,,,32
7932,4,2024-03-31 00:00:00,Year end JV to tranfer to capital account,-1,-1,,-2,,,,,,32
7933,4,2024-03-31 00:00:00,Year end JV to tranfer to capital account,-1,-1,,-2,,,,,,32
7934,4,2024-03-31 00:00:00,Year end JV to tranfer to capital account,-1,-1,,-2,,,,,,32
7935,4,2024-03-31 00:00:00,Year end JV to tranfer to capital account,-1,-1,,-2,,,,,,32
7936,4,2024-03-31 00:00:00,Year end JV to tranfer to capital account,-1,-1,,-2,,,,,,32
7937,4,2024-03-31 00:00:00,Year end JV to tranfer to capital account,-1,-1,,-2,,,,,,32
7938,4,2024-03-31 00:00:00,Year end JV to tranfer to capital account,-1,-1,,-2,,,,,,32
7939,4,2024-03-31 00:00:00,Year end JV to tranfer to capital account,-1,-1,,-2,,,,,,32
7940,4,2024-03-31 00:00:00,Year end JV to tranfer to capital account,-1,-1,,-2,,,,,,32
7941,4,2024-03-31 00:00:00,Year end JV to tranfer to capital account,-1,-1,,-2,,,,,,32
7942,4,2024-03-31 00:00:00,Year end JV to tranfer to capital account,-1,-1,,-2,,,,,,32
7944,4,2024-03-31 00:00:00,Year end JV to tranfer to capital account,-1,-1,,-2,,,,,,36
7945,4,2024-03-31 00:00:00,Year end JV to tranfer to capital account,-1,-1,,-2,,,,,,36
7946,4,2024-03-31 00:00:00,Year end JV to tranfer to capital account,-1,-1,,-2,,,,,,36
7947,4,2024-03-31 00:00:00,Year end JV to tranfer to capital account,-1,-1,,-2,,,,,,36
7948,4,2024-03-31 00:00:00,Year end JV to tranfer to capital account,-1,-1,,-2,,,,,,36
7949,4,2024-03-31 00:00:00,Year end JV to tranfer to capital account,-1,-1,,-2,,,,,,36
7950,4,2024-03-31 00:00:00,Year end JV to tranfer to capital account,-1,-1,,-2,,,,,,36
7951,4,2024-03-31 00:00:00,Year end JV to tranfer to capital account,-1,-1,,-2,,,,,,36
7952,4,2024-03-31 00:00:00,Year end JV to tranfer to capital account,-1,-1,,-2,,,,,,36
7953,4,2024-03-31 00:00:00,Year end JV to tranfer to capital account,-1,-1,,-2,,,,,,36
7954,4,2024-03-31 00:00:00,Year end JV to tranfer to capital account,-1,-1,,-2,,,,,,36
7956,4,2024-03-31 00:00:00,Year end JV to tranfer to capital account,-1,-1,,-2,,,,,,36
7957,4,2024-03-31 00:00:00,Year end JV to tranfer to capital account,-1,-1,,-2,,,,,,36
7958,4,2024-03-31 00:00:00,Year end JV to tranfer to capital account,-1,-1,,-2,,,,,,36
7959,4,2024-03-31 00:00:00,Year end JV to tranfer to capital account,-1,-1,,-2,,,,,,36
7960,4,2024-03-31 00:00:00,Year end JV to tranfer to capital account,-1,-1,,-2,,,,,,36
7961,4,2024-03-31 00:00:00,,-1,-1,,-2,,,,,,36
7962,4,2024-03-31 00:00:00,Year end JV to tranfer to capital account,-1,-1,,-2,,,,,,36
7964,4,2024-03-31 00:00:00,Year end JV to tranfer to capital account,-1,-1,,-2,,,,,,31
7967,4,2024-03-31 00:00:00,Year end JV to tranfer to capital account,-1,-1,,-2,,,,,,31
7968,4,2024-03-31 00:00:00,Year end JV to tranfer to capital account,-1,-1,,-2,,,,,,31
7969,4,2024-03-31 00:00:00,Year end JV to tranfer to capital account,-1,-1,,-2,,,,,,31
7970,4,2024-03-31 00:00:00,Year end JV to tranfer to capital account,-1,-1,,-2,,,,,,31
7971,4,2024-03-31 00:00:00,Year end JV to tranfer to capital account,-1,-1,,-2,,,,,,31
7972,4,2024-03-31 00:00:00,Year end JV to tranfer to capital account,-1,-1,,-2,,,,,,31
7973,4,2024-03-31 00:00:00,Year end JV to tranfer to capital account,-1,-1,,-2,,,,,,31
7974,4,2024-03-31 00:00:00,Year end JV to tranfer to capital account,-1,-1,,-2,,,,,,31
7975,4,2024-03-31 00:00:00,Year end JV to tranfer to capital account,-1,-1,,-2,,,,,,31
7976,4,2024-03-31 00:00:00,Year end JV to tranfer to capital account,-1,-1,,-2,,,,,,31
7977,4,2024-03-31 00:00:00,Year end JV to tranfer to capital account,-1,-1,,-2,,,,,,31
7978,4,2024-03-31 00:00:00,Year end JV to tranfer to capital account,-1,-1,,-2,,,,,,31
7979,4,2024-03-31 00:00:00,Year end JV to tranfer to capital account,-1,-1,,-2,,,,,,31
7980,4,2024-03-31 00:00:00,Year end JV to tranfer to capital account,-1,-1,,-2,,,,,,31
7981,4,2024-03-31 00:00:00,Year end JV to tranfer to capital account,-1,-1,,-2,,,,,,31
7982,4,2024-03-31 00:00:00,Year end JV to tranfer to capital account,-1,-1,,-2,,,,,,31
7983,4,2024-03-31 00:00:00,,-1,-1,,-2,,,,,,31
7984,4,2024-03-31 00:00:00,Year end JV to tranfer to capital account,-1,-1,,-2,,,,,,29
7985,4,2024-03-31 00:00:00,Year end JV to tranfer to capital account,-1,-1,,-2,,,,,,29
7986,4,2024-03-31 00:00:00,Year end JV to tranfer to capital account,-1,-1,,-2,,,,,,29
7987,4,2024-03-31 00:00:00,Year end JV to tranfer to capital account,-1,-1,,-2,,,,,,29
7988,4,2024-03-31 00:00:00,Year end JV to tranfer to capital account,-1,-1,,-2,,,,,,29
7989,4,2024-03-31 00:00:00,Year end JV to tranfer to capital account,-1,-1,,-2,,,,,,29
7990,4,2024-03-31 00:00:00,Year end JV to tranfer to capital account,-1,-1,,-2,,,,,,29
7991,4,2024-03-31 00:00:00,Year end JV to tranfer to capital account,-1,-1,,-2,,,,,,29
7992,4,2024-03-31 00:00:00,Year end JV to tranfer to capital account,-1,-1,,-2,,,,,,29
7993,4,2024-03-31 00:00:00,Year end JV to tranfer to capital account,-1,-1,,-2,,,,,,29
7994,4,2024-03-31 00:00:00,Year end JV to tranfer to capital account,-1,-1,,-2,,,,,,29
7995,4,2024-03-31 00:00:00,Year end JV to tranfer to capital account,-1,-1,,-2,,,,,,29
7996,4,2024-03-31 00:00:00,Year end JV to tranfer to capital account,-1,-1,,-2,,,,,,29
7997,4,2024-03-31 00:00:00,Year end JV to tranfer to capital account,-1,-1,,-2,,,,,,29
7998,4,2024-03-31 00:00:00,Year end JV to tranfer to capital account,-1,-1,,-2,,,,,,29
7999,4,2024-03-31 00:00:00,Year end JV to tranfer to capital account,-1,-1,,-2,,,,,,29
8000,4,2024-03-31 00:00:00,Year end JV to tranfer to capital account,-1,-1,,-2,,,,,,29
8002,4,2024-03-31 00:00:00,,-1,-1,,-2,,,,,,29
8004,6,2024-07-30 00:00:00,,-1,-1,,-2,,,,,kri,30
8005,6,2024-07-30 00:00:00,,-1,-1,,-2,,,,,,30
8006,10,2024-07-30 00:00:00,,-1,-1,,-2,,,,,,29
8007,6,2024-07-30 00:00:00,,-1,-1,,-2,,,,,,29
8008,10,2024-07-30 00:00:00,,-1,-1,,-2,,,,,,36
8009,10,2024-07-30 00:00:00,,-1,-1,,-2,,,,,,31
8010,6,2024-07-30 00:00:00,,-1,-1,,-2,,,,,,29
8011,10,2024-07-30 00:00:00,,-1,-1,,-2,,,,,,36
8012,10,2024-07-30 00:00:00,,-1,-1,,-2,,,,,,62
8013,6,2024-07-30 00:00:00,,-1,-1,,-2,,,,,,31
8014,6,2024-07-30 00:00:00,,-1,-1,,-2,,,,,,31
8015,10,2024-07-30 00:00:00,,-1,-1,,-2,,,,,,61
8016,4,2024-07-30 00:00:00,,-1,-1,,-2,,,,,,31
8017,10,2024-07-30 00:00:00,,-1,-1,,-2,,,,,,31
8018,10,2024-07-30 00:00:00,,-1,-1,,-2,,,,,,31
8019,4,2024-07-30 00:00:00,,-1,-1,,-2,,,,,,29
8020,10,2024-07-30 00:00:00,,-1,-1,,-2,,,,,,29
8021,10,2024-07-29 00:00:00,,-1,-1,,-2,,,,,,29
8022,10,2024-07-30 00:00:00,,-1,-1,,-2,,,,,,32
8023,6,2024-07-30 00:00:00,,-1,-1,,-2,,,,,,30
8024,4,2024-07-30 00:00:00,,-1,-1,,-2,,,,,,32
8025,10,2024-07-26 00:00:00,,-1,-1,,-2,,,,,,32
8026,10,2024-07-05 00:00:00,,-1,-1,,-2,,,,,,32
8027,10,2024-07-31 00:00:00,,-1,-1,,-2,,,,,,30
8028,4,2023-04-18 00:00:00,INT. PAID ON g SEC PURCHASE,-1,-1,,-2,,,,,,29
8029,4,2023-04-18 00:00:00,,-1,-1,,-2,,,,,,29
8030,4,2022-09-08 00:00:00,,-1,-1,,-2,,,,,,29
8031,4,2022-10-07 00:00:00,,-1,-1,,-2,,,,,,29
8032,4,2022-09-08 00:00:00,,-1,-1,,-2,,,,,,29
8033,4,2022-10-07 00:00:00,,-1,-1,,-2,,,,,,29
8034,4,2024-01-01 00:00:00,,-1,-1,,-2,,,,,,29
8035,4,2024-01-01 00:00:00,,-1,-1,,-2,,,,,,29
8036,4,2022-06-20 00:00:00,,-1,-1,,-2,,,,,,29
8037,4,2022-06-20 00:00:00,,-1,-1,,-2,,,,,,29
8038,4,2022-08-25 00:00:00,6.99 GS 2051,-1,-1,,-2,,,,,,29
8039,4,2022-08-25 00:00:00,,-1,-1,,-2,,,,,,29
8040,4,2022-06-28 00:00:00,,-1,-1,,-2,,,,,,29
8041,4,2022-06-29 00:00:00,,-1,-1,,-2,,,,,,29
8042,4,2022-06-28 00:00:00,,-1,-1,,-2,,,,,,29
8043,4,2022-06-29 00:00:00,,-1,-1,,-2,,,,,,29
8044,4,2022-04-04 00:00:00,6.67 GS 2050,-1,-1,,-2,,,,,,29
8045,4,2022-04-11 00:00:00,6.67 GS 2050,-1,-1,,-2,,,,,,29
8046,4,2022-04-11 00:00:00,,-1,-1,,-2,,,,,,29
8047,4,2022-04-04 00:00:00,,-1,-1,,-2,,,,,,29
8048,4,2022-06-09 00:00:00,,-1,-1,,-2,,,,,,36
8049,4,2022-09-08 00:00:00,,-1,-1,,-2,,,,,,36
8050,4,2022-10-07 00:00:00,,-1,-1,,-2,,,,,,36
8051,4,2022-06-01 00:00:00,,-1,-1,,-2,,,,,,36
8053,4,2023-04-10 00:00:00,,-1,-1,,-2,,,,,,30
8054,4,2022-03-08 00:00:00,,-1,-1,,-2,,,,,,31
8055,4,2022-03-08 00:00:00,,-1,-1,,-2,,,,,,31
8056,4,2022-03-09 00:00:00,,-1,-1,,-2,,,,,,31
8057,4,2023-08-10 00:00:00,,-1,-1,,-2,,,,,,31
8060,4,2023-06-21 00:00:00,,-1,-1,,-2,,,,,,31
8062,4,2022-05-30 00:00:00,,-1,-1,,-2,,,,,,31
8063,4,2022-06-08 00:00:00,,-1,-1,,-2,,,,,,31
8064,4,2023-03-31 00:00:00,,-1,-1,,-2,,,,,,31
8065,6,2024-09-09 00:00:00,,-1,-1,,-2,,,,,,61
8066,6,2024-09-21 00:00:00,,-1,-1,,-2,,,,,,61
8067,10,2024-09-13 00:00:00,,-1,-1,,-2,,,,,,36
8068,6,2024-09-09 00:00:00,,-1,-1,,-2,,,,,,36
8069,6,2024-09-09 00:00:00,,-1,-1,,-2,,,,,,36
8070,4,2024-09-09 00:00:00,,-1,-1,,-2,,,,,,36
8071,6,2024-08-21 00:00:00,,-1,-1,,-2,,,,,,36
8072,10,2024-08-20 00:00:00,,-1,-1,,-2,,,,,,36
8073,10,2024-08-15 00:00:00,,-1,-1,,-2,,,,,,36
8074,6,2024-08-15 00:00:00,irctc,-1,-1,,-2,,,,,,36
8075,10,2024-08-14 00:00:00,,-1,-1,,-2,,,,,,36
8076,6,2024-08-07 00:00:00,,-1,-1,,-2,,,,,,36
8077,6,2024-08-07 00:00:00,,-1,-1,,-2,,,,,,36
8078,10,2024-08-07 00:00:00,,-1,-1,,-2,,,,,,36
8079,10,2024-08-01 00:00:00,tuition,-1,-1,,-2,,,,,,36
8080,6,2024-07-31 00:00:00,,-1,-1,,-2,,,,,,36
8081,6,2024-07-31 00:00:00,,-1,-1,,-2,,,,,,36
8082,10,2024-07-31 00:00:00,,-1,-1,,-2,,,,,,36
8083,4,2024-07-30 00:00:00,,-1,-1,,-2,,,,,,36
8084,10,2024-07-29 00:00:00,,-1,-1,,-2,,,,,,36
8086,10,2024-07-29 00:00:00,Recd:IMPS/421110979936/COMPUTER,-1,-1,,-2,,,,-1,421110865216,31
8087,10,2024-07-29 00:00:00,MB:RECEIVED FROM CREATIVEPRINTERS/TO SPSK,-1,-1,,-2,,,,-1,MB-998644592847,31
8089,10,2024-07-30 00:00:00,NEFT N212243175622843 SMC GLOBAL,-1,-1,,-2,,,,-1,0925267144,31
8090,10,2024-07-31 00:00:00,MB:RECEIVED MONEY FROM OWN5348806437/TO SPS K,-1,-1,,-2,,,,-1,MB-998643566257,31
8091,6,2024-07-31 00:00:00,MB:SENT MONEY TO OWN 6945111207/TOPRS K,-1,-1,,-2,,,,-1,MB-998643401599,31
8092,10,2024-07-31 00:00:00,MB:RECEIVED MONEY FROM OWN6945111207/TO SPS K,-1,-1,,-2,,,,-1,MB-998643400763,31
8093,6,2024-07-31 00:00:00,MB:SENT MONEY TO OWN 2012066081/TOPRS K,-1,-1,,-2,,,,-1,MB-998643398897,31
8094,10,2024-08-01 00:00:00,Recd:IMPS/421412011932/CAMS/KKBK/X5,-1,-1,,-2,,,,-1,421412061755,31
8095,10,2024-08-01 00:00:00,Recd:IMPS/421417880956/CAMS/KKBK/X3,-1,-1,,-2,,,,-1,421415326023,31
8096,6,2024-08-05 00:00:00,SentIMPS421809919043SAAHIL,-1,-1,,-2,,,,-1,421809086045,31
8097,10,2024-08-05 00:00:00,Recd:IMPS/421810312179/KARZA,-1,-1,,-2,,,,-1,421810167733,31
8099,10,2024-08-06 00:00:00,NEFT N219243190794281 NIPPON INDIA,-1,-1,,-2,,,,-1,0932384812,31
8100,10,2024-08-06 00:00:00,NEFT N219243191271056 QUANT M F,-1,-1,,-2,,,,-1,0932485270,31
8101,10,2024-08-06 00:00:00,NEFT CMS4383992048 ICICI PRUDENTIAL,-1,-1,,-2,,,,-1,0932586944,31
8102,6,2024-08-07 00:00:00,MB:SENT MONEY TO OWN 2012066081/TOPRS K,-1,-1,,-2,,,,-1,MB-998638921162,31
8103,10,2024-08-07 00:00:00,NEFT CMS4385544145 DSP MF,-1,-1,,-2,,,,-1,0933461225,31
8104,10,2024-08-07 00:00:00,NEFT N220243194326321 TMF BROKERAGE,-1,-1,,-2,,,,-1,0933632824,31
8105,10,2024-08-07 00:00:00,NEFT N220243194987791 PPFAS MUTUAL,-1,-1,,-2,,,,-1,0933778590,31
8106,10,2024-08-07 00:00:00,NEFT N220243195161497 J M MUTUAL,-1,-1,,-2,,,,-1,0933805233,31
8107,10,2024-08-07 00:00:00,NEFT N220243195530183 CANARA,-1,-1,,-2,,,,-1,0933882027,31
8108,10,2024-08-07 00:00:00,NEFT CMS4386934903 EDELWEISS,-1,-1,,-2,,,,-1,0933935959,31
8109,10,2024-08-08 00:00:00,NEFT N221243197445120 MOTILAL OSWAL,-1,-1,,-2,,,,-1,0934856309,31
8110,10,2024-08-08 00:00:00,NEFT N221243197887036 SBIMF,-1,-1,,-2,,,,-1,0934981021,31
8111,4,2024-08-10 00:00:00,SentIMPS422309878101Saahil,-1,-1,,-2,,,,-1,422309796511,31
8112,4,2024-08-10 00:00:00,Recd:IMPS/422303477482/Saahil,-1,-1,,-2,,,,-1,422309800857,31
8113,4,2024-08-10 00:00:00,SentIMPS422310915721Saahil,-1,-1,,-2,,,,-1,422310875656,31
8114,4,2024-08-14 00:00:00,Recd:IMPS/422702527877/Saahil,-1,-1,,-2,,,,-1,422719046540,31
8115,6,2024-08-21 00:00:00,MB:SENT MONEY TO OWN 2012066081/TOPRS,-1,-1,,-2,,,,-1,MB-998630881218,31
8116,10,2024-08-26 00:00:00,NEFT SBIN324239386319 ITDTAX REFUND,-1,-1,,-2,,,,-1,0951802370,31
8117,4,2024-08-27 00:00:00,Recd:IMPS/424011814995/Mr,-1,-1,,-2,,,,-1,424011315657,31
8119,10,2024-08-30 00:00:00,NEFT N243243234922769 SMC GLOBAL,-1,-1,,-2,,,,-1,0955885374,31
8120,10,2024-09-03 00:00:00,NEFT IDFBH24247220331 UTI MF PAYMENT,-1,-1,,-2,,,,-1,0959595162,31
8121,10,2024-09-05 00:00:00,NEFT CMS4470382749 EDELWEISS,-1,-1,,-2,,,,-1,0962165982,31
8122,10,2024-09-06 00:00:00,NEFT N250243250237139 MOTILAL OSWAL,-1,-1,,-2,,,,-1,0963131217,31
8123,10,2024-09-06 00:00:00,NEFT N250243250567485 NIPPON INDIA,-1,-1,,-2,,,,-1,0963222136,31
8124,10,2024-09-06 00:00:00,NEFT CMS4472819885 DSP MF,-1,-1,,-2,,,,-1,0963294147,31
8125,10,2024-09-06 00:00:00,NEFT CMS4472729702 ICICI PRUDENTIAL,-1,-1,,-2,,,,-1,0963373848,31
8126,10,2024-09-06 00:00:00,NEFT N250243251178226 J M MUTUAL,-1,-1,,-2,,,,-1,0963365482,31
8127,10,2024-09-06 00:00:00,NEFT N250243251383676 QUANT M F,-1,-1,,-2,,,,-1,0963410043,31
8128,10,2024-09-06 00:00:00,NEFT N250243252316182 CANARA,-1,-1,,-2,,,,-1,0963607835,31
8129,6,2024-09-09 00:00:00,UPI/CRED/425332802032/payment on CRED,-1,-1,,-2,,,,-1,UPI-425395241355,31
8130,6,2024-09-09 00:00:00,MB:SENT TO CREATIVE PRINTERS/TOPRINT,-1,-1,,-2,,,,-1,MB-998619682062,31
8131,6,2024-09-09 00:00:00,MB:SENT TO CREATIVE PRINTERS/TOPRINT,-1,-1,,-2,,,,-1,MB-998619671369,31
8132,4,2024-09-09 00:00:00,Recd:IMPS/425316189978/Mr,-1,-1,,-2,,,,-1,425316267473,31
8133,10,2024-09-09 00:00:00,NEFT N253243256740779 PPFAS MUTUAL,-1,-1,,-2,,,,-1,0966171794,31
8134,10,2024-09-09 00:00:00,MB:RECEIVED FROM SAAHIL SHAH HUF/TOSPS K,-1,-1,,-2,,,,-1,MB-998619609469,31
8135,10,2024-09-09 00:00:00,MB:RECEIVED MONEY FROM OWN5348806437,-1,-1,,-2,,,,-1,MB-998619604098,31
8136,10,2024-09-09 00:00:00,MB:RECEIVED MONEY FROM OWN2012066081/TO SPS K,-1,-1,,-2,,,,-1,MB-998619581030,31
8137,10,2024-09-09 00:00:00,MB:RECEIVED MONEY FROM OWN6945111207/TO SPS K,-1,-1,,-2,,,,-1,MB-998619578805,31
8138,10,2024-09-09 00:00:00,NEFT N253243256931550 SBIMF,-1,-1,,-2,,,,-1,0966216835,31
8139,10,2024-09-09 00:00:00,NEFT N253243256887839 TMF BROKERAGE,-1,-1,,-2,,,,-1,0966211448,31
8140,6,2024-09-09 00:00:00,MB:SENT MONEY TO OWN 1912581915/TOUPS K,-1,-1,,-2,,,,-1,MB-998619558445,31
8141,10,2024-09-09 00:00:00,MB:RECEIVED FROM SAAHIL SHAH HUF/TOSPS K,-1,-1,,-2,,,,-1,MB-998619557885,31
8142,6,2024-09-09 00:00:00,MB:SENT MONEY TO OWN 1912581915/TOUPS K,-1,-1,,-2,,,,-1,MB-998619557059,31
8145,6,2024-09-13 00:00:00,MB:SENT MONEY TO OWN 1912581915/TOUPS,-1,-1,,-2,,,,-1,MB-998617071078,31
8146,6,2024-09-13 00:00:00,MB:SENT MONEY TO OWN 2012066081/TOPRSK,-1,-1,,-2,,,,-1,MB-998617068335,31
8147,6,2024-09-13 00:00:00,MB:SENT MONEY TO OWN 6945111207/TOKSS K,-1,-1,,-2,,,,-1,MB-998617067861,31
8148,6,2024-09-13 00:00:00,MB:SENT TO PRAMESH SHAH HUF/TO PRSHUF K,-1,-1,,-2,,,,-1,MB-998617065128,31
8149,6,2024-09-13 00:00:00,KOTAK FASTAG,-1,-1,,-2,,,,-1,109,31
8150,6,2024-09-13 00:00:00,PG MJI JIO BD00002636,-1,-1,,-2,,,,-1,KPG-0216418043,31
8151,6,2024-09-13 00:00:00,UPI/Zudio Grace Era/425720385515/zudio,-1,-1,,-2,,,,-1,UPI-425796549146,31
8152,6,2024-09-14 00:00:00,KOTAK FASTAG,-1,-1,,-2,,,,-1,395F,31
8153,6,2024-09-14 00:00:00,KOTAK FASTAG,-1,-1,,-2,,,,-1,0F7,31
8154,4,2024-09-16 00:00:00,PG JIO BANK BD00023017,-1,-1,,-2,,,,-1,KPG-0216544455,31
8155,10,2024-09-13 00:00:00,,-1,-1,,-2,,,,,,30
8156,6,2024-09-11 00:00:00,,-1,-1,,-2,,,,,,30
8157,6,2024-09-09 00:00:00,,-1,-1,,-2,,,,,,30
8158,10,2024-09-06 00:00:00,,-1,-1,,-2,,,,,,30
8160,10,2024-08-29 00:00:00,,-1,-1,,-2,,,,,,30
8161,10,2024-08-28 00:00:00,,-1,-1,,-2,,,,,,30
8162,10,2024-08-21 00:00:00,,-1,-1,,-2,,,,,,30
8163,10,2024-08-21 00:00:00,,-1,-1,,-2,,,,,,30
8164,10,2024-08-21 00:00:00,,-1,-1,,-2,,,,,,30
8165,6,2024-08-19 00:00:00,,-1,-1,,-2,,,,,,30
8166,10,2024-08-19 00:00:00,,-1,-1,,-2,,,,,,30
8167,10,2024-08-19 00:00:00,,-1,-1,,-2,,,,,,30
8168,10,2024-08-16 00:00:00,,-1,-1,,-2,,,,,,30
8169,10,2024-08-12 00:00:00,,-1,-1,,-2,,,,,,30
8170,10,2024-08-07 00:00:00,,-1,-1,,-2,,,,,,30
8171,10,2024-08-07 00:00:00,,-1,-1,,-2,,,,,,30
8172,10,2024-08-07 00:00:00,,-1,-1,,-2,,,,,,30
8173,6,2024-08-15 00:00:00,,-1,-1,,-2,,,,,,30
8174,6,2024-08-21 00:00:00,,-1,-1,,-2,,,,,,30
8175,6,2024-08-21 00:00:00,,-1,-1,,-2,,,,,,30
8176,4,2024-08-19 00:00:00,,-1,-1,,-2,,,,,,30
8177,6,2024-08-11 00:00:00,,-1,-1,,-2,,,,,,30
8178,6,2024-08-07 00:00:00,,-1,-1,,-2,,,,,,30
8179,6,2024-08-07 00:00:00,,-1,-1,,-2,,,,,,30
8180,6,2024-08-03 00:00:00,irctc,-1,-1,,-2,,,,,,30
8181,6,2024-08-03 00:00:00,irctc,-1,-1,,-2,,,,,,30
8182,6,2024-08-03 00:00:00,irctc,-1,-1,,-2,,,,,,30
8183,6,2024-08-03 00:00:00,irctc,-1,-1,,-2,,,,,,30
8184,6,2024-08-03 00:00:00,irctc,-1,-1,,-2,,,,,,30
8185,10,2024-07-31 00:00:00,,-1,-1,,-2,,,,,,30
8186,10,2024-07-31 00:00:00,,-1,-1,,-2,,,,,,30
8187,10,2024-07-31 00:00:00,,-1,-1,,-2,,,,,,30
8188,6,2024-07-31 00:00:00,,-1,-1,,-2,,,,,,30
8189,6,2024-07-29 00:00:00,,-1,-1,,-2,,,,,,30
8190,10,2024-07-29 00:00:00,,-1,-1,,-2,,,,,,30
8191,6,2024-08-06 00:00:00,,-1,-1,,-2,,,,,,31
8192,6,2024-09-09 00:00:00,,-1,-1,,-2,,,,,,62
8193,10,2024-09-09 00:00:00,,-1,-1,,-2,,,,,,62
8194,6,2024-09-09 00:00:00,,-1,-1,,-2,,,,,,62
8196,4,2024-09-13 00:00:00,,-1,-1,,-2,,,,,,32
8197,10,2024-09-13 00:00:00,,-1,-1,,-2,,,,,,32
8198,6,2024-09-11 00:00:00,,-1,-1,,-2,,,,,,32
8199,10,2024-09-11 00:00:00,,-1,-1,,-2,,,,,,32
8200,6,2024-09-09 00:00:00,,-1,-1,,-2,,,,,,32
8201,10,2024-09-09 00:00:00,,-1,-1,,-2,,,,,,32
8202,4,2024-08-27 00:00:00,,-1,-1,,-2,,,,,,32
8203,10,2024-09-13 00:00:00,,-1,-1,,-2,,,,,,29
8204,4,2024-09-12 00:00:00,,-1,-1,,-2,,,,,,29
8205,6,2024-09-12 00:00:00,,-1,-1,,-2,,,,,,29
8206,6,2024-09-11 00:00:00,,-1,-1,,-2,,,,,,29
8207,10,2024-09-11 00:00:00,,-1,-1,,-2,,,,,,29
8208,10,2024-09-11 00:00:00,,-1,-1,,-2,,,,,,29
8209,10,2024-09-11 00:00:00,,-1,-1,,-2,,,,,,29
8210,10,2024-09-09 00:00:00,,-1,-1,,-2,,,,,,29
8211,10,2024-09-09 00:00:00,,-1,-1,,-2,,,,,,29
8212,10,2024-09-09 00:00:00,,-1,-1,,-2,,,,,,29
8213,10,2024-09-09 00:00:00,,-1,-1,,-2,,,,,,29
8214,4,2024-09-09 00:00:00,,-1,-1,,-2,,,,,,29
8215,10,2024-09-09 00:00:00,,-1,-1,,-2,,,,,,29
8216,6,2024-08-26 00:00:00,,-1,-1,,-2,,,,,,29
8217,4,2024-08-26 00:00:00,,-1,-1,,-2,,,,,,29
8218,6,2024-08-21 00:00:00,,-1,-1,,-2,,,,,,29
8219,10,2024-08-21 00:00:00,,-1,-1,,-2,,,,,,29
8220,6,2024-08-21 00:00:00,,-1,-1,,-2,,,,,,29
8221,10,2024-08-21 00:00:00,,-1,-1,,-2,,,,,,29
8222,6,2024-08-21 00:00:00,,-1,-1,,-2,,,,,,29
8223,10,2024-08-21 00:00:00,,-1,-1,,-2,,,,,,29
8224,10,2024-08-07 00:00:00,,-1,-1,,-2,,,,,,29
8225,6,2024-08-07 00:00:00,,-1,-1,,-2,,,,,,29
8226,6,2024-08-07 00:00:00,,-1,-1,,-2,,,,,,29
8227,4,2024-08-03 00:00:00,,-1,-1,,-2,,,,,,29
8228,6,2024-08-02 00:00:00,,-1,-1,,-2,,,,,,29
8230,6,2024-07-31 00:00:00,,-1,-1,,-2,,,,,,29
8231,6,2024-07-30 00:00:00,,-1,-1,,-2,,,,,,29
8232,10,2024-07-29 00:00:00,,-1,-1,,-2,,,,,,29
8234,10,2024-09-16 00:00:00,,-1,-1,,-2,,,,,,36
8235,6,2024-09-16 00:00:00,,-1,-1,,-2,,,,,,30
8236,6,2024-09-16 00:00:00,,-1,-1,,-2,,,,,,30
8237,10,2024-09-16 00:00:00,,-1,-1,,-2,,,,,,31
8238,10,2024-09-16 00:00:00,,-1,-1,,-2,,,,,,29
8239,6,2024-09-16 00:00:00,,-1,-1,,-2,,,,,,36
8240,10,2024-09-16 00:00:00,,-1,-1,,-2,,,,,,31
8241,6,2024-09-16 00:00:00,,-1,-1,,-2,,,,,,36
8242,6,2024-09-16 00:00:00,,-1,-1,,-2,,,,,,30
8243,10,2024-09-16 00:00:00,,-1,-1,,-2,,,,,,61
8244,6,2024-09-16 00:00:00,,-1,-1,,-2,,,,,,29
8245,10,2024-09-16 00:00:00,,-1,-1,,-2,,,,,,31
8246,6,2024-09-16 00:00:00,,-1,-1,,-2,,,,,,29
8247,10,2024-09-16 00:00:00,,-1,-1,,-2,,,,,,30
8248,6,2024-09-16 00:00:00,,-1,-1,,-2,,,,,,30
8249,10,2024-09-16 00:00:00,,-1,-1,,-2,,,,,,31
8251,6,2024-09-16 00:00:00,,-1,-1,,-2,,,,,,29
8252,10,2024-09-16 00:00:00,,-1,-1,,-2,,,,,,32
8253,6,2024-09-16 00:00:00,,-1,-1,,-2,,,,,,32
8254,10,2024-09-16 00:00:00,,-1,-1,,-2,,,,,,31
8255,10,2024-09-16 00:00:00,,-1,-1,,-2,,,,,,30
8256,6,2024-09-16 00:00:00,,-1,-1,,-2,,,,,,31
8257,4,2024-08-29 00:00:00,7.34 GS 2064,-1,-1,,-2,,,,,,30
8258,4,2022-07-04 00:00:00,,-1,-1,,-2,,,,,,31
8259,4,2022-09-08 00:00:00,,-1,-1,,-2,,,,,,31
8260,4,2024-09-17 00:00:00,,-1,-1,,-2,,,,,,31
8261,4,2024-08-12 00:00:00,7.34 GSEC INT,-1,-1,,-2,,,,,,29
8263,10,2024-07-26 00:00:00,IMPS-INET/Fund,-1,-1,,-2,,,,-1,,31
8264,10,2024-07-26 00:00:00,IMPS-INET/Fund,-1,-1,,-2,,,,-1,,31
8265,10,2024-07-26 00:00:00,IMPS-INET/Fund,-1,-1,,-2,,,,-1,,31
8266,10,2024-07-26 00:00:00,IMPS-INET/Fund,-1,-1,,-2,,,,-1,,31
8267,10,2024-07-30 00:00:00,IMPS-INET/Fund,-1,-1,,-2,,,,-1,,31
8269,10,2024-07-31 00:00:00,MONTHLY SAVINGS INTEREST,-1,-1,,-2,,,,-1,,31
8273,6,2024-08-08 00:00:00,IFT/10055495438/Ms. Unnati,-1,-1,,-2,,,,-1,,31
8276,6,2024-08-09 00:00:00,Ecom/56284704/Cashfreeno/CREDC,-1,-1,,-2,,,,-1,,31
8282,10,2024-08-14 00:00:00,NEFT/YESF342270300709/ZERODHA,-1,-1,,-2,,,,-1,,31
8290,10,2024-08-31 00:00:00,MONTHLY SAVINGS INTEREST,-1,-1,,-2,,,,-1,,31
8291,10,2024-09-17 00:00:00,IMPS-INET/Fund,-1,-1,,-2,,,,-1,,31
8292,10,2024-09-17 00:00:00,RTGS/KKBKR52024091700894891/SA,-1,-1,,-2,,,,-1,,31
8293,10,2024-09-17 00:00:00,IMPS-MOB/Fund,-1,-1,,-2,,,,-1,,31
8294,10,2024-09-18 00:00:00,NEFT/YESF342620783706/ZERODHA,-1,-1,,-2,,,,-1,,31
8295,6,2024-09-18 00:00:00,IMPS-OPM/Fund,-1,-1,,-2,,,,-1,,31
8296,6,2024-09-18 00:00:00,IFT/10055495438/Ms. Unnati,-1,-1,,-2,,,,-1,,31
8297,6,2024-09-19 00:00:00,IFT/10066812526/Mrs. KRISHA,-1,-1,,-2,,,,-1,,31
8298,10,2024-09-19 00:00:00,IMPS-INET/Fund,-1,-1,,-2,,,,-1,,31
8299,6,2024-09-19 00:00:00,IFT/10066812526/Mrs. KRISHA,-1,-1,,-2,,,,-1,,31
8300,6,2024-09-20 00:00:00,,-1,-1,,-2,,,,,,31
8301,6,2024-09-19 00:00:00,,-1,-1,,-2,,,,,,31
8302,6,2024-09-18 00:00:00,,-1,-1,,-2,,,,,,31
8303,4,2024-09-19 00:00:00,,-1,-1,,-2,,,,,,36
8304,4,2024-09-19 00:00:00,,-1,-1,,-2,,,,,,36
8305,10,2024-09-19 00:00:00,,-1,-1,,-2,,,,,,36
8306,4,2024-09-19 00:00:00,,-1,-1,,-2,,,,,,36
8307,10,2024-09-19 00:00:00,,-1,-1,,-2,,,,,,36
8308,4,2024-09-18 00:00:00,,-1,-1,,-2,,,,,,36
8309,10,2024-09-17 00:00:00,VIPUL VIHAA,-1,-1,,-2,,,,,,36
8310,4,2024-09-16 00:00:00,,-1,-1,,-2,,,,,,36
8311,10,2024-09-19 00:00:00,,-1,-1,,-2,,,,,,36
8312,10,2024-09-19 00:00:00,,-1,-1,,-2,,,,,,36
8313,10,2024-09-09 00:00:00,,-1,-1,,-2,,,,,,36
8314,4,2024-08-28 00:00:00,,-1,-1,,-2,,,,,,36
8315,10,2024-08-28 00:00:00,,-1,-1,,-2,,,,,,36
8316,6,2024-08-28 00:00:00,,-1,-1,,-2,,,,,,36
8317,10,2024-07-29 00:00:00,,-1,-1,,-2,,,,,,36
8318,10,2024-07-26 00:00:00,,-1,-1,,-2,,,,,,36
8319,10,2024-07-23 00:00:00,,-1,-1,,-2,,,,,,36
8320,10,2024-07-16 00:00:00,,-1,-1,,-2,,,,,,36
8321,6,2024-08-28 00:00:00,,-1,-1,,-2,,,,,,36
8323,10,2024-08-31 00:00:00,,-1,-1,,-2,,,,,,36
8324,10,2024-07-31 00:00:00,,-1,-1,,-2,,,,,,36
8325,10,2024-07-26 00:00:00,,-1,-1,,-2,,,,,,36
8326,10,2024-06-30 00:00:00,,-1,-1,,-2,,,,,,36
8327,10,2024-06-24 00:00:00,,-1,-1,,-2,,,,,,36
8328,6,2024-09-17 00:00:00,,-1,-1,,-2,,,,,,30
8329,10,2024-09-19 00:00:00,,-1,-1,,-2,,,,,,30
8330,6,2024-09-19 00:00:00,,-1,-1,,-2,,,,,,30
8331,6,2024-09-20 00:00:00,,-1,-1,,-2,,,,,,30
8332,10,2024-09-23 00:00:00,ROZOPAY,-1,-1,,-2,,,,,,30
8333,10,2024-09-24 00:00:00,,-1,-1,,-2,,,,,,30
8334,10,2024-09-24 00:00:00,,-1,-1,,-2,,,,,,30
8335,10,2024-09-25 00:00:00,,-1,-1,,-2,,,,,,30
8336,10,2024-09-26 00:00:00,,-1,-1,,-2,,,,,,30
8337,10,2024-09-26 00:00:00,,-1,-1,,-2,,,,,,30
8338,4,2024-09-27 00:00:00,,-1,-1,,-2,,,,,,30
8339,10,2024-09-27 00:00:00,,-1,-1,,-2,,,,,,30
8340,6,2024-09-30 00:00:00,,-1,-1,,-2,,,,,,30
8341,6,2024-09-30 00:00:00,IRCTC,-1,-1,,-2,,,,,,30
8342,10,2024-09-30 00:00:00,,-1,-1,,-2,,,,,,30
8344,10,2024-10-03 00:00:00,SANNAAN,-1,-1,,-2,,,,,,30
8345,6,2024-10-03 00:00:00,,-1,-1,,-2,,,,,,30
8347,4,2024-09-17 00:00:00,,-1,-1,,-2,,,,,,29
8348,4,2024-09-17 00:00:00,,-1,-1,,-2,,,,,,29
8349,4,2024-09-17 00:00:00,,-1,-1,,-2,,,,,,29
8350,4,2024-09-18 00:00:00,,-1,-1,,-2,,,,,,29
8351,4,2024-09-18 00:00:00,,-1,-1,,-2,,,,,,29
8352,6,2024-09-19 00:00:00,,-1,-1,,-2,,,,,,29
8353,6,2024-09-19 00:00:00,,-1,-1,,-2,,,,,,29
8354,6,2024-09-19 00:00:00,,-1,-1,,-2,,,,,,29
8355,10,2024-09-30 00:00:00,,-1,-1,,-2,,,,,,29
8356,10,2024-10-03 00:00:00,,-1,-1,,-2,,,,,,29
8357,4,2024-10-03 00:00:00,,-1,-1,,-2,,,,,,29
8358,4,2024-10-09 00:00:00,,-1,-1,,-2,,,,,,29
8359,4,2024-09-30 00:00:00,,-1,-1,,-2,,,,,,31
8360,10,2024-09-30 00:00:00,smc,-1,-1,,-2,,,,,,31
8361,10,2024-09-30 00:00:00,,-1,-1,,-2,,,,,,31
8362,4,2024-10-01 00:00:00,,-1,-1,,-2,,,,,,31
8363,4,2024-10-01 00:00:00,,-1,-1,,-2,,,,,,31
8364,6,2024-10-02 00:00:00,,-1,-1,,-2,,,,,,31
8365,10,2024-10-04 00:00:00,uti,-1,-1,,-2,,,,,,31
8366,10,2024-10-04 00:00:00,jm,-1,-1,,-2,,,,,,31
8367,10,2024-10-07 00:00:00,dsp,-1,-1,,-2,,,,,,31
8368,10,2024-10-07 00:00:00,sbi,-1,-1,,-2,,,,,,31
8369,10,2024-10-07 00:00:00,ppfas,-1,-1,,-2,,,,,,31
8370,10,2024-10-07 00:00:00,nippon,-1,-1,,-2,,,,,,31
8371,10,2024-10-07 00:00:00,quant,-1,-1,,-2,,,,,,31
8372,10,2024-10-08 00:00:00,motilal,-1,-1,,-2,,,,,,31
8373,10,2024-10-08 00:00:00,tmf,-1,-1,,-2,,,,,,31
8374,10,2024-10-08 00:00:00,edelweiss,-1,-1,,-2,,,,,,31
8375,10,2024-10-08 00:00:00,icici,-1,-1,,-2,,,,,,31
8376,10,2024-10-08 00:00:00,canara,-1,-1,,-2,,,,,,31
8377,4,2024-10-07 00:00:00,,-1,-1,,-2,,,,,,36
8378,4,2024-10-03 00:00:00,,-1,-1,,-2,,,,,,36
8379,10,2024-09-30 00:00:00,,-1,-1,,-2,,,,,,36
8380,10,2024-09-30 00:00:00,,-1,-1,,-2,,,,,,32
8381,6,2024-09-19 00:00:00,,-1,-1,,-2,,,,,,32
8382,6,2024-09-18 00:00:00,,-1,-1,,-2,,,,,,32
8383,10,2024-10-03 00:00:00,,-1,-1,,-2,,,,,,36
8384,10,2024-09-30 00:00:00,,-1,-1,,-2,,,,,,36
8385,10,2024-07-25 00:00:00,fractional share bsl,-1,-1,,-2,,,,,,36
8386,10,2024-10-05 00:00:00,,-1,-1,,-2,,,,,,31
8387,6,2024-10-03 00:00:00,,-1,-1,,-2,,,,,,31
8388,6,2024-10-03 00:00:00,,-1,-1,,-2,,,,,,31
8389,6,2024-10-02 00:00:00,maulikji,-1,-1,,-2,,,,,,31
8390,6,2024-10-01 00:00:00,,-1,-1,,-2,,,,,,31
8391,6,2024-09-27 00:00:00,,-1,-1,,-2,,,,,,31
8392,10,2024-09-30 00:00:00,,-1,-1,,-2,,,,,,31
8393,6,2024-09-11 00:00:00,,-1,-1,,-2,,,,,,30
8394,10,2024-09-30 00:00:00,,-1,-1,,-2,,,,,,30
8395,10,2024-08-31 00:00:00,,-1,-1,,-2,,,,,,30
8396,10,2024-07-31 00:00:00,,-1,-1,,-2,,,,,,30
8397,6,2024-10-09 00:00:00,,-1,-1,,-2,,,,,,29
8398,6,2024-10-05 00:00:00,,-1,-1,,-2,,,,,,29
8399,10,2024-10-04 00:00:00,,-1,-1,,-2,,,,,,29
8400,10,2024-09-30 00:00:00,,-1,-1,,-2,,,,,,29
8401,10,2024-09-18 00:00:00,,-1,-1,,-2,,,,,,29
8402,6,2024-09-11 00:00:00,,-1,-1,,-2,,,,,,29
8403,10,2024-09-11 00:00:00,,-1,-1,,-2,,,,,,29
8404,10,2024-09-09 00:00:00,,-1,-1,,-2,,,,,,29
8405,10,2024-08-31 00:00:00,,-1,-1,,-2,,,,,,29
8406,10,2024-08-08 00:00:00,,-1,-1,,-2,,,,,,29
8407,6,2024-10-09 00:00:00,,-1,-1,,-2,,,,,,36
8408,10,2024-10-09 00:00:00,,-1,-1,,-2,,,,,,30
8409,6,2024-10-09 00:00:00,,-1,-1,,-2,,,,,,36
8410,10,2024-10-09 00:00:00,,-1,-1,,-2,,,,,,31
8413,10,2024-10-09 00:00:00,,-1,-1,,-2,,,,,,31
8414,10,2024-10-09 00:00:00,,-1,-1,,-2,,,,,,30
8417,6,2024-10-09 00:00:00,,-1,-1,,-2,,,,,,29
8418,6,2024-10-09 00:00:00,,-1,-1,,-2,,,,,,31
8419,10,2024-10-09 00:00:00,,-1,-1,,-2,,,,,,61
8421,6,2024-10-09 00:00:00,,-1,-1,,-2,,,,,,29
8422,10,2024-10-09 00:00:00,,-1,-1,,-2,,,,,,30
8423,10,2024-08-14 00:00:00,,-1,-1,,-2,,,,,,29
8424,4,2024-07-30 00:00:00,,-1,-1,,-2,,,,,,29
8425,6,2024-08-28 00:00:00,,-1,-1,,-2,,,,,,29
8426,6,2024-08-08 00:00:00,,-1,-1,,-2,,,,,,29
8427,10,2024-10-10 00:00:00,,-1,-1,,-2,,,,,,29
8428,6,2024-10-10 00:00:00,,-1,-1,,-2,,,,,,36
8429,10,2024-10-10 00:00:00,,-1,-1,,-2,,,,,,31
8430,6,2024-10-10 00:00:00,,-1,-1,,-2,,,,,,36
8432,6,2024-10-09 00:00:00,MB:SENT TO PRAMESH SHAH HUF/TO HUF,-1,-1,,-2,,,,-1,MB-998601340948,31
8433,10,2024-10-09 00:00:00,MB:RECEIVED MONEY FROM OWN2012066081/TO SPS K,-1,-1,,-2,,,,-1,MB-998601332591,31
8434,6,2024-10-10 00:00:00,MB:SENT MONEY TO OWN 2012066081/TOPRSK,-1,-1,,-2,,,,-1,MB-998600991890,31
8437,6,2024-10-13 00:00:00,MB:SENT TO CREATIVE PRINTERS/TOPRINTERS,-1,-1,,-2,,,,-1,MB-998599530918,31
8438,6,2024-10-14 00:00:00,MB:SENT TO CREATIVE PRINTERS/TOPRINTERS K,-1,-1,,-2,,,,-1,MB-998599076790,31
8439,10,2024-10-14 00:00:00,Recd:IMPS/428813697817/Mr,-1,-1,,-2,,,,-1,428813429133,31
8442,6,2024-10-16 00:00:00,SentIMPS429021057771SAAHIL,-1,-1,,-2,,,,-1,429021340931,31
8443,6,2024-10-17 00:00:00,MB:SENT TO SAAHIL SHAH HUF/TO SPSHUK K,-1,-1,,-2,,,,-1,MB-998597206875,31
8444,6,2024-10-17 00:00:00,MB:SENT TO SAAHIL SHAH HUF/TO SPSHUK K,-1,-1,,-2,,,,-1,MB-998597206720,31
8445,10,2024-10-22 00:00:00,Recd:IMPS/429614476108/Mr,-1,-1,,-2,,,,-1,429614455829,31
8447,10,2024-10-22 00:00:00,Recd:IMPS/429615541175/Mr,-1,-1,,-2,,,,-1,429615524126,31
8448,6,2024-10-22 00:00:00,MB:SENT TO SAAHIL SHAH HUF,-1,-1,,-2,,,,-1,MB-998594473442,31
8449,10,2024-10-22 00:00:00,MB:RECEIVED FROM CREATIVEPRINTERS/TO SPSK,-1,-1,,-2,,,,-1,MB-998594279220,31
8450,6,2024-10-24 00:00:00,SentIMPS429816069146Saahil,-1,-1,,-2,,,,-1,429816962605,31
8451,10,2024-10-25 00:00:00,MB:RECEIVED FROM CREATIVEPRINTERS/TO SPS K,-1,-1,,-2,,,,-1,MB-998592935082,31
8452,12,2024-10-27 00:00:00,MB:to sps idfc,-1,-1,,-2,,,,-1,0735152,31
8453,10,2024-10-29 00:00:00,NEFT N303243362610261 SMC GLOBAL,-1,-1,,-2,,,,-1,1017440290,31
8454,10,2024-10-30 00:00:00,NEFT N304243366206579 NIPPON INDIA,-1,-1,,-2,,,,-1,1018878066,31
8455,10,2024-10-30 00:00:00,NEFT CMS4615952099 EDELWEISS,-1,-1,,-2,,,,-1,1018970554,31
8456,6,2024-10-31 00:00:00,PG NEMIJI VODAFONE BD00023680,-1,-1,,-2,,,,-1,KPG-0218990073,31
8457,10,2024-11-04 00:00:00,NEFT IDFBH24309846205 UTI MF PAYMENT,-1,-1,,-2,,,,-1,1023135611,31
8459,10,2024-11-04 00:00:00,NEFT N309243374480977 J M MUTUAL,-1,-1,,-2,,,,-1,1023270399,31
8460,10,2024-11-05 00:00:00,NEFT N310243376252803 QUANT M F,-1,-1,,-2,,,,-1,1024172604,31
8461,10,2024-11-06 00:00:00,NEFT N311243379363067 CANARA,-1,-1,,-2,,,,-1,1025361443,31
8462,10,2024-11-07 00:00:00,EV SRASSK CMA 669 REIMB-SAAHIL P,-1,-1,,-2,,,,-1,241107DMCH8S,31
8463,10,2024-11-07 00:00:00,NEFT N312243381858768 MOTILAL OSWAL,-1,-1,,-2,,,,-1,1026433087,31
8464,10,2024-11-07 00:00:00,NEFT CMS4634300075 ICICI PRUDENTIAL,-1,-1,,-2,,,,-1,1026547364,31
8465,10,2024-11-08 00:00:00,Recd:IMPS/431315635897/Mr,-1,-1,,-2,,,,-1,431315574067,31
8466,10,2024-11-08 00:00:00,NEFT CMS4636269663 DSP MF,-1,-1,,-2,,,,-1,1027403171,31
8467,6,2024-11-08 00:00:00,MB:SENT TO CREATIVE PRINTERS,-1,-1,,-2,,,,-1,MB-998584211952,31
8468,6,2024-11-08 00:00:00,MB:SENT TO CREATIVE PRINTERS/TOPRINT K,-1,-1,,-2,,,,-1,MB-998584205726,31
8469,10,2024-11-08 00:00:00,NEFT N313243384216860 TMF BROKERAGE,-1,-1,,-2,,,,-1,1027459730,31
8470,10,2024-11-08 00:00:00,NEFT N313243384976105 PPFAS MUTUAL,-1,-1,,-2,,,,-1,1027637292,31
8471,10,2024-11-08 00:00:00,NEFT N313243384827724 SBIMF,-1,-1,,-2,,,,-1,1027608514,31
8472,6,2024-11-09 00:00:00,UPI/PREMIER PRODUCT/431416014822/NA,-1,-1,,-2,,,,-1,UPI-431463274794,31
8473,10,2024-11-12 00:00:00,MB:RECEIVED MONEY FROM OWN2012066081,-1,-1,,-2,,,,-1,MB-998582098111,31
8474,6,2024-11-12 00:00:00,MB:SENT TO CREATIVE PRINTERS/TOPRINTERS,-1,-1,,-2,,,,-1,MB-998582096323,31
8475,6,2024-11-12 00:00:00,MB:SENT TO CREATIVE PACKAGING/PACK,-1,-1,,-2,,,,-1,MB-998582094788,31
8476,10,2024-11-12 00:00:00,NEFT N317243392003840 NIPPON INDIA,-1,-1,,-2,,,,-1,1031215812,31
8477,10,2024-11-13 00:00:00,NEFT CMS4648146220 EDELWEISS,-1,-1,,-2,,,,-1,1032504435,31
8478,12,2024-11-14 00:00:00,ATW/9883/+Dr. A. B. RoadWorliMumbaiM141124/12:16,-1,-1,,-2,,,,-1,431906489966,31
8479,10,2024-11-14 00:00:00,Recd:IMPS/431912719844/Mr,-1,-1,,-2,,,,-1,431912147383,31
8480,6,2024-11-14 00:00:00,MB:SENT TO CREATIVE PRINTERS/TOPRINT K,-1,-1,,-2,,,,-1,MB-998580924251,31
8481,10,2024-11-14 00:00:00,Recd:IMPS/431914865768/Mr,-1,-1,,-2,,,,-1,431914283375,31
8483,6,2024-11-15 00:00:00,SentIMPS432016767709Saahil,-1,-1,,-2,,,,-1,432016520230,31
8484,6,2024-11-16 00:00:00,KOTAK FASTAG,-1,-1,,-2,,,,-1,82E,31
8485,6,2024-11-16 00:00:00,KOTAK FASTAG,-1,-1,,-2,,,,-1,8F3,31
8486,6,2024-11-20 00:00:00,KOTAK FASTAG,-1,-1,,-2,,,,-1,630,31
8487,6,2024-11-20 00:00:00,KOTAK FASTAG,-1,-1,,-2,,,,-1,C52,31
8488,6,2024-11-22 00:00:00,UPI/CRED/432793429282/payment on CRED,-1,-1,,-2,,,,-1,UPI-432750939634,31
8489,6,2024-11-22 00:00:00,NACH-10-DR-SMALLCASE-2FLULZ6LXPC1,-1,-1,,-2,,,,-1,103000,31
8490,10,2024-10-09 00:00:00,Recd:IMPS/428322659532/Ms,-1,-1,,-2,,,,-1,428322367427,29
8491,6,2024-10-09 00:00:00,MB:SENT MONEY TO OWN 1712151141,-1,-1,,-2,,,,-1,MB-998601335968,29
8492,10,2024-10-10 00:00:00,Recd:IMPS/428414362952/Ms,-1,-1,,-2,,,,-1,428414082007,29
8493,10,2024-10-14 00:00:00,NEFT IDFBH24288867210 MS UNNATI,-1,-1,,-2,,,,-1,1001512040,29
8494,10,2024-10-15 00:00:00,MB:RECEIVED MONEY FROM OWN2012066081/TO UPS K,-1,-1,,-2,,,,-1,MB-998598364669,29
8495,10,2024-10-21 00:00:00,Recd:IMPS/429520610191/Ms,-1,-1,,-2,,,,-1,429520680669,29
8496,6,2024-10-21 00:00:00,MB:SENT TO CREATIVE PACKAGING/TOPACKK,-1,-1,,-2,,,,-1,MB-998594895870,29
8498,10,2024-10-28 00:00:00,NEFT YESB43028214442 ANANT RAJ,-1,-1,,-2,,,,-1,1015876973,29
8499,4,2024-10-28 00:00:00,,-1,-1,,-2,,,,,,29
8500,6,2024-10-09 00:00:00,MB:SENT MONEY TO OWN 1712151141/TOSPS K,-1,-1,,-2,,,,-1,MB-998601332591,30
8501,10,2024-10-10 00:00:00,MB:RECEIVED MONEY FROM OWN1712151141/TO PRSK,-1,-1,,-2,,,,-1,MB-998600991890,30
8502,10,2024-10-15 00:00:00,NEFT IN1ON24101500T8X MIRAE ASSET,-1,-1,,-2,,,,-1,1002412363,30
8503,6,2024-10-15 00:00:00,MB:SENT MONEY TO OWN 1912581915/TOUPS K,-1,-1,,-2,,,,-1,MB-998598364669,30
8504,6,2024-10-16 00:00:00,SentIMPS429021058518PRAMESH,-1,-1,,-2,,,,-1,429021342695,30
8506,6,2024-10-20 00:00:00,PG INDIAN RAILWAY CATER,-1,-1,,-2,,,,-1,KPG-0218413744,30
8508,10,2024-10-22 00:00:00,MB:RECEIVED FROM PRAMESH SHAHHUF/TO PRS K,-1,-1,,-2,,,,-1,MB-998594279964,30
8509,6,2024-10-22 00:00:00,SentIMPS429620089201PRAMESH,-1,-1,,-2,,,,-1,429620902437,30
8510,6,2024-10-23 00:00:00,SentIMPS429715459741pramesh,-1,-1,,-2,,,,-1,429715708867,30
8511,10,2024-10-23 00:00:00,REV: OS RAZORPAY P3O2VCCDJFETIE0217286425,-1,-1,,-2,,,,-1,KREF-F008138657,30
8512,10,2024-10-28 00:00:00,NEFT YESB43028290282 ANANT RAJ,-1,-1,,-2,,,,-1,1016062046,30
8513,6,2024-10-30 00:00:00,SentIMPS430414262727pramesh,-1,-1,,-2,,,,-1,430414810884,30
8514,10,2024-11-06 00:00:00,REV:OS RAZORPAY P3OEJKWXF6LB1K0217289005,-1,-1,,-2,,,,-1,REVPG-008164868,30
8515,10,2024-11-08 00:00:00,LOAN TAKEN FROM PRINTERS. EARLIER SHOWN AS BILL,-1,-1,,-2,,,,-1,MB-998584204928,30
8516,10,2024-11-11 00:00:00,NEFT IN1ON24111100TL2 MIRAE ASSET,-1,-1,,-2,,,,-1,1029463382,30
8517,6,2024-11-12 00:00:00,MB:SENT MONEY TO OWN 1712151141,-1,-1,,-2,,,,-1,MB-998582098111,30
8518,6,2024-11-12 00:00:00,PG IRCTC IPAY,-1,-1,,-2,,,,-1,KPG-0219667015,30
8520,6,2024-11-13 00:00:00,PG INDIAN RAILWAY CATER,-1,-1,,-2,,,,-1,KPG-0219712665,30
8521,6,2024-11-17 00:00:00,SentIMPS432214638528pramesh,-1,-1,,-2,,,,-1,432214420244,30
8522,6,2024-11-24 00:00:00,PG IRCTC IPAY,-1,-1,,-2,,,,-1,KPG-0220195878,30
8523,10,2024-10-09 00:00:00,MB:RECEIVED MONEY FROM OWN1912581915/TO PRS K,-1,-1,,-2,,,,-1,MB-998601334663,36
8524,6,2024-10-09 00:00:00,MB:SENT MONEY TO OWN 2012066081/TOPRS K,-1,-1,,-2,,,,-1,MB-998601332827,36
8525,10,2024-10-16 00:00:00,Recd:IMPS/429014315342/Mrs,-1,-1,,-2,,,,-1,429014797050,36
8526,6,2024-10-24 00:00:00,SentIMPS429820228323Krisha,-1,-1,,-2,,,,-1,429820319956,36
8527,10,2024-10-24 00:00:00,Recd:IMPS/429821350838/Amazon,-1,-1,,-2,,,,-1,429821342146,36
8528,10,2024-10-24 00:00:00,Recd:IMPS/429821351517/Amazon,-1,-1,,-2,,,,-1,429821347816,36
8529,10,2024-10-24 00:00:00,Recd:IMPS/429821351784/Amazon,-1,-1,,-2,,,,-1,429821347913,36
8530,10,2024-10-28 00:00:00,Recd:IMPS/430213770100/Mrs,-1,-1,,-2,,,,-1,430213871910,36
8531,10,2024-10-28 00:00:00,NEFT IDFBH24302471009 MRS KRISHA,-1,-1,,-2,,,,-1,1015631251,36
8532,10,2024-10-30 00:00:00,Recd:IMPS/430417106494/FLIPKART,-1,-1,,-2,,,,-1,430417107258,36
8533,6,2024-11-06 00:00:00,SentIMPS431117031347Krisha,-1,-1,,-2,,,,-1,431117365643,36
8534,10,2024-11-08 00:00:00,MB:RECEIVED FROM CREATIVEPRINTERS/TO KRISHA,-1,-1,,-2,,,,-1,MB-998584207225,36
8535,10,2024-11-14 00:00:00,KMBL DD Cancellation 595976/24-06-2024,-1,-1,,-2,,,,-1,,36
8536,6,2024-11-14 00:00:00,DD CANCELLATION CHARGES,-1,-1,,-2,,,,-1,,36
8537,6,2024-10-22 00:00:00,,-1,-1,,-2,,,,,,31
8538,6,2024-10-22 00:00:00,,-1,-1,,-2,,,,,,30
8539,6,2024-10-22 00:00:00,,-1,-1,,-2,,,,,,30
8540,10,2024-10-22 00:00:00,,-1,-1,,-2,,,,,,29
8541,10,2024-10-22 00:00:00,,-1,-1,,-2,,,,,,29
8542,4,2024-10-28 00:00:00,,-1,-1,,-2,,,,,,36
8543,10,2024-10-22 00:00:00,,-1,-1,,-2,,,,,,36
8544,4,2024-10-15 00:00:00,,-1,-1,,-2,,,,,,36
8545,6,2024-10-22 00:00:00,,-1,-1,,-2,,,,,,32
8546,10,2024-10-21 00:00:00,,-1,-1,,-2,,,,,,32
8547,10,2024-10-09 00:00:00,,-1,-1,,-2,,,,,,32
8548,6,2024-11-24 00:00:00,,-1,-1,,-2,,,,,,29
8549,10,2024-11-24 00:00:00,,-1,-1,,-2,,,,,,30
8550,6,2024-11-24 00:00:00,,-1,-1,,-2,,,,,,36
8551,10,2024-11-24 00:00:00,,-1,-1,,-2,,,,,,29
8552,10,2024-11-24 00:00:00,,-1,-1,,-2,,,,,,31
8553,6,2024-11-24 00:00:00,,-1,-1,,-2,,,,,,36
8554,6,2024-11-24 00:00:00,,-1,-1,,-2,,,,,,30
8555,10,2024-11-24 00:00:00,,-1,-1,,-2,,,,,,31
8557,10,2024-11-24 00:00:00,,-1,-1,,-2,,,,,,36
8558,10,2024-10-17 00:00:00,,-1,-1,,-2,,,,,,29
8559,10,2024-10-16 00:00:00,,-1,-1,,-2,,,,,,29
8560,10,2024-10-16 00:00:00,,-1,-1,,-2,,,,,,29
8563,10,2024-10-17 00:00:00,,-1,-1,,-2,,,,,,31
8564,10,2024-10-16 00:00:00,,-1,-1,,-2,,,,,,31
8566,10,2024-10-17 00:00:00,,-1,-1,,-2,,,,,,36
8567,10,2024-10-16 00:00:00,,-1,-1,,-2,,,,,,36
8568,6,2024-12-01 00:00:00,,-1,-1,,-2,,,,,,30
8569,4,2024-12-01 00:00:00,,-1,-1,,-2,,,,,,30
8570,10,2024-12-01 00:00:00,,-1,-1,,-2,,,,,,32
8571,4,2024-12-01 00:00:00,,-1,-1,,-2,,,,,,32
8572,10,2024-11-11 00:00:00,,-1,-1,,-2,,,,,,32
8573,10,2024-11-03 00:00:00,,-1,-1,,-2,,,,,,32
8574,10,2024-10-04 00:00:00,,-1,-1,,-2,,,,,,32
8575,10,2024-09-13 00:00:00,,-1,-1,,-2,,,,,,32
8576,10,2024-09-20 00:00:00,,-1,-1,,-2,,,,,,32
8577,10,2024-08-12 00:00:00,,-1,-1,,-2,,,,,,32
8579,6,2024-12-01 00:00:00,,-1,-1,,-2,,,,,,32
8580,4,2024-12-01 00:00:00,,-1,-1,,-2,,,,,,31
8584,10,2024-12-01 00:00:00,MB:RECEIVED FROM CREATIVEPRINTERS/TO SPS K,-1,-1,,-2,,,,-1,MB-998572091587,31
8585,10,2024-12-01 00:00:00,MB:RECEIVED FROM PRAMESH SHAHHUF/TO SPS KOTAK,-1,-1,,-2,,,,-1,MB-998572024466,31
8586,10,2024-12-02 00:00:00,Recd:IMPS/433713961912/Mr,-1,-1,,-2,,,,-1,433713627496,31
8588,10,2024-12-03 00:00:00,EV SRASSK CMA 691,-1,-1,,-2,,,,-1,241203E0SZSU,31
8589,10,2024-12-04 00:00:00,NEFT N339243434237398 J M MUTUAL,-1,-1,,-2,,,,-1,1052826134,31
8590,10,2024-12-04 00:00:00,NEFT IDFBH24339598800 UTI MF PAYMENT,-1,-1,,-2,,,,-1,1052907865,31
8591,10,2024-12-05 00:00:00,NEFT N340243436064597 NIPPON INDIA,-1,-1,,-2,,,,-1,1053706754,31
8592,10,2024-12-05 00:00:00,NEFT CMS4700206938 EDELWEISS,-1,-1,,-2,,,,-1,1053736587,31
8593,10,2024-12-05 00:00:00,NEFT N340243436631366 QUANT M F,-1,-1,,-2,,,,-1,1053824966,31
8594,10,2024-12-06 00:00:00,NEFT CMS4702633394 DSP MF,-1,-1,,-2,,,,-1,1054772660,31
8595,6,2024-12-06 00:00:00,MB:SENT TO CREATIVE PRINTERS/TOPRINTERS,-1,-1,,-2,,,,-1,MB-998568608137,31
8596,10,2024-12-06 00:00:00,NEFT N341243438780459 SBIMF,-1,-1,,-2,,,,-1,1054875775,31
8597,10,2024-12-06 00:00:00,NEFT N341243439582942 CANARA,-1,-1,,-2,,,,-1,1055017516,31
8598,10,2024-12-06 00:00:00,NEFT N341243439532918 PPFAS MUTUAL,-1,-1,,-2,,,,-1,1055011516,31
8599,10,2024-12-06 00:00:00,NEFT CMS4705203210 ICICI PRUDENTIAL,-1,-1,,-2,,,,-1,1054999780,31
8600,10,2024-12-06 00:00:00,Recd:IMPS/434122638394/Mr,-1,-1,,-2,,,,-1,434122600767,31
8601,6,2024-12-07 00:00:00,MB:SENT TO SAAHIL SHAH HUF/TO SPSHUF K,-1,-1,,-2,,,,-1,MB-998568060480,31
8603,10,2024-12-09 00:00:00,NEFT N344243445221058 TMF BROKERAGE,-1,-1,,-2,,,,-1,1057770518,31
8604,10,2024-12-09 00:00:00,NEFT N344243445360780 MOTILAL OSWAL,-1,-1,,-2,,,,-1,1057864955,31
8606,6,2024-12-11 00:00:00,MB:SENT TO CREATIVE PRINTERS/TO PACK,-1,-1,,-2,,,,-1,MB-998565726632,31
8607,6,2024-12-12 00:00:00,MB:SENT TO CREATIVE PRINTERS/TOPRINT,-1,-1,,-2,,,,-1,MB-998565094809,31
8608,10,2024-12-15 00:00:00,Recd:IMPS/435021820576/Mr,-1,-1,,-2,,,,-1,435021869285,31
8609,6,2024-12-15 00:00:00,SentIMPS435021378604Saahil,-1,-1,,-2,,,,-1,435021870101,31
8611,10,2024-12-17 00:00:00,Recd:IMPS/435213017515/Mr,-1,-1,,-2,,,,-1,435213596481,31
8612,10,2024-12-17 00:00:00,Recd:IMPS/435214096598/Mr,-1,-1,,-2,,,,-1,435214659552,31
8613,6,2024-12-17 00:00:00,MB:SENT TO CREATIVE PRINTERS/TOPRINTERS,-1,-1,,-2,,,,-1,MB-998562380390,31
8615,12,2024-12-17 00:00:00,ATW/2740/+Dr. A. B. RoadWorliMumbaiM171224/15:10,-1,-1,,-2,,,,-1,435209493486,31
8617,6,2024-12-20 00:00:00,KOTAK FASTAG,-1,-1,,-2,,,,-1,854,31
8618,6,2024-12-20 00:00:00,MB:SENT TO CREATIVE PRINTERS/TOPRINTERS,-1,-1,,-2,,,,-1,MB-998560461940,31
8619,10,2024-12-23 00:00:00,Recd:IMPS/435814890285/Mr,-1,-1,,-2,,,,-1,435814512232,31
8620,10,2024-12-23 00:00:00,Recd:IMPS/435814896271/Mr,-1,-1,,-2,,,,-1,435814516695,31
8621,4,2024-12-24 00:00:00,Recd:IMPS/435913331518/Mr,-1,-1,,-2,,,,-1,435913607841,31
8622,6,2024-12-24 00:00:00,MB:SENT TO CREATIVE PRINTERS/TOPRINTERS,-1,-1,,-2,,,,-1,MB-998558632525,31
8623,12,2024-12-26 00:00:00,MB:to sps idfc,-1,-1,,-2,,,,-1,0795511,31
8624,6,2024-12-27 00:00:00,SentIMPS436221458001Saahil,-1,-1,,-2,,,,-1,436221421943,31
8625,10,2024-12-30 00:00:00,NEFT N365243479600056 SMC GLOBAL,-1,-1,,-2,,,,-1,1077965520,31
8626,10,2024-12-30 00:00:00,Recd:IMPS/436522524329/Mr,-1,-1,,-2,,,,-1,436522635259,31
8627,6,2024-12-30 00:00:00,PG DONATION SHRIMAD RAJCHANDRA S,-1,-1,,-2,,,,-1,KPG-0222084300,31
8628,10,2025-01-01 00:00:00,Int.Pd:1712151141:01-10-2024 to 31-12-2024,-1,-1,,-2,,,,-1,,31
8629,10,2025-01-03 00:00:00,VODAFONE BILL REIM TO SAHIL SHAH,-1,-1,,-2,,,,-1,250103EIHJT7,31
8630,6,2025-01-03 00:00:00,UPI/CRED/536971188798/payment on CRED,-1,-1,,-2,,,,-1,UPI-500313543253,31
8631,6,2025-01-04 00:00:00,KOTAK FASTAG,-1,-1,,-2,,,,-1,723F,31
8632,10,2025-01-04 00:00:00,NEFT N004253492324463 J M MUTUAL,-1,-1,,-2,,,,-1,1083733198,31
8633,10,2025-01-05 00:00:00,MB:RECEIVED FROM CREATIVEPRINTERS/TO SPS K,-1,-1,,-2,,,,-1,MB-998551616529,31
8634,10,2025-01-06 00:00:00,NEFT IDFBH25006512394 UTI MF PAYMENT,-1,-1,,-2,,,,-1,1085433279,31
8635,10,2025-01-06 00:00:00,NEFT N006253496619605 PPFAS MUTUAL,-1,-1,,-2,,,,-1,1085931187,31
8636,10,2025-01-06 00:00:00,NEFT N006253496933296 SBIMF,-1,-1,,-2,,,,-1,1086024808,31
8637,6,2025-01-06 00:00:00,MB:SENT TO CREATIVE PACKAGING/TOPACKK,-1,-1,,-2,,,,-1,MB-998550927105,31
8638,6,2025-01-06 00:00:00,SentIMPS500622505560SAAHIL,-1,-1,,-2,,,,-1,500622212626,31
8639,10,2025-01-07 00:00:00,NEFT N007253497517493 QUANT M F,-1,-1,,-2,,,,-1,1086619685,31
8640,6,2025-01-07 00:00:00,SentIMPS500710625319Saahil,-1,-1,,-2,,,,-1,500710489302,31
8641,10,2025-01-07 00:00:00,NEFT ICIN200714826200 DSP MF,-1,-1,,-2,,,,-1,1086884322,31
8642,10,2025-01-07 00:00:00,NEFT N007253498867480 NIPPON INDIA,-1,-1,,-2,,,,-1,1086933332,31
8643,10,2025-01-07 00:00:00,NEFT ICIN200715437942 ICICI PRUDENTIAL,-1,-1,,-2,,,,-1,1087214177,31
8644,10,2025-01-07 00:00:00,NEFT N007253500659966 CANARA,-1,-1,,-2,,,,-1,1087282910,31
8645,6,2025-01-08 00:00:00,MB:SENT MONEY TO OWN 5348806437,-1,-1,,-2,,,,-1,MB-998549836624,31
8646,6,2025-01-08 00:00:00,MB:SENT TO CREATIVE PRINTERS/TOPRINT K,-1,-1,,-2,,,,-1,MB-998549761778,31
8647,10,2025-01-08 00:00:00,NEFT ICIN200816782358 EDELWEISS,-1,-1,,-2,,,,-1,1088305662,31
8648,10,2025-01-08 00:00:00,NEFT N008253502939856 TMF BROKERAGE,-1,-1,,-2,,,,-1,1088334997,31
8649,10,2025-01-08 00:00:00,NEFT N008253503237169 MOTILAL OSWAL,-1,-1,,-2,,,,-1,1088394913,31
8650,6,2024-11-30 00:00:00,fastag,-1,-1,,-2,,,,,,31
8651,10,2024-11-29 00:00:00,smc,-1,-1,,-2,,,,,,31
8652,6,2024-11-29 00:00:00,,-1,-1,,-2,,,,,,31
8653,6,2024-11-28 00:00:00,,-1,-1,,-2,,,,,,31
8654,6,2024-11-27 00:00:00,,-1,-1,,-2,,,,,,31
8655,6,2024-11-26 00:00:00,nemiji,-1,-1,,-2,,,,,,31
8658,6,2024-12-31 00:00:00,,-1,-1,,-2,,,,,,31
8659,6,2024-12-31 00:00:00,,-1,-1,,-2,,,,,,31
8663,10,2024-12-18 00:00:00,Recd:IMPS/435319925182/Amazon,-1,-1,,-2,,,,-1,435319314264,36
8664,6,2024-12-23 00:00:00,MB:SENT MONEY TO OWN 5348806437/KSTO AS,-1,-1,,-2,,,,-1,MB-998559135576,36
8665,10,2024-12-31 00:00:00,Recd:IMPS/436613846472/MYNTRA,-1,-1,,-2,,,,-1,436613181920,36
8666,10,2024-12-31 00:00:00,Int.Pd:6945111207:01-10-2024 to 31-12-2024,-1,-1,,-2,,,,-1,,36
8667,6,2025-01-03 00:00:00,SentIMPS500310632981Krisha,-1,-1,,-2,,,,-1,500310797776,36
8668,10,2025-01-06 00:00:00,MB:RECEIVED FROM ARJIN SAAHILSHAH/AS TO KSS,-1,-1,,-2,,,,-1,MB-998550837815,36
8669,10,2025-01-06 00:00:00,MB:RECEIVED FROM ARJIN SAAHILSHAH/AS TO KSS,-1,-1,,-2,,,,-1,MB-998550838117,36
8670,6,2025-01-08 00:00:00,SentIMPS500813330383Krisha,-1,-1,,-2,,,,-1,500813028289,36
8671,10,2025-01-08 00:00:00,MB:RECEIVED FROM PRAMESH RAJENDRASHAH,-1,-1,,-2,,,,-1,MB-998549860715,36
8672,6,2025-01-08 00:00:00,SentIMPS500813333040Krisha,-1,-1,,-2,,,,-1,500813033585,36
8673,10,2024-11-28 00:00:00,,-1,-1,,-2,,,,,,36
8674,10,2024-11-27 00:00:00,,-1,-1,,-2,,,,,,36
8676,10,2024-11-24 00:00:00,,-1,-1,,-2,,,,,,36
8679,4,2024-12-04 00:00:00,NEFT N339243434146791 MONEYWISE,-1,-1,,-2,,,,-1,1052790910,30
8680,4,2024-12-04 00:00:00,NEFT N339243434146863 SMC GLOBAL,-1,-1,,-2,,,,-1,1052790912,30
8682,6,2024-12-15 00:00:00,PG MGL OSMNGRGAS,-1,-1,,-2,,,,-1,KPG-0221331281,30
8683,12,2024-12-17 00:00:00,ATW/2740/+Dr. A. B. RoadWorliMumbaiM171224/15:08,-1,-1,,-2,,,,-1,435209493481,30
8684,6,2024-12-17 00:00:00,SentIMPS435215225886pramesh,-1,-1,,-2,,,,-1,435215743642,30
8685,10,2024-12-23 00:00:00,Recd:IMPS/435814888413/Mr,-1,-1,,-2,,,,-1,435814511023,30
8687,6,2024-12-29 00:00:00,SentIMPS436414102852pramesh,-1,-1,,-2,,,,-1,436414933757,30
8688,10,2025-01-01 00:00:00,Int.Pd:2012066081:01-10-2024 to 31-12-2024,-1,-1,,-2,,,,-1,,30
8690,6,2025-01-03 00:00:00,PG INDIAN RAILWAY CATER,-1,-1,,-2,,,,-1,KPG-0222295155,30
8691,12,2025-01-06 00:00:00,SentIMPS500622505886PRAMESH,-1,-1,,-2,,,,-1,500622213525,30
8692,10,2025-01-08 00:00:00,MB:RECEIVED FROM PRAMESH SHAHHUF/PRS HUF K TO PRS,-1,-1,,-2,,,,-1,MB-998549861600,30
8693,6,2025-01-08 00:00:00,MB:SENT TO KRISHA SAAHIL SHAH,-1,-1,,-2,,,,-1,MB-998549860715,30
8695,10,2024-11-30 00:00:00,,-1,-1,,-2,,,,,,30
8696,10,2024-11-27 00:00:00,,-1,-1,,-2,,,,,,30
8697,6,2024-11-27 00:00:00,,-1,-1,,-2,,,,,,30
8699,6,2024-12-01 00:00:00,MB:SENT TO CREATIVE PACKAGING/UPSTO PACK K,-1,-1,,-2,,,,-1,MB-998572075876,29
8700,12,2024-12-01 00:00:00,MB:to ups IDfc,-1,-1,,-2,,,,-1,0982505,29
8701,10,2024-12-06 00:00:00,MB:RECEIVED FROM CREATIVEPACKAGING/TO UPSK,-1,-1,,-2,,,,-1,MB-998568858986,29
8702,6,2024-12-11 00:00:00,MB:SENT TO CREATIVE PACKAGING/TOPACK,-1,-1,,-2,,,,-1,MB-998565725792,29
8703,6,2024-12-12 00:00:00,MB:SENT TO CREATIVE PACKAGING/TOPACK,-1,-1,,-2,,,,-1,MB-998565095502,29
8704,6,2024-12-12 00:00:00,MB:SENT TO CREATIVE PRINTERS/TOPRINTERS,-1,-1,,-2,,,,-1,MB-998565093547,29
8707,12,2024-12-17 00:00:00,SentIMPS435214212262unnati p,-1,-1,,-2,,,,-1,435214715801,29
8708,10,2024-12-19 00:00:00,MB:RECEIVED FROM CREATIVEPACKAGING/TO UNNATI K,-1,-1,,-2,,,,-1,MB-998561068920,29
8709,12,2024-12-23 00:00:00,Recd:IMPS/435814891611/Ms,-1,-1,,-2,,,,-1,435814513148,29
8710,6,2024-12-24 00:00:00,MB:SENT TO CREATIVE PACKAGING/TOPACKK,-1,-1,,-2,,,,-1,MB-998558649880,29
8711,12,2024-12-26 00:00:00,SentIMPS436109502815UNNATI,-1,-1,,-2,,,,-1,436109382930,29
8712,12,2024-12-26 00:00:00,MB:to ups idfc,-1,-1,,-2,,,,-1,0795089,29
8713,10,2025-01-01 00:00:00,Int.Pd:1912581915:01-10-2024 to 31-12-2024,-1,-1,,-2,,,,-1,,29
8714,12,2025-01-06 00:00:00,SentIMPS500622506168UNNATI,-1,-1,,-2,,,,-1,500622214246,29
8715,6,2024-11-27 00:00:00,,-1,-1,,-2,,,,,,29
8718,6,2024-12-01 00:00:00,,-1,-1,,-2,,,,,,32
8719,10,2024-12-06 00:00:00,,-1,-1,,-2,,,,,,32
8720,10,2024-12-12 00:00:00,,-1,-1,,-2,,,,,,32
8721,10,2024-12-13 00:00:00,,-1,-1,,-2,,,,,,32
8722,10,2024-12-19 00:00:00,,-1,-1,,-2,,,,,,32
8723,6,2024-12-24 00:00:00,,-1,-1,,-2,,,,,,32
8724,10,2024-12-31 00:00:00,,-1,-1,,-2,,,,,,32
8725,6,2025-01-08 00:00:00,,-1,-1,,-2,,,,,,32
8726,4,2025-01-08 00:00:00,,-1,-1,,-2,,,,,,32
8727,6,2025-01-08 00:00:00,,-1,-1,,-2,,,,,,32
8728,6,2025-01-08 00:00:00,,-1,-1,,-2,,,,,,31
8729,6,2025-01-06 00:00:00,,-1,-1,,-2,,,,,,31
8730,6,2025-01-06 00:00:00,,-1,-1,,-2,,,,,,31
8731,6,2025-01-06 00:00:00,,-1,-1,,-2,,,,,,31
8732,10,2025-01-04 00:00:00,,-1,-1,,-2,,,,,,31
8733,6,2025-01-01 00:00:00,,-1,-1,,-2,,,,,,31
8734,10,2024-12-31 00:00:00,,-1,-1,,-2,,,,,,31
8735,6,2024-12-26 00:00:00,,-1,-1,,-2,,,,,,31
8736,10,2024-12-25 00:00:00,,-1,-1,,-2,,,,,,31
8737,6,2024-12-18 00:00:00,,-1,-1,,-2,,,,,,31
8738,6,2024-12-11 00:00:00,,-1,-1,,-2,,,,,,31
8739,6,2024-12-09 00:00:00,,-1,-1,,-2,,,,,,31
8740,10,2024-12-09 00:00:00,,-1,-1,,-2,,,,,,31
8741,10,2024-11-30 00:00:00,,-1,-1,,-2,,,,,,31
8742,10,2025-01-08 00:00:00,,-1,-1,,-2,,,,,,36
8743,10,2025-01-08 00:00:00,,-1,-1,,-2,,,,,,36
8744,4,2025-01-08 00:00:00,,-1,-1,,-2,,,,,,36
8745,10,2025-01-04 00:00:00,,-1,-1,,-2,,,,,,36
8746,10,2025-01-01 00:00:00,,-1,-1,,-2,,,,,,36
8747,10,2024-12-31 00:00:00,,-1,-1,,-2,,,,,,36
8748,6,2024-12-25 00:00:00,,-1,-1,,-2,,,,,,36
8749,6,2024-12-13 00:00:00,,-1,-1,,-2,,,,,,36
8750,6,2025-01-03 00:00:00,,-1,-1,,-2,,,,,,36
8751,6,2024-12-09 00:00:00,,-1,-1,,-2,,,,,,36
8752,6,2025-01-08 00:00:00,,-1,-1,,-2,,,,,,29
8753,10,2025-01-06 00:00:00,,-1,-1,,-2,,,,,,29
8754,6,2025-01-06 00:00:00,,-1,-1,,-2,,,,,,29
8755,6,2024-10-17 00:00:00,Ecom/57219926/Paytm/INTERGLOBE,-1,-1,,-2,,,,-1,,31
8760,10,2024-10-31 00:00:00,MONTHLY SAVINGS INTEREST,-1,-1,,-2,,,,-1,,31
8761,6,2024-11-04 00:00:00,UPI/MOB/430914563892/payment,-1,-1,,-2,,,,-1,,31
8768,10,2024-10-31 00:00:00,MONTHLY SAVINGS INTEREST,-1,-1,,-2,,,,-1,,30
8769,10,2024-11-24 00:00:00,IFT/10066812526/Mrs. KRISHA,-1,-1,,-2,,,,-1,,30
8770,6,2024-11-24 00:00:00,IFT/10066812526/Mrs. KRISHA,-1,-1,,-2,,,,-1,,30
8771,10,2024-11-30 00:00:00,MONTHLY SAVINGS INTEREST,-1,-1,,-2,,,,-1,,30
8773,10,2024-12-09 00:00:00,Savings Account Interest,-1,-1,,-2,,,,-1,,30
8774,10,2024-12-31 00:00:00,MONTHLY SAVINGS INTEREST,-1,-1,,-2,,,,-1,,30
8775,10,2025-01-06 00:00:00,,-1,-1,,-2,,,,,,30
8781,10,2024-10-31 00:00:00,MONTHLY SAVINGS INTEREST,-1,-1,,-2,,,,-1,,29
8787,10,2024-11-29 00:00:00,NEFT/YESF343341915744/ZERODHA,-1,-1,,-2,,,,-1,,29
8788,10,2024-11-30 00:00:00,MONTHLY SAVINGS INTEREST,-1,-1,,-2,,,,-1,,29
8789,10,2024-12-09 00:00:00,Savings Account Interest,-1,-1,,-2,,,,-1,,29
8790,6,2024-12-13 00:00:00,Ecom/57979434/IndiaIdeas/PINEL,-1,-1,,-2,,,,-1,,29
8792,10,2024-12-31 00:00:00,MONTHLY SAVINGS INTEREST,-1,-1,,-2,,,,-1,,29
8794,10,2025-01-04 00:00:00,NEFT/YESF350043327851/ZERODHA,-1,-1,,-2,,,,-1,,29
8796,6,2024-07-03 00:00:00,,-1,-1,,-2,,,,,,29
8797,6,2024-12-02 00:00:00,,-1,-1,,-2,,,,,,30
8798,10,2024-11-27 00:00:00,,-1,-1,,-2,,,,,,32
8799,6,2024-11-27 00:00:00,,-1,-1,,-2,,,,,,32
8800,10,2025-01-08 00:00:00,,-1,-1,,-2,,,,,,61
8801,6,2025-01-06 00:00:00,,-1,-1,,-2,,,,,,61
8802,6,2025-01-06 00:00:00,,-1,-1,,-2,,,,,,61
8803,10,2024-12-31 00:00:00,,-1,-1,,-2,,,,,,61
8804,10,2024-12-23 00:00:00,,-1,-1,,-2,,,,,,61
8805,10,2024-09-30 00:00:00,,-1,-1,,-2,,,,,,61
8806,10,2024-09-30 00:00:00,,-1,-1,,-2,,,,,,62
8807,10,2024-10-17 00:00:00,,-1,-1,,-2,,,,,,62
8808,10,2024-10-17 00:00:00,,-1,-1,,-2,,,,,,62
8809,6,2024-10-17 00:00:00,,-1,-1,,-2,,,,,,62
8810,10,2024-10-22 00:00:00,,-1,-1,,-2,,,,,,62
8811,6,2024-10-22 00:00:00,euin,-1,-1,,-2,,,,,,62
8812,10,2024-11-02 00:00:00,,-1,-1,,-2,,,,,,62
8813,10,2024-11-04 00:00:00,uti,-1,-1,,-2,,,,,,62
8814,10,2024-12-04 00:00:00,,-1,-1,,-2,,,,,,62
8815,10,2024-12-04 00:00:00,jmmf,-1,-1,,-2,,,,,,62
8816,10,2024-12-04 00:00:00,utimf,-1,-1,,-2,,,,,,62
8817,10,2024-12-05 00:00:00,quant,-1,-1,,-2,,,,,,62
8818,10,2024-12-07 00:00:00,,-1,-1,,-2,,,,,,62
8819,6,2024-12-07 00:00:00,sps term,-1,-1,,-2,,,,,,62
8820,10,2024-12-07 00:00:00,,-1,-1,,-2,,,,,,62
8821,10,2024-12-28 00:00:00,,-1,-1,,-2,,,,,,62
8822,10,2024-12-31 00:00:00,,-1,-1,,-2,,,,,,62
8823,10,2025-01-04 00:00:00,jmmf,-1,-1,,-2,,,,,,62
8824,10,2025-01-06 00:00:00,utimf,-1,-1,,-2,,,,,,62
8825,10,2025-01-06 00:00:00,,-1,-1,,-2,,,,,,62
8826,10,2025-01-06 00:00:00,ronald,-1,-1,,-2,,,,,,62
8827,10,2025-01-07 00:00:00,quant,-1,-1,,-2,,,,,,62
8828,10,2025-01-08 00:00:00,motilal,-1,-1,,-2,,,,,,62
8829,4,2025-01-17 00:00:00,,-1,-1,,-2,,,,,,62
8830,4,2025-01-16 00:00:00,,-1,-1,,-2,,,,,,62
8831,4,2025-01-18 00:00:00,,-1,-1,,-2,,,,,,62
8832,4,2025-01-22 00:00:00,prudent,-1,-1,,-2,,,,,,36
8833,4,2025-01-20 00:00:00,iifl,-1,-1,,-2,,,,,,36
8834,4,2025-01-19 00:00:00,prudent,-1,-1,,-2,,,,,,36
8835,6,2025-01-16 00:00:00,,-1,-1,,-2,,,,,,31
8836,10,2025-01-27 00:00:00,,-1,-1,,-2,,,,,,29
8838,10,2025-01-24 00:00:00,,-1,-1,,-2,,,,,,29
8839,6,2025-01-24 00:00:00,,-1,-1,,-2,,,,,,30
8840,6,2025-01-25 00:00:00,,-1,-1,,-2,,,,,,30
8841,10,2025-01-25 00:00:00,,-1,-1,,-2,,,,,,29
8842,4,2025-01-18 00:00:00,,-1,-1,,-2,,,,,,61
8845,6,2025-01-27 00:00:00,,-1,-1,,-2,,,,,,31
8847,6,2025-01-27 00:00:00,,-1,-1,,-2,,,,,,31
8849,6,2025-01-27 00:00:00,,-1,-1,,-2,,,,,,31
8850,6,2025-01-27 00:00:00,,-1,-1,,-2,,,,,,29
8851,10,2025-01-27 00:00:00,,-1,-1,,-2,,,,,,31
8852,10,2025-01-27 00:00:00,,-1,-1,,-2,,,,,,31
8853,10,2025-01-27 00:00:00,,-1,-1,,-2,,,,,,29
8854,6,2025-01-27 00:00:00,,-1,-1,,-2,,,,,,29
8855,6,2025-01-13 00:00:00,,-1,-1,,-2,,,,,,29
8856,4,2025-01-15 00:00:00,,-1,-1,,-2,,,,,,29
8857,4,2025-01-17 00:00:00,,-1,-1,,-2,,,,,,29
8858,4,2025-01-18 00:00:00,,-1,-1,,-2,,,,,,29
8859,10,2024-07-23 00:00:00,,-1,-1,,-2,,,,,,29
8860,4,2025-01-15 00:00:00,,-1,-1,,-2,,,,,,31
8861,6,2025-01-28 00:00:00,,-1,-1,,-2,,,,,,30
8862,10,2025-01-28 00:00:00,,-1,-1,,-2,,,,,,31
8863,10,2025-01-28 00:00:00,,-1,-1,,-2,,,,,,30
8864,6,2025-01-28 00:00:00,,-1,-1,,-2,,,,,,36
8865,10,2025-01-28 00:00:00,,-1,-1,,-2,,,,,,30
8866,6,2025-01-28 00:00:00,,-1,-1,,-2,,,,,,29
8867,6,2025-01-28 00:00:00,,-1,-1,,-2,,,,,,30
8868,10,2025-01-28 00:00:00,,-1,-1,,-2,,,,,,32
8869,6,2025-01-28 00:00:00,,-1,-1,,-2,,,,,,31
8870,10,2025-01-28 00:00:00,,-1,-1,,-2,,,,,,36
8871,6,2025-01-28 00:00:00,,-1,-1,,-2,,,,,,36
8872,10,2025-01-28 00:00:00,,-1,-1,,-2,,,,,,29
8873,6,2025-01-28 00:00:00,,-1,-1,,-2,,,,,,29
8874,10,2025-01-28 00:00:00,,-1,-1,,-2,,,,,,31
8875,6,2025-01-28 00:00:00,,-1,-1,,-2,,,,,,36
8876,10,2025-01-28 00:00:00,,-1,-1,,-2,,,,,,61
8880,6,2025-02-18 00:00:00,,-1,-1,,-2,,,,,,31
8881,10,2025-02-10 00:00:00,,-1,-1,,-2,,,,,,31
8882,6,2025-02-10 00:00:00,UBUNTU ARJIN,-1,-1,,-2,,,,,,31
8883,4,2025-02-10 00:00:00,,-1,-1,,-2,,,,,,29
8884,10,2025-02-10 00:00:00,,-1,-1,,-2,,,,,,29
8885,10,2025-02-09 00:00:00,,-1,-1,,-2,,,,,,29
8886,6,2025-02-06 00:00:00,,-1,-1,,-2,,,,,,29
8887,4,2025-02-05 00:00:00,,-1,-1,,-2,,,,,,29
8888,6,2025-02-05 00:00:00,,-1,-1,,-2,,,,,,29
8889,10,2025-02-05 00:00:00,,-1,-1,,-2,,,,,,29
8890,10,2025-02-05 00:00:00,,-1,-1,,-2,,,,,,29
8891,6,2025-01-27 00:00:00,,-1,-1,,-2,,,,,,29
8892,6,2025-01-24 00:00:00,??????????????????,-1,-1,,-2,,,,,,29
8893,6,2025-01-18 00:00:00,,-1,-1,,-2,,,,,,29
8894,6,2025-01-17 00:00:00,,-1,-1,,-2,,,,,,29
8895,6,2025-01-15 00:00:00,,-1,-1,,-2,,,,,,29
8896,4,2025-01-12 00:00:00,,-1,-1,,-2,,,,,,29
8897,10,2025-02-14 00:00:00,,-1,-1,,-2,,,,,,30
8898,4,2025-02-08 00:00:00,,-1,-1,,-2,,,,,,30
8899,4,2025-02-08 00:00:00,,-1,-1,,-2,,,,,,30
8900,4,2025-02-03 00:00:00,,-1,-1,,-2,,,,,,30
8901,4,2025-01-22 00:00:00,,-1,-1,,-2,,,,,,30
8902,10,2025-02-10 00:00:00,sbi,-1,-1,,-2,,,,,,31
8903,10,2025-02-07 00:00:00,can rob,-1,-1,,-2,,,,,,31
8904,10,2025-02-07 00:00:00,ppfas,-1,-1,,-2,,,,,,31
8905,10,2025-02-07 00:00:00,nippon,-1,-1,,-2,,,,,,31
8906,10,2025-02-07 00:00:00,tata,-1,-1,,-2,,,,,,31
8907,10,2025-02-07 00:00:00,dsp,-1,-1,,-2,,,,,,31
8908,10,2025-02-07 00:00:00,motilal,-1,-1,,-2,,,,,,31
8909,10,2025-02-06 00:00:00,edel,-1,-1,,-2,,,,,,31
8910,10,2025-02-06 00:00:00,icici,-1,-1,,-2,,,,,,31
8911,10,2025-02-05 00:00:00,quant,-1,-1,,-2,,,,,,31
8912,10,2025-02-05 00:00:00,uti,-1,-1,,-2,,,,,,31
8913,10,2025-02-05 00:00:00,jm,-1,-1,,-2,,,,,,31
8914,6,2025-02-02 00:00:00,fastag,-1,-1,,-2,,,,,,31
8915,4,2025-02-01 00:00:00,,-1,-1,,-2,,,,,,31
8916,6,2025-01-26 00:00:00,fastag,-1,-1,,-2,,,,,,31
8917,6,2025-01-15 00:00:00,,-1,-1,,-2,,,,,,31
8918,4,2025-02-01 00:00:00,,-1,-1,,-2,,,,,,31
8919,4,2025-02-05 00:00:00,,-1,-1,,-2,,,,,,31
8920,4,2025-02-10 00:00:00,,-1,-1,,-2,,,,,,31
8921,6,2025-02-14 00:00:00,glide - prudent,-1,-1,,-2,,,,,,36
8922,4,2025-02-04 00:00:00,iifl,-1,-1,,-2,,,,,,36
8923,10,2025-02-08 00:00:00,prudent,-1,-1,,-2,,,,,,36
8924,10,2025-01-23 00:00:00,,-1,-1,,-2,,,,,,36
8925,4,2025-02-01 00:00:00,,-1,-1,,-2,,,,,,36
8926,10,2025-02-07 00:00:00,motilal,-1,-1,,-2,,,,,,62
8927,10,2025-02-06 00:00:00,edel,-1,-1,,-2,,,,,,62
8928,10,2025-02-05 00:00:00,jm,-1,-1,,-2,,,,,,62
8929,10,2025-02-05 00:00:00,quant,-1,-1,,-2,,,,,,62
8930,10,2025-02-05 00:00:00,,-1,-1,,-2,,,,,,62
8931,4,2025-02-04 00:00:00,iifl,-1,-1,,-2,,,,,,62
8932,10,2025-02-18 00:00:00,,-1,-1,,-2,,,,,,32
8933,10,2025-02-10 00:00:00,,-1,-1,,-2,,,,,,32
8934,10,2025-01-22 00:00:00,,-1,-1,,-2,,,,,,32
8935,6,2025-01-18 00:00:00,,-1,-1,,-2,,,,,,32
8936,6,2025-01-17 00:00:00,,-1,-1,,-2,,,,,,32
8937,10,2025-01-15 00:00:00,,-1,-1,,-2,,,,,,32
8938,6,2025-01-27 00:00:00,,-1,-1,,-2,,,,,,32
8939,4,2025-02-26 00:00:00,,-1,-1,,-2,,,,,,29
8940,10,2025-01-31 00:00:00,,-1,-1,,-2,,,,,,29
8941,10,2024-07-26 00:00:00,,-1,-1,,-2,,,,,,29
8942,10,2024-07-30 00:00:00,,-1,-1,,-2,,,,,,29
8943,10,2024-07-31 00:00:00,,-1,-1,,-2,,,,,,29
8944,10,2025-01-31 00:00:00,,-1,-1,,-2,,,,,,30
8945,4,2025-02-25 00:00:00,,-1,-1,,-2,,,,,,31
8946,10,2025-02-25 00:00:00,,-1,-1,,-2,,,,,,31
8947,6,2025-02-23 00:00:00,,-1,-1,,-2,,,,,,31
8948,10,2025-02-03 00:00:00,,-1,-1,,-2,,,,,,31
8949,10,2025-01-31 00:00:00,,-1,-1,,-2,,,,,,31
8950,4,2025-02-25 00:00:00,,-1,-1,,-2,,,,,,36
8951,4,2025-02-25 00:00:00,,-1,-1,,-2,,,,,,36
8952,4,2025-02-12 00:00:00,,-1,-1,,-2,,,,,,36
8953,4,2025-01-21 00:00:00,,-1,-1,,-2,,,,,,36
8954,10,2025-01-31 00:00:00,,-1,-1,,-2,,,,,,36
8955,10,2024-12-09 00:00:00,,-1,-1,,-2,,,,,,36
8956,10,2024-11-30 00:00:00,,-1,-1,,-2,,,,,,36
8957,10,2024-10-31 00:00:00,,-1,-1,,-2,,,,,,36
8958,10,2025-02-25 00:00:00,,-1,-1,,-2,,,,,,36
8959,4,2025-02-20 00:00:00,,-1,-1,,-2,,,,,,36
8960,6,2025-02-27 00:00:00,,-1,-1,,-2,,,,,,29
8961,6,2025-02-26 00:00:00,,-1,-1,,-2,,,,,,29
8962,6,2025-02-25 00:00:00,,-1,-1,,-2,,,,,,29
8963,6,2025-02-20 00:00:00,,-1,-1,,-2,,,,,,29
8964,10,2025-02-09 00:00:00,,-1,-1,,-2,,,,,,29
8965,4,2025-02-24 00:00:00,,-1,-1,,-2,,,,,,30
8966,4,2025-01-06 00:00:00,,-1,-1,,-2,,,,,,36
8967,4,2024-12-06 00:00:00,,-1,-1,,-2,,,,,,36
8968,4,2024-11-06 00:00:00,,-1,-1,,-2,,,,,,36
8969,4,2024-10-06 00:00:00,,-1,-1,,-2,,,,,,36
8970,4,2024-09-06 00:00:00,,-1,-1,,-2,,,,,,36
8971,4,2024-08-06 00:00:00,,-1,-1,,-2,,,,,,36
8972,10,2024-04-08 00:00:00,saragn tuition,-1,-1,,-2,,,,,,36
8973,10,2024-08-01 00:00:00,tuition,-1,-1,,-2,,,,,,36
8974,10,2024-08-01 00:00:00,tuition 2,-1,-1,,-2,,,,,,36
8975,10,2024-08-01 00:00:00,tuition 3,-1,-1,,-2,,,,,,36
8976,10,2024-12-11 00:00:00,tuition,-1,-1,,-2,,,,,,36
8977,10,2024-09-18 00:00:00,tuition,-1,-1,,-2,,,,,,36
8978,10,2024-09-18 00:00:00,tuition 2,-1,-1,,-2,,,,,,36
8979,10,2024-09-06 00:00:00,krisha mom,-1,-1,,-2,,,,,,36
8980,10,2024-08-11 00:00:00,tuition,-1,-1,,-2,,,,,,36
8981,10,2024-05-11 00:00:00,tuition,-1,-1,,-2,,,,,,36
8982,10,2024-05-11 00:00:00,tuition 2,-1,-1,,-2,,,,,,36
8983,6,2025-02-27 00:00:00,,-1,-1,,-2,,,,,,36
8984,6,2025-02-27 00:00:00,,-1,-1,,-2,,,,,,29
8985,6,2025-02-27 00:00:00,,-1,-1,,-2,,,,,,30
8986,6,2025-02-27 00:00:00,,-1,-1,,-2,,,,,,31
8987,10,2025-02-12 00:00:00,rajesh naidu iifl brokerage,-1,-1,,-2,,,,,,31
8988,10,2024-07-11 00:00:00,,-1,-1,,-2,,,,,,31
8989,6,2025-02-27 00:00:00,,-1,-1,,-2,,,,,,31
8990,10,2025-03-01 00:00:00,,-1,-1,,-2,,,,,,62
8991,10,2025-02-27 00:00:00,,-1,-1,,-2,,,,,,62
8992,6,2025-03-01 00:00:00,,-1,-1,,-2,,,,,,31
8993,10,2025-03-01 00:00:00,,-1,-1,,-2,,,,,,31
8994,6,2025-03-01 00:00:00,,-1,-1,,-2,,,,,,61
8996,4,2025-03-01 00:00:00,,-1,-1,,-2,,,,,,62
8997,4,2025-03-01 00:00:00,,-1,-1,,-2,,,,,,31
8998,4,2025-03-01 00:00:00,amc,-1,-1,,-2,,,,,,31
8999,4,2025-03-01 00:00:00,smallcase,-1,-1,,-2,,,,,,31
9000,4,2025-03-01 00:00:00,easiest transfer,-1,-1,,-2,,,,,,31
9002,10,2025-03-01 00:00:00,,-1,-1,,-2,,,,,,36
9003,4,2025-03-01 00:00:00,1294.65 dp 177 amc 29.5 address 1180 smallcase 265.5 off market,-1,-1,,-2,,,,,,36
9004,4,2024-04-01 00:00:00,,-1,-1,,-2,,,,,,36
9005,10,2025-03-01 00:00:00,,-1,-1,,-2,,,,,,29
9006,4,2025-03-01 00:00:00,"846.945 dp 29.5 off market, 472 smallcase 63.72 gateway chagres 1.28 delayed 88.5 amc",-1,-1,,-2,,,,,,29
9007,10,2025-03-02 00:00:00,FROM ENT,-1,-1,,-2,,,,,,30
9008,6,2025-03-02 00:00:00,LOAN REPAY,-1,-1,,-2,,,,,,30
9009,4,2025-03-03 00:00:00,FROM ENT,-1,-1,,-2,,,,,,30
9010,4,2025-02-28 00:00:00,,-1,-1,,-2,,,,,,30
9011,4,2025-03-02 00:00:00,,-1,-1,,-2,,,,,,30
9012,4,2025-02-28 00:00:00,,-1,-1,,-2,,,,,,31
9013,4,2025-02-28 00:00:00,,-1,-1,,-2,,,,,,36
9014,4,2025-02-28 00:00:00,,-1,-1,,-2,,,,,,36
9015,4,2025-03-05 00:00:00,,-1,-1,,-2,,,,,,30
9017,4,2025-03-15 00:00:00,,-1,-1,,-2,,,,,,36
9018,4,2025-03-31 00:00:00,,-1,-1,,-2,,,,,,31
9019,4,2025-03-31 00:00:00,,-1,-1,,-2,,,,,,30
9021,4,2025-03-31 00:00:00,,-1,-1,,-2,,,,,,29
9022,4,2025-03-15 00:00:00,,-1,-1,,-2,,,,,,31
9024,4,2025-03-18 00:00:00,,-1,-1,,-2,,,,,,30
9025,6,2025-03-19 00:00:00,,-1,-1,,-2,,,,,,36
9026,6,2025-03-15 00:00:00,,-1,-1,,-2,,,,,,36
9027,4,2025-03-15 00:00:00,,-1,-1,,-2,,,,,,29
9028,6,2025-03-15 00:00:00,,-1,-1,,-2,,,,,,29
9029,4,2025-03-09 00:00:00,,-1,-1,,-2,,,,,,29
9030,6,2025-03-03 00:00:00,,-1,-1,,-2,,,,,,29
9031,6,2025-03-03 00:00:00,,-1,-1,,-2,,,,,,29
9032,4,2025-03-15 00:00:00,,-1,-1,,-2,,,,,,30
9033,6,2025-03-15 00:00:00,,-1,-1,,-2,,,,,,30
9034,6,2025-03-13 00:00:00,,-1,-1,,-2,,,,,,30
9035,4,2025-03-24 00:00:00,,-1,-1,,-2,,,,,,29
9036,10,2025-03-24 00:00:00,,-1,-1,,-2,,,,,,29
9037,10,2025-03-24 00:00:00,,-1,-1,,-2,,,,,,29
9038,10,2025-03-24 00:00:00,,-1,-1,,-2,,,,,,29
9039,10,2025-03-21 00:00:00,,-1,-1,,-2,,,,,,29
9040,10,2025-03-21 00:00:00,,-1,-1,,-2,,,,,,29
9041,10,2025-03-21 00:00:00,,-1,-1,,-2,,,,,,29
9042,6,2025-03-20 00:00:00,,-1,-1,,-2,,,,,,29
9043,4,2025-03-22 00:00:00,,-1,-1,,-2,,,,,,30
9046,6,2025-03-21 00:00:00,,-1,-1,,-2,,,,,,30
9047,6,2025-03-21 00:00:00,,-1,-1,,-2,,,,,,30
9048,6,2025-03-21 00:00:00,,-1,-1,,-2,,,,,,30
9049,4,2025-03-21 00:00:00,,-1,-1,,-2,,,,,,30
9050,6,2025-03-21 00:00:00,,-1,-1,,-2,,,,,,30
9051,10,2025-03-25 00:00:00,,-1,-1,,-2,,,,,,30
9056,10,2025-03-24 00:00:00,,-1,-1,,-2,,,,,,31
9057,6,2025-03-24 00:00:00,,-1,-1,,-2,,,,,,31
9058,6,2025-03-24 00:00:00,,-1,-1,,-2,,,,,,31
9059,10,2025-03-21 00:00:00,,-1,-1,,-2,,,,,,31
9060,10,2025-03-21 00:00:00,,-1,-1,,-2,,,,,,31
9061,6,2025-03-15 00:00:00,,-1,-1,,-2,,,,,,31
9062,10,2025-03-15 00:00:00,,-1,-1,,-2,,,,,,31
9063,10,2025-03-10 00:00:00,brokerage total of all mf feb,-1,-1,,-2,,,,,,31
9064,6,2025-03-02 00:00:00,fastag,-1,-1,,-2,,,,,,31
9065,6,2025-03-05 00:00:00,,-1,-1,,-2,,,,,,31
9066,4,2025-03-21 00:00:00,,-1,-1,,-2,,,,,,31
9067,4,2025-03-20 00:00:00,,-1,-1,,-2,,,,,,31
9068,4,2025-03-24 00:00:00,,-1,-1,,-2,,,,,,36
9069,4,2025-03-21 00:00:00,,-1,-1,,-2,,,,,,36
9070,4,2025-03-21 00:00:00,prudent,-1,-1,,-2,,,,,,36
9071,6,2025-01-23 00:00:00,,-1,-1,,-2,,,,,,36
9072,10,2025-02-27 00:00:00,,-1,-1,,-2,,,,,,36
9073,4,2025-03-20 00:00:00,,-1,-1,,-2,,,,,,32
9074,6,2025-03-15 00:00:00,,-1,-1,,-2,,,,,,32
9075,10,2025-03-15 00:00:00,,-1,-1,,-2,,,,,,32
9076,10,2025-03-05 00:00:00,,-1,-1,,-2,,,,,,32
9077,10,2025-03-03 00:00:00,,-1,-1,,-2,,,,,,32
9078,6,2025-03-03 00:00:00,,-1,-1,,-2,,,,,,32
9079,6,2025-03-02 00:00:00,,-1,-1,,-2,,,,,,32
9080,6,2025-02-28 00:00:00,,-1,-1,,-2,,,,,,32
9081,6,2025-02-26 00:00:00,,-1,-1,,-2,,,,,,32
9082,6,2025-02-25 00:00:00,,-1,-1,,-2,,,,,,32
9083,6,2025-02-24 00:00:00,,-1,-1,,-2,,,,,,61
9084,6,2025-03-24 00:00:00,,-1,-1,,-2,,,,,,62
9085,6,2025-03-24 00:00:00,,-1,-1,,-2,,,,,,62
9086,4,2025-03-20 00:00:00,,-1,-1,,-2,,,,,,62
9087,10,2025-03-10 00:00:00,brokerage all mf feb,-1,-1,,-2,,,,,,62
9088,10,2025-03-22 00:00:00,adjustment,-1,-1,,-2,,,,,,62
9089,10,2025-03-25 00:00:00,,-1,-1,,-2,,,,,,36
9090,10,2025-03-25 00:00:00,,-1,-1,,-2,,,,,,31
9091,10,2025-03-25 00:00:00,,-1,-1,,-2,,,,,,29
9092,10,2025-03-26 00:00:00,,-1,-1,,-2,,,,,,29
9093,10,2025-03-26 00:00:00,,-1,-1,,-2,,,,,,31
9094,6,2025-03-26 00:00:00,,-1,-1,,-2,,,,,,29
9095,6,2025-03-26 00:00:00,,-1,-1,,-2,,,,,,29
9096,10,2025-03-26 00:00:00,,-1,-1,,-2,,,,,,31
9097,4,2025-03-25 00:00:00,,-1,-1,,-2,,,,,,31
9098,6,2025-03-30 00:00:00,,-1,-1,,-2,,,,,,29
9099,6,2025-03-26 00:00:00,,-1,-1,,-2,,,,,,29
9100,4,2025-03-25 00:00:00,,-1,-1,,-2,,,,,,29
9101,6,2025-03-27 00:00:00,,-1,-1,,-2,,,,,,31
9102,6,2025-03-27 00:00:00,,-1,-1,,-2,,,,,,31
9103,6,2025-03-28 00:00:00,,-1,-1,,-2,,,,,,31
9104,6,2025-03-31 00:00:00,fastag,-1,-1,,-2,,,,,,31
9105,6,2025-03-27 00:00:00,fastag,-1,-1,,-2,,,,,,31
9106,6,2025-03-26 00:00:00,,-1,-1,,-2,,,,,,31
9107,4,2025-03-25 00:00:00,,-1,-1,,-2,,,,,,31
9108,10,2025-03-25 00:00:00,,-1,-1,,-2,,,,,,31
9109,4,2025-03-25 00:00:00,,-1,-1,,-2,,,,,,30
9110,4,2025-03-29 00:00:00,,-1,-1,,-2,,,,,,36
9111,6,2025-03-27 00:00:00,,-1,-1,,-2,,,,,,32
9112,10,2025-03-27 00:00:00,,-1,-1,,-2,,,,,,32
9113,6,2025-03-27 00:00:00,,-1,-1,,-2,,,,,,32
9114,6,2025-03-26 00:00:00,,-1,-1,,-2,,,,,,32
9115,6,2025-03-26 00:00:00,,-1,-1,,-2,,,,,,32
9116,4,2025-03-02 00:00:00,,-1,-1,,-2,,,,,,30
9117,10,2025-03-27 00:00:00,,-1,-1,,-2,,,,,,29
9118,10,2025-03-26 00:00:00,,-1,-1,,-2,,,,,,29
9119,6,2025-03-31 00:00:00,,-1,-1,,-2,,,,,,29
9120,10,2025-03-31 00:00:00,,-1,-1,,-2,,,,,,30
9121,10,2025-03-31 00:00:00,,-1,-1,,-2,,,,,,29
9122,6,2025-03-31 00:00:00,,-1,-1,,-2,,,,,,32
9123,6,2025-03-31 00:00:00,,-1,-1,,-2,,,,,,29
9124,10,2025-03-31 00:00:00,,-1,-1,,-2,,,,,,62
9125,4,2025-03-31 00:00:00,,-1,-1,,-2,,,,,,31
9126,10,2025-03-31 00:00:00,,-1,-1,,-2,,,,,,31
9127,4,2025-03-31 00:00:00,,-1,-1,,-2,,,,,,29
9128,6,2025-03-31 00:00:00,,-1,-1,,-2,,,,,,29
9129,10,2025-03-31 00:00:00,,-1,-1,,-2,,,,,,31
9130,6,2025-03-31 00:00:00,,-1,-1,,-2,,,,,,30
9131,6,2025-03-31 00:00:00,,-1,-1,,-2,,,,,,31
9132,6,2025-03-31 00:00:00,,-1,-1,,-2,,,,,,31
9133,6,2025-03-31 00:00:00,,-1,-1,,-2,,,,,,31
9134,10,2025-03-31 00:00:00,,-1,-1,,-2,,,,,,61
9135,10,2025-03-31 00:00:00,,-1,-1,,-2,,,,,,62
9136,10,2025-03-31 00:00:00,,-1,-1,,-2,,,,,,29
9137,6,2025-03-31 00:00:00,,-1,-1,,-2,,,,,,31
9138,4,2025-03-31 00:00:00,,-1,-1,,-2,,,,,,29
9139,4,2025-03-31 00:00:00,,-1,-1,,-2,,,,,,31
9141,4,2025-03-31 00:00:00,,-1,-1,,-2,,,,,,31
9142,4,2025-03-31 00:00:00,,-1,-1,,-2,,,,,,32
9143,4,2025-03-31 00:00:00,,-1,-1,,-2,,,,,,29
9144,4,2025-03-31 00:00:00,,-1,-1,,-2,,,,,,32
9145,6,2025-03-31 00:00:00,,-1,-1,,-2,,,,,,32
9146,10,2025-03-28 00:00:00,,-1,-1,,-2,,,,,,32
9147,10,2025-02-06 00:00:00,,-1,-1,,-2,,,,,,32
9148,10,2024-08-03 00:00:00,,-1,-1,,-2,,,,,,32
9149,10,2024-08-27 00:00:00,,-1,-1,,-2,,,,,,32
9150,6,2025-04-04 00:00:00,,-1,-1,,-2,,,,,,32
9151,10,2025-03-31 00:00:00,,-1,-1,,-2,,,,,,32
9152,10,2025-03-31 00:00:00,,-1,-1,,-2,,,,,,36
9153,10,2025-03-31 00:00:00,,-1,-1,,-2,,,,,,31
9154,10,2025-03-31 00:00:00,,-1,-1,,-2,,,,,,30
9155,10,2025-03-31 00:00:00,,-1,-1,,-2,,,,,,29
9156,6,2025-03-25 00:00:00,,-1,-1,,-2,,,,,,31
9157,6,2025-03-21 00:00:00,,-1,-1,,-2,,,,,,31
9158,10,2025-03-31 00:00:00,,-1,-1,,-2,,,,,,31
9159,10,2025-03-08 00:00:00,,-1,-1,,-2,,,,,,31
9160,10,2025-02-28 00:00:00,,-1,-1,,-2,,,,,,31
9161,10,2025-03-31 00:00:00,,-1,-1,,-2,,,,,,29
9162,10,2025-02-28 00:00:00,,-1,-1,,-2,,,,,,29
9163,10,2025-03-31 00:00:00,,-1,-1,,-2,,,,,,30
9164,10,2025-02-28 00:00:00,,-1,-1,,-2,,,,,,30
9166,4,2025-03-31 00:00:00,,-1,-1,,-2,,,,,,32
9167,4,2025-03-31 00:00:00,,-1,-1,,-2,,,,,,30
9168,4,2025-03-31 00:00:00,,-1,-1,,-2,,,,,,29
9169,4,2025-03-31 00:00:00,,-1,-1,,-2,,,,,,30
9170,4,2025-03-31 00:00:00,,-1,-1,,-2,,,,,,36
9171,10,2025-03-25 00:00:00,,-1,-1,,-2,,,,,,30
9172,10,2024-12-25 00:00:00,,-1,-1,,-2,,,,,,30
9173,10,2024-09-25 00:00:00,,-1,-1,,-2,,,,,,30
9174,10,2024-06-25 00:00:00,,-1,-1,,-2,,,,,,30
9175,10,2025-03-31 00:00:00,,-1,-1,,-2,,,,,,61
9176,10,2024-06-25 00:00:00,,-1,-1,,-2,,,,,,31
9177,10,2024-09-25 00:00:00,,-1,-1,,-2,,,,,,31
9178,10,2024-12-25 00:00:00,,-1,-1,,-2,,,,,,31
9179,10,2025-03-25 00:00:00,,-1,-1,,-2,,,,,,31
9180,6,2024-04-01 00:00:00,difference xxxxx,-1,-1,,-2,,,,,,31
9181,6,2025-03-31 00:00:00,difference xxxxx,-1,-1,,-2,,,,,,32
9184,6,2025-03-31 00:00:00,difference xxxxx,-1,-1,,-2,,,,,,29
9185,6,2025-03-24 00:00:00,,-1,-1,,-2,,,,,,36
9187,10,2025-03-31 00:00:00,,-1,-1,,-2,,,,,,36
9188,4,2025-03-21 00:00:00,,-1,-1,,-2,,,,,,36
9189,4,2025-03-13 00:00:00,,-1,-1,,-2,,,,,,36
9190,10,2025-02-28 00:00:00,,-1,-1,,-2,,,,,,36
9191,10,2025-03-31 00:00:00,DIFFERENCE XXXXX,-1,-1,,-2,,,,,,36
9192,10,2025-03-31 00:00:00,,-1,-1,,-2,,,,,,62
9193,6,2025-03-27 00:00:00,,-1,-1,,-2,,,,,,31
9194,6,2025-03-31 00:00:00,,-1,-1,,-2,,,,,,31
9195,4,2025-04-11 00:00:00,salary for march 2025,-1,-1,,-2,,,,,,36
9196,4,2025-03-11 00:00:00,,-1,-1,,-2,,,,,,36
9197,4,2025-02-06 00:00:00,,-1,-1,,-2,,,,,,36
9199,10,2025-03-15 00:00:00,riddhi,-1,-1,,-2,,,,,,36
9200,6,2025-03-31 00:00:00,,-1,-1,,-2,,,,,,30
9201,4,2025-03-01 00:00:00,amc,-1,-1,,-2,,,,,,31
9202,4,2025-03-31 00:00:00,,-1,-1,,-2,,,,,,31
9203,4,2025-03-31 00:00:00,,-1,-1,,-2,,,,,,29
9204,4,2025-03-31 00:00:00,,-1,-1,,-2,,,,,,29
9205,4,2025-03-01 00:00:00,amc,-1,-1,,-2,,,,,,36
9206,4,2025-03-31 00:00:00,,-1,-1,,-2,,,,,,30
9207,4,2025-03-31 00:00:00,,-1,-1,,-2,,,,,,30
9208,4,2025-03-31 00:00:00,,-1,-1,,-2,,,,,,30
9209,4,2025-03-31 00:00:00,,-1,-1,,-2,,,,,,30
9210,4,2025-03-31 00:00:00,,-1,-1,,-2,,,,,,32
9211,4,2025-03-31 00:00:00,,-1,-1,,-2,,,,,,32
9213,4,2024-03-31 00:00:00,,-1,-1,,-2,,,,,,30
9215,4,2024-03-31 00:00:00,,-1,-1,,-2,,,,,,30
9216,4,2025-03-31 00:00:00,7.54 GS,-1,-1,,-2,,,,,,30
9218,4,2025-03-31 00:00:00,,-1,-1,,-2,,,,,,30
9219,4,2025-03-31 00:00:00,,-1,-1,,-2,,,,,,30
9220,4,2025-03-31 00:00:00,Year end JV to tranfer to capital account,-1,-1,,-2,,,,,,30
9221,4,2025-03-31 00:00:00,Year end JV to tranfer to capital account,-1,-1,,-2,,,,,,30
9222,4,2025-03-31 00:00:00,Year end JV to tranfer to capital account,-1,-1,,-2,,,,,,30
9223,4,2025-03-31 00:00:00,Year end JV to tranfer to capital account,-1,-1,,-2,,,,,,30
9224,4,2025-03-31 00:00:00,Year end JV to tranfer to capital account,-1,-1,,-2,,,,,,30
9225,4,2025-03-31 00:00:00,Year end JV to tranfer to capital account,-1,-1,,-2,,,,,,30
9226,4,2025-03-31 00:00:00,Year end JV to tranfer to capital account,-1,-1,,-2,,,,,,30
9227,4,2025-03-31 00:00:00,Year end JV to tranfer to capital account,-1,-1,,-2,,,,,,30
9228,4,2025-03-31 00:00:00,Year end JV to tranfer to capital account,-1,-1,,-2,,,,,,30
9230,4,2025-03-31 00:00:00,Year end JV to tranfer to capital account,-1,-1,,-2,,,,,,30
9231,4,2025-03-31 00:00:00,Year end JV to tranfer to capital account,-1,-1,,-2,,,,,,30
9232,4,2025-03-31 00:00:00,Year end JV to tranfer to capital account,-1,-1,,-2,,,,,,30
9233,4,2025-03-31 00:00:00,Year end JV to tranfer to capital account,-1,-1,,-2,,,,,,30
9236,4,2025-03-31 00:00:00,uppcl 19447 actual interest less 1945 tds paid in prev FY,-1,-1,,-2,,,,,,30
9237,4,2024-04-01 00:00:00,,-1,-1,,-2,,,,,,62
9238,6,2025-05-07 00:00:00,,-1,-1,,-2,,,,,,32
9239,6,2020-04-28 00:00:00,,-1,-1,,-2,,,,,,29
9240,6,2020-05-01 00:00:00,,-1,-1,,-2,,,,,,29
9241,4,2020-04-28 00:00:00,,-1,-1,,-2,,,,,,32
9242,4,2020-05-28 00:00:00,,-1,-1,,-2,,,,,,30
9243,4,2020-04-28 00:00:00,,-1,-1,,-2,,,,,,30
9244,4,2020-05-01 00:00:00,,-1,-1,,-2,,,,,,30
9245,10,2025-04-25 00:00:00,NUVAMA,-1,-1,,-2,,,,,,30
9246,4,2025-04-23 00:00:00,,-1,-1,,-2,,,,,,30
9247,4,2025-03-31 00:00:00,,-1,-1,,-2,,,,,,32
9248,4,2025-03-31 00:00:00,,-1,-1,,-2,,,,,,32
9249,4,2025-03-31 00:00:00,,-1,-1,,-2,,,,,,32
9251,4,2025-03-31 00:00:00,,-1,-1,,-2,,,,,,32
9252,4,2024-03-31 00:00:00,,-1,-1,,-2,,,,,,32
9253,4,2025-03-31 00:00:00,,-1,-1,,-2,,,,,,32
9254,4,2025-03-31 00:00:00,Year end JV to tranfer to capital account,-1,-1,,-2,,,,,,32
9255,4,2025-03-31 00:00:00,Year end JV to tranfer to capital account,-1,-1,,-2,,,,,,32
9256,4,2025-03-31 00:00:00,Year end JV to tranfer to capital account,-1,-1,,-2,,,,,,32
9257,4,2025-03-31 00:00:00,Year end JV to tranfer to capital account,-1,-1,,-2,,,,,,32
9258,4,2025-03-31 00:00:00,Year end JV to tranfer to capital account,-1,-1,,-2,,,,,,32
9259,4,2025-03-31 00:00:00,Year end JV to tranfer to capital account,-1,-1,,-2,,,,,,32
9260,4,2025-03-31 00:00:00,Year end JV to tranfer to capital account,-1,-1,,-2,,,,,,32
9261,4,2025-03-31 00:00:00,Year end JV to tranfer to capital account,-1,-1,,-2,,,,,,32
9262,4,2025-03-31 00:00:00,Year end JV to tranfer to capital account,-1,-1,,-2,,,,,,32
9263,4,2025-03-31 00:00:00,Year end JV to tranfer to capital account,-1,-1,,-2,,,,,,32
9264,4,2025-03-31 00:00:00,Year end JV to tranfer to capital account,-1,-1,,-2,,,,,,32
9265,4,2025-03-31 00:00:00,,-1,-1,,-2,,,,,,31
9266,4,2025-03-31 00:00:00,,-1,-1,,-2,,,,,,31
9267,4,2025-03-31 00:00:00,,-1,-1,,-2,,,,,,31
9268,4,2025-03-31 00:00:00,,-1,-1,,-2,,,,,,31
9269,4,2025-03-31 00:00:00,,-1,-1,,-2,,,,,,36
9270,4,2025-03-31 00:00:00,,-1,-1,,-2,,,,,,36
9271,4,2025-03-31 00:00:00,,-1,-1,,-2,,,,,,36
9274,4,2024-03-31 00:00:00,,-1,-1,,-2,,,,,,36
9276,4,2024-03-31 00:00:00,,-1,-1,,-2,,,,,,36
9277,4,2024-03-31 00:00:00,Year end JV to tranfer to capital account,-1,-1,,-2,,,,,,36
9279,4,2025-03-31 00:00:00,,-1,-1,,-2,,,,,,36
9280,4,2025-03-31 00:00:00,,-1,-1,,-2,,,,,,36
9281,4,2025-03-31 00:00:00,,-1,-1,,-2,,,,,,36
9283,6,2025-03-31 00:00:00,,-1,-1,,-2,,,,,,36
9284,4,2025-03-31 00:00:00,Year end JV to tranfer to capital account,-1,-1,,-2,,,,,,30
9285,4,2025-03-31 00:00:00,,-1,-1,,-2,,,,,,30
9286,4,2025-03-31 00:00:00,Year end JV to tranfer to capital account,-1,-1,,-2,,,,,,36
9287,4,2025-03-31 00:00:00,Year end JV to tranfer to capital account,-1,-1,,-2,,,,,,36
9288,4,2025-03-31 00:00:00,Year end JV to tranfer to capital account,-1,-1,,-2,,,,,,36
9289,4,2025-03-31 00:00:00,Year end JV to tranfer to capital account,-1,-1,,-2,,,,,,36
9290,4,2025-03-31 00:00:00,Year end JV to tranfer to capital account,-1,-1,,-2,,,,,,36
9291,4,2025-03-31 00:00:00,Year end JV to tranfer to capital account,-1,-1,,-2,,,,,,36
9292,4,2025-03-31 00:00:00,Year end JV to tranfer to capital account,-1,-1,,-2,,,,,,36
9293,4,2025-03-31 00:00:00,Year end JV to tranfer to capital account,-1,-1,,-2,,,,,,36
9294,4,2025-03-31 00:00:00,Year end JV to tranfer to capital account,-1,-1,,-2,,,,,,36
9295,4,2025-03-31 00:00:00,Year end JV to tranfer to capital account,-1,-1,,-2,,,,,,36
9296,4,2025-03-31 00:00:00,Year end JV to tranfer to capital account,-1,-1,,-2,,,,,,36
9297,4,2025-03-31 00:00:00,Year end JV to tranfer to capital account,-1,-1,,-2,,,,,,36
9298,4,2025-03-31 00:00:00,Year end JV to tranfer to capital account,-1,-1,,-2,,,,,,36
9299,4,2025-03-31 00:00:00,Year end JV to tranfer to capital account,-1,-1,,-2,,,,,,36
9300,4,2025-03-31 00:00:00,Year end JV to tranfer to capital account,-1,-1,,-2,,,,,,36
9301,4,2025-03-31 00:00:00,Year end JV to tranfer to capital account,-1,-1,,-2,,,,,,36
9302,4,2025-03-31 00:00:00,Year end JV to tranfer to capital account,-1,-1,,-2,,,,,,36
9303,4,2024-03-31 00:00:00,Year end JV to tranfer to capital account,-1,-1,,-2,,,,,,31
9304,4,2024-03-31 00:00:00,Year end JV to tranfer to capital account,-1,-1,,-2,,,,,,31
9305,4,2025-03-31 00:00:00,,-1,-1,,-2,,,,,,31
9306,10,2025-03-31 00:00:00,,-1,-1,,-2,,,,,,31
9307,4,2025-03-31 00:00:00,,-1,-1,,-2,,,,,,29
9308,4,2025-03-31 00:00:00,,-1,-1,,-2,,,,,,30
9309,4,2025-03-31 00:00:00,,-1,-1,,-2,,,,,,36
9310,4,2025-03-31 00:00:00,Year end JV to tranfer to capital account,-1,-1,,-2,,,,,,31
9311,4,2025-03-31 00:00:00,Year end JV to tranfer to capital account,-1,-1,,-2,,,,,,31
9312,4,2025-03-31 00:00:00,Year end JV to tranfer to capital account,-1,-1,,-2,,,,,,31
9313,4,2025-03-31 00:00:00,Year end JV to tranfer to capital account,-1,-1,,-2,,,,,,31
9314,4,2025-03-31 00:00:00,Year end JV to tranfer to capital account,-1,-1,,-2,,,,,,31
9315,4,2025-03-31 00:00:00,Year end JV to tranfer to capital account,-1,-1,,-2,,,,,,31
9316,4,2025-03-31 00:00:00,Year end JV to tranfer to capital account,-1,-1,,-2,,,,,,31
9317,4,2025-03-31 00:00:00,Year end JV to tranfer to capital account,-1,-1,,-2,,,,,,31
9318,4,2025-03-31 00:00:00,Year end JV to tranfer to capital account,-1,-1,,-2,,,,,,31
9319,4,2025-03-31 00:00:00,Year end JV to tranfer to capital account,-1,-1,,-2,,,,,,31
9320,4,2025-03-31 00:00:00,Year end JV to tranfer to capital account,-1,-1,,-2,,,,,,31
9321,4,2025-03-31 00:00:00,Year end JV to tranfer to capital account,-1,-1,,-2,,,,,,31
9322,4,2025-03-31 00:00:00,Year end JV to tranfer to capital account,-1,-1,,-2,,,,,,31
9323,4,2025-03-31 00:00:00,Year end JV to tranfer to capital account,-1,-1,,-2,,,,,,31
9324,4,2025-03-31 00:00:00,Year end JV to tranfer to capital account,-1,-1,,-2,,,,,,31
9325,12,2025-04-01 00:00:00,SentIMPS509110636808unnati p,-1,-1,,-2,,,,-1,509110683187,29
9326,10,2025-04-04 00:00:00,MB:RECEIVED FROM /TO UPS K,-1,-1,,-2,,,,-1,MB-998502387886,29
9327,10,2025-04-30 00:00:00,MB:RECEIVED FROM CREATIVEPACKAGING/UPSK,-1,-1,,-2,,,,-1,MB-998489032894,29
9328,10,2025-05-07 00:00:00,MB:RECEIVED FROM CREATIVEPACKAGING/UPS K,-1,-1,,-2,,,,-1,MB-998485030164,29
9329,6,2025-05-18 00:00:00,PG NEMIJI BD00023680,-1,-1,,-2,,,,-1,KPG-0229487232,29
9330,12,2025-05-20 00:00:00,SentIMPS514008830474unnati p,-1,-1,,-2,,,,-1,514008154522,29
9333,6,2025-05-26 00:00:00,MB:SENT TO CREATIVE PACKAGING/TOPACK,-1,-1,,-2,,,,-1,MB-998475920730,29
9334,6,2025-05-30 00:00:00,MB:SENT TO CREATIVE PACKAGING/TOPACK,-1,-1,,-2,,,,-1,MB-998473974290,29
9337,6,2025-06-14 00:00:00,SentIMPS516513094591unnati p,-1,-1,,-2,,,,-1,516513658528,29
9340,10,2025-06-22 00:00:00,Recd:IMPS/517320592825/Amazon,-1,-1,,-2,,,,-1,517320810122,29
9341,10,2025-06-22 00:00:00,Recd:IMPS/517321595617/Amazon,-1,-1,,-2,,,,-1,517321833352,29
9342,10,2025-06-27 00:00:00,MB:RECEIVED FROM CREATIVE PACKAGING,-1,-1,,-2,,,,-1,MB-998461106062,29
9343,10,2025-07-01 00:00:00,Int.Pd:1912581915:01-04-2025 to 30-06-2025,-1,-1,,-2,,,,-1,,29
9344,6,2025-07-04 00:00:00,MB:SENT TO CREATIVE ENTERPRISE/TOENTERPRISES,-1,-1,,-2,,,,-1,MB-998457785844,29
9345,6,2025-07-04 00:00:00,MB:SENT TO CREATIVE PACKAGING/TOPACK,-1,-1,,-2,,,,-1,MB-998457785200,29
9346,12,2025-07-05 00:00:00,ATW/2807/+Dr. A. B. RoadWorliMumbaiM050725/11:25,-1,-1,,-2,,,,-1,518605625822,29
9348,6,2025-07-29 00:00:00,SentIMPS521016120741unnati p,-1,-1,,-2,,,,-1,521016713050,29
9349,10,2025-08-02 00:00:00,MB:RECEIVED FROM CREATIVE PACKAGING,-1,-1,,-2,,,,-1,MB-998445614915,29
9350,6,2025-08-02 00:00:00,MB:SENT TO PRAMESH SHAH HUF/TO PRSHUF,-1,-1,,-2,,,,-1,MB-998445584515,29
9352,10,2025-08-07 00:00:00,MB: RECEIVED FROM CREATIVE,-1,-1,,-2,,,,-1,07082520075570,29
9353,10,2025-08-19 00:00:00,Recd:IMPS/523116969137/Ms Unnati,-1,-1,,-2,,,,-1,523116829019,29
9354,6,2025-08-21 00:00:00,MB:SENT MONEY TO OWN 2012066081,-1,-1,,-2,,,,-1,MB-998438096291,29
9355,10,2025-08-24 00:00:00,MB:RECEIVED FROM CREATIVEPACKAGING/TO UPS,-1,-1,,-2,,,,-1,MB-998437193990,29
9356,6,2025-08-26 00:00:00,PG IRCTC IRCTC IPAY,-1,-1,,-2,,,,-1,KPG-0234567248,29
9359,6,2025-04-03 00:00:00,MB:SENT TO CREATIVE PRINTERS,-1,-1,,-2,,,,-1,MB-998502854924,31
9360,10,2025-04-04 00:00:00,MB:RECEIVED FROM /TO SPS K,-1,-1,,-2,,,,-1,MB-998502388821,31
9361,6,2025-04-04 00:00:00,MB:SENT TO CREATIVE PRINTERS/TOPRINTERS,-1,-1,,-2,,,,-1,MB-998502386478,31
9362,10,2025-04-04 00:00:00,NEFT IDFBH25094670670 UTI MF PAYMENT,-1,-1,,-2,,,,-1,1173298248,31
9363,10,2025-04-04 00:00:00,UPI/CRED/982231700945/credUser,-1,-1,,-2,,,,-1,UPI-509411308257,31
9364,10,2025-04-04 00:00:00,NEFT HDFCH00162281860 NIPPON INDIA,-1,-1,,-2,,,,-1,1173500399,31
9365,10,2025-04-04 00:00:00,NEFT ICIN209400736062 EDELWEISS,-1,-1,,-2,,,,-1,1173522967,31
9366,10,2025-04-04 00:00:00,NEFT HDFCH00162660501 PPFAS MUTUAL,-1,-1,,-2,,,,-1,1173594993,31
9367,10,2025-04-04 00:00:00,NEFT HDFCH00163119850 J M MUTUAL,-1,-1,,-2,,,,-1,1173706557,31
9368,10,2025-04-07 00:00:00,NEFT ICIN209707628222 DSP MF,-1,-1,,-2,,,,-1,1176551375,31
9369,10,2025-04-07 00:00:00,NEFT HDFCH00168991955 TMF,-1,-1,,-2,,,,-1,1176688675,31
9370,10,2025-04-07 00:00:00,NEFT HDFCH00169682846 SBIMF,-1,-1,,-2,,,,-1,1176844682,31
9371,10,2025-04-07 00:00:00,NEFT ICIN209708471576 ICICI PRUDENTIAL,-1,-1,,-2,,,,-1,1176975529,31
9372,10,2025-04-07 00:00:00,NEFT HDFCH00170302582 MOTILAL,-1,-1,,-2,,,,-1,1176994259,31
9373,10,2025-04-07 00:00:00,NEFT HDFCH00170260599 CANARA,-1,-1,,-2,,,,-1,1176988163,31
9374,10,2025-04-07 00:00:00,NEFT HDFCH00170683033 QUANT MUTUAL,-1,-1,,-2,,,,-1,1177052229,31
9375,6,2025-04-09 00:00:00,KOTAK FASTAG,-1,-1,,-2,,,,-1,BB1,31
9376,6,2025-04-12 00:00:00,UPI/Blue DartExpre/889685331025/QI50MhdPVzg6As,-1,-1,,-2,,,,-1,UPI-510219538046,31
9377,6,2025-04-13 00:00:00,KOTAK FASTAG,-1,-1,,-2,,,,-1,C7A,31
9378,10,2025-04-13 00:00:00,UPI-REMI-FAILED-889685331025-12-APR-,-1,-1,,-2,,,,-1,3,31
9379,10,2025-04-23 00:00:00,Recd:IMPS/511311747560/Mr Saahil,-1,-1,,-2,,,,-1,511311974957,31
9380,12,2025-04-25 00:00:00,SentIMPS511510288116SAAHIL,-1,-1,,-2,,,,-1,511510184107,31
9382,10,2025-05-05 00:00:00,NEFT HDFCH00220861568 J M MUTUAL,-1,-1,,-2,,,,-1,1203445794,31
9383,10,2025-05-06 00:00:00,NEFT IDFBH25126291477 UTI MF PAYMENT,-1,-1,,-2,,,,-1,1204061883,31
9384,10,2025-05-06 00:00:00,NEFT HDFCH00223233421 NIPPON INDIA,-1,-1,,-2,,,,-1,1204395315,31
9385,10,2025-05-06 00:00:00,NEFT HDFCH00223527120 QUANT MUTUAL,-1,-1,,-2,,,,-1,1204440623,31
9386,10,2025-05-06 00:00:00,NEFT ICIN212633812461 EDELWEISS,-1,-1,,-2,,,,-1,1204455600,31
9387,10,2025-05-06 00:00:00,NEFT HDFCH00223791761 CANARA,-1,-1,,-2,,,,-1,1204490025,31
9388,10,2025-05-06 00:00:00,NEFT ICIN212633895980 ICICI PRUDENTIAL,-1,-1,,-2,,,,-1,1204495712,31
9389,10,2025-05-07 00:00:00,MB:RECEIVED FROM PRAMESH SHAH HUF,-1,-1,,-2,,,,-1,MB-998485077623,31
9390,10,2025-05-07 00:00:00,NEFT ICIN212734668447 DSP MF,-1,-1,,-2,,,,-1,1205368738,31
9391,10,2025-05-07 00:00:00,NEFT HDFCH00226404086 TMF,-1,-1,,-2,,,,-1,1205551862,31
9392,10,2025-05-07 00:00:00,NEFT HDFCH00227257608 PPFAS MUTUAL,-1,-1,,-2,,,,-1,1205714086,31
9393,10,2025-05-07 00:00:00,NEFT HDFCH00227619195 SBIMF,-1,-1,,-2,,,,-1,1205792112,31
9394,10,2025-05-08 00:00:00,NEFT HDFCH00229830671 MOTILAL,-1,-1,,-2,,,,-1,1206700029,31
9395,6,2025-05-17 00:00:00,MB:SENT TO CREATIVE PRINTERS/TOPRINTERS K,-1,-1,,-2,,,,-1,MB-998479970035,31
9396,6,2025-05-22 00:00:00,KOTAK FASTAG,-1,-1,,-2,,,,-1,388,31
9398,6,2025-05-25 00:00:00,KOTAK FASTAG,-1,-1,,-2,,,,-1,7D9,31
9400,6,2025-05-28 00:00:00,KOTAK FASTAG,-1,-1,,-2,,,,-1,476,31
9401,6,2025-05-28 00:00:00,KOTAK FASTAG,-1,-1,,-2,,,,-1,69D,31
9402,6,2025-06-02 00:00:00,KOTAK FASTAG,-1,-1,,-2,,,,-1,8C4,31
9404,10,2025-06-04 00:00:00,NEFT IDFBH25155423714 UTI MF PAYMENT,-1,-1,,-2,,,,-1,1231955643,31
9405,10,2025-06-04 00:00:00,NEFT HDFCH00280595420 J M MUTUAL,-1,-1,,-2,,,,-1,1232400436,31
9406,10,2025-06-06 00:00:00,NEFT ICIN215710900437 EDELWEISS,-1,-1,,-2,,,,-1,1234383410,31
9407,10,2025-06-06 00:00:00,AIRTEL 25 3 25 TO 24 4 25,-1,-1,,-2,,,,-1,250606GZMT35,31
9408,10,2025-06-06 00:00:00,NEFT HDFCH00285446293 NIPPON INDIA,-1,-1,,-2,,,,-1,1234405041,31
9409,10,2025-06-06 00:00:00,NEFT HDFCH00285580890 MOTILAL,-1,-1,,-2,,,,-1,1234420949,31
9410,10,2025-06-06 00:00:00,NEFT ICIN215711068890 ICICI PRUDENTIAL,-1,-1,,-2,,,,-1,1234459855,31
9411,10,2025-06-06 00:00:00,NEFT HDFCH00285931895 TMF,-1,-1,,-2,,,,-1,1234475245,31
9412,10,2025-06-06 00:00:00,NEFT HDFCH00286383309 QUANT MUTUAL,-1,-1,,-2,,,,-1,1234577470,31
9413,10,2025-06-06 00:00:00,NEFT HDFCH00286474770 SBIMF,-1,-1,,-2,,,,-1,1234592429,31
9414,10,2025-06-06 00:00:00,NEFT HDFCH00286777355 PPFAS MUTUAL,-1,-1,,-2,,,,-1,1234635800,31
9415,10,2025-06-06 00:00:00,NEFT HDFCH00287004089 CANARA,-1,-1,,-2,,,,-1,1234668864,31
9416,10,2025-06-09 00:00:00,NEFT ICIN216015067400 DSP MF,-1,-1,,-2,,,,-1,1237176534,31
9420,12,2025-06-17 00:00:00,SentIMPS516809650258SAAHIL,-1,-1,,-2,,,,-1,516809639518,31
9424,6,2025-06-21 00:00:00,PG METRO PAYTM TRAVEL,-1,-1,,-2,,,,-1,KPG-0231235135,31
9425,6,2025-06-21 00:00:00,UPI/Mumbai Metro/286934937307/Sentusing Payt,-1,-1,,-2,,,,-1,UPI-517290723716,31
9426,10,2025-06-25 00:00:00,MB:RECEIVED MONEY FROM OWN6945111207/TO SPS,-1,-1,,-2,,,,-1,MB-998461866066,31
9427,10,2025-06-25 00:00:00,MB:RECEIVED MONEY FROM OWN6945111207/TO SPS,-1,-1,,-2,,,,-1,MB-998461864952,31
9428,6,2025-06-25 00:00:00,UPI/HARDEEK SSHAH/517619632654/hardeek,-1,-1,,-2,,,,-1,UPI-517624144136,31
9429,10,2025-06-27 00:00:00,MB:RECEIVED FROM CREATIVE PRINTERS,-1,-1,,-2,,,,-1,MB-998461109857,31
9430,6,2025-06-28 00:00:00,KOTAK FASTAG,-1,-1,,-2,,,,-1,FD4,31
9431,6,2025-06-28 00:00:00,KOTAK FASTAG,-1,-1,,-2,,,,-1,1BB,31
9432,6,2025-06-29 00:00:00,KOTAK FASTAG,-1,-1,,-2,,,,-1,31A,31
9433,10,2025-07-01 00:00:00,Int.Pd:1712151141:01-04-2025 to 30-06-2025,-1,-1,,-2,,,,-1,,31
9434,10,2025-07-01 00:00:00,UPI/HARDEEK SSHAH/554887052878/Returning borro,-1,-1,,-2,,,,-1,UPI-518260673893,31
9436,10,2025-07-03 00:00:00,NEFT IDFBH25184857118 UTI MF PAYMENT,-1,-1,,-2,,,,-1,1260331491,31
9437,6,2025-07-04 00:00:00,UPI/CRED Club/555121347927/payment onCRED,-1,-1,,-2,,,,-1,UPI-518576845666,31
9438,10,2025-07-04 00:00:00,NEFT HDFCH00341523563 J M MUTUAL,-1,-1,,-2,,,,-1,1261576986,31
9439,12,2025-07-05 00:00:00,ATW/1928/+Dr. A. B. RoadWorliMumbaiM050725/11:35,-1,-1,,-2,,,,-1,518606625839,31
9440,6,2025-07-05 00:00:00,MB:SENT MONEY TO OWN 2012066081/TOPRS,-1,-1,,-2,,,,-1,MB-998457305685,31
9441,10,2025-07-07 00:00:00,NEFT ICIN218845915166 DSP MF,-1,-1,,-2,,,,-1,1264465738,31
9442,10,2025-07-07 00:00:00,NEFT HDFCH00347960464 TMF,-1,-1,,-2,,,,-1,1264678278,31
9443,10,2025-07-07 00:00:00,NEFT ICIN218846263226 EDELWEISS,-1,-1,,-2,,,,-1,1264712443,31
9444,10,2025-07-07 00:00:00,NEFT HDFCH00348172044 SBIMF,-1,-1,,-2,,,,-1,1264734108,31
9445,10,2025-07-07 00:00:00,NEFT HDFCH00348418907 PPFAS MUTUAL,-1,-1,,-2,,,,-1,1264777951,31
9446,10,2025-07-07 00:00:00,NEFT HDFCH00348561662 NIPPON INDIA,-1,-1,,-2,,,,-1,1264798337,31
9447,10,2025-07-07 00:00:00,NEFT ICIN218846474099 ICICI PRUDENTIAL,-1,-1,,-2,,,,-1,1264796568,31
9448,10,2025-07-07 00:00:00,NEFT HDFCH00348536088 QUANT MUTUAL,-1,-1,,-2,,,,-1,1264796320,31
9449,10,2025-07-07 00:00:00,NEFT HDFCH00349496136 CANARA,-1,-1,,-2,,,,-1,1264950240,31
9451,10,2025-07-08 00:00:00,NEFT HDFCH00352595323 MOTILAL,-1,-1,,-2,,,,-1,1266100077,31
9452,10,2025-07-09 00:00:00,MB:RECEIVED FROM CREATIVE PRINTERS,-1,-1,,-2,,,,-1,MB-998455352439,31
9453,10,2025-07-10 00:00:00,UPI/HARDEEK S SHAH/555715669824/tripexpenses,-1,-1,,-2,,,,-1,UPI-519151441050,31
9454,12,2025-07-14 00:00:00,SentIMPS519511025484SAAHIL,-1,-1,,-2,,,,-1,519511819921,31
9457,6,2025-07-16 00:00:00,MB:SENT TO CREATIVE PRINTERS/TOPRINT K,-1,-1,,-2,,,,-1,MB-998452494010,31
9458,6,2025-07-18 00:00:00,MB:SENT TO CREATIVE PRINTERS,-1,-1,,-2,,,,-1,MB-998451580158,31
9462,6,2025-07-22 00:00:00,PG RKG CLOSING RKGLOBAL SHARES AND,-1,-1,,-2,,,,-1,KPG-0232831053,31
9463,6,2025-07-24 00:00:00,PG RKGLOBAL RKGLOBAL SHARES AND,-1,-1,,-2,,,,-1,KPG-0232938626,31
9464,6,2025-07-25 00:00:00,UPI/RK GLOBAL SHARE/520611427042/MBUPI,-1,-1,,-2,,,,-1,UPI-520684908007,31
9465,10,2025-07-25 00:00:00,Recd:IMPS/520618026880/AURO,-1,-1,,-2,,,,-1,520618771618,31
9466,6,2025-07-27 00:00:00,KOTAK FASTAG,-1,-1,,-2,,,,-1,190,31
9469,10,2025-08-04 00:00:00,NEFT HDFCH00402613895 J M MUTUAL,-1,-1,,-2,,,,-1,1292729972,31
9470,10,2025-08-05 00:00:00,NEFT IDFBH25217511809 UTI MF PAYMENT,-1,-1,,-2,,,,-1,1293343104,31
9471,10,2025-08-05 00:00:00,NEFT HDFCH00404561510 NIPPON INDIA,-1,-1,,-2,,,,-1,1293591967,31
9472,10,2025-08-05 00:00:00,NEFT HDFCH00405473838 CANARA,-1,-1,,-2,,,,-1,1293801471,31
9473,12,2025-08-06 00:00:00,SentIMPS521818240835Saahil,-1,-1,,-2,,,,-1,521818654925,31
9474,10,2025-08-06 00:00:00,NEFT HDFCH00408484601 QUANT MUTUAL,-1,-1,,-2,,,,-1,1295011787,31
9477,10,2025-08-07 00:00:00,NEFT ICIN221924299795 DSP MF,-1,-1,,-2,,,,-1,1295878556,31
9478,10,2025-08-07 00:00:00,NEFT HDFCH00411277019 TMF,-1,-1,,-2,,,,-1,1296080757,31
9479,10,2025-08-07 00:00:00,NEFT HDFCH00412046069 PPFAS MUTUAL,-1,-1,,-2,,,,-1,1296204073,31
9480,10,2025-08-07 00:00:00,NEFT ICIN221924906998 ICICI PRUDENTIAL,-1,-1,,-2,,,,-1,1296180918,31
9481,10,2025-08-07 00:00:00,NEFT HDFCH00412231614 MOTILAL,-1,-1,,-2,,,,-1,1296232916,31
9482,10,2025-08-07 00:00:00,NEFT ICIN221925039843 EDELWEISS,-1,-1,,-2,,,,-1,1296230747,31
9483,10,2025-08-08 00:00:00,NEFT HDFCH00414842587 SBIMF,-1,-1,,-2,,,,-1,1297319699,31
9484,6,2025-08-08 00:00:00,KOTAK FASTAG,-1,-1,,-2,,,,-1,73F,31
9485,6,2025-08-10 00:00:00,KOTAK FASTAG,-1,-1,,-2,,,,-1,43A,31
9486,6,2025-08-10 00:00:00,KOTAK FASTAG,-1,-1,,-2,,,,-1,5BD,31
9487,10,2025-08-11 00:00:00,MB:RECEIVED FROM CREATIVEPRINTERS/TO SPS K,-1,-1,,-2,,,,-1,MB-998441732490,31
9488,6,2025-08-12 00:00:00,UPI/Mr. Ashit Jayan/522415073223/KrishaSaahil S,-1,-1,,-2,,,,-1,UPI-522492839086,31
9489,6,2025-08-12 00:00:00,UPI/SAMEER KHAN/522420855732/NA,-1,-1,,-2,,,,-1,UPI-522413255305,31
9490,12,2025-08-14 00:00:00,SentIMPS522615878982Saahil,-1,-1,,-2,,,,-1,522615741283,31
9491,6,2025-08-17 00:00:00,KOTAK FASTAG,-1,-1,,-2,,,,-1,529,31
9492,6,2025-08-17 00:00:00,KOTAK FASTAG,-1,-1,,-2,,,,-1,751,31
9493,6,2025-08-19 00:00:00,MB:SENT TO UBUNTU EDUCATIONSLLP/ARJIN SHAH JAN T,-1,-1,,-2,,,,-1,MB-998438959928,31
9494,6,2025-08-19 00:00:00,UPI/AKSHAT JAYESHP/523114044872/kurta,-1,-1,,-2,,,,-1,UPI-523131224387,31
9495,10,2025-08-22 00:00:00,MB:RECEIVED FROM CREATIVE PRINTERS/TSPS,-1,-1,,-2,,,,-1,MB-998437673900,31
9496,6,2025-08-23 00:00:00,MB:SENT TO CREATIVE PRINTERS/TOPRINTERS K,-1,-1,,-2,,,,-1,MB-998437467168,31
9498,12,2025-08-29 00:00:00,Recd:IMPS/524111876802/Mr Saahil,-1,-1,,-2,,,,-1,524111323446,31
9499,6,2025-08-31 00:00:00,KOTAK FASTAG,-1,-1,,-2,,,,-1,5F8,31
9500,6,2025-04-08 00:00:00,SentIMPS509816449086pramesh,-1,-1,,-2,,,,-1,509816662584,30
9501,6,2025-04-09 00:00:00,SentIMPS509917250717pramesh,-1,-1,,-2,,,,-1,509917071025,30
9503,10,2025-04-26 00:00:00,Recd:IMPS/511611167235/Karza,-1,-1,,-2,,,,-1,511611344994,30
9504,6,2025-04-29 00:00:00,PG INDIAN RAILWAY CATER,-1,-1,,-2,,,,-1,KPG-0228463112,30
9505,6,2025-05-01 00:00:00,UPI/MIRAE ASSETCAP/512115050309/PayviaRazorpay,-1,-1,,-2,,,,-1,UPI-512192396304,30
9507,6,2025-05-16 00:00:00,SentIMPS513616793267pramesh,-1,-1,,-2,,,,-1,513616334844,30
9508,4,2025-05-20 00:00:00,NEFT HDFCH00251852594 MONEYWISE,-1,-1,,-2,,,,-1,1217974934,30
9509,10,2025-05-21 00:00:00,NEFT ICIN214146672946 NUVAMA WEALTH,-1,-1,,-2,,,,-1,1219016050,30
9511,6,2025-05-28 00:00:00,MB:SENT TO PRAMESH SHAH HUF/TO HUF,-1,-1,,-2,,,,-1,MB-998475117456,30
9512,6,2025-05-31 00:00:00,SentIMPS515117366229pramesh,-1,-1,,-2,,,,-1,515117509081,30
9514,6,2025-06-03 00:00:00,PG IRCTC IRCTC IPAY,-1,-1,,-2,,,,-1,KPG-0230305283,30
9515,6,2025-06-04 00:00:00,PG INDIAN RAILWAY CATER,-1,-1,,-2,,,,-1,KPG-0230348949,30
9516,6,2025-06-04 00:00:00,PG INDIAN RAILWAY CATER,-1,-1,,-2,,,,-1,KPG-0230349062,30
9517,6,2025-06-05 00:00:00,PG INDIAN RAILWAY CATER,-1,-1,,-2,,,,-1,KPG-0230424386,30
9518,6,2025-06-05 00:00:00,PG INDIAN RAILWAY CATER,-1,-1,,-2,,,,-1,KPG-0230424885,30
9519,10,2025-06-05 00:00:00,REV: U 0230349062,-1,-1,,-2,,,,-1,KREF-F008616463,30
9520,10,2025-06-05 00:00:00,REV: U 0230348949,-1,-1,,-2,,,,-1,KREF-F008616493,30
9521,10,2025-06-09 00:00:00,NEFT SCBLH16000634158 MIRAE ASSET,-1,-1,,-2,,,,-1,1236968732,30
9523,6,2025-06-19 00:00:00,MB:SENT TO PRAMESH SHAH HUF,-1,-1,,-2,,,,-1,MB-998464323474,30
9524,6,2025-06-26 00:00:00,PG IRCTC IPAY,-1,-1,,-2,,,,-1,KPG-0231479651,30
9525,6,2025-06-26 00:00:00,PG IRCTC IPAY,-1,-1,,-2,,,,-1,KPG-0231479950,30
9526,6,2025-06-27 00:00:00,SentIMPS517810805696PRAMESH,-1,-1,,-2,,,,-1,517810854514,30
9527,6,2025-06-30 00:00:00,SentIMPS518118805042pramesh,-1,-1,,-2,,,,-1,518118683811,30
9528,10,2025-07-01 00:00:00,Int.Pd:2012066081:01-04-2025 to 30-06-2025,-1,-1,,-2,,,,-1,,30
9530,12,2025-07-05 00:00:00,ATW/2740/+Dr. A. B. RoadWorliMumbaiM050725/11:26,-1,-1,,-2,,,,-1,518605625824,30
9531,10,2025-07-05 00:00:00,MB:RECEIVED MONEY FROM OWN1712151141/TO PRS,-1,-1,,-2,,,,-1,MB-998457305685,30
9532,6,2025-07-05 00:00:00,CASH WITHDRAWAL BY SELF AT WORLI,-1,-1,,-2,,,,-1,18,30
9533,6,2025-07-06 00:00:00,PG INDIAN RAILWAY CATER,-1,-1,,-2,,,,-1,KPG-0232026117,30
9534,4,2025-07-10 00:00:00,NEFT ICIN219100239273 BRITTMAN INDIA,-1,-1,,-2,,,,-1,1268343870,30
9535,4,2025-07-13 00:00:00,SentIMPS519408473391pramesh,-1,-1,,-2,,,,-1,519408685835,30
9536,10,2025-07-18 00:00:00,NEFT ICIN419900006253 UPPCL BOND,-1,-1,,-2,,,,-1,1275813342,30
9538,6,2025-07-22 00:00:00,PG INDIAN RAILWAY CATER,-1,-1,,-2,,,,-1,KPG-0232816693,30
9539,4,2025-07-29 00:00:00,MB:RECEIVED FROM CREATIVEENTERPRISE/FOR TEMPO,-1,-1,,-2,,,,-1,MB-998447580882,30
9540,6,2025-07-29 00:00:00,SentIMPS521012969980pramesh,-1,-1,,-2,,,,-1,521012477704,30
9541,4,2025-07-30 00:00:00,NEFT HDFCH00390458197 IIFL CAPITAL,-1,-1,,-2,,,,-1,1287154387,30
9543,6,2025-08-02 00:00:00,MB:SENT TO PRAMESH SHAH HUF/TO PRSK,-1,-1,,-2,,,,-1,MB-998445584305,30
9544,6,2025-08-10 00:00:00,PG IRCTC IPAY,-1,-1,,-2,,,,-1,KPG-0233829315,30
9545,6,2025-08-21 00:00:00,PG RKGLOBAL RKGLOBAL SHARES AND,-1,-1,,-2,,,,-1,KPG-0234349602,30
9546,10,2025-08-21 00:00:00,MB:RECEIVED MONEY FROM OWN1912581915,-1,-1,,-2,,,,-1,MB-998438096291,30
9547,4,2025-08-21 00:00:00,SentIMPS523316772042pramesh,-1,-1,,-2,,,,-1,523316085696,30
9550,6,2025-04-19 00:00:00,SentIMPS510918935976Krisha,-1,-1,,-2,,,,-1,510918965096,36
9552,6,2025-05-23 00:00:00,UPI/SHRIMADRAJCHAN/514318078918/NA,-1,-1,,-2,,,,-1,UPI-514375397536,36
9553,6,2025-05-24 00:00:00,SentIMPS514412773245Krisha,-1,-1,,-2,,,,-1,514412132456,36
9554,6,2025-05-27 00:00:00,SentIMPS514713550737Krisha,-1,-1,,-2,,,,-1,514713455347,36
9555,10,2025-06-15 00:00:00,Recd:IMPS/516621544708/Amazon,-1,-1,,-2,,,,-1,516621158755,36
9556,10,2025-06-15 00:00:00,Recd:IMPS/516622547321/Amazon,-1,-1,,-2,,,,-1,516622185939,36
9558,10,2025-06-16 00:00:00,Recd:IMPS/516719845844/Amazon,-1,-1,,-2,,,,-1,516719242403,36
9559,6,2025-06-25 00:00:00,MB:SENT MONEY TO OWN 1712151141/TOSPS,-1,-1,,-2,,,,-1,MB-998461866066,36
9560,6,2025-06-25 00:00:00,MB:SENT MONEY TO OWN 1712151141/TOSPS,-1,-1,,-2,,,,-1,MB-998461864952,36
9561,10,2025-06-30 00:00:00,Recd:IMPS/518120852959/Amazon,-1,-1,,-2,,,,-1,518120893221,36
9562,10,2025-07-01 00:00:00,Int.Pd:6945111207:01-04-2025 to 30-06-2025,-1,-1,,-2,,,,-1,,36
9563,12,2025-07-05 00:00:00,CASH DEPOSIT BY SELF AT WORLI,-1,-1,,-2,,,,-1,,36
9565,10,2025-08-08 00:00:00,NEFT ICIN222027229678 ROBINHOOD,-1,-1,,-2,,,,-1,1297708362,36
9566,10,2025-08-11 00:00:00,Recd:IMPS/522313738640/Mrs,-1,-1,,-2,,,,-1,522313137589,36
9567,6,2025-08-17 00:00:00,SentIMPS522922350241Krisha,-1,-1,,-2,,,,-1,522922942797,36
9568,6,2025-08-19 00:00:00,UPI/Amazon Pay on D/523117330256/NA,-1,-1,,-2,,,,-1,UPI-523138899082,36
9570,12,2025-08-29 00:00:00,Recd:IMPS/524111878506/Mrs,-1,-1,,-2,,,,-1,524111324073,36
9571,10,2025-08-31 00:00:00,Recd:IMPS/524321836165/Amazon,-1,-1,,-2,,,,-1,524321853365,36
9572,10,2025-08-31 00:00:00,Recd:IMPS/524321837100/Amazon,-1,-1,,-2,,,,-1,524321870285,36
9573,10,2025-08-31 00:00:00,Recd:IMPS/524322837460/Amazon,-1,-1,,-2,,,,-1,524322878160,36
9574,4,2025-02-12 00:00:00,,-1,-1,,-2,,,,,,62
9575,4,2025-03-31 00:00:00,,-1,-1,,-2,,,,,,62
9576,4,2025-03-31 00:00:00,Year end JV to tranfer to capital account,-1,-1,,-2,,,,,,62
9577,4,2025-03-31 00:00:00,Year end JV to tranfer to capital account,-1,-1,,-2,,,,,,62
9578,4,2025-03-31 00:00:00,Year end JV to tranfer to capital account,-1,-1,,-2,,,,,,62
9579,4,2025-03-31 00:00:00,Year end JV to tranfer to capital account,-1,-1,,-2,,,,,,62
9580,4,2025-03-31 00:00:00,Year end JV to tranfer to capital account,-1,-1,,-2,,,,,,62
9581,4,2025-03-31 00:00:00,Year end JV to tranfer to capital account,-1,-1,,-2,,,,,,62
9582,4,2025-03-31 00:00:00,,-1,-1,,-2,,,,,,62
9583,10,2025-03-31 00:00:00,,-1,-1,,-2,,,,,,29
9584,10,2025-03-31 00:00:00,refund,-1,-1,,-2,,,,,,29
9585,4,2025-03-31 00:00:00,Year end JV to tranfer to capital account,-1,-1,,-2,,,,,,29
9586,4,2025-03-31 00:00:00,Year end JV to tranfer to capital account,-1,-1,,-2,,,,,,29
9587,4,2025-03-31 00:00:00,Year end JV to tranfer to capital account,-1,-1,,-2,,,,,,29
9588,4,2025-03-31 00:00:00,Year end JV to tranfer to capital account,-1,-1,,-2,,,,,,29
9589,4,2025-03-31 00:00:00,Year end JV to tranfer to capital account,-1,-1,,-2,,,,,,29
9590,4,2025-03-31 00:00:00,Year end JV to tranfer to capital account,-1,-1,,-2,,,,,,29
9591,4,2025-03-31 00:00:00,Year end JV to tranfer to capital account,-1,-1,,-2,,,,,,29
9592,4,2025-03-31 00:00:00,Year end JV to tranfer to capital account,-1,-1,,-2,,,,,,29
9593,4,2025-03-31 00:00:00,Year end JV to tranfer to capital account,-1,-1,,-2,,,,,,29
9594,4,2025-03-31 00:00:00,Year end JV to tranfer to capital account,-1,-1,,-2,,,,,,29
9595,4,2025-03-31 00:00:00,Year end JV to tranfer to capital account,-1,-1,,-2,,,,,,29
9596,4,2025-03-31 00:00:00,Year end JV to tranfer to capital account,-1,-1,,-2,,,,,,29
9597,4,2025-03-31 00:00:00,Year end JV to tranfer to capital account,-1,-1,,-2,,,,,,29
9598,4,2025-03-31 00:00:00,Year end JV to tranfer to capital account,-1,-1,,-2,,,,,,29
9599,4,2025-03-31 00:00:00,Year end JV to tranfer to capital account,-1,-1,,-2,,,,,,29
9600,4,2025-03-31 00:00:00,Year end JV to tranfer to capital account,-1,-1,,-2,,,,,,29
9601,4,2025-03-31 00:00:00,Year end JV to tranfer to capital account,-1,-1,,-2,,,,,,29
9602,4,2025-03-31 00:00:00,,-1,-1,,-2,,,,,,29
9603,4,2025-03-31 00:00:00,,-1,-1,,-2,,,,,,29
9604,10,2025-03-31 00:00:00,,-1,-1,,-2,,,,,,31
9605,4,2025-03-31 00:00:00,,-1,-1,,-2,,,,,,31
9606,10,2025-03-31 00:00:00,,-1,-1,,-2,,,,,,30
9607,6,2025-03-31 00:00:00,loker +other charges,-1,-1,,-2,,,,,,30
9608,4,2025-03-31 00:00:00,,-1,-1,,-2,,,,,,30
9609,4,2025-03-31 00:00:00,,-1,-1,,-2,,,,,,30
9610,10,2025-03-31 00:00:00,,-1,-1,,-2,,,,,,30
9611,10,2025-03-31 00:00:00,,-1,-1,,-2,,,,,,31
9612,10,2025-03-31 00:00:00,,-1,-1,,-2,,,,,,31
9613,10,2025-03-31 00:00:00,,-1,-1,,-2,,,,,,36
9614,4,2025-03-31 00:00:00,,-1,-1,,-2,,,,,,32
9615,4,2025-03-29 00:00:00,,-1,-1,,-2,,,,,,29
9616,10,2025-03-31 00:00:00,,-1,-1,,-2,,,,,,29
9617,4,2025-03-31 00:00:00,,-1,-1,,-2,,,,,,29
9618,10,2025-03-31 00:00:00,,-1,-1,,-2,,,,,,29
9619,10,2025-03-31 00:00:00,ACTUAL IN PRAESHMPRAMESHPRS BOM,-1,-1,,-2,,,,,,29
9620,6,2025-03-31 00:00:00,,-1,-1,,-2,,,,,,29
9621,4,2025-03-31 00:00:00,,-1,-1,,-2,,,,,,29
9622,4,2026-03-31 00:00:00,,-1,-1,,-2,,,,,,29
9623,4,2026-03-31 00:00:00,,-1,-1,,-2,,,,,,29
9624,6,2025-09-09 00:00:00,,-1,-1,,-2,,,,,,29
9625,10,2025-09-03 00:00:00,mca ril iepf,-1,-1,,-2,,,,,,29
9626,6,2025-09-12 00:00:00,,-1,-1,,-2,,,,,,31
9627,6,2025-09-13 00:00:00,,-1,-1,,-2,,,,,,31
9628,6,2025-09-09 00:00:00,car ford,-1,-1,,-2,,,,,,31
9629,6,2025-09-07 00:00:00,fastag,-1,-1,,-2,,,,,,31
9630,6,2025-09-04 00:00:00,fastag,-1,-1,,-2,,,,,,31
9632,6,2025-09-13 00:00:00,,-1,-1,,-2,,,,,,30
9633,4,2025-09-09 00:00:00,,-1,-1,,-2,,,,,,36
9634,10,2025-09-08 00:00:00,,-1,-1,,-2,,,,,,36
9635,6,2025-09-13 00:00:00,,-1,-1,,-2,,,,,,31
9636,10,2025-09-13 00:00:00,,-1,-1,,-2,,,,,,32
9637,6,2025-09-12 00:00:00,,-1,-1,,-2,,,,,,32
9638,10,2025-08-24 00:00:00,,-1,-1,,-2,,,,,,32
9639,6,2025-08-02 00:00:00,,-1,-1,,-2,,,,,,32
9640,10,2025-08-02 00:00:00,,-1,-1,,-2,,,,,,32
9641,10,2025-08-02 00:00:00,,-1,-1,,-2,,,,,,32
9642,10,2025-06-30 00:00:00,,-1,-1,,-2,,,,,,32
9643,10,2025-07-01 00:00:00,,-1,-1,,-2,,,,,,32
9644,6,2025-06-19 00:00:00,,-1,-1,,-2,,,,,,32
9645,10,2025-06-19 00:00:00,,-1,-1,,-2,,,,,,32
9646,10,2025-05-28 00:00:00,,-1,-1,,-2,,,,,,32
9647,6,2025-06-19 00:00:00,,-1,-1,,-2,,,,,,32
9648,6,2025-06-27 00:00:00,,-1,-1,,-2,,,,,,32
9649,6,2025-05-08 00:00:00,,-1,-1,,-2,,,,,,32
9650,10,2025-04-24 00:00:00,,-1,-1,,-2,,,,,,32
9651,10,2025-05-07 00:00:00,,-1,-1,,-2,,,,,,32
9652,10,2025-09-11 00:00:00,,-1,-1,,-2,,,,,,32
9653,10,2025-08-31 00:00:00,,-1,-1,,-2,,,,,,31
9654,10,2025-08-26 00:00:00,,-1,-1,,-2,,,,,,31
9655,10,2025-08-20 00:00:00,,-1,-1,,-2,,,,,,31
9656,10,2025-08-19 00:00:00,,-1,-1,,-2,,,,,,31
9657,10,2025-07-31 00:00:00,,-1,-1,,-2,,,,,,31
9658,10,2025-07-05 00:00:00,,-1,-1,,-2,,,,,,31
9659,10,2025-06-30 00:00:00,,-1,-1,,-2,,,,,,31
9660,10,2025-05-31 00:00:00,,-1,-1,,-2,,,,,,31
9661,10,2025-04-30 00:00:00,,-1,-1,,-2,,,,,,31
9662,10,2025-04-01 00:00:00,,-1,-1,,-2,,,,,,31
9663,6,2025-09-08 00:00:00,,-1,-1,,-2,,,,,,31
9664,6,2025-07-14 00:00:00,,-1,-1,,-2,,,,,,31
9665,6,2025-07-08 00:00:00,,-1,-1,,-2,,,,,,31
9666,6,2025-06-17 00:00:00,,-1,-1,,-2,,,,,,31
9667,10,2025-08-31 00:00:00,,-1,-1,,-2,,,,,,30
9668,10,2025-07-31 00:00:00,,-1,-1,,-2,,,,,,30
9669,10,2025-06-30 00:00:00,,-1,-1,,-2,,,,,,30
9670,10,2025-05-30 00:00:00,,-1,-1,,-2,,,,,,30
9671,10,2025-04-30 00:00:00,,-1,-1,,-2,,,,,,30
9672,10,2025-08-31 00:00:00,,-1,-1,,-2,,,,,,29
9673,10,2025-07-31 00:00:00,,-1,-1,,-2,,,,,,29
9674,10,2025-06-30 00:00:00,,-1,-1,,-2,,,,,,29
9675,10,2025-05-31 00:00:00,,-1,-1,,-2,,,,,,29
9676,10,2025-04-30 00:00:00,,-1,-1,,-2,,,,,,29
9677,4,2025-08-29 00:00:00,ril,-1,-1,,-2,,,,,,29
9678,4,2025-09-12 00:00:00,,-1,-1,,-2,,,,,,36
9679,10,2025-08-31 00:00:00,,-1,-1,,-2,,,,,,36
9680,10,2025-07-31 00:00:00,,-1,-1,,-2,,,,,,36
9681,10,2025-06-30 00:00:00,,-1,-1,,-2,,,,,,36
9682,10,2025-05-31 00:00:00,,-1,-1,,-2,,,,,,36
9683,10,2025-04-30 00:00:00,,-1,-1,,-2,,,,,,36
9684,4,2025-04-16 00:00:00,,-1,-1,,-2,,,,,,36
9685,4,2025-05-07 00:00:00,,-1,-1,,-2,,,,,,36
9686,4,2025-06-19 00:00:00,,-1,-1,,-2,,,,,,36
9687,6,2025-07-17 00:00:00,,-1,-1,,-2,,,,,,36
9688,6,2025-07-17 00:00:00,,-1,-1,,-2,,,,,,36
9689,4,2025-08-10 00:00:00,,-1,-1,,-2,,,,,,36
9690,10,2025-08-25 00:00:00,,-1,-1,,-2,,,,,,36
9691,10,2025-08-26 00:00:00,,-1,-1,,-2,,,,,,36
9694,6,2025-09-13 00:00:00,,-1,-1,,-2,,,,,,30
9695,10,2025-09-13 00:00:00,,-1,-1,,-2,,,,,,31
9696,10,2025-09-13 00:00:00,,-1,-1,,-2,,,,,,36
9697,6,2025-09-13 00:00:00,,-1,-1,,-2,,,,,,31
9699,6,2025-09-13 00:00:00,,-1,-1,,-2,,,,,,30
9700,10,2025-09-13 00:00:00,,-1,-1,,-2,,,,,,29
9701,6,2025-09-13 00:00:00,,-1,-1,,-2,,,,,,32
9702,10,2025-09-13 00:00:00,,-1,-1,,-2,,,,,,29
9703,6,2025-09-13 00:00:00,,-1,-1,,-2,,,,,,32
9704,10,2025-09-13 00:00:00,,-1,-1,,-2,,,,,,30
9705,10,2025-09-13 00:00:00,,-1,-1,,-2,,,,,,31
9706,6,2025-09-13 00:00:00,,-1,-1,,-2,,,,,,31
9707,10,2025-09-13 00:00:00,,-1,-1,,-2,,,,,,36
9708,10,2025-05-04 00:00:00,,-1,-1,,-2,,,,,,32
9709,10,2025-07-04 00:00:00,,-1,-1,,-2,,,,,,32
9710,10,2025-08-03 00:00:00,,-1,-1,,-2,,,,,,32
9711,4,2025-09-13 00:00:00,,-1,-1,,-2,,,,,,32
9712,6,2025-09-13 00:00:00,,-1,-1,,-2,,,,,,32
9713,6,2025-09-13 00:00:00,,-1,-1,,-2,,,,,,32
9714,6,2025-09-13 00:00:00,,-1,-1,,-2,,,,,,32
9715,10,2025-09-13 00:00:00,,-1,-1,,-2,,,,,,29
9716,10,2025-09-13 00:00:00,,-1,-1,,-2,,,,,,30
9717,6,2025-09-30 00:00:00,total xx,-1,-1,,-2,,,,,,30
9718,6,2025-09-30 00:00:00,,-1,-1,,-2,,,,,,31
9719,6,2025-09-30 00:00:00,,-1,-1,,-2,,,,,,31
9720,4,2025-09-13 00:00:00,,-1,-1,,-2,,,,,,31
9721,10,2025-09-14 00:00:00,,-1,-1,,-2,,,,,,31
9722,6,2025-09-14 00:00:00,,-1,-1,,-2,,,,,,31
9723,6,2025-09-13 00:00:00,,-1,-1,,-2,,,,,,29
9726,4,2025-03-31 00:00:00,,-1,-1,,-2,,,,,,36
9728,4,2025-03-31 00:00:00,,-1,-1,,-2,,,,,,62
9729,10,2025-04-04 00:00:00,NEFT IDFBH25094666775 UTI MF PAYMENT,-1,-1,,-2,,,,-1,1173295644,62
9730,10,2025-04-04 00:00:00,NEFT ICIN209400740969 EDELWEISS,-1,-1,,-2,,,,-1,1173523614,62
9731,10,2025-04-04 00:00:00,NEFT HDFCH00163125875 J M MUTUAL,-1,-1,,-2,,,,-1,1173708264,62
9732,10,2025-04-07 00:00:00,NEFT ICIN209707638696 DSP MF,-1,-1,,-2,,,,-1,1176547480,62
9733,10,2025-04-07 00:00:00,NEFT ICIN209708374102 ICICI PRUDENTIAL,-1,-1,,-2,,,,-1,1176941438,62
9734,10,2025-04-07 00:00:00,NEFT HDFCH00170262628 MOTILAL,-1,-1,,-2,,,,-1,1176988428,62
9735,10,2025-04-07 00:00:00,NEFT HDFCH00170658157 QUANT MUTUAL,-1,-1,,-2,,,,-1,1177050114,62
9736,10,2025-04-23 00:00:00,NEFT HDFCH00198072046 IIFL CAPITAL,-1,-1,,-2,,,,-1,1191907016,62
9737,10,2025-05-05 00:00:00,NEFT HDFCH00220861522 J M MUTUAL,-1,-1,,-2,,,,-1,1203446335,62
9738,10,2025-05-06 00:00:00,NEFT IDFBH25126305766 UTI MF PAYMENT,-1,-1,,-2,,,,-1,1204068122,62
9739,10,2025-05-06 00:00:00,NEFT HDFCH00223514010 QUANT MUTUAL,-1,-1,,-2,,,,-1,1204438468,62
9740,10,2025-05-06 00:00:00,NEFT ICIN212633803871 EDELWEISS,-1,-1,,-2,,,,-1,1204452589,62
9741,10,2025-05-06 00:00:00,NEFT ICIN212633865377 ICICI PRUDENTIAL,-1,-1,,-2,,,,-1,1204487727,62
9742,10,2025-05-07 00:00:00,NEFT ICIN212734645414 DSP MF,-1,-1,,-2,,,,-1,1205358019,62
9743,6,2025-05-08 00:00:00,PG MEDICLAIM OSHDFCGINS,-1,-1,,-2,,,,-1,KPG-0228993502,62
9744,10,2025-05-08 00:00:00,NEFT HDFCH00229820107 MOTILAL,-1,-1,,-2,,,,-1,1206699920,62
9746,10,2025-06-02 00:00:00,Recd:IMPS/515311322297/SAAHIL,-1,-1,,-2,,,,-1,515311513832,62
9747,10,2025-06-04 00:00:00,NEFT IDFBH25155420125 UTI MF PAYMENT,-1,-1,,-2,,,,-1,1231954530,62
9748,10,2025-06-04 00:00:00,NEFT HDFCH00280582362 J M MUTUAL,-1,-1,,-2,,,,-1,1232402421,62
9749,10,2025-06-06 00:00:00,NEFT CITIN25575736183 BANDHAN,-1,-1,,-2,,,,-1,1234339030,62
9750,10,2025-06-06 00:00:00,NEFT ICIN215710909963 EDELWEISS,-1,-1,,-2,,,,-1,1234385524,62
9751,10,2025-06-06 00:00:00,NEFT HDFCH00285485135 NIPPON INDIA,-1,-1,,-2,,,,-1,1234412183,62
9752,10,2025-06-06 00:00:00,NEFT HDFCH00285581859 MOTILAL,-1,-1,,-2,,,,-1,1234422583,62
9753,10,2025-06-06 00:00:00,NEFT HDFCH00285942819 TMF,-1,-1,,-2,,,,-1,1234478196,62
9754,10,2025-06-06 00:00:00,NEFT ICIN215711041681 ICICI PRUDENTIAL,-1,-1,,-2,,,,-1,1234451986,62
9755,10,2025-06-06 00:00:00,NEFT HDFCH00286370009 QUANT MUTUAL,-1,-1,,-2,,,,-1,1234574628,62
9756,10,2025-06-09 00:00:00,NEFT ICIN216015044623 DSP MF,-1,-1,,-2,,,,-1,1237163599,62
9759,10,2025-07-01 00:00:00,Int.Pd:7349494996:01-04-2025 to 30-06-2025,-1,-1,,-2,,,,-1,,62
9760,10,2025-07-03 00:00:00,NEFT IDFBH25184845332 UTI MF PAYMENT,-1,-1,,-2,,,,-1,1260319026,62
9761,10,2025-07-04 00:00:00,NEFT HDFCH00341536616 J M MUTUAL,-1,-1,,-2,,,,-1,1261577376,62
9762,12,2025-07-05 00:00:00,ATW/1517/+Dr. A. B. RoadWorliMumbaiM050725/11:28,-1,-1,,-2,,,,-1,518605625827,62
9763,10,2025-07-07 00:00:00,NEFT ICIN218845892569 DSP MF,-1,-1,,-2,,,,-1,1264462406,62
9764,10,2025-07-07 00:00:00,NEFT CITIN25590374359 BANDHAN,-1,-1,,-2,,,,-1,1264583045,62
9765,10,2025-07-07 00:00:00,NEFT HDFCH00347678101 INVESCO MF,-1,-1,,-2,,,,-1,1264610189,62
9766,10,2025-07-07 00:00:00,NEFT HDFCH00347961059 TMF,-1,-1,,-2,,,,-1,1264678801,62
9767,10,2025-07-07 00:00:00,NEFT ICIN218846274736 EDELWEISS,-1,-1,,-2,,,,-1,1264715428,62
9768,10,2025-07-07 00:00:00,NEFT ICIN218846496604 ICICI PRUDENTIAL,-1,-1,,-2,,,,-1,1264804008,62
9769,10,2025-07-07 00:00:00,NEFT HDFCH00348586288 QUANT MUTUAL,-1,-1,,-2,,,,-1,1264804244,62
9770,10,2025-07-08 00:00:00,NEFT HDFCH00352591798 MOTILAL,-1,-1,,-2,,,,-1,1266098105,62
9771,10,2025-07-18 00:00:00,Recd:IMPS/519915628788/BENE,-1,-1,,-2,,,,-1,519915982483,62
9772,10,2025-07-18 00:00:00,NEFT HDFCH00372556686 IIFL CAPITAL,-1,-1,,-2,,,,-1,1276136772,62
9773,10,2025-07-31 00:00:00,Recd:IMPS/521211144225/SAAHIL,-1,-1,,-2,,,,-1,521211682112,62
9774,10,2025-08-04 00:00:00,NEFT HDFCH00402614536 J M MUTUAL,-1,-1,,-2,,,,-1,1292730565,62
9775,10,2025-08-05 00:00:00,NEFT IDFBH25217494997 UTI MF PAYMENT,-1,-1,,-2,,,,-1,1293330241,62
9776,10,2025-08-05 00:00:00,NEFT HDFCH00404624737 NIPPON INDIA,-1,-1,,-2,,,,-1,1293601826,62
9777,10,2025-08-05 00:00:00,NEFT HDFCH00404732455 INVESCO MF,-1,-1,,-2,,,,-1,1293634124,62
9778,10,2025-08-06 00:00:00,NEFT HDFCH00408479423 QUANT MUTUAL,-1,-1,,-2,,,,-1,1295012554,62
9779,10,2025-08-07 00:00:00,NEFT ICIN221924276832 DSP MF,-1,-1,,-2,,,,-1,1295871880,62
9780,10,2025-08-07 00:00:00,NEFT CITIN25606470509 BANDHAN,-1,-1,,-2,,,,-1,1295961437,62
9781,10,2025-08-07 00:00:00,NEFT HDFCH00411210905 TMF,-1,-1,,-2,,,,-1,1296069055,62
9782,10,2025-08-07 00:00:00,NEFT ICIN221924941725 ICICI PRUDENTIAL,-1,-1,,-2,,,,-1,1296191118,62
9783,10,2025-08-07 00:00:00,NEFT HDFCH00412231616 MOTILAL,-1,-1,,-2,,,,-1,1296232958,62
9784,10,2025-08-07 00:00:00,NEFT ICIN221925040450 EDELWEISS,-1,-1,,-2,,,,-1,1296230768,62
9785,10,2025-08-11 00:00:00,NEFT IOBAN25223034524 CRESCENDO,-1,-1,,-2,,,,-1,1299822513,62
9786,10,2025-08-26 00:00:00,NEFT HDFCH00443988996 IIFL CAPITAL,-1,-1,,-2,,,,-1,1314239111,62
9787,10,2025-09-03 00:00:00,NEFT IDFBH25246449206 UTI MF PAYMENT,-1,-1,,-2,,,,-1,1322322912,62
9788,10,2025-09-04 00:00:00,NEFT HDFCH00463076752 INVESCO MF,-1,-1,,-2,,,,-1,1323376404,62
9789,10,2025-09-04 00:00:00,NEFT HDFCH00463563157 J M MUTUAL,-1,-1,,-2,,,,-1,1323492880,62
9790,10,2025-09-09 00:00:00,NEFT ICIN225203896538 DSP MF,-1,-1,,-2,,,,-1,1328183572,62
9791,10,2025-09-09 00:00:00,NEFT CITIN25622533455 BANDHAN,-1,-1,,-2,,,,-1,1328273726,62
9792,10,2025-09-09 00:00:00,NEFT HDFCH00474510816 TMF,-1,-1,,-2,,,,-1,1328394486,62
9793,10,2025-09-09 00:00:00,NEFT ICIN225204674129 ICICI PRUDENTIAL,-1,-1,,-2,,,,-1,1328511393,62
9794,10,2025-09-09 00:00:00,NEFT ICIN225204646870 EDELWEISS,-1,-1,,-2,,,,-1,1328502878,62
9795,10,2025-09-09 00:00:00,NEFT HDFCH00475137516                      MOTILAL,-1,-1,,-2,,,,-1,1328538092,62
9796,10,2025-09-10 00:00:00,NEFT HDFCH00476338528                      QUANT MUTUAL,-1,-1,,-2,,,,-1,1329261804,62
9799,6,2025-09-19 00:00:00,,-1,-1,,-2,,,,,,36
9800,10,2025-09-30 00:00:00,,-1,-1,,-2,,,,,,36
9801,10,2025-09-30 00:00:00,,-1,-1,,-2,,,,,,36
9802,10,2025-10-01 00:00:00,,-1,-1,,-2,,,,,,36
9804,4,2025-10-13 00:00:00,,-1,-1,,-2,,,,,,36
9805,10,2025-09-17 00:00:00,,-1,-1,,-2,,,,,,29
9806,6,2025-09-29 00:00:00,,-1,-1,,-2,,,,,,29
9807,6,2025-09-29 00:00:00,,-1,-1,,-2,,,,,,29
9808,10,2025-09-30 00:00:00,,-1,-1,,-2,,,,,,29
9809,10,2025-09-30 00:00:00,,-1,-1,,-2,,,,,,29
9810,10,2025-10-01 00:00:00,,-1,-1,,-2,,,,,,29
9813,4,2025-10-08 00:00:00,,-1,-1,,-2,,,,,,29
9814,4,2025-10-08 00:00:00,,-1,-1,,-2,,,,,,29
9815,4,2025-10-13 00:00:00,,-1,-1,,-2,,,,,,29
9816,10,2025-09-03 00:00:00,NEFT IDFBH25246435978 UTI MF PAYMENT AC IIIDFB00,-1,-1,,-2,,,,-1,NEFTINW-1322305102,31
9818,10,2025-09-04 00:00:00,NEFT HDFCH00462619514 NIPPON INDIA MUTUALFUND HD,-1,-1,,-2,,,,-1,NEFTINW-1323298737,31
9819,10,2025-09-04 00:00:00,NEFT HDFCH00463257958 PPFAS MUTUAL FUNDBROKERAG,-1,-1,,-2,,,,-1,NEFTINW-1323420683,31
9820,10,2025-09-04 00:00:00,NEFT HDFCH00463572248 J M MUTUAL FUNDHDFC0000240,-1,-1,,-2,,,,-1,NEFTINW-1323496030,31
9822,10,2025-09-09 00:00:00,NEFT HDFCH00473527174 SBIMF BROKERAGEPAYLINK ACC,-1,-1,,-2,,,,-1,NEFTINW-1328116148,31
9823,10,2025-09-09 00:00:00,NEFT ICIN225203918702 DSP MF BROKERAGEACCOUNT IC,-1,-1,,-2,,,,-1,NEFTINW-1328186750,31
9824,10,2025-09-09 00:00:00,NEFT HDFCH00474509770 TMF BROKERAGE ACCOUNTHDFC0,-1,-1,,-2,,,,-1,NEFTINW-1328396084,31
9825,10,2025-09-09 00:00:00,NEFT HDFCH00474736153 CANARA ROBECO MUTUALFUND B,-1,-1,,-2,,,,-1,NEFTINW-1328455938,31
9826,10,2025-09-09 00:00:00,NEFT ICIN225204633468 ICICI PRUDENTIAL MUTUALFUN,-1,-1,,-2,,,,-1,NEFTINW-1328502289,31
9827,10,2025-09-09 00:00:00,NEFT ICIN225204653204 EDELWEISS MUTUAL FUNDICIC0,-1,-1,,-2,,,,-1,NEFTINW-1328502291,31
9828,10,2025-09-09 00:00:00,NEFT HDFCH00475178010 MOTILAL OSWAL MUTUALFUND B,-1,-1,,-2,,,,-1,NEFTINW-1328542879,31
9829,10,2025-09-10 00:00:00,NEFT HDFCH00476338599 QUANT MUTUAL FUNDCOMMON,-1,-1,,-2,,,,-1,NEFTINW-1329261801,31
9830,10,2025-09-19 00:00:00,NEFT SBIN425262857792 ITDTAX REFUND 2025 26CGTPS,-1,-1,,-2,,,,-1,NEFTINW-1338759696,31
9831,12,2025-09-22 00:00:00,Recd:IMPS/526520602619/Mr Saahil/KKBK/X6177/Spsid,-1,-1,,-2,,,,-1,IMPS-526520686711,31
9832,12,2025-09-22 00:00:00,SentIMPS526520513614/JIOPX7845/KKBKTrans,-1,-1,,-2,,,,-1,IMPS-526520687004,31
9833,10,2025-09-29 00:00:00,MB:RECEIVED FROM CREATIVE PRINTERS/TO SPS K,-1,-1,,-2,,,,-1,MB-998424047419,31
9834,10,2025-09-29 00:00:00,MB:RECEIVED FROM SAAHIL SHAH HUF/TO SPS K,-1,-1,,-2,,,,-1,MB-998424047205,31
9835,12,2025-09-29 00:00:00,Recd:IMPS/527211191769/Mr Saahil/KKBK/X6177/Tosps,-1,-1,,-2,,,,-1,IMPS-527211516381,31
9836,10,2025-09-29 00:00:00,Recd:IMPS/527211194821/Ms Unnati/KKBK/X5438/Tosps,-1,-1,,-2,,,,-1,IMPS-527211517974,31
9837,6,2025-09-29 00:00:00,MB: SENT TO UNNATI PRAMESH SHAH/TO UPS K,-1,-1,,-2,,,,-1,KMBT2909251111246,31
9838,6,2025-09-29 00:00:00,MB:SENT TO PRAMESH RAJENDRA SHAH,-1,-1,,-2,,,,-1,MB-998424011245,31
9839,6,2025-09-29 00:00:00,MB:SENT TO PRAMESH RAJENDRA SHAH,-1,-1,,-2,,,,-1,MB-998424007620,31
9840,10,2025-09-29 00:00:00,Recd:IMPS/527212637962/SAAHILPRA/KKBK/X3916/ReqPa,-1,-1,,-2,,,,-1,IMPS-527212602105,31
9841,6,2025-09-29 00:00:00,MB: SENT TO PRAMESH RAJENDRA SHAH,-1,-1,,-2,,,,-1,KMBT2909251248579,31
9842,6,2025-09-30 00:00:00,PG AMFI OSBDBILLPA,-1,-1,,-2,,,,-1,KPG-0236217761,31
9843,10,2025-09-30 00:00:00,Int.Pd:1712151141:01-07-2025 to 30-09-2025,-1,-1,,-2,,,,-1,,31
9844,6,2025-10-03 00:00:00,MB: SENT TO CREATIVE PRINTERS/TO PRINT K,-1,-1,,-2,,,,-1,KMBT0310251219201,31
9845,10,2025-10-03 00:00:00,NEFT IDFBH25276561542 UTI MF PAYMENT AC IIIDFB00,-1,-1,,-2,,,,-1,NEFTINW-1352852453,31
9846,6,2025-10-03 00:00:00,KOTAK FASTAGIHMCL~KB92A99AD1825DFC70~03/10/25,-1,-1,,-2,,,,-1,KB92A99AD1825DFC7,31
9847,10,2025-10-04 00:00:00,NEFT HDFCH00524952252 JM MUTUAL FUNDBROKERAGE AC,-1,-1,,-2,,,,-1,NEFTINW-1354524327,31
9848,6,2025-10-06 00:00:00,MB: SENT TO CREATIVE PRINTERS/TO PRINT K,-1,-1,,-2,,,,-1,KMBT0610251155336,31
9849,10,2025-10-06 00:00:00,NEFT ICIN227934363997 DSP MF BROKERAGEACCOUNT IC,-1,-1,,-2,,,,-1,NEFTINW-1356058193,31
9850,10,2025-10-06 00:00:00,NEFT HDFCH00528520111 NIPPON INDIA MUTUALFUND HD,-1,-1,,-2,,,,-1,NEFTINW-1356409426,31
9851,10,2025-10-06 00:00:00,NEFT HDFCH00528543360 QUANT MUTUAL FUNDCOMMON,-1,-1,,-2,,,,-1,NEFTINW-1356413354,31
9852,10,2025-10-06 00:00:00,NEFT ICIN227934765354 ICICI PRUDENTIAL MUTUALFUN,-1,-1,,-2,,,,-1,NEFTINW-1356394973,31
9853,10,2025-10-06 00:00:00,NEFT HDFCH00528525854 PPFAS MUTUAL FUNDBROKERAG,-1,-1,,-2,,,,-1,NEFTINW-1356411791,31
9854,10,2025-10-06 00:00:00,NEFT HDFCH00528761020 SBIMF BROKERAGEPAYLINK ACC,-1,-1,,-2,,,,-1,NEFTINW-1356466341,31
9855,10,2025-10-07 00:00:00,NEFT HDFCH00530757018 TMF BROKERAGE ACCOUNTHDFC0,-1,-1,,-2,,,,-1,NEFTINW-1357383711,31
9856,10,2025-10-07 00:00:00,NEFT HDFCH00532550874 CANARA ROBECO MUTUALFUND B,-1,-1,,-2,,,,-1,NEFTINW-1357777596,31
9857,6,2025-10-08 00:00:00,MB: SENT TO UNNATI PRAMESH SHAH,-1,-1,,-2,,,,-1,KMBT0810250932392,31
9858,10,2025-10-08 00:00:00,NEFT ICIN228137649992 EDELWEISS MUTUAL FUNDICIC0,-1,-1,,-2,,,,-1,NEFTINW-1358961338,31
9859,10,2025-10-10 00:00:00,NEFT HDFCH00539507368 MOTILAL OSWAL MUTUALFUND B,-1,-1,,-2,,,,-1,NEFTINW-1360890661,31
9860,6,2025-10-11 00:00:00,UPI/SUPER SERVICE S/528412773037/Petrol,-1,-1,,-2,,,,-1,UPI-528469872111,31
9862,10,2025-10-13 00:00:00,MB:RECEIVED FROM CREATIVE PRINTERS/TO SPS K,-1,-1,,-2,,,,-1,MB-998418171528,31
9863,10,2025-10-13 00:00:00,MB: RECEIVED FROM ARJIN SAAHIL SHAH/ASS TO SP,-1,-1,,-2,,,,-1,KMBT1310251334484,31
9864,10,2025-10-13 00:00:00,MB: RECEIVED FROM PRAMESH RAJENDRA SHA/PRSTO SP,-1,-1,,-2,,,,-1,KMBT1310251337432,31
9865,10,2025-10-15 00:00:00,MB:RECEIVED FROM CREATIVE PRINTERS/TO SPS K,-1,-1,,-2,,,,-1,MB-998417060274,31
9866,12,2025-10-16 00:00:00,SentIMPS528912544617/JIOPX7845/KKBKTrans,-1,-1,,-2,,,,-1,IMPS-528912725293,31
9867,6,2025-10-16 00:00:00,MB:SENT MONEY TO OWN 2012066081 SPS K TO PRS,-1,-1,,-2,,,,-1,K  KMBT1610251457189,31
9868,6,2025-10-16 00:00:00,MB:SENT MONEY TO OWN 1912581915 SPS K TO UPS,-1,-1,,-2,,,,-1,K  KMBT1610251457427,31
9869,6,2025-10-23 00:00:00,MB: SENT TO CREATIVE PRINTERS,-1,-1,,-2,,,,-1,KMBT2310251106477,31
9870,6,2025-10-29 00:00:00,MB: SENT TO CREATIVE PRINTERS,-1,-1,,-2,,,,-1,KMBT2910252042552,31
9871,4,2025-11-26 00:00:00,,-1,-1,,-2,,,,,,31
9872,10,2025-11-10 00:00:00,all brokerage,-1,-1,,-2,,,,,,31
9873,6,2025-11-27 00:00:00,fastag,-1,-1,,-2,,,,,,31
9874,4,2025-11-17 00:00:00,,-1,-1,,-2,,,,,,31
9875,10,2025-10-31 00:00:00,,-1,-1,,-2,,,,,,31
9876,6,2025-10-20 00:00:00,,-1,-1,,-2,,,,,,31
9877,10,2025-10-16 00:00:00,,-1,-1,,-2,,,,,,31
9878,6,2025-10-08 00:00:00,,-1,-1,,-2,,,,,,31
9879,10,2025-10-08 00:00:00,,-1,-1,,-2,,,,,,31
9880,10,2025-10-04 00:00:00,,-1,-1,,-2,,,,,,31
9881,10,2025-09-30 00:00:00,,-1,-1,,-2,,,,,,31
9882,6,2025-09-29 00:00:00,,-1,-1,,-2,,,,,,31
9883,10,2025-09-17 00:00:00,,-1,-1,,-2,,,,,,31
9884,6,2025-09-19 00:00:00,,-1,-1,,-2,,,,,,31
9885,4,2025-11-27 00:00:00,,-1,-1,,-2,,,,,,29
9886,6,2025-11-25 00:00:00,,-1,-1,,-2,,,,,,29
9887,6,2025-11-21 00:00:00,,-1,-1,,-2,,,,,,29
9888,10,2025-10-30 00:00:00,,-1,-1,,-2,,,,,,29
9889,10,2025-11-11 00:00:00,,-1,-1,,-2,,,,,,29
9890,10,2025-10-16 00:00:00,,-1,-1,,-2,,,,,,29
9892,6,2025-10-15 00:00:00,,-1,-1,,-2,,,,,,29
9893,6,2025-10-14 00:00:00,,-1,-1,,-2,,,,,,29
9895,10,2025-10-08 00:00:00,,-1,-1,,-2,,,,,,29
9896,10,2025-10-08 00:00:00,,-1,-1,,-2,,,,,,29
9897,10,2025-10-08 00:00:00,,-1,-1,,-2,,,,,,29
9899,4,2025-10-08 00:00:00,,-1,-1,,-2,,,,,,29
9900,6,2025-10-03 00:00:00,,-1,-1,,-2,,,,,,29
9901,10,2025-10-03 00:00:00,,-1,-1,,-2,,,,,,29
9902,4,2025-10-02 00:00:00,,-1,-1,,-2,,,,,,29
9903,6,2025-10-01 00:00:00,,-1,-1,,-2,,,,,,29
9904,10,2025-09-30 00:00:00,,-1,-1,,-2,,,,,,29
9905,6,2025-09-29 00:00:00,,-1,-1,,-2,,,,,,29
9906,6,2025-09-29 00:00:00,,-1,-1,,-2,,,,,,29
9907,10,2025-09-29 00:00:00,,-1,-1,,-2,,,,,,29
9908,10,2025-09-29 00:00:00,,-1,-1,,-2,,,,,,29
9909,10,2025-09-29 00:00:00,,-1,-1,,-2,,,,,,29
9910,10,2025-09-29 00:00:00,,-1,-1,,-2,,,,,,29
9911,4,2025-09-20 00:00:00,,-1,-1,,-2,,,,,,29
9912,10,2025-11-08 00:00:00,,-1,-1,,-2,,,,,,29
9913,10,2025-10-31 00:00:00,,-1,-1,,-2,,,,,,29
9914,10,2025-10-04 00:00:00,,-1,-1,,-2,,,,,,29
9915,4,2025-11-27 00:00:00,,-1,-1,,-2,,,,,,30
9916,4,2025-11-15 00:00:00,,-1,-1,,-2,,,,,,30
9917,4,2025-11-07 00:00:00,,-1,-1,,-2,,,,,,30
9918,6,2025-10-30 00:00:00,,-1,-1,,-2,,,,,,30
9919,6,2025-10-28 00:00:00,,-1,-1,,-2,,,,,,30
9920,6,2025-10-23 00:00:00,,-1,-1,,-2,,,,,,30
9921,6,2025-10-18 00:00:00,,-1,-1,,-2,,,,,,30
9922,6,2025-10-15 00:00:00,,-1,-1,,-2,,,,,,30
9923,10,2025-09-29 00:00:00,,-1,-1,,-2,,,,,,30
9924,10,2025-09-29 00:00:00,,-1,-1,,-2,,,,,,30
9925,10,2025-09-29 00:00:00,,-1,-1,,-2,,,,,,30
9926,10,2025-09-29 00:00:00,,-1,-1,,-2,,,,,,30
9927,10,2025-09-29 00:00:00,,-1,-1,,-2,,,,,,30
9928,10,2025-10-01 00:00:00,,-1,-1,,-2,,,,,,30
9929,6,2025-10-03 00:00:00,,-1,-1,,-2,,,,,,30
9930,6,2025-10-03 00:00:00,,-1,-1,,-2,,,,,,30
9931,10,2025-10-05 00:00:00,,-1,-1,,-2,,,,,,30
9932,6,2025-10-06 00:00:00,,-1,-1,,-2,,,,,,30
9933,6,2025-10-06 00:00:00,,-1,-1,,-2,,,,,,30
9934,10,2025-10-15 00:00:00,chennai super kings,-1,-1,,-2,,,,,,30
9935,4,2025-10-14 00:00:00,,-1,-1,,-2,,,,,,30
9936,4,2025-10-10 00:00:00,,-1,-1,,-2,,,,,,30
9937,4,2025-10-10 00:00:00,,-1,-1,,-2,,,,,,30
9938,4,2025-09-29 00:00:00,DEPOSIT,-1,-1,,-2,,,,,,30
9939,4,2025-10-20 00:00:00,,-1,-1,,-2,,,,,,30
9940,10,2025-10-16 00:00:00,,-1,-1,,-2,,,,,,30
9941,6,2025-10-13 00:00:00,,-1,-1,,-2,,,,,,30
9943,6,2025-10-08 00:00:00,,-1,-1,,-2,,,,,,30
9944,4,2025-09-29 00:00:00,,-1,-1,,-2,,,,,,30
9945,10,2025-09-29 00:00:00,,-1,-1,,-2,,,,,,30
9946,10,2025-09-29 00:00:00,,-1,-1,,-2,,,,,,30
9947,10,2025-09-24 00:00:00,fy 24-25,-1,-1,,-2,,,,,,30
9948,4,2025-09-16 00:00:00,,-1,-1,,-2,,,,,,30
9949,6,2025-09-16 00:00:00,,-1,-1,,-2,,,,,,30
9950,10,2025-09-30 00:00:00,,-1,-1,,-2,,,,,,30
9951,10,2025-09-29 00:00:00,,-1,-1,,-2,,,,,,30
9952,10,2025-09-29 00:00:00,,-1,-1,,-2,,,,,,30
9953,6,2025-09-29 00:00:00,,-1,-1,,-2,,,,,,30
9954,10,2025-09-30 00:00:00,,-1,-1,,-2,,,,,,30
9955,10,2025-10-31 00:00:00,,-1,-1,,-2,,,,,,30
9956,6,2025-10-08 00:00:00,,-1,-1,,-2,,,,,,30
9957,10,2025-10-30 00:00:00,,-1,-1,,-2,,,,,,36
9958,10,2025-10-13 00:00:00,TUITION,-1,-1,,-2,,,,,,36
9959,10,2025-10-10 00:00:00,ROBIN,-1,-1,,-2,,,,,,36
9960,10,2025-10-07 00:00:00,,-1,-1,,-2,,,,,,36
9961,10,2025-09-30 00:00:00,,-1,-1,,-2,,,,,,36
9962,10,2025-09-29 00:00:00,,-1,-1,,-2,,,,,,36
9963,10,2025-09-25 00:00:00,,-1,-1,,-2,,,,,,36
9964,10,2025-09-25 00:00:00,,-1,-1,,-2,,,,,,36
9965,10,2025-09-24 00:00:00,,-1,-1,,-2,,,,,,36
9966,10,2025-09-14 00:00:00,TUITION,-1,-1,,-2,,,,,,36
9967,6,2025-11-02 00:00:00,,-1,-1,,-2,,,,,,36
9968,4,2025-10-26 00:00:00,,-1,-1,,-2,,,,,,36
9969,6,2025-10-22 00:00:00,,-1,-1,,-2,,,,,,36
9970,6,2025-10-22 00:00:00,,-1,-1,,-2,,,,,,36
9971,6,2025-10-22 00:00:00,,-1,-1,,-2,,,,,,36
9972,6,2025-10-08 00:00:00,,-1,-1,,-2,,,,,,36
9973,4,2025-09-26 00:00:00,,-1,-1,,-2,,,,,,36
9974,6,2025-09-29 00:00:00,,-1,-1,,-2,,,,,,36
9975,6,2025-09-29 00:00:00,,-1,-1,,-2,,,,,,36
9976,4,2025-09-23 00:00:00,,-1,-1,,-2,,,,,,36
9977,6,2025-09-14 00:00:00,,-1,-1,,-2,,,,,,36
9978,6,2025-09-14 00:00:00,,-1,-1,,-2,,,,,,36
9979,10,2025-09-29 00:00:00,,-1,-1,,-2,,,,,,36
9980,4,2025-11-12 00:00:00,,-1,-1,,-2,,,,,,36
9981,10,2025-10-31 00:00:00,,-1,-1,,-2,,,,,,36
9982,4,2025-10-13 00:00:00,,-1,-1,,-2,,,,,,36
9983,10,2025-09-17 00:00:00,,-1,-1,,-2,,,,,,36
9984,6,2025-10-13 00:00:00,,-1,-1,,-2,,,,,,61
9985,10,2025-09-30 00:00:00,,-1,-1,,-2,,,,,,61
9986,6,2025-09-29 00:00:00,,-1,-1,,-2,,,,,,61
9987,10,2025-11-28 00:00:00,,-1,-1,,-2,,,,,,62
9988,4,2025-11-10 00:00:00,brok total,-1,-1,,-2,,,,,,62
9989,4,2025-10-20 00:00:00,,-1,-1,,-2,,,,,,62
9990,6,2025-09-29 00:00:00,,-1,-1,,-2,,,,,,62
9991,10,2025-10-10 00:00:00,total brok,-1,-1,,-2,,,,,,62
9992,10,2025-09-30 00:00:00,,-1,-1,,-2,,,,,,62
9993,10,2025-09-30 00:00:00,,-1,-1,,-2,,,,,,62
9994,10,2025-11-03 00:00:00,,-1,-1,,-2,,,,,,32
9995,10,2025-10-30 00:00:00,,-1,-1,,-2,,,,,,32
9996,10,2025-10-28 00:00:00,,-1,-1,,-2,,,,,,32
9997,6,2025-10-28 00:00:00,,-1,-1,,-2,,,,,,32
9998,6,2025-10-28 00:00:00,,-1,-1,,-2,,,,,,32
9999,6,2025-10-23 00:00:00,,-1,-1,,-2,,,,,,32
10000,10,2025-10-23 00:00:00,,-1,-1,,-2,,,,,,32
10001,10,2025-10-18 00:00:00,,-1,-1,,-2,,,,,,32
10002,6,2025-10-18 00:00:00,,-1,-1,,-2,,,,,,32
10003,10,2025-10-15 00:00:00,,-1,-1,,-2,,,,,,32
10004,6,2025-10-15 00:00:00,,-1,-1,,-2,,,,,,32
10005,6,2025-10-15 00:00:00,,-1,-1,,-2,,,,,,32
10006,6,2025-10-13 00:00:00,,-1,-1,,-2,,,,,,32
10007,4,2025-10-13 00:00:00,,-1,-1,,-2,,,,,,32
10008,6,2025-10-13 00:00:00,,-1,-1,,-2,,,,,,32
10009,10,2025-10-08 00:00:00,,-1,-1,,-2,,,,,,32
10010,6,2025-10-06 00:00:00,,-1,-1,,-2,,,,,,32
10011,10,2025-10-06 00:00:00,,-1,-1,,-2,,,,,,32
10012,6,2025-10-01 00:00:00,,-1,-1,,-2,,,,,,32
10013,10,2025-09-30 00:00:00,,-1,-1,,-2,,,,,,32
10014,6,2025-09-29 00:00:00,,-1,-1,,-2,,,,,,32
10015,10,2025-09-29 00:00:00,,-1,-1,,-2,,,,,,32
10016,4,2025-09-29 00:00:00,,-1,-1,,-2,,,,,,32
10017,4,2025-09-19 00:00:00,,-1,-1,,-2,,,,,,32
10018,10,2025-11-30 00:00:00,,-1,-1,,-2,,,,,,32
10019,6,2025-11-30 00:00:00,,-1,-1,,-2,,,,,,29
10020,10,2025-11-30 00:00:00,,-1,-1,,-2,,,,,,32
10021,6,2025-11-30 00:00:00,,-1,-1,,-2,,,,,,32
10022,10,2025-11-30 00:00:00,,-1,-1,,-2,,,,,,30
10023,10,2025-11-30 00:00:00,,-1,-1,,-2,,,,,,31
10024,6,2025-11-30 00:00:00,,-1,-1,,-2,,,,,,29
10025,6,2025-11-30 00:00:00,,-1,-1,,-2,,,,,,31
10026,10,2025-11-30 00:00:00,,-1,-1,,-2,,,,,,36
10027,6,2025-11-30 00:00:00,,-1,-1,,-2,,,,,,30
10028,10,2025-11-30 00:00:00,,-1,-1,,-2,,,,,,31
10029,6,2025-11-30 00:00:00,,-1,-1,,-2,,,,,,36
10030,10,2025-11-30 00:00:00,,-1,-1,,-2,,,,,,29
10031,10,2025-11-30 00:00:00,,-1,-1,,-2,,,,,,36
10032,6,2025-11-30 00:00:00,,-1,-1,,-2,,,,,,30
10033,6,2025-11-30 00:00:00,,-1,-1,,-2,,,,,,29
10034,6,2025-11-30 00:00:00,,-1,-1,,-2,,,,,,32
10035,10,2025-11-30 00:00:00,,-1,-1,,-2,,,,,,30
10036,10,2025-11-30 00:00:00,,-1,-1,,-2,,,,,,30
10037,6,2025-11-30 00:00:00,,-1,-1,,-2,,,,,,30
10038,10,2025-11-30 00:00:00,,-1,-1,,-2,,,,,,29
10039,6,2025-11-30 00:00:00,,-1,-1,,-2,,,,,,31
10040,10,2025-11-30 00:00:00,,-1,-1,,-2,,,,,,62
10041,6,2025-11-30 00:00:00,,-1,-1,,-2,,,,,,31
10043,4,2019-04-01 00:00:00,ril (Qty - 200) iepf date shown of the year 1990 @ 10/- per share,-1,-1,,-2,,,,,,29
10061,6,2025-12-01 00:00:00,MB: SENT TO CREATIVE PACKAGING/UPS,-1,-1,,-2,,,,-1,22690,29
10062,6,2025-12-03 00:00:00,MB:SENT MONEY TO OWN 6945111207 UPS,-1,-1,,-2,,,,-1,41747,29
10063,6,2025-12-08 00:00:00,MB: SENT TO CREATIVE PACKAGING/UPS,-1,-1,,-2,,,,-1,75910,29
10064,6,2025-12-10 00:00:00,MB:SENT TO CREATIVE PACKAGING/TOPACK,-1,-1,,-2,,,,-1,MB-998397486593,29
10065,6,2025-12-14 00:00:00,MB: SENT TO CREATIVE PACKAGING/UPS,-1,-1,,-2,,,,-1,66985,29
10066,6,2025-12-15 00:00:00,IB: ETAX TIN2 0041212932,-1,-1,,-2,,,,-1,GBM-0041212932,29
10069,12,2025-12-19 00:00:00,MB:SENT NEFT UNNATI PRAMESH SHAH,-1,-1,,-2,,,,-1,KKBKH2535392616,29
10070,12,2025-12-25 00:00:00,SentIMPS535907131091Unnati,-1,-1,,-2,,,,-1,535907498849,29
10071,6,2025-12-28 00:00:00,SentIMPS536213412738pramesh,-1,-1,,-2,,,,-1,536213953905,29
10072,10,2026-01-01 00:00:00,Int.Pd:1912581915:01-10-2025 to 31-12-2025,-1,-1,,-2,,,,-1,,29
10073,6,2026-01-08 00:00:00,MB:SENT MONEY TO OWN 5348806437,-1,-1,,-2,,,,-1,83321,29
10075,10,2026-01-15 00:00:00,Recd:IMPS/601511222262/FLIPKART,-1,-1,,-2,,,,-1,601511079532,29
10076,10,2026-01-17 00:00:00,Recd:IMPS/601715946313/FLIPKART,-1,-1,,-2,,,,-1,601715757896,29
10077,10,2026-01-17 00:00:00,Recd:IMPS/601715948167/FLIPKART,-1,-1,,-2,,,,-1,601715758029,29
10078,6,2025-12-02 00:00:00,,-1,-1,,-2,,,,,,29
10079,10,2026-01-31 00:00:00,,-1,-1,,-2,,,,,,29
10080,6,2026-01-19 00:00:00,,-1,-1,,-2,,,,,,29
10081,6,2026-01-13 00:00:00,,-1,-1,,-2,,,,,,29
10082,6,2026-01-12 00:00:00,,-1,-1,,-2,,,,,,29
10083,6,2026-01-12 00:00:00,,-1,-1,,-2,,,,,,29
10084,6,2026-01-12 00:00:00,,-1,-1,,-2,,,,,,29
10085,10,2026-01-03 00:00:00,,-1,-1,,-2,,,,,,29
10086,10,2026-01-02 00:00:00,,-1,-1,,-2,,,,,,29
10087,10,2025-12-31 00:00:00,,-1,-1,,-2,,,,,,29
10088,6,2025-12-23 00:00:00,,-1,-1,,-2,,,,,,29
10089,6,2025-12-23 00:00:00,,-1,-1,,-2,,,,,,29
10090,6,2025-12-23 00:00:00,,-1,-1,,-2,,,,,,29
10091,6,2025-12-23 00:00:00,,-1,-1,,-2,,,,,,29
10092,6,2025-12-23 00:00:00,,-1,-1,,-2,,,,,,29
10093,10,2025-12-20 00:00:00,,-1,-1,,-2,,,,,,29
10094,10,2025-12-20 00:00:00,,-1,-1,,-2,,,,,,29
10095,10,2025-12-20 00:00:00,,-1,-1,,-2,,,,,,29
10096,4,2026-01-01 00:00:00,,-1,-1,,-2,,,,,,29
10097,10,2025-11-30 00:00:00,,-1,-1,,-2,,,,,,29
10100,4,2025-12-10 00:00:00,IMPS-,-1,-1,,-2,,,,-1,,30
10105,10,2025-12-16 00:00:00,LOOPNOW                                           NEFTINW-,-1,-1,,-2,,,,-1,,30
10106,10,2025-12-29 00:00:00,CENTRAL                                           NEFTINW-,-1,-1,,-2,,,,-1,,30
10108,10,2026-01-01 00:00:00,to 31-12-,-1,-1,,-2,,,,-1,,30
10109,6,2026-01-03 00:00:00,KPG-0240615919,-1,-1,,-2,,,,-1,,30
10110,10,2026-01-03 00:00:00,MIRAE ASSET                                       NEFTINW-,-1,-1,,-2,,,,-1,,30
10111,10,2026-01-05 00:00:00,KREF-F009151389,-1,-1,,-2,,,,-1,,30
10112,10,2026-01-09 00:00:00,PRUDENT CORP                                      NEFTINW-,-1,-1,,-2,,,,-1,,30
10113,6,2026-01-11 00:00:00,KPG-0241023415,-1,-1,,-2,,,,-1,,30
10114,6,2026-01-12 00:00:00,IMPS-,-1,-1,,-2,,,,-1,,30
10116,10,2026-01-14 00:00:00,LOOPNOW                                           NEFTINW-,-1,-1,,-2,,,,-1,,30
10117,10,2026-01-16 00:00:00,BRITTMAN INDIA                                    NEFTINW-,-1,-1,,-2,,,,-1,,30
10120,6,2026-01-22 00:00:00,IMPS-,-1,-1,,-2,,,,-1,,30
10121,4,2026-01-28 00:00:00,IIFL CAPITAL                                      NEFTINW-,-1,-1,,-2,,,,-1,,30
10123,4,2025-12-16 00:00:00,,-1,-1,,-2,,,,,,30
10124,6,2025-12-14 00:00:00,,-1,-1,,-2,,,,,,30
10125,6,2025-12-08 00:00:00,,-1,-1,,-2,,,,,,30
10126,10,2026-01-31 00:00:00,,-1,-1,,-2,,,,,,30
10127,10,2026-01-12 00:00:00,,-1,-1,,-2,,,,,,30
10128,10,2025-12-31 00:00:00,,-1,-1,,-2,,,,,,30
10129,10,2025-12-23 00:00:00,,-1,-1,,-2,,,,,,30
10130,6,2025-12-20 00:00:00,,-1,-1,,-2,,,,,,30
10131,6,2025-12-20 00:00:00,,-1,-1,,-2,,,,,,30
10132,10,2025-12-20 00:00:00,,-1,-1,,-2,,,,,,30
10133,10,2025-12-16 00:00:00,,-1,-1,,-2,,,,,,30
10134,10,2025-12-15 00:00:00,,-1,-1,,-2,,,,,,30
10135,10,2025-11-30 00:00:00,,-1,-1,,-2,,,,,,30
10137,6,2025-12-02 00:00:00,MB: SENT TO CREATIVE PRINTERS,-1,-1,,-2,,,,-1,82020,31
10138,10,2025-12-03 00:00:00,MB:RECEIVED FROM CREATIVEPRINTERS/PRINT TO SPS,-1,-1,,-2,,,,-1,MB-998400286166,31
10139,10,2025-12-03 00:00:00,NEFT IDFB533754700522 UTI MF PAYMENT,-1,-1,,-2,,,,-1,1416031495,31
10140,10,2025-12-04 00:00:00,UPI/PayU/279765603385/Flipkart 262163,-1,-1,,-2,,,,-1,UPI-533811068086,31
10141,10,2025-12-04 00:00:00,NEFT HDFCH00651954966 JM MUTUAL,-1,-1,,-2,,,,-1,1416989030,31
10142,10,2025-12-05 00:00:00,NEFT HDFCH00654209145 NIPPON INDIA,-1,-1,,-2,,,,-1,1418010628,31
10143,10,2025-12-05 00:00:00,UPI/PayU/517740043395/Flipkart 262163,-1,-1,,-2,,,,-1,UPI-533988225423,31
10144,10,2025-12-05 00:00:00,UPI/PayU/517734443395/Flipkart 262163,-1,-1,,-2,,,,-1,UPI-533988230145,31
10145,10,2025-12-05 00:00:00,NEFT HDFCH00655252712 PPFAS MUTUAL,-1,-1,,-2,,,,-1,1418209712,31
10146,10,2025-12-05 00:00:00,NEFT HDFCH00655359884 QUANT MUTUAL,-1,-1,,-2,,,,-1,1418222184,31
10147,10,2025-12-08 00:00:00,NEFT IN22534244508087 DSP MF,-1,-1,,-2,,,,-1,1421234253,31
10148,10,2025-12-08 00:00:00,NEFT HDFCH00661604986 SBIMF,-1,-1,,-2,,,,-1,1421215299,31
10149,10,2025-12-08 00:00:00,NEFT HDFCH00661700875 TMF,-1,-1,,-2,,,,-1,1421238088,31
10150,10,2025-12-08 00:00:00,NEFT HDFCH00661787349 MOTILAL,-1,-1,,-2,,,,-1,1421274301,31
10151,10,2025-12-08 00:00:00,NEFT IN22534244640628 ICICI PRUDENTIAL,-1,-1,,-2,,,,-1,1421431634,31
10152,10,2025-12-08 00:00:00,NEFT SCBLH34200854933 EDELWEISS,-1,-1,,-2,,,,-1,1421475678,31
10155,10,2025-12-09 00:00:00,NEFT HDFCH00663297846 CANARA,-1,-1,,-2,,,,-1,1422098221,31
10156,4,2025-12-13 00:00:00,MB: Sent RTGS/ SAAHIL PRAM/ IDFC /,-1,-1,,-2,,,,-1,0914210,31
10157,6,2025-12-14 00:00:00,MB: SENT TO CREATIVE PRINTERS,-1,-1,,-2,,,,-1,39977,31
10158,10,2025-12-14 00:00:00,MB:RECEIVED FROM CREATIVE PRINTERS,-1,-1,,-2,,,,-1,MB-998396355853,31
10159,6,2025-12-14 00:00:00,KOTAK FASTAG,-1,-1,,-2,,,,-1,CAA7,31
10161,6,2025-12-15 00:00:00,IB: ETAX TIN2 0041212552,-1,-1,,-2,,,,-1,GBM-0041212552,31
10166,12,2025-12-19 00:00:00,SentIMPS535317405829/IDFBX6177/To sps,-1,-1,,-2,,,,-1,535317849814,31
10168,6,2025-12-23 00:00:00,KOTAK FASTAG,-1,-1,,-2,,,,-1,7A8,31
10169,6,2025-12-27 00:00:00,UPI/CRED Club/572706424353/payment onCRED,-1,-1,,-2,,,,-1,UPI-536116642225,31
10170,10,2026-01-01 00:00:00,Int.Pd:1712151141:01-10-2025 to 31-12-2025,-1,-1,,-2,,,,-1,,31
10171,6,2026-01-04 00:00:00,KOTAK FASTAG,-1,-1,,-2,,,,-1,013,31
10172,10,2026-01-05 00:00:00,NEFT IDFB600558730339 UTI MF PAYMENT,-1,-1,,-2,,,,-1,1450051667,31
10173,10,2026-01-05 00:00:00,NEFT HDFCH00718008459 JM MUTUAL,-1,-1,,-2,,,,-1,1450462301,31
10174,10,2026-01-05 00:00:00,NEFT HDFCH00718152841 QUANT MUTUAL,-1,-1,,-2,,,,-1,1450495026,31
10175,10,2026-01-06 00:00:00,NEFT HDFCH00720435919 CANARA,-1,-1,,-2,,,,-1,1451517364,31
10176,10,2026-01-06 00:00:00,NEFT HDFCH00720773834 NIPPON INDIA,-1,-1,,-2,,,,-1,1451586708,31
10177,10,2026-01-06 00:00:00,NEFT HDFCH00720848256 PPFAS MUTUAL,-1,-1,,-2,,,,-1,1451597945,31
10178,10,2026-01-06 00:00:00,NEFT IN22600622850079 ICICI PRUDENTIAL,-1,-1,,-2,,,,-1,1451703346,31
10179,10,2026-01-07 00:00:00,NEFT IN22600723804550 DSP MF,-1,-1,,-2,,,,-1,1452737201,31
10180,10,2026-01-07 00:00:00,NEFT HDFCH00724003975 TMF,-1,-1,,-2,,,,-1,1452812035,31
10181,10,2026-01-07 00:00:00,NEFT HDFCH00724062115 SBIMF,-1,-1,,-2,,,,-1,1452816148,31
10182,10,2026-01-07 00:00:00,NEFT IN22600724188854 EDELWEISS,-1,-1,,-2,,,,-1,1452962514,31
10183,10,2026-01-08 00:00:00,NEFT HDFCH00728349222 MOTILAL,-1,-1,,-2,,,,-1,1454164282,31
10186,6,2026-01-19 00:00:00,MB:SENT TO CREATIVE PRINTERS/TOCREATIVE PRINTERS,-1,-1,,-2,,,,-1,MB-998384351035,31
10189,12,2026-01-24 00:00:00,SentIMPS602414278460/JIOPX7845/KKBKT,-1,-1,,-2,,,,-1,602414477902,31
10190,6,2026-01-28 00:00:00,MB: SENT TO CREATIVE PRINTERS,-1,-1,,-2,,,,-1,17752,31
10191,12,2026-01-29 00:00:00,Recd:IMPS/602912589661/Mr Saahil,-1,-1,,-2,,,,-1,602912205430,31
10192,6,2026-01-29 00:00:00,MB: SENT TO CREATIVE PRINTERS,-1,-1,,-2,,,,-1,44547,31
10193,6,2026-01-29 00:00:00,KOTAK FASTAG,-1,-1,,-2,,,,-1,4E6,31
10194,12,2026-01-29 00:00:00,Recd:IMPS/602919235743/Mr Saahil,-1,-1,,-2,,,,-1,602919645150,31
10195,6,2026-01-29 00:00:00,PG 361670 POLICYBAZAAR INSURAN,-1,-1,,-2,,,,-1,KPG-0241829534,31
10196,10,2026-01-29 00:00:00,Recd:IMPS/602990269189/API,-1,-1,,-2,,,,-1,602920681109,31
10197,10,2026-01-31 00:00:00,,-1,-1,,-2,,,,,,31
10198,6,2026-01-22 00:00:00,,-1,-1,,-2,,,,,,31
10199,6,2026-01-19 00:00:00,,-1,-1,,-2,,,,,,31
10200,10,2026-01-12 00:00:00,,-1,-1,,-2,,,,,,31
10201,10,2026-01-02 00:00:00,,-1,-1,,-2,,,,,,31
10202,10,2025-12-31 00:00:00,,-1,-1,,-2,,,,,,31
10203,10,2025-12-23 00:00:00,,-1,-1,,-2,,,,,,31
10204,10,2025-12-23 00:00:00,,-1,-1,,-2,,,,,,31
10205,6,2025-12-20 00:00:00,,-1,-1,,-2,,,,,,31
10206,6,2025-12-16 00:00:00,,-1,-1,,-2,,,,,,31
10207,6,2025-12-15 00:00:00,,-1,-1,,-2,,,,,,31
10208,10,2025-12-13 00:00:00,,-1,-1,,-2,,,,,,31
10209,10,2025-11-30 00:00:00,,-1,-1,,-2,,,,,,31
10210,6,2025-12-02 00:00:00,KPG-0239166783,-1,-1,,-2,,,,-1,,36
10211,12,2025-12-03 00:00:00,IMPS-,-1,-1,,-2,,,,-1,,36
10212,10,2025-12-03 00:00:00,1912581915 UPS                                    KMBT03122519072,-1,-1,,-2,,,,-1,,36
10213,10,2025-12-08 00:00:00,MB-998398664090,-1,-1,,-2,,,,-1,,36
10214,12,2025-12-09 00:00:00,IMPS-,-1,-1,,-2,,,,-1,,36
10215,6,2025-12-18 00:00:00,/535217105854/NA                                     UPI-535232821656,-1,-1,,-2,,,,-1,,36
10216,10,2025-12-18 00:00:00,IMPS-,-1,-1,,-2,,,,-1,,36
10217,6,2025-12-19 00:00:00,UPI-535375201502,-1,-1,,-2,,,,-1,,36
10218,6,2025-12-19 00:00:00,UPI-535310902271,-1,-1,,-2,,,,-1,,36
10219,6,2025-12-22 00:00:00,UPI-535638101641,-1,-1,,-2,,,,-1,,36
10220,6,2025-12-24 00:00:00,UPI-535850163953,-1,-1,,-2,,,,-1,,36
10221,12,2025-12-30 00:00:00,IMPS-,-1,-1,,-2,,,,-1,,36
10222,10,2026-01-01 00:00:00,to 31-12-,-1,-1,,-2,,,,-1,,36
10223,4,2026-01-08 00:00:00,GENNEXT                                           NEFTINW-,-1,-1,,-2,,,,-1,,36
10224,4,2026-01-14 00:00:00,LOOPNOW                                           NEFTINW-,-1,-1,,-2,,,,-1,,36
10225,10,2026-01-15 00:00:00,/638113569900/UPI                                    UPI-601548680349,-1,-1,,-2,,,,-1,,36
10226,10,2026-01-29 00:00:00,IMPS-,-1,-1,,-2,,,,-1,,36
10227,12,2025-12-19 00:00:00,,-1,-1,,-2,,,,,,36
10228,6,2026-01-08 00:00:00,,-1,-1,,-2,,,,,,36
10229,10,2026-01-31 00:00:00,,-1,-1,,-2,,,,,,36
10230,10,2026-01-12 00:00:00,,-1,-1,,-2,,,,,,36
10231,10,2026-01-03 00:00:00,,-1,-1,,-2,,,,,,36
10232,10,2025-12-31 00:00:00,,-1,-1,,-2,,,,,,36
10233,6,2025-12-29 00:00:00,,-1,-1,,-2,,,,,,36
10234,6,2025-12-27 00:00:00,,-1,-1,,-2,,,,,,36
10235,6,2025-12-25 00:00:00,,-1,-1,,-2,,,,,,36
10236,10,2025-12-23 00:00:00,,-1,-1,,-2,,,,,,36
10237,10,2025-12-23 00:00:00,,-1,-1,,-2,,,,,,36
10238,6,2025-12-20 00:00:00,,-1,-1,,-2,,,,,,36
10239,10,2025-11-30 00:00:00,,-1,-1,,-2,,,,,,36
10240,4,2025-12-08 00:00:00,,-1,-1,,-2,,,,,,36
10241,10,2026-01-22 00:00:00,,-1,-1,,-2,,,,,,29
10242,10,2025-12-28 00:00:00,,-1,-1,,-2,,,,,,30
10243,10,2026-01-08 00:00:00,,-1,-1,,-2,,,,,,61
10244,10,2026-01-08 00:00:00,,-1,-1,,-2,,,,,,61
10245,10,2025-12-31 00:00:00,,-1,-1,,-2,,,,,,61
10247,10,2025-11-30 00:00:00,,-1,-1,,-2,,,,,,61
10248,10,2025-06-30 00:00:00,,-1,-1,,-2,,,,,,61
10250,10,2026-02-01 00:00:00,,-1,-1,,-2,,,,,,32
10251,4,2026-01-13 00:00:00,,-1,-1,,-2,,,,,,32
10252,4,2026-01-13 00:00:00,,-1,-1,,-2,,,,,,32
10254,10,2025-11-04 00:00:00,,-1,-1,,-2,,,,,,32
10255,10,2025-10-03 00:00:00,,-1,-1,,-2,,,,,,32
10256,10,2025-10-01 00:00:00,,-1,-1,,-2,,,,,,32
10257,10,2025-09-18 00:00:00,,-1,-1,,-2,,,,,,32
10258,10,2025-09-16 00:00:00,,-1,-1,,-2,,,,,,32
10259,6,2026-02-02 00:00:00,,-1,-1,,-2,,,,,,32
10260,6,2026-01-30 00:00:00,,-1,-1,,-2,,,,,,32
10261,6,2026-01-28 00:00:00,,-1,-1,,-2,,,,,,32
10262,10,2026-01-13 00:00:00,,-1,-1,,-2,,,,,,32
10263,10,2026-01-13 00:00:00,,-1,-1,,-2,,,,,,32
10264,10,2025-12-31 00:00:00,,-1,-1,,-2,,,,,,32
10266,6,2025-12-14 00:00:00,,-1,-1,,-2,,,,,,32
10267,10,2025-12-14 00:00:00,,-1,-1,,-2,,,,,,32
10268,10,2025-12-10 00:00:00,,-1,-1,,-2,,,,,,32
10269,10,2026-01-13 00:00:00,,-1,-1,,-2,,,,,,62
10270,10,2026-02-02 00:00:00,,-1,-1,,-2,,,,,,29
10271,6,2026-02-02 00:00:00,,-1,-1,,-2,,,,,,61
10273,10,2026-02-02 00:00:00,,-1,-1,,-2,,,,,,29
10274,6,2026-02-02 00:00:00,,-1,-1,,-2,,,,,,31
10275,6,2026-02-02 00:00:00,,-1,-1,,-2,,,,,,30
10276,10,2026-02-02 00:00:00,,-1,-1,,-2,,,,,,31
10277,6,2026-02-02 00:00:00,,-1,-1,,-2,,,,,,31
10278,10,2026-02-02 00:00:00,,-1,-1,,-2,,,,,,29
10279,6,2026-02-02 00:00:00,,-1,-1,,-2,,,,,,29
10280,10,2026-02-02 00:00:00,,-1,-1,,-2,,,,,,36
10281,10,2026-02-02 00:00:00,,-1,-1,,-2,,,,,,36
10282,6,2026-02-02 00:00:00,,-1,-1,,-2,,,,,,61
10283,4,2026-02-02 00:00:00,,-1,-1,,-2,,,,,,32
10284,6,2026-02-02 00:00:00,,-1,-1,,-2,,,,,,30
10285,10,2026-02-02 00:00:00,,-1,-1,,-2,,,,,,31
10286,6,2026-02-02 00:00:00,,-1,-1,,-2,,,,,,29
10287,10,2026-02-02 00:00:00,,-1,-1,,-2,,,,,,30
10288,6,2026-02-02 00:00:00,,-1,-1,,-2,,,,,,30
10289,10,2026-02-02 00:00:00,,-1,-1,,-2,,,,,,61
10290,4,2025-05-10 00:00:00,apr,-1,-1,,-2,,,,,,36
10291,4,2025-06-10 00:00:00,apr,-1,-1,,-2,,,,,,36
10292,4,2025-07-10 00:00:00,apr,-1,-1,,-2,,,,,,36
10293,4,2025-08-10 00:00:00,apr,-1,-1,,-2,,,,,,36
10294,4,2025-09-10 00:00:00,apr,-1,-1,,-2,,,,,,36
10295,4,2025-10-10 00:00:00,apr,-1,-1,,-2,,,,,,36
10296,4,2025-11-10 00:00:00,apr,-1,-1,,-2,,,,,,36
10297,4,2025-12-10 00:00:00,apr,-1,-1,,-2,,,,,,36
10298,4,2026-01-10 00:00:00,apr,-1,-1,,-2,,,,,,36
10299,4,2025-11-17 00:00:00,ranka book,-1,-1,,-2,,,,,,36
10300,6,2026-02-02 00:00:00,,-1,-1,,-2,,,,,,36
10301,6,2026-02-02 00:00:00,,-1,-1,,-2,,,,,,32
10302,6,2026-02-02 00:00:00,,-1,-1,,-2,,,,,,30
10303,10,2026-02-02 00:00:00,,-1,-1,,-2,,,,,,30
10304,10,2026-02-03 00:00:00,,-1,-1,,-2,,,,,,29
10305,6,2026-02-03 00:00:00,,-1,-1,,-2,,,,,,32
10306,6,2026-02-03 00:00:00,,-1,-1,,-2,,,,,,32
10307,6,2026-02-03 00:00:00,,-1,-1,,-2,,,,,,32
10308,10,2026-02-03 00:00:00,,-1,-1,,-2,,,,,,30
10309,4,2026-02-11 00:00:00,,-1,-1,,-2,,,,,,36
10310,6,2026-02-27 00:00:00,,-1,-1,,-2,,,,,,31
10311,4,2026-02-27 00:00:00,,-1,-1,,-2,,,,,,31
10312,6,2026-02-27 00:00:00,,-1,-1,,-2,,,,,,31
10313,4,2026-02-27 00:00:00,,-1,-1,,-2,,,,,,31
10314,6,2026-02-25 00:00:00,,-1,-1,,-2,,,,,,31
10315,4,2026-02-25 00:00:00,,-1,-1,,-2,,,,,,31
10316,6,2026-02-22 00:00:00,KOTAK FASTAG,-1,-1,,-2,,,,,4E6,31
10317,6,2026-02-17 00:00:00,KOTAK FASTAG,-1,-1,,-2,,,,,4E6,31
10318,10,2026-02-17 00:00:00,,-1,-1,,-2,,,,,,31
10319,6,2026-02-17 00:00:00,ubuntu,-1,-1,,-2,,,,,,31
10320,6,2026-02-14 00:00:00,,-1,-1,,-2,,,,,,31
10321,12,2026-02-14 00:00:00,dsf,-1,-1,,-2,,,,,,31
10322,6,2026-02-13 00:00:00,KOTAK FASTAG,-1,-1,,-2,,,,,4E6,31
10323,6,2026-02-11 00:00:00,petrol,-1,-1,,-2,,,,,,31
10324,10,2026-02-07 00:00:00,total mf brok,-1,-1,,-2,,,,,,31
10325,10,2026-02-21 00:00:00,,-1,-1,,-2,,,,,,29
10326,6,2026-02-16 00:00:00,,-1,-1,,-2,,,,,,29
10327,6,2026-02-11 00:00:00,,-1,-1,,-2,,,,,,29
10328,4,2026-02-05 00:00:00,,-1,-1,,-2,,,,,,29
10329,4,2026-02-26 00:00:00,,-1,-1,,-2,,,,,,30
10330,4,2026-02-17 00:00:00,,-1,-1,,-2,,,,,,30
10331,4,2026-02-10 00:00:00,,-1,-1,,-2,,,,,,30
10332,4,2026-02-26 00:00:00,,-1,-1,,-2,,,,,,36
10333,10,2026-02-11 00:00:00,,-1,-1,,-2,,,,,,36
10334,4,2026-02-03 00:00:00,iifl,-1,-1,,-2,,,,,,36
10335,6,2026-02-10 00:00:00,,-1,-1,,-2,,,,,,31
10336,10,2025-12-03 00:00:00,NEFT IDFB533754695311 UTI MF PAYMENT,-1,-1,,-2,,,,-1,1416031109,62
10337,10,2025-12-04 00:00:00,NEFT HDFCH00651964136 JM MUTUAL,-1,-1,,-2,,,,-1,1416987793,62
10338,10,2025-12-05 00:00:00,NEFT HDFCH00654207976 NIPPON INDIA,-1,-1,,-2,,,,-1,1418011350,62
10339,10,2025-12-05 00:00:00,NEFT HDFCH00655359030 QUANT MUTUAL,-1,-1,,-2,,,,-1,1418227068,62
10340,10,2025-12-08 00:00:00,NEFT HDFCH00661287063 INVESCO MF,-1,-1,,-2,,,,-1,1421122035,62
10341,10,2025-12-08 00:00:00,NEFT IN22534244495203 DSP MF,-1,-1,,-2,,,,-1,1421231654,62
10342,10,2025-12-08 00:00:00,NEFT HDFCH00661699974 TMF,-1,-1,,-2,,,,-1,1421237575,62
10343,10,2025-12-08 00:00:00,NEFT HDFCH00661805812 MOTILAL,-1,-1,,-2,,,,-1,1421279463,62
10344,10,2025-12-08 00:00:00,NEFT CITIN25667556402 BANDHAN,-1,-1,,-2,,,,-1,1421319577,62
10345,10,2025-12-08 00:00:00,NEFT IN22534244640837 ICICI PRUDENTIAL,-1,-1,,-2,,,,-1,1421430666,62
10346,10,2025-12-08 00:00:00,NEFT SCBLH34200826704 EDELWEISS,-1,-1,,-2,,,,-1,1421439929,62
10347,10,2026-01-01 00:00:00,Int.Pd:7349494996:01-10-2025 to 31-12-2025,-1,-1,,-2,,,,-1,,62
10348,10,2026-01-01 00:00:00,NEFT HDFCH00708348350 IIFL CAPITAL,-1,-1,,-2,,,,-1,1445944106,62
10349,10,2026-01-05 00:00:00,NEFT IDFB600558727267 UTI MF PAYMENT,-1,-1,,-2,,,,-1,1450051676,62
10350,10,2026-01-05 00:00:00,NEFT HDFCH00718010180 JM MUTUAL,-1,-1,,-2,,,,-1,1450463914,62
10351,10,2026-01-05 00:00:00,NEFT HDFCH00718163466 QUANT MUTUAL,-1,-1,,-2,,,,-1,1450498837,62
10352,10,2026-01-06 00:00:00,Recd:IMPS/600644034215/SETU/KKBK/X30,-1,-1,,-2,,,,-1,600613224826,62
10353,10,2026-01-06 00:00:00,NEFT HDFCH00720550738 INVESCO MF,-1,-1,,-2,,,,-1,1451541524,62
10354,10,2026-01-06 00:00:00,NEFT IN22600622850308 ICICI PRUDENTIAL,-1,-1,,-2,,,,-1,1451703193,62
10355,10,2026-01-07 00:00:00,NEFT IN22600723816289 DSP MF,-1,-1,,-2,,,,-1,1452733868,62
10356,10,2026-01-07 00:00:00,NEFT HDFCH00724038436 TMF,-1,-1,,-2,,,,-1,1452814278,62
10357,10,2026-01-07 00:00:00,NEFT CITIN26602835794 BANDHAN,-1,-1,,-2,,,,-1,1452911697,62
10358,10,2026-01-07 00:00:00,NEFT IN22600724200410 EDELWEISS,-1,-1,,-2,,,,-1,1452962831,62
10359,10,2026-01-08 00:00:00,NEFT HDFCH00728348935 MOTILAL,-1,-1,,-2,,,,-1,1454163566,62
10360,10,2026-01-24 00:00:00,Recd:IMPS/602493313047/API,-1,-1,,-2,,,,-1,602402185582,62
10361,4,2026-01-27 00:00:00,NEFT HDFCH00760445456 IIFL CAPITAL,-1,-1,,-2,,,,-1,1472252112,62
10362,10,2026-02-03 00:00:00,NEFT IDFB603462997187 UTI MF PAYMENT,-1,-1,,-2,,,,-1,1480032662,62
10363,4,2026-02-03 00:00:00,NEFT HDFCH00777572872 IIFL CAPITAL,-1,-1,,-2,,,,-1,1480159438,62
10364,10,2026-02-04 00:00:00,NEFT HDFCH00780710492 JM MUTUAL,-1,-1,,-2,,,,-1,1481333548,62
10365,10,2026-02-05 00:00:00,NEFT HDFCH00783117036 INVESCO MF,-1,-1,,-2,,,,-1,1482405738,62
10366,10,2026-02-06 00:00:00,NEFT IN22603701355077 BANDHAN,-1,-1,,-2,,,,-1,1483390563,62
10367,10,2026-02-06 00:00:00,NEFT IN22603701553917 DSP MF,-1,-1,,-2,,,,-1,1483503233,62
10368,10,2026-02-06 00:00:00,NEFT HDFCH00786208225 MOTILAL,-1,-1,,-2,,,,-1,1483597792,62
10369,10,2026-02-06 00:00:00,NEFT HDFCH00786586756 QUANT MUTUAL,-1,-1,,-2,,,,-1,1483675733,62
10370,10,2026-02-06 00:00:00,NEFT IN22603701811655 ICICI PRUDENTIAL,-1,-1,,-2,,,,-1,1483670343,62
10371,10,2026-02-07 00:00:00,NEFT IN22603802895337 EDELWEISS,-1,-1,,-2,,,,-1,1484578233,62
10372,10,2026-02-09 00:00:00,NEFT HDFCH00793672171 TMF,-1,-1,,-2,,,,-1,1486799695,62
10373,10,2026-03-09 00:00:00,,-1,-1,,-2,,,,,,31
10374,10,2026-03-10 00:00:00,,-1,-1,,-2,,,,,,31
10375,6,2026-03-09 00:00:00,,-1,-1,,-2,,,,,,31
10376,6,2026-02-28 00:00:00,,-1,-1,,-2,,,,,,31
10377,6,2026-03-10 00:00:00,charger,-1,-1,,-2,,,,,,31
10378,4,2026-03-09 00:00:00,,-1,-1,,-2,,,,,,31
10379,6,2026-03-09 00:00:00,pnb car loan charges,-1,-1,,-2,,,,,,31
10380,10,2026-03-09 00:00:00,brokerage all,-1,-1,,-2,,,,,,31
10381,6,2026-02-27 00:00:00,cred credit card,-1,-1,,-2,,,,,,31
10382,4,2026-03-31 00:00:00,,-1,-1,,-2,,,,,,36
10383,10,2026-02-28 00:00:00,,-1,-1,,-2,,,,,,31
10384,10,2026-02-28 00:00:00,,-1,-1,,-2,,,,,,30
10385,4,2026-03-07 00:00:00,,-1,-1,,-2,,,,,,30
10386,6,2026-03-08 00:00:00,,-1,-1,,-2,,,,,,30
10387,4,2026-03-08 00:00:00,,-1,-1,,-2,,,,,,29
10388,6,2026-03-02 00:00:00,,-1,-1,,-2,,,,,,29
10389,10,2026-03-07 00:00:00,,-1,-1,,-2,,,,,,29
10390,10,2026-02-28 00:00:00,,-1,-1,,-2,,,,,,29
10391,10,2026-03-07 00:00:00,,-1,-1,,-2,,,,,,36
10392,10,2026-02-28 00:00:00,,-1,-1,,-2,,,,,,36
10393,4,2026-03-31 00:00:00,,-1,-1,,-2,,,,,,30
10394,4,2026-03-31 00:00:00,,-1,-1,,-2,,,,,,31
10395,4,2026-03-31 00:00:00,,-1,-1,,-2,,,,,,29
10396,6,2026-03-11 00:00:00,,-1,-1,,-2,,,,,,31
10397,6,2026-03-11 00:00:00,,-1,-1,,-2,,,,,,30
10398,4,2026-02-10 00:00:00,apr,-1,-1,,-2,,,,,,36
10399,4,2026-03-11 00:00:00,,-1,-1,,-2,,,,,,36
10400,6,2026-03-11 00:00:00,,-1,-1,,-2,,,,,,36
10401,4,2026-03-31 00:00:00,,-1,-1,,-2,,,,,,30
10402,4,2026-03-31 00:00:00,,-1,-1,,-2,,,,,,32
10403,4,2026-03-11 00:00:00,,-1,-1,,-2,,,,,,30
10406,4,2025-03-31 00:00:00,Year end JV to tranfer to capital account,-1,-1,,-2,,,,,,61
10407,4,2025-03-31 00:00:00,Year end JV to tranfer to capital account,-1,-1,,-2,,,,,,61
10408,4,2024-03-31 00:00:00,Year end JV to tranfer to capital account,-1,-1,,-2,,,,,,61
10409,4,2024-03-31 00:00:00,Year end JV to tranfer to capital account,-1,-1,,-2,,,,,,61
10410,6,2026-03-16 00:00:00,,-1,-1,,-2,,,,,,31
10411,6,2026-03-15 00:00:00,irctc,-1,-1,,-2,,,,,,30
10412,10,2026-03-13 00:00:00,,-1,-1,,-2,,,,,,30
10413,10,2026-03-13 00:00:00,CAR SALE,-1,-1,,-2,,,,,,30
10414,6,2026-03-12 00:00:00,TATA,-1,-1,,-2,,,,,,30
10415,10,2026-03-11 00:00:00,,-1,-1,,-2,,,,,,30
10416,10,2026-03-11 00:00:00,CAR SALE,-1,-1,,-2,,,,,,30
10417,4,2026-03-17 00:00:00,,-1,-1,,-2,,,,,,29
10419,4,2026-03-16 00:00:00,,-1,-1,,-2,,,,,,36
10420,10,2026-03-12 00:00:00,,-1,-1,,-2,,,,,,36
10421,10,2026-03-11 00:00:00,,-1,-1,,-2,,,,,,36
10422,10,2026-03-16 00:00:00,,-1,-1,,-2,,,,,,36
10423,6,2026-03-17 00:00:00,,-1,-1,,-2,,,,,,36
10424,6,2026-03-16 00:00:00,,-1,-1,,-2,,,,,,36
10425,6,2026-03-09 00:00:00,,-1,-1,,-2,,,,,,62
10426,4,2019-04-01 00:00:00,Anantraj (Qty - 500) iepf date shown of the year 1990 @ 10/- per share,-1,-1,,-2,,,,,,29
10427,4,2019-04-01 00:00:00,,-1,-1,,-2,,,,,,30
10428,4,2026-03-20 00:00:00,robin,-1,-1,,-2,,,,,,36
10429,4,2026-03-20 00:00:00,robin,-1,-1,,-2,,,,,,36
10430,4,2026-03-21 00:00:00,,-1,-1,,-2,,,,,,30
10431,10,2026-03-25 00:00:00,,-1,-1,,-2,,,,,,32
10432,6,2026-03-19 00:00:00,,-1,-1,,-2,,,,,,32
10433,6,2026-02-27 00:00:00,,-1,-1,,-2,,,,,,32
10434,6,2026-02-25 00:00:00,,-1,-1,,-2,,,,,,32
10435,6,2026-02-16 00:00:00,,-1,-1,,-2,,,,,,32
10436,6,2026-02-11 00:00:00,,-1,-1,,-2,,,,,,32
10437,10,2026-03-25 00:00:00,,-1,-1,,-2,,,,,,31
10438,4,2026-03-25 00:00:00,,-1,-1,,-2,,,,,,31
10439,6,2026-03-20 00:00:00,,-1,-1,,-2,,,,,,31
10440,10,2026-03-20 00:00:00,fastag surrender,-1,-1,,-2,,,,,,31
10441,10,2026-03-26 00:00:00,,-1,-1,,-2,,,,,,31
10442,10,2026-03-25 00:00:00,,-1,-1,,-2,,,,,,31
10443,6,2026-03-24 00:00:00,,-1,-1,,-2,,,,,,31
10444,10,2025-12-15 00:00:00,,-1,-1,,-2,,,,,,32
10445,4,2025-12-24 00:00:00,,-1,-1,,-2,,,,,,32
10447,6,2026-03-24 00:00:00,,-1,-1,,-2,,,,,,30
10448,6,2026-03-24 00:00:00,,-1,-1,,-2,,,,,,30
10449,6,2026-03-27 00:00:00,fastag,-1,-1,,-2,,,,,,31
10450,6,2026-03-27 00:00:00,,-1,-1,,-2,,,,,,31
10451,10,2026-03-28 00:00:00,,-1,-1,,-2,,,,,,30
10452,10,2026-03-27 00:00:00,amazon,-1,-1,,-2,,,,,,29
10453,6,2026-03-24 00:00:00,,-1,-1,,-2,,,,,,36
10454,10,2026-03-09 00:00:00,total brok,-1,-1,,-2,,,,,,62
10455,10,2026-03-26 00:00:00,,-1,-1,,-2,,,,,,31
10456,10,2026-03-25 00:00:00,,-1,-1,,-2,,,,,,29
10457,10,2026-03-25 00:00:00,,-1,-1,,-2,,,,,,36
10458,6,2026-03-23 00:00:00,,-1,-1,,-2,,,,,,36
10459,4,2026-03-30 00:00:00,,-1,-1,,-2,,,,,,31
10460,10,2026-03-30 00:00:00,,-1,-1,,-2,,,,,,36
10461,6,2026-03-30 00:00:00,,-1,-1,,-2,,,,,,31
10462,6,2026-03-30 00:00:00,,-1,-1,,-2,,,,,,31
10463,10,2026-03-30 00:00:00,,-1,-1,,-2,,,,,,36
10464,6,2026-03-30 00:00:00,,-1,-1,,-2,,,,,,30
10465,4,2026-03-30 00:00:00,,-1,-1,,-2,,,,,,30
10466,4,2026-03-31 00:00:00,,-1,-1,,-2,,,,,,31
10467,4,2026-03-31 00:00:00,,-1,-1,,-2,,,,,,30
10468,4,2026-03-31 00:00:00,,-1,-1,,-2,,,,,,36
10469,4,2025-10-31 00:00:00,,-1,-1,,-2,,,,,,32
10470,4,2026-03-27 00:00:00,,-1,-1,,-2,,,,,,29
10471,4,2026-03-27 00:00:00,,-1,-1,,-2,,,,,,30
10472,4,2026-03-30 00:00:00,prudent contest,-1,-1,,-2,,,,,,30
