VID,VTYP,DT,NARR,PMS_TransID,CNID,ACCTLIST,EXTID_SOURCE,PFID,AType,SID,IMP_REC_ID,CHQNO,ACID
1,4,2024-06-10 00:00:00,Quantity bought 35.904 @278.52,11428,-1,,-1,64,60,2791,,,61
2,4,2024-06-10 00:00:00,Quantity bought 37.464 @266.92,11429,-1,,-1,64,60,2792,,,61
3,4,2024-06-15 00:00:00,Quantity bought 25.281 @395.55,11607,-1,,-1,64,60,2809,,,61
4,4,2024-06-21 00:00:00,Quantity bought 35.01 @285.63,11625,-1,,-1,64,60,2791,,,61
5,4,2024-06-21 00:00:00,Quantity bought 37.056 @269.86,11626,-1,,-1,64,60,2792,,,61
6,4,2024-06-24 00:00:00,Quantity bought 24.787 @403.44,11627,-1,,-1,64,60,2809,,,61
7,4,2024-07-30 00:00:00,Quantity bought 82.447 @121.29,11929,-1,,-1,64,60,2869,,,61
8,4,2024-07-31 00:00:00,Quantity bought 173.302 @57.70,11930,-1,,-1,64,60,2870,,,61
9,4,2024-08-06 00:00:00,Quantity bought 85.171 @117.41,12073,-1,,-1,64,60,2869,,,61
10,4,2024-08-07 00:00:00,Quantity bought 176.888 @56.53,12074,-1,,-1,64,60,2870,,,61
11,4,2025-09-29 00:00:00,Quantity sold 70.914  @ 272.84,14198,-1,,-1,64,60,2791,,,61
12,4,2025-09-29 00:00:00,Quantity sold 74.52  @ 230.02,14199,-1,,-1,64,60,2792,,,61
13,4,2025-09-29 00:00:00,Quantity sold 167.618  @ 110.60,14197,-1,,-1,64,60,2869,,,61
14,4,2025-09-30 00:00:00,Quantity bought 998.367 @35.06,14509,-1,,-1,64,60,3067,,,61
15,4,2026-02-13 00:00:00,Quantity bought 545.866 @18.32,14573,-1,,-1,64,60,3083,,,61
16,4,2026-02-13 00:00:00,Quantity bought 2620.139 @9.54,14574,-1,,-1,64,60,3084,,,61
17,4,2026-02-13 00:00:00,Quantity bought 1113.555 @8.98,14575,-1,,-1,64,60,3085,,,61
18,4,2018-10-05 00:00:00,Quantity bought 4.574 @437.25,6731,-1,,-1,37,60,1589,,,36
19,4,2018-11-12 00:00:00,Quantity bought 4.374 @451.53,6732,-1,,-1,37,60,1589,,,36
20,4,2018-12-10 00:00:00,Quantity bought 4.466 @442.23,6733,-1,,-1,37,60,1589,,,36
21,4,2019-01-10 00:00:00,Quantity bought 4.24 @465.80,6734,-1,,-1,37,60,1589,,,36
22,4,2019-02-11 00:00:00,Quantity bought 4.325 @456.65,6735,-1,,-1,37,60,1589,,,36
23,4,2019-03-11 00:00:00,Quantity bought 4.184 @478.01,6736,-1,,-1,37,60,1589,,,36
24,4,2019-04-10 00:00:00,Quantity bought 4.022 @497.27,6719,-1,,-1,37,60,1589,,,36
25,4,2019-05-10 00:00:00,Quantity bought 4.141 @482.98,6720,-1,,-1,37,60,1589,,,36
26,4,2019-06-10 00:00:00,Quantity bought 3.908 @511.77,6721,-1,,-1,37,60,1589,,,36
27,4,2019-07-10 00:00:00,Quantity bought 4.004 @499.50,6722,-1,,-1,37,60,1589,,,36
28,4,2019-08-13 00:00:00,Quantity bought 4.342 @460.62,6723,-1,,-1,37,60,1589,,,36
29,4,2019-09-11 00:00:00,Quantity bought 4.274 @467.95,6724,-1,,-1,37,60,1589,,,36
30,4,2019-10-10 00:00:00,Quantity bought 4.306 @464.47,6725,-1,,-1,37,60,1589,,,36
31,4,2019-11-11 00:00:00,Quantity bought 4.029 @496.40,6726,-1,,-1,37,60,1589,,,36
32,4,2019-12-10 00:00:00,Quantity bought 4.128 @484.50,6727,-1,,-1,37,60,1589,,,36
33,4,2020-01-10 00:00:00,Quantity bought 3.978 @502.77,6728,-1,,-1,37,60,1589,,,36
34,4,2020-02-10 00:00:00,Quantity bought 4.118 @485.67,6729,-1,,-1,37,60,1589,,,36
35,4,2020-03-11 00:00:00,Quantity bought 4.856 @411.86,6730,-1,,-1,37,60,1589,,,36
36,4,2020-04-13 00:00:00,Quantity bought 5.548 @360.49,6714,-1,,-1,37,60,1589,,,36
37,4,2020-08-10 00:00:00,Quantity bought 4.596 @435.14,6715,-1,,-1,37,60,1589,,,36
38,4,2020-09-10 00:00:00,Quantity bought 4.58 @436.66,6716,-1,,-1,37,60,1589,,,36
39,4,2020-10-12 00:00:00,Quantity bought 4.538 @440.70,6717,-1,,-1,37,60,1589,,,36
40,4,2020-11-10 00:00:00,Quantity bought 4.227 @473.13,6718,-1,,-1,37,60,1589,,,36
41,4,2021-03-16 00:00:00,Quantity sold 99.758  @ 591.42,6748,-1,,-1,37,60,1589,,,36
42,4,2021-03-22 00:00:00,Quantity bought 748.442 @66.81,6934,-1,,-1,40,60,1639,,,36
43,4,2021-03-22 00:00:00,Quantity bought 3660.943 @27.32,6933,-1,,-1,40,60,1653,,,36
44,4,2021-05-05 00:00:00,Quantity bought 23.822 @41.98,6982,-1,,-1,40,60,1667,,,36
45,4,2021-05-10 00:00:00,Quantity bought 28.593 @87.43,7023,-1,,-1,40,60,1683,,,36
46,4,2021-06-10 00:00:00,Quantity bought 26.63 @93.88,7131,-1,,-1,40,60,1683,,,36
47,4,2021-06-14 00:00:00,Quantity bought 112.667 @44.38,7103,-1,,-1,40,60,1667,,,36
48,4,2021-06-21 00:00:00,"Quantity bought 108.627 @2,301.45",7102,-1,,-1,40,60,1720,,,36
49,4,2021-07-01 00:00:00,Investment for PPF - Krisha - ,7092,61,,-1,40,120,1714,,,36
50,4,2021-07-12 00:00:00,Quantity bought 25.901 @96.52,7132,-1,,-1,40,60,1683,,,36
51,4,2021-07-14 00:00:00,Quantity bought 106.374 @47.00,7108,-1,,-1,40,60,1667,,,36
52,4,2021-07-16 00:00:00,Investment for PPF - Krisha - ,7172,61,,-1,40,120,1714,,,36
53,4,2021-07-23 00:00:00,Quantity bought 23.679 @42.23,7147,-1,,-1,40,60,1736,,,36
54,4,2021-07-30 00:00:00,Investment for PPF - Krisha - ,7171,61,,-1,40,120,1714,,,36
55,4,2021-08-10 00:00:00,Quantity bought 24.99 @100.04,7178,-1,,-1,40,60,1683,,,36
56,4,2021-08-12 00:00:00,Quantity bought 103.206 @48.45,7173,-1,,-1,40,60,1667,,,36
57,4,2021-08-28 00:00:00,Quantity bought 22.035 @45.38,7193,-1,,-1,40,60,1736,,,36
58,4,2021-09-13 00:00:00,Quantity bought 23.538 @106.21,7439,-1,,-1,40,60,1683,,,36
59,4,2021-09-14 00:00:00,Quantity bought 96.451 @51.84,7211,-1,,-1,40,60,1667,,,36
60,4,2021-09-28 00:00:00,Quantity bought 21.705 @46.07,7411,-1,,-1,40,60,1736,,,36
61,4,2021-10-06 00:00:00,Quantity bought 18.997 @52.64,7236,-1,,-1,40,60,1757,,,36
62,4,2021-10-11 00:00:00,Quantity bought 22.787 @109.71,7386,-1,,-1,40,60,1683,,,36
63,4,2021-10-16 00:00:00,Interest (Payout) from Indian Railway Finance Corporation NCD NJ 7.53% 21/12/2030 (ISIN INE053F07835) (),7387,-1,,-1,40,40,1669,,,36
64,4,2021-11-10 00:00:00,Quantity bought 22.565 @110.79,7406,-1,,-1,40,60,1683,,,36
65,4,2021-11-16 00:00:00,Quantity bought 90.68 @55.14,7443,-1,,-1,40,60,1757,,,36
66,4,2021-12-10 00:00:00,Quantity bought 23.248 @107.54,7480,-1,,-1,40,60,1683,,,36
67,4,2021-12-16 00:00:00,Quantity bought 91.92 @54.40,7457,-1,,-1,40,60,1757,,,36
68,4,2022-01-10 00:00:00,Quantity bought 22.653 @110.36,7479,-1,,-1,40,60,1683,,,36
69,4,2022-01-14 00:00:00,Quantity bought 91.525 @54.63,7483,-1,,-1,40,60,1757,,,36
70,4,2022-02-08 00:00:00,Interest (Payout) from Housing & Urban Development Corporation NCD 7.64% 08/02/2031 (ISIN INE031A07AO5) ( hudco tax free),7556,-1,,-1,40,40,1668,,,36
71,4,2022-02-10 00:00:00,Quantity bought 23.374 @106.96,7507,-1,,-1,40,60,1683,,,36
72,4,2022-02-13 00:00:00,Quantity bought 96.104 @52.03,7523,-1,,-1,40,60,1757,,,36
73,4,2022-03-10 00:00:00,Quantity bought 25.185 @99.27,7557,-1,,-1,40,60,1683,,,36
74,4,2022-03-15 00:00:00,Quantity bought 101.087 @49.46,7567,-1,,-1,40,60,1757,,,36
75,4,2022-03-31 00:00:00,Interest (Cumulative) : ,7691,-1,,-1,40,120,1714,,,36
76,4,2022-04-04 00:00:00,Investment for PPF - Krisha - ,7709,61,,-1,40,120,1714,,,36
77,4,2022-04-11 00:00:00,Quantity bought 23.697 @105.50,7741,-1,,-1,40,60,1683,,,36
78,4,2022-04-18 00:00:00,Quantity bought 96.769 @51.67,7748,-1,,-1,40,60,1757,,,36
79,4,2022-05-10 00:00:00,Quantity bought 26.595 @94.00,7946,-1,,-1,40,60,1683,,,36
80,4,2022-05-17 00:00:00,Quantity bought 103.486 @48.32,7872,-1,,-1,40,60,1757,,,36
81,4,2022-05-31 00:00:00,"Quantity sold 108.627  @ 2,378.85",7908,-1,,-1,40,60,1720,,,36
82,4,2022-06-10 00:00:00,Quantity bought 26.568 @94.10,7947,-1,,-1,40,60,1683,,,36
83,4,2022-06-17 00:00:00,Interest (Payout) from G-Sec 6.99% GS 2051 (ISIN IN0020210194) (),11971,-1,,-1,40,40,2878,,,36
84,4,2022-07-11 00:00:00,Quantity bought 25.669 @97.39,8068,-1,,-1,40,60,1683,,,36
85,4,2022-08-10 00:00:00,Quantity bought 23.55 @106.16,8130,-1,,-1,40,60,1683,,,36
86,4,2022-08-16 00:00:00,Quantity bought 289.114 @25.94,8159,-1,,-1,40,60,1927,,,36
87,4,2022-08-16 00:00:00,Quantity sold 67.419  @ 45.98,8158,-1,,-1,40,60,1736,,,36
88,4,2022-08-19 00:00:00,Quantity bought 120.382 @25.75,8160,-1,,-1,40,60,1927,,,36
89,4,2022-08-29 00:00:00,Quantity bought 73.045 @26.01,8187,-1,,-1,40,60,1927,,,36
90,4,2022-09-12 00:00:00,Quantity bought 23.212 @107.70,8263,-1,,-1,40,60,1683,,,36
91,4,2022-10-06 00:00:00,Quantity bought 757.741 @65.99,8335,-1,,-1,40,60,1948,,,36
92,4,2022-10-10 00:00:00,Quantity bought 24.343 @102.70,8352,-1,,-1,40,60,1683,,,36
93,4,2022-11-09 00:00:00,Quantity bought 360.83 @69.28,8390,-1,,-1,40,60,1948,,,36
94,4,2022-11-21 00:00:00,Quantity bought 1911.219 @26.16,8406,-1,,-1,40,60,1927,,,36
95,4,2022-11-23 00:00:00,Interest (Payout) from G-Sec 7.54% GS 2036 (ISIN IN0020220029) (),11966,-1,,-1,40,40,2877,,,36
96,4,2022-12-07 00:00:00,Quantity bought 70.887 @70.53,8522,-1,,-1,40,60,1948,,,36
97,4,2022-12-12 00:00:00,Quantity bought 22.872 @109.30,8686,-1,,-1,40,60,1683,,,36
98,4,2022-12-14 00:00:00,Quantity bought 69.588 @71.85,8535,-1,,-1,40,60,1948,,,36
99,4,2022-12-15 00:00:00,Quantity bought 95.463 @52.38,8536,-1,,-1,40,60,1757,,,36
100,4,2022-12-15 00:00:00,Interest (Payout) from G-Sec 6.99% GS 2051 (ISIN IN0020210194) (),11972,-1,,-1,40,40,2878,,,36
101,4,2022-12-21 00:00:00,Quantity bought 72.799 @68.68,8580,-1,,-1,40,60,1948,,,36
102,4,2022-12-28 00:00:00,Quantity bought 73.191 @68.31,8581,-1,,-1,40,60,1948,,,36
103,4,2023-01-04 00:00:00,Quantity bought 72.708 @68.77,8584,-1,,-1,40,60,1948,,,36
104,4,2023-01-10 00:00:00,Quantity bought 23.554 @106.14,8670,-1,,-1,40,60,1683,,,36
105,4,2023-01-10 00:00:00,Quantity bought 364.897 @68.51,8592,-1,,-1,40,60,1948,,,36
106,4,2023-01-11 00:00:00,Quantity bought 72.979 @68.51,8593,-1,,-1,40,60,1948,,,36
107,4,2023-01-18 00:00:00,Quantity bought 72.539 @68.93,8603,-1,,-1,40,60,1948,,,36
108,4,2023-01-25 00:00:00,Quantity bought 74.543 @67.08,8605,-1,,-1,40,60,1948,,,36
109,4,2023-01-25 00:00:00,Quantity bought 707.325 @141.38,8606,-1,,-1,40,60,2096,,,36
110,4,2023-01-27 00:00:00,Quantity bought 354.131 @141.19,8631,-1,,-1,40,60,2096,,,36
111,4,2023-02-01 00:00:00,Quantity bought 77.559 @64.47,8637,-1,,-1,40,60,1948,,,36
112,4,2023-02-08 00:00:00,Quantity bought 77.247 @64.73,8640,-1,,-1,40,60,1948,,,36
113,4,2023-02-08 00:00:00,Interest (Payout) from Housing & Urban Development Corporation NCD 7.64% 08/02/2031 (ISIN INE031A07AO5) (),8687,-1,,-1,40,40,1668,,,36
114,4,2023-02-10 00:00:00,Quantity bought 24.01 @104.12,8671,-1,,-1,40,60,1683,,,36
115,4,2023-02-15 00:00:00,Quantity bought 76.73 @65.16,8641,-1,,-1,40,60,1948,,,36
116,4,2023-02-22 00:00:00,Quantity bought 78.196 @63.94,8679,-1,,-1,40,60,1948,,,36
117,4,2023-03-01 00:00:00,Quantity bought 78.526 @63.67,8680,-1,,-1,40,60,1948,,,36
118,4,2023-03-08 00:00:00,Quantity bought 76.524 @65.34,8681,-1,,-1,40,60,1948,,,36
119,4,2023-03-10 00:00:00,Quantity bought 24.674 @101.32,8731,-1,,-1,40,60,1683,,,36
120,4,2023-03-10 00:00:00,Quantity bought 24.674 @101.32,8720,-1,,-1,40,60,2127,,,36
121,4,2023-03-10 00:00:00,Quantity bought 78.371 @63.80,8721,-1,,-1,40,60,2128,,,36
122,4,2023-03-15 00:00:00,Quantity bought 79.103 @63.21,8701,-1,,-1,40,60,1948,,,36
123,4,2023-03-22 00:00:00,Quantity bought 79.566 @62.84,8722,-1,,-1,40,60,1948,,,36
124,4,2023-03-31 00:00:00,Interest (Cumulative) : ,8744,-1,,-1,40,120,1714,,,36
125,4,2023-04-11 00:00:00,Dividend Payout from SBI Cards & Payment Services (),10609,-1,,-1,40,50,1957,,,36
126,4,2023-04-24 00:00:00,Quantity bought 26.211 @143.07,8850,-1,,-1,40,60,2096,,,36
127,4,2023-04-26 00:00:00,Quantity bought 75.631 @66.11,8851,-1,,-1,40,60,2128,,,36
128,4,2023-05-02 00:00:00,Quantity bought 25.427 @147.48,8852,-1,,-1,40,60,2096,,,36
129,4,2023-05-03 00:00:00,Quantity bought 73.833 @67.72,8861,-1,,-1,40,60,2128,,,36
130,4,2023-05-08 00:00:00,Quantity bought 25.452 @147.34,8862,-1,,-1,40,60,2096,,,36
131,4,2023-05-10 00:00:00,Quantity bought 23.178 @107.86,8863,-1,,-1,40,60,2127,,,36
132,4,2023-05-10 00:00:00,Quantity bought 73.543 @67.99,8864,-1,,-1,40,60,2128,,,36
133,4,2023-05-15 00:00:00,Quantity bought 25.683 @146.01,8865,-1,,-1,40,60,2096,,,36
134,4,2023-05-17 00:00:00,Quantity bought 73.647 @67.89,8866,-1,,-1,40,60,2128,,,36
135,4,2023-05-22 00:00:00,Quantity bought 25.808 @145.30,8916,-1,,-1,40,60,2096,,,36
136,4,2023-05-24 00:00:00,Quantity bought 74.121 @67.46,8926,-1,,-1,40,60,2128,,,36
137,4,2023-05-24 00:00:00,Interest (Payout) from G-Sec 7.54% GS 2036 (ISIN IN0020220029) (),11967,-1,,-1,40,40,2877,,,36
138,4,2023-05-26 00:00:00,Quantity bought 818.761 @36.64,8951,-1,,-1,40,60,2379,,,36
139,4,2023-05-29 00:00:00,Quantity bought 25.472 @147.22,8952,-1,,-1,40,60,2096,,,36
140,4,2023-05-31 00:00:00,Quantity bought 72.974 @68.52,8953,-1,,-1,40,60,2128,,,36
141,4,2023-05-31 00:00:00,Dividend Payout from HDFC Life Insurance Company (),10608,-1,,-1,40,50,1751,,,36
142,4,2023-06-05 00:00:00,Quantity bought 25.019 @149.89,9004,-1,,-1,40,60,2096,,,36
143,4,2023-06-05 00:00:00,Quantity sold 136.27  @ 36.69,9003,-1,,-1,40,60,2379,,,36
144,4,2023-06-06 00:00:00,Quantity bought 30.169 @165.73,9005,-1,,-1,40,60,2270,,,36
145,4,2023-06-12 00:00:00,Quantity bought 24.78 @151.33,9082,-1,,-1,40,60,2096,,,36
146,4,2023-06-14 00:00:00,Dividend Payout from State Bank Of India (),10607,-1,,-1,40,50,1919,,,36
147,4,2023-06-15 00:00:00,Interest (Payout) from G-Sec 6.99% GS 2051 (ISIN IN0020210194) (),11973,-1,,-1,40,40,2878,,,36
148,4,2023-06-19 00:00:00,Quantity bought 24.259 @154.58,9145,-1,,-1,40,60,2096,,,36
149,4,2023-06-20 00:00:00,Quantity sold 135.908  @ 36.79,9148,-1,,-1,40,60,2379,,,36
150,4,2023-06-21 00:00:00,Quantity bought 29.181 @171.34,9151,-1,,-1,40,60,2270,,,36
151,4,2023-06-21 00:00:00,Dividend Payout from Tata Power Company (),10606,-1,,-1,40,50,1911,,,36
152,4,2023-06-26 00:00:00,Quantity bought 24.366 @153.90,9399,-1,,-1,40,60,2096,,,36
153,4,2023-06-29 00:00:00,Dividend Payout from Tata Investment Corporation (),10766,-1,,-1,40,50,1934,,,36
154,4,2023-06-30 00:00:00,Dividend Payout from Canara Bank (),10767,-1,,-1,40,50,1969,,,36
155,4,2023-07-03 00:00:00,Quantity bought 23.673 @158.41,9400,-1,,-1,40,60,2096,,,36
156,4,2023-07-03 00:00:00,Dividend Payout from Tata Consultancy Services (),10769,-1,,-1,40,50,1758,,,36
157,4,2023-07-03 00:00:00,Dividend Payout from Infosys (),10768,-1,,-1,40,50,1931,,,36
158,4,2023-07-05 00:00:00,Quantity sold 135.523  @ 36.89,9473,-1,,-1,40,60,2379,,,36
159,4,2023-07-06 00:00:00,Quantity bought 28.611 @174.76,9430,-1,,-1,40,60,2270,,,36
160,4,2023-07-10 00:00:00,Quantity bought 23.431 @160.04,9474,-1,,-1,40,60,2096,,,36
161,4,2023-07-10 00:00:00,"Quantity bought 11.091 @4,508.16",9539,-1,,-1,40,60,2405,,,36
162,4,2023-07-12 00:00:00,"Quantity bought 4.175 @3,592.81",9540,-1,,-1,40,60,2406,,,36
163,4,2023-07-13 00:00:00,HDFC Limited merged into HDFC Bank,11755,-1,,-1,40,50,1918,,,36
164,4,2023-07-13 00:00:00,"Quantity bought 2.671 @5,615.87",9541,-1,,-1,40,60,2407,,,36
165,4,2023-07-17 00:00:00,Quantity bought 22.976 @163.21,9820,-1,,-1,40,60,2096,,,36
166,4,2023-07-20 00:00:00,Quantity sold 135.151  @ 37.00,9821,-1,,-1,40,60,2379,,,36
167,4,2023-07-21 00:00:00,Quantity bought 27.719 @180.38,9822,-1,,-1,40,60,2270,,,36
168,4,2023-07-25 00:00:00,Dividend Payout from L&T Technology Services (),10770,-1,,-1,40,50,1935,,,36
169,4,2023-07-26 00:00:00,"Quantity sold 0.774  @ 4,521.96",9823,-1,,-1,40,60,2405,,,36
170,4,2023-07-27 00:00:00,"Quantity bought 25.012 @1,399.33",9827,-1,,-1,40,60,2495,,,36
171,4,2023-07-27 00:00:00,"Quantity bought 2.501 @1,399.44",9828,-1,,-1,40,60,2495,,,36
172,4,2023-07-29 00:00:00,Dividend Payout from HDFC Life Insurance Company (),10771,-1,,-1,40,50,1751,,,36
173,4,2023-08-02 00:00:00,"Quantity sold 0.773  @ 4,527.81",9889,-1,,-1,40,60,2405,,,36
174,4,2023-08-03 00:00:00,"Quantity bought 2.515 @1,391.65",9890,-1,,-1,40,60,2495,,,36
175,4,2023-08-07 00:00:00,Dividend Payout from Tata Consultancy Services (),10773,-1,,-1,40,50,1758,,,36
176,4,2023-08-07 00:00:00,Dividend Payout from Mahindra & Mahindra (),10772,-1,,-1,40,50,1955,,,36
177,4,2023-08-07 00:00:00,Quantity sold 134.714  @ 37.12,9891,-1,,-1,40,60,2379,,,36
178,4,2023-08-08 00:00:00,Quantity bought 26.937 @185.62,9892,-1,,-1,40,60,2270,,,36
179,4,2023-08-09 00:00:00,"Quantity sold 0.772  @ 4,533.68",9893,-1,,-1,40,60,2405,,,36
180,4,2023-08-10 00:00:00,"Quantity bought 2.481 @1,410.72",9894,-1,,-1,40,60,2495,,,36
181,4,2023-08-12 00:00:00,Dividend Payout from Kotak Mahindra Bank (),10775,-1,,-1,40,50,1822,,,36
182,4,2023-08-14 00:00:00,"Quantity bought 24.938 @1,403.48",9909,-1,,-1,40,60,2495,,,36
183,4,2023-08-14 00:00:00,Dividend Payout from UltraTech Cement (),10774,-1,,-1,40,50,1920,,,36
184,4,2023-08-17 00:00:00,"Quantity sold 0.771  @ 4,539.56",9910,-1,,-1,40,60,2405,,,36
185,4,2023-08-18 00:00:00,"Quantity bought 2.499 @1,400.56",9911,-1,,-1,40,60,2495,,,36
186,4,2023-08-21 00:00:00,Quantity sold 134.383  @ 37.21,11635,-1,,-1,40,60,2379,,,36
187,4,2023-08-22 00:00:00,Quantity bought 26.418 @189.26,9935,-1,,-1,40,60,2270,,,36
188,4,2023-08-23 00:00:00,"Quantity sold 0.77  @ 4,545.45",9936,-1,,-1,40,60,2405,,,36
189,4,2023-08-24 00:00:00,"Quantity bought 2.47 @1,417.00",9937,-1,,-1,40,60,2495,,,36
190,4,2023-08-25 00:00:00,Dividend Payout from Computer Age Management Services (),10776,-1,,-1,40,50,1960,,,36
191,4,2023-08-29 00:00:00,Dividend Payout from Computer Age Management Services (),10777,-1,,-1,40,50,1960,,,36
192,4,2023-08-30 00:00:00,"Quantity sold 0.769  @ 4,551.37",9963,-1,,-1,40,60,2405,,,36
193,4,2023-08-31 00:00:00,"Quantity bought 2.474 @1,414.71",9964,-1,,-1,40,60,2495,,,36
194,4,2023-09-01 00:00:00,Dividend Payout from Life Insurance Corporation of India (LIC) (),10778,-1,,-1,40,50,1970,,,36
195,4,2023-09-06 00:00:00,"Quantity sold 0.768  @ 4,557.29",9965,-1,,-1,40,60,2405,,,36
196,4,2023-09-07 00:00:00,"Quantity bought 2.412 @1,451.08",9966,-1,,-1,40,60,2495,,,36
197,4,2023-09-13 00:00:00,"Quantity sold 0.767  @ 4,563.23",10034,-1,,-1,40,60,2405,,,36
198,4,2023-09-14 00:00:00,"Quantity bought 2.383 @1,468.74",10035,-1,,-1,40,60,2495,,,36
199,4,2023-09-20 00:00:00,"Quantity sold 0.766  @ 4,569.19",10036,-1,,-1,40,60,2405,,,36
200,4,2023-09-21 00:00:00,"Quantity bought 2.417 @1,448.08",10057,-1,,-1,40,60,2495,,,36
201,4,2023-09-22 00:00:00,Dividend Payout from GMM Pfaudler (),10779,-1,,-1,40,50,1922,,,36
202,4,2023-09-26 00:00:00,Dividend Payout from Ganesha Ecosphere (),10780,-1,,-1,40,50,2511,,,36
203,4,2023-09-26 00:00:00,Dividend Payout from Gokaldas Exports (),10781,-1,,-1,40,50,2521,,,36
204,4,2023-09-28 00:00:00,"Quantity sold 0.765  @ 4,575.16",10067,-1,,-1,40,60,2405,,,36
205,4,2023-09-29 00:00:00,"Quantity bought 2.426 @1,442.70",10080,-1,,-1,40,60,2495,,,36
206,4,2023-09-29 00:00:00,Dividend Payout from Mold-Tek Technologies (),10782,-1,,-1,40,50,2518,,,36
207,4,2023-09-29 00:00:00,Dividend Payout from Hindware Home Innovation (),10783,-1,,-1,40,50,2526,,,36
208,4,2023-10-03 00:00:00,Dividend Payout from Techno Electric & Engg. (),10784,-1,,-1,40,50,2508,,,36
209,4,2023-10-04 00:00:00,"Quantity sold 0.764  @ 4,581.15",10081,-1,,-1,40,60,2405,,,36
210,4,2023-10-05 00:00:00,"Quantity bought 2.444 @1,432.08",10115,-1,,-1,40,60,2495,,,36
211,4,2023-10-08 00:00:00,Dividend Payout from HBL Engineering (),10789,-1,,-1,40,50,2514,,,36
212,4,2023-10-09 00:00:00,Dividend Payout from Shivalik Bimetal Controls (),10785,-1,,-1,40,50,2510,,,36
213,4,2023-10-11 00:00:00,"Quantity sold 0.763  @ 4,587.16",10116,-1,,-1,40,60,2405,,,36
214,4,2023-10-12 00:00:00,"Quantity bought 2.421 @1,445.68",10154,-1,,-1,40,60,2495,,,36
215,4,2023-10-12 00:00:00,Dividend Payout from Goodluck India (),10786,-1,,-1,40,50,2519,,,36
216,4,2023-10-13 00:00:00,Dividend Payout from KDDL Limited (),10787,-1,,-1,40,50,2520,,,36
217,4,2023-10-18 00:00:00,"Quantity sold 0.762  @ 4,593.18",10155,-1,,-1,40,60,2405,,,36
218,4,2023-10-19 00:00:00,"Quantity bought 2.425 @1,443.30",10156,-1,,-1,40,60,2495,,,36
219,4,2023-10-25 00:00:00,"Quantity sold 0.761  @ 4,599.21",10157,-1,,-1,40,60,2405,,,36
220,4,2023-10-26 00:00:00,"Quantity bought 2.519 @1,389.44",10186,-1,,-1,40,60,2495,,,36
221,4,2023-11-01 00:00:00,"Quantity sold 0.346  @ 4,603.50",10206,-1,,-1,40,60,2405,,,36
222,4,2023-11-02 00:00:00,"Quantity bought 1.126 @1,414.57",10207,-1,,-1,40,60,2495,,,36
223,4,2023-11-06 00:00:00,Quantity bought 132.727 @226.03,10232,-1,,-1,40,60,2604,,,36
224,4,2023-11-06 00:00:00,Dividend Payout from Infosys (),10790,-1,,-1,40,50,1931,,,36
225,4,2023-11-06 00:00:00,"Quantity sold 2.671  @ 5,738.46",11090,-1,,-1,40,60,2407,,,36
226,4,2023-11-07 00:00:00,Quantity bought 67.561 @226.87,10255,-1,,-1,40,60,2604,,,36
227,4,2023-11-07 00:00:00,Dividend Payout from Tata Consultancy Services (),10791,-1,,-1,40,50,1758,,,36
228,4,2023-11-08 00:00:00,Dividend Payout from Elecon Engineering (),10792,-1,,-1,40,50,2509,,,36
229,4,2023-11-13 00:00:00,Dividend Payout from L&T Technology Services (),10793,-1,,-1,40,50,1935,,,36
230,4,2023-11-20 00:00:00,"Quantity sold 0.815  @ 3,680.98",10256,-1,,-1,40,60,2406,,,36
231,4,2023-11-21 00:00:00,Quantity bought 9.7 @309.28,10316,-1,,-1,40,60,2620,,,36
232,4,2023-11-23 00:00:00,Interest (Payout) from G-Sec 7.54% GS 2036 (ISIN IN0020220029) (),11968,-1,,-1,40,40,2877,,,36
233,4,2023-11-28 00:00:00,Dividend Payout from Computer Age Management Services (),10794,-1,,-1,40,50,1960,,,36
234,4,2023-11-28 00:00:00,"Quantity sold 0.814  @ 3,685.50",10328,-1,,-1,40,60,2406,,,36
235,4,2023-11-29 00:00:00,Quantity bought 9.544 @314.33,10329,-1,,-1,40,60,2620,,,36
236,4,2023-12-04 00:00:00,Dividend Payout from GMM Pfaudler (),10795,-1,,-1,40,50,1922,,,36
237,4,2023-12-04 00:00:00,"Quantity sold 0.813  @ 3,690.04",10330,-1,,-1,40,60,2406,,,36
238,4,2023-12-05 00:00:00,Quantity bought 9.231 @324.99,10385,-1,,-1,40,60,2620,,,36
239,4,2023-12-11 00:00:00,"Quantity sold 0.812  @ 3,694.58",10386,-1,,-1,40,60,2406,,,36
240,4,2023-12-12 00:00:00,Quantity bought 9.178 @326.87,10387,-1,,-1,40,60,2620,,,36
241,4,2023-12-12 00:00:00,"Buyback Quantity : 7  @ 4,150.00",10346,-1,,-1,40,50,1758,,,36
242,4,2023-12-15 00:00:00,Interest (Payout) from G-Sec 6.99% GS 2051 (ISIN IN0020210194) (),11974,-1,,-1,40,40,2878,,,36
243,4,2023-12-18 00:00:00,"Quantity sold 0.921  @ 3,699.63",10461,-1,,-1,40,60,2406,,,36
244,4,2023-12-19 00:00:00,Quantity bought 10.199 @334.09,10462,-1,,-1,40,60,2620,,,36
245,4,2024-01-05 00:00:00,Dividend Payout from Tata Consultancy Services (),10797,-1,,-1,40,50,1758,,,36
246,4,2024-01-17 00:00:00,Quantity bought 503.407 @297.97,10559,-1,,-1,40,60,2643,,,36
247,4,2024-01-31 00:00:00,Dividend Payout from KDDL Limited (),10796,-1,,-1,40,50,2520,,,36
248,4,2024-02-06 00:00:00,Dividend Payout from Wipro Limited (),10798,-1,,-1,40,50,2645,,,36
249,4,2024-02-13 00:00:00,Dividend Payout from Gail India (),10800,-1,,-1,40,50,1979,,,36
250,4,2024-02-13 00:00:00,Dividend Payout from Control Print (),10799,-1,,-1,40,50,2517,,,36
251,4,2024-02-20 00:00:00,Dividend Payout from Goodluck India (),10801,-1,,-1,40,50,2519,,,36
252,4,2024-02-29 00:00:00,Dividend Payout from Centum Electronics (),11062,-1,,-1,40,50,2515,,,36
253,4,2024-03-01 00:00:00,Dividend Payout from Life Insurance Corporation of India (LIC) (),11061,-1,,-1,40,50,1970,,,36
254,4,2024-03-01 00:00:00,Dividend Payout from Shivalik Bimetal Controls (),11060,-1,,-1,40,50,2510,,,36
255,4,2024-03-06 00:00:00,Quantity sold 6.812  @ 38.64,10927,-1,,-1,40,60,2379,,,36
256,4,2024-03-22 00:00:00,Quantity sold 2393.76  @ 35.04,11056,-1,,-1,40,60,1927,,,36
257,4,2024-03-26 00:00:00,Quantity bought 384.069 @325.46,11076,-1,,-1,40,60,2643,,,36
258,4,2024-03-26 00:00:00,Quantity bought 4473.649 @16.76,11084,-1,,-1,40,60,2722,,,36
259,4,2024-03-26 00:00:00,Quantity sold 748.442  @ 93.58,11089,-1,,-1,40,60,1639,,,36
260,4,2024-03-26 00:00:00,Quantity sold 2085  @ 45.19,11081,-1,,-1,40,60,1653,,,36
261,4,2024-03-26 00:00:00,Quantity sold 538.208  @ 141.92,11080,-1,,-1,40,60,1683,,,36
262,4,2024-03-27 00:00:00,Quantity bought 1231.63 @89.31,11088,-1,,-1,40,60,2723,,,36
263,4,2024-03-31 00:00:00,Interest (Cumulative) : ,11195,-1,,-1,40,120,1714,,,36
264,4,2024-03-31 00:00:00,Investment for PPF - Krisha -  for fy 23-24,11196,61,,-1,40,120,1714,,,36
265,4,2024-03-31 00:00:00,Asset write-off tr to accounts instade of PMS,11580,-1,,-1,40,120,1714,,,36
266,4,2024-04-19 00:00:00,Dividend Payout from Goodluck India (),12225,-1,,-1,40,50,2519,,,36
267,4,2024-05-24 00:00:00,Interest (Payout) from G-Sec 7.54% GS 2036 (ISIN IN0020220029) (),11969,-1,,-1,40,40,2877,,,36
268,4,2024-05-27 00:00:00,Dividend Payout from Ador Welding (),12224,-1,,-1,40,50,2512,,,36
269,4,2024-06-04 00:00:00,Quantity bought 393.41 @254.19,11426,-1,,-1,40,60,2270,,,36
270,4,2024-06-04 00:00:00,Quantity bought 393.41 @254.19,11427,-1,,-1,40,60,2270,,,36
271,4,2024-06-06 00:00:00,Dividend Payout from Transformers and Rectifiers (),12222,-1,,-1,40,50,2601,,,36
272,4,2024-06-15 00:00:00,Interest (Payout) from G-Sec 6.99% GS 2051 (ISIN IN0020210194) (),11975,-1,,-1,40,40,2878,,,36
273,4,2024-06-18 00:00:00,Quantity bought 1268.415 @39.42,11597,-1,,-1,40,60,2379,,,36
274,4,2024-06-19 00:00:00,Quantity sold 126.809  @ 39.43,11603,-1,,-1,40,60,2379,,,36
275,4,2024-06-20 00:00:00,Quantity bought 18.309 @273.09,11605,-1,,-1,40,60,2821,,,36
276,4,2024-06-20 00:00:00,Quantity sold 126.785  @ 39.44,11604,-1,,-1,40,60,2379,,,36
277,4,2024-06-21 00:00:00,Quantity bought 17.39 @287.52,11606,-1,,-1,40,60,2270,,,36
278,4,2024-06-25 00:00:00,Quantity sold 169  @ 283.69,11633,-1,,-1,40,60,2270,,,36
279,4,2024-06-26 00:00:00,Quantity sold 126.643  @ 39.48,11725,-1,,-1,40,60,2379,,,36
280,4,2024-06-27 00:00:00,Quantity bought 18.532 @269.80,11726,-1,,-1,40,60,2821,,,36
281,4,2024-06-29 00:00:00,Dividend Payout from Elecon Engineering (),12223,-1,,-1,40,50,2509,,,36
282,4,2024-07-01 00:00:00,Dividend Payout from Canara Bank (),12221,-1,,-1,40,50,1969,,,36
283,4,2024-07-02 00:00:00,Dividend Payout from L&T Technology Services (),12220,-1,,-1,40,50,1935,,,36
284,4,2024-07-03 00:00:00,Quantity sold 126.45  @ 39.54,11727,-1,,-1,40,60,2379,,,36
285,4,2024-07-04 00:00:00,Quantity bought 18.065 @276.78,11728,-1,,-1,40,60,2821,,,36
286,4,2024-07-07 00:00:00,Quantity sold 126.358  @ 39.57,11729,-1,,-1,40,60,2379,,,36
287,4,2024-07-08 00:00:00,Quantity bought 16.928 @295.37,11730,-1,,-1,40,60,2270,,,36
288,4,2024-07-10 00:00:00,Dividend Payout from Tata Investment Corporation (),12219,-1,,-1,40,50,1934,,,36
289,4,2024-07-10 00:00:00,Quantity sold 126.289  @ 39.59,11840,-1,,-1,40,60,2379,,,36
290,4,2024-07-11 00:00:00,Quantity bought 17.969 @278.26,11841,-1,,-1,40,60,2821,,,36
291,4,2024-07-17 00:00:00,Quantity sold 126.124  @ 39.64,11842,-1,,-1,40,60,2379,,,36
292,4,2024-07-18 00:00:00,Quantity bought 17.974 @278.18,11843,-1,,-1,40,60,2821,,,36
293,4,2024-07-22 00:00:00,Quantity sold 126.006  @ 39.68,11844,-1,,-1,40,60,2379,,,36
294,4,2024-07-23 00:00:00,Quantity bought 17.338 @288.38,11845,-1,,-1,40,60,2270,,,36
295,4,2024-07-23 00:00:00,Dividend Payout from Concord Biotech (),12218,-1,,-1,40,50,2639,,,36
296,4,2024-07-24 00:00:00,Quantity bought 423.241 @118.14,11873,-1,,-1,40,60,2861,,,36
297,4,2024-07-24 00:00:00,Quantity sold 125.96  @ 39.70,11874,-1,,-1,40,60,2379,,,36
298,4,2024-07-25 00:00:00,Quantity bought 18.385 @271.96,11877,-1,,-1,40,60,2821,,,36
299,4,2024-07-25 00:00:00,Quantity bought 84.205 @118.76,11876,-1,,-1,40,60,2861,,,36
300,4,2024-07-25 00:00:00,Quantity bought 842.052 @118.76,11887,-1,,-1,40,60,2861,,,36
301,4,2024-07-25 00:00:00,Quantity sold 442.52  @ 82.96,11882,-1,,-1,40,60,1667,,,36
302,4,2024-07-25 00:00:00,Quantity sold 690.566  @ 82.96,11883,-1,,-1,40,60,1757,,,36
303,4,2024-07-25 00:00:00,Quantity sold 95.463  @ 82.13,11884,-1,,-1,40,60,1757,,,36
304,4,2024-07-25 00:00:00,Quantity sold 47.852  @ 165.61,11881,-1,,-1,40,60,2127,,,36
305,4,2024-07-30 00:00:00,Quantity bought 230.762 @368.34,11915,-1,,-1,40,60,2864,,,36
306,4,2024-07-30 00:00:00,Quantity sold 1575.943  @ 54.01,12805,-1,,-1,40,60,1653,,,36
307,4,2024-07-31 00:00:00,Quantity bought 1395.869 @39.40,11928,-1,,-1,40,60,2868,,,36
308,4,2024-07-31 00:00:00,Quantity sold 125.797  @ 39.75,11927,-1,,-1,40,60,2379,,,36
309,4,2024-08-01 00:00:00,Quantity bought 18.035 @277.24,12071,-1,,-1,40,60,2821,,,36
310,4,2024-08-01 00:00:00,"Quantity sold 27  @ 2,026.22",12070,-1,,-1,40,60,2495,,,36
311,4,2024-08-07 00:00:00,Quantity sold 5.194  @ 39.80,12090,-1,,-1,40,60,2379,,,36
312,4,2024-08-08 00:00:00,Quantity bought 0.767 @269.50,12072,-1,,-1,40,60,2821,,,36
313,4,2024-08-08 00:00:00,Dividend Payout from Borosil Scientific (),12216,-1,,-1,40,50,2805,,,36
314,4,2024-08-08 00:00:00,Dividend Payout from Exide Industries (),12217,-1,,-1,40,50,2828,,,36
315,4,2024-08-08 00:00:00,Dividend Payout from RBL Bank (),12215,-1,,-1,40,50,2838,,,36
316,4,2024-08-16 00:00:00,Dividend Payout from UltraTech Cement (),12213,-1,,-1,40,50,1920,,,36
317,4,2024-08-16 00:00:00,Dividend Payout from Zensar Technologies (),12214,-1,,-1,40,50,2829,,,36
318,4,2024-08-16 00:00:00,Dividend Payout from Sonata Software (),12212,-1,,-1,40,50,2833,,,36
319,4,2024-08-23 00:00:00,Dividend Payout from Centum Electronics (),12211,-1,,-1,40,50,2515,,,36
320,4,2024-08-28 00:00:00,Dividend Payout from Rites Ltd (),12210,-1,,-1,40,50,2841,,,36
321,4,2024-08-29 00:00:00,Dividend Payout from KPIT Technologies (),12209,-1,,-1,40,50,2893,,,36
322,4,2024-09-05 00:00:00,Dividend Payout from Jubilant Ingrevia (),12208,-1,,-1,40,50,2845,,,36
323,4,2024-09-17 00:00:00,Dividend Payout from RailTel Corporation of India (),12207,-1,,-1,40,50,2844,,,36
324,4,2024-09-23 00:00:00,Dividend Payout from Quess Corp (),12206,-1,,-1,40,50,2914,,,36
325,4,2024-09-27 00:00:00,Dividend Payout from Indian Railway Finance Corporation (),12247,-1,,-1,40,50,1635,,,36
326,4,2024-09-30 00:00:00,Dividend Payout from Welspun Enterprises (),12246,-1,,-1,40,50,2800,,,36
327,4,2024-10-04 00:00:00,Dividend Payout from Rites Ltd (),12245,-1,,-1,40,50,2841,,,36
328,4,2024-10-07 00:00:00,Quantity bought 42505.845 @9.41,12240,-1,,-1,40,60,2924,,,36
329,4,2024-10-07 00:00:00,Dividend Payout from Ahluwalia Contracts (),12243,-1,,-1,40,50,2911,,,36
330,4,2024-10-07 00:00:00,Quantity sold 1384.013  @ 262.03,12238,-1,,-1,40,60,2096,,,36
331,4,2024-10-07 00:00:00,Quantity sold 128.036  @ 261.29,12239,-1,,-1,40,60,2821,,,36
332,4,2024-10-08 00:00:00,Dividend Payout from Vadilal Industries (),12244,-1,,-1,40,50,2909,,,36
333,4,2024-10-16 00:00:00,Quantity bought 6253.346 @19.99,12355,-1,,-1,40,60,2932,,,36
334,4,2024-10-18 00:00:00,Dividend Payout from PTC India (),12688,-1,,-1,40,50,2835,,,36
335,4,2024-10-21 00:00:00,Dividend Payout from Mazagon Dock Shipbuilders (),12687,-1,,-1,40,50,2843,,,36
336,4,2024-10-24 00:00:00,Dividend Payout from Coforge (),12686,-1,,-1,40,50,2890,,,36
337,4,2024-10-28 00:00:00,Quantity bought 3255.77 @18.43,12397,-1,,-1,40,60,2932,,,36
338,4,2024-10-30 00:00:00,Dividend Payout from HCL Technologies (),12685,-1,,-1,40,50,2888,,,36
339,4,2024-10-31 00:00:00,Quantity bought 267.724 @18.68,12419,-1,,-1,40,60,2932,,,36
340,4,2024-11-04 00:00:00,Quantity bought 538.586 @18.57,12420,-1,,-1,40,60,2932,,,36
341,4,2024-11-05 00:00:00,Quantity bought 804.129 @18.65,12421,-1,,-1,40,60,2932,,,36
342,4,2024-11-07 00:00:00,Dividend Payout from Tata Consultancy Services (),12684,-1,,-1,40,50,1758,,,36
343,4,2024-11-07 00:00:00,Dividend Payout from LTIMindtree (),12683,-1,,-1,40,50,2892,,,36
344,4,2024-11-08 00:00:00,Dividend Payout from Infosys (),12682,-1,,-1,40,50,1931,,,36
345,4,2024-11-13 00:00:00,Dividend Payout from L&T Technology Services (),12681,-1,,-1,40,50,1935,,,36
346,4,2024-11-25 00:00:00,Interest (Payout) from G-Sec 7.54% GS 2036 (ISIN IN0020220029) (),12710,-1,,-1,40,40,2877,,,36
347,4,2024-12-02 00:00:00,Quantity bought 2618.808 @19.09,12481,-1,,-1,40,60,2932,,,36
348,4,2024-12-16 00:00:00,Interest (Payout) from G-Sec 6.99% GS 2051 (ISIN IN0020210194) (),12711,-1,,-1,40,40,2878,,,36
349,4,2025-01-24 00:00:00,Dividend Payout from HCL Technologies (),12680,-1,,-1,40,50,2888,,,36
350,4,2025-02-03 00:00:00,Dividend Payout from Tata Investment Corporation (),12679,-1,,-1,40,50,1934,,,36
351,4,2025-02-10 00:00:00,Dividend Payout from Persistent Systems (),12678,-1,,-1,40,50,2891,,,36
352,4,2025-02-13 00:00:00,Dividend Payout from Coforge (),12677,-1,,-1,40,50,2890,,,36
353,4,2025-02-15 00:00:00,Dividend Payout from Gail India (),12676,-1,,-1,40,50,1979,,,36
354,4,2025-02-18 00:00:00,Dividend Payout from KPIT Technologies (),12675,-1,,-1,40,50,2893,,,36
355,4,2025-02-24 00:00:00,"Quantity bought 24.835 @4,026.58",12653,-1,,-1,40,60,2406,,,36
356,4,2025-02-24 00:00:00,"Quantity bought 28.844 @5,200.39",12651,-1,,-1,40,60,2973,,,36
357,4,2025-02-24 00:00:00,"Quantity bought 67.917 @3,680.96",12654,-1,,-1,40,60,2974,,,36
358,4,2025-02-25 00:00:00,Quantity bought 261.117 @765.94,12655,-1,,-1,40,60,2975,,,36
359,4,2025-02-28 00:00:00,Quantity bought 7861.489 @12.72,12708,-1,,-1,40,60,2980,,,36
360,4,2025-03-23 00:00:00,"Quantity sold 12.358  @ 4,045.96",12824,-1,,-1,40,60,2406,,,36
361,4,2025-03-23 00:00:00,"Quantity sold 9.567  @ 5,226.30",12825,-1,,-1,40,60,2973,,,36
362,4,2025-03-23 00:00:00,"Quantity sold 13.517  @ 3,699.05",12826,-1,,-1,40,60,2974,,,36
363,4,2025-03-24 00:00:00,Quantity sold 42505.845  @ 7.52,12827,-1,,-1,40,60,2924,,,36
364,4,2025-04-07 00:00:00,Quantity bought 7955.052 @12.57,12963,-1,,-1,40,60,2980,,,36
365,4,2025-04-07 00:00:00,Quantity bought 13029.853 @7.67,12964,-1,,-1,40,60,2990,,,36
366,4,2025-05-06 00:00:00,Dividend Payout from HCL Technologies (),14110,-1,,-1,40,50,2888,,,36
367,4,2025-05-16 00:00:00,Dividend Payout from Oracle Financial Services Software (),14109,-1,,-1,40,50,2889,,,36
368,4,2025-05-20 00:00:00,Dividend Payout from Laurus Labs (),14108,-1,,-1,40,50,2944,,,36
369,4,2025-05-24 00:00:00,Interest (Payout) from G-Sec 7.54% GS 2036 (ISIN IN0020220029) (),14044,-1,,-1,40,40,2877,,,36
370,4,2025-05-30 00:00:00,Dividend Payout from Coforge (),14107,-1,,-1,40,50,2890,,,36
371,4,2025-06-03 00:00:00,Dividend Payout from LTIMindtree (),14106,-1,,-1,40,50,2892,,,36
372,4,2025-06-10 00:00:00,"Quantity bought 10.214 @2,153.91",13317,-1,,-1,40,60,2495,,,36
373,4,2025-06-10 00:00:00,Quantity bought 26.408 @833.08,13316,-1,,-1,40,60,2975,,,36
374,4,2025-06-10 00:00:00,Quantity bought 1107.141 @19.87,13318,-1,,-1,40,60,3011,,,36
375,4,2025-06-15 00:00:00,Interest (Payout) from G-Sec 6.99% GS 2051 (ISIN IN0020210194) (),14045,-1,,-1,40,40,2878,,,36
376,4,2025-06-20 00:00:00,Dividend Payout from L&T Technology Services (),14104,-1,,-1,40,50,1935,,,36
377,4,2025-06-24 00:00:00,Dividend Payout from Tata Consultancy Services (),14105,-1,,-1,40,50,1758,,,36
378,4,2025-06-30 00:00:00,Dividend Payout from Infosys (),14103,-1,,-1,40,50,1931,,,36
379,4,2025-07-01 00:00:00,Dividend Payout from Canara Bank (),14102,-1,,-1,40,50,1969,,,36
380,4,2025-07-02 00:00:00,Dividend Payout from Tata Investment Corporation (),14101,-1,,-1,40,50,1934,,,36
381,4,2025-07-28 00:00:00,Dividend Payout from Mphasis Limited (),14099,-1,,-1,40,50,2887,,,36
382,4,2025-07-28 00:00:00,Dividend Payout from HCL Technologies (),14100,-1,,-1,40,50,2888,,,36
383,4,2025-07-29 00:00:00,Dividend Payout from Persistent Systems (),14098,-1,,-1,40,50,2891,,,36
384,4,2025-08-04 00:00:00,Dividend Payout from Tata Consultancy Services (),14097,-1,,-1,40,50,1758,,,36
385,4,2025-08-07 00:00:00,Quantity bought 2509.915 @19.92,13862,-1,,-1,40,60,3011,,,36
386,4,2025-08-14 00:00:00,Dividend Payout from KPIT Technologies (),14096,-1,,-1,40,50,2893,,,36
387,4,2025-08-20 00:00:00,Dividend Payout from UltraTech Cement (),14095,-1,,-1,40,50,1920,,,36
388,4,2025-08-25 00:00:00,IPO/Rights,13920,-1,,-1,40,50,3034,,,36
389,4,2025-08-28 00:00:00,Quantity bought 2820.797 @35.45,13951,-1,,-1,40,60,3035,,,36
390,4,2025-08-28 00:00:00,Quantity bought 9505.228 @10.52,13952,-1,,-1,40,60,3036,,,36
391,4,2025-08-28 00:00:00,Dividend Payout from Jio Financial Services (),14094,-1,,-1,40,50,2696,,,36
392,4,2025-08-29 00:00:00,Dividend Payout from Reliance Industries (),14093,-1,,-1,40,50,2946,,,36
393,4,2025-09-10 00:00:00,Dividend Payout from Gail India (),14092,-1,,-1,40,50,1979,,,36
394,4,2025-09-11 00:00:00,Dividend Payout from Lloyds Enterprises (),14091,-1,,-1,40,50,2943,,,36
395,4,2025-09-13 00:00:00,IPO/Rights,14263,-1,,-1,40,50,3051,,,36
396,4,2025-09-15 00:00:00,Dividend Payout from Indian Oil Corporation (),14224,-1,,-1,40,50,2941,,,36
397,4,2025-09-18 00:00:00,Dividend Payout from Lloyds Enterprises (),14229,-1,,-1,40,50,2943,,,36
398,4,2025-09-22 00:00:00,Dividend Payout from Concord Biotech (),14228,-1,,-1,40,50,2639,,,36
399,4,2025-09-26 00:00:00,Dividend Payout from Protean eGov Technologies (),14227,-1,,-1,40,50,2987,,,36
400,4,2025-09-26 00:00:00,"Quantity sold 10.768  @ 4,179.05",14152,-1,,-1,40,60,2406,,,36
401,4,2025-09-26 00:00:00,"Quantity sold 9.258  @ 5,400.73",14153,-1,,-1,40,60,2973,,,36
402,4,2025-09-26 00:00:00,"Quantity sold 13.082  @ 3,822.05",14188,-1,,-1,40,60,2974,,,36
403,4,2025-09-26 00:00:00,"Quantity sold 13.082  @ 3,822.05",14189,-1,,-1,40,60,2974,,,36
404,4,2025-09-28 00:00:00,"Quantity sold 1.531  @ 4,180.27",14190,-1,,-1,40,60,2406,,,36
405,4,2025-09-28 00:00:00,"Quantity sold 0.685  @ 5,401.46",14191,-1,,-1,40,60,2973,,,36
406,4,2025-09-28 00:00:00,"Quantity sold 13.078  @ 3,823.21",14192,-1,,-1,40,60,2974,,,36
407,4,2025-09-28 00:00:00,"Quantity sold 9.677  @ 3,823.50",14193,-1,,-1,40,60,2974,,,36
408,4,2025-09-29 00:00:00,"Quantity sold 0.178  @ 4,181.12",14195,-1,,-1,40,60,2406,,,36
409,4,2025-09-29 00:00:00,Quantity sold 1349.498  @ 110.60,14194,-1,,-1,40,60,2861,,,36
410,4,2025-09-29 00:00:00,"Quantity sold 9.254  @ 5,403.07",14196,-1,,-1,40,60,2973,,,36
411,4,2025-10-06 00:00:00,Dividend Payout from Marathon Nextgen Realty (),14226,-1,,-1,40,50,2956,,,36
412,4,2025-10-16 00:00:00,Dividend Payout from Navneet Education (),14225,-1,,-1,40,50,3042,,,36
413,4,2025-11-04 00:00:00,Dividend Payout from Tata Consultancy Services (),14264,-1,,-1,40,50,1758,,,36
414,4,2025-11-24 00:00:00,Interest (Payout) from G-Sec 7.54% GS 2036 (ISIN IN0020220029) (),14262,-1,,-1,40,40,2877,,,36
415,4,2025-12-03 00:00:00,Dividend Payout from Navneet Education (),14644,-1,,-1,40,50,3042,,,36
416,4,2025-12-12 00:00:00,Quantity sold 1395.869  @ 38.00,14381,-1,,-1,40,60,2868,,,36
417,4,2025-12-15 00:00:00,Interest (Payout) from G-Sec 6.99% GS 2051 (ISIN IN0020210194) (),14507,-1,,-1,40,40,2878,,,36
418,4,2025-12-31 00:00:00,Dividend Payout from Indian Oil Corporation (),14508,-1,,-1,40,50,2941,,,36
419,4,2026-01-13 00:00:00,Quantity sold 2820.797  @ 36.31,14505,-1,,-1,40,60,3035,,,36
420,4,2026-01-13 00:00:00,Quantity sold 9505.228  @ 10.80,14506,-1,,-1,40,60,3036,,,36
421,4,2026-02-06 00:00:00,Quantity bought 10776.078 @18.56,14549,-1,,-1,40,60,3073,,,36
422,4,2026-02-06 00:00:00,Quantity bought 10263.266 @9.74,14550,-1,,-1,40,60,3074,,,36
423,4,2026-02-06 00:00:00,Quantity bought 22116.427 @9.04,14551,-1,,-1,40,60,3075,,,36
424,4,2026-02-09 00:00:00,"Quantity bought 34.655 @2,885.59",14546,-1,,-1,40,60,3070,,,36
425,4,2026-02-09 00:00:00,"Quantity bought 56.636 @3,531.32",14547,-1,,-1,40,60,3071,,,36
426,4,2026-02-09 00:00:00,Quantity bought 5068.17 @9.87,14552,-1,,-1,40,60,3076,,,36
427,4,2026-02-22 00:00:00,"Quantity sold 0.346  @ 2,890.17",14558,-1,,-1,40,60,3070,,,36
428,4,2026-02-22 00:00:00,"Quantity sold 0.283  @ 3,533.57",14559,-1,,-1,40,60,3071,,,36
429,4,2026-02-22 00:00:00,"Quantity sold 0.283  @ 3,533.57",14560,-1,,-1,40,60,3071,,,36
430,4,2026-02-23 00:00:00,Quantity bought 104.872 @9.54,14565,-1,,-1,40,60,3074,,,36
431,4,2026-02-23 00:00:00,Quantity bought 54.763 @18.26,14564,-1,,-1,40,60,3081,,,36
432,4,2026-02-23 00:00:00,Quantity bought 111.193 @8.99,14566,-1,,-1,40,60,3082,,,36
433,4,2026-02-23 00:00:00,"Quantity sold 0.346  @ 2,890.17",14561,-1,,-1,40,60,3070,,,36
434,4,2026-02-23 00:00:00,"Quantity sold 0.282  @ 3,546.10",14562,-1,,-1,40,60,3071,,,36
435,4,2026-02-23 00:00:00,"Quantity sold 0.282  @ 3,546.10",14563,-1,,-1,40,60,3071,,,36
436,4,2026-02-24 00:00:00,Quantity bought 105.258 @9.50,14571,-1,,-1,40,60,3074,,,36
437,4,2026-02-24 00:00:00,Quantity bought 54.894 @18.22,14570,-1,,-1,40,60,3081,,,36
438,4,2026-02-24 00:00:00,Quantity bought 111.807 @8.94,14572,-1,,-1,40,60,3082,,,36
439,4,2026-02-24 00:00:00,"Quantity sold 0.346  @ 2,890.17",14567,-1,,-1,40,60,3070,,,36
440,4,2026-02-24 00:00:00,"Quantity sold 0.282  @ 3,546.10",14568,-1,,-1,40,60,3071,,,36
441,4,2026-02-24 00:00:00,"Quantity sold 0.282  @ 3,546.10",14569,-1,,-1,40,60,3071,,,36
442,4,2026-02-25 00:00:00,Quantity bought 104.129 @9.60,14588,-1,,-1,40,60,3074,,,36
443,4,2026-02-25 00:00:00,Quantity bought 54.411 @18.38,14587,-1,,-1,40,60,3081,,,36
444,4,2026-02-25 00:00:00,Quantity bought 110.766 @9.03,14589,-1,,-1,40,60,3082,,,36
445,4,2026-02-25 00:00:00,"Quantity sold 0.346  @ 2,890.17",14584,-1,,-1,40,60,3070,,,36
446,4,2026-02-25 00:00:00,"Quantity sold 0.282  @ 3,546.10",14585,-1,,-1,40,60,3071,,,36
447,4,2026-02-25 00:00:00,"Quantity sold 0.282  @ 3,546.10",14586,-1,,-1,40,60,3071,,,36
448,4,2026-02-26 00:00:00,Quantity bought 103.729 @9.64,14596,-1,,-1,40,60,3074,,,36
449,4,2026-02-26 00:00:00,Quantity bought 54.15 @18.47,14595,-1,,-1,40,60,3081,,,36
450,4,2026-02-26 00:00:00,Quantity bought 110.556 @9.05,14597,-1,,-1,40,60,3082,,,36
451,4,2026-02-26 00:00:00,"Quantity sold 0.346  @ 2,890.17",14592,-1,,-1,40,60,3070,,,36
452,4,2026-02-26 00:00:00,"Quantity sold 0.282  @ 3,546.10",14593,-1,,-1,40,60,3071,,,36
453,4,2026-02-26 00:00:00,"Quantity sold 0.282  @ 3,546.10",14594,-1,,-1,40,60,3071,,,36
454,4,2026-02-27 00:00:00,Quantity bought 105.147 @9.51,14607,-1,,-1,40,60,3074,,,36
455,4,2026-02-27 00:00:00,Quantity bought 54.986 @18.19,14606,-1,,-1,40,60,3081,,,36
456,4,2026-02-27 00:00:00,Quantity bought 112.37 @8.90,14608,-1,,-1,40,60,3082,,,36
457,4,2026-03-01 00:00:00,"Quantity sold 0.345  @ 2,898.55",14609,-1,,-1,40,60,3070,,,36
458,4,2026-03-01 00:00:00,"Quantity sold 0.282  @ 3,546.10",14610,-1,,-1,40,60,3071,,,36
459,4,2026-03-01 00:00:00,"Quantity sold 0.282  @ 3,546.10",14611,-1,,-1,40,60,3071,,,36
460,4,2026-03-02 00:00:00,Quantity bought 106.434 @9.40,14613,-1,,-1,40,60,3074,,,36
461,4,2026-03-02 00:00:00,Quantity bought 8180.219 @9.17,14614,-1,,-1,40,60,3074,,,36
462,4,2026-03-02 00:00:00,Quantity bought 55.819 @17.92,14612,-1,,-1,40,60,3081,,,36
463,4,2026-03-02 00:00:00,Quantity bought 113.663 @8.80,14615,-1,,-1,40,60,3082,,,36
464,4,2026-03-03 00:00:00,"Quantity sold 0.345  @ 2,898.55",14616,-1,,-1,40,60,3070,,,36
465,4,2026-03-03 00:00:00,"Quantity sold 0.282  @ 3,546.10",14617,-1,,-1,40,60,3071,,,36
466,4,2026-03-03 00:00:00,"Quantity sold 0.282  @ 3,546.10",14618,-1,,-1,40,60,3071,,,36
467,4,2026-03-04 00:00:00,Quantity bought 109.07 @9.17,14623,-1,,-1,40,60,3074,,,36
468,4,2026-03-04 00:00:00,Quantity bought 4763.683 @9.45,14675,-1,,-1,40,60,3076,,,36
469,4,2026-03-04 00:00:00,Quantity bought 57.159 @17.50,14622,-1,,-1,40,60,3081,,,36
470,4,2026-03-04 00:00:00,Quantity bought 116.026 @8.62,14624,-1,,-1,40,60,3082,,,36
471,4,2026-03-04 00:00:00,"Quantity sold 0.345  @ 2,898.55",14619,-1,,-1,40,60,3070,,,36
472,4,2026-03-04 00:00:00,"Quantity sold 0.282  @ 3,546.10",14620,-1,,-1,40,60,3071,,,36
473,4,2026-03-04 00:00:00,"Quantity sold 0.282  @ 3,546.10",14621,-1,,-1,40,60,3071,,,36
474,4,2026-03-05 00:00:00,Quantity bought 106.969 @9.35,14629,-1,,-1,40,60,3074,,,36
475,4,2026-03-05 00:00:00,Quantity bought 56.145 @17.81,14628,-1,,-1,40,60,3081,,,36
476,4,2026-03-05 00:00:00,Quantity bought 114.113 @8.76,14630,-1,,-1,40,60,3082,,,36
477,4,2026-03-05 00:00:00,Dividend Payout from Hindustan Copper (),14643,-1,,-1,40,50,3058,,,36
478,4,2026-03-05 00:00:00,"Quantity sold 0.345  @ 2,898.55",14625,-1,,-1,40,60,3070,,,36
479,4,2026-03-05 00:00:00,"Quantity sold 0.282  @ 3,546.10",14626,-1,,-1,40,60,3071,,,36
480,4,2026-03-05 00:00:00,"Quantity sold 0.282  @ 3,546.10",14627,-1,,-1,40,60,3071,,,36
481,4,2026-03-06 00:00:00,Quantity bought 107.222 @9.33,14658,-1,,-1,40,60,3074,,,36
482,4,2026-03-06 00:00:00,Quantity bought 56.687 @17.64,14657,-1,,-1,40,60,3081,,,36
483,4,2026-03-06 00:00:00,Quantity bought 114.569 @8.73,14659,-1,,-1,40,60,3082,,,36
484,4,2026-03-08 00:00:00,"Quantity sold 0.345  @ 2,898.55",14660,-1,,-1,40,60,3070,,,36
485,4,2026-03-08 00:00:00,"Quantity sold 0.282  @ 3,546.10",14661,-1,,-1,40,60,3071,,,36
486,4,2026-03-08 00:00:00,"Quantity sold 0.282  @ 3,546.10",14662,-1,,-1,40,60,3071,,,36
487,4,2026-03-09 00:00:00,Quantity bought 109.022 @9.17,14667,-1,,-1,40,60,3074,,,36
488,4,2026-03-09 00:00:00,Quantity bought 57.876 @17.28,14666,-1,,-1,40,60,3081,,,36
489,4,2026-03-09 00:00:00,Quantity bought 116.447 @8.59,14668,-1,,-1,40,60,3082,,,36
490,4,2026-03-09 00:00:00,Interest (Payout) from Sovereign Gold Bond 2.50% SEP 2028 SR-VI 2020-21 (IN0020200195) (),14642,-1,,-1,40,40,3063,,,36
491,4,2026-03-09 00:00:00,"Quantity sold 0.345  @ 2,898.55",14663,-1,,-1,40,60,3070,,,36
492,4,2026-03-09 00:00:00,"Quantity sold 0.282  @ 3,546.10",14664,-1,,-1,40,60,3071,,,36
493,4,2026-03-09 00:00:00,"Quantity sold 0.282  @ 3,546.10",14665,-1,,-1,40,60,3071,,,36
494,4,2026-03-10 00:00:00,Quantity bought 106.947 @9.35,14673,-1,,-1,40,60,3074,,,36
495,4,2026-03-10 00:00:00,Quantity bought 56.874 @17.58,14672,-1,,-1,40,60,3081,,,36
496,4,2026-03-10 00:00:00,Quantity bought 114.113 @8.76,14674,-1,,-1,40,60,3082,,,36
497,4,2026-03-10 00:00:00,"Quantity sold 0.345  @ 2,898.55",14669,-1,,-1,40,60,3070,,,36
498,4,2026-03-10 00:00:00,"Quantity sold 0.282  @ 3,546.10",14670,-1,,-1,40,60,3071,,,36
499,4,2026-03-10 00:00:00,"Quantity sold 0.282  @ 3,546.10",14671,-1,,-1,40,60,3071,,,36
500,4,2026-03-11 00:00:00,Quantity bought 108.619 @9.21,14716,-1,,-1,40,60,3074,,,36
501,4,2026-03-11 00:00:00,Quantity bought 57.878 @17.28,14715,-1,,-1,40,60,3081,,,36
502,4,2026-03-11 00:00:00,Quantity bought 116.35 @8.59,14717,-1,,-1,40,60,3082,,,36
503,4,2026-03-11 00:00:00,"Quantity sold 0.345  @ 2,898.55",14712,-1,,-1,40,60,3070,,,36
504,4,2026-03-11 00:00:00,"Quantity sold 0.282  @ 3,546.10",14713,-1,,-1,40,60,3071,,,36
505,4,2026-03-11 00:00:00,"Quantity sold 0.282  @ 3,546.10",14714,-1,,-1,40,60,3071,,,36
506,4,2026-03-12 00:00:00,Quantity bought 108.69 @9.20,14722,-1,,-1,40,60,3074,,,36
507,4,2026-03-12 00:00:00,Quantity bought 58.144 @17.20,14721,-1,,-1,40,60,3081,,,36
508,4,2026-03-12 00:00:00,Quantity bought 117.199 @8.53,14723,-1,,-1,40,60,3082,,,36
509,4,2026-03-12 00:00:00,"Quantity sold 0.345  @ 2,898.55",14718,-1,,-1,40,60,3070,,,36
510,4,2026-03-12 00:00:00,"Quantity sold 0.282  @ 3,546.10",14719,-1,,-1,40,60,3071,,,36
511,4,2026-03-12 00:00:00,"Quantity sold 0.282  @ 3,546.10",14720,-1,,-1,40,60,3071,,,36
512,4,2026-03-13 00:00:00,Quantity bought 111.527 @8.97,14725,-1,,-1,40,60,3074,,,36
513,4,2026-03-13 00:00:00,Quantity bought 59.827 @16.71,14724,-1,,-1,40,60,3081,,,36
514,4,2026-03-13 00:00:00,Quantity bought 119.763 @8.35,14726,-1,,-1,40,60,3082,,,36
515,4,2026-03-15 00:00:00,"Quantity sold 0.345  @ 2,898.55",14727,-1,,-1,40,60,3070,,,36
516,4,2026-03-15 00:00:00,"Quantity sold 0.282  @ 3,546.10",14728,-1,,-1,40,60,3071,,,36
517,4,2026-03-15 00:00:00,"Quantity sold 0.282  @ 3,546.10",14729,-1,,-1,40,60,3071,,,36
518,4,2026-03-16 00:00:00,Quantity bought 111.851 @8.94,14734,-1,,-1,40,60,3074,,,36
519,4,2026-03-16 00:00:00,Quantity bought 59.861 @16.71,14733,-1,,-1,40,60,3081,,,36
520,4,2026-03-16 00:00:00,Quantity bought 119.535 @8.37,14735,-1,,-1,40,60,3082,,,36
521,4,2026-03-16 00:00:00,"Quantity sold 0.345  @ 2,898.55",14730,-1,,-1,40,60,3070,,,36
522,4,2026-03-16 00:00:00,"Quantity sold 0.282  @ 3,546.10",14731,-1,,-1,40,60,3071,,,36
523,4,2026-03-16 00:00:00,"Quantity sold 0.282  @ 3,546.10",14732,-1,,-1,40,60,3071,,,36
524,4,2026-03-17 00:00:00,Quantity bought 110.406 @9.06,14894,-1,,-1,40,60,3074,,,36
525,4,2026-03-17 00:00:00,Quantity bought 59.104 @16.92,14893,-1,,-1,40,60,3081,,,36
526,4,2026-03-17 00:00:00,Quantity bought 117.967 @8.48,14895,-1,,-1,40,60,3082,,,36
527,4,2026-03-17 00:00:00,"Quantity sold 0.345  @ 2,898.55",14890,-1,,-1,40,60,3070,,,36
528,4,2026-03-17 00:00:00,"Quantity sold 0.282  @ 3,546.10",14891,-1,,-1,40,60,3071,,,36
529,4,2026-03-17 00:00:00,"Quantity sold 0.282  @ 3,546.10",14892,-1,,-1,40,60,3071,,,36
530,4,2026-03-18 00:00:00,Quantity bought 108.667 @9.20,14897,-1,,-1,40,60,3074,,,36
531,4,2026-03-18 00:00:00,Quantity bought 58.007 @17.24,14896,-1,,-1,40,60,3081,,,36
532,4,2026-03-18 00:00:00,Quantity bought 116.611 @8.58,14898,-1,,-1,40,60,3082,,,36
533,4,2026-03-19 00:00:00,"Quantity sold 0.344  @ 2,906.98",14899,-1,,-1,40,60,3070,,,36
534,4,2026-03-19 00:00:00,"Quantity sold 0.281  @ 3,558.72",14900,-1,,-1,40,60,3071,,,36
535,4,2026-03-19 00:00:00,"Quantity sold 0.281  @ 3,558.72",14901,-1,,-1,40,60,3071,,,36
536,4,2026-03-20 00:00:00,Quantity bought 111.577 @8.96,14903,-1,,-1,40,60,3074,,,36
537,4,2026-03-20 00:00:00,Quantity bought 59.682 @16.76,14902,-1,,-1,40,60,3081,,,36
538,4,2026-03-20 00:00:00,Quantity bought 120.557 @8.29,14904,-1,,-1,40,60,3082,,,36
539,4,2026-03-22 00:00:00,"Quantity sold 0.344  @ 2,906.98",14905,-1,,-1,40,60,3070,,,36
540,4,2026-03-22 00:00:00,"Quantity sold 0.344  @ 2,906.98",14906,-1,,-1,40,60,3070,,,36
541,4,2026-03-22 00:00:00,"Quantity sold 0.281  @ 3,558.72",14907,-1,,-1,40,60,3071,,,36
542,4,2026-03-22 00:00:00,"Quantity sold 0.281  @ 3,558.72",14908,-1,,-1,40,60,3071,,,36
543,4,2026-03-22 00:00:00,"Quantity sold 0.281  @ 3,558.72",14909,-1,,-1,40,60,3071,,,36
544,4,2026-03-22 00:00:00,"Quantity sold 0.281  @ 3,558.72",14910,-1,,-1,40,60,3071,,,36
545,4,2026-03-23 00:00:00,Quantity bought 116.192 @8.61,14916,-1,,-1,40,60,3074,,,36
546,4,2026-03-23 00:00:00,Quantity bought 116.192 @8.61,14917,-1,,-1,40,60,3074,,,36
547,4,2026-03-23 00:00:00,Quantity bought 62.251 @16.06,14914,-1,,-1,40,60,3081,,,36
548,4,2026-03-23 00:00:00,Quantity bought 62.251 @16.06,14915,-1,,-1,40,60,3081,,,36
549,4,2026-03-23 00:00:00,Quantity bought 125.073 @8.00,14918,-1,,-1,40,60,3082,,,36
550,4,2026-03-23 00:00:00,Quantity bought 125.073 @8.00,14919,-1,,-1,40,60,3082,,,36
551,4,2026-03-23 00:00:00,"Quantity sold 0.344  @ 2,906.98",14911,-1,,-1,40,60,3070,,,36
552,4,2026-03-23 00:00:00,"Quantity sold 0.281  @ 3,558.72",14912,-1,,-1,40,60,3071,,,36
553,4,2026-03-23 00:00:00,"Quantity sold 0.281  @ 3,558.72",14913,-1,,-1,40,60,3071,,,36
554,4,2026-03-24 00:00:00,Quantity bought 112.925 @8.86,14924,-1,,-1,40,60,3074,,,36
555,4,2026-03-24 00:00:00,Quantity bought 60.505 @16.53,14923,-1,,-1,40,60,3081,,,36
556,4,2026-03-24 00:00:00,Quantity bought 121.82 @8.21,14925,-1,,-1,40,60,3082,,,36
557,4,2026-03-24 00:00:00,"Quantity sold 0.344  @ 2,906.98",14920,-1,,-1,40,60,3070,,,36
558,4,2026-03-24 00:00:00,"Quantity sold 0.281  @ 3,558.72",14921,-1,,-1,40,60,3071,,,36
559,4,2026-03-24 00:00:00,"Quantity sold 0.281  @ 3,558.72",14922,-1,,-1,40,60,3071,,,36
560,4,2026-03-25 00:00:00,Quantity bought 110.26 @9.07,14927,-1,,-1,40,60,3074,,,36
561,4,2026-03-25 00:00:00,Quantity bought 59.005 @16.95,14926,-1,,-1,40,60,3081,,,36
562,4,2026-03-25 00:00:00,Quantity bought 119.045 @8.40,14928,-1,,-1,40,60,3082,,,36
563,4,2026-03-25 00:00:00,Quantity sold 1231.63  @ 98.00,15003,-1,,-1,40,60,2723,,,36
564,4,2026-03-26 00:00:00,"Quantity sold 0.344  @ 2,906.98",15043,-1,,-1,40,60,3070,,,36
565,4,2026-03-26 00:00:00,"Quantity sold 0.281  @ 3,558.72",15044,-1,,-1,40,60,3071,,,36
566,4,2026-03-26 00:00:00,"Quantity sold 0.281  @ 3,558.72",15045,-1,,-1,40,60,3071,,,36
567,4,2026-03-27 00:00:00,Quantity bought 112.645 @8.88,15047,-1,,-1,40,60,3074,,,36
568,4,2026-03-27 00:00:00,Quantity bought 60.453 @16.54,15046,-1,,-1,40,60,3081,,,36
569,4,2026-03-27 00:00:00,Quantity bought 121.984 @8.20,15048,-1,,-1,40,60,3082,,,36
570,4,2026-03-27 00:00:00,Dividend Payout from Indian Oil Corporation (),15053,-1,,-1,40,50,2941,,,36
571,4,2026-03-29 00:00:00,"Quantity sold 0.344  @ 2,906.98",15049,-1,,-1,40,60,3070,,,36
572,4,2026-03-29 00:00:00,"Quantity sold 0.281  @ 3,558.72",15050,-1,,-1,40,60,3071,,,36
573,4,2026-03-29 00:00:00,"Quantity sold 0.281  @ 3,558.72",15051,-1,,-1,40,60,3071,,,36
574,4,2026-03-30 00:00:00,Quantity bought 115.188 @8.68,15090,-1,,-1,40,60,3074,,,36
575,4,2026-03-30 00:00:00,Quantity bought 62.317 @16.05,15089,-1,,-1,40,60,3081,,,36
576,4,2026-03-30 00:00:00,Quantity bought 124.938 @8.00,15091,-1,,-1,40,60,3082,,,36
577,4,2026-04-01 00:00:00,"Quantity sold 0.344  @ 2,906.98",15092,-1,,-1,40,60,3070,,,36
578,4,2026-04-01 00:00:00,"Quantity sold 0.281  @ 3,558.72",15093,-1,,-1,40,60,3071,,,36
579,4,2026-04-01 00:00:00,"Quantity sold 0.281  @ 3,558.72",15094,-1,,-1,40,60,3071,,,36
580,4,2026-04-02 00:00:00,Quantity bought 112.115 @8.92,15096,-1,,-1,40,60,3074,,,36
581,4,2026-04-02 00:00:00,Quantity bought 61.149 @16.35,15095,-1,,-1,40,60,3081,,,36
582,4,2026-04-02 00:00:00,Quantity bought 121.017 @8.26,15097,-1,,-1,40,60,3082,,,36
583,4,2026-04-05 00:00:00,"Quantity sold 0.343  @ 2,915.45",15275,-1,,-1,40,60,3070,,,36
584,4,2026-04-05 00:00:00,"Quantity sold 0.343  @ 2,915.45",15276,-1,,-1,40,60,3070,,,36
585,4,2026-04-05 00:00:00,"Quantity sold 0.28  @ 3,571.43",15277,-1,,-1,40,60,3071,,,36
586,4,2026-04-05 00:00:00,"Quantity sold 0.28  @ 3,571.43",15278,-1,,-1,40,60,3071,,,36
587,4,2026-04-05 00:00:00,"Quantity sold 0.28  @ 3,571.43",15279,-1,,-1,40,60,3071,,,36
588,4,2026-04-05 00:00:00,"Quantity sold 0.28  @ 3,571.43",15280,-1,,-1,40,60,3071,,,36
589,4,2026-04-06 00:00:00,Quantity bought 110.175 @9.08,15286,-1,,-1,40,60,3074,,,36
590,4,2026-04-06 00:00:00,Quantity bought 110.175 @9.08,15287,-1,,-1,40,60,3074,,,36
591,4,2026-04-06 00:00:00,Quantity bought 60.024 @16.66,15284,-1,,-1,40,60,3081,,,36
592,4,2026-04-06 00:00:00,Quantity bought 60.024 @16.66,15285,-1,,-1,40,60,3081,,,36
593,4,2026-04-06 00:00:00,Quantity bought 119.192 @8.39,15288,-1,,-1,40,60,3082,,,36
594,4,2026-04-06 00:00:00,Quantity bought 119.192 @8.39,15289,-1,,-1,40,60,3082,,,36
595,4,2026-04-06 00:00:00,"Quantity sold 0.343  @ 2,915.45",15281,-1,,-1,40,60,3070,,,36
596,4,2026-04-06 00:00:00,"Quantity sold 0.28  @ 3,571.43",15282,-1,,-1,40,60,3071,,,36
597,4,2026-04-06 00:00:00,"Quantity sold 0.28  @ 3,571.43",15283,-1,,-1,40,60,3071,,,36
598,4,2026-04-07 00:00:00,Quantity bought 110.272 @9.07,15294,-1,,-1,40,60,3074,,,36
599,4,2026-04-07 00:00:00,Quantity bought 60.136 @16.63,15293,-1,,-1,40,60,3081,,,36
600,4,2026-04-07 00:00:00,Quantity bought 119.266 @8.38,15295,-1,,-1,40,60,3082,,,36
601,4,2026-04-07 00:00:00,"Quantity sold 0.343  @ 2,915.45",15290,-1,,-1,40,60,3070,,,36
602,4,2026-04-07 00:00:00,"Quantity sold 0.28  @ 3,571.43",15291,-1,,-1,40,60,3071,,,36
603,4,2026-04-07 00:00:00,"Quantity sold 0.28  @ 3,571.43",15292,-1,,-1,40,60,3071,,,36
604,4,2026-04-08 00:00:00,Quantity bought 105.871 @9.45,15300,-1,,-1,40,60,3074,,,36
605,4,2026-04-08 00:00:00,Quantity bought 57.135 @17.50,15299,-1,,-1,40,60,3081,,,36
606,4,2026-04-08 00:00:00,Quantity bought 114.665 @8.72,15301,-1,,-1,40,60,3082,,,36
607,4,2026-04-08 00:00:00,"Quantity sold 0.343  @ 2,915.45",15296,-1,,-1,40,60,3070,,,36
608,4,2026-04-08 00:00:00,"Quantity sold 0.28  @ 3,571.43",15297,-1,,-1,40,60,3071,,,36
609,4,2026-04-08 00:00:00,"Quantity sold 0.28  @ 3,571.43",15298,-1,,-1,40,60,3071,,,36
610,4,2026-04-09 00:00:00,Quantity bought 105.18 @9.51,15306,-1,,-1,40,60,3074,,,36
611,4,2026-04-09 00:00:00,Quantity bought 57.01 @17.54,15305,-1,,-1,40,60,3081,,,36
612,4,2026-04-09 00:00:00,Quantity bought 113.794 @8.79,15307,-1,,-1,40,60,3082,,,36
613,4,2026-04-09 00:00:00,"Quantity sold 0.343  @ 2,915.45",15302,-1,,-1,40,60,3070,,,36
614,4,2026-04-09 00:00:00,"Quantity sold 0.28  @ 3,571.43",15303,-1,,-1,40,60,3071,,,36
615,4,2026-04-09 00:00:00,"Quantity sold 0.28  @ 3,571.43",15304,-1,,-1,40,60,3071,,,36
616,4,2026-04-10 00:00:00,Quantity bought 103.493 @9.66,15309,-1,,-1,40,60,3074,,,36
617,4,2026-04-10 00:00:00,Quantity bought 55.826 @17.91,15308,-1,,-1,40,60,3081,,,36
618,4,2026-04-10 00:00:00,Quantity bought 111.681 @8.95,15310,-1,,-1,40,60,3082,,,36
619,4,2026-04-12 00:00:00,"Quantity sold 0.342  @ 2,923.98",15311,-1,,-1,40,60,3070,,,36
620,4,2026-04-12 00:00:00,"Quantity sold 0.28  @ 3,571.43",15312,-1,,-1,40,60,3071,,,36
621,4,2026-04-12 00:00:00,"Quantity sold 0.28  @ 3,571.43",15313,-1,,-1,40,60,3071,,,36
622,4,2026-04-13 00:00:00,Quantity bought 104.075 @9.61,15315,-1,,-1,40,60,3074,,,36
623,4,2026-04-13 00:00:00,Quantity bought 56.472 @17.71,15314,-1,,-1,40,60,3081,,,36
624,4,2026-04-13 00:00:00,Quantity bought 112.93 @8.86,15316,-1,,-1,40,60,3082,,,36
625,4,2026-04-14 00:00:00,"Quantity sold 0.342  @ 2,923.98",15317,-1,,-1,40,60,3070,,,36
626,4,2026-04-14 00:00:00,"Quantity sold 0.28  @ 3,571.43",15318,-1,,-1,40,60,3071,,,36
627,4,2026-04-14 00:00:00,"Quantity sold 0.28  @ 3,571.43",15319,-1,,-1,40,60,3071,,,36
628,4,2026-04-15 00:00:00,Quantity bought 101.89 @9.81,15324,-1,,-1,40,60,3074,,,36
629,4,2026-04-15 00:00:00,Quantity bought 55.547 @18.00,15323,-1,,-1,40,60,3081,,,36
630,4,2026-04-15 00:00:00,Quantity bought 110.634 @9.04,15325,-1,,-1,40,60,3082,,,36
631,4,2026-04-15 00:00:00,"Quantity sold 0.342  @ 2,923.98",15320,-1,,-1,40,60,3070,,,36
632,4,2026-04-15 00:00:00,"Quantity sold 0.279  @ 3,584.23",15321,-1,,-1,40,60,3071,,,36
633,4,2026-04-15 00:00:00,"Quantity sold 0.279  @ 3,584.23",15322,-1,,-1,40,60,3071,,,36
634,4,2026-04-16 00:00:00,Quantity bought 101.456 @9.86,15330,-1,,-1,40,60,3074,,,36
635,4,2026-04-16 00:00:00,Quantity bought 55.569 @18.00,15329,-1,,-1,40,60,3081,,,36
636,4,2026-04-16 00:00:00,Quantity bought 110.261 @9.07,15331,-1,,-1,40,60,3082,,,36
637,4,2026-04-16 00:00:00,"Quantity sold 0.342  @ 2,923.98",15326,-1,,-1,40,60,3070,,,36
638,4,2026-04-16 00:00:00,"Quantity sold 0.279  @ 3,584.23",15327,-1,,-1,40,60,3071,,,36
639,4,2026-04-16 00:00:00,"Quantity sold 0.279  @ 3,584.23",15328,-1,,-1,40,60,3071,,,36
640,4,2026-04-17 00:00:00,Quantity bought 99.815 @10.02,15333,-1,,-1,40,60,3074,,,36
641,4,2026-04-17 00:00:00,Quantity bought 54.918 @18.21,15332,-1,,-1,40,60,3081,,,36
642,4,2026-04-17 00:00:00,Quantity bought 108.695 @9.20,15334,-1,,-1,40,60,3082,,,36
643,4,2026-04-19 00:00:00,"Quantity sold 0.342  @ 2,923.98",15335,-1,,-1,40,60,3070,,,36
644,4,2026-04-19 00:00:00,"Quantity sold 0.279  @ 3,584.23",15336,-1,,-1,40,60,3071,,,36
645,4,2026-04-19 00:00:00,"Quantity sold 0.279  @ 3,584.23",15337,-1,,-1,40,60,3071,,,36
646,4,2026-04-20 00:00:00,Quantity bought 99.845 @10.02,15525,-1,,-1,40,60,3074,,,36
647,4,2026-04-20 00:00:00,Quantity bought 54.948 @18.20,15524,-1,,-1,40,60,3081,,,36
648,4,2026-04-20 00:00:00,Quantity bought 108.995 @9.17,15526,-1,,-1,40,60,3082,,,36
649,4,2026-04-20 00:00:00,"Quantity sold 0.342  @ 2,923.98",15521,-1,,-1,40,60,3070,,,36
650,4,2026-04-20 00:00:00,"Quantity sold 0.279  @ 3,584.23",15522,-1,,-1,40,60,3071,,,36
651,4,2026-04-20 00:00:00,"Quantity sold 0.279  @ 3,584.23",15523,-1,,-1,40,60,3071,,,36
652,4,2026-04-21 00:00:00,Quantity bought 99.656 @10.03,15531,-1,,-1,40,60,3074,,,36
653,4,2026-04-21 00:00:00,Quantity bought 54.661 @18.29,15530,-1,,-1,40,60,3081,,,36
654,4,2026-04-21 00:00:00,Quantity bought 108.202 @9.24,15532,-1,,-1,40,60,3082,,,36
655,4,2026-04-21 00:00:00,"Quantity sold 0.342  @ 2,923.98",15527,-1,,-1,40,60,3070,,,36
656,4,2026-04-21 00:00:00,"Quantity sold 0.279  @ 3,584.23",15528,-1,,-1,40,60,3071,,,36
657,4,2026-04-21 00:00:00,"Quantity sold 0.279  @ 3,584.23",15529,-1,,-1,40,60,3071,,,36
658,4,2026-04-22 00:00:00,Quantity bought 99.756 @10.02,15537,-1,,-1,40,60,3074,,,36
659,4,2026-04-22 00:00:00,Quantity bought 54.686 @18.29,15536,-1,,-1,40,60,3081,,,36
660,4,2026-04-22 00:00:00,Quantity bought 108.444 @9.22,15538,-1,,-1,40,60,3082,,,36
661,4,2026-04-22 00:00:00,"Quantity sold 0.342  @ 2,923.98",15533,-1,,-1,40,60,3070,,,36
662,4,2026-04-22 00:00:00,"Quantity sold 0.279  @ 3,584.23",15534,-1,,-1,40,60,3071,,,36
663,4,2026-04-22 00:00:00,"Quantity sold 0.279  @ 3,584.23",15535,-1,,-1,40,60,3071,,,36
664,4,2026-04-23 00:00:00,Quantity bought 99.885 @10.01,15543,-1,,-1,40,60,3074,,,36
665,4,2026-04-23 00:00:00,Quantity bought 54.919 @18.21,15542,-1,,-1,40,60,3081,,,36
666,4,2026-04-23 00:00:00,Quantity bought 109.186 @9.16,15544,-1,,-1,40,60,3082,,,36
667,4,2026-04-23 00:00:00,"Quantity sold 0.342  @ 2,923.98",15539,-1,,-1,40,60,3070,,,36
668,4,2026-04-23 00:00:00,"Quantity sold 0.279  @ 3,584.23",15540,-1,,-1,40,60,3071,,,36
669,4,2026-04-23 00:00:00,"Quantity sold 0.279  @ 3,584.23",15541,-1,,-1,40,60,3071,,,36
670,4,2026-04-24 00:00:00,Quantity bought 100.985 @9.90,15546,-1,,-1,40,60,3074,,,36
671,4,2026-04-24 00:00:00,Quantity bought 55.376 @18.06,15545,-1,,-1,40,60,3081,,,36
672,4,2026-04-24 00:00:00,Quantity bought 109.999 @9.09,15547,-1,,-1,40,60,3082,,,36
673,4,2026-04-26 00:00:00,"Quantity sold 0.342  @ 2,923.98",15548,-1,,-1,40,60,3070,,,36
674,4,2026-04-26 00:00:00,"Quantity sold 0.279  @ 3,584.23",15549,-1,,-1,40,60,3071,,,36
675,4,2026-04-26 00:00:00,"Quantity sold 0.279  @ 3,584.23",15550,-1,,-1,40,60,3071,,,36
676,4,2026-04-27 00:00:00,Quantity bought 99.656 @10.03,15555,-1,,-1,40,60,3074,,,36
677,4,2026-04-27 00:00:00,Quantity bought 54.93 @18.20,15554,-1,,-1,40,60,3081,,,36
678,4,2026-04-27 00:00:00,Quantity bought 109.208 @9.16,15556,-1,,-1,40,60,3082,,,36
679,4,2026-04-27 00:00:00,"Quantity sold 0.342  @ 2,923.98",15551,-1,,-1,40,60,3070,,,36
680,4,2026-04-27 00:00:00,"Quantity sold 0.279  @ 3,584.23",15552,-1,,-1,40,60,3071,,,36
681,4,2026-04-27 00:00:00,"Quantity sold 0.279  @ 3,584.23",15553,-1,,-1,40,60,3071,,,36
682,4,2026-04-28 00:00:00,Quantity bought 99.32 @10.07,15561,-1,,-1,40,60,3074,,,36
683,4,2026-04-28 00:00:00,Quantity bought 54.916 @18.21,15560,-1,,-1,40,60,3081,,,36
684,4,2026-04-28 00:00:00,Quantity bought 109.045 @9.17,15562,-1,,-1,40,60,3082,,,36
685,4,2026-04-28 00:00:00,"Quantity sold 0.342  @ 2,923.98",15557,-1,,-1,40,60,3070,,,36
686,4,2026-04-28 00:00:00,"Quantity sold 0.279  @ 3,584.23",15558,-1,,-1,40,60,3071,,,36
687,4,2026-04-28 00:00:00,"Quantity sold 0.279  @ 3,584.23",15559,-1,,-1,40,60,3071,,,36
688,4,2026-04-29 00:00:00,Quantity bought 99.044 @10.10,15567,-1,,-1,40,60,3074,,,36
689,4,2026-04-29 00:00:00,Quantity bought 55.001 @18.18,15566,-1,,-1,40,60,3081,,,36
690,4,2026-04-29 00:00:00,Quantity bought 108.465 @9.22,15568,-1,,-1,40,60,3082,,,36
691,4,2026-04-29 00:00:00,"Quantity sold 0.341  @ 2,932.55",15563,-1,,-1,40,60,3070,,,36
692,4,2026-04-29 00:00:00,"Quantity sold 0.279  @ 3,584.23",15564,-1,,-1,40,60,3071,,,36
693,4,2026-04-29 00:00:00,"Quantity sold 0.279  @ 3,584.23",15565,-1,,-1,40,60,3071,,,36
694,4,2026-04-30 00:00:00,Quantity bought 99.945 @10.01,15570,-1,,-1,40,60,3074,,,36
695,4,2026-04-30 00:00:00,Quantity bought 55.532 @18.01,15569,-1,,-1,40,60,3081,,,36
696,4,2026-04-30 00:00:00,Quantity bought 109.373 @9.14,15571,-1,,-1,40,60,3082,,,36
697,4,2026-05-03 00:00:00,"Quantity sold 0.341  @ 2,932.55",15572,-1,,-1,40,60,3070,,,36
698,4,2026-05-03 00:00:00,"Quantity sold 0.279  @ 3,584.23",15573,-1,,-1,40,60,3071,,,36
699,4,2026-05-03 00:00:00,"Quantity sold 0.279  @ 3,584.23",15574,-1,,-1,40,60,3071,,,36
700,4,2026-05-04 00:00:00,Quantity bought 99.805 @10.02,15579,-1,,-1,40,60,3074,,,36
701,4,2026-05-04 00:00:00,Quantity bought 55.194 @18.12,15578,-1,,-1,40,60,3081,,,36
702,4,2026-05-04 00:00:00,Quantity bought 108.564 @9.21,15580,-1,,-1,40,60,3082,,,36
703,4,2026-05-04 00:00:00,"Quantity sold 0.341  @ 2,932.55",15575,-1,,-1,40,60,3070,,,36
704,4,2026-05-04 00:00:00,"Quantity sold 0.279  @ 3,584.23",15576,-1,,-1,40,60,3071,,,36
705,4,2026-05-04 00:00:00,"Quantity sold 0.279  @ 3,584.23",15577,-1,,-1,40,60,3071,,,36
706,4,2026-05-05 00:00:00,Quantity bought 99.182 @10.08,15615,-1,,-1,40,60,3074,,,36
707,4,2026-05-05 00:00:00,Quantity bought 54.985 @18.19,15614,-1,,-1,40,60,3081,,,36
708,4,2026-05-05 00:00:00,Quantity bought 108.082 @9.25,15616,-1,,-1,40,60,3082,,,36
709,4,2026-05-05 00:00:00,"Quantity bought 13.375 @5,607.48",15608,-1,,-1,40,60,3126,,,36
710,4,2026-05-05 00:00:00,"Quantity bought 29.834 @3,351.88",15609,-1,,-1,40,60,3127,,,36
711,4,2026-05-05 00:00:00,"Quantity bought 50.376 @3,970.14",15610,-1,,-1,40,60,3128,,,36
712,4,2026-05-05 00:00:00,"Quantity sold 0.341  @ 2,932.55",15611,-1,,-1,40,60,3070,,,36
713,4,2026-05-05 00:00:00,"Quantity sold 0.279  @ 3,584.23",15612,-1,,-1,40,60,3071,,,36
714,4,2026-05-05 00:00:00,"Quantity sold 0.279  @ 3,584.23",15613,-1,,-1,40,60,3071,,,36
715,4,2026-05-06 00:00:00,"Quantity bought 29.432 @6,795.32",15617,-1,,-1,40,60,2407,,,36
716,4,2026-05-06 00:00:00,"Quantity bought 25.586 @2,931.29",15618,-1,,-1,40,60,3070,,,36
717,4,2026-05-06 00:00:00,"Quantity bought 20.903 @3,588.00",15619,-1,,-1,40,60,3071,,,36
718,4,2026-05-06 00:00:00,Quantity bought 97.547 @10.25,15723,-1,,-1,40,60,3074,,,36
719,4,2026-05-06 00:00:00,Quantity bought 53.866 @18.56,15721,-1,,-1,40,60,3081,,,36
720,4,2026-05-06 00:00:00,Quantity bought 106.353 @9.40,15724,-1,,-1,40,60,3082,,,36
721,4,2026-05-06 00:00:00,Quantity bought 5125.986 @14.63,15620,-1,,-1,40,60,3129,,,36
722,4,2026-05-06 00:00:00,Quantity bought 4507.961 @16.64,15722,-1,,-1,40,60,3132,,,36
723,4,2026-05-06 00:00:00,"Quantity sold 0.341  @ 2,932.55",15718,-1,,-1,40,60,3070,,,36
724,4,2026-05-06 00:00:00,"Quantity sold 0.279  @ 3,584.23",15719,-1,,-1,40,60,3071,,,36
725,4,2026-05-06 00:00:00,"Quantity sold 0.279  @ 3,584.23",15720,-1,,-1,40,60,3071,,,36
726,4,2026-05-07 00:00:00,Quantity bought 96.195 @10.40,15729,-1,,-1,40,60,3074,,,36
727,4,2026-05-07 00:00:00,Quantity bought 53.113 @18.83,15728,-1,,-1,40,60,3081,,,36
728,4,2026-05-07 00:00:00,Quantity bought 105.419 @9.49,15730,-1,,-1,40,60,3082,,,36
729,4,2026-05-07 00:00:00,"Quantity sold 0.341  @ 2,932.55",15725,-1,,-1,40,60,3070,,,36
730,4,2026-05-07 00:00:00,"Quantity sold 0.279  @ 3,584.23",15726,-1,,-1,40,60,3071,,,36
731,4,2026-05-07 00:00:00,"Quantity sold 0.279  @ 3,584.23",15727,-1,,-1,40,60,3071,,,36
732,4,2026-05-08 00:00:00,Quantity bought 96.427 @10.37,15732,-1,,-1,40,60,3074,,,36
733,4,2026-05-08 00:00:00,Quantity bought 53.241 @18.78,15731,-1,,-1,40,60,3081,,,36
734,4,2026-05-08 00:00:00,Quantity bought 105.694 @9.46,15733,-1,,-1,40,60,3082,,,36
735,4,2026-05-10 00:00:00,"Quantity sold 0.341  @ 2,932.55",15734,-1,,-1,40,60,3070,,,36
736,4,2026-05-10 00:00:00,"Quantity sold 0.278  @ 3,597.12",15735,-1,,-1,40,60,3071,,,36
737,4,2026-05-10 00:00:00,"Quantity sold 0.278  @ 3,597.12",15736,-1,,-1,40,60,3071,,,36
738,4,2026-05-11 00:00:00,Quantity bought 97.661 @10.24,15741,-1,,-1,40,60,3074,,,36
739,4,2026-05-11 00:00:00,Quantity bought 53.954 @18.53,15740,-1,,-1,40,60,3081,,,36
740,4,2026-05-11 00:00:00,Quantity bought 107.023 @9.34,15742,-1,,-1,40,60,3082,,,36
741,4,2026-05-11 00:00:00,"Quantity sold 0.341  @ 2,932.55",15737,-1,,-1,40,60,3070,,,36
742,4,2026-05-11 00:00:00,"Quantity sold 0.278  @ 3,597.12",15738,-1,,-1,40,60,3071,,,36
743,4,2026-05-11 00:00:00,"Quantity sold 0.278  @ 3,597.12",15739,-1,,-1,40,60,3071,,,36
744,4,2026-05-12 00:00:00,Quantity bought 100.316 @9.97,15747,-1,,-1,40,60,3074,,,36
745,4,2026-05-12 00:00:00,Quantity bought 55.394 @18.05,15746,-1,,-1,40,60,3081,,,36
746,4,2026-05-12 00:00:00,Quantity bought 109.66 @9.12,15748,-1,,-1,40,60,3082,,,36
747,4,2026-05-12 00:00:00,"Quantity sold 0.341  @ 2,932.55",15743,-1,,-1,40,60,3070,,,36
748,4,2026-05-12 00:00:00,"Quantity sold 0.278  @ 3,597.12",15744,-1,,-1,40,60,3071,,,36
749,4,2026-05-12 00:00:00,"Quantity sold 0.278  @ 3,597.12",15745,-1,,-1,40,60,3071,,,36
750,4,2021-04-12 00:00:00,"Share Contract Note,  No.:CNT-21/22-5341220",-1,2782,,-1,40,50,-1,,,36
751,4,2021-04-15 00:00:00,"Share Contract Note,  No.:CNT-21/22-7120460",-1,2784,,-1,40,50,-1,,,36
752,4,2021-04-19 00:00:00,"Share Contract Note,  No.:CNT-21/22-8717889",-1,2791,,-1,40,50,-1,,,36
753,4,2021-04-30 00:00:00,"Share Contract Note,  No.:CNT-21/22-15232171",-1,2819,,-1,40,50,-1,,,36
754,4,2021-04-29 00:00:00,"Share Contract Note,  No.:CNT-21/22-14371365",-1,2820,,-1,40,40,-1,,,36
755,4,2021-07-19 00:00:00,"Share Contract Note,  No.:CNT-21/22-70140775",-1,2861,,-1,40,50,-1,,,36
756,4,2021-09-01 00:00:00,"Share Contract Note,  No.:CNT-21/22-99770718",-1,2883,,-1,40,50,-1,,,36
757,4,2021-09-03 00:00:00,"Share Contract Note,  No.:CNT-21/22-101664099",-1,2884,,-1,40,50,-1,,,36
758,4,2021-09-06 00:00:00,"Share Contract Note,  No.:CNT-21/22-102606220",-1,2885,,-1,40,50,-1,,,36
759,4,2021-09-13 00:00:00,"Share Contract Note,  No.:CNT-21/22-106286636",-1,2887,,-1,40,50,-1,,,36
760,4,2021-09-20 00:00:00,"Share Contract Note,  No.:CNT-21/22-111668007",-1,2894,,-1,40,50,-1,,,36
761,4,2021-09-24 00:00:00,"Share Contract Note,  No.:CNT-21/22-117883190",-1,2895,,-1,40,50,-1,,,36
762,4,2021-10-01 00:00:00,"Share Contract Note,  No.:CNT-21/22-123072624",-1,2898,,-1,40,50,-1,,,36
763,4,2021-10-06 00:00:00,"Share Contract Note,  No.:CNT-21/22-126279194",-1,2899,,-1,40,50,-1,,,36
764,4,2021-10-11 00:00:00,"Share Contract Note,  No.:CNT-21/22-129665467",-1,2901,,-1,40,50,-1,,,36
765,4,2021-10-14 00:00:00,"Share Contract Note,  No.:CNT-21/22-133432459",-1,2902,,-1,40,50,-1,,,36
766,4,2021-10-12 00:00:00,"Share Contract Note,  No.:CNT-21/22-130877544",-1,2903,,-1,40,50,-1,,,36
767,4,2021-10-18 00:00:00,"Share Contract Note,  No.:CNT-21/22-134774402",-1,2950,,-1,40,50,-1,,,36
768,4,2021-10-25 00:00:00,"Share Contract Note,  No.:CNT-21/22-141003965",-1,2951,,-1,40,50,-1,,,36
769,4,2021-10-26 00:00:00,"Share Contract Note,  No.:CNT-21/22-142087254",-1,2956,,-1,40,50,-1,,,36
770,4,2021-10-29 00:00:00,"Share Contract Note,  No.:CNT-21/22-145357355",-1,2961,,-1,40,50,-1,,,36
771,4,2021-11-01 00:00:00,"Share Contract Note,  No.:CNT-21/22-146391289",-1,2962,,-1,40,50,-1,,,36
772,4,2021-11-25 00:00:00,"Share Contract Note,  No.:CNT-21/22-163082927",-1,2963,,-1,40,50,-1,,,36
773,4,2021-12-01 00:00:00,"Share Contract Note,  No.:CNT-21/22-167526449",-1,2969,,-1,40,50,-1,,,36
774,4,2021-12-06 00:00:00,"Share Contract Note,  No.:CNT-21/22-170423792",-1,2971,,-1,40,50,-1,,,36
775,4,2021-12-13 00:00:00,"Share Contract Note,  No.:CNT-21/22-175368867",-1,2972,,-1,40,50,-1,,,36
776,4,2021-12-20 00:00:00,"Share Contract Note,  No.:CNT-21/22-180655365",-1,2973,,-1,40,50,-1,,,36
777,4,2021-12-24 00:00:00,"Share Contract Note,  No.:CNT-21/22-184561189",-1,2974,,-1,40,50,-1,,,36
778,4,2022-01-03 00:00:00,"Share Contract Note,  No.:CNT-21/22-190132266",-1,2975,,-1,40,50,-1,,,36
779,4,2022-01-06 00:00:00,"Share Contract Note,  No.:CNT-21/22-193558955",-1,2976,,-1,40,50,-1,,,36
780,4,2022-01-12 00:00:00,"Share Contract Note,  No.:CNT-21/22-199555861",-1,2980,,-1,40,50,-1,,,36
781,4,2022-01-20 00:00:00,"Share Contract Note,  No.:CNT-21/22-206964803",-1,2989,,-1,40,50,-1,,,36
782,4,2022-01-24 00:00:00,"Share Contract Note,  No.:CNT-21/22-209473263",-1,2990,,-1,40,50,-1,,,36
783,4,2022-03-02 00:00:00,"Share Contract Note,  No.:CNT-21/22-237747667",-1,2992,,-1,40,50,-1,,,36
784,4,2022-02-24 00:00:00,"Share Contract Note,  No.:CNT-21/22-234173195",-1,2993,,-1,40,50,-1,,,36
785,4,2022-03-07 00:00:00,"Share Contract Note,  No.:CNT-21/22-241107489",-1,2997,,-1,40,50,-1,,,36
786,4,2022-03-14 00:00:00,"Share Contract Note,  No.:CNT-21/22-246809514",-1,3001,,-1,40,50,-1,,,36
787,4,2022-03-21 00:00:00,"Share Contract Note,  No.:CNT-21/22-250460894",-1,3045,,-1,40,50,-1,,,36
788,4,2022-04-01 00:00:00,"Share Contract Note,  No.:CNT-22/23-417703",-1,3060,,-1,40,50,-1,,,36
789,4,2022-04-06 00:00:00,"Share Contract Note,  No.:CNT-22/23-3717159",-1,3070,,-1,40,50,-1,,,36
790,4,2022-04-12 00:00:00,"Share Contract Note,  No.:CNT-22/23-8312275",-1,3075,,-1,40,50,-1,,,36
791,4,2022-05-02 00:00:00,"Share Contract Note,  No.:CNT-22/23-20930598",-1,3111,,-1,40,50,-1,,,36
792,4,2022-05-06 00:00:00,"Share Contract Note,  No.:CNT-22/23-24106923",-1,3112,,-1,40,50,-1,,,36
793,4,2022-05-12 00:00:00,"Share Contract Note,  No.:CNT-22/23-28335739",-1,3125,,-1,40,50,-1,,,36
794,4,2022-04-18 00:00:00,"Share Contract Note,  No.:CNT-22/23-10521746",-1,3130,,-1,40,50,-1,,,36
795,4,2022-04-25 00:00:00,"Share Contract Note,  No.:CNT-22/23-15881596",-1,3131,,-1,40,50,-1,,,36
796,4,2022-05-24 00:00:00,"Share Contract Note,  No.:CNT-22/23-36030504",-1,3135,,-1,40,50,-1,,,36
797,4,2022-05-30 00:00:00,"Share Contract Note,  No.:CNT-22/23-39618058",-1,3145,,-1,40,50,-1,,,36
798,4,2022-05-31 00:00:00,"Share Contract Note,  No.:CNT-22/23-40487612",-1,3149,,-1,40,50,-1,,,36
799,4,2022-06-01 00:00:00,"Share Contract Note,  No.:CNT-22/23-41371937",-1,3151,,-1,40,50,-1,,,36
800,4,2022-06-06 00:00:00,"Share Contract Note,  No.:CNT-22/23-43974041",-1,3156,,-1,40,50,-1,,,36
801,4,2022-06-10 00:00:00,"Share Contract Note,  No.:CNT-22/23-48145487",-1,3162,,-1,40,50,-1,,,36
802,4,2022-06-13 00:00:00,"Share Contract Note,  No.:CNT-22/23-49036872",-1,3164,,-1,40,50,-1,,,36
803,4,2022-06-16 00:00:00,"Share Contract Note,  No.:CNT-22/23-51701702",-1,3170,,-1,40,50,-1,,,36
804,4,2022-06-17 00:00:00,"Share Contract Note,  No.:CNT-22/23-52667801",-1,3175,,-1,40,50,-1,,,36
805,4,2022-06-20 00:00:00,"Share Contract Note,  No.:CNT-22/23-53537880",-1,3177,,-1,40,50,-1,,,36
806,4,2022-06-24 00:00:00,"Share Contract Note,  No.:CNT-22/23-58659228",-1,3185,,-1,40,50,-1,,,36
807,4,2022-07-01 00:00:00,"Share Contract Note,  No.:CNT-22/23-62140222",-1,3195,,-1,40,50,-1,,,36
808,4,2022-07-06 00:00:00,"Share Contract Note,  No.:CNT-22/23-64465053",-1,3204,,-1,40,50,-1,,,36
809,4,2022-07-12 00:00:00,"Share Contract Note,  No.:CNT-22/23-67748214",-1,3219,,-1,40,50,-1,,,36
810,4,2022-07-18 00:00:00,"Share Contract Note,  No.:CNT-22/23-71003439",-1,3221,,-1,40,50,-1,,,36
811,4,2022-07-25 00:00:00,"Share Contract Note,  No.:CNT-22/23-75248103",-1,3228,,-1,40,50,-1,,,36
812,4,2022-08-01 00:00:00,"Share Contract Note,  No.:CNT-22/23-79755214",-1,3238,,-1,40,50,-1,,,36
813,4,2022-08-04 00:00:00,"Share Contract Note,  No.:CNT-22/23-82732855",-1,3244,,-1,40,50,-1,,,36
814,4,2022-08-05 00:00:00,"Share Contract Note,  No.:CNT-22/23-83703925",-1,3247,,-1,40,50,-1,,,36
815,4,2022-08-08 00:00:00,"Share Contract Note,  No.:CNT-22/23-84606899",-1,3249,,-1,40,50,-1,,,36
816,4,2022-08-10 00:00:00,"Share Contract Note,  No.:CNT-22/23-85542905",-1,3252,,-1,40,50,-1,,,36
817,4,2022-08-11 00:00:00,"Share Contract Note,  No.:CNT-22/23-86504745",-1,3255,,-1,40,50,-1,,,36
818,4,2022-08-12 00:00:00,"Share Contract Note,  No.:CNT-22/23-87435430",-1,3256,,-1,40,50,-1,,,36
819,4,2022-08-17 00:00:00,"Share Contract Note,  No.:CNT-22/23-89318381",-1,3258,,-1,40,50,-1,,,36
820,4,2022-08-18 00:00:00,"Share Contract Note,  No.:CNT-22/23-90347761",-1,3262,,-1,40,50,-1,,,36
821,4,2022-08-22 00:00:00,"Share Contract Note,  No.:CNT-22/23-92380501",-1,3269,,-1,40,50,-1,,,36
822,4,2022-08-24 00:00:00,"Share Contract Note,  No.:CNT-22/23-94303479",-1,3270,,-1,40,50,-1,,,36
823,4,2022-09-01 00:00:00,"Share Contract Note,  No.:CNT-22/23-99269229",-1,3277,,-1,40,50,-1,,,36
824,4,2022-09-05 00:00:00,"Share Contract Note,  No.:CNT-22/23-101351598",-1,3280,,-1,40,50,-1,,,36
825,4,2022-09-06 00:00:00,"Share Contract Note,  No.:CNT-22/23-102390694",-1,3286,,-1,40,50,-1,,,36
826,4,2022-09-12 00:00:00,"Share Contract Note,  No.:CNT-22/23-106560881",-1,3294,,-1,40,50,-1,,,36
827,4,2022-09-13 00:00:00,"Share Contract Note,  No.:CNT-22/23-107595069",-1,3298,,-1,40,50,-1,,,36
828,4,2022-09-15 00:00:00,"Share Contract Note,  No.:CNT-22/23-110275935",-1,3302,,-1,40,50,-1,,,36
829,4,2022-09-16 00:00:00,"Share Contract Note,  No.:CNT-22/23-111077673",-1,3304,,-1,40,50,-1,,,36
830,4,2022-09-19 00:00:00,"Share Contract Note,  No.:CNT-22/23-112194346",-1,3309,,-1,40,50,-1,,,36
831,4,2022-09-20 00:00:00,"Share Contract Note,  No.:CNT-22/23-113203221",-1,3311,,-1,40,50,-1,,,36
832,4,2022-09-21 00:00:00,"Share Contract Note,  No.:CNT-22/23-114201383",-1,3314,,-1,40,50,-1,,,36
833,4,2022-09-26 00:00:00,"Share Contract Note,  No.:CNT-22/23-117389099",-1,3321,,-1,40,50,-1,,,36
834,4,2022-10-03 00:00:00,"Share Contract Note,  No.:CNT-22/23-122227959",-1,3337,,-1,40,50,-1,,,36
835,4,2022-10-06 00:00:00,"Share Contract Note,  No.:CNT-22/23-124052342",-1,3338,,-1,40,50,-1,,,36
836,4,2022-10-28 00:00:00,"Share Contract Note,  No.:CNT-22/23-137027690",-1,3355,,-1,40,50,-1,,,36
837,4,2022-11-01 00:00:00,"Share Contract Note,  No.:CNT-22/23-138778634",-1,3362,,-1,40,50,-1,,,36
838,4,2022-11-07 00:00:00,"Share Contract Note,  No.:CNT-22/23-142456462",-1,3367,,-1,40,50,-1,,,36
839,4,2022-11-10 00:00:00,"Share Contract Note,  No.:CNT-22/23-144469236",-1,3368,,-1,40,50,-1,,,36
840,4,2022-11-14 00:00:00,"Share Contract Note,  No.:CNT-22/23-146448604",-1,3369,,-1,40,50,-1,,,36
841,4,2022-11-18 00:00:00,"Share Contract Note,  No.:CNT-22/23-150308679",-1,3386,,-1,40,50,-1,,,36
842,4,2022-11-24 00:00:00,"Share Contract Note,  No.:CNT-22/23-153844636",-1,3387,,-1,40,50,-1,,,36
843,4,2022-11-30 00:00:00,"Share Contract Note,  No.:CNT-22/23-157504070",-1,3393,,-1,40,50,-1,,,36
844,4,2022-12-01 00:00:00,"Share Contract Note,  No.:CNT-22/23-158484579",-1,3395,,-1,40,50,-1,,,36
845,4,2022-12-02 00:00:00,"Share Contract Note,  No.:CNT-22/23-159464915",-1,3397,,-1,40,50,-1,,,36
846,4,2022-12-06 00:00:00,"Share Contract Note,  No.:CNT-22/23-161351119",-1,3401,,-1,40,50,-1,,,36
847,4,2022-12-09 00:00:00,"Share Contract Note,  No.:CNT-22/23-164200656",-1,3406,,-1,40,50,-1,,,36
848,4,2022-12-12 00:00:00,"Share Contract Note,  No.:CNT-22/23-165154215",-1,3412,,-1,40,50,-1,,,36
849,4,2022-12-26 00:00:00,"Share Contract Note,  No.:CNT-22/23-175225503",-1,3424,,-1,40,50,-1,,,36
850,4,2023-01-12 00:00:00,"Share Contract Note,  No.:CNT-22/23-186920156",-1,3438,,-1,40,50,-1,,,36
851,4,2023-01-18 00:00:00,"Share Contract Note,  No.:CNT-22/23-190380747",-1,3439,,-1,40,50,-1,,,36
852,4,2023-02-24 00:00:00,"Share Contract Note,  No.:CNT-22/23-215070347",-1,3456,,-1,40,50,-1,,,36
853,4,2023-03-01 00:00:00,"Share Contract Note,  No.:CNT-22/23-217318328",-1,3457,,-1,40,50,-1,,,36
854,4,2023-02-01 00:00:00,"Share Contract Note,  No.:CNT-22/23-198649533",-1,3458,,-1,40,50,-1,,,36
855,4,2023-02-06 00:00:00,"Share Contract Note,  No.:CNT-22/23-201735198",-1,3459,,-1,40,50,-1,,,36
856,4,2023-02-13 00:00:00,"Share Contract Note,  No.:CNT-22/23-206593957",-1,3460,,-1,40,50,-1,,,36
857,4,2023-02-20 00:00:00,"Share Contract Note,  No.:CNT-22/23-211072130",-1,3461,,-1,40,50,-1,,,36
858,4,2023-01-24 00:00:00,"Share Contract Note,  No.:CNT-22/23-193833329",-1,3486,,-1,40,50,-1,,,36
859,4,2023-04-19 00:00:00,"Share Contract Note,  No.:CNT-23/24-7882740",-1,3509,,-1,40,40,-1,,,36
860,4,2022-07-11 00:00:00,"Share Contract Note,  No.:CNT-22/23-66921093",-1,3663,,-1,40,50,-1,,,36
861,4,2022-08-02 00:00:00,"Share Contract Note,  No.:CNT-22/23-80756410",-1,3664,,-1,40,50,-1,,,36
862,4,2022-07-21 00:00:00,"Share Contract Note,  No.:CNT-22/23-73570090",-1,3665,,-1,40,50,-1,,,36
863,4,2022-07-14 00:00:00,"Share Contract Note,  No.:CNT-22/23-69411234",-1,3666,,-1,40,50,-1,,,36
864,4,2023-07-27 00:00:00,"Share Contract Note,  No.:CNT-23/24-74616945",-1,3695,,-1,40,50,-1,,,36
865,4,2023-08-01 00:00:00,"Share Contract Note,  No.:CNT-23/24-77815362",-1,3701,,-1,40,50,-1,,,36
866,4,2023-08-07 00:00:00,"Share Contract Note,  No.:CNT-23/24-82414661",-1,3702,,-1,40,50,-1,,,36
867,4,2023-09-05 00:00:00,"Share Contract Note,  No.:CNT-23/24-104692330",-1,3705,,-1,40,50,-1,,,36
868,4,2023-09-06 00:00:00,"Share Contract Note,  No.:CNT-23/24-105919155",-1,3706,,-1,40,50,-1,,,36
869,4,2023-09-08 00:00:00,"Share Contract Note,  No.:CNT-23/24-108294292",-1,3709,,-1,40,50,-1,,,36
870,4,2023-09-18 00:00:00,"Share Contract Note,  No.:CNT-23/24-115643200",-1,3711,,-1,40,50,-1,,,36
871,4,2023-09-25 00:00:00,"Share Contract Note,  No.:CNT-23/24-120189134",-1,3716,,-1,40,50,-1,,,36
872,4,2023-10-03 00:00:00,"Share Contract Note,  No.:CNT-23/24-125432547",-1,3717,,-1,40,50,-1,,,36
873,4,2023-10-09 00:00:00,"Share Contract Note,  No.:CNT-23/24-129762999",-1,3721,,-1,40,50,-1,,,36
874,4,2023-10-12 00:00:00,"Share Contract Note,  No.:CNT-23/24-132709953",-1,3726,,-1,40,50,-1,,,36
875,4,2023-10-11 00:00:00,"Share Contract Note,  No.:CNT-23/24-131732177",-1,3727,,-1,40,50,-1,,,36
876,4,2023-10-16 00:00:00,"Share Contract Note,  No.:CNT-23/24-134625055",-1,3729,,-1,40,50,-1,,,36
877,4,2023-11-03 00:00:00,"Share Contract Note,  No.:CNT-23/24-147515054",-1,3741,,-1,40,50,-1,,,36
878,4,2023-10-18 00:00:00,"Share Contract Note,  No.:CNT-23/24-136621306",-1,3742,,-1,40,50,-1,,,36
879,4,2023-11-06 00:00:00,"Share Contract Note,  No.:CNT-23/24-148454169",-1,3743,,-1,40,50,-1,,,36
880,4,2023-11-13 00:00:00,"Share Contract Note,  No.:CNT-23/24-154230538",-1,3744,,-1,40,50,-1,,,36
881,4,2023-11-20 00:00:00,"Share Contract Note,  No.:CNT-23/24-158412102",-1,3745,,-1,40,50,-1,,,36
882,4,2023-11-21 00:00:00,"Share Contract Note,  No.:CNT-23/24-159427298",-1,3747,,-1,40,50,-1,,,36
883,4,2023-11-22 00:00:00,"Share Contract Note,  No.:CNT-23/24-160435951",-1,3749,,-1,40,50,-1,,,36
884,4,2023-12-06 00:00:00,"Share Contract Note,  No.:CNT-23/24-170523835",-1,3755,,-1,40,50,-1,,,36
885,4,2023-12-14 00:00:00,"Share Contract Note,  No.:CNT-23/24-178098646",-1,3759,,-1,40,50,-1,,,36
886,4,2023-12-20 00:00:00,"Share Contract Note,  No.:CNT-23/24-183578784",-1,3762,,-1,40,50,-1,,,36
887,4,2023-12-26 00:00:00,"Share Contract Note,  No.:CNT-23/24-186885833",-1,3763,,-1,40,50,-1,,,36
888,4,2024-01-04 00:00:00,"Share Contract Note,  No.:CNT-23/24-195542312",-1,3764,,-1,40,50,-1,,,36
889,4,2024-01-17 00:00:00,"Share Contract Note,  No.:CNT-23/24-207872107",-1,3774,,-1,40,50,-1,,,36
890,4,2024-01-18 00:00:00,"Share Contract Note,  No.:CNT-23/24-209347259",-1,3776,,-1,40,50,-1,,,36
891,4,2024-01-19 00:00:00,"Share Contract Note,  No.:CNT-23/24-210363584",-1,3778,,-1,40,50,-1,,,36
892,4,2024-01-20 00:00:00,"Share Contract Note,  No.:CNT-23/24-211637332",-1,3779,,-1,40,50,-1,,,36
893,4,2024-01-23 00:00:00,"Share Contract Note,  No.:CNT-23/24-213483082",-1,3781,,-1,40,50,-1,,,36
894,4,2024-01-24 00:00:00,"Share Contract Note,  No.:CNT-23/24-214545820",-1,3782,,-1,40,50,-1,,,36
895,4,2024-01-29 00:00:00,"Share Contract Note,  No.:CNT-23/24-217278487",-1,3783,,-1,40,50,-1,,,36
896,4,2024-02-01 00:00:00,"Share Contract Note,  No.:CNT-23/24-222040991",-1,3789,,-1,40,50,-1,,,36
897,4,2024-02-05 00:00:00,"Share Contract Note,  No.:CNT-23/24-225233823",-1,3795,,-1,40,50,-1,,,36
898,4,2024-02-16 00:00:00,"Share Contract Note,  No.:CNT-23/24-238194932",-1,3805,,-1,40,50,-1,,,36
899,4,2024-02-19 00:00:00,"Share Contract Note,  No.:CNT-23/24-239475897",-1,3809,,-1,40,50,-1,,,36
900,4,2024-03-06 00:00:00,"Share Contract Note,  No.:CNT-23/24-254868336",-1,3823,,-1,40,50,-1,,,36
901,4,2024-03-14 00:00:00,"Share Contract Note,  No.:CNT-23/24-261356557",-1,3836,,-1,40,50,-1,,,36
902,4,2024-03-18 00:00:00,"Share Contract Note,  No.:CNT-23/24-263630444",-1,3847,,-1,40,50,-1,,,36
903,4,2024-03-22 00:00:00,"Share Contract Note,  No.:CNT-23/24-267769660",-1,3854,,-1,40,50,-1,,,36
904,4,2024-03-27 00:00:00,"Share Contract Note,  No.:CNT-23/24-269800709",-1,3857,,-1,40,50,-1,,,36
905,4,2023-10-17 00:00:00,"Share Contract Note,  No.:CNT-23/24-135600685",-1,3866,,-1,40,50,-1,,,36
906,4,2023-10-25 00:00:00,"Share Contract Note,  No.:CNT-23/24-140706922",-1,3867,,-1,40,50,-1,,,36
907,4,2023-11-01 00:00:00,"Share Contract Note,  No.:CNT-23/24-145637987",-1,3868,,-1,40,50,-1,,,36
908,4,2023-11-24 00:00:00,"Share Contract Note,  No.:CNT-23/24-162347136",-1,3869,,-1,40,50,-1,,,36
909,4,2024-04-02 00:00:00,"Share Contract Note,  No.:CNT-24/25-1570937",-1,3874,,-1,40,50,-1,,,36
910,4,2024-04-18 00:00:00,"Share Contract Note,  No.:CNT-24/25-13171549",-1,3876,,-1,40,50,-1,,,36
911,4,2024-05-09 00:00:00,"Share Contract Note,  No.:CNT-24/25-29034720",-1,3884,,-1,40,50,-1,,,36
912,4,2024-05-13 00:00:00,"Share Contract Note,  No.:CNT-24/25-31320985",-1,3887,,-1,40,50,-1,,,36
913,4,2024-05-28 00:00:00,"Share Contract Note,  No.:CNT-24/25-43467496",-1,3904,,-1,40,50,-1,,,36
914,4,2024-06-07 00:00:00,"Share Contract Note,  No.:CNT-24/25-54989433",-1,3905,,-1,40,50,-1,,,36
915,4,2024-06-12 00:00:00,"Share Contract Note,  No.:CNT-24/25-58916549",-1,3906,,-1,40,50,-1,,,36
916,4,2024-06-13 00:00:00,"Share Contract Note,  No.:CNT-24/25-60211674",-1,3907,,-1,40,50,-1,,,36
917,4,2024-07-08 00:00:00,"Share Contract Note,  No.:CNT-24/25-81145653",-1,3927,,-1,40,50,-1,,,36
918,4,2024-07-10 00:00:00,"Share Contract Note,  No.:CNT-24/25-83728995",-1,3930,,-1,40,50,-1,,,36
919,4,2024-07-12 00:00:00,"Share Contract Note,  No.:CNT-24/25-86476216",-1,3934,,-1,40,50,-1,,,36
920,4,2024-07-16 00:00:00,"Share Contract Note,  No.:CNT-24/25-89093641",-1,3939,,-1,40,50,-1,,,36
921,4,2022-06-09 00:00:00,"Share Contract Note, ",-1,3958,,-1,40,50,-1,,,36
922,4,2022-09-08 00:00:00,"Share Contract Note, ",-1,3959,,-1,40,50,-1,,,36
923,4,2022-10-07 00:00:00,"Share Contract Note, ",-1,3960,,-1,40,50,-1,,,36
924,4,2022-06-01 00:00:00,"Share Contract Note, ",-1,3961,,-1,40,50,-1,,,36
925,4,2024-08-02 00:00:00,"Share Contract Note,  No.:CNT-24/25-104905874",-1,3965,,-1,40,50,-1,,,36
926,4,2024-08-05 00:00:00,"Share Contract Note,  No.:CNT-24/25-106942581",-1,3966,,-1,40,50,-1,,,36
927,4,2024-08-22 00:00:00,"Share Contract Note,  No.:CNT-24/25-121464669",-1,3981,,-1,40,50,-1,,,36
928,4,2024-09-16 00:00:00,"Share Contract Note,  No.:CNT-24/25-141590122",-1,3986,,-1,40,50,-1,,,36
929,4,2024-08-28 00:00:00,"Share Contract Note,  No.:CNT-24/25-126105908",-1,3991,,-1,40,50,-1,,,36
930,4,2024-10-15 00:00:00,"Share Contract Note,  No.:CNT-24/25-165683849",-1,4010,,-1,40,50,-1,,,36
931,4,2024-10-21 00:00:00,"Share Contract Note,  No.:CNT-24/25-169817610",-1,4013,,-1,40,50,-1,,,36
932,4,2024-10-28 00:00:00,"Share Contract Note,  No.:CNT-24/25-175331997",-1,4016,,-1,40,50,-1,,,36
933,4,2024-11-19 00:00:00,"Share Contract Note,  No.:CNT-24/25-191127039",-1,4021,,-1,40,50,-1,,,36
934,4,2024-11-29 00:00:00,"Share Contract Note,  No.:CNT-24/25-198059285",-1,4025,,-1,40,50,-1,,,36
935,4,2024-12-04 00:00:00,"Share Contract Note,  No.:CNT-24/25-201044531",-1,4027,,-1,40,50,-1,,,36
936,4,2024-12-03 00:00:00,"Share Contract Note,  No.:CNT-24/25-200019441",-1,4028,,-1,40,50,-1,,,36
937,4,2024-12-05 00:00:00,"Share Contract Note,  No.:CNT-24/25-202587064",-1,4030,,-1,40,50,-1,,,36
938,4,2024-12-09 00:00:00,"Share Contract Note,  No.:CNT-24/25-204174779",-1,4031,,-1,40,50,-1,,,36
939,4,2024-12-11 00:00:00,"Share Contract Note,  No.:CNT-24/25-206159654",-1,4034,,-1,40,50,-1,,,36
940,4,2024-12-13 00:00:00,"Share Contract Note,  No.:CNT-24/25-208161541",-1,4037,,-1,40,50,-1,,,36
941,4,2025-01-03 00:00:00,"Share Contract Note,  No.:CNT-24/25-221461128",-1,4054,,-1,40,50,-1,,,36
942,4,2025-01-06 00:00:00,"Share Contract Note,  No.:CNT-24/25-222480223",-1,4056,,-1,40,50,-1,,,36
943,4,2025-01-09 00:00:00,"Share Contract Note,  No.:CNT-24/25-225239352",-1,4065,,-1,40,50,-1,,,36
944,4,2025-03-24 00:00:00,"Share Contract Note,  No.:CNT-24/25-268356149",-1,4077,,-1,40,50,-1,,,36
945,4,2025-07-10 00:00:00,"Share Contract Note,  No.:CNT-25/26-58124463",-1,4091,,-1,40,50,-1,,,36
946,4,2025-07-17 00:00:00,"Share Contract Note,  No.:CNT-25/26-62219952",-1,4097,,-1,40,50,-1,,,36
947,4,2025-07-18 00:00:00,"Share Contract Note,  No.:CNT-25/26-63038192",-1,4099,,-1,40,50,-1,,,36
948,4,2025-07-24 00:00:00,"Share Contract Note,  No.:CNT-25/26-66382339",-1,4103,,-1,40,50,-1,,,36
949,4,2025-08-25 00:00:00,"Share Contract Note,  No.:CNT-25/26-83918183",-1,4115,,-1,40,50,-1,,,36
950,4,2025-09-15 00:00:00,"Share Contract Note,  No.:CNT-25/26-95424358",-1,4120,,-1,40,50,-1,,,36
951,4,2025-09-16 00:00:00,"Share Contract Note,  No.:CNT-25/26-96255321",-1,4125,,-1,40,50,-1,,,36
952,4,2025-09-19 00:00:00,"Share Contract Note,  No.:CNT-25/26-98778852",-1,4126,,-1,40,50,-1,,,36
953,4,2025-09-29 00:00:00,"Share Contract Note,  No.:CNT-25/26-103977671",-1,4129,,-1,40,50,-1,,,36
954,4,2025-09-30 00:00:00,"Share Contract Note,  No.:CNT-25/26-104562502",-1,4134,,-1,40,50,-1,,,36
955,4,2025-11-17 00:00:00,"Share Contract Note,  No.:CNT-25/26-132133270",-1,4143,,-1,40,50,-1,,,36
956,4,2025-12-08 00:00:00,"Share Contract Note,  No.:CNT-25/26-144653932",-1,4144,,-1,40,50,-1,,,36
957,4,2025-12-09 00:00:00,"Share Contract Note,  No.:CNT-25/26-145550969",-1,4145,,-1,40,50,-1,,,36
958,4,2025-12-11 00:00:00,"Share Contract Note,  No.:CNT-25/26-147191401",-1,4146,,-1,40,50,-1,,,36
959,4,2025-12-12 00:00:00,"Share Contract Note,  No.:CNT-25/26-147951943",-1,4148,,-1,40,50,-1,,,36
960,4,2025-12-15 00:00:00,"Share Contract Note,  No.:CNT-25/26-148739989",-1,4149,,-1,40,50,-1,,,36
961,4,2025-12-18 00:00:00,"Share Contract Note,  No.:CNT-25/26-151127441",-1,4150,,-1,40,50,-1,,,36
962,4,2025-12-19 00:00:00,"Share Contract Note,  No.:CNT-25/26-152035799",-1,4155,,-1,40,40,-1,,,36
963,4,2025-12-26 00:00:00,"Share Contract Note,  No.:CNT-25/26-155350961",-1,4157,,-1,40,50,-1,,,36
964,4,2025-12-29 00:00:00,"Share Contract Note,  No.:CNT-25/26-156221775",-1,4158,,-1,40,50,-1,,,36
965,4,2025-12-30 00:00:00,"Share Contract Note,  No.:CNT-25/26-157094466",-1,4160,,-1,40,50,-1,,,36
966,4,2026-01-20 00:00:00,"Share Contract Note,  No.:CNT-25/26-169615729",-1,4164,,-1,40,50,-1,,,36
967,4,2026-01-22 00:00:00,"Share Contract Note,  No.:CNT-25/26-171644182",-1,4171,,-1,40,50,-1,,,36
968,4,2026-01-27 00:00:00,"Share Contract Note,  No.:CNT-25/26-173548231",-1,4173,,-1,40,50,-1,,,36
969,4,2026-01-29 00:00:00,"Share Contract Note,  No.:CNT-25/26-175451854",-1,4176,,-1,40,50,-1,,,36
970,4,2026-02-02 00:00:00,"Share Contract Note,  No.:CNT-25/26-178687849",-1,4178,,-1,40,50,-1,,,36
971,4,2026-03-16 00:00:00,"Share Contract Note,  No.:CNT-25/26-204667123",-1,4188,,-1,40,50,-1,,,36
972,4,2026-03-23 00:00:00,"Share Contract Note,  No.:CNT-25/26-209155308",-1,4194,,-1,40,50,-1,,,36
973,4,2026-03-24 00:00:00,"Share Contract Note,  No.:CNT-25/26-210110010",-1,4196,,-1,40,50,-1,,,36
974,4,2026-03-17 00:00:00,"Share Contract Note,  No.:CNT-25/26-205524887",-1,4203,,-1,40,50,-1,,,36
975,4,2026-04-08 00:00:00,"Share Contract Note,  No.:CNT-26/27-4006025",-1,4205,,-1,40,50,-1,,,36
976,4,2026-04-20 00:00:00,"Share Contract Note,  No.:CNT-26/27-10088957",-1,4206,,-1,40,50,-1,,,36
977,4,2026-04-22 00:00:00,"Share Contract Note,  No.:CNT-26/27-11710496",-1,4207,,-1,40,50,-1,,,36
978,4,2026-04-23 00:00:00,"Share Contract Note,  No.:CNT-26/27-12544192",-1,4208,,-1,40,50,-1,,,36
979,4,2026-04-29 00:00:00,"Share Contract Note,  No.:CNT-26/27-15823818",-1,4209,,-1,40,50,-1,,,36
980,4,2026-05-04 00:00:00,"Share Contract Note,  No.:CNT-26/27-17511052",-1,4211,,-1,40,50,-1,,,36
981,4,2026-05-12 00:00:00,"Share Contract Note,  No.:CNT-26/27-22883874",-1,4213,,-1,40,50,-1,,,36
982,4,2022-10-27 00:00:00,"Short sell, position reconciled, bought quantity: 3000, Sold in CN No.:0276442",8359,3282,,-1,41,81,1929,,,36
983,4,2022-10-27 00:00:00,"Short sell, position reconciled, bought quantity: 3000, Sold in CN No.:0284267",8359,3283,,-1,41,81,1929,,,36
984,4,2022-10-27 00:00:00,"Short sell, position reconciled, bought quantity: 5000, Sold in CN No.:0294934",8359,3290,,-1,41,81,1929,,,36
985,4,2022-10-27 00:00:00,"Short sell, position reconciled, bought quantity: 5000, Sold in CN No.:0379570",8359,3312,,-1,41,81,1929,,,36
986,4,2022-11-28 00:00:00,"Short sell, position reconciled, bought quantity: 12000, Sold in CN No.:0433962",8432,3327,,-1,41,81,1939,,,36
987,4,2022-12-13 00:00:00,"Short sell, position reconciled, bought quantity: 2000, Sold in CN No.:1016681",8496,3384,,-1,41,81,1965,,,36
988,4,2022-12-27 00:00:00,"Short sell, position reconciled, bought quantity: 10000, Sold in CN No.:1016681",8547,3384,,-1,41,81,1965,,,36
989,4,2023-01-25 00:00:00,"Short sell, position reconciled, bought quantity: 2000, Sold in CN No.:1222154",8628,3416,,-1,41,81,1986,,,36
990,4,2023-01-25 00:00:00,"Short sell, position reconciled, bought quantity: 10000, Sold in CN No.:1425068",8628,3423,,-1,41,81,1986,,,36
991,4,2023-02-24 00:00:00,"Short sell, position reconciled, bought quantity: 12000, Sold in CN No.:1879421",8710,3447,,-1,41,81,2103,,,36
992,4,2023-03-24 00:00:00,"Short sell, position reconciled, bought quantity: 1000, Sold in CN No.:2390111",8709,3466,,-1,41,81,2122,,,36
993,4,2023-03-28 00:00:00,"Short sell, position reconciled, bought quantity: 11000, Sold in CN No.:2390111",8732,3466,,-1,41,81,2122,,,36
994,4,2023-03-31 00:00:00,"Short sell, position reconciled, bought quantity: 11000, Sold in CN No.:2952945",8756,3468,,-1,41,81,2131,,,36
995,4,2023-04-26 00:00:00,"Short sell, position reconciled, bought quantity: 11000, Settlement No.:opening",8832,3479,,-1,41,81,2131,,,36
996,4,2023-05-23 00:00:00,"Short sell, position reconciled, bought quantity: 11000, Sold in CN No.:0431460",8902,3513,,-1,41,81,2205,,,36
997,4,2023-06-27 00:00:00,"Short sell, position reconciled, bought quantity: 11000, Sold in CN No.:1035839",9411,3528,,-1,41,81,2240,,,36
998,4,2023-07-14 00:00:00,"Short sell, position reconciled, bought quantity: 11000, Sold in CN No.:1955024",9534,3626,,-1,41,81,2373,,,36
999,4,2019-07-28 00:00:00,"Quantity bought 20.116 @2,734.14",5751,-1,,-1,34,60,1378,,,32
1000,4,2019-07-29 00:00:00,Quantity bought 3678.174 @27.19,5734,-1,,-1,34,60,1377,,,32
1001,4,2019-07-31 00:00:00,Quantity bought 2206.085 @27.20,5735,-1,,-1,34,60,1377,,,32
1002,4,2019-08-05 00:00:00,"Quantity sold 10.957  @ 2,737.98",5784,-1,,-1,34,60,1378,,,32
1003,4,2019-08-13 00:00:00,Quantity sold 5884.259  @ 27.30,5760,-1,,-1,34,60,1377,,,32
1004,4,2019-08-13 00:00:00,"Quantity sold 9.159  @ 2,741.96",5785,-1,,-1,34,60,1378,,,32
1005,4,2019-10-30 00:00:00,"Quantity bought 54.053 @2,775.05",5889,-1,,-1,34,60,1378,,,32
1006,4,2019-11-27 00:00:00,"Quantity sold 54.053  @ 2,785.95",5910,-1,,-1,34,60,1378,,,32
1007,4,2021-01-06 00:00:00,Quantity bought 3043.71 @65.71,6700,-1,,-1,34,60,1588,,,32
1008,4,2021-03-22 00:00:00,Quantity sold 2100.415  @ 64.27,6763,-1,,-1,34,60,1588,,,32
1009,4,2021-03-26 00:00:00,Quantity sold 943.295  @ 64.51,6771,-1,,-1,34,60,1588,,,32
1010,4,2019-12-06 00:00:00,Buy Off-Market/Op. Bal,5965,-1,,-1,35,40,1410,,,32
1011,4,2020-02-15 00:00:00,Quantity bought 7473.097 @20.07,6931,-1,,-1,35,60,1651,,,32
1012,4,2021-03-22 00:00:00,Quantity bought 2168.932 @69.16,6932,-1,,-1,35,60,1652,,,32
1013,4,2022-03-21 00:00:00,Quantity bought 215.023 @232.53,7608,-1,,-1,35,60,1859,,,32
1014,4,2022-03-23 00:00:00,Interest (Payout) from National Bank for Agriculture & Rural Development NCD 7.64% 23/03/2031 (ISIN INE261F07032) (),7659,-1,,-1,35,40,1542,,,32
1015,4,2022-03-25 00:00:00,Quantity bought 205.875 @242.87,7668,-1,,-1,35,60,1859,,,32
1016,4,2022-05-11 00:00:00,Quantity bought 112.26 @222.70,7850,-1,,-1,35,60,1859,,,32
1017,4,2023-04-21 00:00:00,Quantity sold 7473.097  @ 33.97,8831,-1,,-1,35,60,1651,,,32
1018,4,2023-04-27 00:00:00,Quantity bought 996.211 @250.95,8839,-1,,-1,35,60,2208,,,32
1019,4,2023-06-01 00:00:00,Interest (Payout) from Sovereign Gold Bond 2.50% JUN 2029 SR-II 2021-22 (IN0020210061) (),10851,-1,,-1,35,40,2190,,,32
1020,4,2023-06-08 00:00:00,Interest (Payout) from Sovereign Gold Bond 2.50% DEC 2029 SR-VIII 2021-22 (IN0020210228) (),10852,-1,,-1,35,40,2192,,,32
1021,4,2023-06-30 00:00:00,Dividend Payout from Canara Bank (),10846,-1,,-1,35,50,1972,,,32
1022,4,2023-07-04 00:00:00,Dividend Payout from Bank of India (),11094,-1,,-1,35,50,1994,,,32
1023,4,2023-07-20 00:00:00,Interest (Payout) from Sovereign Gold Bond 2.50% JUL 2029 SR-IV 2021-22 (IN0020210111) (),10857,-1,,-1,35,40,2191,,,32
1024,4,2023-07-21 00:00:00,Interest (Payout) from Sovereign Gold Bond 2.50% JAN 2028 Sr-VIII 2019-20 (IN0020190537) (),10858,-1,,-1,35,40,2204,,,32
1025,4,2023-08-07 00:00:00,Dividend Payout from Mahindra & Mahindra (),10847,-1,,-1,35,50,1962,,,32
1026,4,2023-08-21 00:00:00,Quantity bought 348.644 @286.83,9908,-1,,-1,35,60,2208,,,32
1027,4,2023-08-25 00:00:00,Dividend Payout from Computer Age Management Services (),10848,-1,,-1,35,50,1973,,,32
1028,4,2023-08-29 00:00:00,Dividend Payout from Computer Age Management Services (),10849,-1,,-1,35,50,1973,,,32
1029,4,2023-09-01 00:00:00,Dividend Payout from Life Insurance Corporation of India (LIC) (),10850,-1,,-1,35,50,1974,,,32
1030,4,2023-09-26 00:00:00,Dividend Payout from Ganesha Ecosphere (),10425,-1,,-1,35,50,2532,,,32
1031,4,2023-09-29 00:00:00,Dividend Payout from Mold-Tek Technologies (),10422,-1,,-1,35,50,2539,,,32
1032,4,2023-09-29 00:00:00,Dividend Payout from Gokaldas Exports (),10424,-1,,-1,35,50,2542,,,32
1033,4,2023-09-29 00:00:00,Dividend Payout from Hindware Home Innovation (),10423,-1,,-1,35,50,2547,,,32
1034,4,2023-09-30 00:00:00,Dividend Payout from Marathon Nextgen Realty (),10421,-1,,-1,35,50,1945,,,32
1035,4,2023-10-03 00:00:00,Dividend Payout from Techno Electric & Engg. (),10420,-1,,-1,35,50,2529,,,32
1036,4,2023-10-09 00:00:00,Dividend Payout from Shivalik Bimetal Controls (),10419,-1,,-1,35,50,2531,,,32
1037,4,2023-10-12 00:00:00,Dividend Payout from Goodluck India (),10418,-1,,-1,35,50,2540,,,32
1038,4,2023-10-13 00:00:00,Dividend Payout from KDDL Limited (),10417,-1,,-1,35,50,2541,,,32
1039,4,2023-10-18 00:00:00,Dividend Payout from HBL Engineering (),10416,-1,,-1,35,50,2535,,,32
1040,4,2023-11-08 00:00:00,Dividend Payout from Elecon Engineering (),10415,-1,,-1,35,50,2530,,,32
1041,4,2023-11-28 00:00:00,Dividend Payout from Computer Age Management Services (),10414,-1,,-1,35,50,1973,,,32
1042,4,2023-12-01 00:00:00,Interest (Payout) from Sovereign Gold Bond 2.50% JUN 2029 SR-II 2021-22 (IN0020210061) (),10426,-1,,-1,35,40,2190,,,32
1043,4,2023-12-07 00:00:00,Interest (Payout) from Sovereign Gold Bond 2.50% DEC 2029 SR-VIII 2021-22 (IN0020210228) (),10427,-1,,-1,35,40,2192,,,32
1044,4,2024-01-20 00:00:00,Interest (Payout) from Sovereign Gold Bond 2.50% JUL 2029 SR-IV 2021-22 (IN0020210111) (),11023,-1,,-1,35,40,2191,,,32
1045,4,2024-01-23 00:00:00,Dividend Payout from KDDL Limited (),11021,-1,,-1,35,50,2541,,,32
1046,4,2024-01-23 00:00:00,Interest (Payout) from Sovereign Gold Bond 2.50% JAN 2028 Sr-VIII 2019-20 (IN0020190537) (),11022,-1,,-1,35,40,2204,,,32
1047,4,2024-02-06 00:00:00,Dividend Payout from Wipro Limited (),11019,-1,,-1,35,50,2638,,,32
1048,4,2024-02-13 00:00:00,Dividend Payout from Control Print (),10856,-1,,-1,35,50,2538,,,32
1049,4,2024-02-20 00:00:00,Dividend Payout from Goodluck India (),10855,-1,,-1,35,50,2540,,,32
1050,4,2024-02-28 00:00:00,Dividend Payout from Centum Electronics (),10854,-1,,-1,35,50,2536,,,32
1051,4,2024-03-01 00:00:00,Dividend Payout from Life Insurance Corporation of India (LIC) (),10853,-1,,-1,35,50,1974,,,32
1052,4,2024-03-01 00:00:00,Dividend Payout from Shivalik Bimetal Controls (),11020,-1,,-1,35,50,2531,,,32
1053,4,2024-03-19 00:00:00,Quantity bought 142.123 @351.81,11036,-1,,-1,35,60,2208,,,32
1054,4,2024-03-21 00:00:00,Quantity bought 127.864 @391.04,11047,-1,,-1,35,60,2703,,,32
1055,4,2024-03-28 00:00:00,Quantity bought 251.586 @397.48,11098,-1,,-1,35,60,2703,,,32
1056,4,2024-03-28 00:00:00,Dividend Payout from Kirloskar Ferrous (),11614,-1,,-1,35,50,2528,,,32
1057,4,2024-04-19 00:00:00,Dividend Payout from Goodluck India (),12991,-1,,-1,35,50,2540,,,32
1058,4,2024-05-29 00:00:00,Quantity bought 818.27 @61.10,11596,-1,,-1,35,60,2817,,,32
1059,4,2024-05-29 00:00:00,Dividend Payout from Ador Welding (),13035,-1,,-1,35,50,2533,,,32
1060,4,2024-06-01 00:00:00,Interest (Payout) from Sovereign Gold Bond 2.50% JUN 2029 SR-II 2021-22 (IN0020210061) (),11903,-1,,-1,35,40,2190,,,32
1061,4,2024-06-06 00:00:00,Dividend Payout from Transformers and Rectifiers (),11905,-1,,-1,35,50,2598,,,32
1062,4,2024-06-07 00:00:00,Interest (Payout) from Sovereign Gold Bond 2.50% DEC 2029 SR-VIII 2021-22 (IN0020210228) (),11904,-1,,-1,35,40,2192,,,32
1063,4,2024-06-24 00:00:00,Quantity bought 70.805 @353.08,11624,-1,,-1,35,60,2822,,,32
1064,4,2024-07-01 00:00:00,Dividend Payout from Canara Bank (),11907,-1,,-1,35,50,1972,,,32
1065,4,2024-07-20 00:00:00,Interest (Payout) from Sovereign Gold Bond 2.50% JUL 2029 SR-IV 2021-22 (IN0020210111) (),11908,-1,,-1,35,40,2191,,,32
1066,4,2024-07-22 00:00:00,Interest (Payout) from Sovereign Gold Bond 2.50% JAN 2028 Sr-VIII 2019-20 (IN0020190537) (),11906,-1,,-1,35,40,2204,,,32
1067,4,2024-07-23 00:00:00,Quantity bought 1692.963 @118.14,11871,-1,,-1,35,60,2859,,,32
1068,4,2024-07-24 00:00:00,Quantity bought 1429.777 @55.95,11872,-1,,-1,35,60,2860,,,32
1069,4,2024-07-29 00:00:00,Quantity sold 524.423  @ 152.55,11914,-1,,-1,35,60,1652,,,32
1070,4,2024-07-31 00:00:00,Quantity bought 215.922 @370.50,11926,-1,,-1,35,60,2822,,,32
1071,4,2024-08-17 00:00:00,Dividend Payout from The Ramco Cements (),13000,-1,,-1,35,50,2848,,,32
1072,4,2024-09-23 00:00:00,Dividend Payout from Skipper (),12999,-1,,-1,35,50,2810,,,32
1073,4,2024-10-11 00:00:00,Dividend Payout from Deccan Cements (),13057,-1,,-1,35,50,2995,,,32
1074,4,2024-10-22 00:00:00,Dividend Payout from Kirloskar Ferrous (),12998,-1,,-1,35,50,2528,,,32
1075,4,2024-12-02 00:00:00,Interest (Payout) from Sovereign Gold Bond 2.50% JUN 2029 SR-II 2021-22 (IN0020210061) (),12997,-1,,-1,35,40,2190,,,32
1076,4,2024-12-07 00:00:00,Interest (Payout) from Sovereign Gold Bond 2.50% DEC 2029 SR-VIII 2021-22 (IN0020210228) (),12996,-1,,-1,35,40,2192,,,32
1077,4,2025-01-20 00:00:00,Interest (Payout) from Sovereign Gold Bond 2.50% JUL 2029 SR-IV 2021-22 (IN0020210111) (),12995,-1,,-1,35,40,2191,,,32
1078,4,2025-01-21 00:00:00,Interest (Payout) from Sovereign Gold Bond 2.50% JAN 2028 Sr-VIII 2019-20 (IN0020190537) (),12994,-1,,-1,35,40,2204,,,32
1079,4,2025-02-24 00:00:00,"Quantity bought 81.501 @3,680.94",12645,-1,,-1,35,60,2969,,,32
1080,4,2025-02-24 00:00:00,Quantity bought 9833.639 @15.25,12646,-1,,-1,35,60,2970,,,32
1081,4,2025-02-24 00:00:00,Quantity bought 11632.466 @12.89,12650,-1,,-1,35,60,2972,,,32
1082,4,2025-02-25 00:00:00,"Quantity bought 30.05 @3,327.79",12702,-1,,-1,35,60,2977,,,32
1083,4,2025-02-26 00:00:00,Quantity bought 524.684 @381.18,12703,-1,,-1,35,60,2978,,,32
1084,4,2025-02-26 00:00:00,"Quantity bought 24.608 @4,063.72",12704,-1,,-1,35,60,2979,,,32
1085,4,2025-02-28 00:00:00,Quantity bought 7861.489 @12.72,12707,-1,,-1,35,60,2972,,,32
1086,4,2025-03-03 00:00:00,Dividend Payout from Kirloskar Ferrous (),12993,-1,,-1,35,50,2528,,,32
1087,4,2025-03-06 00:00:00,Quantity bought 1162.769 @12.90,12719,-1,,-1,35,60,2972,,,32
1088,4,2025-03-06 00:00:00,Quantity bought 19.523 @768.32,12718,-1,,-1,35,60,2981,,,32
1089,4,2025-03-09 00:00:00,Quantity sold 3.928  @ 381.87,12720,-1,,-1,35,60,2978,,,32
1090,4,2025-03-10 00:00:00,Quantity bought 1.959 @765.70,12721,-1,,-1,35,60,2981,,,32
1091,4,2025-03-10 00:00:00,"Quantity sold 0.407  @ 3,685.50",12723,-1,,-1,35,60,2969,,,32
1092,4,2025-03-10 00:00:00,Quantity sold 3.927  @ 381.97,12722,-1,,-1,35,60,2978,,,32
1093,4,2025-03-11 00:00:00,Quantity bought 117.034 @12.82,12727,-1,,-1,35,60,2972,,,32
1094,4,2025-03-11 00:00:00,Quantity bought 1.957 @766.48,12724,-1,,-1,35,60,2981,,,32
1095,4,2025-03-11 00:00:00,"Quantity sold 0.406  @ 3,694.58",12726,-1,,-1,35,60,2969,,,32
1096,4,2025-03-11 00:00:00,Quantity sold 3.926  @ 382.07,12725,-1,,-1,35,60,2978,,,32
1097,4,2025-03-12 00:00:00,Quantity bought 117.067 @12.81,12731,-1,,-1,35,60,2972,,,32
1098,4,2025-03-12 00:00:00,Quantity bought 1.958 @766.09,12728,-1,,-1,35,60,2981,,,32
1099,4,2025-03-12 00:00:00,"Quantity sold 0.407  @ 3,686.73",12730,-1,,-1,35,60,2969,,,32
1100,4,2025-03-12 00:00:00,Quantity sold 3.926  @ 382.07,12729,-1,,-1,35,60,2978,,,32
1101,4,2025-03-13 00:00:00,Quantity bought 117.542 @12.77,12733,-1,,-1,35,60,2972,,,32
1102,4,2025-03-13 00:00:00,Quantity bought 1.958 @766.09,12732,-1,,-1,35,60,2981,,,32
1103,4,2025-03-16 00:00:00,"Quantity sold 0.409  @ 3,694.87",12735,-1,,-1,35,60,2969,,,32
1104,4,2025-03-16 00:00:00,Quantity sold 3.923  @ 382.36,12734,-1,,-1,35,60,2978,,,32
1105,4,2025-03-17 00:00:00,Quantity bought 117.394 @12.87,12770,-1,,-1,35,60,2972,,,32
1106,4,2025-03-17 00:00:00,Quantity bought 1.95 @769.23,12768,-1,,-1,35,60,2981,,,32
1107,4,2025-03-17 00:00:00,"Quantity sold 0.406  @ 3,694.58",12769,-1,,-1,35,60,2969,,,32
1108,4,2025-03-17 00:00:00,Quantity sold 3.922  @ 382.46,12736,-1,,-1,35,60,2978,,,32
1109,4,2025-03-18 00:00:00,Quantity bought 115.409 @13.00,12774,-1,,-1,35,60,2972,,,32
1110,4,2025-03-18 00:00:00,Quantity bought 1.935 @775.19,12771,-1,,-1,35,60,2981,,,32
1111,4,2025-03-18 00:00:00,"Quantity sold 0.406  @ 3,694.58",12773,-1,,-1,35,60,2969,,,32
1112,4,2025-03-18 00:00:00,Quantity sold 3.921  @ 382.56,12772,-1,,-1,35,60,2978,,,32
1113,4,2025-03-19 00:00:00,Quantity bought 114.803 @13.07,12778,-1,,-1,35,60,2972,,,32
1114,4,2025-03-19 00:00:00,Quantity bought 1.931 @776.80,12775,-1,,-1,35,60,2981,,,32
1115,4,2025-03-19 00:00:00,"Quantity sold 0.406  @ 3,694.58",12777,-1,,-1,35,60,2969,,,32
1116,4,2025-03-19 00:00:00,Quantity sold 3.921  @ 382.56,12776,-1,,-1,35,60,2978,,,32
1117,4,2025-03-20 00:00:00,Quantity bought 114.509 @13.10,12782,-1,,-1,35,60,2972,,,32
1118,4,2025-03-20 00:00:00,Quantity bought 1.919 @781.66,12779,-1,,-1,35,60,2981,,,32
1119,4,2025-03-20 00:00:00,"Quantity sold 0.406  @ 3,694.58",12781,-1,,-1,35,60,2969,,,32
1120,4,2025-03-20 00:00:00,Quantity sold 3.92  @ 382.65,12780,-1,,-1,35,60,2978,,,32
1121,4,2025-03-21 00:00:00,Quantity bought 114.328 @13.12,12784,-1,,-1,35,60,2972,,,32
1122,4,2025-03-21 00:00:00,Quantity bought 1.912 @784.52,12783,-1,,-1,35,60,2981,,,32
1123,4,2025-03-23 00:00:00,"Quantity sold 0.406  @ 3,694.58",12786,-1,,-1,35,60,2969,,,32
1124,4,2025-03-23 00:00:00,Quantity sold 3.917  @ 382.95,12785,-1,,-1,35,60,2978,,,32
1125,4,2025-03-24 00:00:00,Quantity bought 113.739 @13.19,12840,-1,,-1,35,60,2972,,,32
1126,4,2025-03-24 00:00:00,Quantity bought 1.9 @789.47,12838,-1,,-1,35,60,2981,,,32
1127,4,2025-03-24 00:00:00,"Quantity sold 0.405  @ 3,703.70",12839,-1,,-1,35,60,2969,,,32
1128,4,2025-03-24 00:00:00,Quantity sold 3.916  @ 383.04,12823,-1,,-1,35,60,2978,,,32
1129,4,2025-03-25 00:00:00,Quantity bought 114.017 @13.16,12859,-1,,-1,35,60,2972,,,32
1130,4,2025-03-25 00:00:00,Quantity bought 1.9 @789.47,12857,-1,,-1,35,60,2981,,,32
1131,4,2025-03-25 00:00:00,"Quantity sold 0.405  @ 3,703.70",12858,-1,,-1,35,60,2969,,,32
1132,4,2025-03-25 00:00:00,Quantity sold 3.915  @ 383.14,12849,-1,,-1,35,60,2978,,,32
1133,4,2025-03-26 00:00:00,Quantity bought 114.313 @13.12,12869,-1,,-1,35,60,2972,,,32
1134,4,2025-03-26 00:00:00,Quantity bought 1.906 @786.99,12860,-1,,-1,35,60,2981,,,32
1135,4,2025-03-26 00:00:00,"Quantity sold 0.405  @ 3,703.70",12868,-1,,-1,35,60,2969,,,32
1136,4,2025-03-26 00:00:00,Quantity sold 3.914  @ 383.24,12861,-1,,-1,35,60,2978,,,32
1137,4,2025-03-27 00:00:00,Quantity bought 113.865 @13.17,12875,-1,,-1,35,60,2972,,,32
1138,4,2025-03-27 00:00:00,Quantity bought 1.899 @789.89,12871,-1,,-1,35,60,2981,,,32
1139,4,2025-03-27 00:00:00,Dividend Payout from Bharat Electronics (),12992,-1,,-1,35,50,2919,,,32
1140,4,2025-03-27 00:00:00,Quantity sold 286.727  @ 305.47,12872,-1,,-1,35,60,2822,,,32
1141,4,2025-03-27 00:00:00,Quantity sold 1692.963  @ 103.47,12870,-1,,-1,35,60,2859,,,32
1142,4,2025-03-27 00:00:00,"Quantity sold 0.405  @ 3,703.70",12874,-1,,-1,35,60,2969,,,32
1143,4,2025-03-27 00:00:00,Quantity sold 3.914  @ 383.24,12873,-1,,-1,35,60,2978,,,32
1144,4,2025-03-28 00:00:00,Quantity bought 114.055 @13.15,12877,-1,,-1,35,60,2972,,,32
1145,4,2025-03-28 00:00:00,Quantity bought 1.899 @789.89,12876,-1,,-1,35,60,2981,,,32
1146,4,2025-04-01 00:00:00,"Quantity sold 0.404  @ 3,712.87",12905,-1,,-1,35,60,2969,,,32
1147,4,2025-04-01 00:00:00,Quantity sold 3.907  @ 383.93,12904,-1,,-1,35,60,2978,,,32
1148,4,2025-04-02 00:00:00,Quantity bought 113.836 @13.18,12909,-1,,-1,35,60,2972,,,32
1149,4,2025-04-02 00:00:00,Quantity bought 1.901 @789.06,12906,-1,,-1,35,60,2981,,,32
1150,4,2025-04-02 00:00:00,"Quantity sold 0.404  @ 3,712.87",12908,-1,,-1,35,60,2969,,,32
1151,4,2025-04-02 00:00:00,Quantity sold 3.904  @ 384.22,12907,-1,,-1,35,60,2978,,,32
1152,4,2025-04-03 00:00:00,Quantity bought 114.769 @13.07,12913,-1,,-1,35,60,2972,,,32
1153,4,2025-04-03 00:00:00,Quantity bought 1.905 @787.40,12910,-1,,-1,35,60,2981,,,32
1154,4,2025-04-03 00:00:00,"Quantity sold 0.404  @ 3,712.87",12912,-1,,-1,35,60,2969,,,32
1155,4,2025-04-03 00:00:00,Quantity sold 3.902  @ 384.42,12911,-1,,-1,35,60,2978,,,32
1156,4,2025-04-04 00:00:00,Quantity bought 1.931 @776.80,12914,-1,,-1,35,60,2981,,,32
1157,4,2025-04-06 00:00:00,Quantity sold 3.9  @ 384.62,12915,-1,,-1,35,60,2978,,,32
1158,4,2025-04-07 00:00:00,Quantity bought 119.326 @12.57,12942,-1,,-1,35,60,2972,,,32
1159,4,2025-04-07 00:00:00,Quantity bought 1.962 @764.53,12940,-1,,-1,35,60,2981,,,32
1160,4,2025-04-07 00:00:00,"Quantity sold 0.618  @ 3,714.61",12941,-1,,-1,35,60,2969,,,32
1161,4,2025-04-07 00:00:00,Quantity sold 3.9  @ 384.62,12916,-1,,-1,35,60,2978,,,32
1162,4,2025-04-08 00:00:00,Quantity bought 181.752 @12.63,12946,-1,,-1,35,60,2972,,,32
1163,4,2025-04-08 00:00:00,Quantity bought 1.944 @771.60,12943,-1,,-1,35,60,2981,,,32
1164,4,2025-04-08 00:00:00,"Quantity sold 0.404  @ 3,712.87",12945,-1,,-1,35,60,2969,,,32
1165,4,2025-04-08 00:00:00,Quantity sold 3.899  @ 384.71,12944,-1,,-1,35,60,2978,,,32
1166,4,2025-04-09 00:00:00,Quantity bought 117.567 @12.76,12948,-1,,-1,35,60,2972,,,32
1167,4,2025-04-09 00:00:00,Quantity bought 1.943 @772.00,12947,-1,,-1,35,60,2981,,,32
1168,4,2025-04-10 00:00:00,"Quantity sold 0.403  @ 3,722.08",12950,-1,,-1,35,60,2969,,,32
1169,4,2025-04-10 00:00:00,Quantity sold 3.897  @ 384.91,12949,-1,,-1,35,60,2978,,,32
1170,4,2025-04-11 00:00:00,Quantity bought 116.308 @12.90,12952,-1,,-1,35,60,2972,,,32
1171,4,2025-04-11 00:00:00,Quantity bought 1.92 @781.25,12951,-1,,-1,35,60,2981,,,32
1172,4,2025-04-14 00:00:00,"Quantity sold 0.403  @ 3,722.08",12954,-1,,-1,35,60,2969,,,32
1173,4,2025-04-14 00:00:00,Quantity sold 3.895  @ 385.11,12953,-1,,-1,35,60,2978,,,32
1174,4,2025-04-15 00:00:00,Quantity bought 115.089 @13.03,12958,-1,,-1,35,60,2972,,,32
1175,4,2025-04-15 00:00:00,Quantity bought 1.896 @791.14,12955,-1,,-1,35,60,2981,,,32
1176,4,2025-04-15 00:00:00,"Quantity sold 0.403  @ 3,722.08",12957,-1,,-1,35,60,2969,,,32
1177,4,2025-04-15 00:00:00,Quantity sold 3.894  @ 385.21,12956,-1,,-1,35,60,2978,,,32
1178,4,2025-04-16 00:00:00,Quantity bought 114.728 @13.07,12962,-1,,-1,35,60,2972,,,32
1179,4,2025-04-16 00:00:00,Quantity bought 1.887 @794.91,12959,-1,,-1,35,60,2981,,,32
1180,4,2025-04-16 00:00:00,"Quantity sold 0.403  @ 3,722.08",12961,-1,,-1,35,60,2969,,,32
1181,4,2025-04-16 00:00:00,Quantity sold 3.893  @ 385.31,12960,-1,,-1,35,60,2978,,,32
1182,4,2025-04-17 00:00:00,Quantity bought 113.994 @13.16,13038,-1,,-1,35,60,2972,,,32
1183,4,2025-04-17 00:00:00,Quantity bought 1.874 @800.43,13037,-1,,-1,35,60,2981,,,32
1184,4,2025-04-20 00:00:00,"Quantity sold 0.403  @ 3,722.08",13039,-1,,-1,35,60,2969,,,32
1185,4,2025-04-22 00:00:00,Quantity bought 112.323 @13.35,13041,-1,,-1,35,60,2972,,,32
1186,4,2025-04-22 00:00:00,"Quantity sold 0.403  @ 3,722.08",13040,-1,,-1,35,60,2969,,,32
1187,4,2025-04-23 00:00:00,Quantity bought 111.959 @13.40,13046,-1,,-1,35,60,2972,,,32
1188,4,2025-04-23 00:00:00,"Quantity sold 0.403  @ 3,722.08",13045,-1,,-1,35,60,2969,,,32
1189,4,2025-04-24 00:00:00,Quantity bought 111.705 @13.43,13048,-1,,-1,35,60,2972,,,32
1190,4,2025-04-24 00:00:00,"Quantity sold 0.403  @ 3,722.08",13047,-1,,-1,35,60,2969,,,32
1191,4,2025-04-25 00:00:00,Quantity bought 112.439 @13.34,13052,-1,,-1,35,60,2972,,,32
1192,4,2025-04-27 00:00:00,"Quantity sold 0.402  @ 3,731.34",13053,-1,,-1,35,60,2969,,,32
1193,4,2025-04-28 00:00:00,Quantity bought 112.324 @13.35,13055,-1,,-1,35,60,2972,,,32
1194,4,2025-04-28 00:00:00,"Quantity sold 0.402  @ 3,731.34",13054,-1,,-1,35,60,2969,,,32
1195,4,2025-04-30 00:00:00,Quantity bought 112.678 @13.31,13069,-1,,-1,35,60,2972,,,32
1196,4,2025-05-01 00:00:00,"Quantity sold 0.402  @ 3,731.34",13070,-1,,-1,35,60,2969,,,32
1197,4,2025-05-06 00:00:00,Quantity bought 517.329 @386.60,13076,-1,,-1,35,60,2978,,,32
1198,4,2025-05-07 00:00:00,Quantity bought 111.672 @13.43,13081,-1,,-1,35,60,2972,,,32
1199,4,2025-05-07 00:00:00,Quantity bought 2744.695 @36.43,13077,-1,,-1,35,60,2999,,,32
1200,4,2025-05-07 00:00:00,Quantity bought 3016.595 @66.30,13078,-1,,-1,35,60,3000,,,32
1201,4,2025-05-07 00:00:00,"Quantity sold 0.402  @ 3,731.34",13080,-1,,-1,35,60,2969,,,32
1202,4,2025-05-08 00:00:00,Quantity bought 112.074 @13.38,13082,-1,,-1,35,60,2972,,,32
1203,4,2025-05-13 00:00:00,"Quantity sold 0.267  @ 3,745.32",13084,-1,,-1,35,60,2969,,,32
1204,4,2025-05-13 00:00:00,"Quantity sold 1.337  @ 3,739.72",13085,-1,,-1,35,60,2969,,,32
1205,4,2025-05-13 00:00:00,"Quantity sold 0.134  @ 3,731.34",13086,-1,,-1,35,60,2969,,,32
1206,4,2025-05-13 00:00:00,"Quantity sold 1.337  @ 3,739.72",13087,-1,,-1,35,60,2969,,,32
1207,4,2025-05-14 00:00:00,Quantity bought 36.732 @13.61,13107,-1,,-1,35,60,2972,,,32
1208,4,2025-05-14 00:00:00,Quantity bought 367.321 @13.61,13108,-1,,-1,35,60,2972,,,32
1209,4,2025-05-14 00:00:00,Quantity bought 9.647 @103.66,13101,-1,,-1,35,60,3006,,,32
1210,4,2025-05-14 00:00:00,Quantity bought 48.235 @103.66,13102,-1,,-1,35,60,3006,,,32
1211,4,2025-05-14 00:00:00,"Quantity sold 0.267  @ 3,745.32",13105,-1,,-1,35,60,2969,,,32
1212,4,2025-05-14 00:00:00,"Quantity sold 0.134  @ 3,731.34",13106,-1,,-1,35,60,2969,,,32
1213,4,2025-05-14 00:00:00,Quantity sold 3.875  @ 387.10,13103,-1,,-1,35,60,2978,,,32
1214,4,2025-05-14 00:00:00,Quantity sold 12.916  @ 387.12,13104,-1,,-1,35,60,2978,,,32
1215,4,2025-05-15 00:00:00,Quantity bought 36.634 @13.65,13115,-1,,-1,35,60,2972,,,32
1216,4,2025-05-15 00:00:00,Quantity bought 1.832 @818.78,13109,-1,,-1,35,60,2981,,,32
1217,4,2025-05-15 00:00:00,Quantity bought 6.106 @818.87,13110,-1,,-1,35,60,2981,,,32
1218,4,2025-05-15 00:00:00,Quantity bought 9.639 @103.75,13111,-1,,-1,35,60,3006,,,32
1219,4,2025-05-15 00:00:00,"Quantity sold 0.267  @ 3,745.32",13113,-1,,-1,35,60,2969,,,32
1220,4,2025-05-15 00:00:00,"Quantity sold 0.134  @ 3,731.34",13114,-1,,-1,35,60,2969,,,32
1221,4,2025-05-15 00:00:00,Quantity sold 3.874  @ 387.20,13112,-1,,-1,35,60,2978,,,32
1222,4,2025-05-16 00:00:00,Quantity bought 36.483 @13.71,13118,-1,,-1,35,60,2972,,,32
1223,4,2025-05-16 00:00:00,Quantity bought 1.829 @820.12,13116,-1,,-1,35,60,2981,,,32
1224,4,2025-05-16 00:00:00,Quantity bought 9.618 @103.97,13117,-1,,-1,35,60,3006,,,32
1225,4,2025-05-18 00:00:00,"Quantity sold 0.267  @ 3,745.32",13120,-1,,-1,35,60,2969,,,32
1226,4,2025-05-18 00:00:00,"Quantity sold 0.134  @ 3,731.34",13121,-1,,-1,35,60,2969,,,32
1227,4,2025-05-18 00:00:00,Quantity sold 3.872  @ 387.40,13119,-1,,-1,35,60,2978,,,32
1228,4,2025-05-19 00:00:00,Quantity bought 36.438 @13.72,13129,-1,,-1,35,60,2972,,,32
1229,4,2025-05-19 00:00:00,Quantity bought 1.829 @820.12,13122,-1,,-1,35,60,2981,,,32
1230,4,2025-05-19 00:00:00,Quantity bought 9.63 @103.84,13123,-1,,-1,35,60,3006,,,32
1231,4,2025-05-19 00:00:00,"Quantity sold 0.267  @ 3,745.32",13125,-1,,-1,35,60,2969,,,32
1232,4,2025-05-19 00:00:00,"Quantity sold 1.336  @ 3,742.51",13126,-1,,-1,35,60,2969,,,32
1233,4,2025-05-19 00:00:00,"Quantity sold 0.134  @ 3,731.34",13127,-1,,-1,35,60,2969,,,32
1234,4,2025-05-19 00:00:00,"Quantity sold 1.336  @ 3,742.51",13128,-1,,-1,35,60,2969,,,32
1235,4,2025-05-19 00:00:00,Quantity sold 3.871  @ 387.50,13124,-1,,-1,35,60,2978,,,32
1236,4,2025-05-20 00:00:00,Quantity bought 36.557 @13.68,13136,-1,,-1,35,60,2972,,,32
1237,4,2025-05-20 00:00:00,Quantity bought 365.567 @13.68,13137,-1,,-1,35,60,2972,,,32
1238,4,2025-05-20 00:00:00,Quantity bought 1.838 @816.10,13130,-1,,-1,35,60,2981,,,32
1239,4,2025-05-20 00:00:00,Quantity bought 9.622 @103.93,13131,-1,,-1,35,60,3006,,,32
1240,4,2025-05-20 00:00:00,Quantity bought 48.11 @103.93,13132,-1,,-1,35,60,3006,,,32
1241,4,2025-05-20 00:00:00,"Quantity sold 0.267  @ 3,745.32",13134,-1,,-1,35,60,2969,,,32
1242,4,2025-05-20 00:00:00,"Quantity sold 0.134  @ 3,731.34",13135,-1,,-1,35,60,2969,,,32
1243,4,2025-05-20 00:00:00,Quantity sold 3.871  @ 387.50,13133,-1,,-1,35,60,2978,,,32
1244,4,2025-05-21 00:00:00,Quantity bought 36.408 @13.73,13144,-1,,-1,35,60,2972,,,32
1245,4,2025-05-21 00:00:00,Quantity bought 1.829 @820.12,13138,-1,,-1,35,60,2981,,,32
1246,4,2025-05-21 00:00:00,Quantity bought 9.614 @104.01,13139,-1,,-1,35,60,3006,,,32
1247,4,2025-05-21 00:00:00,"Quantity sold 0.267  @ 3,745.32",13142,-1,,-1,35,60,2969,,,32
1248,4,2025-05-21 00:00:00,"Quantity sold 0.134  @ 3,731.34",13143,-1,,-1,35,60,2969,,,32
1249,4,2025-05-21 00:00:00,Quantity sold 3.87  @ 387.60,13140,-1,,-1,35,60,2978,,,32
1250,4,2025-05-21 00:00:00,Quantity sold 12.899  @ 387.63,13141,-1,,-1,35,60,2978,,,32
1251,4,2025-05-22 00:00:00,Quantity bought 36.468 @13.71,13151,-1,,-1,35,60,2972,,,32
1252,4,2025-05-22 00:00:00,Quantity bought 1.837 @816.55,13145,-1,,-1,35,60,2981,,,32
1253,4,2025-05-22 00:00:00,Quantity bought 6.122 @816.73,13146,-1,,-1,35,60,2981,,,32
1254,4,2025-05-22 00:00:00,Quantity bought 9.64 @103.73,13147,-1,,-1,35,60,3006,,,32
1255,4,2025-05-22 00:00:00,"Quantity sold 0.267  @ 3,745.32",13149,-1,,-1,35,60,2969,,,32
1256,4,2025-05-22 00:00:00,"Quantity sold 0.134  @ 3,731.34",13150,-1,,-1,35,60,2969,,,32
1257,4,2025-05-22 00:00:00,Quantity sold 3.869  @ 387.70,13148,-1,,-1,35,60,2978,,,32
1258,4,2025-05-23 00:00:00,Quantity bought 36.428 @13.73,13154,-1,,-1,35,60,2972,,,32
1259,4,2025-05-23 00:00:00,Quantity bought 1.829 @820.12,13152,-1,,-1,35,60,2981,,,32
1260,4,2025-05-23 00:00:00,Quantity bought 9.623 @103.92,13153,-1,,-1,35,60,3006,,,32
1261,4,2025-05-25 00:00:00,"Quantity sold 0.267  @ 3,745.32",13156,-1,,-1,35,60,2969,,,32
1262,4,2025-05-25 00:00:00,"Quantity sold 0.133  @ 3,759.40",13157,-1,,-1,35,60,2969,,,32
1263,4,2025-05-25 00:00:00,Quantity sold 3.867  @ 387.90,13155,-1,,-1,35,60,2978,,,32
1264,4,2025-05-26 00:00:00,Quantity bought 1.824 @822.37,13158,-1,,-1,35,60,2981,,,32
1265,4,2025-05-26 00:00:00,Quantity bought 9.621 @103.94,13159,-1,,-1,35,60,3006,,,32
1266,4,2025-05-26 00:00:00,"Quantity sold 0.267  @ 3,745.32",13161,-1,,-1,35,60,2969,,,32
1267,4,2025-05-26 00:00:00,"Quantity sold 1.334  @ 3,748.13",13162,-1,,-1,35,60,2969,,,32
1268,4,2025-05-26 00:00:00,"Quantity sold 1.334  @ 3,748.13",13163,-1,,-1,35,60,2969,,,32
1269,4,2025-05-26 00:00:00,Quantity sold 3.866  @ 388.00,13160,-1,,-1,35,60,2978,,,32
1270,4,2025-05-27 00:00:00,Quantity bought 363.219 @13.77,13170,-1,,-1,35,60,2972,,,32
1271,4,2025-05-27 00:00:00,Quantity bought 36.322 @13.77,13171,-1,,-1,35,60,2972,,,32
1272,4,2025-05-27 00:00:00,Quantity bought 1.828 @820.57,13164,-1,,-1,35,60,2981,,,32
1273,4,2025-05-27 00:00:00,Quantity bought 9.62 @103.95,13165,-1,,-1,35,60,3006,,,32
1274,4,2025-05-27 00:00:00,Quantity bought 48.099 @103.95,13166,-1,,-1,35,60,3006,,,32
1275,4,2025-05-27 00:00:00,"Quantity sold 0.267  @ 3,745.32",13168,-1,,-1,35,60,2969,,,32
1276,4,2025-05-27 00:00:00,"Quantity sold 0.133  @ 3,759.40",13169,-1,,-1,35,60,2969,,,32
1277,4,2025-05-27 00:00:00,Quantity sold 3.865  @ 388.10,13167,-1,,-1,35,60,2978,,,32
1278,4,2025-05-28 00:00:00,Quantity bought 36.308 @13.77,13178,-1,,-1,35,60,2972,,,32
1279,4,2025-05-28 00:00:00,Quantity bought 1.829 @820.12,13172,-1,,-1,35,60,2981,,,32
1280,4,2025-05-28 00:00:00,Quantity bought 9.618 @103.97,13173,-1,,-1,35,60,3006,,,32
1281,4,2025-05-28 00:00:00,"Quantity sold 0.267  @ 3,745.32",13176,-1,,-1,35,60,2969,,,32
1282,4,2025-05-28 00:00:00,"Quantity sold 0.133  @ 3,759.40",13177,-1,,-1,35,60,2969,,,32
1283,4,2025-05-28 00:00:00,Quantity sold 12.882  @ 388.14,13174,-1,,-1,35,60,2978,,,32
1284,4,2025-05-28 00:00:00,Quantity sold 3.865  @ 388.10,13175,-1,,-1,35,60,2978,,,32
1285,4,2025-05-29 00:00:00,Quantity bought 36.317 @13.77,13185,-1,,-1,35,60,2972,,,32
1286,4,2025-05-29 00:00:00,Quantity bought 6.086 @821.56,13179,-1,,-1,35,60,2981,,,32
1287,4,2025-05-29 00:00:00,Quantity bought 1.826 @821.47,13180,-1,,-1,35,60,2981,,,32
1288,4,2025-05-29 00:00:00,Quantity bought 9.625 @103.90,13181,-1,,-1,35,60,3006,,,32
1289,4,2025-05-29 00:00:00,"Quantity sold 0.267  @ 3,745.32",13183,-1,,-1,35,60,2969,,,32
1290,4,2025-05-29 00:00:00,"Quantity sold 0.133  @ 3,759.40",13184,-1,,-1,35,60,2969,,,32
1291,4,2025-05-29 00:00:00,Quantity sold 3.864  @ 388.20,13182,-1,,-1,35,60,2978,,,32
1292,4,2025-05-30 00:00:00,Quantity bought 36.412 @13.73,13188,-1,,-1,35,60,2972,,,32
1293,4,2025-05-30 00:00:00,Quantity bought 1.831 @819.22,13186,-1,,-1,35,60,2981,,,32
1294,4,2025-05-30 00:00:00,Quantity bought 9.648 @103.65,13187,-1,,-1,35,60,3006,,,32
1295,4,2025-06-01 00:00:00,"Quantity sold 0.267  @ 3,745.32",13190,-1,,-1,35,60,2969,,,32
1296,4,2025-06-01 00:00:00,"Quantity sold 0.133  @ 3,759.40",13191,-1,,-1,35,60,2969,,,32
1297,4,2025-06-01 00:00:00,Quantity sold 3.862  @ 388.40,13189,-1,,-1,35,60,2978,,,32
1298,4,2025-06-02 00:00:00,Quantity bought 36.295 @13.78,13199,-1,,-1,35,60,2972,,,32
1299,4,2025-06-02 00:00:00,Quantity bought 1.828 @820.57,13192,-1,,-1,35,60,2981,,,32
1300,4,2025-06-02 00:00:00,Quantity bought 9.648 @103.65,13193,-1,,-1,35,60,3006,,,32
1301,4,2025-06-02 00:00:00,Interest (Payout) from Sovereign Gold Bond 2.50% JUN 2029 SR-II 2021-22 (IN0020210061) (),14117,-1,,-1,35,40,2190,,,32
1302,4,2025-06-02 00:00:00,"Quantity sold 0.266  @ 3,759.40",13195,-1,,-1,35,60,2969,,,32
1303,4,2025-06-02 00:00:00,"Quantity sold 1.332  @ 3,753.75",13196,-1,,-1,35,60,2969,,,32
1304,4,2025-06-02 00:00:00,"Quantity sold 0.133  @ 3,759.40",13197,-1,,-1,35,60,2969,,,32
1305,4,2025-06-02 00:00:00,"Quantity sold 1.332  @ 3,753.75",13198,-1,,-1,35,60,2969,,,32
1306,4,2025-06-02 00:00:00,Quantity sold 3.861  @ 388.50,13194,-1,,-1,35,60,2978,,,32
1307,4,2025-06-03 00:00:00,Quantity bought 36.279 @13.78,13206,-1,,-1,35,60,2972,,,32
1308,4,2025-06-03 00:00:00,Quantity bought 362.795 @13.78,13207,-1,,-1,35,60,2972,,,32
1309,4,2025-06-03 00:00:00,Quantity bought 1.831 @819.22,13200,-1,,-1,35,60,2981,,,32
1310,4,2025-06-03 00:00:00,Quantity bought 9.645 @103.68,13201,-1,,-1,35,60,3006,,,32
1311,4,2025-06-03 00:00:00,Quantity bought 48.225 @103.68,13202,-1,,-1,35,60,3006,,,32
1312,4,2025-06-03 00:00:00,"Quantity sold 0.266  @ 3,759.40",13204,-1,,-1,35,60,2969,,,32
1313,4,2025-06-03 00:00:00,"Quantity sold 0.133  @ 3,759.40",13205,-1,,-1,35,60,2969,,,32
1314,4,2025-06-03 00:00:00,Quantity sold 3.86  @ 388.60,13203,-1,,-1,35,60,2978,,,32
1315,4,2025-06-04 00:00:00,Quantity bought 36.152 @13.83,13272,-1,,-1,35,60,2972,,,32
1316,4,2025-06-04 00:00:00,Quantity bought 1.826 @821.47,13271,-1,,-1,35,60,2981,,,32
1317,4,2025-06-04 00:00:00,Quantity bought 9.652 @103.61,13208,-1,,-1,35,60,3006,,,32
1318,4,2025-06-04 00:00:00,"Quantity sold 0.266  @ 3,759.40",13211,-1,,-1,35,60,2969,,,32
1319,4,2025-06-04 00:00:00,"Quantity sold 0.133  @ 3,759.40",13212,-1,,-1,35,60,2969,,,32
1320,4,2025-06-04 00:00:00,Quantity sold 3.86  @ 388.60,13209,-1,,-1,35,60,2978,,,32
1321,4,2025-06-04 00:00:00,Quantity sold 12.866  @ 388.62,13210,-1,,-1,35,60,2978,,,32
1322,4,2025-06-05 00:00:00,Quantity bought 35.957 @13.91,13279,-1,,-1,35,60,2972,,,32
1323,4,2025-06-05 00:00:00,Quantity bought 1.82 @824.18,13273,-1,,-1,35,60,2981,,,32
1324,4,2025-06-05 00:00:00,Quantity bought 6.067 @824.13,13274,-1,,-1,35,60,2981,,,32
1325,4,2025-06-05 00:00:00,Quantity bought 9.643 @103.70,13275,-1,,-1,35,60,3006,,,32
1326,4,2025-06-05 00:00:00,"Quantity sold 0.266  @ 3,759.40",13277,-1,,-1,35,60,2969,,,32
1327,4,2025-06-05 00:00:00,"Quantity sold 0.133  @ 3,759.40",13278,-1,,-1,35,60,2969,,,32
1328,4,2025-06-05 00:00:00,Quantity sold 3.859  @ 388.70,13276,-1,,-1,35,60,2978,,,32
1329,4,2025-06-06 00:00:00,Quantity bought 35.769 @13.98,13282,-1,,-1,35,60,2972,,,32
1330,4,2025-06-06 00:00:00,Quantity bought 1.808 @829.65,13280,-1,,-1,35,60,2981,,,32
1331,4,2025-06-06 00:00:00,Quantity bought 9.718 @102.90,13281,-1,,-1,35,60,3006,,,32
1332,4,2025-06-08 00:00:00,"Quantity sold 0.266  @ 3,759.40",13284,-1,,-1,35,60,2969,,,32
1333,4,2025-06-08 00:00:00,"Quantity sold 0.133  @ 3,759.40",13285,-1,,-1,35,60,2969,,,32
1334,4,2025-06-08 00:00:00,Quantity sold 3.856  @ 389.00,13283,-1,,-1,35,60,2978,,,32
1335,4,2025-06-09 00:00:00,Quantity bought 35.773 @13.98,13307,-1,,-1,35,60,2972,,,32
1336,4,2025-06-09 00:00:00,Quantity bought 1.8 @833.33,13300,-1,,-1,35,60,2981,,,32
1337,4,2025-06-09 00:00:00,Quantity bought 9.768 @102.38,13301,-1,,-1,35,60,3006,,,32
1338,4,2025-06-09 00:00:00,Interest (Payout) from Sovereign Gold Bond 2.50% DEC 2029 SR-VIII 2021-22 (IN0020210228) (),14116,-1,,-1,35,40,2192,,,32
1339,4,2025-06-09 00:00:00,"Quantity sold 0.266  @ 3,759.40",13303,-1,,-1,35,60,2969,,,32
1340,4,2025-06-09 00:00:00,"Quantity sold 1.33  @ 3,759.40",13304,-1,,-1,35,60,2969,,,32
1341,4,2025-06-09 00:00:00,"Quantity sold 0.133  @ 3,759.40",13305,-1,,-1,35,60,2969,,,32
1342,4,2025-06-09 00:00:00,"Quantity sold 1.33  @ 3,759.40",13306,-1,,-1,35,60,2969,,,32
1343,4,2025-06-09 00:00:00,Quantity sold 3.855  @ 389.11,13302,-1,,-1,35,60,2978,,,32
1344,4,2025-06-10 00:00:00,Quantity bought 35.701 @14.01,13314,-1,,-1,35,60,2972,,,32
1345,4,2025-06-10 00:00:00,Quantity bought 357.01 @14.01,13315,-1,,-1,35,60,2972,,,32
1346,4,2025-06-10 00:00:00,Quantity bought 1.801 @832.87,13308,-1,,-1,35,60,2981,,,32
1347,4,2025-06-10 00:00:00,Quantity bought 9.782 @102.23,13309,-1,,-1,35,60,3006,,,32
1348,4,2025-06-10 00:00:00,Quantity bought 48.912 @102.22,13310,-1,,-1,35,60,3006,,,32
1349,4,2025-06-10 00:00:00,"Quantity sold 0.266  @ 3,759.40",13312,-1,,-1,35,60,2969,,,32
1350,4,2025-06-10 00:00:00,"Quantity sold 0.133  @ 3,759.40",13313,-1,,-1,35,60,2969,,,32
1351,4,2025-06-10 00:00:00,Quantity sold 3.855  @ 389.11,13311,-1,,-1,35,60,2978,,,32
1352,4,2025-06-11 00:00:00,Quantity bought 35.72 @14.00,13342,-1,,-1,35,60,2972,,,32
1353,4,2025-06-11 00:00:00,Quantity bought 1.8 @833.33,13336,-1,,-1,35,60,2981,,,32
1354,4,2025-06-11 00:00:00,Quantity bought 9.792 @102.12,13337,-1,,-1,35,60,3006,,,32
1355,4,2025-06-11 00:00:00,"Quantity sold 0.266  @ 3,759.40",13340,-1,,-1,35,60,2969,,,32
1356,4,2025-06-11 00:00:00,"Quantity sold 0.133  @ 3,759.40",13341,-1,,-1,35,60,2969,,,32
1357,4,2025-06-11 00:00:00,Quantity sold 12.847  @ 389.20,13338,-1,,-1,35,60,2978,,,32
1358,4,2025-06-11 00:00:00,Quantity sold 3.854  @ 389.21,13339,-1,,-1,35,60,2978,,,32
1359,4,2025-06-12 00:00:00,Quantity bought 35.85 @13.95,13349,-1,,-1,35,60,2972,,,32
1360,4,2025-06-12 00:00:00,Quantity bought 6.022 @830.29,13343,-1,,-1,35,60,2981,,,32
1361,4,2025-06-12 00:00:00,Quantity bought 1.807 @830.11,13344,-1,,-1,35,60,2981,,,32
1362,4,2025-06-12 00:00:00,Quantity bought 9.801 @102.03,13345,-1,,-1,35,60,3006,,,32
1363,4,2025-06-12 00:00:00,"Quantity sold 0.266  @ 3,759.40",13347,-1,,-1,35,60,2969,,,32
1364,4,2025-06-12 00:00:00,"Quantity sold 0.133  @ 3,759.40",13348,-1,,-1,35,60,2969,,,32
1365,4,2025-06-12 00:00:00,Quantity sold 3.854  @ 389.21,13346,-1,,-1,35,60,2978,,,32
1366,4,2025-06-13 00:00:00,Quantity bought 35.874 @13.94,13352,-1,,-1,35,60,2972,,,32
1367,4,2025-06-13 00:00:00,Quantity bought 1.807 @830.11,13350,-1,,-1,35,60,2981,,,32
1368,4,2025-06-13 00:00:00,Quantity bought 9.821 @101.82,13351,-1,,-1,35,60,3006,,,32
1369,4,2025-06-15 00:00:00,"Quantity sold 0.266  @ 3,759.40",13354,-1,,-1,35,60,2969,,,32
1370,4,2025-06-15 00:00:00,"Quantity sold 0.133  @ 3,759.40",13355,-1,,-1,35,60,2969,,,32
1371,4,2025-06-15 00:00:00,Quantity sold 3.852  @ 389.41,13353,-1,,-1,35,60,2978,,,32
1372,4,2025-06-16 00:00:00,Quantity bought 35.747 @13.99,13363,-1,,-1,35,60,2972,,,32
1373,4,2025-06-16 00:00:00,Quantity bought 1.801 @832.87,13356,-1,,-1,35,60,2981,,,32
1374,4,2025-06-16 00:00:00,Quantity bought 9.787 @102.18,13357,-1,,-1,35,60,3006,,,32
1375,4,2025-06-16 00:00:00,"Quantity sold 0.266  @ 3,759.40",13359,-1,,-1,35,60,2969,,,32
1376,4,2025-06-16 00:00:00,"Quantity sold 1.329  @ 3,762.23",13360,-1,,-1,35,60,2969,,,32
1377,4,2025-06-16 00:00:00,"Quantity sold 0.133  @ 3,759.40",13361,-1,,-1,35,60,2969,,,32
1378,4,2025-06-16 00:00:00,"Quantity sold 1.329  @ 3,762.23",13362,-1,,-1,35,60,2969,,,32
1379,4,2025-06-16 00:00:00,Quantity sold 3.852  @ 389.41,13358,-1,,-1,35,60,2978,,,32
1380,4,2025-06-17 00:00:00,Quantity bought 35.882 @13.93,13370,-1,,-1,35,60,2972,,,32
1381,4,2025-06-17 00:00:00,Quantity bought 358.819 @13.93,13371,-1,,-1,35,60,2972,,,32
1382,4,2025-06-17 00:00:00,Quantity bought 1.804 @831.49,13364,-1,,-1,35,60,2981,,,32
1383,4,2025-06-17 00:00:00,Quantity bought 9.803 @102.01,13365,-1,,-1,35,60,3006,,,32
1384,4,2025-06-17 00:00:00,Quantity bought 49.016 @102.01,13366,-1,,-1,35,60,3006,,,32
1385,4,2025-06-17 00:00:00,"Quantity sold 0.266  @ 3,759.40",13368,-1,,-1,35,60,2969,,,32
1386,4,2025-06-17 00:00:00,"Quantity sold 0.133  @ 3,759.40",13369,-1,,-1,35,60,2969,,,32
1387,4,2025-06-17 00:00:00,Quantity sold 3.851  @ 389.51,13367,-1,,-1,35,60,2978,,,32
1388,4,2025-06-18 00:00:00,Quantity bought 35.9 @13.93,13378,-1,,-1,35,60,2972,,,32
1389,4,2025-06-18 00:00:00,Quantity bought 1.804 @831.49,13372,-1,,-1,35,60,2981,,,32
1390,4,2025-06-18 00:00:00,Quantity bought 9.817 @101.86,13373,-1,,-1,35,60,3006,,,32
1391,4,2025-06-18 00:00:00,"Quantity sold 0.266  @ 3,759.40",13376,-1,,-1,35,60,2969,,,32
1392,4,2025-06-18 00:00:00,"Quantity sold 0.133  @ 3,759.40",13377,-1,,-1,35,60,2969,,,32
1393,4,2025-06-18 00:00:00,Quantity sold 12.835  @ 389.56,13374,-1,,-1,35,60,2978,,,32
1394,4,2025-06-18 00:00:00,Quantity sold 3.85  @ 389.61,13375,-1,,-1,35,60,2978,,,32
1395,4,2025-06-19 00:00:00,Quantity bought 6.038 @828.09,13379,-1,,-1,35,60,2981,,,32
1396,4,2025-06-19 00:00:00,Quantity bought 1.811 @828.27,13380,-1,,-1,35,60,2981,,,32
1397,4,2025-06-19 00:00:00,Quantity bought 9.846 @101.56,13381,-1,,-1,35,60,3006,,,32
1398,4,2025-06-19 00:00:00,"Quantity sold 0.266  @ 3,759.40",13383,-1,,-1,35,60,2969,,,32
1399,4,2025-06-19 00:00:00,Quantity sold 3.85  @ 389.61,13382,-1,,-1,35,60,2978,,,32
1400,4,2025-06-20 00:00:00,Quantity bought 35.971 @13.90,13386,-1,,-1,35,60,2972,,,32
1401,4,2025-06-20 00:00:00,Quantity bought 1.805 @831.02,13384,-1,,-1,35,60,2981,,,32
1402,4,2025-06-20 00:00:00,Quantity bought 9.828 @101.75,13385,-1,,-1,35,60,3006,,,32
1403,4,2025-06-22 00:00:00,"Quantity sold 0.266  @ 3,759.40",13388,-1,,-1,35,60,2969,,,32
1404,4,2025-06-22 00:00:00,"Quantity sold 0.133  @ 3,759.40",13389,-1,,-1,35,60,2969,,,32
1405,4,2025-06-22 00:00:00,Quantity sold 3.848  @ 389.81,13387,-1,,-1,35,60,2978,,,32
1406,4,2025-06-23 00:00:00,Quantity bought 35.933 @13.91,13397,-1,,-1,35,60,2972,,,32
1407,4,2025-06-23 00:00:00,Quantity bought 1.806 @830.56,13390,-1,,-1,35,60,2981,,,32
1408,4,2025-06-23 00:00:00,Quantity bought 9.817 @101.86,13391,-1,,-1,35,60,3006,,,32
1409,4,2025-06-23 00:00:00,"Quantity sold 0.266  @ 3,759.40",13393,-1,,-1,35,60,2969,,,32
1410,4,2025-06-23 00:00:00,"Quantity sold 1.328  @ 3,765.06",13394,-1,,-1,35,60,2969,,,32
1411,4,2025-06-23 00:00:00,"Quantity sold 0.133  @ 3,759.40",13395,-1,,-1,35,60,2969,,,32
1412,4,2025-06-23 00:00:00,"Quantity sold 1.328  @ 3,765.06",13396,-1,,-1,35,60,2969,,,32
1413,4,2025-06-23 00:00:00,Quantity sold 3.847  @ 389.91,13392,-1,,-1,35,60,2978,,,32
1414,4,2025-06-24 00:00:00,Quantity bought 35.866 @13.94,13404,-1,,-1,35,60,2972,,,32
1415,4,2025-06-24 00:00:00,Quantity bought 358.657 @13.94,13405,-1,,-1,35,60,2972,,,32
1416,4,2025-06-24 00:00:00,Quantity bought 1.808 @829.65,13398,-1,,-1,35,60,2981,,,32
1417,4,2025-06-24 00:00:00,Quantity bought 9.806 @101.98,13399,-1,,-1,35,60,3006,,,32
1418,4,2025-06-24 00:00:00,Quantity bought 49.029 @101.98,13400,-1,,-1,35,60,3006,,,32
1419,4,2025-06-24 00:00:00,"Quantity sold 0.265  @ 3,773.58",13402,-1,,-1,35,60,2969,,,32
1420,4,2025-06-24 00:00:00,"Quantity sold 0.133  @ 3,759.40",13403,-1,,-1,35,60,2969,,,32
1421,4,2025-06-24 00:00:00,Quantity sold 3.847  @ 389.91,13401,-1,,-1,35,60,2978,,,32
1422,4,2025-06-25 00:00:00,Quantity bought 35.864 @13.94,13412,-1,,-1,35,60,2972,,,32
1423,4,2025-06-25 00:00:00,Quantity bought 1.801 @832.87,13406,-1,,-1,35,60,2981,,,32
1424,4,2025-06-25 00:00:00,Quantity bought 9.829 @101.74,13407,-1,,-1,35,60,3006,,,32
1425,4,2025-06-25 00:00:00,"Quantity sold 0.265  @ 3,773.58",13410,-1,,-1,35,60,2969,,,32
1426,4,2025-06-25 00:00:00,"Quantity sold 0.133  @ 3,759.40",13411,-1,,-1,35,60,2969,,,32
1427,4,2025-06-25 00:00:00,Quantity sold 12.821  @ 389.99,13408,-1,,-1,35,60,2978,,,32
1428,4,2025-06-25 00:00:00,Quantity sold 3.846  @ 390.02,13409,-1,,-1,35,60,2978,,,32
1429,4,2025-06-26 00:00:00,Quantity bought 35.65 @14.03,13419,-1,,-1,35,60,2972,,,32
1430,4,2025-06-26 00:00:00,Quantity bought 5.973 @837.10,13413,-1,,-1,35,60,2981,,,32
1431,4,2025-06-26 00:00:00,Quantity bought 1.792 @837.05,13414,-1,,-1,35,60,2981,,,32
1432,4,2025-06-26 00:00:00,Quantity bought 9.828 @101.75,13415,-1,,-1,35,60,3006,,,32
1433,4,2025-06-26 00:00:00,"Quantity sold 0.265  @ 3,773.58",13417,-1,,-1,35,60,2969,,,32
1434,4,2025-06-26 00:00:00,"Quantity sold 0.133  @ 3,759.40",13418,-1,,-1,35,60,2969,,,32
1435,4,2025-06-26 00:00:00,Quantity sold 3.846  @ 390.02,13416,-1,,-1,35,60,2978,,,32
1436,4,2025-06-27 00:00:00,Quantity bought 35.554 @14.06,13524,-1,,-1,35,60,2972,,,32
1437,4,2025-06-27 00:00:00,Quantity bought 1.789 @838.46,13522,-1,,-1,35,60,2981,,,32
1438,4,2025-06-27 00:00:00,Quantity bought 9.838 @101.65,13523,-1,,-1,35,60,3006,,,32
1439,4,2025-06-29 00:00:00,"Quantity sold 0.265  @ 3,773.58",13526,-1,,-1,35,60,2969,,,32
1440,4,2025-06-29 00:00:00,"Quantity sold 0.133  @ 3,759.40",13527,-1,,-1,35,60,2969,,,32
1441,4,2025-06-29 00:00:00,Quantity sold 3.844  @ 390.22,13525,-1,,-1,35,60,2978,,,32
1442,4,2025-06-30 00:00:00,Quantity bought 35.544 @14.07,13535,-1,,-1,35,60,2972,,,32
1443,4,2025-06-30 00:00:00,Quantity bought 1.792 @837.05,13528,-1,,-1,35,60,2981,,,32
1444,4,2025-06-30 00:00:00,Quantity bought 9.827 @101.76,13529,-1,,-1,35,60,3006,,,32
1445,4,2025-06-30 00:00:00,"Quantity sold 0.265  @ 3,773.58",13531,-1,,-1,35,60,2969,,,32
1446,4,2025-06-30 00:00:00,"Quantity sold 1.326  @ 3,770.74",13532,-1,,-1,35,60,2969,,,32
1447,4,2025-06-30 00:00:00,"Quantity sold 0.133  @ 3,759.40",13533,-1,,-1,35,60,2969,,,32
1448,4,2025-06-30 00:00:00,"Quantity sold 1.326  @ 3,770.74",13534,-1,,-1,35,60,2969,,,32
1449,4,2025-06-30 00:00:00,Quantity sold 3.843  @ 390.32,13530,-1,,-1,35,60,2978,,,32
1450,4,2025-07-01 00:00:00,Quantity bought 35.496 @14.09,13542,-1,,-1,35,60,2972,,,32
1451,4,2025-07-01 00:00:00,Quantity bought 354.965 @14.09,13543,-1,,-1,35,60,2972,,,32
1452,4,2025-07-01 00:00:00,Quantity bought 1.791 @837.52,13536,-1,,-1,35,60,2981,,,32
1453,4,2025-07-01 00:00:00,Quantity bought 9.807 @101.97,13537,-1,,-1,35,60,3006,,,32
1454,4,2025-07-01 00:00:00,Quantity bought 49.034 @101.97,13538,-1,,-1,35,60,3006,,,32
1455,4,2025-07-01 00:00:00,"Quantity sold 0.265  @ 3,773.58",13540,-1,,-1,35,60,2969,,,32
1456,4,2025-07-01 00:00:00,"Quantity sold 0.133  @ 3,759.40",13541,-1,,-1,35,60,2969,,,32
1457,4,2025-07-01 00:00:00,Quantity sold 3.842  @ 390.42,13539,-1,,-1,35,60,2978,,,32
1458,4,2025-07-02 00:00:00,Quantity bought 35.522 @14.08,13550,-1,,-1,35,60,2972,,,32
1459,4,2025-07-02 00:00:00,Quantity bought 1.793 @836.59,13544,-1,,-1,35,60,2981,,,32
1460,4,2025-07-02 00:00:00,Quantity bought 9.788 @102.17,13545,-1,,-1,35,60,3006,,,32
1461,4,2025-07-02 00:00:00,"Quantity sold 0.265  @ 3,773.58",13548,-1,,-1,35,60,2969,,,32
1462,4,2025-07-02 00:00:00,"Quantity sold 0.133  @ 3,759.40",13549,-1,,-1,35,60,2969,,,32
1463,4,2025-07-02 00:00:00,Quantity sold 3.841  @ 390.52,13546,-1,,-1,35,60,2978,,,32
1464,4,2025-07-02 00:00:00,Quantity sold 12.803  @ 390.53,13547,-1,,-1,35,60,2978,,,32
1465,4,2025-07-03 00:00:00,Quantity bought 35.459 @14.10,13557,-1,,-1,35,60,2972,,,32
1466,4,2025-07-03 00:00:00,Quantity bought 1.793 @836.59,13551,-1,,-1,35,60,2981,,,32
1467,4,2025-07-03 00:00:00,Quantity bought 5.975 @836.82,13552,-1,,-1,35,60,2981,,,32
1468,4,2025-07-03 00:00:00,Quantity bought 9.8 @102.04,13553,-1,,-1,35,60,3006,,,32
1469,4,2025-07-03 00:00:00,"Quantity sold 0.265  @ 3,773.58",13555,-1,,-1,35,60,2969,,,32
1470,4,2025-07-03 00:00:00,"Quantity sold 0.133  @ 3,759.40",13556,-1,,-1,35,60,2969,,,32
1471,4,2025-07-03 00:00:00,Quantity sold 3.84  @ 390.63,13554,-1,,-1,35,60,2978,,,32
1472,4,2025-07-04 00:00:00,Quantity bought 1.791 @837.52,13558,-1,,-1,35,60,2981,,,32
1473,4,2025-07-04 00:00:00,Quantity bought 9.794 @102.10,13559,-1,,-1,35,60,3006,,,32
1474,4,2025-07-06 00:00:00,"Quantity sold 0.265  @ 3,773.58",13561,-1,,-1,35,60,2969,,,32
1475,4,2025-07-06 00:00:00,Quantity sold 3.838  @ 390.83,13560,-1,,-1,35,60,2978,,,32
1476,4,2025-07-07 00:00:00,Quantity bought 35.487 @14.09,13569,-1,,-1,35,60,2972,,,32
1477,4,2025-07-07 00:00:00,Quantity bought 1.791 @837.52,13562,-1,,-1,35,60,2981,,,32
1478,4,2025-07-07 00:00:00,Quantity bought 9.791 @102.13,13563,-1,,-1,35,60,3006,,,32
1479,4,2025-07-07 00:00:00,"Quantity sold 0.265  @ 3,773.58",13565,-1,,-1,35,60,2969,,,32
1480,4,2025-07-07 00:00:00,"Quantity sold 1.324  @ 3,776.44",13566,-1,,-1,35,60,2969,,,32
1481,4,2025-07-07 00:00:00,"Quantity sold 0.132  @ 3,787.88",13567,-1,,-1,35,60,2969,,,32
1482,4,2025-07-07 00:00:00,"Quantity sold 1.324  @ 3,776.44",13568,-1,,-1,35,60,2969,,,32
1483,4,2025-07-07 00:00:00,Quantity sold 3.838  @ 390.83,13564,-1,,-1,35,60,2978,,,32
1484,4,2025-07-08 00:00:00,Quantity bought 35.484 @14.09,13576,-1,,-1,35,60,2972,,,32
1485,4,2025-07-08 00:00:00,Quantity bought 354.839 @14.09,13577,-1,,-1,35,60,2972,,,32
1486,4,2025-07-08 00:00:00,Quantity bought 1.789 @838.46,13570,-1,,-1,35,60,2981,,,32
1487,4,2025-07-08 00:00:00,Quantity bought 9.793 @102.11,13571,-1,,-1,35,60,3006,,,32
1488,4,2025-07-08 00:00:00,Quantity bought 48.964 @102.12,13572,-1,,-1,35,60,3006,,,32
1489,4,2025-07-08 00:00:00,"Quantity sold 0.265  @ 3,773.58",13574,-1,,-1,35,60,2969,,,32
1490,4,2025-07-08 00:00:00,"Quantity sold 0.132  @ 3,787.88",13575,-1,,-1,35,60,2969,,,32
1491,4,2025-07-08 00:00:00,Quantity sold 3.837  @ 390.93,13573,-1,,-1,35,60,2978,,,32
1492,4,2025-07-09 00:00:00,Quantity bought 35.544 @14.07,13584,-1,,-1,35,60,2972,,,32
1493,4,2025-07-09 00:00:00,Quantity bought 1.791 @837.52,13578,-1,,-1,35,60,2981,,,32
1494,4,2025-07-09 00:00:00,Quantity bought 9.8 @102.04,13579,-1,,-1,35,60,3006,,,32
1495,4,2025-07-09 00:00:00,"Quantity sold 0.265  @ 3,773.58",13582,-1,,-1,35,60,2969,,,32
1496,4,2025-07-09 00:00:00,"Quantity sold 0.132  @ 3,787.88",13583,-1,,-1,35,60,2969,,,32
1497,4,2025-07-09 00:00:00,Quantity sold 3.837  @ 390.93,13580,-1,,-1,35,60,2978,,,32
1498,4,2025-07-09 00:00:00,Quantity sold 12.789  @ 390.96,13581,-1,,-1,35,60,2978,,,32
1499,4,2025-07-10 00:00:00,Quantity bought 35.509 @14.08,13591,-1,,-1,35,60,2972,,,32
1500,4,2025-07-10 00:00:00,Quantity bought 1.793 @836.59,13585,-1,,-1,35,60,2981,,,32
1501,4,2025-07-10 00:00:00,Quantity bought 5.976 @836.68,13586,-1,,-1,35,60,2981,,,32
1502,4,2025-07-10 00:00:00,Quantity bought 9.808 @101.96,13587,-1,,-1,35,60,3006,,,32
1503,4,2025-07-10 00:00:00,"Quantity sold 0.265  @ 3,773.58",13589,-1,,-1,35,60,2969,,,32
1504,4,2025-07-10 00:00:00,"Quantity sold 0.132  @ 3,787.88",13590,-1,,-1,35,60,2969,,,32
1505,4,2025-07-10 00:00:00,Quantity sold 3.836  @ 391.03,13588,-1,,-1,35,60,2978,,,32
1506,4,2025-07-11 00:00:00,Quantity bought 35.544 @14.07,13594,-1,,-1,35,60,2972,,,32
1507,4,2025-07-11 00:00:00,Quantity bought 1.795 @835.65,13592,-1,,-1,35,60,2981,,,32
1508,4,2025-07-11 00:00:00,Quantity bought 9.763 @102.43,13593,-1,,-1,35,60,3006,,,32
1509,4,2025-07-13 00:00:00,"Quantity sold 0.265  @ 3,773.58",13596,-1,,-1,35,60,2969,,,32
1510,4,2025-07-13 00:00:00,"Quantity sold 0.132  @ 3,787.88",13597,-1,,-1,35,60,2969,,,32
1511,4,2025-07-13 00:00:00,Quantity sold 3.834  @ 391.24,13595,-1,,-1,35,60,2978,,,32
1512,4,2025-07-14 00:00:00,Quantity bought 35.422 @14.12,13605,-1,,-1,35,60,2972,,,32
1513,4,2025-07-14 00:00:00,Quantity bought 1.794 @836.12,13598,-1,,-1,35,60,2981,,,32
1514,4,2025-07-14 00:00:00,Quantity bought 9.745 @102.62,13599,-1,,-1,35,60,3006,,,32
1515,4,2025-07-14 00:00:00,"Quantity sold 0.265  @ 3,773.58",13601,-1,,-1,35,60,2969,,,32
1516,4,2025-07-14 00:00:00,"Quantity sold 1.323  @ 3,779.29",13602,-1,,-1,35,60,2969,,,32
1517,4,2025-07-14 00:00:00,"Quantity sold 0.132  @ 3,787.88",13603,-1,,-1,35,60,2969,,,32
1518,4,2025-07-14 00:00:00,"Quantity sold 1.323  @ 3,779.29",13604,-1,,-1,35,60,2969,,,32
1519,4,2025-07-14 00:00:00,Quantity sold 3.834  @ 391.24,13600,-1,,-1,35,60,2978,,,32
1520,4,2025-07-15 00:00:00,Quantity bought 35.406 @14.12,13683,-1,,-1,35,60,2972,,,32
1521,4,2025-07-15 00:00:00,Quantity bought 354.062 @14.12,13684,-1,,-1,35,60,2972,,,32
1522,4,2025-07-15 00:00:00,Quantity bought 1.792 @837.05,13682,-1,,-1,35,60,2981,,,32
1523,4,2025-07-15 00:00:00,Quantity bought 9.746 @102.61,13606,-1,,-1,35,60,3006,,,32
1524,4,2025-07-15 00:00:00,Quantity bought 48.729 @102.61,13607,-1,,-1,35,60,3006,,,32
1525,4,2025-07-15 00:00:00,"Quantity sold 0.265  @ 3,773.58",13609,-1,,-1,35,60,2969,,,32
1526,4,2025-07-15 00:00:00,"Quantity sold 0.132  @ 3,787.88",13610,-1,,-1,35,60,2969,,,32
1527,4,2025-07-15 00:00:00,Quantity sold 3.833  @ 391.34,13608,-1,,-1,35,60,2978,,,32
1528,4,2025-07-16 00:00:00,Quantity bought 35.435 @14.11,13691,-1,,-1,35,60,2972,,,32
1529,4,2025-07-16 00:00:00,Quantity bought 1.79 @837.99,13685,-1,,-1,35,60,2981,,,32
1530,4,2025-07-16 00:00:00,Quantity bought 9.75 @102.56,13686,-1,,-1,35,60,3006,,,32
1531,4,2025-07-16 00:00:00,"Quantity sold 0.264  @ 3,787.88",13689,-1,,-1,35,60,2969,,,32
1532,4,2025-07-16 00:00:00,"Quantity sold 0.132  @ 3,787.88",13690,-1,,-1,35,60,2969,,,32
1533,4,2025-07-16 00:00:00,Quantity sold 3.833  @ 391.34,13687,-1,,-1,35,60,2978,,,32
1534,4,2025-07-16 00:00:00,Quantity sold 12.775  @ 391.39,13688,-1,,-1,35,60,2978,,,32
1535,4,2025-07-17 00:00:00,Quantity bought 35.407 @14.12,13734,-1,,-1,35,60,2972,,,32
1536,4,2025-07-17 00:00:00,Quantity bought 1.792 @837.05,13692,-1,,-1,35,60,2981,,,32
1537,4,2025-07-17 00:00:00,Quantity bought 5.972 @837.24,13693,-1,,-1,35,60,2981,,,32
1538,4,2025-07-17 00:00:00,Quantity bought 9.744 @102.63,13694,-1,,-1,35,60,3006,,,32
1539,4,2025-07-17 00:00:00,"Quantity sold 0.264  @ 3,787.88",13696,-1,,-1,35,60,2969,,,32
1540,4,2025-07-17 00:00:00,"Quantity sold 0.132  @ 3,787.88",13697,-1,,-1,35,60,2969,,,32
1541,4,2025-07-17 00:00:00,Quantity sold 3.832  @ 391.44,13695,-1,,-1,35,60,2978,,,32
1542,4,2025-07-18 00:00:00,Quantity bought 35.384 @14.13,13736,-1,,-1,35,60,2972,,,32
1543,4,2025-07-18 00:00:00,Quantity bought 9.715 @102.93,13735,-1,,-1,35,60,3006,,,32
1544,4,2025-07-20 00:00:00,"Quantity sold 0.264  @ 3,787.88",13737,-1,,-1,35,60,2969,,,32
1545,4,2025-07-20 00:00:00,"Quantity sold 0.132  @ 3,787.88",13738,-1,,-1,35,60,2969,,,32
1546,4,2025-07-21 00:00:00,Quantity bought 35.234 @14.19,13744,-1,,-1,35,60,2972,,,32
1547,4,2025-07-21 00:00:00,Quantity bought 9.706 @103.03,13739,-1,,-1,35,60,3006,,,32
1548,4,2025-07-21 00:00:00,Interest (Payout) from Sovereign Gold Bond 2.50% JUL 2029 SR-IV 2021-22 (IN0020210111) (),14114,-1,,-1,35,40,2191,,,32
1549,4,2025-07-21 00:00:00,Interest (Payout) from Sovereign Gold Bond 2.50% JAN 2028 Sr-VIII 2019-20 (IN0020190537) (),14115,-1,,-1,35,40,2204,,,32
1550,4,2025-07-21 00:00:00,"Quantity sold 0.264  @ 3,787.88",13740,-1,,-1,35,60,2969,,,32
1551,4,2025-07-21 00:00:00,"Quantity sold 1.322  @ 3,782.15",13741,-1,,-1,35,60,2969,,,32
1552,4,2025-07-21 00:00:00,"Quantity sold 0.132  @ 3,787.88",13742,-1,,-1,35,60,2969,,,32
1553,4,2025-07-21 00:00:00,"Quantity sold 1.322  @ 3,782.15",13743,-1,,-1,35,60,2969,,,32
1554,4,2025-07-22 00:00:00,Quantity bought 35.189 @14.21,13749,-1,,-1,35,60,2972,,,32
1555,4,2025-07-22 00:00:00,Quantity bought 351.887 @14.21,13750,-1,,-1,35,60,2972,,,32
1556,4,2025-07-22 00:00:00,Quantity bought 9.701 @103.08,13745,-1,,-1,35,60,3006,,,32
1557,4,2025-07-22 00:00:00,Quantity bought 48.506 @103.08,13746,-1,,-1,35,60,3006,,,32
1558,4,2025-07-22 00:00:00,"Quantity sold 0.264  @ 3,787.88",13747,-1,,-1,35,60,2969,,,32
1559,4,2025-07-22 00:00:00,"Quantity sold 0.132  @ 3,787.88",13748,-1,,-1,35,60,2969,,,32
1560,4,2025-07-23 00:00:00,Quantity bought 34.898 @14.33,13778,-1,,-1,35,60,2972,,,32
1561,4,2025-07-23 00:00:00,Quantity bought 9.707 @103.02,13775,-1,,-1,35,60,3006,,,32
1562,4,2025-07-23 00:00:00,"Quantity sold 0.264  @ 3,787.88",13776,-1,,-1,35,60,2969,,,32
1563,4,2025-07-23 00:00:00,"Quantity sold 0.132  @ 3,787.88",13777,-1,,-1,35,60,2969,,,32
1564,4,2025-07-24 00:00:00,Quantity bought 34.974 @14.30,13782,-1,,-1,35,60,2972,,,32
1565,4,2025-07-24 00:00:00,Quantity bought 9.715 @102.93,13779,-1,,-1,35,60,3006,,,32
1566,4,2025-07-24 00:00:00,"Quantity sold 0.264  @ 3,787.88",13780,-1,,-1,35,60,2969,,,32
1567,4,2025-07-24 00:00:00,"Quantity sold 0.132  @ 3,787.88",13781,-1,,-1,35,60,2969,,,32
1568,4,2025-07-25 00:00:00,Quantity bought 35.184 @14.21,13784,-1,,-1,35,60,2972,,,32
1569,4,2025-07-25 00:00:00,Quantity bought 9.74 @102.67,13783,-1,,-1,35,60,3006,,,32
1570,4,2025-07-27 00:00:00,"Quantity sold 0.264  @ 3,787.88",13785,-1,,-1,35,60,2969,,,32
1571,4,2025-07-27 00:00:00,"Quantity sold 0.132  @ 3,787.88",13786,-1,,-1,35,60,2969,,,32
1572,4,2025-07-28 00:00:00,Quantity bought 35.339 @14.15,13792,-1,,-1,35,60,2972,,,32
1573,4,2025-07-28 00:00:00,Quantity bought 9.754 @102.52,13787,-1,,-1,35,60,3006,,,32
1574,4,2025-07-28 00:00:00,"Quantity sold 0.264  @ 3,787.88",13788,-1,,-1,35,60,2969,,,32
1575,4,2025-07-28 00:00:00,"Quantity sold 1.32  @ 3,787.88",13789,-1,,-1,35,60,2969,,,32
1576,4,2025-07-28 00:00:00,"Quantity sold 0.132  @ 3,787.88",13790,-1,,-1,35,60,2969,,,32
1577,4,2025-07-28 00:00:00,"Quantity sold 1.32  @ 3,787.88",13791,-1,,-1,35,60,2969,,,32
1578,4,2025-07-29 00:00:00,Quantity bought 35.351 @14.14,13842,-1,,-1,35,60,2972,,,32
1579,4,2025-07-29 00:00:00,Quantity bought 353.507 @14.14,13843,-1,,-1,35,60,2972,,,32
1580,4,2025-07-29 00:00:00,Quantity bought 9.765 @102.41,13793,-1,,-1,35,60,3006,,,32
1581,4,2025-07-29 00:00:00,Quantity bought 48.823 @102.41,13794,-1,,-1,35,60,3006,,,32
1582,4,2025-07-29 00:00:00,"Quantity sold 0.264  @ 3,787.88",13795,-1,,-1,35,60,2969,,,32
1583,4,2025-07-29 00:00:00,"Quantity sold 0.132  @ 3,787.88",13796,-1,,-1,35,60,2969,,,32
1584,4,2025-07-30 00:00:00,Quantity bought 35.327 @14.15,13847,-1,,-1,35,60,2972,,,32
1585,4,2025-07-30 00:00:00,Quantity bought 9.763 @102.43,13844,-1,,-1,35,60,3006,,,32
1586,4,2025-07-30 00:00:00,"Quantity sold 0.264  @ 3,787.88",13845,-1,,-1,35,60,2969,,,32
1587,4,2025-07-30 00:00:00,"Quantity sold 0.132  @ 3,787.88",13846,-1,,-1,35,60,2969,,,32
1588,4,2025-07-31 00:00:00,Quantity bought 35.51 @14.08,13851,-1,,-1,35,60,2972,,,32
1589,4,2025-07-31 00:00:00,Quantity bought 9.754 @102.52,13848,-1,,-1,35,60,3006,,,32
1590,4,2025-07-31 00:00:00,Dividend Payout from IDFC First Bank (),14113,-1,,-1,35,50,1952,,,32
1591,4,2025-07-31 00:00:00,"Quantity sold 0.264  @ 3,787.88",13849,-1,,-1,35,60,2969,,,32
1592,4,2025-07-31 00:00:00,"Quantity sold 0.132  @ 3,787.88",13850,-1,,-1,35,60,2969,,,32
1593,4,2025-08-01 00:00:00,Quantity bought 35.906 @13.93,13853,-1,,-1,35,60,2972,,,32
1594,4,2025-08-01 00:00:00,Quantity bought 9.753 @102.53,13852,-1,,-1,35,60,3006,,,32
1595,4,2025-08-03 00:00:00,"Quantity sold 0.264  @ 3,787.88",13854,-1,,-1,35,60,2969,,,32
1596,4,2025-08-03 00:00:00,"Quantity sold 0.132  @ 3,787.88",13855,-1,,-1,35,60,2969,,,32
1597,4,2025-08-04 00:00:00,Quantity bought 35.598 @14.05,13859,-1,,-1,35,60,2972,,,32
1598,4,2025-08-04 00:00:00,Quantity bought 9.723 @102.85,13856,-1,,-1,35,60,3006,,,32
1599,4,2025-08-04 00:00:00,"Quantity sold 1.319  @ 3,790.75",13857,-1,,-1,35,60,2969,,,32
1600,4,2025-08-04 00:00:00,"Quantity sold 1.319  @ 3,790.75",13858,-1,,-1,35,60,2969,,,32
1601,4,2025-08-05 00:00:00,Quantity bought 356.651 @14.02,13861,-1,,-1,35,60,2972,,,32
1602,4,2025-08-05 00:00:00,Quantity bought 48.707 @102.65,13860,-1,,-1,35,60,3006,,,32
1603,4,2025-08-11 00:00:00,Dividend Payout from HDFC Bank (),14112,-1,,-1,35,50,2826,,,32
1604,4,2025-08-11 00:00:00,"Quantity sold 1.317  @ 3,796.51",13939,-1,,-1,35,60,2969,,,32
1605,4,2025-08-11 00:00:00,"Quantity sold 1.317  @ 3,796.51",13940,-1,,-1,35,60,2969,,,32
1606,4,2025-08-12 00:00:00,Quantity bought 357.324 @13.99,13942,-1,,-1,35,60,2972,,,32
1607,4,2025-08-12 00:00:00,Quantity bought 49.329 @101.36,13941,-1,,-1,35,60,3006,,,32
1608,4,2025-08-18 00:00:00,"Quantity sold 1.316  @ 3,799.39",13943,-1,,-1,35,60,2969,,,32
1609,4,2025-08-18 00:00:00,"Quantity sold 1.316  @ 3,799.39",13944,-1,,-1,35,60,2969,,,32
1610,4,2025-08-19 00:00:00,Quantity bought 354.027 @14.12,13946,-1,,-1,35,60,2972,,,32
1611,4,2025-08-19 00:00:00,Quantity bought 49.403 @101.21,13945,-1,,-1,35,60,3006,,,32
1612,4,2025-08-25 00:00:00,"Quantity sold 1.314  @ 3,805.18",13947,-1,,-1,35,60,2969,,,32
1613,4,2025-08-25 00:00:00,"Quantity sold 1.314  @ 3,805.18",13948,-1,,-1,35,60,2969,,,32
1614,4,2025-08-26 00:00:00,Quantity bought 354.602 @14.10,13950,-1,,-1,35,60,2972,,,32
1615,4,2025-08-26 00:00:00,Quantity bought 49.742 @100.52,13949,-1,,-1,35,60,3006,,,32
1616,4,2025-08-29 00:00:00,Dividend Payout from Life Insurance Corporation of India (LIC) (),14111,-1,,-1,35,50,1974,,,32
1617,4,2025-09-01 00:00:00,"Quantity sold 1.313  @ 3,808.07",14006,-1,,-1,35,60,2969,,,32
1618,4,2025-09-01 00:00:00,"Quantity sold 1.313  @ 3,808.07",14007,-1,,-1,35,60,2969,,,32
1619,4,2025-09-02 00:00:00,Quantity bought 351.681 @14.22,14039,-1,,-1,35,60,2972,,,32
1620,4,2025-09-02 00:00:00,Quantity bought 49.655 @100.69,14020,-1,,-1,35,60,3006,,,32
1621,4,2025-09-09 00:00:00,"Quantity sold 1.014  @ 3,812.34",14040,-1,,-1,35,60,2969,,,32
1622,4,2025-09-10 00:00:00,Quantity bought 37.967 @101.82,14041,-1,,-1,35,60,3006,,,32
1623,4,2025-09-23 00:00:00,Dividend Payout from Bharat Electronics (),14516,-1,,-1,35,50,2919,,,32
1624,4,2025-09-26 00:00:00,Dividend Payout from Protean eGov Technologies (),14515,-1,,-1,35,50,2991,,,32
1625,4,2025-09-29 00:00:00,"Quantity sold 24.608  @ 4,221.25",14187,-1,,-1,35,60,2979,,,32
1626,4,2025-12-01 00:00:00,Interest (Payout) from Sovereign Gold Bond 2.50% JUN 2029 SR-II 2021-22 (IN0020210061) (),14514,-1,,-1,35,40,2190,,,32
1627,4,2025-12-08 00:00:00,Interest (Payout) from Sovereign Gold Bond 2.50% DEC 2029 SR-VIII 2021-22 (IN0020210228) (),14510,-1,,-1,35,40,2192,,,32
1628,4,2025-12-11 00:00:00,Quantity sold 533.158  @ 421.29,14380,-1,,-1,35,60,1859,,,32
1629,4,2025-12-22 00:00:00,Quantity sold 310.543  @ 16.10,14410,-1,,-1,35,60,2970,,,32
1630,4,2025-12-23 00:00:00,Quantity sold 310.504  @ 16.10,14411,-1,,-1,35,60,2970,,,32
1631,4,2025-12-24 00:00:00,Quantity bought 313.05 @15.97,14430,-1,,-1,35,60,2972,,,32
1632,4,2025-12-24 00:00:00,Quantity sold 310.408  @ 16.11,14429,-1,,-1,35,60,2970,,,32
1633,4,2025-12-26 00:00:00,Quantity bought 312.18 @16.02,14432,-1,,-1,35,60,2972,,,32
1634,4,2025-12-26 00:00:00,Quantity sold 310.292  @ 16.11,14431,-1,,-1,35,60,2970,,,32
1635,4,2025-12-29 00:00:00,Quantity bought 313.271 @15.96,14434,-1,,-1,35,60,2972,,,32
1636,4,2025-12-29 00:00:00,Quantity sold 310.177  @ 16.12,14433,-1,,-1,35,60,2970,,,32
1637,4,2025-12-30 00:00:00,Quantity bought 313.417 @15.95,14436,-1,,-1,35,60,2972,,,32
1638,4,2025-12-30 00:00:00,Quantity sold 310.177  @ 16.12,14435,-1,,-1,35,60,2970,,,32
1639,4,2025-12-31 00:00:00,Quantity bought 312.436 @16.00,14438,-1,,-1,35,60,2972,,,32
1640,4,2025-12-31 00:00:00,Quantity sold 309.965  @ 16.13,14437,-1,,-1,35,60,2970,,,32
1641,4,2026-01-02 00:00:00,Quantity bought 309.083 @16.18,14440,-1,,-1,35,60,2972,,,32
1642,4,2026-01-02 00:00:00,Quantity bought 309.083 @16.18,14441,-1,,-1,35,60,2972,,,32
1643,4,2026-01-02 00:00:00,Quantity sold 309.869  @ 16.14,14439,-1,,-1,35,60,2970,,,32
1644,4,2026-01-05 00:00:00,Quantity sold 309.562  @ 16.15,14442,-1,,-1,35,60,2970,,,32
1645,4,2026-01-06 00:00:00,Quantity bought 307.374 @16.27,14444,-1,,-1,35,60,2972,,,32
1646,4,2026-01-06 00:00:00,Quantity sold 309.581  @ 16.15,14443,-1,,-1,35,60,2970,,,32
1647,4,2026-01-07 00:00:00,Quantity bought 307.887 @16.24,14446,-1,,-1,35,60,2972,,,32
1648,4,2026-01-07 00:00:00,Quantity sold 309.505  @ 16.15,14445,-1,,-1,35,60,2970,,,32
1649,4,2026-01-08 00:00:00,Quantity bought 310.914 @16.08,14448,-1,,-1,35,60,2972,,,32
1650,4,2026-01-08 00:00:00,Quantity sold 309.371  @ 16.16,14447,-1,,-1,35,60,2970,,,32
1651,4,2026-01-09 00:00:00,Quantity bought 310.736 @16.09,14450,-1,,-1,35,60,2972,,,32
1652,4,2026-01-09 00:00:00,Quantity sold 309.39  @ 16.16,14449,-1,,-1,35,60,2970,,,32
1653,4,2026-01-12 00:00:00,Quantity bought 308.172 @16.22,14452,-1,,-1,35,60,2972,,,32
1654,4,2026-01-12 00:00:00,Quantity sold 309.409  @ 16.16,14451,-1,,-1,35,60,2970,,,32
1655,4,2026-01-13 00:00:00,Quantity bought 307.69 @16.25,14485,-1,,-1,35,60,2972,,,32
1656,4,2026-01-13 00:00:00,Quantity sold 309.084  @ 16.18,14483,-1,,-1,35,60,2970,,,32
1657,4,2026-01-13 00:00:00,Quantity sold 2781.755  @ 16.18,14484,-1,,-1,35,60,2970,,,32
1658,4,2026-01-13 00:00:00,"Quantity sold 30.05  @ 3,515.52",14482,-1,,-1,35,60,2977,,,32
1659,4,2026-01-14 00:00:00,Quantity bought 305.975 @16.34,14487,-1,,-1,35,60,2972,,,32
1660,4,2026-01-14 00:00:00,Interest (Payout) from Sovereign Gold Bond 2.50% JUL 2028 SR-IV 2020-21 (IN0020200146) (),14513,-1,,-1,35,40,3048,,,32
1661,4,2026-01-14 00:00:00,Quantity sold 309.141  @ 16.17,14486,-1,,-1,35,60,2970,,,32
1662,4,2026-01-16 00:00:00,Quantity bought 304.401 @16.43,14489,-1,,-1,35,60,2972,,,32
1663,4,2026-01-16 00:00:00,Quantity bought 2739.606 @16.43,14490,-1,,-1,35,60,2972,,,32
1664,4,2026-01-16 00:00:00,Quantity sold 309.027  @ 16.18,14488,-1,,-1,35,60,2970,,,32
1665,4,2026-01-20 00:00:00,Quantity bought 304.701 @16.41,14492,-1,,-1,35,60,2972,,,32
1666,4,2026-01-20 00:00:00,Quantity bought 304.701 @16.41,14493,-1,,-1,35,60,2972,,,32
1667,4,2026-01-20 00:00:00,Interest (Payout) from Sovereign Gold Bond 2.50% JUL 2029 SR-IV 2021-22 (IN0020210111) (),14512,-1,,-1,35,40,2191,,,32
1668,4,2026-01-20 00:00:00,Quantity sold 308.74  @ 16.20,14491,-1,,-1,35,60,2970,,,32
1669,4,2026-01-21 00:00:00,Interest (Payout) from Sovereign Gold Bond 2.50% JAN 2028 Sr-VIII 2019-20 (IN0020190537) (),14511,-1,,-1,35,40,2204,,,32
1670,4,2026-01-21 00:00:00,Quantity sold 308.721  @ 16.20,14494,-1,,-1,35,60,2970,,,32
1671,4,2026-01-22 00:00:00,Quantity bought 304.753 @16.41,14496,-1,,-1,35,60,2972,,,32
1672,4,2026-01-22 00:00:00,Quantity sold 308.836  @ 16.19,14495,-1,,-1,35,60,2970,,,32
1673,4,2026-01-23 00:00:00,Quantity bought 303.846 @16.46,14498,-1,,-1,35,60,2972,,,32
1674,4,2026-01-23 00:00:00,Quantity sold 308.55  @ 16.20,14497,-1,,-1,35,60,2970,,,32
1675,4,2026-01-27 00:00:00,Quantity bought 300.033 @16.66,14500,-1,,-1,35,60,2972,,,32
1676,4,2026-01-27 00:00:00,Quantity sold 308.74  @ 16.20,14499,-1,,-1,35,60,2970,,,32
1677,4,2026-01-28 00:00:00,Quantity bought 296.707 @16.85,14502,-1,,-1,35,60,2972,,,32
1678,4,2026-01-28 00:00:00,Quantity sold 242.292  @ 16.21,14501,-1,,-1,35,60,2970,,,32
1679,4,2026-01-29 00:00:00,Quantity bought 292.811 @17.08,14503,-1,,-1,35,60,2972,,,32
1680,4,2026-01-30 00:00:00,Quantity bought 232.888 @16.86,14504,-1,,-1,35,60,2972,,,32
1681,4,2026-02-01 00:00:00,Quantity sold 133.218  @ 402.55,14517,-1,,-1,35,60,2978,,,32
1682,4,2026-03-27 00:00:00,Quantity bought 14589.618 @8.91,15042,-1,,-1,35,60,3116,,,32
1683,4,2026-05-08 00:00:00,Quantity bought 1404.83 @177.96,15717,-1,,-1,35,60,3131,,,32
1684,4,2019-09-03 00:00:00,"Share Contract Note,  No.:I24000/136651   27/SEP2019/117",-1,2311,,-1,35,40,-1,,,32
1685,4,2019-09-06 00:00:00,"Share Contract Note,  No.:I24000/140352   27/SEP2019/939",-1,2343,,-1,35,40,-1,,,32
1686,4,2019-09-11 00:00:00,"Share Contract Note,  No.:I24000/142833   27/SEP2019/1489",-1,2344,,-1,35,40,-1,,,32
1687,4,2019-09-20 00:00:00,"Share Contract Note,  No.:I24000/152125   27/SEP2019/3539",-1,2348,,-1,35,40,-1,,,32
1688,4,2019-09-23 00:00:00,"Share Contract Note,  No.:I24000/153779   27/SEP2019/3891",-1,2349,,-1,35,40,-1,,,32
1689,4,2020-03-02 00:00:00,"Share Contract Note,  No.:I24000/293458   27/MAR2020/121",-1,2402,,-1,35,40,-1,,,32
1690,4,2020-03-11 00:00:00,"Share Contract Note,  No.:I24000/300927   27/MAR2020/1692",-1,2412,,-1,35,40,-1,,,32
1691,4,2020-04-01 00:00:00,"Share Contract Note,  No.:I24000/487   27/APR2020/151",-1,2453,,-1,35,40,-1,,,32
1692,4,2019-09-13 00:00:00,"Share Contract Note,  No.:DLB1-1609-NA9171/I24000, Settlement No.:NA9171",-1,2461,,-1,35,50,-1,,,32
1693,4,2020-04-09 00:00:00,"Share Contract Note,  No.:I24000/5867   27/APR2020/1347",-1,2487,,-1,35,40,-1,,,32
1694,4,2020-04-24 00:00:00,"Share Contract Note,  No.:I24000/19472   27/APR2020/4299",-1,2502,,-1,35,40,-1,,,32
1695,4,2020-08-19 00:00:00,"Share Contract Note,  No.:I24000/149613   27/AUG2020/4267",-1,2632,,-1,35,40,-1,,,32
1696,4,2020-08-21 00:00:00,"Share Contract Note,  No.:I24000/153158   27/AUG2020/4978",-1,2633,,-1,35,40,-1,,,32
1697,4,2022-09-30 00:00:00,"Share Contract Note,  No.:COMBINED/192577",-1,3332,,-1,35,50,-1,,,32
1698,4,2022-09-29 00:00:00,"Share Contract Note,  No.:COMBINED/191037",-1,3334,,-1,35,50,-1,,,32
1699,4,2022-10-07 00:00:00,"Share Contract Note,  No.:COMBINED/198519",-1,3343,,-1,35,40,-1,,,32
1700,4,2022-10-10 00:00:00,"Share Contract Note,  No.:COMBINED/199932",-1,3344,,-1,35,50,-1,,,32
1701,4,2022-10-11 00:00:00,"Share Contract Note,  No.:COMBINED/201419",-1,3348,,-1,35,50,-1,,,32
1702,4,2022-11-15 00:00:00,"Share Contract Note,  No.:COMBINED/235917",-1,3371,,-1,35,50,-1,,,32
1703,4,2022-12-01 00:00:00,"Share Contract Note,  No.:COMBINED/255028",-1,3396,,-1,35,50,-1,,,32
1704,4,2022-12-23 00:00:00,"Share Contract Note,  No.:COMBINED/280387",-1,3434,,-1,35,50,-1,,,32
1705,4,2023-04-13 00:00:00,"Share Contract Note,  No.:COMBINED/8372",-1,3498,,-1,35,40,-1,,,32
1706,4,2023-04-20 00:00:00,"Share Contract Note,  No.:COMBINED/13563",-1,3511,,-1,35,40,-1,,,32
1707,4,2023-06-19 00:00:00,"Share Contract Note,  No.:COMBINED/71110",-1,3577,,-1,35,50,-1,,,32
1708,4,2023-09-05 00:00:00,"Share Contract Note,  No.:COMBINED/153453",-1,3704,,-1,35,50,-1,,,32
1709,4,2023-09-08 00:00:00,"Share Contract Note,  No.:COMBINED/158497",-1,3710,,-1,35,50,-1,,,32
1710,4,2023-10-09 00:00:00,"Share Contract Note,  No.:COMBINED/187703",-1,3722,,-1,35,50,-1,,,32
1711,4,2023-11-03 00:00:00,"Share Contract Note,  No.:COMBINED/211833",-1,3740,,-1,35,50,-1,,,32
1712,4,2024-01-04 00:00:00,"Share Contract Note,  No.:COMBINED/278360",-1,3765,,-1,35,50,-1,,,32
1713,4,2023-09-11 00:00:00,"Share Contract Note,  No.:COMBINED/160271",-1,3766,,-1,35,50,-1,,,32
1714,4,2024-01-15 00:00:00,"Share Contract Note,  No.:COMBINED/290479",-1,3768,,-1,35,50,-1,,,32
1715,4,2024-01-16 00:00:00,"Share Contract Note,  No.:COMBINED/292308",-1,3772,,-1,35,50,-1,,,32
1716,4,2024-01-29 00:00:00,"Share Contract Note,  No.:COMBINED/306025",-1,3788,,-1,35,50,-1,,,32
1717,4,2024-04-23 00:00:00,"Share Contract Note,  No.:COMBINED/20851",-1,3880,,-1,35,50,-1,,,32
1718,4,2024-05-09 00:00:00,"Share Contract Note,  No.:COMBINED/37879",-1,3890,,-1,35,50,-1,,,32
1719,4,2024-05-28 00:00:00,"Share Contract Note,  No.:COMBINED/56735",-1,3908,,-1,35,50,-1,,,32
1720,4,2024-06-18 00:00:00,"Share Contract Note,  No.:COMBINED/79667",-1,3911,,-1,35,50,-1,,,32
1721,4,2024-07-04 00:00:00,"Share Contract Note,  No.:COMBINED/99425",-1,3922,,-1,35,50,-1,,,32
1722,4,2024-07-03 00:00:00,"Share Contract Note,  No.:COMBINED/97692",-1,3923,,-1,35,50,-1,,,32
1723,4,2024-07-11 00:00:00,"Share Contract Note,  No.:COMBINED/107807",-1,3932,,-1,35,50,-1,,,32
1724,4,2024-07-12 00:00:00,"Share Contract Note,  No.:COMBINED/109479",-1,3937,,-1,35,50,-1,,,32
1725,4,2024-07-31 00:00:00,"Share Contract Note,  No.:COMBINED/128626",-1,3943,,-1,35,50,-1,,,32
1726,4,2024-09-16 00:00:00,"Share Contract Note,  No.:COMBINED/177155:16-09-2024",-1,3987,,-1,35,50,-1,,,32
1727,4,2024-09-23 00:00:00,"Share Contract Note,  No.:COMBINED/185101:23-09-2024",-1,3990,,-1,35,50,-1,,,32
1728,4,2024-09-30 00:00:00,"Share Contract Note,  No.:COMBINED/192783:30-09-2024",-1,3992,,-1,35,50,-1,,,32
1729,4,2024-10-01 00:00:00,"Share Contract Note,  No.:COMBINED/194262:01-10-2024",-1,3993,,-1,35,50,-1,,,32
1730,4,2024-10-03 00:00:00,"Share Contract Note,  No.:COMBINED/195837:03-10-2024",-1,3996,,-1,35,50,-1,,,32
1731,4,2024-10-04 00:00:00,"Share Contract Note,  No.:COMBINED/197426:04-10-2024",-1,4001,,-1,35,50,-1,,,32
1732,4,2024-10-11 00:00:00,"Share Contract Note,  No.:COMBINED/203559:11-10-2024",-1,4006,,-1,35,50,-1,,,32
1733,4,2025-03-27 00:00:00,"Share Contract Note,  No.:COMBINED/334468:27-03-2025",-1,4081,,-1,35,50,-1,,,32
1734,4,2024-08-05 00:00:00,"Share Contract Note,  No.:COMBINED/133542:05-08-2024",-1,4083,,-1,35,50,-1,,,32
1735,4,2025-07-01 00:00:00,"Share Contract Note,  No.:COMBINED/70218:01-07-2025",-1,4088,,-1,35,50,-1,,,32
1736,4,2024-08-02 00:00:00,"Share Contract Note,  No.:COMBINED/131813:02-08-2024",-1,4090,,-1,35,50,-1,,,32
1737,4,2025-07-18 00:00:00,"Share Contract Note,  No.:COMBINED/85247:18-07-2025",-1,4101,,-1,35,50,-1,,,32
1738,4,2025-09-15 00:00:00,"Share Contract Note,  No.:COMBINED/126856:15-09-2025",-1,4123,,-1,35,50,-1,,,32
1739,4,2025-09-16 00:00:00,"Share Contract Note,  No.:COMBINED/127900:16-09-2025",-1,4124,,-1,35,50,-1,,,32
1740,4,2025-09-29 00:00:00,"Share Contract Note,  No.:COMBINED/137982:29-09-2025",-1,4132,,-1,35,50,-1,,,32
1741,4,2026-03-19 00:00:00,"Share Contract Note,  No.:30478321:19-03-2026",-1,4189,,-1,35,50,-1,,,32
1742,4,2026-03-19 00:00:00,"Share Contract Note,  No.:COMBINED/263912:19-03-2026",-1,4190,,-1,35,50,-1,,,32
1743,4,2026-03-25 00:00:00,"Share Contract Note,  No.:COMBINED/267992:25-03-2026",-1,4199,,-1,35,50,-1,,,32
1744,4,2026-05-13 00:00:00,"Share Contract Note,  No.:3893506:13-05-2026",-1,4212,,-1,35,50,-1,,,32
1745,4,2022-10-11 00:00:00,"Short sell, position reconciled, bought quantity: 10000, Sold in CN No.:COMBINED/192577",8347,3331,,-1,42,81,1942,,,32
1746,4,2022-10-12 00:00:00,"Short sell, position reconciled, bought quantity: 10000, Sold in CN No.:COMBINED/192577",8407,3331,,-1,42,81,1942,,,32
1747,4,2022-10-12 00:00:00,"Short sell, position reconciled, bought quantity: 5000, Sold in CN No.:COMBINED/195482",8407,3339,,-1,42,81,1942,,,32
1748,4,2022-11-24 00:00:00,"Short sell, position reconciled, bought quantity: 3000, Sold in CN No.:COMBINED/195482",8424,3339,,-1,42,81,1942,,,32
1749,4,2022-12-23 00:00:00,"Short sell, position reconciled, bought quantity: 20000, Sold in CN No.:COMBINED/201419",9434,3347,,-1,42,81,1951,,,32
1750,4,2022-12-23 00:00:00,"Short sell, position reconciled, bought quantity: 3000, Sold in CN No.:COMBINED/205687",9434,3349,,-1,42,81,1951,,,32
1751,4,2022-11-25 00:00:00,"Short sell, position reconciled, bought quantity: 10000, Sold in CN No.:COMBINED/217232",8426,3360,,-1,42,81,1943,,,32
1752,4,2022-12-23 00:00:00,"Short sell, position reconciled, bought quantity: 6000, Sold in CN No.:COMBINED/235917",9434,3370,,-1,42,81,1951,,,32
1753,4,2022-12-23 00:00:00,"Short sell, position reconciled, bought quantity: 3000, Sold in CN No.:COMBINED/235917",9435,3370,,-1,42,81,1961,,,32
1754,4,2022-12-23 00:00:00,"Short sell, position reconciled, bought quantity: 2000, Sold in CN No.:COMBINED/239213",9434,3372,,-1,42,81,1951,,,32
1755,4,2022-12-23 00:00:00,"Short sell, position reconciled, bought quantity: 13000, Sold in CN No.:COMBINED/202830",9434,3373,,-1,42,81,1951,,,32
1756,4,2022-12-23 00:00:00,"Short sell, position reconciled, bought quantity: 3000, Sold in CN No.:COMBINED/246854",9434,3381,,-1,42,81,1951,,,32
1757,4,2022-12-23 00:00:00,"Short sell, position reconciled, bought quantity: 25000, Sold in CN No.:COMBINED/248525",9435,3382,,-1,42,81,1961,,,32
1758,4,2023-01-23 00:00:00,"F and O Contract Note,  No.:COMBINED/309739 Profit/Loss:-15.88, Less STT:0.00, Less other Charges:0.00",-1,3442,,-1,42,81,-1,,,32
1759,4,2023-02-16 00:00:00,"Short sell, position reconciled, bought quantity: 28000, Sold in CN No.:COMBINED/309739",8646,3442,,-1,42,81,2099,,,32
1760,4,2023-02-16 00:00:00,"Short sell, position reconciled, bought quantity: 10000, Sold in CN No.:COMBINED/309739",8647,3442,,-1,42,81,2100,,,32
1761,4,2023-02-16 00:00:00,"Short sell, position reconciled, bought quantity: 10000, Sold in CN No.:COMBINED/312531",8647,3443,,-1,42,81,2100,,,32
1762,4,2023-02-17 00:00:00,"Short sell, position reconciled, bought quantity: 27000, Sold in CN No.:COMBINED/312531",8650,3443,,-1,42,81,2100,,,32
1763,4,2023-03-06 00:00:00,"Short sell, position reconciled, bought quantity: 28000, Sold in CN No.:COMBINED/333699",8658,3449,,-1,42,81,2106,,,32
1764,4,2023-03-06 00:00:00,"Short sell, position reconciled, bought quantity: 20000, Sold in CN No.:COMBINED/333699",8659,3449,,-1,42,81,2107,,,32
1765,4,2023-03-06 00:00:00,"Short sell, position reconciled, bought quantity: 27000, Sold in CN No.:COMBINED/335078",8659,3450,,-1,42,81,2107,,,32
1766,4,2023-03-31 00:00:00,"Short sell, position reconciled, bought quantity: 28000, Sold in CN No.:COMBINED/349702",8913,3453,,-1,42,81,2110,,,32
1767,4,2023-03-31 00:00:00,"Short sell, position reconciled, bought quantity: 47000, Sold in CN No.:COMBINED/349702",8914,3453,,-1,42,81,2111,,,32
1768,4,2023-05-23 00:00:00,"Short sell, position reconciled, bought quantity: 28000, Sold in CN No.:COMBINED/18721",8895,3514,,-1,42,81,2206,,,32
1769,4,2023-05-23 00:00:00,"Short sell, position reconciled, bought quantity: 47000, Sold in CN No.:COMBINED/18721",8896,3514,,-1,42,81,2207,,,32
1770,4,2023-06-19 00:00:00,"Short sell, position reconciled, bought quantity: 3000, Sold in CN No.:COMBINED/44136",9087,3527,,-1,42,81,2238,,,32
1771,4,2023-06-27 00:00:00,"Short sell, position reconciled, bought quantity: 25000, Sold in CN No.:COMBINED/44136",9413,3527,,-1,42,81,2238,,,32
1772,4,2023-06-19 00:00:00,"Short sell, position reconciled, bought quantity: 5000, Sold in CN No.:COMBINED/44136",9088,3527,,-1,42,81,2239,,,32
1773,4,2023-06-27 00:00:00,"Short sell, position reconciled, bought quantity: 42000, Sold in CN No.:COMBINED/44136",9414,3527,,-1,42,81,2239,,,32
1774,4,2023-04-26 00:00:00,"Short sell, position reconciled, bought quantity: 28000, Sold in CN No.:opening, Settlement No.:opening",8834,3532,,-1,42,81,2110,,,32
1775,4,2023-04-26 00:00:00,"Short sell, position reconciled, bought quantity: 47000, Sold in CN No.:opening, Settlement No.:opening",8835,3532,,-1,42,81,2111,,,32
1776,4,2023-07-14 00:00:00,"Short sell, position reconciled, bought quantity: 21000, Sold in CN No.:COMBINED/79455",9525,3627,,-1,42,81,2374,,,32
1777,4,2023-07-26 00:00:00,"Short sell, position reconciled, bought quantity: 21000, Sold in CN No.:COMBINED/79455",9788,3627,,-1,42,81,2374,,,32
1778,4,2023-07-14 00:00:00,"Short sell, position reconciled, bought quantity: 12000, Sold in CN No.:COMBINED/79455",9526,3627,,-1,42,81,2375,,,32
1779,4,2023-07-26 00:00:00,"Short sell, position reconciled, bought quantity: 13000, Sold in CN No.:COMBINED/79455",9789,3627,,-1,42,81,2375,,,32
1780,4,2022-10-04 00:00:00,"Short sell, position reconciled, bought quantity: 4000, Sold in CN No.:COMBINED/191037",8313,3630,,-1,42,81,1942,,,32
1781,4,2022-10-11 00:00:00,"Short sell, position reconciled, bought quantity: 5000, Sold in CN No.:COMBINED/191037",8347,3630,,-1,42,81,1942,,,32
1782,4,2022-11-25 00:00:00,"Short sell, position reconciled, bought quantity: 10000, Sold in CN No.:COMBINED/191037",8426,3630,,-1,42,81,1943,,,32
1783,4,2022-10-27 00:00:00,"Short sell, position reconciled, bought quantity: 10000, Sold in CN No.:COMBINED/191037",8373,3630,,-1,42,81,1944,,,32
1784,4,2023-01-23 00:00:00,"Short sell, position reconciled, bought quantity: 28000, Sold in CN No.:COMBINED/280387",8614,3631,,-1,42,81,1991,,,32
1785,4,2023-01-23 00:00:00,"Short sell, position reconciled, bought quantity: 10000, Sold in CN No.:COMBINED/280387",8616,3631,,-1,42,81,1992,,,32
1786,4,2023-01-25 00:00:00,"Short sell, position reconciled, bought quantity: 37000, Sold in CN No.:COMBINED/280387",8620,3631,,-1,42,81,1992,,,32
1787,4,2023-08-28 00:00:00,"Short sell, position reconciled, bought quantity: 21000, Sold in CN No.:COMBINED/109465",9938,3690,,-1,42,81,2491,,,32
1788,4,2023-08-28 00:00:00,"Short sell, position reconciled, bought quantity: 13000, Sold in CN No.:COMBINED/109465",9939,3690,,-1,42,81,2492,,,32
1789,4,2023-09-22 00:00:00,"Short sell, position reconciled, bought quantity: 13000, Sold in CN No.:COMBINED/143478",10044,3703,,-1,42,81,2505,,,32
1790,4,2023-09-22 00:00:00,"Short sell, position reconciled, bought quantity: 21000, Sold in CN No.:COMBINED/143478",10045,3703,,-1,42,81,2506,,,32
1791,4,2023-10-27 00:00:00,"Short sell, position reconciled, bought quantity: 13000, Sold in CN No.:COMBINED/173171",10948,3714,,-1,42,81,2564,,,32
1792,4,2023-10-27 00:00:00,"Short sell, position reconciled, bought quantity: 21000, Sold in CN No.:COMBINED/173171",10949,3714,,-1,42,81,2565,,,32
1793,4,2023-12-27 00:00:00,"Short sell, position reconciled, bought quantity: 7000, Sold in CN No.:COMBINED/234624",10946,3828,,-1,42,81,2688,,,32
1794,4,2023-12-27 00:00:00,"Short sell, position reconciled, bought quantity: 10000, Sold in CN No.:COMBINED/234624",10947,3828,,-1,42,81,2689,,,32
1795,4,2023-11-28 00:00:00,"Short sell, position reconciled, bought quantity: 13000, Sold in CN No.:COMBINED/205422",10942,3830,,-1,42,81,2686,,,32
1796,4,2023-11-28 00:00:00,"Short sell, position reconciled, bought quantity: 21000, Sold in CN No.:COMBINED/205422",10943,3830,,-1,42,81,2687,,,32
1797,4,2019-10-01 00:00:00,"Aditya Birla Real Estate 75 shares/units demerged to Aditya Birla Real Estate 75 shares/units, UltraTech Cement 9 shares/units,",5897,-1,,-1,4,50,6,,,30
1798,4,2020-03-23 00:00:00,Investment for PRS SBI FD - 2 - 22ND MAY 2020 - ,6060,26,,-1,4,95,1443,,,30
1799,4,2020-03-23 00:00:00,Investment for PRS SBI FD - 3 - 6TH JUNE 2020 - ,6061,27,,-1,4,95,1444,,,30
1800,4,2020-03-23 00:00:00,Investment for PRS SBI FD 1 - 9TH MAY 2020 - ,6230,56,,-1,4,95,1493,,,30
1801,4,2020-03-31 00:00:00,Interest (Cumulative) : ,6176,-1,,-1,4,120,776,,,30
1802,4,2020-04-08 00:00:00,Investment for PRS HDFC FD 5 - 13TH OCT 2020 - ,6186,54,,-1,4,95,1486,,,30
1803,4,2020-04-08 00:00:00,Investment for PRS HDFC FD 6 - 13TH OCT 2020 - ,6187,55,,-1,4,95,1487,,,30
1804,4,2020-04-20 00:00:00,"Quantity bought 1 @1,000.00",6286,58,,-1,4,70,1496,,,30
1805,4,2020-05-01 00:00:00,Investment for PPF PRS -  prs ppf for 19-20,6236,5,,-1,4,120,776,,,30
1806,4,2020-05-09 00:00:00,Withdrawal from PRS SBI FD 1 - 9TH MAY 2020,6694,-1,,-1,4,95,1493,,,30
1807,4,2020-05-22 00:00:00,Withdrawal from PRS SBI FD - 2 - 22ND MAY 2020,6692,-1,,-1,4,95,1443,,,30
1808,4,2020-06-06 00:00:00,Withdrawal from PRS SBI FD - 3 - 6TH JUNE 2020,6693,-1,,-1,4,95,1444,,,30
1809,4,2020-06-25 00:00:00,Investment for PPF PRS - ,6388,5,,-1,4,120,776,,,30
1810,4,2020-10-13 00:00:00,Withdrawal from PRS HDFC FD 5 - 13TH OCT 2020,6573,-1,,-1,4,95,1486,,,30
1811,4,2020-10-13 00:00:00,Withdrawal from PRS HDFC FD 6 - 13TH OCT 2020,6574,-1,,-1,4,95,1487,,,30
1812,4,2021-03-09 00:00:00,Withdrawal from HDFC BANK FD,6743,-1,,-1,4,95,1379,,,30
1813,4,2021-03-09 00:00:00,Withdrawal from HDFC BANK FD 2,6742,-1,,-1,4,95,1380,,,30
1814,4,2021-03-09 00:00:00,Withdrawal from HDFC BANK FD 3,6744,-1,,-1,4,95,1381,,,30
1815,4,2021-03-09 00:00:00,Withdrawal from HDFC BANK FD 4,6745,-1,,-1,4,95,1382,,,30
1816,4,2021-03-31 00:00:00,Interest (Cumulative) : ,6834,-1,,-1,4,120,776,,,30
1817,4,2021-04-02 00:00:00,Investment for PPF PRS -  inv for fy 21-22,6842,5,,-1,4,120,776,,,30
1818,4,2021-06-21 00:00:00,Quantity bought 26.744 @93.48,7096,-1,,-1,4,60,1716,,,30
1819,4,2021-07-20 00:00:00,Quantity bought 25.605 @97.64,7145,-1,,-1,4,60,1716,,,30
1820,4,2021-07-22 00:00:00,Quantity bought 23.741 @42.12,7144,-1,,-1,4,60,1735,,,30
1821,4,2021-07-27 00:00:00,Quantity bought 102.875 @48.60,7162,-1,,-1,4,60,1744,,,30
1822,4,2021-08-13 00:00:00,Quantity bought 22.731 @43.99,7195,-1,,-1,4,60,1735,,,30
1823,4,2021-08-20 00:00:00,Quantity bought 25.238 @99.06,7194,-1,,-1,4,60,1716,,,30
1824,4,2021-09-13 00:00:00,Quantity bought 21.781 @45.91,7214,-1,,-1,4,60,1735,,,30
1825,4,2021-09-20 00:00:00,Quantity bought 23.68 @105.57,7227,-1,,-1,4,60,1716,,,30
1826,4,2021-09-21 00:00:00,Quantity bought 19.113 @52.32,7213,-1,,-1,4,60,1755,,,30
1827,4,2021-10-01 00:00:00,Interest (Payout) from National Highways Authority of India NCD NE 7.69% 09/03/2031 (ISIN INE906B07EP5) (),7226,-1,,-1,4,40,1513,,,30
1828,4,2021-10-13 00:00:00,Quantity bought 20.746 @48.20,7382,-1,,-1,4,60,1735,,,30
1829,4,2021-10-20 00:00:00,Quantity bought 22.827 @109.52,7383,-1,,-1,4,60,1716,,,30
1830,4,2021-10-20 00:00:00,Interest (Payout) from UP POWER CORPORATION (),7381,-1,,-1,4,70,995,,,30
1831,4,2021-10-21 00:00:00,Quantity bought 92.043 @54.32,7384,-1,,-1,4,60,1755,,,30
1832,4,2021-11-08 00:00:00,Quantity bought 23.611 @42.35,7431,-1,,-1,4,60,1818,,,30
1833,4,2021-11-11 00:00:00,Quantity bought 23.67 @42.25,7432,-1,,-1,4,60,1818,,,30
1834,4,2021-11-13 00:00:00,Quantity bought 21.065 @47.47,7412,-1,,-1,4,60,1735,,,30
1835,4,2021-11-18 00:00:00,Quantity bought 23.448 @42.65,7433,-1,,-1,4,60,1818,,,30
1836,4,2021-11-22 00:00:00,Quantity bought 23.569 @106.07,7407,-1,,-1,4,60,1716,,,30
1837,4,2021-11-23 00:00:00,Quantity bought 92.21 @54.22,7442,-1,,-1,4,60,1755,,,30
1838,4,2021-11-25 00:00:00,Quantity bought 23.771 @42.07,7434,-1,,-1,4,60,1818,,,30
1839,4,2021-12-02 00:00:00,Quantity bought 23.468 @42.61,7463,-1,,-1,4,60,1818,,,30
1840,4,2021-12-09 00:00:00,Quantity bought 23.517 @42.52,7462,-1,,-1,4,60,1818,,,30
1841,4,2021-12-10 00:00:00,Investment for Bajaj Finserv FD 1 - ,7473,70,,-1,4,95,1824,,,30
1842,4,2021-12-13 00:00:00,Quantity bought 21.987 @45.48,7464,-1,,-1,4,60,1735,,,30
1843,4,2021-12-16 00:00:00,Quantity bought 23.463 @42.62,7461,-1,,-1,4,60,1818,,,30
1844,4,2021-12-20 00:00:00,Quantity bought 24.253 @103.08,7476,-1,,-1,4,60,1716,,,30
1845,4,2021-12-22 00:00:00,Quantity bought 93.99 @53.20,7456,-1,,-1,4,60,1755,,,30
1846,4,2021-12-22 00:00:00,Quantity bought 23.119 @43.25,7460,-1,,-1,4,60,1818,,,30
1847,4,2021-12-30 00:00:00,Quantity bought 22.223 @45.00,7459,-1,,-1,4,60,1818,,,30
1848,4,2022-01-05 00:00:00,Quantity bought 22.193 @45.06,7458,-1,,-1,4,60,1818,,,30
1849,4,2022-01-12 00:00:00,Quantity bought 22.123 @45.20,7482,-1,,-1,4,60,1818,,,30
1850,4,2022-01-13 00:00:00,Quantity bought 20.82 @48.03,7481,-1,,-1,4,60,1735,,,30
1851,4,2022-01-20 00:00:00,Quantity bought 22.862 @109.35,7490,-1,,-1,4,60,1716,,,30
1852,4,2022-01-20 00:00:00,Quantity bought 23.23 @43.05,7491,-1,,-1,4,60,1818,,,30
1853,4,2022-01-21 00:00:00,Quantity bought 93.897 @53.25,7489,-1,,-1,4,60,1755,,,30
1854,4,2022-01-27 00:00:00,Quantity bought 25.243 @39.61,7510,-1,,-1,4,60,1818,,,30
1855,4,2022-02-02 00:00:00,Quantity bought 23.698 @42.20,7509,-1,,-1,4,60,1818,,,30
1856,4,2022-02-05 00:00:00,Interest (Payout) from Rural Electrification Corporation BONDS 8.12% 27/03/2027 (ISIN INE020B07GH7) (),7517,-1,,-1,4,40,1502,,,30
1857,4,2022-02-08 00:00:00,Interest (Payout) from Housing & Urban Development Corporation NCD 7.64% 08/02/2031 (ISIN INE031A07AO5) (),7520,-1,,-1,4,40,1541,,,30
1858,4,2022-02-09 00:00:00,Quantity bought 24.249 @41.24,7508,-1,,-1,4,60,1818,,,30
1859,4,2022-02-14 00:00:00,Quantity bought 22.53 @44.39,7519,-1,,-1,4,60,1735,,,30
1860,4,2022-02-16 00:00:00,Quantity bought 24.621 @40.62,7518,-1,,-1,4,60,1818,,,30
1861,4,2022-02-21 00:00:00,Quantity bought 24.546 @101.85,7534,-1,,-1,4,60,1716,,,30
1862,4,2022-02-23 00:00:00,Quantity bought 99.366 @50.32,7532,-1,,-1,4,60,1755,,,30
1863,4,2022-02-24 00:00:00,Quantity bought 26.183 @38.19,7530,-1,,-1,4,60,1818,,,30
1864,4,2022-03-02 00:00:00,Quantity bought 25.279 @39.56,7559,-1,,-1,4,60,1818,,,30
1865,4,2022-03-09 00:00:00,Quantity bought 24.233 @41.27,7551,-1,,-1,4,60,1818,,,30
1866,4,2022-03-15 00:00:00,Quantity bought 24.021 @41.63,7687,-1,,-1,4,60,1818,,,30
1867,4,2022-03-16 00:00:00,Quantity bought 23.03 @43.42,7648,-1,,-1,4,60,1735,,,30
1868,4,2022-03-21 00:00:00,Quantity bought 24.462 @102.20,7649,-1,,-1,4,60,1716,,,30
1869,4,2022-03-23 00:00:00,Quantity bought 95.985 @52.09,7650,-1,,-1,4,60,1755,,,30
1870,4,2022-03-23 00:00:00,Quantity bought 23.703 @42.19,7651,-1,,-1,4,60,1818,,,30
1871,4,2022-03-25 00:00:00,Interest (Payout) from NTPC NCD N7 8.49% 25/03/2025 (ISIN INE733E07JP6) (),7654,-1,,-1,4,40,1445,,,30
1872,4,2022-03-30 00:00:00,Quantity bought 23.375 @42.78,7670,-1,,-1,4,60,1818,,,30
1873,4,2022-03-31 00:00:00,Interest (Cumulative) : ,7690,-1,,-1,4,120,776,,,30
1874,4,2022-04-02 00:00:00,Investment for PPF PRS - ,7694,5,,-1,4,120,776,,,30
1875,4,2022-04-06 00:00:00,Quantity bought 23.522 @42.51,7717,-1,,-1,4,60,1818,,,30
1876,4,2022-04-13 00:00:00,Quantity bought 22.501 @44.44,7866,-1,,-1,4,60,1735,,,30
1877,4,2022-04-18 00:00:00,Quantity bought 25.427 @39.33,7755,-1,,-1,4,60,1818,,,30
1878,4,2022-04-20 00:00:00,Quantity bought 24.463 @102.20,7820,-1,,-1,4,60,1886,,,30
1879,4,2022-04-21 00:00:00,Quantity bought 25.627 @39.02,7762,-1,,-1,4,60,1818,,,30
1880,4,2022-04-22 00:00:00,Quantity bought 98.003 @51.02,7772,-1,,-1,4,60,1755,,,30
1881,4,2022-04-28 00:00:00,Quantity bought 26.071 @38.36,7825,-1,,-1,4,60,1818,,,30
1882,4,2022-05-05 00:00:00,Quantity bought 26.555 @37.66,7828,-1,,-1,4,60,1818,,,30
1883,4,2022-05-12 00:00:00,Quantity bought 28.266 @35.38,7836,-1,,-1,4,60,1818,,,30
1884,4,2022-05-13 00:00:00,Quantity bought 24.503 @40.81,7871,-1,,-1,4,60,1735,,,30
1885,4,2022-05-19 00:00:00,Quantity bought 29.379 @34.04,7874,-1,,-1,4,60,1818,,,30
1886,4,2022-05-20 00:00:00,Quantity bought 25.865 @96.66,7875,-1,,-1,4,60,1886,,,30
1887,4,2022-05-23 00:00:00,Quantity bought 104.249 @47.96,7877,-1,,-1,4,60,1755,,,30
1888,4,2022-05-26 00:00:00,Quantity bought 29.737 @33.63,7889,-1,,-1,4,60,1818,,,30
1889,4,2022-06-02 00:00:00,Quantity bought 28.002 @35.71,7918,-1,,-1,4,60,1818,,,30
1890,4,2022-06-08 00:00:00,Quantity bought 28.337 @35.29,7935,-1,,-1,4,60,1818,,,30
1891,4,2022-06-13 00:00:00,Quantity bought 24.491 @40.83,8008,-1,,-1,4,60,1735,,,30
1892,4,2022-06-15 00:00:00,Quantity bought 29.754 @33.61,8009,-1,,-1,4,60,1818,,,30
1893,4,2022-06-20 00:00:00,Quantity bought 27.284 @91.63,8010,-1,,-1,4,60,1886,,,30
1894,4,2022-06-23 00:00:00,Quantity bought 108.382 @46.13,8011,-1,,-1,4,60,1755,,,30
1895,4,2022-06-23 00:00:00,Quantity bought 29.651 @33.73,8012,-1,,-1,4,60,1818,,,30
1896,4,2022-06-29 00:00:00,Quantity bought 29.323 @34.10,8020,-1,,-1,4,60,1818,,,30
1897,4,2022-07-06 00:00:00,Quantity bought 29.3 @34.13,8038,-1,,-1,4,60,1818,,,30
1898,4,2022-07-06 00:00:00,Quantity bought 4278.776 @23.37,8032,-1,,-1,4,60,1908,,,30
1899,4,2022-07-06 00:00:00,Quantity bought 921.861 @86.78,8034,-1,,-1,4,60,1909,,,30
1900,4,2022-07-06 00:00:00,Quantity bought 486.063 @123.44,8041,-1,,-1,4,60,1910,,,30
1901,4,2022-07-13 00:00:00,Quantity bought 23.707 @42.18,8069,-1,,-1,4,60,1735,,,30
1902,4,2022-07-20 00:00:00,Quantity bought 24.713 @101.16,8092,-1,,-1,4,60,1886,,,30
1903,4,2022-08-13 00:00:00,Quantity bought 21.486 @46.54,8157,-1,,-1,4,60,1735,,,30
1904,4,2022-09-08 00:00:00,"Investment for 7.54 GS 2036 -  fv - 90,000 102.15 91,935 + AI 2054.65",8282,87,,-1,4,115,1937,,,30
1905,4,2022-09-13 00:00:00,Quantity bought 21.325 @46.89,8326,-1,,-1,4,60,1735,,,30
1906,4,2022-09-13 00:00:00,Quantity bought 194.081 @103.05,8232,-1,,-1,4,60,1909,,,30
1907,4,2022-09-20 00:00:00,Quantity bought 23.551 @106.15,8264,-1,,-1,4,60,1886,,,30
1908,4,2022-10-01 00:00:00,Interest (Payout) from National Highways Authority of India NCD NE 7.69% 09/03/2031 (ISIN INE906B07EP5) (),8330,-1,,-1,4,40,1513,,,30
1909,4,2022-10-06 00:00:00,Quantity bought 247.142 @101.16,8319,-1,,-1,4,60,1909,,,30
1910,4,2022-10-07 00:00:00,Quantity bought 28.931 @34.56,8333,-1,,-1,4,60,1818,,,30
1911,4,2022-10-07 00:00:00,Quantity bought 723.283 @34.56,8334,-1,,-1,4,60,1818,,,30
1912,4,2022-10-13 00:00:00,Quantity bought 22.123 @45.20,8351,-1,,-1,4,60,1735,,,30
1913,4,2022-10-20 00:00:00,Quantity bought 23.856 @104.80,8385,-1,,-1,4,60,1886,,,30
1914,4,2022-10-25 00:00:00,Quantity bought 95.686 @52.25,8386,-1,,-1,4,60,1755,,,30
1915,4,2022-11-07 00:00:00,Quantity bought 28.063 @35.63,8387,-1,,-1,4,60,1818,,,30
1916,4,2022-11-13 00:00:00,Quantity bought 20.99 @47.64,8401,-1,,-1,4,60,1735,,,30
1917,4,2022-11-14 00:00:00,Quantity bought 27.079 @36.93,8402,-1,,-1,4,60,1818,,,30
1918,4,2022-11-21 00:00:00,Quantity bought 27.494 @36.37,8404,-1,,-1,4,60,1818,,,30
1919,4,2022-11-21 00:00:00,Quantity bought 23.52 @106.29,8403,-1,,-1,4,60,1886,,,30
1920,4,2022-11-23 00:00:00,Quantity bought 96.049 @52.06,8405,-1,,-1,4,60,1755,,,30
1921,4,2022-11-23 00:00:00,Interest (Payout) from 7.54 GS 2036 (),8397,-1,,-1,4,115,1937,,,30
1922,4,2022-11-28 00:00:00,Quantity bought 26.778 @37.34,8460,-1,,-1,4,60,1818,,,30
1923,4,2022-12-05 00:00:00,Interest (Payout) from State Bank of India BONDS 9.56% (ISIN INE062A08173) (),8462,-1,,-1,4,40,1391,,,30
1924,4,2022-12-07 00:00:00,Quantity bought 19.481 @154.00,8520,-1,,-1,4,60,1910,,,30
1925,4,2022-12-12 00:00:00,Quantity bought 27.821 @35.94,8521,-1,,-1,4,60,1818,,,30
1926,4,2022-12-12 00:00:00,Withdrawal from Bajaj Finserv FD 1,8513,-1,,-1,4,95,1824,,,30
1927,4,2022-12-13 00:00:00,Quantity bought 20.889 @47.87,8534,-1,,-1,4,60,1735,,,30
1928,4,2022-12-19 00:00:00,Quantity bought 28.202 @35.46,8574,-1,,-1,4,60,1818,,,30
1929,4,2022-12-20 00:00:00,Quantity bought 23.431 @106.70,8575,-1,,-1,4,60,1886,,,30
1930,4,2022-12-22 00:00:00,Quantity bought 20.226 @148.32,8576,-1,,-1,4,60,1910,,,30
1931,4,2022-12-23 00:00:00,Quantity bought 99.269 @50.37,8577,-1,,-1,4,60,1755,,,30
1932,4,2022-12-26 00:00:00,Quantity bought 28.515 @35.07,8578,-1,,-1,4,60,1818,,,30
1933,4,2023-01-02 00:00:00,Quantity bought 28.273 @35.37,8579,-1,,-1,4,60,1818,,,30
1934,4,2023-01-06 00:00:00,Quantity bought 19.491 @153.92,8589,-1,,-1,4,60,1910,,,30
1935,4,2023-01-06 00:00:00,Quantity bought 64.509 @155.02,8590,-1,,-1,4,60,1910,,,30
1936,4,2023-01-06 00:00:00,Quantity bought 64.509 @155.02,8730,-1,,-1,4,60,1910,,,30
1937,4,2023-01-09 00:00:00,Quantity bought 28.315 @35.32,8591,-1,,-1,4,60,1818,,,30
1938,4,2023-01-16 00:00:00,Quantity bought 27.96 @35.77,8599,-1,,-1,4,60,1818,,,30
1939,4,2023-01-20 00:00:00,Quantity bought 23.531 @106.24,8600,-1,,-1,4,60,1886,,,30
1940,4,2023-01-23 00:00:00,Quantity bought 27.433 @36.45,8602,-1,,-1,4,60,1818,,,30
1941,4,2023-01-23 00:00:00,Quantity bought 19.324 @155.25,8601,-1,,-1,4,60,1910,,,30
1942,4,2023-01-27 00:00:00,Quantity bought 338.265 @147.81,8630,-1,,-1,4,60,1910,,,30
1943,4,2023-01-30 00:00:00,Quantity bought 27.46 @36.42,8634,-1,,-1,4,60,1818,,,30
1944,4,2023-02-06 00:00:00,Quantity bought 26.963 @37.09,8636,-1,,-1,4,60,1818,,,30
1945,4,2023-02-06 00:00:00,Quantity bought 19.986 @150.11,8635,-1,,-1,4,60,1910,,,30
1946,4,2023-02-13 00:00:00,Quantity bought 27.084 @36.92,8638,-1,,-1,4,60,1818,,,30
1947,4,2023-02-20 00:00:00,Quantity bought 24.23 @103.18,8674,-1,,-1,4,60,1886,,,30
1948,4,2023-02-20 00:00:00,Quantity bought 19.953 @150.35,8639,-1,,-1,4,60,1910,,,30
1949,4,2023-02-21 00:00:00,Quantity bought 26.722 @37.42,8675,-1,,-1,4,60,1818,,,30
1950,4,2023-02-27 00:00:00,Quantity bought 27.567 @36.28,8676,-1,,-1,4,60,1818,,,30
1951,4,2023-03-06 00:00:00,Quantity bought 27.292 @36.64,8677,-1,,-1,4,60,1818,,,30
1952,4,2023-03-08 00:00:00,Quantity bought 19.561 @153.37,8678,-1,,-1,4,60,1910,,,30
1953,4,2023-03-09 00:00:00,Quantity bought 34.082 @102.69,8695,-1,,-1,4,60,1909,,,30
1954,4,2023-03-13 00:00:00,Quantity bought 28.121 @35.56,8696,-1,,-1,4,60,1818,,,30
1955,4,2023-03-20 00:00:00,Quantity bought 28.559 @35.02,8716,-1,,-1,4,60,1818,,,30
1956,4,2023-03-20 00:00:00,Quantity bought 24.765 @100.95,8713,-1,,-1,4,60,1886,,,30
1957,4,2023-03-20 00:00:00,Quantity bought 102.849 @145.84,8714,-1,,-1,4,60,2124,,,30
1958,4,2023-03-20 00:00:00,Quantity bought 57.862 @432.06,8715,-1,,-1,4,60,2125,,,30
1959,4,2023-03-21 00:00:00,Quantity bought 287.08 @34.83,8718,-1,,-1,4,60,1818,,,30
1960,4,2023-03-21 00:00:00,Quantity bought 104.208 @239.90,8717,-1,,-1,4,60,2126,,,30
1961,4,2023-03-27 00:00:00,Quantity bought 28.796 @34.73,8719,-1,,-1,4,60,1818,,,30
1962,4,2023-03-31 00:00:00,Interest (Cumulative) : ,8741,-1,,-1,4,120,776,,,30
1963,4,2023-04-03 00:00:00,Quantity bought 28.187 @35.48,8764,-1,,-1,4,60,1818,,,30
1964,4,2023-04-05 00:00:00,Withdrawal from 7.54 GS 2036 SOLD @ 101.48 + ACCRUED INT 2507.05,8769,-1,,-1,4,115,1937,,,30
1965,4,2023-04-06 00:00:00,Quantity bought 19.973 @150.20,8781,-1,,-1,4,60,1910,,,30
1966,4,2023-04-11 00:00:00,Quantity bought 28.082 @35.61,8822,-1,,-1,4,60,1818,,,30
1967,4,2023-04-12 00:00:00,Quantity bought 34.044 @102.81,8823,-1,,-1,4,60,1909,,,30
1968,4,2023-04-17 00:00:00,Quantity bought 29.551 @33.84,8824,-1,,-1,4,60,1818,,,30
1969,4,2023-04-19 00:00:00,Quantity bought 33.814 @103.51,8825,-1,,-1,4,60,1909,,,30
1970,4,2023-04-20 00:00:00,Quantity bought 24.045 @103.97,8844,-1,,-1,4,60,1886,,,30
1971,4,2023-04-20 00:00:00,Interest (Payout) from UP POWER CORPORATION (),10594,-1,,-1,4,70,995,,,30
1972,4,2023-04-21 00:00:00,Quantity bought 19.733 @152.03,8845,-1,,-1,4,60,1910,,,30
1973,4,2023-04-23 00:00:00,Investment for PPF PRS - ,11083,5,,-1,4,120,776,,,30
1974,4,2023-04-25 00:00:00,Quantity bought 29.593 @33.79,8846,-1,,-1,4,60,1818,,,30
1975,4,2023-04-26 00:00:00,Quantity bought 33.605 @104.15,8847,-1,,-1,4,60,1909,,,30
1976,4,2023-05-02 00:00:00,Quantity bought 28.549 @35.03,8848,-1,,-1,4,60,1818,,,30
1977,4,2023-05-03 00:00:00,Quantity bought 32.829 @106.61,8849,-1,,-1,4,60,1909,,,30
1978,4,2023-05-08 00:00:00,Quantity bought 28.513 @35.07,8857,-1,,-1,4,60,1818,,,30
1979,4,2023-05-08 00:00:00,Quantity bought 18.874 @158.95,8856,-1,,-1,4,60,1910,,,30
1980,4,2023-05-10 00:00:00,Quantity bought 32.405 @108.01,8858,-1,,-1,4,60,1909,,,30
1981,4,2023-05-15 00:00:00,Quantity bought 28.152 @35.52,8859,-1,,-1,4,60,1818,,,30
1982,4,2023-05-15 00:00:00,Interest (Payout) from Sovereign Gold Bond 2.50% Nov 2026 Sr-III 2018-19 (IN0020180314) (),10870,-1,,-1,4,40,1548,,,30
1983,4,2023-05-17 00:00:00,Quantity bought 31.931 @109.61,8860,-1,,-1,4,60,1909,,,30
1984,4,2023-05-22 00:00:00,Quantity bought 27.456 @36.42,8917,-1,,-1,4,60,1818,,,30
1985,4,2023-05-22 00:00:00,Quantity bought 23.224 @107.65,8928,-1,,-1,4,60,1886,,,30
1986,4,2023-05-22 00:00:00,Quantity bought 18.721 @160.25,8915,-1,,-1,4,60,1910,,,30
1987,4,2023-05-23 00:00:00,Interest (Payout) from G-Sec 7.54% GS 2036 (ISIN IN0020220029) (),11977,-1,,-1,4,40,2879,,,30
1988,4,2023-05-24 00:00:00,Quantity bought 31.76 @110.20,8925,-1,,-1,4,60,1909,,,30
1989,4,2023-05-29 00:00:00,Quantity bought 27.161 @36.82,8949,-1,,-1,4,60,1818,,,30
1990,4,2023-05-31 00:00:00,"Quantity bought 26.927 @5,570.62",8950,-1,,-1,4,60,2252,,,30
1991,4,2023-06-01 00:00:00,Interest (Payout) from Sovereign Gold Bond 2.50% JUN 2029 SR-II 2021-22 (IN0020210061) (),10872,-1,,-1,4,40,2193,,,30
1992,4,2023-06-02 00:00:00,Quantity bought 30.724 @113.92,9000,-1,,-1,4,60,1909,,,30
1993,4,2023-06-05 00:00:00,Quantity bought 26.943 @37.12,9002,-1,,-1,4,60,1818,,,30
1994,4,2023-06-05 00:00:00,Quantity bought 18.198 @164.85,9001,-1,,-1,4,60,1910,,,30
1995,4,2023-06-08 00:00:00,Interest (Payout) from Sovereign Gold Bond 2.50% DEC 2029 SR-VIII 2021-22 (IN0020210228) (),10873,-1,,-1,4,40,2194,,,30
1996,4,2023-06-12 00:00:00,Quantity bought 27.081 @36.93,9079,-1,,-1,4,60,1818,,,30
1997,4,2023-06-12 00:00:00,Quantity bought 30.073 @116.38,9078,-1,,-1,4,60,1909,,,30
1998,4,2023-06-15 00:00:00,"Quantity sold 0.626  @ 5,591.05",9080,-1,,-1,4,60,2252,,,30
1999,4,2023-06-16 00:00:00,Quantity bought 29.628 @118.13,9081,-1,,-1,4,60,1909,,,30
2000,4,2023-06-19 00:00:00,Quantity bought 26.858 @37.23,9146,-1,,-1,4,60,1818,,,30
2001,4,2023-06-20 00:00:00,Quantity bought 17.528 @171.15,9149,-1,,-1,4,60,1910,,,30
2002,4,2023-06-22 00:00:00,"Quantity sold 0.626  @ 5,591.05",9155,-1,,-1,4,60,2252,,,30
2003,4,2023-06-23 00:00:00,Quantity bought 29.63 @118.12,9158,-1,,-1,4,60,1909,,,30
2004,4,2023-06-26 00:00:00,Quantity bought 26.915 @37.15,9396,-1,,-1,4,60,1818,,,30
2005,4,2023-06-27 00:00:00,Dividend Payout from HDFC Asset Management Company (),10598,-1,,-1,4,50,1899,,,30
2006,4,2023-07-03 00:00:00,Quantity bought 26.251 @38.09,9398,-1,,-1,4,60,1818,,,30
2007,4,2023-07-03 00:00:00,"Quantity sold 0.624  @ 5,608.97",9397,-1,,-1,4,60,2252,,,30
2008,4,2023-07-04 00:00:00,Quantity bought 29.008 @120.66,9428,-1,,-1,4,60,1909,,,30
2009,4,2023-07-10 00:00:00,Quantity bought 26.46 @37.79,9471,-1,,-1,4,60,1818,,,30
2010,4,2023-07-10 00:00:00,"Quantity sold 0.624  @ 5,608.97",9470,-1,,-1,4,60,2252,,,30
2011,4,2023-07-11 00:00:00,Quantity bought 28.567 @122.52,9472,-1,,-1,4,60,1909,,,30
2012,4,2023-07-17 00:00:00,Quantity bought 25.193 @39.69,9815,-1,,-1,4,60,1818,,,30
2013,4,2023-07-17 00:00:00,"Quantity sold 0.623  @ 5,617.98",9814,-1,,-1,4,60,2252,,,30
2014,4,2023-07-18 00:00:00,Quantity bought 28.211 @124.07,9816,-1,,-1,4,60,1909,,,30
2015,4,2023-07-20 00:00:00,Interest (Payout) from UP POWER CORPORATION (),10595,-1,,-1,4,70,995,,,30
2016,4,2023-07-20 00:00:00,Interest (Payout) from Sovereign Gold Bond 2.50% JUL 2029 SR-IV 2021-22 (IN0020210111) (),10874,-1,,-1,4,40,2202,,,30
2017,4,2023-07-24 00:00:00,Quantity bought 25.936 @38.56,9818,-1,,-1,4,60,1818,,,30
2018,4,2023-07-24 00:00:00,"Quantity sold 0.622  @ 5,627.01",9817,-1,,-1,4,60,2252,,,30
2019,4,2023-07-25 00:00:00,Quantity bought 27.873 @125.57,9819,-1,,-1,4,60,1909,,,30
2020,4,2023-07-25 00:00:00,Dividend Payout from L&T Technology Services (),10599,-1,,-1,4,50,1892,,,30
2021,4,2023-07-27 00:00:00,Quantity sold 400.446  @ 52.06,9826,-1,,-1,4,60,1735,,,30
2022,4,2023-07-31 00:00:00,Quantity bought 25.699 @38.91,9883,-1,,-1,4,60,1818,,,30
2023,4,2023-08-01 00:00:00,Interest (Payout) from RBI BOND 7.75 % (),10597,-1,,-1,4,70,1496,,,30
2024,4,2023-08-01 00:00:00,"Quantity sold 0.621  @ 5,636.07",9884,-1,,-1,4,60,2252,,,30
2025,4,2023-08-02 00:00:00,Quantity bought 27.657 @126.55,9885,-1,,-1,4,60,1909,,,30
2026,4,2023-08-07 00:00:00,Quantity bought 25.022 @39.96,9886,-1,,-1,4,60,1818,,,30
2027,4,2023-08-08 00:00:00,"Quantity sold 0.62  @ 5,645.16",9887,-1,,-1,4,60,2252,,,30
2028,4,2023-08-09 00:00:00,Quantity bought 27.101 @129.15,9888,-1,,-1,4,60,1909,,,30
2029,4,2023-08-11 00:00:00,Dividend Payout from Stephanotis Finance (),10600,-1,,-1,4,50,1681,,,30
2030,4,2023-08-14 00:00:00,Quantity bought 25.082 @39.87,9904,-1,,-1,4,60,1818,,,30
2031,4,2023-08-14 00:00:00,Dividend Payout from UltraTech Cement (),10601,-1,,-1,4,50,1401,,,30
2032,4,2023-08-17 00:00:00,"Quantity sold 0.619  @ 5,654.28",9905,-1,,-1,4,60,2252,,,30
2033,4,2023-08-18 00:00:00,Quantity bought 27.348 @127.98,9906,-1,,-1,4,60,1909,,,30
2034,4,2023-08-21 00:00:00,Quantity bought 25.152 @39.76,9907,-1,,-1,4,60,1818,,,30
2035,4,2023-08-22 00:00:00,"Quantity sold 0.619  @ 5,654.28",9933,-1,,-1,4,60,2252,,,30
2036,4,2023-08-23 00:00:00,Quantity bought 26.765 @130.77,9934,-1,,-1,4,60,1909,,,30
2037,4,2023-08-25 00:00:00,Dividend Payout from Computer Age Management Services (),10605,-1,,-1,4,50,1894,,,30
2038,4,2023-08-28 00:00:00,Quantity bought 25.144 @39.77,9959,-1,,-1,4,60,1818,,,30
2039,4,2023-08-29 00:00:00,Dividend Payout from Computer Age Management Services (),10604,-1,,-1,4,50,1894,,,30
2040,4,2023-08-30 00:00:00,Interest (Payout) from State Bank of India BONDS 8.75% (ISIN INE062A08215) (),10869,-1,,-1,4,40,1409,,,30
2041,4,2023-09-01 00:00:00,Dividend Payout from Life Insurance Corporation of India (LIC) (),10603,-1,,-1,4,50,1893,,,30
2042,4,2023-09-02 00:00:00,Dividend Payout from Indian Oil Corporation (),10349,-1,,-1,4,50,1903,,,30
2043,4,2023-09-03 00:00:00,"Quantity sold 0.617  @ 5,672.61",9960,-1,,-1,4,60,2252,,,30
2044,4,2023-09-04 00:00:00,Quantity bought 24.163 @41.39,9962,-1,,-1,4,60,1818,,,30
2045,4,2023-09-04 00:00:00,Quantity bought 25.695 @136.21,9961,-1,,-1,4,60,1909,,,30
2046,4,2023-09-10 00:00:00,"Quantity sold 0.616  @ 5,681.82",10028,-1,,-1,4,60,2252,,,30
2047,4,2023-09-11 00:00:00,Quantity bought 23.677 @42.24,10030,-1,,-1,4,60,1818,,,30
2048,4,2023-09-11 00:00:00,Quantity bought 25.044 @139.75,10029,-1,,-1,4,60,1909,,,30
2049,4,2023-09-11 00:00:00,Interest (Payout) from Sovereign Gold Bond 2.50% MAR 2029 SR-XII 2020-21 (IN0020200427) (),10875,-1,,-1,4,40,2201,,,30
2050,4,2023-09-17 00:00:00,"Quantity sold 0.616  @ 5,681.82",10031,-1,,-1,4,60,2252,,,30
2051,4,2023-09-18 00:00:00,Quantity bought 23.614 @42.35,10033,-1,,-1,4,60,1818,,,30
2052,4,2023-09-18 00:00:00,Quantity bought 25.709 @136.14,10032,-1,,-1,4,60,1909,,,30
2053,4,2023-09-22 00:00:00,Quantity bought 694.221 @72.02,10054,-1,,-1,4,60,2567,,,30
2054,4,2023-09-24 00:00:00,"Quantity sold 0.615  @ 5,691.06",10055,-1,,-1,4,60,2252,,,30
2055,4,2023-09-25 00:00:00,Quantity bought 23.938 @41.77,10066,-1,,-1,4,60,1818,,,30
2056,4,2023-09-25 00:00:00,Quantity bought 26.079 @134.21,10056,-1,,-1,4,60,1909,,,30
2057,4,2023-10-03 00:00:00,Quantity bought 24.372 @41.03,10077,-1,,-1,4,60,1818,,,30
2058,4,2023-10-03 00:00:00,"Quantity sold 0.614  @ 5,700.33",10076,-1,,-1,4,60,2252,,,30
2059,4,2023-10-04 00:00:00,Quantity bought 25.959 @134.83,10078,-1,,-1,4,60,1909,,,30
2060,4,2023-10-04 00:00:00,Quantity bought 699.434 @71.49,10079,-1,,-1,4,60,2567,,,30
2061,4,2023-10-09 00:00:00,Quantity bought 24.117 @41.46,10113,-1,,-1,4,60,1818,,,30
2062,4,2023-10-09 00:00:00,"Quantity sold 0.613  @ 5,709.62",10112,-1,,-1,4,60,2252,,,30
2063,4,2023-10-10 00:00:00,Quantity bought 25.752 @135.91,10114,-1,,-1,4,60,1909,,,30
2064,4,2023-10-16 00:00:00,Quantity bought 24.211 @41.30,10149,-1,,-1,4,60,1818,,,30
2065,4,2023-10-16 00:00:00,"Quantity sold 0.612  @ 5,718.95",10148,-1,,-1,4,60,2252,,,30
2066,4,2023-10-17 00:00:00,Quantity bought 25.312 @138.27,10150,-1,,-1,4,60,1909,,,30
2067,4,2023-10-20 00:00:00,Interest (Payout) from UP POWER CORPORATION (),10596,-1,,-1,4,70,995,,,30
2068,4,2023-10-23 00:00:00,Quantity bought 24.793 @40.33,10151,-1,,-1,4,60,1818,,,30
2069,4,2023-10-24 00:00:00,"Quantity sold 0.611  @ 5,728.31",10152,-1,,-1,4,60,2252,,,30
2070,4,2023-10-25 00:00:00,Quantity bought 26.649 @131.34,10153,-1,,-1,4,60,1909,,,30
2071,4,2023-10-30 00:00:00,Quantity bought 24.826 @40.28,10203,-1,,-1,4,60,1818,,,30
2072,4,2023-11-01 00:00:00,Quantity bought 495.901 @403.31,10230,-1,,-1,4,60,2602,,,30
2073,4,2023-11-01 00:00:00,"Quantity sold 0.611  @ 5,728.31",10204,-1,,-1,4,60,2252,,,30
2074,4,2023-11-02 00:00:00,Quantity bought 25.963 @134.81,10205,-1,,-1,4,60,1909,,,30
2075,4,2023-11-06 00:00:00,Quantity bought 24.255 @41.23,10249,-1,,-1,4,60,1818,,,30
2076,4,2023-11-08 00:00:00,"Quantity sold 0.61  @ 5,737.70",10250,-1,,-1,4,60,2252,,,30
2077,4,2023-11-09 00:00:00,Quantity bought 25.45 @137.52,10251,-1,,-1,4,60,1909,,,30
2078,4,2023-11-13 00:00:00,Quantity bought 24.274 @41.20,10252,-1,,-1,4,60,1818,,,30
2079,4,2023-11-13 00:00:00,Dividend Payout from L&T Technology Services (),10339,-1,,-1,4,50,1892,,,30
2080,4,2023-11-15 00:00:00,"Quantity sold 0.609  @ 5,747.13",10253,-1,,-1,4,60,2252,,,30
2081,4,2023-11-16 00:00:00,Quantity bought 24.891 @140.61,10254,-1,,-1,4,60,1909,,,30
2082,4,2023-11-20 00:00:00,Quantity bought 23.106 @43.28,10313,-1,,-1,4,60,1818,,,30
2083,4,2023-11-22 00:00:00,"Quantity sold 0.608  @ 5,756.58",10314,-1,,-1,4,60,2252,,,30
2084,4,2023-11-23 00:00:00,Quantity bought 24.542 @142.61,10315,-1,,-1,4,60,1909,,,30
2085,4,2023-11-23 00:00:00,Interest (Payout) from G-Sec 7.54% GS 2036 (ISIN IN0020220029) (),11978,-1,,-1,4,40,2879,,,30
2086,4,2023-11-24 00:00:00,Dividend Payout from Indian Oil Corporation (),10348,-1,,-1,4,50,1903,,,30
2087,4,2023-11-28 00:00:00,Quantity bought 23.257 @43.00,10325,-1,,-1,4,60,1818,,,30
2088,4,2023-11-28 00:00:00,Dividend Payout from Computer Age Management Services (),10602,-1,,-1,4,50,1894,,,30
2089,4,2023-11-30 00:00:00,Interest (Payout) from Sovereign Gold Bond 2.50% Nov 2026 Sr-III 2018-19 (IN0020180314) (),10871,-1,,-1,4,40,1548,,,30
2090,4,2023-12-01 00:00:00,Interest (Payout) from Sovereign Gold Bond 2.50% JUN 2029 SR-II 2021-22 (IN0020210061) (),10338,-1,,-1,4,40,2193,,,30
2091,4,2023-12-03 00:00:00,"Quantity sold 0.607  @ 5,766.06",10326,-1,,-1,4,60,2252,,,30
2092,4,2023-12-04 00:00:00,Quantity bought 22.679 @44.09,10380,-1,,-1,4,60,1818,,,30
2093,4,2023-12-04 00:00:00,Quantity bought 23.723 @147.54,10327,-1,,-1,4,60,1909,,,30
2094,4,2023-12-04 00:00:00,Interest (Payout) from State Bank of India BONDS 9.56% (ISIN INE062A08173) (),10331,-1,,-1,4,40,1391,,,30
2095,4,2023-12-07 00:00:00,Interest (Payout) from Sovereign Gold Bond 2.50% DEC 2029 SR-VIII 2021-22 (IN0020210228) (),10432,-1,,-1,4,40,2194,,,30
2096,4,2023-12-10 00:00:00,"Quantity sold 0.606  @ 5,775.58",10381,-1,,-1,4,60,2252,,,30
2097,4,2023-12-11 00:00:00,Quantity bought 22.353 @44.74,10383,-1,,-1,4,60,1818,,,30
2098,4,2023-12-11 00:00:00,Quantity bought 23.537 @148.70,10382,-1,,-1,4,60,1909,,,30
2099,4,2023-12-13 00:00:00,Quantity bought 335.308 @447.35,10384,-1,,-1,4,60,2602,,,30
2100,4,2023-12-17 00:00:00,"Quantity sold 0.605  @ 5,785.12",10455,-1,,-1,4,60,2252,,,30
2101,4,2023-12-18 00:00:00,Quantity bought 21.129 @47.33,10457,-1,,-1,4,60,1818,,,30
2102,4,2023-12-18 00:00:00,Quantity bought 23.096 @151.54,10456,-1,,-1,4,60,1909,,,30
2103,4,2023-12-25 00:00:00,"Quantity sold 0.604  @ 5,794.70",10458,-1,,-1,4,60,2252,,,30
2104,4,2023-12-26 00:00:00,Quantity bought 21.22 @47.13,10460,-1,,-1,4,60,1818,,,30
2105,4,2023-12-26 00:00:00,Quantity bought 23.064 @151.75,10459,-1,,-1,4,60,1909,,,30
2106,4,2024-01-01 00:00:00,Quantity bought 21.132 @47.32,10474,-1,,-1,4,60,1818,,,30
2107,4,2024-01-01 00:00:00,"Quantity sold 0.603  @ 5,804.31",10473,-1,,-1,4,60,2252,,,30
2108,4,2024-01-02 00:00:00,Quantity bought 22.76 @153.78,10475,-1,,-1,4,60,1909,,,30
2109,4,2024-01-08 00:00:00,Quantity bought 21.622 @46.25,10506,-1,,-1,4,60,1818,,,30
2110,4,2024-01-08 00:00:00,"Quantity sold 0.602  @ 5,813.95",10505,-1,,-1,4,60,2252,,,30
2111,4,2024-01-09 00:00:00,Quantity bought 22.632 @154.65,10507,-1,,-1,4,60,1909,,,30
2112,4,2024-01-15 00:00:00,Quantity bought 20.248 @49.39,10557,-1,,-1,4,60,1818,,,30
2113,4,2024-01-15 00:00:00,"Quantity sold 0.602  @ 5,813.95",10556,-1,,-1,4,60,2252,,,30
2114,4,2024-01-16 00:00:00,Quantity bought 22.409 @156.19,10558,-1,,-1,4,60,1909,,,30
2115,4,2024-01-17 00:00:00,Quantity bought 4275.325 @35.09,10571,-1,,-1,4,60,2646,,,30
2116,4,2024-01-19 00:00:00,Interest (Payout) from UP POWER CORPORATION (),10757,-1,,-1,4,70,995,,,30
2117,4,2024-01-20 00:00:00,Interest (Payout) from Sovereign Gold Bond 2.50% JUL 2029 SR-IV 2021-22 (IN0020210111) (),10760,-1,,-1,4,40,2202,,,30
2118,4,2024-01-23 00:00:00,Quantity bought 20.699 @48.31,10582,-1,,-1,4,60,1818,,,30
2119,4,2024-01-23 00:00:00,"Quantity sold 0.601  @ 5,823.63",10581,-1,,-1,4,60,2252,,,30
2120,4,2024-01-24 00:00:00,Quantity bought 22.602 @154.85,10593,-1,,-1,4,60,1909,,,30
2121,4,2024-01-29 00:00:00,Quantity bought 20.631 @48.47,10657,-1,,-1,4,60,1818,,,30
2122,4,2024-02-01 00:00:00,Interest (Payout) from RBI BOND 7.75 % (),10756,-1,,-1,4,70,1496,,,30
2123,4,2024-02-01 00:00:00,"Quantity sold 0.6  @ 5,833.33",10658,-1,,-1,4,60,2252,,,30
2124,4,2024-02-02 00:00:00,Quantity bought 21.986 @159.19,10659,-1,,-1,4,60,1909,,,30
2125,4,2024-02-05 00:00:00,Quantity bought 20.163 @49.60,10674,-1,,-1,4,60,1818,,,30
2126,4,2024-02-05 00:00:00,Quantity bought 12849.039 @13.23,10665,-1,,-1,4,60,2666,,,30
2127,4,2024-02-06 00:00:00,"Quantity sold 7.019  @ 5,841.29",10925,-1,,-1,4,60,2252,,,30
2128,4,2024-02-07 00:00:00,"Quantity sold 0.902  @ 5,843.77",10759,-1,,-1,4,60,2252,,,30
2129,4,2024-02-12 00:00:00,Quantity bought 19.913 @50.22,10753,-1,,-1,4,60,1818,,,30
2130,4,2024-02-12 00:00:00,IPO/Rights,11017,-1,,-1,4,50,2674,,,30
2131,4,2024-02-19 00:00:00,Quantity bought 19.691 @50.78,10817,-1,,-1,4,60,1818,,,30
2132,4,2024-02-26 00:00:00,Quantity bought 19.815 @50.47,10891,-1,,-1,4,60,1818,,,30
2133,4,2024-03-01 00:00:00,Dividend Payout from Life Insurance Corporation of India (LIC) (),10893,-1,,-1,4,50,1893,,,30
2134,4,2024-03-04 00:00:00,Quantity bought 19.885 @50.29,10926,-1,,-1,4,60,1818,,,30
2135,4,2024-03-11 00:00:00,Quantity bought 20.212 @49.48,11009,-1,,-1,4,60,1818,,,30
2136,4,2024-03-11 00:00:00,Interest (Payout) from Sovereign Gold Bond 2.50% MAR 2029 SR-XII 2020-21 (IN0020200427) (),11018,-1,,-1,4,40,2201,,,30
2137,4,2024-03-13 00:00:00,Quantity bought 9394.495 @13.31,11011,-1,,-1,4,60,2666,,,30
2138,4,2024-03-13 00:00:00,Quantity bought 2122.275 @58.90,11010,-1,,-1,4,60,2693,,,30
2139,4,2024-03-18 00:00:00,Quantity bought 20.258 @49.36,11035,-1,,-1,4,60,1818,,,30
2140,4,2024-03-21 00:00:00,Quantity bought 1883.178 @39.83,11044,-1,,-1,4,60,2646,,,30
2141,4,2024-03-21 00:00:00,Quantity bought 867.919 @86.41,11045,-1,,-1,4,60,2701,,,30
2142,4,2024-03-21 00:00:00,Quantity bought 4538.076 @16.53,11046,-1,,-1,4,60,2702,,,30
2143,4,2024-03-21 00:00:00,Quantity sold 243.786  @ 140.91,11050,-1,,-1,4,60,1716,,,30
2144,4,2024-03-21 00:00:00,Quantity sold 102.875  @ 74.47,11051,-1,,-1,4,60,1744,,,30
2145,4,2024-03-21 00:00:00,Quantity sold 244.44  @ 140.91,11043,-1,,-1,4,60,1886,,,30
2146,4,2024-03-21 00:00:00,Quantity sold 3450  @ 34.73,11052,-1,,-1,4,60,1908,,,30
2147,4,2024-03-21 00:00:00,Quantity sold 828.776  @ 34.73,11053,-1,,-1,4,60,1908,,,30
2148,4,2024-03-28 00:00:00,Quantity bought 226.427 @397.48,11097,-1,,-1,4,60,2724,,,30
2149,4,2024-03-31 00:00:00,Interest (Cumulative) : ,11222,-1,,-1,4,120,776,,,30
2150,4,2024-03-31 00:00:00,Asset write-off tr to accounts instade of pms,11577,-1,,-1,4,120,776,,,30
2151,4,2024-04-01 00:00:00,Quantity bought 20.504 @48.77,11209,-1,,-1,4,60,1818,,,30
2152,4,2024-04-08 00:00:00,Quantity bought 20.298 @49.27,11233,-1,,-1,4,60,1818,,,30
2153,4,2024-04-15 00:00:00,Quantity bought 20.696 @48.32,11418,-1,,-1,4,60,1818,,,30
2154,4,2024-04-15 00:00:00,IPO/Rights,11274,-1,,-1,4,50,92,,,30
2155,4,2024-04-19 00:00:00,Interest (Payout) from UP POWER CORPORATION (),12451,-1,,-1,4,70,995,,,30
2156,4,2024-04-22 00:00:00,Quantity bought 21.099 @47.40,11288,-1,,-1,4,60,1818,,,30
2157,4,2024-04-29 00:00:00,Quantity bought 20.924 @47.79,11289,-1,,-1,4,60,1818,,,30
2158,4,2024-05-06 00:00:00,Quantity bought 21.033 @47.54,11419,-1,,-1,4,60,1818,,,30
2159,4,2024-05-13 00:00:00,Quantity bought 21.33 @46.88,11420,-1,,-1,4,60,1818,,,30
2160,4,2024-05-13 00:00:00,Interest (Payout) from Sovereign Gold Bond 2.50% Nov 2026 Sr-III 2018-19 (IN0020180314) (),11898,-1,,-1,4,40,1548,,,30
2161,4,2024-05-21 00:00:00,Quantity bought 20.905 @47.84,11421,-1,,-1,4,60,1818,,,30
2162,4,2024-05-24 00:00:00,Interest (Payout) from G-Sec 7.54% GS 2036 (ISIN IN0020220029) (),11979,-1,,-1,4,40,2879,,,30
2163,4,2024-05-27 00:00:00,Quantity bought 20.71 @48.29,11422,-1,,-1,4,60,1818,,,30
2164,4,2024-06-01 00:00:00,Interest (Payout) from Sovereign Gold Bond 2.50% JUN 2029 SR-II 2021-22 (IN0020210061) (),11894,-1,,-1,4,40,2193,,,30
2165,4,2024-06-03 00:00:00,Quantity bought 21.403 @46.72,11423,-1,,-1,4,60,1818,,,30
2166,4,2024-06-04 00:00:00,Quantity bought 11762.907 @13.60,11424,-1,,-1,4,60,2666,,,30
2167,4,2024-06-07 00:00:00,Interest (Payout) from Sovereign Gold Bond 2.50% DEC 2029 SR-VIII 2021-22 (IN0020210228) (),11893,-1,,-1,4,40,2194,,,30
2168,4,2024-06-10 00:00:00,Quantity bought 20.25 @49.38,11425,-1,,-1,4,60,1818,,,30
2169,4,2024-06-18 00:00:00,Quantity bought 19.939 @50.15,11595,-1,,-1,4,60,1818,,,30
2170,4,2024-06-24 00:00:00,Quantity bought 19.689 @50.79,11623,-1,,-1,4,60,1818,,,30
2171,4,2024-06-25 00:00:00,Quantity bought 2356.496 @106.09,11632,-1,,-1,4,60,2701,,,30
2172,4,2024-06-25 00:00:00,Quantity sold 600  @ 285.54,11631,-1,,-1,4,60,1910,,,30
2173,4,2024-06-25 00:00:00,Quantity sold 102.849  @ 285.54,11722,-1,,-1,4,60,2124,,,30
2174,4,2024-07-01 00:00:00,Quantity bought 18.897 @52.92,11723,-1,,-1,4,60,1818,,,30
2175,4,2024-07-01 00:00:00,Dividend Payout from Canara Bank (),11895,-1,,-1,4,50,2700,,,30
2176,4,2024-07-08 00:00:00,Quantity bought 18.62 @53.71,11724,-1,,-1,4,60,1818,,,30
2177,4,2024-07-19 00:00:00,Interest (Payout) from UP POWER CORPORATION (),11890,-1,,-1,4,70,995,,,30
2178,4,2024-07-20 00:00:00,Interest (Payout) from Sovereign Gold Bond 2.50% JUL 2029 SR-IV 2021-22 (IN0020210111) (),11891,-1,,-1,4,40,2202,,,30
2179,4,2024-07-22 00:00:00,Quantity bought 17.891 @55.89,11839,-1,,-1,4,60,1818,,,30
2180,4,2024-07-23 00:00:00,Dividend Payout from Concord Biotech (),11892,-1,,-1,4,50,2662,,,30
2181,4,2024-07-25 00:00:00,Quantity sold 72.038  @ 165.61,11880,-1,,-1,4,60,1886,,,30
2182,4,2024-07-26 00:00:00,Quantity bought 830.084 @120.47,11886,-1,,-1,4,60,2863,,,30
2183,4,2024-07-26 00:00:00,Quantity sold 897.233  @ 84.01,11901,-1,,-1,4,60,1755,,,30
2184,4,2024-07-26 00:00:00,Quantity sold 291.004  @ 83.17,11902,-1,,-1,4,60,1755,,,30
2185,4,2024-07-29 00:00:00,Quantity bought 17.421 @57.40,11911,-1,,-1,4,60,1818,,,30
2186,4,2024-07-30 00:00:00,Quantity bought 2223.539 @20.24,11913,-1,,-1,4,60,2702,,,30
2187,4,2024-07-30 00:00:00,Quantity sold 57.862  @ 784.77,11912,-1,,-1,4,60,2125,,,30
2188,4,2024-08-01 00:00:00,Interest (Payout) from RBI BOND 7.75 % (),12117,-1,,-1,4,70,1496,,,30
2189,4,2024-08-05 00:00:00,Quantity bought 18.235 @54.84,12069,-1,,-1,4,60,1818,,,30
2190,4,2024-08-12 00:00:00,Quantity bought 17.892 @55.89,12088,-1,,-1,4,60,1818,,,30
2191,4,2024-08-19 00:00:00,Quantity bought 17.07 @58.58,12089,-1,,-1,4,60,1818,,,30
2192,4,2024-08-26 00:00:00,Quantity bought 16.849 @59.35,12104,-1,,-1,4,60,1818,,,30
2193,4,2024-08-28 00:00:00,Dividend Payout from Indian Oil Corporation (),12116,-1,,-1,4,50,1903,,,30
2194,4,2024-08-30 00:00:00,Interest (Payout) from State Bank of India BONDS 8.75% (ISIN INE062A08215) (),12114,-1,,-1,4,40,1409,,,30
2195,4,2024-08-30 00:00:00,"Quantity sold 1  @ 10,00,000.00",12113,-1,,-1,4,40,1409,,,30
2196,4,2024-09-02 00:00:00,Quantity bought 16.519 @60.54,12105,-1,,-1,4,60,1818,,,30
2197,4,2024-09-09 00:00:00,Quantity bought 16.852 @59.34,12106,-1,,-1,4,60,1818,,,30
2198,4,2024-09-09 00:00:00,Interest (Payout) from Sovereign Gold Bond 2.50% MAR 2029 SR-XII 2020-21 (IN0020200427) (),12115,-1,,-1,4,40,2201,,,30
2199,4,2024-09-16 00:00:00,*Installment Payment,12241,-1,,-1,4,50,2674,,,30
2200,4,2024-09-23 00:00:00,Quantity bought 16.431 @60.86,12143,-1,,-1,4,60,1818,,,30
2201,4,2024-10-01 00:00:00,Sammaan Capital Partly Paidup merged into Sammaan Capital,13061,-1,,-1,4,50,2674,,,30
2202,4,2024-10-03 00:00:00,Dividend Payout from Sammaan Capital (),13059,-1,,-1,4,50,2621,,,30
2203,4,2024-10-03 00:00:00,Dividend Payout from Marathon Nextgen Realty (),13060,-1,,-1,4,50,2779,,,30
2204,4,2024-10-07 00:00:00,Quantity bought 16.754 @59.69,12237,-1,,-1,4,60,1818,,,30
2205,4,2024-10-10 00:00:00,Quantity bought 2017.187 @69.40,12264,-1,,-1,4,60,2928,,,30
2206,4,2024-10-10 00:00:00,Quantity bought 14053.688 @9.96,12265,-1,,-1,4,60,2929,,,30
2207,4,2024-10-10 00:00:00,Quantity sold 6158.503  @ 44.96,12263,-1,,-1,4,60,2646,,,30
2208,4,2024-10-14 00:00:00,Quantity bought 16.25 @61.54,12286,-1,,-1,4,60,1818,,,30
2209,4,2024-10-18 00:00:00,Interest (Payout) from UP POWER CORPORATION (),12449,-1,,-1,4,70,995,,,30
2210,4,2024-10-21 00:00:00,Quantity bought 16.675 @59.97,12369,-1,,-1,4,60,1818,,,30
2211,4,2024-10-22 00:00:00,Interest (Payout) from G-Sec 7.34% GS 2064 (ISIN IN0020240035) (),12448,-1,,-1,4,40,2906,,,30
2212,4,2024-10-28 00:00:00,Quantity bought 16.705 @59.86,12393,-1,,-1,4,60,1818,,,30
2213,4,2024-11-04 00:00:00,Quantity bought 17.087 @58.52,12418,-1,,-1,4,60,1818,,,30
2214,4,2024-11-04 00:00:00,Quantity bought 305.748 @65.41,12417,-1,,-1,4,60,2928,,,30
2215,4,2024-11-11 00:00:00,Quantity bought 16.455 @60.77,12442,-1,,-1,4,60,1818,,,30
2216,4,2024-11-13 00:00:00,Interest (Payout) from Sovereign Gold Bond 2.50% Nov 2026 Sr-III 2018-19 (IN0020180314) (),12450,-1,,-1,4,40,1548,,,30
2217,4,2024-11-18 00:00:00,Quantity bought 16.898 @59.18,12443,-1,,-1,4,60,1818,,,30
2218,4,2024-11-25 00:00:00,Quantity bought 16.214 @61.68,12479,-1,,-1,4,60,1818,,,30
2219,4,2024-11-25 00:00:00,Interest (Payout) from G-Sec 7.54% GS 2036 (ISIN IN0020220029) (),12640,-1,,-1,4,40,2879,,,30
2220,4,2024-12-02 00:00:00,Quantity bought 16.024 @62.41,12480,-1,,-1,4,60,1818,,,30
2221,4,2024-12-02 00:00:00,Interest (Payout) from Sovereign Gold Bond 2.50% JUN 2029 SR-II 2021-22 (IN0020210061) (),12641,-1,,-1,4,40,2193,,,30
2222,4,2024-12-07 00:00:00,Interest (Payout) from Sovereign Gold Bond 2.50% DEC 2029 SR-VIII 2021-22 (IN0020210228) (),12642,-1,,-1,4,40,2194,,,30
2223,4,2024-12-09 00:00:00,Quantity bought 15.474 @64.62,12533,-1,,-1,4,60,1818,,,30
2224,4,2024-12-16 00:00:00,Quantity bought 15.225 @65.68,12534,-1,,-1,4,60,1818,,,30
2225,4,2024-12-23 00:00:00,Quantity bought 15.908 @62.86,12584,-1,,-1,4,60,1818,,,30
2226,4,2024-12-30 00:00:00,Quantity bought 15.873 @63.00,12585,-1,,-1,4,60,1818,,,30
2227,4,2025-01-06 00:00:00,Quantity bought 16.031 @62.38,12586,-1,,-1,4,60,1818,,,30
2228,4,2025-01-13 00:00:00,Quantity bought 16.358 @61.13,12587,-1,,-1,4,60,1818,,,30
2229,4,2025-01-20 00:00:00,Quantity bought 16.555 @60.40,12588,-1,,-1,4,60,1818,,,30
2230,4,2025-01-20 00:00:00,Interest (Payout) from UP POWER CORPORATION (),12631,-1,,-1,4,70,995,,,30
2231,4,2025-01-20 00:00:00,Interest (Payout) from Sovereign Gold Bond 2.50% JUL 2029 SR-IV 2021-22 (IN0020210111) (),12630,-1,,-1,4,40,2202,,,30
2232,4,2025-01-27 00:00:00,Quantity bought 17.189 @58.18,12624,-1,,-1,4,60,1818,,,30
2233,4,2025-02-01 00:00:00,Interest (Payout) from RBI BOND 7.75 % (),12629,-1,,-1,4,70,1496,,,30
2234,4,2025-02-03 00:00:00,Quantity bought 16.901 @59.17,12625,-1,,-1,4,60,1818,,,30
2235,4,2025-02-10 00:00:00,Quantity bought 16.829 @59.42,12634,-1,,-1,4,60,1818,,,30
2236,4,2025-02-17 00:00:00,Quantity bought 17.531 @57.04,12635,-1,,-1,4,60,1818,,,30
2237,4,2025-02-24 00:00:00,Quantity bought 18.012 @55.52,12644,-1,,-1,4,60,1818,,,30
2238,4,2025-02-26 00:00:00,"Quantity bought 70.085 @1,426.84",12701,-1,,-1,4,60,2976,,,30
2239,4,2025-03-03 00:00:00,Quantity bought 18.936 @52.81,12714,-1,,-1,4,60,1818,,,30
2240,4,2025-03-10 00:00:00,Quantity bought 18.998 @52.64,12716,-1,,-1,4,60,1818,,,30
2241,4,2025-03-10 00:00:00,Interest (Payout) from Sovereign Gold Bond 2.50% MAR 2029 SR-XII 2020-21 (IN0020200427) (),12763,-1,,-1,4,40,2201,,,30
2242,4,2025-03-17 00:00:00,Quantity bought 19.856 @50.36,12717,-1,,-1,4,60,1818,,,30
2243,4,2025-03-21 00:00:00,Quantity bought 8005.422 @34.35,12767,-1,,-1,4,60,2983,,,30
2244,4,2025-03-21 00:00:00,Quantity sold 830.084  @ 103.72,12811,-1,,-1,4,60,2863,,,30
2245,4,2025-03-21 00:00:00,Quantity sold 2322.935  @ 61.75,12812,-1,,-1,4,60,2928,,,30
2246,4,2025-03-24 00:00:00,Quantity bought 18.96 @52.74,12822,-1,,-1,4,60,1818,,,30
2247,4,2025-03-25 00:00:00,Quantity bought 1226.069 @103.99,12847,-1,,-1,4,60,2863,,,30
2248,4,2025-03-25 00:00:00,Quantity sold 14053.688  @ 7.42,12848,-1,,-1,4,60,2929,,,30
2249,4,2025-03-31 00:00:00,Quantity bought 19.622 @50.96,12902,-1,,-1,4,60,1818,,,30
2250,4,2025-03-31 00:00:00,Asset write-off Asset write-off DIDNT KNOW WHAT TO DO - CONVERT TO HOUSEHOLD EXP.,13065,-1,,-1,4,115,1937,,,30
2251,4,2025-04-01 00:00:00,Quantity bought 19.622 @50.96,13067,-1,,-1,4,60,1818,,,30
2252,4,2025-04-07 00:00:00,Quantity bought 21.179 @47.22,12903,-1,,-1,4,60,1818,,,30
2253,4,2025-04-15 00:00:00,Quantity bought 20.472 @48.85,12939,-1,,-1,4,60,1818,,,30
2254,4,2025-04-17 00:00:00,Interest (Payout) from UP POWER CORPORATION (),13092,-1,,-1,4,70,995,,,30
2255,4,2025-04-21 00:00:00,Quantity bought 19.981 @50.05,13036,-1,,-1,4,60,1818,,,30
2256,4,2025-04-22 00:00:00,Interest (Payout) from G-Sec 7.34% GS 2064 (ISIN IN0020240035) (),13093,-1,,-1,4,40,2906,,,30
2257,4,2025-04-23 00:00:00,Quantity bought 4827.1644 @103.58,13049,-1,,-1,4,60,2994,,,30
2258,4,2025-04-28 00:00:00,Quantity bought 19.504 @51.27,13051,-1,,-1,4,60,1818,,,30
2259,4,2025-05-05 00:00:00,Quantity bought 19.169 @52.17,13068,-1,,-1,4,60,1818,,,30
2260,4,2025-05-06 00:00:00,"Quantity bought 11.371 @5,276.58",13075,-1,,-1,4,60,2998,,,30
2261,4,2025-05-12 00:00:00,Quantity bought 18.308 @54.62,13083,-1,,-1,4,60,1818,,,30
2262,4,2025-05-13 00:00:00,Interest (Payout) from Sovereign Gold Bond 2.50% Nov 2026 Sr-III 2018-19 (IN0020180314) (),14029,-1,,-1,4,40,1548,,,30
2263,4,2025-05-19 00:00:00,Quantity bought 18.371 @54.43,13098,-1,,-1,4,60,1818,,,30
2264,4,2025-05-23 00:00:00,Interest (Payout) from G-Sec 7.54% GS 2036 (ISIN IN0020220029) (),14027,-1,,-1,4,40,2879,,,30
2265,4,2025-05-26 00:00:00,Quantity bought 18.201 @54.94,13099,-1,,-1,4,60,1818,,,30
2266,4,2025-06-01 00:00:00,Interest (Payout) from Sovereign Gold Bond 2.50% JUN 2029 SR-II 2021-22 (IN0020210061) (),14031,-1,,-1,4,40,2193,,,30
2267,4,2025-06-02 00:00:00,Quantity bought 18.346 @54.51,13100,-1,,-1,4,60,1818,,,30
2268,4,2025-06-07 00:00:00,Interest (Payout) from Sovereign Gold Bond 2.50% DEC 2029 SR-VIII 2021-22 (IN0020210228) (),14030,-1,,-1,4,40,2194,,,30
2269,4,2025-06-09 00:00:00,Quantity bought 17.961 @55.68,13299,-1,,-1,4,60,1818,,,30
2270,4,2025-06-16 00:00:00,Quantity bought 17.544 @57.00,13334,-1,,-1,4,60,1818,,,30
2271,4,2025-06-23 00:00:00,Quantity bought 17.792 @56.21,13335,-1,,-1,4,60,1818,,,30
2272,4,2025-06-30 00:00:00,Quantity bought 17.568 @56.92,13519,-1,,-1,4,60,1818,,,30
2273,4,2025-07-01 00:00:00,Dividend Payout from Canara Bank (),14034,-1,,-1,4,50,2700,,,30
2274,4,2025-07-07 00:00:00,Quantity bought 17.651 @56.65,13520,-1,,-1,4,60,1818,,,30
2275,4,2025-07-14 00:00:00,Quantity bought 18.163 @55.06,13521,-1,,-1,4,60,1818,,,30
2276,4,2025-07-20 00:00:00,Interest (Payout) from Sovereign Gold Bond 2.50% JUL 2029 SR-IV 2021-22 (IN0020210111) (),14028,-1,,-1,4,40,2202,,,30
2277,4,2025-07-21 00:00:00,Quantity bought 18.186 @54.99,13733,-1,,-1,4,60,1818,,,30
2278,4,2025-07-28 00:00:00,Quantity bought 18.689 @53.51,13774,-1,,-1,4,60,1818,,,30
2279,4,2025-08-01 00:00:00,Interest (Payout) from RBI BOND 7.75 % (),14032,-1,,-1,4,70,1496,,,30
2280,4,2025-08-04 00:00:00,Quantity bought 18.726 @53.40,13841,-1,,-1,4,60,1818,,,30
2281,4,2025-08-11 00:00:00,Quantity bought 18.908 @52.89,13937,-1,,-1,4,60,1818,,,30
2282,4,2025-08-18 00:00:00,Quantity bought 18.795 @53.21,13938,-1,,-1,4,60,1818,,,30
2283,4,2025-08-22 00:00:00,Quantity bought 18.459 @54.17,14996,-1,,-1,4,60,1818,,,30
2284,4,2025-08-22 00:00:00,Quantity bought 18.459 @54.17,14997,-1,,-1,4,60,1818,,,30
2285,4,2025-08-28 00:00:00,Dividend Payout from Jio Financial Services (),14033,-1,,-1,4,50,2699,,,30
2286,4,2025-08-29 00:00:00,Quantity bought 18.704 @53.46,14998,-1,,-1,4,60,1818,,,30
2287,4,2025-08-29 00:00:00,Quantity bought 18.704 @53.46,14999,-1,,-1,4,60,1818,,,30
2288,4,2025-09-09 00:00:00,Interest (Payout) from Sovereign Gold Bond 2.50% MAR 2029 SR-XII 2020-21 (IN0020200427) (),14043,-1,,-1,4,40,2201,,,30
2289,4,2025-09-15 00:00:00,Dividend Payout from Indian Oil Corporation (),14261,-1,,-1,4,50,1903,,,30
2290,4,2025-09-16 00:00:00,Quantity bought 18.07 @55.34,14147,-1,,-1,4,60,1818,,,30
2291,4,2025-09-22 00:00:00,Quantity bought 18.232 @54.85,14148,-1,,-1,4,60,1818,,,30
2292,4,2025-09-22 00:00:00,Dividend Payout from Concord Biotech (),14260,-1,,-1,4,50,2662,,,30
2293,4,2025-09-26 00:00:00,"Quantity sold 33.813  @ 1,478.72",14150,-1,,-1,4,60,2976,,,30
2294,4,2025-09-26 00:00:00,"Quantity sold 32.644  @ 1,478.74",14151,-1,,-1,4,60,2976,,,30
2295,4,2025-09-26 00:00:00,"Quantity sold 9.258  @ 5,400.73",14149,-1,,-1,4,60,2998,,,30
2296,4,2025-09-28 00:00:00,"Quantity sold 3.245  @ 1,479.20",14184,-1,,-1,4,60,2976,,,30
2297,4,2025-09-28 00:00:00,"Quantity sold 1.851  @ 5,402.49",14183,-1,,-1,4,60,2998,,,30
2298,4,2025-09-29 00:00:00,Quantity bought 19.198 @52.09,14186,-1,,-1,4,60,1818,,,30
2299,4,2025-09-29 00:00:00,Quantity sold 1226.069  @ 110.60,14185,-1,,-1,4,60,2863,,,30
2300,4,2025-10-06 00:00:00,Dividend Payout from Marathon Nextgen Realty (),14259,-1,,-1,4,50,2779,,,30
2301,4,2025-10-18 00:00:00,Interest (Payout) from UP POWER CORPORATION (),14258,-1,,-1,4,70,995,,,30
2302,4,2025-10-23 00:00:00,Interest (Payout) from G-Sec 7.34% GS 2064 (ISIN IN0020240035) (),14256,-1,,-1,4,40,2906,,,30
2303,4,2025-11-13 00:00:00,Interest (Payout) from Sovereign Gold Bond 2.50% Nov 2026 Sr-III 2018-19 (IN0020180314) (),14255,-1,,-1,4,40,1548,,,30
2304,4,2025-11-24 00:00:00,Interest (Payout) from G-Sec 7.54% GS 2036 (ISIN IN0020220029) (),14254,-1,,-1,4,40,2879,,,30
2305,4,2025-12-01 00:00:00,Interest (Payout) from Sovereign Gold Bond 2.50% JUN 2029 SR-II 2021-22 (IN0020210061) (),14476,-1,,-1,4,40,2193,,,30
2306,4,2025-12-08 00:00:00,Interest (Payout) from Sovereign Gold Bond 2.50% JUN 2030 Sr-I 2022-23 (IN0020220045) (),14477,-1,,-1,4,40,3049,,,30
2307,4,2025-12-12 00:00:00,Quantity sold 8005.422  @ 38.00,14379,-1,,-1,4,60,2983,,,30
2308,4,2025-12-15 00:00:00,Quantity bought 451.064 @166.27,14392,-1,,-1,4,60,3060,,,30
2309,4,2025-12-15 00:00:00,"Quantity sold 0.383  @ 1,497.26",14390,-1,,-1,4,60,2976,,,30
2310,4,2025-12-16 00:00:00,Quantity bought 4934.068 @25.33,14395,-1,,-1,4,60,3062,,,30
2311,4,2025-12-24 00:00:00,IPO/Rights,14408,-1,,-1,4,50,92,,,30
2312,4,2025-12-31 00:00:00,Dividend Payout from Indian Oil Corporation (),14529,-1,,-1,4,50,1903,,,30
2313,4,2026-01-13 00:00:00,"Quantity sold 0.262  @ 5,495.23",14481,-1,,-1,4,60,2998,,,30
2314,4,2026-01-20 00:00:00,Interest (Payout) from UP POWER CORPORATION (),14527,-1,,-1,4,70,995,,,30
2315,4,2026-01-20 00:00:00,Interest (Payout) from Sovereign Gold Bond 2.50% JUL 2029 SR-IV 2021-22 (IN0020210111) (),14528,-1,,-1,4,40,2202,,,30
2316,4,2026-02-02 00:00:00,Interest (Payout) from RBI BOND 7.75 % (),14478,-1,,-1,4,70,1496,,,30
2317,4,2026-02-25 00:00:00,"Quantity bought 45.168 @5,534.89",14590,-1,,-1,4,60,3088,,,30
2318,4,2026-02-26 00:00:00,"Quantity bought 70.594 @3,541.38",14591,-1,,-1,4,60,3089,,,30
2319,4,2026-02-27 00:00:00,Quantity bought 4186.46 @17.91,14603,-1,,-1,4,60,3090,,,30
2320,4,2026-02-27 00:00:00,Quantity bought 7982.571 @9.40,14604,-1,,-1,4,60,3091,,,30
2321,4,2026-03-02 00:00:00,Quantity bought 2575.067 @9.71,14605,-1,,-1,4,60,3092,,,30
2322,4,2026-03-05 00:00:00,Quantity bought 581.076 @172.09,14645,-1,,-1,4,60,3060,,,30
2323,4,2026-03-06 00:00:00,Quantity bought 3837.46 @26.06,14646,-1,,-1,4,60,3062,,,30
2324,4,2026-03-09 00:00:00,Quantity bought 580.39 @172.30,14648,-1,,-1,4,60,3060,,,30
2325,4,2026-03-09 00:00:00,Interest (Payout) from Sovereign Gold Bond 2.50% MAR 2029 SR-XII 2020-21 (IN0020200427) (),14638,-1,,-1,4,40,2201,,,30
2326,4,2026-03-09 00:00:00,"Quantity sold 0.18  @ 5,555.56",14647,-1,,-1,4,60,3088,,,30
2327,4,2026-03-09 00:00:00,"Quantity sold 0.282  @ 3,546.10",14649,-1,,-1,4,60,3089,,,30
2328,4,2026-03-09 00:00:00,"Quantity sold 0.282  @ 3,546.10",14650,-1,,-1,4,60,3089,,,30
2329,4,2026-03-10 00:00:00,Quantity bought 3833.885 @26.08,14654,-1,,-1,4,60,3062,,,30
2330,4,2026-03-10 00:00:00,Quantity bought 56.874 @17.58,14655,-1,,-1,4,60,3090,,,30
2331,4,2026-03-10 00:00:00,Quantity bought 104.51 @9.57,14680,-1,,-1,4,60,3092,,,30
2332,4,2026-03-10 00:00:00,Quantity bought 114.113 @8.76,14656,-1,,-1,4,60,3096,,,30
2333,4,2026-03-10 00:00:00,"Quantity sold 0.18  @ 5,555.56",14651,-1,,-1,4,60,3088,,,30
2334,4,2026-03-10 00:00:00,"Quantity sold 0.282  @ 3,546.10",14652,-1,,-1,4,60,3089,,,30
2335,4,2026-03-10 00:00:00,"Quantity sold 0.282  @ 3,546.10",14653,-1,,-1,4,60,3089,,,30
2336,4,2026-03-11 00:00:00,Quantity bought 57.878 @17.28,14685,-1,,-1,4,60,3090,,,30
2337,4,2026-03-11 00:00:00,Quantity bought 106.604 @9.38,14687,-1,,-1,4,60,3092,,,30
2338,4,2026-03-11 00:00:00,Quantity bought 116.35 @8.59,14686,-1,,-1,4,60,3096,,,30
2339,4,2026-03-11 00:00:00,"Quantity sold 0.18  @ 5,555.56",14681,-1,,-1,4,60,3088,,,30
2340,4,2026-03-11 00:00:00,"Quantity sold 0.902  @ 5,543.24",14682,-1,,-1,4,60,3088,,,30
2341,4,2026-03-11 00:00:00,"Quantity sold 0.282  @ 3,546.10",14683,-1,,-1,4,60,3089,,,30
2342,4,2026-03-11 00:00:00,"Quantity sold 0.282  @ 3,546.10",14684,-1,,-1,4,60,3089,,,30
2343,4,2026-03-12 00:00:00,Quantity bought 58.144 @17.20,14691,-1,,-1,4,60,3090,,,30
2344,4,2026-03-12 00:00:00,Quantity bought 107.533 @9.30,14693,-1,,-1,4,60,3092,,,30
2345,4,2026-03-12 00:00:00,Quantity bought 537.665 @9.30,14694,-1,,-1,4,60,3092,,,30
2346,4,2026-03-12 00:00:00,Quantity bought 117.199 @8.53,14692,-1,,-1,4,60,3096,,,30
2347,4,2026-03-12 00:00:00,"Quantity sold 0.18  @ 5,555.56",14688,-1,,-1,4,60,3088,,,30
2348,4,2026-03-12 00:00:00,"Quantity sold 0.282  @ 3,546.10",14689,-1,,-1,4,60,3089,,,30
2349,4,2026-03-12 00:00:00,"Quantity sold 0.282  @ 3,546.10",14690,-1,,-1,4,60,3089,,,30
2350,4,2026-03-13 00:00:00,Quantity bought 59.827 @16.71,14695,-1,,-1,4,60,3090,,,30
2351,4,2026-03-13 00:00:00,Quantity bought 110.09 @9.08,14697,-1,,-1,4,60,3092,,,30
2352,4,2026-03-13 00:00:00,Quantity bought 119.763 @8.35,14696,-1,,-1,4,60,3096,,,30
2353,4,2026-03-15 00:00:00,"Quantity sold 0.18  @ 5,555.56",14698,-1,,-1,4,60,3088,,,30
2354,4,2026-03-15 00:00:00,"Quantity sold 0.282  @ 3,546.10",14699,-1,,-1,4,60,3089,,,30
2355,4,2026-03-15 00:00:00,"Quantity sold 0.282  @ 3,546.10",14700,-1,,-1,4,60,3089,,,30
2356,4,2026-03-16 00:00:00,Quantity bought 59.861 @16.71,14709,-1,,-1,4,60,3090,,,30
2357,4,2026-03-16 00:00:00,Quantity bought 109.824 @9.11,14711,-1,,-1,4,60,3092,,,30
2358,4,2026-03-16 00:00:00,Quantity bought 119.535 @8.37,14710,-1,,-1,4,60,3096,,,30
2359,4,2026-03-16 00:00:00,"Quantity sold 0.36  @ 5,555.56",14701,-1,,-1,4,60,3088,,,30
2360,4,2026-03-16 00:00:00,"Quantity sold 0.18  @ 5,555.56",14702,-1,,-1,4,60,3088,,,30
2361,4,2026-03-16 00:00:00,"Quantity sold 1.408  @ 3,551.14",14703,-1,,-1,4,60,3089,,,30
2362,4,2026-03-16 00:00:00,"Quantity sold 1.408  @ 3,551.14",14704,-1,,-1,4,60,3089,,,30
2363,4,2026-03-16 00:00:00,"Quantity sold 0.422  @ 3,554.50",14705,-1,,-1,4,60,3089,,,30
2364,4,2026-03-16 00:00:00,"Quantity sold 0.422  @ 3,554.50",14706,-1,,-1,4,60,3089,,,30
2365,4,2026-03-16 00:00:00,"Quantity sold 0.282  @ 3,546.10",14707,-1,,-1,4,60,3089,,,30
2366,4,2026-03-16 00:00:00,"Quantity sold 0.282  @ 3,546.10",14708,-1,,-1,4,60,3089,,,30
2367,4,2026-03-17 00:00:00,Quantity bought 295.52 @16.92,14809,-1,,-1,4,60,3090,,,30
2368,4,2026-03-17 00:00:00,Quantity bought 59.104 @16.92,14810,-1,,-1,4,60,3090,,,30
2369,4,2026-03-17 00:00:00,Quantity bought 88.656 @16.92,14811,-1,,-1,4,60,3090,,,30
2370,4,2026-03-17 00:00:00,Quantity bought 216.791 @9.23,14815,-1,,-1,4,60,3092,,,30
2371,4,2026-03-17 00:00:00,Quantity bought 108.396 @9.23,14816,-1,,-1,4,60,3092,,,30
2372,4,2026-03-17 00:00:00,Quantity bought 117.967 @8.48,14812,-1,,-1,4,60,3096,,,30
2373,4,2026-03-17 00:00:00,Quantity bought 176.952 @8.48,14813,-1,,-1,4,60,3096,,,30
2374,4,2026-03-17 00:00:00,Quantity bought 589.837 @8.48,14814,-1,,-1,4,60,3096,,,30
2375,4,2026-03-17 00:00:00,"Quantity sold 0.36  @ 5,555.56",14803,-1,,-1,4,60,3088,,,30
2376,4,2026-03-17 00:00:00,"Quantity sold 0.18  @ 5,555.56",14804,-1,,-1,4,60,3088,,,30
2377,4,2026-03-17 00:00:00,"Quantity sold 0.422  @ 3,554.50",14805,-1,,-1,4,60,3089,,,30
2378,4,2026-03-17 00:00:00,"Quantity sold 0.422  @ 3,554.50",14806,-1,,-1,4,60,3089,,,30
2379,4,2026-03-17 00:00:00,"Quantity sold 0.282  @ 3,546.10",14807,-1,,-1,4,60,3089,,,30
2380,4,2026-03-17 00:00:00,"Quantity sold 0.282  @ 3,546.10",14808,-1,,-1,4,60,3089,,,30
2381,4,2026-03-18 00:00:00,Quantity bought 58.007 @17.24,14817,-1,,-1,4,60,3090,,,30
2382,4,2026-03-18 00:00:00,Quantity bought 87.011 @17.24,14818,-1,,-1,4,60,3090,,,30
2383,4,2026-03-18 00:00:00,Quantity bought 213.573 @9.36,14821,-1,,-1,4,60,3092,,,30
2384,4,2026-03-18 00:00:00,Quantity bought 106.787 @9.36,14822,-1,,-1,4,60,3092,,,30
2385,4,2026-03-18 00:00:00,Quantity bought 116.611 @8.58,14819,-1,,-1,4,60,3096,,,30
2386,4,2026-03-18 00:00:00,Quantity bought 174.917 @8.58,14820,-1,,-1,4,60,3096,,,30
2387,4,2026-03-19 00:00:00,"Quantity sold 0.36  @ 5,555.56",14823,-1,,-1,4,60,3088,,,30
2388,4,2026-03-19 00:00:00,"Quantity sold 0.18  @ 5,555.56",14824,-1,,-1,4,60,3088,,,30
2389,4,2026-03-19 00:00:00,"Quantity sold 0.9  @ 5,555.56",14825,-1,,-1,4,60,3088,,,30
2390,4,2026-03-19 00:00:00,"Quantity sold 0.422  @ 3,554.50",14826,-1,,-1,4,60,3089,,,30
2391,4,2026-03-19 00:00:00,"Quantity sold 0.422  @ 3,554.50",14827,-1,,-1,4,60,3089,,,30
2392,4,2026-03-19 00:00:00,"Quantity sold 0.281  @ 3,558.72",14828,-1,,-1,4,60,3089,,,30
2393,4,2026-03-19 00:00:00,"Quantity sold 0.281  @ 3,558.72",14829,-1,,-1,4,60,3089,,,30
2394,4,2026-03-20 00:00:00,Quantity bought 59.682 @16.76,14830,-1,,-1,4,60,3090,,,30
2395,4,2026-03-20 00:00:00,Quantity bought 89.524 @16.76,14831,-1,,-1,4,60,3090,,,30
2396,4,2026-03-20 00:00:00,Quantity bought 220.52 @9.07,14834,-1,,-1,4,60,3092,,,30
2397,4,2026-03-20 00:00:00,Quantity bought 110.26 @9.07,14835,-1,,-1,4,60,3092,,,30
2398,4,2026-03-20 00:00:00,Quantity bought 551.301 @9.07,14836,-1,,-1,4,60,3092,,,30
2399,4,2026-03-20 00:00:00,Quantity bought 120.557 @8.29,14832,-1,,-1,4,60,3096,,,30
2400,4,2026-03-20 00:00:00,Quantity bought 180.836 @8.29,14833,-1,,-1,4,60,3096,,,30
2401,4,2026-03-22 00:00:00,"Quantity sold 0.36  @ 5,555.56",14837,-1,,-1,4,60,3088,,,30
2402,4,2026-03-22 00:00:00,"Quantity sold 0.36  @ 5,555.56",14838,-1,,-1,4,60,3088,,,30
2403,4,2026-03-22 00:00:00,"Quantity sold 0.18  @ 5,555.56",14839,-1,,-1,4,60,3088,,,30
2404,4,2026-03-22 00:00:00,"Quantity sold 0.18  @ 5,555.56",14840,-1,,-1,4,60,3088,,,30
2405,4,2026-03-22 00:00:00,"Quantity sold 0.422  @ 3,554.50",14841,-1,,-1,4,60,3089,,,30
2406,4,2026-03-22 00:00:00,"Quantity sold 0.422  @ 3,554.50",14842,-1,,-1,4,60,3089,,,30
2407,4,2026-03-22 00:00:00,"Quantity sold 0.281  @ 3,558.72",14843,-1,,-1,4,60,3089,,,30
2408,4,2026-03-22 00:00:00,"Quantity sold 0.281  @ 3,558.72",14844,-1,,-1,4,60,3089,,,30
2409,4,2026-03-22 00:00:00,"Quantity sold 0.422  @ 3,554.50",14845,-1,,-1,4,60,3089,,,30
2410,4,2026-03-22 00:00:00,"Quantity sold 0.422  @ 3,554.50",14846,-1,,-1,4,60,3089,,,30
2411,4,2026-03-22 00:00:00,"Quantity sold 0.281  @ 3,558.72",14847,-1,,-1,4,60,3089,,,30
2412,4,2026-03-22 00:00:00,"Quantity sold 0.281  @ 3,558.72",14848,-1,,-1,4,60,3089,,,30
2413,4,2026-03-23 00:00:00,Quantity bought 62.251 @16.06,14857,-1,,-1,4,60,3090,,,30
2414,4,2026-03-23 00:00:00,Quantity bought 93.376 @16.06,14858,-1,,-1,4,60,3090,,,30
2415,4,2026-03-23 00:00:00,Quantity bought 93.376 @16.06,14859,-1,,-1,4,60,3090,,,30
2416,4,2026-03-23 00:00:00,Quantity bought 62.251 @16.06,14860,-1,,-1,4,60,3090,,,30
2417,4,2026-03-23 00:00:00,Quantity bought 229.689 @8.71,14865,-1,,-1,4,60,3092,,,30
2418,4,2026-03-23 00:00:00,Quantity bought 229.689 @8.71,14866,-1,,-1,4,60,3092,,,30
2419,4,2026-03-23 00:00:00,Quantity bought 114.844 @8.71,14867,-1,,-1,4,60,3092,,,30
2420,4,2026-03-23 00:00:00,Quantity bought 114.844 @8.71,14868,-1,,-1,4,60,3092,,,30
2421,4,2026-03-23 00:00:00,Quantity bought 125.073 @8.00,14861,-1,,-1,4,60,3096,,,30
2422,4,2026-03-23 00:00:00,Quantity bought 187.611 @8.00,14862,-1,,-1,4,60,3096,,,30
2423,4,2026-03-23 00:00:00,Quantity bought 187.611 @8.00,14863,-1,,-1,4,60,3096,,,30
2424,4,2026-03-23 00:00:00,Quantity bought 125.073 @8.00,14864,-1,,-1,4,60,3096,,,30
2425,4,2026-03-23 00:00:00,"Quantity sold 0.36  @ 5,555.56",14849,-1,,-1,4,60,3088,,,30
2426,4,2026-03-23 00:00:00,"Quantity sold 0.18  @ 5,555.56",14850,-1,,-1,4,60,3088,,,30
2427,4,2026-03-23 00:00:00,"Quantity sold 1.407  @ 3,553.66",14851,-1,,-1,4,60,3089,,,30
2428,4,2026-03-23 00:00:00,"Quantity sold 1.407  @ 3,553.66",14852,-1,,-1,4,60,3089,,,30
2429,4,2026-03-23 00:00:00,"Quantity sold 0.281  @ 3,558.72",14853,-1,,-1,4,60,3089,,,30
2430,4,2026-03-23 00:00:00,"Quantity sold 0.281  @ 3,558.72",14854,-1,,-1,4,60,3089,,,30
2431,4,2026-03-23 00:00:00,"Quantity sold 0.422  @ 3,554.50",14855,-1,,-1,4,60,3089,,,30
2432,4,2026-03-23 00:00:00,"Quantity sold 0.422  @ 3,554.50",14856,-1,,-1,4,60,3089,,,30
2433,4,2026-03-24 00:00:00,Quantity bought 90.759 @16.53,14875,-1,,-1,4,60,3090,,,30
2434,4,2026-03-24 00:00:00,Quantity bought 60.505 @16.53,14876,-1,,-1,4,60,3090,,,30
2435,4,2026-03-24 00:00:00,Quantity bought 302.527 @16.53,14877,-1,,-1,4,60,3090,,,30
2436,4,2026-03-24 00:00:00,Quantity bought 224.003 @8.93,14881,-1,,-1,4,60,3092,,,30
2437,4,2026-03-24 00:00:00,Quantity bought 112.002 @8.93,14882,-1,,-1,4,60,3092,,,30
2438,4,2026-03-24 00:00:00,Quantity bought 182.731 @8.21,14878,-1,,-1,4,60,3096,,,30
2439,4,2026-03-24 00:00:00,Quantity bought 121.82 @8.21,14879,-1,,-1,4,60,3096,,,30
2440,4,2026-03-24 00:00:00,Quantity bought 609.102 @8.21,14880,-1,,-1,4,60,3096,,,30
2441,4,2026-03-24 00:00:00,"Quantity sold 0.36  @ 5,555.56",14869,-1,,-1,4,60,3088,,,30
2442,4,2026-03-24 00:00:00,"Quantity sold 0.18  @ 5,555.56",14870,-1,,-1,4,60,3088,,,30
2443,4,2026-03-24 00:00:00,"Quantity sold 0.422  @ 3,554.50",14871,-1,,-1,4,60,3089,,,30
2444,4,2026-03-24 00:00:00,"Quantity sold 0.422  @ 3,554.50",14872,-1,,-1,4,60,3089,,,30
2445,4,2026-03-24 00:00:00,"Quantity sold 0.281  @ 3,558.72",14873,-1,,-1,4,60,3089,,,30
2446,4,2026-03-24 00:00:00,"Quantity sold 0.281  @ 3,558.72",14874,-1,,-1,4,60,3089,,,30
2447,4,2026-03-25 00:00:00,Quantity bought 59.005 @16.95,14883,-1,,-1,4,60,3090,,,30
2448,4,2026-03-25 00:00:00,Quantity bought 88.507 @16.95,14884,-1,,-1,4,60,3090,,,30
2449,4,2026-03-25 00:00:00,Quantity bought 18619.579 @16.54,15019,-1,,-1,4,60,3090,,,30
2450,4,2026-03-25 00:00:00,Quantity bought 217.735 @9.19,14888,-1,,-1,4,60,3092,,,30
2451,4,2026-03-25 00:00:00,Quantity bought 108.868 @9.19,14889,-1,,-1,4,60,3092,,,30
2452,4,2026-03-25 00:00:00,Quantity bought 119.045 @8.40,14886,-1,,-1,4,60,3096,,,30
2453,4,2026-03-25 00:00:00,Quantity bought 178.567 @8.40,14887,-1,,-1,4,60,3096,,,30
2454,4,2026-03-25 00:00:00,Quantity sold 1393.655  @ 95.62,15000,-1,,-1,4,60,2567,,,30
2455,4,2026-03-25 00:00:00,Quantity sold 3224.415  @ 98.00,15001,-1,,-1,4,60,2701,,,30
2456,4,2026-03-25 00:00:00,Quantity sold 6761.615  @ 19.54,15002,-1,,-1,4,60,2702,,,30
2457,4,2026-03-25 00:00:00,Quantity sold 4185  @ 16.86,14885,-1,,-1,4,60,3090,,,30
2458,4,2026-03-26 00:00:00,"Quantity sold 0.36  @ 5,555.56",15020,-1,,-1,4,60,3088,,,30
2459,4,2026-03-26 00:00:00,"Quantity sold 0.18  @ 5,555.56",15021,-1,,-1,4,60,3088,,,30
2460,4,2026-03-26 00:00:00,"Quantity sold 0.9  @ 5,555.56",15022,-1,,-1,4,60,3088,,,30
2461,4,2026-03-26 00:00:00,"Quantity sold 0.281  @ 3,558.72",15023,-1,,-1,4,60,3089,,,30
2462,4,2026-03-26 00:00:00,"Quantity sold 0.281  @ 3,558.72",15024,-1,,-1,4,60,3089,,,30
2463,4,2026-03-26 00:00:00,"Quantity sold 0.422  @ 3,554.50",15025,-1,,-1,4,60,3089,,,30
2464,4,2026-03-26 00:00:00,"Quantity sold 0.422  @ 3,554.50",15026,-1,,-1,4,60,3089,,,30
2465,4,2026-03-27 00:00:00,Quantity bought 60.453 @16.54,15028,-1,,-1,4,60,3090,,,30
2466,4,2026-03-27 00:00:00,Quantity bought 90.68 @16.54,15029,-1,,-1,4,60,3090,,,30
2467,4,2026-03-27 00:00:00,Quantity bought 14477.391 @8.91,15032,-1,,-1,4,60,3092,,,30
2468,4,2026-03-27 00:00:00,Quantity bought 224.456 @8.91,15033,-1,,-1,4,60,3092,,,30
2469,4,2026-03-27 00:00:00,Quantity bought 112.228 @8.91,15034,-1,,-1,4,60,3092,,,30
2470,4,2026-03-27 00:00:00,Quantity bought 561.139 @8.91,15035,-1,,-1,4,60,3092,,,30
2471,4,2026-03-27 00:00:00,Quantity bought 121.984 @8.20,15030,-1,,-1,4,60,3096,,,30
2472,4,2026-03-27 00:00:00,Quantity bought 182.976 @8.20,15031,-1,,-1,4,60,3096,,,30
2473,4,2026-03-27 00:00:00,Quantity bought 4726.506 @45.91,15027,-1,,-1,4,60,3115,,,30
2474,4,2026-03-27 00:00:00,Dividend Payout from Indian Oil Corporation (),15008,-1,,-1,4,50,1903,,,30
2475,4,2026-03-29 00:00:00,"Quantity sold 0.36  @ 5,555.56",15036,-1,,-1,4,60,3088,,,30
2476,4,2026-03-29 00:00:00,"Quantity sold 0.18  @ 5,555.56",15037,-1,,-1,4,60,3088,,,30
2477,4,2026-03-29 00:00:00,"Quantity sold 0.422  @ 3,554.50",15038,-1,,-1,4,60,3089,,,30
2478,4,2026-03-29 00:00:00,"Quantity sold 0.422  @ 3,554.50",15039,-1,,-1,4,60,3089,,,30
2479,4,2026-03-29 00:00:00,"Quantity sold 0.281  @ 3,558.72",15040,-1,,-1,4,60,3089,,,30
2480,4,2026-03-29 00:00:00,"Quantity sold 0.281  @ 3,558.72",15041,-1,,-1,4,60,3089,,,30
2481,4,2026-03-30 00:00:00,Quantity bought 62.317 @16.05,15067,-1,,-1,4,60,3090,,,30
2482,4,2026-03-30 00:00:00,Quantity bought 93.476 @16.05,15068,-1,,-1,4,60,3090,,,30
2483,4,2026-03-30 00:00:00,Quantity bought 231.309 @8.65,15071,-1,,-1,4,60,3092,,,30
2484,4,2026-03-30 00:00:00,Quantity bought 115.655 @8.65,15072,-1,,-1,4,60,3092,,,30
2485,4,2026-03-30 00:00:00,Quantity bought 124.938 @8.00,15069,-1,,-1,4,60,3096,,,30
2486,4,2026-03-30 00:00:00,Quantity bought 187.407 @8.00,15070,-1,,-1,4,60,3096,,,30
2487,4,2026-04-01 00:00:00,"Quantity sold 0.359  @ 5,571.03",15073,-1,,-1,4,60,3088,,,30
2488,4,2026-04-01 00:00:00,"Quantity sold 0.18  @ 5,555.56",15074,-1,,-1,4,60,3088,,,30
2489,4,2026-04-01 00:00:00,"Quantity sold 1.404  @ 3,561.25",15075,-1,,-1,4,60,3089,,,30
2490,4,2026-04-01 00:00:00,"Quantity sold 1.404  @ 3,561.25",15076,-1,,-1,4,60,3089,,,30
2491,4,2026-04-01 00:00:00,"Quantity sold 0.281  @ 3,558.72",15077,-1,,-1,4,60,3089,,,30
2492,4,2026-04-01 00:00:00,"Quantity sold 0.281  @ 3,558.72",15078,-1,,-1,4,60,3089,,,30
2493,4,2026-04-01 00:00:00,"Quantity sold 0.421  @ 3,562.95",15079,-1,,-1,4,60,3089,,,30
2494,4,2026-04-01 00:00:00,"Quantity sold 0.421  @ 3,562.95",15080,-1,,-1,4,60,3089,,,30
2495,4,2026-04-02 00:00:00,Quantity bought 91.723 @16.35,15081,-1,,-1,4,60,3090,,,30
2496,4,2026-04-02 00:00:00,Quantity bought 61.149 @16.35,15082,-1,,-1,4,60,3090,,,30
2497,4,2026-04-02 00:00:00,Quantity bought 305.743 @16.35,15083,-1,,-1,4,60,3090,,,30
2498,4,2026-04-02 00:00:00,Quantity bought 226.028 @8.85,15087,-1,,-1,4,60,3092,,,30
2499,4,2026-04-02 00:00:00,Quantity bought 113.014 @8.85,15088,-1,,-1,4,60,3092,,,30
2500,4,2026-04-02 00:00:00,Quantity bought 181.526 @8.26,15084,-1,,-1,4,60,3096,,,30
2501,4,2026-04-02 00:00:00,Quantity bought 121.017 @8.26,15085,-1,,-1,4,60,3096,,,30
2502,4,2026-04-02 00:00:00,Quantity bought 605.084 @8.26,15086,-1,,-1,4,60,3096,,,30
2503,4,2026-04-05 00:00:00,"Quantity sold 0.359  @ 5,571.03",15139,-1,,-1,4,60,3088,,,30
2504,4,2026-04-05 00:00:00,"Quantity sold 0.179  @ 5,586.59",15140,-1,,-1,4,60,3088,,,30
2505,4,2026-04-05 00:00:00,"Quantity sold 0.896  @ 5,580.36",15141,-1,,-1,4,60,3088,,,30
2506,4,2026-04-05 00:00:00,"Quantity sold 0.42  @ 3,571.43",15142,-1,,-1,4,60,3089,,,30
2507,4,2026-04-05 00:00:00,"Quantity sold 0.42  @ 3,571.43",15143,-1,,-1,4,60,3089,,,30
2508,4,2026-04-05 00:00:00,"Quantity sold 0.28  @ 3,571.43",15144,-1,,-1,4,60,3089,,,30
2509,4,2026-04-05 00:00:00,"Quantity sold 0.28  @ 3,571.43",15145,-1,,-1,4,60,3089,,,30
2510,4,2026-04-05 00:00:00,"Quantity sold 0.28  @ 3,571.43",15146,-1,,-1,4,60,3089,,,30
2511,4,2026-04-05 00:00:00,"Quantity sold 0.28  @ 3,571.43",15147,-1,,-1,4,60,3089,,,30
2512,4,2026-04-05 00:00:00,"Quantity sold 0.42  @ 3,571.43",15148,-1,,-1,4,60,3089,,,30
2513,4,2026-04-05 00:00:00,"Quantity sold 0.42  @ 3,571.43",15149,-1,,-1,4,60,3089,,,30
2514,4,2026-04-06 00:00:00,Quantity bought 90.036 @16.66,15156,-1,,-1,4,60,3090,,,30
2515,4,2026-04-06 00:00:00,Quantity bought 60.024 @16.66,15157,-1,,-1,4,60,3090,,,30
2516,4,2026-04-06 00:00:00,Quantity bought 60.024 @16.66,15158,-1,,-1,4,60,3090,,,30
2517,4,2026-04-06 00:00:00,Quantity bought 90.036 @16.66,15159,-1,,-1,4,60,3090,,,30
2518,4,2026-04-06 00:00:00,Quantity bought 221.915 @9.01,15164,-1,,-1,4,60,3092,,,30
2519,4,2026-04-06 00:00:00,Quantity bought 110.958 @9.01,15165,-1,,-1,4,60,3092,,,30
2520,4,2026-04-06 00:00:00,Quantity bought 554.788 @9.01,15166,-1,,-1,4,60,3092,,,30
2521,4,2026-04-06 00:00:00,Quantity bought 178.789 @8.39,15160,-1,,-1,4,60,3096,,,30
2522,4,2026-04-06 00:00:00,Quantity bought 119.192 @8.39,15161,-1,,-1,4,60,3096,,,30
2523,4,2026-04-06 00:00:00,Quantity bought 119.192 @8.39,15162,-1,,-1,4,60,3096,,,30
2524,4,2026-04-06 00:00:00,Quantity bought 178.789 @8.39,15163,-1,,-1,4,60,3096,,,30
2525,4,2026-04-06 00:00:00,"Quantity sold 0.358  @ 5,586.59",15150,-1,,-1,4,60,3088,,,30
2526,4,2026-04-06 00:00:00,"Quantity sold 0.179  @ 5,586.59",15151,-1,,-1,4,60,3088,,,30
2527,4,2026-04-06 00:00:00,"Quantity sold 0.28  @ 3,571.43",15152,-1,,-1,4,60,3089,,,30
2528,4,2026-04-06 00:00:00,"Quantity sold 0.28  @ 3,571.43",15153,-1,,-1,4,60,3089,,,30
2529,4,2026-04-06 00:00:00,"Quantity sold 0.42  @ 3,571.43",15154,-1,,-1,4,60,3089,,,30
2530,4,2026-04-06 00:00:00,"Quantity sold 0.42  @ 3,571.43",15155,-1,,-1,4,60,3089,,,30
2531,4,2026-04-07 00:00:00,Quantity bought 90.205 @16.63,15175,-1,,-1,4,60,3090,,,30
2532,4,2026-04-07 00:00:00,Quantity bought 60.136 @16.63,15176,-1,,-1,4,60,3090,,,30
2533,4,2026-04-07 00:00:00,Quantity bought 222.162 @9.00,15179,-1,,-1,4,60,3092,,,30
2534,4,2026-04-07 00:00:00,Quantity bought 111.081 @9.00,15180,-1,,-1,4,60,3092,,,30
2535,4,2026-04-07 00:00:00,Quantity bought 178.9 @8.38,15177,-1,,-1,4,60,3096,,,30
2536,4,2026-04-07 00:00:00,Quantity bought 119.266 @8.38,15178,-1,,-1,4,60,3096,,,30
2537,4,2026-04-07 00:00:00,"Quantity sold 0.358  @ 5,586.59",15167,-1,,-1,4,60,3088,,,30
2538,4,2026-04-07 00:00:00,"Quantity sold 0.179  @ 5,586.59",15168,-1,,-1,4,60,3088,,,30
2539,4,2026-04-07 00:00:00,"Quantity sold 0.42  @ 3,571.43",15169,-1,,-1,4,60,3089,,,30
2540,4,2026-04-07 00:00:00,"Quantity sold 0.42  @ 3,571.43",15170,-1,,-1,4,60,3089,,,30
2541,4,2026-04-07 00:00:00,"Quantity sold 1.4  @ 3,571.43",15171,-1,,-1,4,60,3089,,,30
2542,4,2026-04-07 00:00:00,"Quantity sold 1.4  @ 3,571.43",15172,-1,,-1,4,60,3089,,,30
2543,4,2026-04-07 00:00:00,"Quantity sold 0.28  @ 3,571.43",15173,-1,,-1,4,60,3089,,,30
2544,4,2026-04-07 00:00:00,"Quantity sold 0.28  @ 3,571.43",15174,-1,,-1,4,60,3089,,,30
2545,4,2026-04-08 00:00:00,Quantity bought 85.703 @17.50,15188,-1,,-1,4,60,3090,,,30
2546,4,2026-04-08 00:00:00,Quantity bought 285.677 @17.50,15189,-1,,-1,4,60,3090,,,30
2547,4,2026-04-08 00:00:00,Quantity bought 57.135 @17.50,15190,-1,,-1,4,60,3090,,,30
2548,4,2026-04-08 00:00:00,Quantity bought 211.966 @9.44,15194,-1,,-1,4,60,3092,,,30
2549,4,2026-04-08 00:00:00,Quantity bought 105.983 @9.44,15195,-1,,-1,4,60,3092,,,30
2550,4,2026-04-08 00:00:00,Quantity bought 171.998 @8.72,15191,-1,,-1,4,60,3096,,,30
2551,4,2026-04-08 00:00:00,Quantity bought 114.665 @8.72,15192,-1,,-1,4,60,3096,,,30
2552,4,2026-04-08 00:00:00,Quantity bought 573.326 @8.72,15193,-1,,-1,4,60,3096,,,30
2553,4,2026-04-08 00:00:00,"Quantity sold 0.358  @ 5,586.59",15181,-1,,-1,4,60,3088,,,30
2554,4,2026-04-08 00:00:00,"Quantity sold 0.179  @ 5,586.59",15182,-1,,-1,4,60,3088,,,30
2555,4,2026-04-08 00:00:00,"Quantity sold 0.896  @ 5,580.36",15183,-1,,-1,4,60,3088,,,30
2556,4,2026-04-08 00:00:00,"Quantity sold 0.42  @ 3,571.43",15184,-1,,-1,4,60,3089,,,30
2557,4,2026-04-08 00:00:00,"Quantity sold 0.42  @ 3,571.43",15185,-1,,-1,4,60,3089,,,30
2558,4,2026-04-08 00:00:00,"Quantity sold 0.28  @ 3,571.43",15186,-1,,-1,4,60,3089,,,30
2559,4,2026-04-08 00:00:00,"Quantity sold 0.28  @ 3,571.43",15187,-1,,-1,4,60,3089,,,30
2560,4,2026-04-09 00:00:00,Quantity bought 57.01 @17.54,15202,-1,,-1,4,60,3090,,,30
2561,4,2026-04-09 00:00:00,Quantity bought 85.515 @17.54,15203,-1,,-1,4,60,3090,,,30
2562,4,2026-04-09 00:00:00,Quantity bought 211.183 @9.47,15206,-1,,-1,4,60,3092,,,30
2563,4,2026-04-09 00:00:00,Quantity bought 105.591 @9.47,15207,-1,,-1,4,60,3092,,,30
2564,4,2026-04-09 00:00:00,Quantity bought 527.957 @9.47,15208,-1,,-1,4,60,3092,,,30
2565,4,2026-04-09 00:00:00,Quantity bought 113.794 @8.79,15204,-1,,-1,4,60,3096,,,30
2566,4,2026-04-09 00:00:00,Quantity bought 170.691 @8.79,15205,-1,,-1,4,60,3096,,,30
2567,4,2026-04-09 00:00:00,"Quantity sold 0.358  @ 5,586.59",15196,-1,,-1,4,60,3088,,,30
2568,4,2026-04-09 00:00:00,"Quantity sold 0.179  @ 5,586.59",15197,-1,,-1,4,60,3088,,,30
2569,4,2026-04-09 00:00:00,"Quantity sold 0.28  @ 3,571.43",15198,-1,,-1,4,60,3089,,,30
2570,4,2026-04-09 00:00:00,"Quantity sold 0.28  @ 3,571.43",15199,-1,,-1,4,60,3089,,,30
2571,4,2026-04-09 00:00:00,"Quantity sold 0.42  @ 3,571.43",15200,-1,,-1,4,60,3089,,,30
2572,4,2026-04-09 00:00:00,"Quantity sold 0.42  @ 3,571.43",15201,-1,,-1,4,60,3089,,,30
2573,4,2026-04-10 00:00:00,Quantity bought 55.826 @17.91,15209,-1,,-1,4,60,3090,,,30
2574,4,2026-04-10 00:00:00,Quantity bought 83.74 @17.91,15210,-1,,-1,4,60,3090,,,30
2575,4,2026-04-10 00:00:00,Quantity bought 206.644 @9.68,15213,-1,,-1,4,60,3092,,,30
2576,4,2026-04-10 00:00:00,Quantity bought 103.322 @9.68,15214,-1,,-1,4,60,3092,,,30
2577,4,2026-04-10 00:00:00,Quantity bought 111.681 @8.95,15211,-1,,-1,4,60,3096,,,30
2578,4,2026-04-10 00:00:00,Quantity bought 167.523 @8.95,15212,-1,,-1,4,60,3096,,,30
2579,4,2026-04-12 00:00:00,"Quantity sold 0.358  @ 5,586.59",15215,-1,,-1,4,60,3088,,,30
2580,4,2026-04-12 00:00:00,"Quantity sold 0.179  @ 5,586.59",15216,-1,,-1,4,60,3088,,,30
2581,4,2026-04-12 00:00:00,"Quantity sold 0.28  @ 3,571.43",15217,-1,,-1,4,60,3089,,,30
2582,4,2026-04-12 00:00:00,"Quantity sold 0.28  @ 3,571.43",15218,-1,,-1,4,60,3089,,,30
2583,4,2026-04-12 00:00:00,"Quantity sold 0.42  @ 3,571.43",15219,-1,,-1,4,60,3089,,,30
2584,4,2026-04-12 00:00:00,"Quantity sold 0.42  @ 3,571.43",15220,-1,,-1,4,60,3089,,,30
2585,4,2026-04-13 00:00:00,Quantity bought 56.472 @17.71,15221,-1,,-1,4,60,3090,,,30
2586,4,2026-04-13 00:00:00,Quantity bought 84.708 @17.71,15222,-1,,-1,4,60,3090,,,30
2587,4,2026-04-13 00:00:00,Quantity bought 207.976 @9.62,15225,-1,,-1,4,60,3092,,,30
2588,4,2026-04-13 00:00:00,Quantity bought 103.988 @9.62,15226,-1,,-1,4,60,3092,,,30
2589,4,2026-04-13 00:00:00,Quantity bought 169.396 @8.85,15223,-1,,-1,4,60,3096,,,30
2590,4,2026-04-13 00:00:00,Quantity bought 112.93 @8.86,15224,-1,,-1,4,60,3096,,,30
2591,4,2026-04-14 00:00:00,"Quantity sold 0.358  @ 5,586.59",15227,-1,,-1,4,60,3088,,,30
2592,4,2026-04-14 00:00:00,"Quantity sold 0.179  @ 5,586.59",15228,-1,,-1,4,60,3088,,,30
2593,4,2026-04-14 00:00:00,"Quantity sold 0.28  @ 3,571.43",15229,-1,,-1,4,60,3089,,,30
2594,4,2026-04-14 00:00:00,"Quantity sold 0.28  @ 3,571.43",15230,-1,,-1,4,60,3089,,,30
2595,4,2026-04-14 00:00:00,"Quantity sold 0.419  @ 3,579.95",15231,-1,,-1,4,60,3089,,,30
2596,4,2026-04-14 00:00:00,"Quantity sold 0.419  @ 3,579.95",15232,-1,,-1,4,60,3089,,,30
2597,4,2026-04-15 00:00:00,Quantity bought 83.321 @18.00,15242,-1,,-1,4,60,3090,,,30
2598,4,2026-04-15 00:00:00,Quantity bought 55.547 @18.00,15243,-1,,-1,4,60,3090,,,30
2599,4,2026-04-15 00:00:00,Quantity bought 204.572 @9.78,15246,-1,,-1,4,60,3092,,,30
2600,4,2026-04-15 00:00:00,Quantity bought 102.286 @9.78,15247,-1,,-1,4,60,3092,,,30
2601,4,2026-04-15 00:00:00,Quantity bought 165.951 @9.04,15244,-1,,-1,4,60,3096,,,30
2602,4,2026-04-15 00:00:00,Quantity bought 110.634 @9.04,15245,-1,,-1,4,60,3096,,,30
2603,4,2026-04-15 00:00:00,"Quantity sold 0.358  @ 5,586.59",15233,-1,,-1,4,60,3088,,,30
2604,4,2026-04-15 00:00:00,"Quantity sold 0.179  @ 5,586.59",15234,-1,,-1,4,60,3088,,,30
2605,4,2026-04-15 00:00:00,"Quantity sold 0.894  @ 5,592.84",15235,-1,,-1,4,60,3088,,,30
2606,4,2026-04-15 00:00:00,"Quantity sold 1.397  @ 3,579.10",15236,-1,,-1,4,60,3089,,,30
2607,4,2026-04-15 00:00:00,"Quantity sold 1.397  @ 3,579.10",15237,-1,,-1,4,60,3089,,,30
2608,4,2026-04-15 00:00:00,"Quantity sold 0.279  @ 3,584.23",15238,-1,,-1,4,60,3089,,,30
2609,4,2026-04-15 00:00:00,"Quantity sold 0.279  @ 3,584.23",15239,-1,,-1,4,60,3089,,,30
2610,4,2026-04-15 00:00:00,"Quantity sold 0.419  @ 3,579.95",15240,-1,,-1,4,60,3089,,,30
2611,4,2026-04-15 00:00:00,"Quantity sold 0.419  @ 3,579.95",15241,-1,,-1,4,60,3089,,,30
2612,4,2026-04-16 00:00:00,Quantity bought 55.569 @18.00,15254,-1,,-1,4,60,3090,,,30
2613,4,2026-04-16 00:00:00,Quantity bought 83.353 @18.00,15255,-1,,-1,4,60,3090,,,30
2614,4,2026-04-16 00:00:00,Quantity bought 277.843 @18.00,15256,-1,,-1,4,60,3090,,,30
2615,4,2026-04-16 00:00:00,Quantity bought 203.926 @9.81,15260,-1,,-1,4,60,3092,,,30
2616,4,2026-04-16 00:00:00,Quantity bought 101.963 @9.81,15261,-1,,-1,4,60,3092,,,30
2617,4,2026-04-16 00:00:00,Quantity bought 509.814 @9.81,15262,-1,,-1,4,60,3092,,,30
2618,4,2026-04-16 00:00:00,Quantity bought 110.261 @9.07,15257,-1,,-1,4,60,3096,,,30
2619,4,2026-04-16 00:00:00,Quantity bought 165.393 @9.07,15258,-1,,-1,4,60,3096,,,30
2620,4,2026-04-16 00:00:00,Quantity bought 551.307 @9.07,15259,-1,,-1,4,60,3096,,,30
2621,4,2026-04-16 00:00:00,"Quantity sold 0.358  @ 5,586.59",15248,-1,,-1,4,60,3088,,,30
2622,4,2026-04-16 00:00:00,"Quantity sold 0.179  @ 5,586.59",15249,-1,,-1,4,60,3088,,,30
2623,4,2026-04-16 00:00:00,"Quantity sold 0.419  @ 3,579.95",15250,-1,,-1,4,60,3089,,,30
2624,4,2026-04-16 00:00:00,"Quantity sold 0.419  @ 3,579.95",15251,-1,,-1,4,60,3089,,,30
2625,4,2026-04-16 00:00:00,"Quantity sold 0.279  @ 3,584.23",15252,-1,,-1,4,60,3089,,,30
2626,4,2026-04-16 00:00:00,"Quantity sold 0.279  @ 3,584.23",15253,-1,,-1,4,60,3089,,,30
2627,4,2026-04-17 00:00:00,Quantity bought 54.918 @18.21,15263,-1,,-1,4,60,3090,,,30
2628,4,2026-04-17 00:00:00,Quantity bought 82.378 @18.21,15264,-1,,-1,4,60,3090,,,30
2629,4,2026-04-17 00:00:00,Quantity bought 201.766 @9.91,15267,-1,,-1,4,60,3092,,,30
2630,4,2026-04-17 00:00:00,Quantity bought 100.883 @9.91,15268,-1,,-1,4,60,3092,,,30
2631,4,2026-04-17 00:00:00,Quantity bought 108.695 @9.20,15265,-1,,-1,4,60,3096,,,30
2632,4,2026-04-17 00:00:00,Quantity bought 163.043 @9.20,15266,-1,,-1,4,60,3096,,,30
2633,4,2026-04-19 00:00:00,"Quantity sold 0.357  @ 5,602.24",15269,-1,,-1,4,60,3088,,,30
2634,4,2026-04-19 00:00:00,"Quantity sold 0.179  @ 5,586.59",15270,-1,,-1,4,60,3088,,,30
2635,4,2026-04-19 00:00:00,"Quantity sold 0.419  @ 3,579.95",15271,-1,,-1,4,60,3089,,,30
2636,4,2026-04-19 00:00:00,"Quantity sold 0.419  @ 3,579.95",15272,-1,,-1,4,60,3089,,,30
2637,4,2026-04-19 00:00:00,"Quantity sold 0.279  @ 3,584.23",15273,-1,,-1,4,60,3089,,,30
2638,4,2026-04-19 00:00:00,"Quantity sold 0.279  @ 3,584.23",15274,-1,,-1,4,60,3089,,,30
2639,4,2026-04-20 00:00:00,Quantity bought 54.948 @18.20,15395,-1,,-1,4,60,3090,,,30
2640,4,2026-04-20 00:00:00,Quantity bought 82.422 @18.20,15396,-1,,-1,4,60,3090,,,30
2641,4,2026-04-20 00:00:00,Quantity bought 201.38 @9.93,15399,-1,,-1,4,60,3092,,,30
2642,4,2026-04-20 00:00:00,Quantity bought 100.69 @9.93,15400,-1,,-1,4,60,3092,,,30
2643,4,2026-04-20 00:00:00,Quantity bought 108.995 @9.17,15397,-1,,-1,4,60,3096,,,30
2644,4,2026-04-20 00:00:00,Quantity bought 163.493 @9.17,15398,-1,,-1,4,60,3096,,,30
2645,4,2026-04-20 00:00:00,"Quantity sold 0.357  @ 5,602.24",15389,-1,,-1,4,60,3088,,,30
2646,4,2026-04-20 00:00:00,"Quantity sold 0.179  @ 5,586.59",15390,-1,,-1,4,60,3088,,,30
2647,4,2026-04-20 00:00:00,"Quantity sold 0.279  @ 3,584.23",15391,-1,,-1,4,60,3089,,,30
2648,4,2026-04-20 00:00:00,"Quantity sold 0.279  @ 3,584.23",15392,-1,,-1,4,60,3089,,,30
2649,4,2026-04-20 00:00:00,"Quantity sold 0.419  @ 3,579.95",15393,-1,,-1,4,60,3089,,,30
2650,4,2026-04-20 00:00:00,"Quantity sold 0.419  @ 3,579.95",15394,-1,,-1,4,60,3089,,,30
2651,4,2026-04-21 00:00:00,Quantity bought 81.991 @18.29,15409,-1,,-1,4,60,3090,,,30
2652,4,2026-04-21 00:00:00,Quantity bought 54.661 @18.29,15410,-1,,-1,4,60,3090,,,30
2653,4,2026-04-21 00:00:00,Quantity bought 200.955 @9.95,15413,-1,,-1,4,60,3092,,,30
2654,4,2026-04-21 00:00:00,Quantity bought 100.477 @9.95,15414,-1,,-1,4,60,3092,,,30
2655,4,2026-04-21 00:00:00,Quantity bought 162.304 @9.24,15411,-1,,-1,4,60,3096,,,30
2656,4,2026-04-21 00:00:00,Quantity bought 108.202 @9.24,15412,-1,,-1,4,60,3096,,,30
2657,4,2026-04-21 00:00:00,"Quantity sold 0.357  @ 5,602.24",15401,-1,,-1,4,60,3088,,,30
2658,4,2026-04-21 00:00:00,"Quantity sold 0.179  @ 5,586.59",15402,-1,,-1,4,60,3088,,,30
2659,4,2026-04-21 00:00:00,"Quantity sold 1.396  @ 3,581.66",15403,-1,,-1,4,60,3089,,,30
2660,4,2026-04-21 00:00:00,"Quantity sold 1.396  @ 3,581.66",15404,-1,,-1,4,60,3089,,,30
2661,4,2026-04-21 00:00:00,"Quantity sold 0.279  @ 3,584.23",15405,-1,,-1,4,60,3089,,,30
2662,4,2026-04-21 00:00:00,"Quantity sold 0.279  @ 3,584.23",15406,-1,,-1,4,60,3089,,,30
2663,4,2026-04-21 00:00:00,"Quantity sold 0.419  @ 3,579.95",15407,-1,,-1,4,60,3089,,,30
2664,4,2026-04-21 00:00:00,"Quantity sold 0.419  @ 3,579.95",15408,-1,,-1,4,60,3089,,,30
2665,4,2026-04-22 00:00:00,Quantity bought 82.029 @18.29,15422,-1,,-1,4,60,3090,,,30
2666,4,2026-04-22 00:00:00,Quantity bought 273.43 @18.29,15423,-1,,-1,4,60,3090,,,30
2667,4,2026-04-22 00:00:00,Quantity bought 54.686 @18.29,15424,-1,,-1,4,60,3090,,,30
2668,4,2026-04-22 00:00:00,Quantity bought 200.411 @9.98,15428,-1,,-1,4,60,3092,,,30
2669,4,2026-04-22 00:00:00,Quantity bought 100.205 @9.98,15429,-1,,-1,4,60,3092,,,30
2670,4,2026-04-22 00:00:00,Quantity bought 162.666 @9.22,15425,-1,,-1,4,60,3096,,,30
2671,4,2026-04-22 00:00:00,Quantity bought 542.219 @9.22,15426,-1,,-1,4,60,3096,,,30
2672,4,2026-04-22 00:00:00,Quantity bought 108.444 @9.22,15427,-1,,-1,4,60,3096,,,30
2673,4,2026-04-22 00:00:00,"Quantity sold 0.357  @ 5,602.24",15415,-1,,-1,4,60,3088,,,30
2674,4,2026-04-22 00:00:00,"Quantity sold 0.179  @ 5,586.59",15416,-1,,-1,4,60,3088,,,30
2675,4,2026-04-22 00:00:00,"Quantity sold 0.893  @ 5,599.10",15417,-1,,-1,4,60,3088,,,30
2676,4,2026-04-22 00:00:00,"Quantity sold 0.279  @ 3,584.23",15418,-1,,-1,4,60,3089,,,30
2677,4,2026-04-22 00:00:00,"Quantity sold 0.279  @ 3,584.23",15419,-1,,-1,4,60,3089,,,30
2678,4,2026-04-22 00:00:00,"Quantity sold 0.419  @ 3,579.95",15420,-1,,-1,4,60,3089,,,30
2679,4,2026-04-22 00:00:00,"Quantity sold 0.419  @ 3,579.95",15421,-1,,-1,4,60,3089,,,30
2680,4,2026-04-23 00:00:00,Quantity bought 82.379 @18.21,15436,-1,,-1,4,60,3090,,,30
2681,4,2026-04-23 00:00:00,Quantity bought 54.919 @18.21,15437,-1,,-1,4,60,3090,,,30
2682,4,2026-04-23 00:00:00,Quantity bought 201.522 @9.92,15440,-1,,-1,4,60,3092,,,30
2683,4,2026-04-23 00:00:00,Quantity bought 100.761 @9.92,15441,-1,,-1,4,60,3092,,,30
2684,4,2026-04-23 00:00:00,Quantity bought 503.804 @9.92,15442,-1,,-1,4,60,3092,,,30
2685,4,2026-04-23 00:00:00,Quantity bought 163.78 @9.16,15438,-1,,-1,4,60,3096,,,30
2686,4,2026-04-23 00:00:00,Quantity bought 109.186 @9.16,15439,-1,,-1,4,60,3096,,,30
2687,4,2026-04-23 00:00:00,"Quantity sold 0.357  @ 5,602.24",15430,-1,,-1,4,60,3088,,,30
2688,4,2026-04-23 00:00:00,"Quantity sold 0.179  @ 5,586.59",15431,-1,,-1,4,60,3088,,,30
2689,4,2026-04-23 00:00:00,"Quantity sold 0.279  @ 3,584.23",15432,-1,,-1,4,60,3089,,,30
2690,4,2026-04-23 00:00:00,"Quantity sold 0.279  @ 3,584.23",15433,-1,,-1,4,60,3089,,,30
2691,4,2026-04-23 00:00:00,"Quantity sold 0.419  @ 3,579.95",15434,-1,,-1,4,60,3089,,,30
2692,4,2026-04-23 00:00:00,"Quantity sold 0.419  @ 3,579.95",15435,-1,,-1,4,60,3089,,,30
2693,4,2026-04-24 00:00:00,Quantity bought 55.376 @18.06,15443,-1,,-1,4,60,3090,,,30
2694,4,2026-04-24 00:00:00,Quantity bought 83.064 @18.06,15444,-1,,-1,4,60,3090,,,30
2695,4,2026-04-24 00:00:00,Quantity bought 202.399 @9.88,15447,-1,,-1,4,60,3092,,,30
2696,4,2026-04-24 00:00:00,Quantity bought 101.199 @9.88,15448,-1,,-1,4,60,3092,,,30
2697,4,2026-04-24 00:00:00,Quantity bought 109.999 @9.09,15445,-1,,-1,4,60,3096,,,30
2698,4,2026-04-24 00:00:00,Quantity bought 165 @9.09,15446,-1,,-1,4,60,3096,,,30
2699,4,2026-04-26 00:00:00,"Quantity sold 0.357  @ 5,602.24",15449,-1,,-1,4,60,3088,,,30
2700,4,2026-04-26 00:00:00,"Quantity sold 0.179  @ 5,586.59",15450,-1,,-1,4,60,3088,,,30
2701,4,2026-04-26 00:00:00,"Quantity sold 0.419  @ 3,579.95",15451,-1,,-1,4,60,3089,,,30
2702,4,2026-04-26 00:00:00,"Quantity sold 0.419  @ 3,579.95",15452,-1,,-1,4,60,3089,,,30
2703,4,2026-04-26 00:00:00,"Quantity sold 0.279  @ 3,584.23",15453,-1,,-1,4,60,3089,,,30
2704,4,2026-04-26 00:00:00,"Quantity sold 0.279  @ 3,584.23",15454,-1,,-1,4,60,3089,,,30
2705,4,2026-04-27 00:00:00,Quantity bought 54.93 @18.20,15461,-1,,-1,4,60,3090,,,30
2706,4,2026-04-27 00:00:00,Quantity bought 82.395 @18.20,15462,-1,,-1,4,60,3090,,,30
2707,4,2026-04-27 00:00:00,Quantity bought 200.773 @9.96,15465,-1,,-1,4,60,3092,,,30
2708,4,2026-04-27 00:00:00,Quantity bought 100.387 @9.96,15466,-1,,-1,4,60,3092,,,30
2709,4,2026-04-27 00:00:00,Quantity bought 109.208 @9.16,15463,-1,,-1,4,60,3096,,,30
2710,4,2026-04-27 00:00:00,Quantity bought 163.812 @9.16,15464,-1,,-1,4,60,3096,,,30
2711,4,2026-04-27 00:00:00,"Quantity sold 0.357  @ 5,602.24",15455,-1,,-1,4,60,3088,,,30
2712,4,2026-04-27 00:00:00,"Quantity sold 0.179  @ 5,586.59",15456,-1,,-1,4,60,3088,,,30
2713,4,2026-04-27 00:00:00,"Quantity sold 0.419  @ 3,579.95",15457,-1,,-1,4,60,3089,,,30
2714,4,2026-04-27 00:00:00,"Quantity sold 0.419  @ 3,579.95",15458,-1,,-1,4,60,3089,,,30
2715,4,2026-04-27 00:00:00,"Quantity sold 0.279  @ 3,584.23",15459,-1,,-1,4,60,3089,,,30
2716,4,2026-04-27 00:00:00,"Quantity sold 0.279  @ 3,584.23",15460,-1,,-1,4,60,3089,,,30
2717,4,2026-04-28 00:00:00,Quantity bought 54.916 @18.21,15475,-1,,-1,4,60,3090,,,30
2718,4,2026-04-28 00:00:00,Quantity bought 82.374 @18.21,15476,-1,,-1,4,60,3090,,,30
2719,4,2026-04-28 00:00:00,Quantity bought 201.238 @9.94,15479,-1,,-1,4,60,3092,,,30
2720,4,2026-04-28 00:00:00,Quantity bought 100.619 @9.94,15480,-1,,-1,4,60,3092,,,30
2721,4,2026-04-28 00:00:00,Quantity bought 109.045 @9.17,15477,-1,,-1,4,60,3096,,,30
2722,4,2026-04-28 00:00:00,Quantity bought 163.567 @9.17,15478,-1,,-1,4,60,3096,,,30
2723,4,2026-04-28 00:00:00,"Quantity sold 0.357  @ 5,602.24",15467,-1,,-1,4,60,3088,,,30
2724,4,2026-04-28 00:00:00,"Quantity sold 0.179  @ 5,586.59",15468,-1,,-1,4,60,3088,,,30
2725,4,2026-04-28 00:00:00,"Quantity sold 1.395  @ 3,584.23",15469,-1,,-1,4,60,3089,,,30
2726,4,2026-04-28 00:00:00,"Quantity sold 1.395  @ 3,584.23",15470,-1,,-1,4,60,3089,,,30
2727,4,2026-04-28 00:00:00,"Quantity sold 0.279  @ 3,584.23",15471,-1,,-1,4,60,3089,,,30
2728,4,2026-04-28 00:00:00,"Quantity sold 0.279  @ 3,584.23",15472,-1,,-1,4,60,3089,,,30
2729,4,2026-04-28 00:00:00,"Quantity sold 0.419  @ 3,579.95",15473,-1,,-1,4,60,3089,,,30
2730,4,2026-04-28 00:00:00,"Quantity sold 0.419  @ 3,579.95",15474,-1,,-1,4,60,3089,,,30
2731,4,2026-04-29 00:00:00,Quantity bought 55.001 @18.18,15488,-1,,-1,4,60,3090,,,30
2732,4,2026-04-29 00:00:00,Quantity bought 275.005 @18.18,15489,-1,,-1,4,60,3090,,,30
2733,4,2026-04-29 00:00:00,Quantity bought 82.502 @18.18,15490,-1,,-1,4,60,3090,,,30
2734,4,2026-04-29 00:00:00,Quantity bought 200.31 @9.98,15494,-1,,-1,4,60,3092,,,30
2735,4,2026-04-29 00:00:00,Quantity bought 100.155 @9.98,15495,-1,,-1,4,60,3092,,,30
2736,4,2026-04-29 00:00:00,Quantity bought 542.325 @9.22,15491,-1,,-1,4,60,3096,,,30
2737,4,2026-04-29 00:00:00,Quantity bought 108.465 @9.22,15492,-1,,-1,4,60,3096,,,30
2738,4,2026-04-29 00:00:00,Quantity bought 162.698 @9.22,15493,-1,,-1,4,60,3096,,,30
2739,4,2026-04-29 00:00:00,"Quantity sold 0.357  @ 5,602.24",15481,-1,,-1,4,60,3088,,,30
2740,4,2026-04-29 00:00:00,"Quantity sold 0.179  @ 5,586.59",15482,-1,,-1,4,60,3088,,,30
2741,4,2026-04-29 00:00:00,"Quantity sold 0.893  @ 5,599.10",15483,-1,,-1,4,60,3088,,,30
2742,4,2026-04-29 00:00:00,"Quantity sold 0.279  @ 3,584.23",15484,-1,,-1,4,60,3089,,,30
2743,4,2026-04-29 00:00:00,"Quantity sold 0.279  @ 3,584.23",15485,-1,,-1,4,60,3089,,,30
2744,4,2026-04-29 00:00:00,"Quantity sold 0.418  @ 3,588.52",15486,-1,,-1,4,60,3089,,,30
2745,4,2026-04-29 00:00:00,"Quantity sold 0.418  @ 3,588.52",15487,-1,,-1,4,60,3089,,,30
2746,4,2026-04-30 00:00:00,Quantity bought 83.298 @18.01,15496,-1,,-1,4,60,3090,,,30
2747,4,2026-04-30 00:00:00,Quantity bought 55.532 @18.01,15497,-1,,-1,4,60,3090,,,30
2748,4,2026-04-30 00:00:00,Quantity bought 202.419 @9.88,15500,-1,,-1,4,60,3092,,,30
2749,4,2026-04-30 00:00:00,Quantity bought 101.21 @9.88,15501,-1,,-1,4,60,3092,,,30
2750,4,2026-04-30 00:00:00,Quantity bought 506.048 @9.88,15502,-1,,-1,4,60,3092,,,30
2751,4,2026-04-30 00:00:00,Quantity bought 164.059 @9.14,15498,-1,,-1,4,60,3096,,,30
2752,4,2026-04-30 00:00:00,Quantity bought 109.373 @9.14,15499,-1,,-1,4,60,3096,,,30
2753,4,2026-05-03 00:00:00,"Quantity sold 0.357  @ 5,602.24",15503,-1,,-1,4,60,3088,,,30
2754,4,2026-05-03 00:00:00,"Quantity sold 0.178  @ 5,617.98",15504,-1,,-1,4,60,3088,,,30
2755,4,2026-05-03 00:00:00,"Quantity sold 0.418  @ 3,588.52",15505,-1,,-1,4,60,3089,,,30
2756,4,2026-05-03 00:00:00,"Quantity sold 0.418  @ 3,588.52",15506,-1,,-1,4,60,3089,,,30
2757,4,2026-05-03 00:00:00,"Quantity sold 0.279  @ 3,584.23",15507,-1,,-1,4,60,3089,,,30
2758,4,2026-05-03 00:00:00,"Quantity sold 0.279  @ 3,584.23",15508,-1,,-1,4,60,3089,,,30
2759,4,2026-05-04 00:00:00,Quantity bought 55.194 @18.12,15515,-1,,-1,4,60,3090,,,30
2760,4,2026-05-04 00:00:00,Quantity bought 82.791 @18.12,15516,-1,,-1,4,60,3090,,,30
2761,4,2026-05-04 00:00:00,Quantity bought 200.955 @9.95,15519,-1,,-1,4,60,3092,,,30
2762,4,2026-05-04 00:00:00,Quantity bought 100.477 @9.95,15520,-1,,-1,4,60,3092,,,30
2763,4,2026-05-04 00:00:00,Quantity bought 108.564 @9.21,15517,-1,,-1,4,60,3096,,,30
2764,4,2026-05-04 00:00:00,Quantity bought 162.846 @9.21,15518,-1,,-1,4,60,3096,,,30
2765,4,2026-05-04 00:00:00,"Quantity sold 0.357  @ 5,602.24",15509,-1,,-1,4,60,3088,,,30
2766,4,2026-05-04 00:00:00,"Quantity sold 0.178  @ 5,617.98",15510,-1,,-1,4,60,3088,,,30
2767,4,2026-05-04 00:00:00,"Quantity sold 0.418  @ 3,588.52",15511,-1,,-1,4,60,3089,,,30
2768,4,2026-05-04 00:00:00,"Quantity sold 0.418  @ 3,588.52",15512,-1,,-1,4,60,3089,,,30
2769,4,2026-05-04 00:00:00,"Quantity sold 0.279  @ 3,584.23",15513,-1,,-1,4,60,3089,,,30
2770,4,2026-05-04 00:00:00,"Quantity sold 0.279  @ 3,584.23",15514,-1,,-1,4,60,3089,,,30
2771,4,2026-05-05 00:00:00,"Quantity bought 13.375 @5,607.48",15589,-1,,-1,4,60,3088,,,30
2772,4,2026-05-05 00:00:00,Quantity bought 54.985 @18.19,15599,-1,,-1,4,60,3090,,,30
2773,4,2026-05-05 00:00:00,Quantity bought 82.478 @18.19,15600,-1,,-1,4,60,3090,,,30
2774,4,2026-05-05 00:00:00,Quantity bought 199.77 @10.01,15603,-1,,-1,4,60,3092,,,30
2775,4,2026-05-05 00:00:00,Quantity bought 99.885 @10.01,15604,-1,,-1,4,60,3092,,,30
2776,4,2026-05-05 00:00:00,Quantity bought 108.082 @9.25,15601,-1,,-1,4,60,3096,,,30
2777,4,2026-05-05 00:00:00,Quantity bought 162.123 @9.25,15602,-1,,-1,4,60,3096,,,30
2778,4,2026-05-05 00:00:00,"Quantity bought 29.834 @3,351.88",15592,-1,,-1,4,60,3121,,,30
2779,4,2026-05-05 00:00:00,"Quantity bought 50.376 @3,970.14",15593,-1,,-1,4,60,3122,,,30
2780,4,2026-05-05 00:00:00,"Quantity bought 25.188 @3,970.14",15594,-1,,-1,4,60,3123,,,30
2781,4,2026-05-05 00:00:00,"Quantity sold 0.357  @ 5,602.24",15590,-1,,-1,4,60,3088,,,30
2782,4,2026-05-05 00:00:00,"Quantity sold 0.178  @ 5,617.98",15591,-1,,-1,4,60,3088,,,30
2783,4,2026-05-05 00:00:00,"Quantity sold 0.279  @ 3,584.23",15595,-1,,-1,4,60,3089,,,30
2784,4,2026-05-05 00:00:00,"Quantity sold 0.279  @ 3,584.23",15596,-1,,-1,4,60,3089,,,30
2785,4,2026-05-05 00:00:00,"Quantity sold 0.418  @ 3,588.52",15597,-1,,-1,4,60,3089,,,30
2786,4,2026-05-05 00:00:00,"Quantity sold 0.418  @ 3,588.52",15598,-1,,-1,4,60,3089,,,30
2787,4,2026-05-06 00:00:00,"Quantity bought 20.903 @3,588.00",15606,-1,,-1,4,60,3089,,,30
2788,4,2026-05-06 00:00:00,Quantity bought 80.799 @18.56,15657,-1,,-1,4,60,3090,,,30
2789,4,2026-05-06 00:00:00,Quantity bought 53.866 @18.56,15658,-1,,-1,4,60,3090,,,30
2790,4,2026-05-06 00:00:00,Quantity bought 196.957 @10.15,15662,-1,,-1,4,60,3092,,,30
2791,4,2026-05-06 00:00:00,Quantity bought 98.478 @10.15,15663,-1,,-1,4,60,3092,,,30
2792,4,2026-05-06 00:00:00,Quantity bought 159.53 @9.40,15660,-1,,-1,4,60,3096,,,30
2793,4,2026-05-06 00:00:00,Quantity bought 106.353 @9.40,15661,-1,,-1,4,60,3096,,,30
2794,4,2026-05-06 00:00:00,"Quantity bought 25.586 @2,931.29",15605,-1,,-1,4,60,3124,,,30
2795,4,2026-05-06 00:00:00,Quantity bought 5125.986 @14.63,15607,-1,,-1,4,60,3125,,,30
2796,4,2026-05-06 00:00:00,Quantity bought 6010.615 @16.64,15659,-1,,-1,4,60,3130,,,30
2797,4,2026-05-06 00:00:00,"Quantity sold 0.357  @ 5,602.24",15650,-1,,-1,4,60,3088,,,30
2798,4,2026-05-06 00:00:00,"Quantity sold 0.178  @ 5,617.98",15651,-1,,-1,4,60,3088,,,30
2799,4,2026-05-06 00:00:00,"Quantity sold 0.892  @ 5,605.38",15652,-1,,-1,4,60,3088,,,30
2800,4,2026-05-06 00:00:00,"Quantity sold 0.418  @ 3,588.52",15653,-1,,-1,4,60,3089,,,30
2801,4,2026-05-06 00:00:00,"Quantity sold 0.418  @ 3,588.52",15654,-1,,-1,4,60,3089,,,30
2802,4,2026-05-06 00:00:00,"Quantity sold 0.279  @ 3,584.23",15655,-1,,-1,4,60,3089,,,30
2803,4,2026-05-06 00:00:00,"Quantity sold 0.279  @ 3,584.23",15656,-1,,-1,4,60,3089,,,30
2804,4,2026-05-07 00:00:00,Quantity bought 53.113 @18.83,15672,-1,,-1,4,60,3090,,,30
2805,4,2026-05-07 00:00:00,Quantity bought 79.67 @18.83,15673,-1,,-1,4,60,3090,,,30
2806,4,2026-05-07 00:00:00,Quantity bought 193.564 @10.33,15676,-1,,-1,4,60,3092,,,30
2807,4,2026-05-07 00:00:00,Quantity bought 96.782 @10.33,15677,-1,,-1,4,60,3092,,,30
2808,4,2026-05-07 00:00:00,Quantity bought 483.909 @10.33,15678,-1,,-1,4,60,3092,,,30
2809,4,2026-05-07 00:00:00,Quantity bought 105.419 @9.49,15674,-1,,-1,4,60,3096,,,30
2810,4,2026-05-07 00:00:00,Quantity bought 158.129 @9.49,15675,-1,,-1,4,60,3096,,,30
2811,4,2026-05-07 00:00:00,"Quantity sold 0.357  @ 5,602.24",15664,-1,,-1,4,60,3088,,,30
2812,4,2026-05-07 00:00:00,"Quantity sold 0.178  @ 5,617.98",15665,-1,,-1,4,60,3088,,,30
2813,4,2026-05-07 00:00:00,"Quantity sold 0.418  @ 3,588.52",15666,-1,,-1,4,60,3089,,,30
2814,4,2026-05-07 00:00:00,"Quantity sold 0.418  @ 3,588.52",15667,-1,,-1,4,60,3089,,,30
2815,4,2026-05-07 00:00:00,"Quantity sold 1.393  @ 3,589.38",15668,-1,,-1,4,60,3089,,,30
2816,4,2026-05-07 00:00:00,"Quantity sold 1.393  @ 3,589.38",15669,-1,,-1,4,60,3089,,,30
2817,4,2026-05-07 00:00:00,"Quantity sold 0.279  @ 3,584.23",15670,-1,,-1,4,60,3089,,,30
2818,4,2026-05-07 00:00:00,"Quantity sold 0.279  @ 3,584.23",15671,-1,,-1,4,60,3089,,,30
2819,4,2026-05-08 00:00:00,Quantity bought 266.205 @18.78,15679,-1,,-1,4,60,3090,,,30
2820,4,2026-05-08 00:00:00,Quantity bought 53.241 @18.78,15680,-1,,-1,4,60,3090,,,30
2821,4,2026-05-08 00:00:00,Quantity bought 79.862 @18.78,15681,-1,,-1,4,60,3090,,,30
2822,4,2026-05-08 00:00:00,Quantity bought 194.6 @10.28,15685,-1,,-1,4,60,3092,,,30
2823,4,2026-05-08 00:00:00,Quantity bought 97.3 @10.28,15686,-1,,-1,4,60,3092,,,30
2824,4,2026-05-08 00:00:00,Quantity bought 528.47 @9.46,15682,-1,,-1,4,60,3096,,,30
2825,4,2026-05-08 00:00:00,Quantity bought 105.694 @9.46,15683,-1,,-1,4,60,3096,,,30
2826,4,2026-05-08 00:00:00,Quantity bought 158.542 @9.46,15684,-1,,-1,4,60,3096,,,30
2827,4,2026-05-10 00:00:00,"Quantity sold 0.356  @ 5,617.98",15687,-1,,-1,4,60,3088,,,30
2828,4,2026-05-10 00:00:00,"Quantity sold 0.178  @ 5,617.98",15688,-1,,-1,4,60,3088,,,30
2829,4,2026-05-10 00:00:00,"Quantity sold 0.418  @ 3,588.52",15689,-1,,-1,4,60,3089,,,30
2830,4,2026-05-10 00:00:00,"Quantity sold 0.418  @ 3,588.52",15690,-1,,-1,4,60,3089,,,30
2831,4,2026-05-10 00:00:00,"Quantity sold 0.278  @ 3,597.12",15691,-1,,-1,4,60,3089,,,30
2832,4,2026-05-10 00:00:00,"Quantity sold 0.278  @ 3,597.12",15692,-1,,-1,4,60,3089,,,30
2833,4,2026-05-11 00:00:00,Quantity bought 80.932 @18.53,15699,-1,,-1,4,60,3090,,,30
2834,4,2026-05-11 00:00:00,Quantity bought 53.954 @18.53,15700,-1,,-1,4,60,3090,,,30
2835,4,2026-05-11 00:00:00,Quantity bought 197.093 @10.15,15703,-1,,-1,4,60,3092,,,30
2836,4,2026-05-11 00:00:00,Quantity bought 98.546 @10.15,15704,-1,,-1,4,60,3092,,,30
2837,4,2026-05-11 00:00:00,Quantity bought 160.535 @9.34,15701,-1,,-1,4,60,3096,,,30
2838,4,2026-05-11 00:00:00,Quantity bought 107.023 @9.34,15702,-1,,-1,4,60,3096,,,30
2839,4,2026-05-11 00:00:00,"Quantity sold 0.356  @ 5,617.98",15693,-1,,-1,4,60,3088,,,30
2840,4,2026-05-11 00:00:00,"Quantity sold 0.178  @ 5,617.98",15694,-1,,-1,4,60,3088,,,30
2841,4,2026-05-11 00:00:00,"Quantity sold 0.418  @ 3,588.52",15695,-1,,-1,4,60,3089,,,30
2842,4,2026-05-11 00:00:00,"Quantity sold 0.418  @ 3,588.52",15696,-1,,-1,4,60,3089,,,30
2843,4,2026-05-11 00:00:00,"Quantity sold 0.278  @ 3,597.12",15697,-1,,-1,4,60,3089,,,30
2844,4,2026-05-11 00:00:00,"Quantity sold 0.278  @ 3,597.12",15698,-1,,-1,4,60,3089,,,30
2845,4,2026-05-12 00:00:00,Quantity bought 55.394 @18.05,15711,-1,,-1,4,60,3090,,,30
2846,4,2026-05-12 00:00:00,Quantity bought 83.091 @18.05,15712,-1,,-1,4,60,3090,,,30
2847,4,2026-05-12 00:00:00,Quantity bought 202.051 @9.90,15715,-1,,-1,4,60,3092,,,30
2848,4,2026-05-12 00:00:00,Quantity bought 101.025 @9.90,15716,-1,,-1,4,60,3092,,,30
2849,4,2026-05-12 00:00:00,Quantity bought 109.66 @9.12,15713,-1,,-1,4,60,3096,,,30
2850,4,2026-05-12 00:00:00,Quantity bought 164.491 @9.12,15714,-1,,-1,4,60,3096,,,30
2851,4,2026-05-12 00:00:00,"Quantity sold 0.356  @ 5,617.98",15705,-1,,-1,4,60,3088,,,30
2852,4,2026-05-12 00:00:00,"Quantity sold 0.178  @ 5,617.98",15706,-1,,-1,4,60,3088,,,30
2853,4,2026-05-12 00:00:00,"Quantity sold 0.418  @ 3,588.52",15707,-1,,-1,4,60,3089,,,30
2854,4,2026-05-12 00:00:00,"Quantity sold 0.418  @ 3,588.52",15708,-1,,-1,4,60,3089,,,30
2855,4,2026-05-12 00:00:00,"Quantity sold 0.278  @ 3,597.12",15709,-1,,-1,4,60,3089,,,30
2856,4,2026-05-12 00:00:00,"Quantity sold 0.278  @ 3,597.12",15710,-1,,-1,4,60,3089,,,30
2857,4,2019-04-01 00:00:00,Quantity bought 442.055 @56.55,3621,-1,,-1,9,60,1104,,,30
2858,4,2019-04-05 00:00:00,Quantity bought 157.875 @47.51,3622,-1,,-1,9,60,1073,,,30
2859,4,2019-04-15 00:00:00,"Quantity bought 26.348 @3,795.35 Quantity bought 26.348 @3,795.35
paid from saahil kotak for prs",3623,-1,,-1,9,60,1116,,,30
2860,4,2019-04-18 00:00:00,"Quantity bought 48.066 @2,080.47",5583,-1,,-1,9,60,1059,,,30
2861,4,2019-05-02 00:00:00,Quantity bought 446.341 @56.01,5586,-1,,-1,9,60,1104,,,30
2862,4,2019-05-06 00:00:00,Quantity bought 164.178 @45.68,5587,-1,,-1,9,60,1073,,,30
2863,4,2019-06-03 00:00:00,Quantity bought 427.95 @58.42,5672,-1,,-1,9,60,1104,,,30
2864,4,2019-06-06 00:00:00,Quantity bought 161.83 @46.34,5674,-1,,-1,9,60,1073,,,30
2865,4,2019-06-06 00:00:00,Quantity bought 351.033 @142.44,5673,-1,,-1,9,60,1082,,,30
2866,4,2019-07-05 00:00:00,Quantity bought 166.15 @45.14,5675,-1,,-1,9,60,1073,,,30
2867,4,2019-07-24 00:00:00,Quantity bought 3684.517 @27.14,5676,-1,,-1,9,60,1364,,,30
2868,4,2019-07-24 00:00:00,Quantity bought 4193.59 @20.34,5677,-1,,-1,9,60,1365,,,30
2869,4,2019-07-24 00:00:00,Quantity sold 1250.498  @ 68.22,5736,-1,,-1,9,60,715,,,30
2870,4,2019-07-24 00:00:00,"Quantity sold 11.084  @ 4,666.64",5737,-1,,-1,9,60,1057,,,30
2871,4,2019-07-24 00:00:00,"Quantity sold 23.592  @ 2,119.36",5738,-1,,-1,9,60,1059,,,30
2872,4,2019-07-24 00:00:00,"Quantity sold 24.474  @ 2,119.77",5739,-1,,-1,9,60,1059,,,30
2873,4,2019-07-25 00:00:00,Quantity bought 19659.981 @20.35,5692,-1,,-1,9,60,1365,,,30
2874,4,2019-07-26 00:00:00,Quantity bought 7358.595 @27.18,5717,-1,,-1,9,60,1364,,,30
2875,4,2019-07-31 00:00:00,Quantity bought 4596.011 @27.20,5722,-1,,-1,9,60,1364,,,30
2876,4,2019-08-05 00:00:00,Quantity bought 188.608 @39.77,5724,-1,,-1,9,60,1073,,,30
2877,4,2019-08-13 00:00:00,Quantity sold 15639.123  @ 27.30,5753,-1,,-1,9,60,1364,,,30
2878,4,2019-12-10 00:00:00,"Quantity sold 26.348  @ 3,882.79",6026,-1,,-1,9,60,1116,,,30
2879,4,2019-12-12 00:00:00,Quantity sold 8756.924  @ 46.12,5926,-1,,-1,9,60,419,,,30
2880,4,2020-02-03 00:00:00,Quantity bought 410.941 @60.84,6025,-1,,-1,9,60,1104,,,30
2881,4,2020-02-05 00:00:00,Quantity bought 172.919 @43.37,5963,-1,,-1,9,60,1073,,,30
2882,4,2020-03-02 00:00:00,Quantity bought 421.898 @59.26,6000,-1,,-1,9,60,1104,,,30
2883,4,2020-03-04 00:00:00,Quantity sold 23853.571  @ 21.42,6007,-1,,-1,9,60,1365,,,30
2884,4,2020-03-17 00:00:00,Quantity sold 1964.984  @ 47.35,6036,-1,,-1,9,60,712,,,30
2885,4,2020-03-17 00:00:00,Quantity sold 3195.017  @ 118.27,6037,-1,,-1,9,60,729,,,30
2886,4,2020-03-17 00:00:00,Quantity sold 997.546  @ 43.97,6034,-1,,-1,9,60,1071,,,30
2887,4,2020-03-17 00:00:00,Quantity sold 1984.742  @ 38.34,6054,-1,,-1,9,60,1081,,,30
2888,4,2020-03-17 00:00:00,Quantity sold 965.128  @ 109.58,6040,-1,,-1,9,60,1082,,,30
2889,4,2020-03-17 00:00:00,Quantity sold 131.608  @ 110.69,6041,-1,,-1,9,60,1082,,,30
2890,4,2020-03-25 00:00:00,Quantity sold 2149.185  @ 42.74,6113,-1,,-1,9,60,1104,,,30
2891,4,2020-06-22 00:00:00,Quantity sold 5265.491  @ 34.68,6361,-1,,-1,9,60,1073,,,30
2892,4,2020-06-22 00:00:00,Quantity sold 527.677  @ 34.33,6362,-1,,-1,9,60,1073,,,30
2893,4,2019-04-18 00:00:00,"Share Contract Note,  No.:ipo, Settlement No.:ipo",-1,977,,-1,4,50,-1,,,30
2894,4,2019-04-20 00:00:00,"Share Contract Note,  No.:ipo, Settlement No.:ipo",-1,978,,-1,4,50,-1,,,30
2895,4,2019-04-16 00:00:00,"Share Contract Note,  No.:IK2408/16443   27/APR2019/3576",-1,979,,-1,4,50,-1,,,30
2896,4,2019-04-20 00:00:00,"Short sell, position reconciled, bought quantity: 27, Sold in CN No.:IK2408/16443   27/APR2019/3576",1822,979,,-1,4,50,1120,,,30
2897,4,2019-04-15 00:00:00,"Share Contract Note,  No.:IK2408/14928   27/APR2019/3254",-1,980,,-1,4,50,-1,,,30
2898,4,2019-04-18 00:00:00,"Short sell, position reconciled, bought quantity: 17, Sold in CN No.:IK2408/14928   27/APR2019/3254",1821,980,,-1,4,50,1117,,,30
2899,4,2019-04-25 00:00:00,"Share Contract Note,  No.:36043",-1,2233,,-1,4,50,-1,,,30
2900,4,2019-04-24 00:00:00,"Share Contract Note,  No.:33875",-1,2234,,-1,4,40,-1,,,30
2901,4,2019-05-24 00:00:00,"Share Contract Note,  No.:IK2408/49287   27/MAY2019/4906",-1,2256,,-1,4,50,-1,,,30
2902,4,2019-05-27 00:00:00,"Share Contract Note,  No.:IK2408/50845   27/MAY2019/5237",-1,2260,,-1,4,50,-1,,,30
2903,4,2019-06-07 00:00:00,"Share Contract Note,  No.:103057",-1,2274,,-1,4,40,-1,,,30
2904,4,2019-06-07 00:00:00,"Share Contract Note,  No.:IK2408/62256   27/JUN2019/1083",-1,2279,,-1,4,50,-1,,,30
2905,4,2019-06-07 00:00:00,"Share Contract Note,  No.:689783",-1,2280,,-1,4,40,-1,,,30
2906,4,2019-04-09 00:00:00,"Share Contract Note,  No.:13675",-1,2339,,-1,4,40,-1,,,30
2907,4,2019-04-26 00:00:00,"Share Contract Note,  No.:38321",-1,2340,,-1,4,40,-1,,,30
2908,4,2019-10-12 00:00:00,"Share Contract Note,  No.:fpo, Settlement No.:fpo",-1,2360,,-1,4,50,-1,,,30
2909,4,2019-12-06 00:00:00,"Share Contract Note,  No.:IK2408/219569   27/DEC2019/1229",-1,2374,,-1,4,40,-1,,,30
2910,4,2019-12-04 00:00:00,"Share Contract Note,  No.:IK2408/217027   27/DEC2019/698",-1,2376,,-1,4,40,-1,,,30
2911,4,2019-12-12 00:00:00,"Share Contract Note,  No.:3503392",-1,2382,,-1,4,50,-1,,,30
2912,4,2020-01-07 00:00:00,"Share Contract Note,  No.:4068851",-1,2386,,-1,4,50,-1,,,30
2913,4,2020-02-26 00:00:00,"Share Contract Note,  No.:IK2408/290148   27/FEB2020/4855",-1,2396,,-1,4,50,-1,,,30
2914,4,2020-03-04 00:00:00,"Share Contract Note,  No.:IK2408/296291   27/MAR2020/703",-1,2404,,-1,4,50,-1,,,30
2915,4,2020-03-23 00:00:00,"Share Contract Note,  No.:IK2408/312577   27/MAR2020/4107",-1,2425,,-1,4,40,-1,,,30
2916,4,2020-03-12 00:00:00,"Share Contract Note,  No.:5786551",-1,2428,,-1,4,40,-1,,,30
2917,4,2020-02-28 00:00:00,"Share Contract Note,  No.:5431997",-1,2429,,-1,4,40,-1,,,30
2918,4,2020-03-25 00:00:00,"Share Contract Note,  No.:IK2408/314982   27/MAR2020/4630",-1,2430,,-1,4,40,-1,,,30
2919,4,2020-03-31 00:00:00,"Share Contract Note,  No.:N         /R /7371518, Settlement No.:2020064",-1,2443,,-1,4,40,-1,,,30
2920,4,2019-08-01 00:00:00,"Share Contract Note, ",-1,2454,,-1,4,50,-1,,,30
2921,4,2019-11-04 00:00:00,"Share Contract Note,  No.:IK2408/189153   27/NOV2019/509",-1,2455,,-1,4,50,-1,,,30
2922,4,2019-12-09 00:00:00,"Share Contract Note,  No.:IK2408/220739   27/DEC2019/1480",-1,2456,,-1,4,40,-1,,,30
2923,4,2019-12-05 00:00:00,"Share Contract Note,  No.:IK2408/218300   27/DEC2019/954",-1,2457,,-1,4,40,-1,,,30
2924,4,2020-04-01 00:00:00,"Share Contract Note,  No.:9437",-1,2469,,-1,4,40,-1,,,30
2925,4,2020-04-01 00:00:00,"Share Contract Note,  No.:N         /R /35444, Settlement No.:2020065",-1,2480,,-1,4,40,-1,,,30
2926,4,2020-04-09 00:00:00,"Share Contract Note,  No.:IK2408/6427   27/APR2020/1445",-1,2488,,-1,4,40,-1,,,30
2927,4,2020-04-23 00:00:00,"Share Contract Note,  No.:867267",-1,2497,,-1,4,50,-1,,,30
2928,4,2020-04-20 00:00:00,"Share Contract Note,  No.:N         /R /468464, Settlement No.:2020074",-1,2501,,-1,4,40,-1,,,30
2929,4,2020-04-24 00:00:00,"Share Contract Note,  No.:IK2408/19996   27/APR2020/4382",-1,2505,,-1,4,40,-1,,,30
2930,4,2020-04-24 00:00:00,"Share Contract Note,  No.:N         /R /662218, Settlement No.:2020078",-1,2506,,-1,4,40,-1,,,30
2931,4,2020-04-24 00:00:00,"Share Contract Note,  No.:943160",-1,2507,,-1,4,50,-1,,,30
2932,4,2020-04-29 00:00:00,"Share Contract Note,  No.:1169472",-1,2516,,-1,4,40,-1,,,30
2933,4,2020-05-19 00:00:00,"Share Contract Note,  No.:2229580",-1,2523,,-1,4,50,-1,,,30
2934,4,2020-05-04 00:00:00,"Share Contract Note,  No.:1359000",-1,2524,,-1,4,50,-1,,,30
2935,4,2020-06-01 00:00:00,"Share Contract Note,  No.:2875044",-1,2528,,-1,4,40,-1,,,30
2936,4,2020-06-03 00:00:00,"Share Contract Note,  No.:3059730",-1,2530,,-1,4,40,-1,,,30
2937,4,2020-06-02 00:00:00,"Share Contract Note,  No.:2965001",-1,2531,,-1,4,40,-1,,,30
2938,4,2020-06-09 00:00:00,"Share Contract Note,  No.:3465753",-1,2539,,-1,4,40,-1,,,30
2939,4,2020-06-12 00:00:00,"Share Contract Note,  No.:3742891",-1,2545,,-1,4,40,-1,,,30
2940,4,2020-06-15 00:00:00,"Share Contract Note,  No.:3830633",-1,2549,,-1,4,40,-1,,,30
2941,4,2020-06-16 00:00:00,"Share Contract Note,  No.:3917251",-1,2551,,-1,4,40,-1,,,30
2942,4,2020-06-17 00:00:00,"Share Contract Note,  No.:4005236",-1,2553,,-1,4,40,-1,,,30
2943,4,2020-06-19 00:00:00,"Share Contract Note,  No.:4169863",-1,2556,,-1,4,40,-1,,,30
2944,4,2020-06-22 00:00:00,"Share Contract Note,  No.:4271021",-1,2560,,-1,4,40,-1,,,30
2945,4,2020-06-23 00:00:00,"Share Contract Note,  No.:4388899",-1,2562,,-1,4,40,-1,,,30
2946,4,2020-06-24 00:00:00,"Share Contract Note,  No.:4495494",-1,2563,,-1,4,40,-1,,,30
2947,4,2020-06-25 00:00:00,"Share Contract Note,  No.:4607109",-1,2565,,-1,4,40,-1,,,30
2948,4,2020-06-26 00:00:00,"Share Contract Note,  No.:4699350",-1,2570,,-1,4,40,-1,,,30
2949,4,2020-06-30 00:00:00,"Share Contract Note,  No.:4890780",-1,2575,,-1,4,40,-1,,,30
2950,4,2020-07-01 00:00:00,"Share Contract Note,  No.:4978167",-1,2576,,-1,4,40,-1,,,30
2951,4,2020-07-02 00:00:00,"Share Contract Note,  No.:5067259",-1,2579,,-1,4,40,-1,,,30
2952,4,2020-07-09 00:00:00,"Share Contract Note,  No.:5599378",-1,2583,,-1,4,40,-1,,,30
2953,4,2020-07-21 00:00:00,"Share Contract Note,  No.:6397160",-1,2604,,-1,4,40,-1,,,30
2954,4,2020-07-22 00:00:00,"Share Contract Note,  No.:6520326",-1,2609,,-1,4,50,-1,,,30
2955,4,2020-07-23 00:00:00,"Share Contract Note,  No.:6640529",-1,2611,,-1,4,40,-1,,,30
2956,4,2020-07-27 00:00:00,"Share Contract Note,  No.:6854234",-1,2620,,-1,4,40,-1,,,30
2957,4,2020-08-13 00:00:00,"Share Contract Note,  No.:8233583",-1,2623,,-1,4,40,-1,,,30
2958,4,2020-08-17 00:00:00,"Share Contract Note,  No.:8473427",-1,2628,,-1,4,40,-1,,,30
2959,4,2020-07-24 00:00:00,"Share Contract Note,  No.:6746143",-1,2629,,-1,4,40,-1,,,30
2960,4,2020-08-18 00:00:00,"Share Contract Note,  No.:8576536",-1,2630,,-1,4,40,-1,,,30
2961,4,2020-08-24 00:00:00,"Share Contract Note,  No.:9047631",-1,2642,,-1,4,40,-1,,,30
2962,4,2020-08-25 00:00:00,"Share Contract Note,  No.:9165390",-1,2651,,-1,4,40,-1,,,30
2963,4,2020-08-28 00:00:00,"Share Contract Note,  No.:9505541",-1,2655,,-1,4,40,-1,,,30
2964,4,2020-08-27 00:00:00,"Share Contract Note,  No.:9390295",-1,2656,,-1,4,40,-1,,,30
2965,4,2020-08-26 00:00:00,"Share Contract Note,  No.:9276517",-1,2657,,-1,4,40,-1,,,30
2966,4,2020-08-31 00:00:00,"Share Contract Note,  No.:9633725",-1,2659,,-1,4,40,-1,,,30
2967,4,2020-11-11 00:00:00,"Share Contract Note,  No.:14359998",-1,2713,,-1,4,40,-1,,,30
2968,4,2020-11-13 00:00:00,"Share Contract Note,  No.:14543398",-1,2714,,-1,4,40,-1,,,30
2969,4,2020-11-20 00:00:00,"Share Contract Note,  No.:15092763",-1,2715,,-1,4,40,-1,,,30
2970,4,2020-11-19 00:00:00,"Share Contract Note,  No.:14987365",-1,2716,,-1,4,40,-1,,,30
2971,4,2020-12-07 00:00:00,"Share Contract Note,  No.:16174082",-1,2733,,-1,4,40,-1,,,30
2972,4,2020-12-10 00:00:00,"Share Contract Note,  No.:16532226",-1,2736,,-1,4,40,-1,,,30
2973,4,2021-01-06 00:00:00,"Share Contract Note,  No.:18568171",-1,2743,,-1,4,40,-1,,,30
2974,4,2021-04-01 00:00:00,"Share Contract Note,  No.:5231",-1,2770,,-1,4,50,-1,,,30
2975,4,2021-04-23 00:00:00,"Share Contract Note,  No.:IK2408/21055   27/APR2021/4187",-1,2798,,-1,4,40,-1,,,30
2976,4,2021-05-12 00:00:00,"Share Contract Note,  No.:IK2408/43047   27/MAY2021/2710",-1,2833,,-1,4,50,-1,,,30
2977,4,2021-07-28 00:00:00,"Share Contract Note,  No.:IK2408/140407   27/JUL2021/6416",-1,2871,,-1,4,50,-1,,,30
2978,4,2021-09-15 00:00:00,"Share Contract Note,  No.:COMBINED/205322",-1,2889,,-1,4,50,-1,,,30
2979,4,2021-05-04 00:00:00,"Share Contract Note,  No.:IK2408/32367   27/MAY2021/586",-1,2948,,-1,4,40,-1,,,30
2980,4,2021-09-30 00:00:00,"Share Contract Note,  No.:COMBINED/225480",-1,2953,,-1,4,50,-1,,,30
2981,4,2021-10-28 00:00:00,"Share Contract Note,  No.:COMBINED/261545",-1,2957,,-1,4,50,-1,,,30
2982,4,2022-03-21 00:00:00,"Share Contract Note,  No.:redemption, Settlement No.:redemption",-1,3025,,-1,4,50,-1,,,30
2983,4,2022-05-11 00:00:00,"Share Contract Note,  No.:0010024",-1,3118,,-1,4,50,-1,,,30
2984,4,2022-05-12 00:00:00,"Share Contract Note,  No.:0010837",-1,3120,,-1,4,50,-1,,,30
2985,4,2022-05-13 00:00:00,"Share Contract Note,  No.:0011683",-1,3121,,-1,4,50,-1,,,30
2986,4,2022-05-18 00:00:00,"Share Contract Note,  No.:0014057",-1,3126,,-1,4,50,-1,,,30
2987,4,2022-05-19 00:00:00,"Share Contract Note,  No.:0014926",-1,3127,,-1,4,50,-1,,,30
2988,4,2022-05-19 00:00:00,"Share Contract Note,  No.:COMBINED/50812",-1,3128,,-1,4,50,-1,,,30
2989,4,2022-05-17 00:00:00,"Share Contract Note,  No.:0013206",-1,3129,,-1,4,50,-1,,,30
2990,4,2022-05-23 00:00:00,"Share Contract Note,  No.:0016683",-1,3133,,-1,4,50,-1,,,30
2991,4,2022-05-25 00:00:00,"Share Contract Note,  No.:0018616",-1,3137,,-1,4,50,-1,,,30
2992,4,2022-05-27 00:00:00,"Share Contract Note,  No.:0020732",-1,3142,,-1,4,50,-1,,,30
2993,4,2022-06-01 00:00:00,"Share Contract Note,  No.:0023965",-1,3150,,-1,4,50,-1,,,30
2994,4,2022-06-03 00:00:00,"Share Contract Note,  No.:0026497",-1,3153,,-1,4,50,-1,,,30
2995,4,2022-06-13 00:00:00,"Share Contract Note,  No.:0034971",-1,3163,,-1,4,50,-1,,,30
2996,4,2022-06-14 00:00:00,"Share Contract Note,  No.:0036577",-1,3166,,-1,4,50,-1,,,30
2997,4,2022-06-15 00:00:00,"Share Contract Note,  No.:0038055",-1,3168,,-1,4,50,-1,,,30
2998,4,2022-06-16 00:00:00,"Share Contract Note,  No.:0039572",-1,3173,,-1,4,50,-1,,,30
2999,4,2022-06-20 00:00:00,"Share Contract Note,  No.:0042913",-1,3176,,-1,4,50,-1,,,30
3000,4,2022-06-23 00:00:00,"Share Contract Note,  No.:0048122",-1,3181,,-1,4,40,-1,,,30
3001,4,2022-06-24 00:00:00,"Share Contract Note,  No.:0050154",-1,3184,,-1,4,40,-1,,,30
3002,4,2022-06-29 00:00:00,"Share Contract Note,  No.:0056585",-1,3190,,-1,4,50,-1,,,30
3003,4,2022-07-04 00:00:00,"Share Contract Note,  No.:0064082",-1,3197,,-1,4,50,-1,,,30
3004,4,2022-07-05 00:00:00,"Share Contract Note,  No.:0066767",-1,3201,,-1,4,50,-1,,,30
3005,4,2022-08-04 00:00:00,"Share Contract Note,  No.:0149963",-1,3243,,-1,4,50,-1,,,30
3006,4,2022-08-05 00:00:00,"Share Contract Note,  No.:0155602",-1,3245,,-1,4,50,-1,,,30
3007,4,2022-08-08 00:00:00,"Share Contract Note,  No.:0160613",-1,3250,,-1,4,50,-1,,,30
3008,4,2022-08-10 00:00:00,"Share Contract Note,  No.:0166022",-1,3253,,-1,4,50,-1,,,30
3009,4,2022-08-22 00:00:00,"Share Contract Note,  No.:0207830",-1,3267,,-1,4,50,-1,,,30
3010,4,2022-09-07 00:00:00,"Share Contract Note,  No.:0286178",-1,3288,,-1,4,50,-1,,,30
3011,4,2022-09-08 00:00:00,"Share Contract Note,  No.:0294168",-1,3291,,-1,4,50,-1,,,30
3012,4,2022-09-15 00:00:00,"Share Contract Note,  No.:0336702",-1,3301,,-1,4,50,-1,,,30
3013,4,2022-09-16 00:00:00,"Share Contract Note,  No.:0346415",-1,3306,,-1,4,50,-1,,,30
3014,4,2022-09-19 00:00:00,"Share Contract Note,  No.:0354663",-1,3308,,-1,4,50,-1,,,30
3015,4,2022-09-20 00:00:00,"Share Contract Note,  No.:0362971",-1,3310,,-1,4,50,-1,,,30
3016,4,2022-09-26 00:00:00,"Share Contract Note,  No.:0401848",-1,3318,,-1,4,50,-1,,,30
3017,4,2022-10-11 00:00:00,"Share Contract Note,  No.:0514011",-1,3346,,-1,4,50,-1,,,30
3018,4,2022-11-01 00:00:00,"Share Contract Note,  No.:0714560",-1,3361,,-1,4,50,-1,,,30
3019,4,2022-11-01 00:00:00,"Share Contract Note,  No.:COMBINED/221645",-1,3363,,-1,4,40,-1,,,30
3020,4,2023-04-03 00:00:00,"Share Contract Note,  No.:0011063",-1,3482,,-1,4,40,-1,,,30
3021,4,2022-08-23 00:00:00,"Share Contract Note,  No.:0214152",-1,3483,,-1,4,50,-1,,,30
3022,4,2022-06-07 00:00:00,"Share Contract Note,  No.:0029107",-1,3484,,-1,4,50,-1,,,30
3023,4,2023-04-13 00:00:00,"Share Contract Note,  No.:COMBINED/8239",-1,3499,,-1,4,40,-1,,,30
3024,4,2023-04-19 00:00:00,"Share Contract Note,  No.:COMBINED/12142",-1,3507,,-1,4,40,-1,,,30
3025,4,2023-06-19 00:00:00,"Share Contract Note,  No.:1726296",-1,3579,,-1,4,50,-1,,,30
3026,4,2023-12-04 00:00:00,"Share Contract Note,  No.:redemption, Settlement No.:redemption",-1,3753,,-1,4,50,-1,,,30
3027,4,2023-12-06 00:00:00,"Share Contract Note,  No.:7210698",-1,3757,,-1,4,50,-1,,,30
3028,4,2023-12-14 00:00:00,"Share Contract Note,  No.:7563793",-1,3760,,-1,4,50,-1,,,30
3029,4,2023-12-20 00:00:00,"Share Contract Note,  No.:7803291",-1,3761,,-1,4,50,-1,,,30
3030,4,2024-01-12 00:00:00,"Share Contract Note,  No.:8779494",-1,3767,,-1,4,50,-1,,,30
3031,4,2024-01-15 00:00:00,"Share Contract Note,  No.:8841672",-1,3770,,-1,4,50,-1,,,30
3032,4,2024-01-29 00:00:00,"Share Contract Note,  No.:9420493",-1,3787,,-1,4,50,-1,,,30
3033,4,2024-01-30 00:00:00,"Share Contract Note,  No.:9487053",-1,3791,,-1,4,50,-1,,,30
3034,4,2024-02-05 00:00:00,"Share Contract Note,  No.:9757427",-1,3794,,-1,4,50,-1,,,30
3035,4,2024-02-15 00:00:00,"Share Contract Note,  No.:00010234387",-1,3807,,-1,4,50,-1,,,30
3036,4,2024-02-16 00:00:00,"Share Contract Note,  No.:00010297704",-1,3808,,-1,4,50,-1,,,30
3037,4,2024-02-23 00:00:00,"Share Contract Note,  No.:00010624404",-1,3814,,-1,4,50,-1,,,30
3038,4,2024-02-26 00:00:00,"Share Contract Note,  No.:00010688150",-1,3819,,-1,4,50,-1,,,30
3039,4,2024-02-29 00:00:00,"Share Contract Note,  No.:00010886304",-1,3820,,-1,4,50,-1,,,30
3040,4,2024-03-13 00:00:00,"Share Contract Note,  No.:00011429738",-1,3835,,-1,4,50,-1,,,30
3041,4,2024-03-20 00:00:00,"Share Contract Note,  No.:00011737488",-1,3849,,-1,4,50,-1,,,30
3042,4,2024-03-21 00:00:00,"Share Contract Note,  No.:00011800006",-1,3850,,-1,4,50,-1,,,30
3043,4,2024-03-22 00:00:00,"Share Contract Note,  No.:00011859313",-1,3851,,-1,4,50,-1,,,30
3044,4,2024-03-26 00:00:00,"Share Contract Note,  No.:00011918319",-1,3856,,-1,4,50,-1,,,30
3045,4,2024-04-23 00:00:00,"Share Contract Note,  No.:COMBINED/20692",-1,3879,,-1,4,50,-1,,,30
3046,4,2024-05-08 00:00:00,"Share Contract Note,  No.:COMBINED/36257",-1,3889,,-1,4,50,-1,,,30
3047,4,2024-06-12 00:00:00,"Share Contract Note,  No.:00003078721",-1,3910,,-1,4,50,-1,,,30
3048,4,2024-07-12 00:00:00,"Share Contract Note,  No.:00004464926",-1,3936,,-1,4,50,-1,,,30
3049,4,2024-07-12 00:00:00,"Share Contract Note,  No.:COMBINED/109291",-1,3938,,-1,4,50,-1,,,30
3050,4,2023-04-10 00:00:00,"Share Contract Note, ",-1,3962,,-1,4,50,-1,,,30
3051,4,2024-08-29 00:00:00,"Share Contract Note, ",-1,3988,,-1,4,50,-1,,,30
3052,4,2024-10-09 00:00:00,"Share Contract Note,  No.:00008240347",-1,4000,,-1,4,50,-1,,,30
3053,4,2024-10-10 00:00:00,"Share Contract Note,  No.:00008298978",-1,4002,,-1,4,50,-1,,,30
3054,4,2024-10-11 00:00:00,"Share Contract Note,  No.:00008353647",-1,4005,,-1,4,50,-1,,,30
3055,4,2024-10-14 00:00:00,"Share Contract Note,  No.:00008406418",-1,4009,,-1,4,50,-1,,,30
3056,4,2025-03-21 00:00:00,"Share Contract Note,  No.:00013361068:Mar 21 2025",-1,4075,,-1,4,50,-1,,,30
3057,4,2025-09-29 00:00:00,"Share Contract Note,  No.:COMBINED/137858:29-09-2025",-1,4131,,-1,4,50,-1,,,30
3058,4,2025-09-29 00:00:00,"Share Contract Note,  No.:00004583307:Sep 29 2025",-1,4133,,-1,4,50,-1,,,30
3059,4,2025-12-30 00:00:00,"Share Contract Note,  No.:00006767911:Dec 30 2025",-1,4162,,-1,4,50,-1,,,30
3060,4,2026-03-24 00:00:00,"Share Contract Note,  No.:00008746244:Mar 24 2026",-1,4198,,-1,4,50,-1,,,30
3061,4,2026-05-13 00:00:00,"Share Contract Note,  No.:00000868155:May 13 2026",-1,4214,,-1,4,50,-1,,,30
3062,4,2019-04-25 00:00:00,"F and O Contract Note,  No.:IK2408/23506   27/APR2019/5098 Profit/Loss:-1,03,302.36, Less STT:0.00, Less other Charges:0.00",-1,2232,,-1,7,81,-1,,,30
3063,4,2019-05-27 00:00:00,"Short sell, position reconciled, bought quantity: 26000, Sold in CN No.:IK2408/23506   27/APR2019/5098",5624,2232,,-1,7,81,1112,,,30
3064,4,2019-05-27 00:00:00,"Short sell, position reconciled, bought quantity: 1000, Sold in CN No.:IK2408/30363   27/MAY2019/817",5624,2239,,-1,7,81,1112,,,30
3065,4,2019-05-08 00:00:00,"F and O Contract Note,  No.:IK2408/32937   27/MAY2019/1383 Profit/Loss:-17.93, Less STT:0.00, Less other Charges:0.00",-1,2240,,-1,7,81,-1,,,30
3066,4,2019-05-27 00:00:00,"Short sell, position reconciled, bought quantity: 33000, Sold in CN No.:IK2408/32937   27/MAY2019/1383",5624,2240,,-1,7,81,1112,,,30
3067,4,2019-05-27 00:00:00,"Short sell, position reconciled, bought quantity: 4000, Sold in CN No.:IK2408/34302   27/MAY2019/1692",5624,2241,,-1,7,81,1112,,,30
3068,4,2019-05-20 00:00:00,"F and O Contract Note,  No.:IK2408/43413   27/MAY2019/3676 Profit/Loss:30,477.09, Less STT:0.00, Less other Charges:0.00",-1,2248,,-1,7,81,-1,,,30
3069,4,2019-05-23 00:00:00,"F and O Contract Note,  No.:IK2408/47737   27/MAY2019/4599 Profit/Loss:36,176.94, Less STT:0.00, Less other Charges:0.00",-1,2249,,-1,7,81,-1,,,30
3070,4,2019-05-08 00:00:00,"Short sell, position reconciled, bought quantity: 5000, Sold in CN No.:IK2408/12161   27/APR2019/2656",5593,2252,,-1,7,81,1112,,,30
3071,4,2019-05-27 00:00:00,"Short sell, position reconciled, bought quantity: 9000, Sold in CN No.:IK2408/12161   27/APR2019/2656",5624,2252,,-1,7,81,1112,,,30
3072,4,2019-04-11 00:00:00,"Short sell, position reconciled, bought quantity: 14000, Sold in CN No.:opening",5612,2253,,-1,7,81,1111,,,30
3073,4,2019-04-25 00:00:00,"Short sell, position reconciled, bought quantity: 26000, Sold in CN No.:opening",5575,2253,,-1,7,81,1111,,,30
3074,4,2019-05-30 00:00:00,"Short sell, position reconciled, bought quantity: 73000, Sold in CN No.:IK2408/50845   27/MAY2019/5237",5643,2262,,-1,7,81,1351,,,30
3075,4,2019-05-28 00:00:00,"F and O Contract Note,  No.:IK2408/52405   27/MAY2019/5571 Profit/Loss:13,104.05, Less STT:0.00, Less other Charges:0.00",-1,2263,,-1,7,81,-1,,,30
3076,4,2019-05-30 00:00:00,"Short sell, position reconciled, bought quantity: 2000, Sold in CN No.:IK2408/52405   27/MAY2019/5571",5643,2263,,-1,7,81,1351,,,30
3077,4,2019-05-29 00:00:00,"F and O Contract Note,  No.:IK2408/53843   27/MAY2019/5879 Profit/Loss:2,23,660.19, Less STT:0.00, Less other Charges:0.00",-1,2264,,-1,7,81,-1,,,30
3078,4,2019-05-30 00:00:00,"Short sell, position reconciled, bought quantity: 2000, Sold in CN No.:IK2408/53843   27/MAY2019/5879",5643,2264,,-1,7,81,1351,,,30
3079,4,2019-05-24 00:00:00,"F and O Contract Note,  No.:IK2408/49287   27/MAY2019/4906 Profit/Loss:22,999.29, Less STT:0.00, Less other Charges:0.00",-1,2265,,-1,7,81,-1,,,30
3080,4,2019-07-05 00:00:00,"Short sell, position reconciled, bought quantity: 20000, Sold in CN No.:IK2408/55323   27/MAY2019/6214",5699,2269,,-1,7,81,1357,,,30
3081,4,2019-07-11 00:00:00,"Short sell, position reconciled, bought quantity: 20000, Sold in CN No.:IK2408/55323   27/MAY2019/6214",5702,2269,,-1,7,81,1357,,,30
3082,4,2019-07-25 00:00:00,"Short sell, position reconciled, bought quantity: 1000, Sold in CN No.:IK2408/55323   27/MAY2019/6214",5697,2269,,-1,7,81,1357,,,30
3083,4,2019-07-26 00:00:00,"Short sell, position reconciled, bought quantity: 36000, Sold in CN No.:IK2408/55323   27/MAY2019/6214",5719,2269,,-1,7,81,1357,,,30
3084,4,2019-06-06 00:00:00,"F and O Contract Note,  No.:IK2408/60926   27/JUN2019/793 Profit/Loss:55,555.22, Less STT:0.00, Less other Charges:0.00",-1,2270,,-1,7,81,-1,,,30
3085,4,2019-06-11 00:00:00,"Short sell, position reconciled, bought quantity: 2000, Sold in CN No.:IK2408/60926   27/JUN2019/793",5656,2270,,-1,7,81,1351,,,30
3086,4,2019-07-26 00:00:00,"Short sell, position reconciled, bought quantity: 2000, Sold in CN No.:IK2408/62256   27/JUN2019/1083",5719,2275,,-1,7,81,1357,,,30
3087,4,2019-07-26 00:00:00,"Short sell, position reconciled, bought quantity: 3000, Sold in CN No.:IK2408/63543   27/JUN2019/1352",5719,2276,,-1,7,81,1357,,,30
3088,4,2019-07-26 00:00:00,"Short sell, position reconciled, bought quantity: 2000, Sold in CN No.:IK2408/64874   27/JUN2019/1630",5719,2278,,-1,7,81,1357,,,30
3089,4,2019-06-20 00:00:00,"F and O Contract Note,  No.:IK2408/74061   27/JUN2019/3587 Profit/Loss:1,29,911.64, Less STT:0.00, Less other Charges:0.00",-1,2284,,-1,7,81,-1,,,30
3090,4,2019-07-26 00:00:00,"Short sell, position reconciled, bought quantity: 3000, Sold in CN No.:IK2408/74061   27/JUN2019/3587",5719,2284,,-1,7,81,1357,,,30
3091,4,2019-08-22 00:00:00,"Short sell, position reconciled, bought quantity: 1000, Sold in CN No.:IK2408/105644   27/JUL2019/5008",5771,2289,,-1,7,81,1374,,,30
3092,4,2019-07-05 00:00:00,"F and O Contract Note,  No.:IK2408/88232   27/JUL2019/1251 Profit/Loss:71,498.71, Less STT:0.00, Less other Charges:0.00",-1,2290,,-1,7,81,-1,,,30
3093,4,2019-08-05 00:00:00,"Short sell, position reconciled, bought quantity: 20000, Sold in CN No.:IK2408/88232   27/JUL2019/1251",5773,2290,,-1,7,81,1374,,,30
3094,4,2019-08-05 00:00:00,"Short sell, position reconciled, bought quantity: 3000, Sold in CN No.:IK2408/93293   27/JUL2019/2342",5773,2291,,-1,7,81,1374,,,30
3095,4,2019-08-22 00:00:00,"Short sell, position reconciled, bought quantity: 17000, Sold in CN No.:IK2408/93293   27/JUL2019/2342",5771,2291,,-1,7,81,1374,,,30
3096,4,2019-07-01 00:00:00,"F and O Contract Note,  No.:IK2408/83229   27/JUL2019/200 Profit/Loss:4,345.00, Less STT:0.00, Less other Charges:0.00",-1,2292,,-1,7,81,-1,,,30
3097,4,2019-06-26 00:00:00,"F and O Contract Note,  No.:IK2408/79299   27/JUN2019/4711 Profit/Loss:52,046.06, Less STT:0.00, Less other Charges:0.00",-1,2293,,-1,7,81,-1,,,30
3098,4,2019-06-27 00:00:00,"F and O Contract Note,  No.:IK2408/80743   27/JUN2019/5036 Profit/Loss:7,421.15, Less STT:0.00, Less other Charges:0.00",-1,2294,,-1,7,81,-1,,,30
3099,4,2019-06-24 00:00:00,"F and O Contract Note,  No.:IK2408/76657   27/JUN2019/4144 Profit/Loss:42,595.27, Less STT:0.00, Less other Charges:0.00",-1,2295,,-1,7,81,-1,,,30
3100,4,2019-07-26 00:00:00,"Short sell, position reconciled, bought quantity: 2000, Sold in CN No.:IK2408/76657   27/JUN2019/4144",5719,2295,,-1,7,81,1357,,,30
3101,4,2019-08-22 00:00:00,"Short sell, position reconciled, bought quantity: 48000, Sold in CN No.:IK2408/106884   27/JUL2019/5273",5771,2299,,-1,7,81,1374,,,30
3102,4,2019-08-28 00:00:00,"Short sell, position reconciled, bought quantity: 66000, Sold in CN No.:IK2408/128096   27/AUG2019/3814",5779,2305,,-1,7,81,1383,,,30
3103,4,2019-08-28 00:00:00,"Short sell, position reconciled, bought quantity: 23000, Sold in CN No.:IK2408/114391   27/AUG2019/800",5779,2306,,-1,7,81,1383,,,30
3104,4,2019-09-11 00:00:00,"Short sell, position reconciled, bought quantity: 5000, Sold in CN No.:IK2408/133330   27/AUG2019/4994",5850,2309,,-1,7,81,1386,,,30
3105,4,2019-09-20 00:00:00,"Short sell, position reconciled, bought quantity: 5000, Sold in CN No.:IK2408/133330   27/AUG2019/4994",5853,2309,,-1,7,81,1386,,,30
3106,4,2019-10-09 00:00:00,"Short sell, position reconciled, bought quantity: 5000, Sold in CN No.:IK2408/133330   27/AUG2019/4994",5871,2309,,-1,7,81,1386,,,30
3107,4,2019-10-29 00:00:00,"Short sell, position reconciled, bought quantity: 74000, Sold in CN No.:IK2408/133330   27/AUG2019/4994",5869,2309,,-1,7,81,1386,,,30
3108,4,2019-10-29 00:00:00,"Short sell, position reconciled, bought quantity: 2000, Sold in CN No.:IK2408/139561   27/SEP2019/744",5869,2341,,-1,7,81,1386,,,30
3109,4,2019-09-11 00:00:00,"F and O Contract Note,  No.:IK2408/143318   27/SEP2019/1570 Profit/Loss:9,663.56, Less STT:0.00, Less other Charges:0.00",-1,2345,,-1,7,81,-1,,,30
3110,4,2019-09-13 00:00:00,"F and O Contract Note,  No.:IK2408/145956   27/SEP2019/2155 Profit/Loss:5,901.64, Less STT:0.00, Less other Charges:0.00",-1,2346,,-1,7,81,-1,,,30
3111,4,2019-10-29 00:00:00,"F and O Contract Note,  No.:IK2408/183534   27/OCT2019/4696 Profit/Loss:12,012.61, Less STT:0.00, Less other Charges:0.00",-1,2355,,-1,7,81,-1,,,30
3112,4,2019-10-09 00:00:00,"F and O Contract Note,  No.:IK2408/167408   27/OCT2019/1347 Profit/Loss:839.20, Less STT:0.00, Less other Charges:0.00",-1,2356,,-1,7,81,-1,,,30
3113,4,2020-01-20 00:00:00,"Short sell, position reconciled, bought quantity: 75000, Sold in CN No.:IK2408/211916   27/NOV2019/5138",5955,2373,,-1,7,81,1406,,,30
3114,4,2020-01-20 00:00:00,"Short sell, position reconciled, bought quantity: 16000, Sold in CN No.:IK2408/220739   27/DEC2019/1480",5955,2377,,-1,7,81,1406,,,30
3115,4,2020-02-10 00:00:00,"Short sell, position reconciled, bought quantity: 40000, Sold in CN No.:IK2408/256014   27/JAN2020/3709",5966,2390,,-1,7,81,1414,,,30
3116,4,2020-02-25 00:00:00,"Short sell, position reconciled, bought quantity: 51000, Sold in CN No.:IK2408/256014   27/JAN2020/3709",5969,2390,,-1,7,81,1414,,,30
3117,4,2020-03-23 00:00:00,"Short sell, position reconciled, bought quantity: 5000, Sold in CN No.:IK2408/276386   27/FEB2020/1896",6095,2393,,-1,7,81,1416,,,30
3118,4,2020-03-27 00:00:00,"Short sell, position reconciled, bought quantity: 35000, Sold in CN No.:IK2408/276386   27/FEB2020/1896",6101,2393,,-1,7,81,1416,,,30
3119,4,2020-03-26 00:00:00,"Short sell, position reconciled, bought quantity: 51000, Sold in CN No.:IK2408/288923   27/FEB2020/4597",6092,2394,,-1,7,81,1418,,,30
3120,4,2020-03-27 00:00:00,"Short sell, position reconciled, bought quantity: 5000, Sold in CN No.:IK2408/288923   27/FEB2020/4597",6103,2394,,-1,7,81,1419,,,30
3121,4,2020-03-27 00:00:00,"Short sell, position reconciled, bought quantity: 5000, Sold in CN No.:IK2408/290148   27/FEB2020/4855",6103,2395,,-1,7,81,1419,,,30
3122,4,2020-03-27 00:00:00,"Short sell, position reconciled, bought quantity: 30000, Sold in CN No.:IK2408/304193   27/MAR2020/2359",6101,2413,,-1,7,81,1416,,,30
3123,4,2020-03-27 00:00:00,"Short sell, position reconciled, bought quantity: 51000, Sold in CN No.:IK2408/316355   27/MAR2020/4941",6101,2433,,-1,7,81,1416,,,30
3124,4,2020-03-31 00:00:00,"Short sell, position reconciled, bought quantity: 122000, Sold in CN No.:IK2408/317722   27/MAR2020/5261",6122,2439,,-1,7,81,1416,,,30
3125,4,2020-03-31 00:00:00,"Short sell, position reconciled, bought quantity: 30000, Sold in CN No.:IK2408/318963   27/MAR2020/5531",6122,2441,,-1,7,81,1416,,,30
3126,4,2020-03-31 00:00:00,"Short sell, position reconciled, bought quantity: 2000, Sold in CN No.:IK2408/318963   27/MAR2020/5531",6126,2441,,-1,7,81,1468,,,30
3127,4,2020-03-31 00:00:00,"F and O Contract Note,  No.:closing, Settlement No.:closing Profit/Loss:20,852.56, Less STT:0.00, Less other Charges:0.00",-1,2445,,-1,7,81,-1,,,30
3128,4,2020-04-03 00:00:00,"Short sell, position reconciled, bought quantity: 80000, Sold in CN No.:opening, Settlement No.:opening",6165,2446,,-1,7,81,1416,,,30
3129,4,2020-04-13 00:00:00,"Short sell, position reconciled, bought quantity: 72000, Sold in CN No.:opening, Settlement No.:opening",6193,2446,,-1,7,81,1416,,,30
3130,4,2020-04-23 00:00:00,"Short sell, position reconciled, bought quantity: 2000, Sold in CN No.:opening, Settlement No.:opening",6229,2446,,-1,7,81,1468,,,30
3131,4,2019-11-28 00:00:00,"Short sell, position reconciled, bought quantity: 75000, Sold in CN No.:IK2408/210509   27/NOV2019/4868",5911,2459,,-1,7,81,1404,,,30
3132,4,2019-12-09 00:00:00,"Short sell, position reconciled, bought quantity: 16000, Sold in CN No.:IK2408/210509   27/NOV2019/4868",5917,2459,,-1,7,81,1404,,,30
3133,4,2020-04-13 00:00:00,"F and O Contract Note,  No.:IK2408/7849   27/APR2020/1757 Profit/Loss:27,784.59, Less STT:0.00, Less other Charges:0.00",-1,2490,,-1,7,81,-1,,,30
3134,4,2020-04-23 00:00:00,"Short sell, position reconciled, bought quantity: 4000, Sold in CN No.:IK2408/9355   27/APR2020/2102",6229,2511,,-1,7,81,1468,,,30
3135,4,2020-04-17 00:00:00,"F and O Contract Note,  No.:IK2408/12403   27/APR2020/2753 Profit/Loss:-6.69, Less STT:0.00, Less other Charges:0.00",-1,2512,,-1,7,81,-1,,,30
3136,4,2020-06-26 00:00:00,"Short sell, position reconciled, bought quantity: 6000, Sold in CN No.:IK2408/62210   27/JUN2020/1653",6509,2534,,-1,7,81,1504,,,30
3137,4,2020-07-28 00:00:00,"Short sell, position reconciled, bought quantity: 6000, Sold in CN No.:IK2408/89110   27/JUN2020/7170",6474,2572,,-1,7,81,1527,,,30
3138,4,2020-08-27 00:00:00,"Short sell, position reconciled, bought quantity: 5000, Sold in CN No.:IK2408/117425   27/JUL2020/5635",6514,2605,,-1,7,81,1537,,,30
3139,4,2020-08-27 00:00:00,"Short sell, position reconciled, bought quantity: 6000, Sold in CN No.:IK2408/124025   27/JUL2020/7041",6514,2617,,-1,7,81,1537,,,30
3140,4,2020-09-28 00:00:00,"Short sell, position reconciled, bought quantity: 11000, Sold in CN No.:IK2408/160584   27/AUG2020/6550",6540,2648,,-1,7,81,1546,,,30
3141,4,2020-10-27 00:00:00,"Short sell, position reconciled, bought quantity: 11000, Sold in CN No.:IK2408/193177   27/SEP2020/5938",6601,2670,,-1,7,81,1553,,,30
3142,4,2020-10-27 00:00:00,"Short sell, position reconciled, bought quantity: 2000, Sold in CN No.:IK2408/216374   27/OCT2020/4358",6602,2698,,-1,7,81,1565,,,30
3143,4,2020-11-25 00:00:00,"Short sell, position reconciled, bought quantity: 11000, Sold in CN No.:IK2408/220494   27/OCT2020/5264",6637,2705,,-1,7,81,1570,,,30
3144,4,2020-11-25 00:00:00,"Short sell, position reconciled, bought quantity: 2000, Sold in CN No.:IK2408/220494   27/OCT2020/5264",6638,2705,,-1,7,81,1571,,,30
3145,4,2020-11-25 00:00:00,"Short sell, position reconciled, bought quantity: 1000, Sold in CN No.:IK2408/247318   27/NOV2020/4664",6638,2719,,-1,7,81,1571,,,30
3146,4,2020-12-29 00:00:00,"Short sell, position reconciled, bought quantity: 11000, Sold in CN No.:IK2408/250426   27/NOV2020/5343",6753,2727,,-1,7,81,1577,,,30
3147,4,2020-12-29 00:00:00,"Short sell, position reconciled, bought quantity: 3000, Sold in CN No.:IK2408/250426   27/NOV2020/5343",6754,2727,,-1,7,81,1578,,,30
3148,4,2021-03-26 00:00:00,"Short sell, position reconciled, bought quantity: 5000, Sold in CN No.:IK2408/383003   27/MAR2021/5306",6769,2759,,-1,7,81,1596,,,30
3149,4,2021-03-30 00:00:00,"Short sell, position reconciled, bought quantity: 2000, Sold in CN No.:IK2408/386180   27/MAR2021/5927",6775,2760,,-1,7,81,1597,,,30
3150,4,2021-03-31 00:00:00,"Short sell, position reconciled, bought quantity: 1000, Sold in CN No.:IK2408/386180   27/MAR2021/5927",6828,2760,,-1,7,81,1597,,,30
3151,4,2021-03-31 00:00:00,"Short sell, position reconciled, bought quantity: 12000, Sold in CN No.:IK2408/386180   27/MAR2021/5927",6900,2760,,-1,7,81,1597,,,30
3152,4,2021-03-31 00:00:00,"Short sell, position reconciled, bought quantity: 4000, Sold in CN No.:IK2408/387664   27/MAR2021/6220",6900,2762,,-1,7,81,1597,,,30
3153,4,2021-03-31 00:00:00,"Short sell, position reconciled, bought quantity: 2000, Sold in CN No.:IK2408/387664   27/MAR2021/6220",6898,2762,,-1,7,81,1601,,,30
3154,4,2021-03-31 00:00:00,"F and O Contract Note,  No.:IK2408/389073   27/MAR2021/6506 Profit/Loss:252.40, Less STT:0.00, Less other Charges:0.00",-1,2766,,-1,7,81,-1,,,30
3155,4,2021-04-23 00:00:00,"Short sell, position reconciled, bought quantity: 1000, Sold in CN No.:IK2408/8697   27/APR2021/1734",6945,2801,,-1,7,81,1601,,,30
3156,4,2021-04-30 00:00:00,"Short sell, position reconciled, bought quantity: 4000, Sold in CN No.:IK2408/17962   27/APR2021/3561",6948,2802,,-1,7,81,1628,,,30
3157,4,2021-04-30 00:00:00,"Short sell, position reconciled, bought quantity: 2000, Sold in CN No.:IK2408/17962   27/APR2021/3561",6949,2802,,-1,7,81,1654,,,30
3158,4,2021-04-30 00:00:00,"Short sell, position reconciled, bought quantity: 2000, Sold in CN No.:IK2408/21055   27/APR2021/4187",6948,2803,,-1,7,81,1628,,,30
3159,4,2021-05-04 00:00:00,"Short sell, position reconciled, bought quantity: 17000, Sold in CN No.:IK2408/21055   27/APR2021/4187",6998,2803,,-1,7,81,1628,,,30
3160,4,2021-04-30 00:00:00,"Short sell, position reconciled, bought quantity: 5000, Sold in CN No.:IK2408/21055   27/APR2021/4187",6949,2803,,-1,7,81,1654,,,30
3161,4,2021-06-21 00:00:00,"Short sell, position reconciled, bought quantity: 7000, Sold in CN No.:IK2408/29048   27/APR2021/5836",7033,2804,,-1,7,81,1655,,,30
3162,4,2021-06-21 00:00:00,"Short sell, position reconciled, bought quantity: 7000, Sold in CN No.:IK2408/29048   27/APR2021/5836",7034,2804,,-1,7,81,1656,,,30
3163,4,2021-04-23 00:00:00,"Short sell, position reconciled, bought quantity: 16000, Settlement No.:opening",6944,2816,,-1,7,81,1597,,,30
3164,4,2021-04-30 00:00:00,"Short sell, position reconciled, bought quantity: 1000, Settlement No.:opening",6948,2817,,-1,7,81,1628,,,30
3165,4,2021-04-23 00:00:00,"Short sell, position reconciled, bought quantity: 2000, Settlement No.:OPENING",6945,2818,,-1,7,81,1601,,,30
3166,4,2021-06-21 00:00:00,"Short sell, position reconciled, bought quantity: 17000, Sold in CN No.:IK2408/32367   27/MAY2021/586",7033,2824,,-1,7,81,1655,,,30
3167,4,2021-06-21 00:00:00,"Short sell, position reconciled, bought quantity: 17000, Sold in CN No.:IK2408/32367   27/MAY2021/586",7034,2824,,-1,7,81,1656,,,30
3168,4,2021-04-23 00:00:00,"Short sell, position reconciled, bought quantity: 1000, Sold in CN No.:IK2408/7123   27/APR2021/1424",6944,2826,,-1,7,81,1597,,,30
3169,4,2021-04-23 00:00:00,"Short sell, position reconciled, bought quantity: 2000, Sold in CN No.:IK2408/7123   27/APR2021/1424",6945,2826,,-1,7,81,1601,,,30
3170,4,2021-05-12 00:00:00,"Short sell, position reconciled, bought quantity: 3000, Sold in CN No.:IK2408/39219   27/MAY2021/1940",7010,2827,,-1,7,81,1628,,,30
3171,4,2021-06-21 00:00:00,"Short sell, position reconciled, bought quantity: 1000, Sold in CN No.:IK2408/43047   27/MAY2021/2710",7034,2830,,-1,7,81,1656,,,30
3172,4,2021-06-28 00:00:00,"Short sell, position reconciled, bought quantity: 2000, Sold in CN No.:IK2408/43047   27/MAY2021/2710",7044,2830,,-1,7,81,1656,,,30
3173,4,2021-07-27 00:00:00,"Short sell, position reconciled, bought quantity: 1000, Sold in CN No.:IK2408/41102   27/MAY2021/2323",7151,2831,,-1,7,81,1680,,,30
3174,4,2021-05-27 00:00:00,"F and O Contract Note,  No.:IK2408/61420   27/MAY2021/6296 Profit/Loss:-13,429.36, Less STT:0.00, Less other Charges:0.00",-1,2838,,-1,7,81,-1,,,30
3175,4,2021-06-21 00:00:00,"Short sell, position reconciled, bought quantity: 1000, Sold in CN No.:IK2408/90265   27/JUN2021/4588",7035,2840,,-1,7,81,1687,,,30
3176,4,2021-07-27 00:00:00,"Short sell, position reconciled, bought quantity: 6000, Sold in CN No.:IK2408/103229   27/JUN2021/6988",7151,2847,,-1,7,81,1680,,,30
3177,4,2021-08-27 00:00:00,"Short sell, position reconciled, bought quantity: 1000, Sold in CN No.:IK2408/129601   27/JUL2021/4384",7185,2864,,-1,7,81,1732,,,30
3178,4,2021-09-15 00:00:00,"Short sell, position reconciled, bought quantity: 3000, Sold in CN No.:IK2408/138602   27/JUL2021/6074",7248,2868,,-1,7,81,1739,,,30
3179,4,2021-09-15 00:00:00,"Short sell, position reconciled, bought quantity: 3000, Sold in CN No.:IK2408/138602   27/JUL2021/6074",7249,2868,,-1,7,81,1740,,,30
3180,4,2021-09-28 00:00:00,"Short sell, position reconciled, bought quantity: 4000, Sold in CN No.:IK2408/138602   27/JUL2021/6074",7250,2868,,-1,7,81,1740,,,30
3181,4,2021-09-28 00:00:00,"Short sell, position reconciled, bought quantity: 2000, Sold in CN No.:IK2408/142255   27/JUL2021/6768",7250,2909,,-1,7,81,1740,,,30
3182,4,2021-08-27 00:00:00,"Short sell, position reconciled, bought quantity: 1000, Sold in CN No.:IK2408/142255   27/JUL2021/6768",7186,2909,,-1,7,81,1749,,,30
3183,4,2021-06-21 00:00:00,"Short sell, position reconciled, bought quantity: 2000",7033,2917,,-1,7,81,1655,,,30
3184,4,2022-03-31 00:00:00,"Short sell, position reconciled, bought quantity: 2000, Sold in CN No.:COMBINED/414665",7682,3007,,-1,7,81,1840,,,30
3185,4,2022-01-20 00:00:00,"F and O Contract Note,  No.:COMBINED/361733 Profit/Loss:15.24, Less STT:0.00, Less other Charges:0.00",-1,3008,,-1,7,81,-1,,,30
3186,4,2022-02-23 00:00:00,"Short sell, position reconciled, bought quantity: 6000, Sold in CN No.:COMBINED/361733",7578,3008,,-1,7,81,1843,,,30
3187,4,2022-02-23 00:00:00,"Short sell, position reconciled, bought quantity: 6000, Sold in CN No.:COMBINED/361733",7579,3008,,-1,7,81,1845,,,30
3188,4,2022-03-15 00:00:00,"Short sell, position reconciled, bought quantity: 9000, Sold in CN No.:COMBINED/400716",7593,3009,,-1,7,81,1847,,,30
3189,4,2022-03-15 00:00:00,"Short sell, position reconciled, bought quantity: 6000, Sold in CN No.:COMBINED/400716",7595,3009,,-1,7,81,1848,,,30
3190,4,2022-03-15 00:00:00,"Short sell, position reconciled, bought quantity: 1000, Sold in CN No.:COMBINED/352077",7595,3010,,-1,7,81,1848,,,30
3191,4,2022-03-15 00:00:00,"Short sell, position reconciled, bought quantity: 1000, Sold in CN No.:COMBINED/353980",7593,3011,,-1,7,81,1847,,,30
3192,4,2022-02-23 00:00:00,"Short sell, position reconciled, bought quantity: 1000, Sold in CN No.:COMBINED/309059",7578,3012,,-1,7,81,1843,,,30
3193,4,2022-01-20 00:00:00,"Short sell, position reconciled, bought quantity: 1000, Sold in CN No.:COMBINED/309059",7572,3012,,-1,7,81,1844,,,30
3194,4,2022-02-23 00:00:00,"Short sell, position reconciled, bought quantity: 2000, Sold in CN No.:COMBINED/319083",7578,3013,,-1,7,81,1843,,,30
3195,4,2022-01-20 00:00:00,"Short sell, position reconciled, bought quantity: 6000, Sold in CN No.:COMBINED/289298",7575,3014,,-1,7,81,1846,,,30
3196,4,2022-01-20 00:00:00,"Short sell, position reconciled, bought quantity: 1000, Sold in CN No.:COMBINED/294564",7572,3015,,-1,7,81,1844,,,30
3197,4,2021-11-23 00:00:00,"Short sell, position reconciled, bought quantity: 3000, Sold in CN No.:COMBINED/236549",7586,3016,,-1,7,81,1849,,,30
3198,4,2022-01-20 00:00:00,"Short sell, position reconciled, bought quantity: 2000, Sold in CN No.:COMBINED/238442",7572,3017,,-1,7,81,1844,,,30
3199,4,2021-11-23 00:00:00,"Short sell, position reconciled, bought quantity: 3000, Sold in CN No.:COMBINED/238442",7586,3017,,-1,7,81,1849,,,30
3200,4,2022-03-17 00:00:00,"Short sell, position reconciled, bought quantity: 2000, Sold in CN No.:COMBINED/417806",7607,3018,,-1,7,81,1850,,,30
3201,4,2022-03-31 00:00:00,"Short sell, position reconciled, bought quantity: 10000, Sold in CN No.:COMBINED/420892",7682,3019,,-1,7,81,1840,,,30
3202,4,2022-03-31 00:00:00,"Short sell, position reconciled, bought quantity: 7000, Sold in CN No.:COMBINED/420892",7683,3019,,-1,7,81,1851,,,30
3203,4,2022-03-31 00:00:00,"Short sell, position reconciled, bought quantity: 1000, Sold in CN No.:COMBINED/420892",7685,3019,,-1,7,81,1852,,,30
3204,4,2022-03-31 00:00:00,"Short sell, position reconciled, bought quantity: 2000, Sold in CN No.:COMBINED/424047",7682,3024,,-1,7,81,1840,,,30
3205,4,2022-03-31 00:00:00,"Short sell, position reconciled, bought quantity: 15000, Sold in CN No.:COMBINED/434153",7682,3048,,-1,7,81,1840,,,30
3206,4,2022-03-31 00:00:00,"Short sell, position reconciled, bought quantity: 33000, Sold in CN No.:COMBINED/434153",7683,3048,,-1,7,81,1851,,,30
3207,4,2022-03-31 00:00:00,"Short sell, position reconciled, bought quantity: 3000, Sold in CN No.:COMBINED/434153",7685,3048,,-1,7,81,1852,,,30
3208,4,2021-07-27 00:00:00,"Short sell, position reconciled, bought quantity: 3000, Sold in CN No.:COMBINED/82462",7152,3049,,-1,7,81,1688,,,30
3209,4,2021-04-23 00:00:00,"Short sell, position reconciled, bought quantity: 2000, Sold in CN No.:COMBINED/2676",6944,3050,,-1,7,81,1597,,,30
3210,4,2022-03-31 00:00:00,"F and O Contract Note,  No.:COMBINED/438952 Profit/Loss:337.58, Less STT:0.00, Less other Charges:0.00",-1,3054,,-1,7,81,-1,,,30
3211,4,2022-04-20 00:00:00,"Short sell, position reconciled, bought quantity: 1000, Sold in CN No.:opening, Settlement No.:opening",7764,3061,,-1,7,81,1852,,,30
3212,4,2022-04-21 00:00:00,"Short sell, position reconciled, bought quantity: 3000, Sold in CN No.:opening, Settlement No.:opening",7763,3061,,-1,7,81,1852,,,30
3213,4,2022-04-26 00:00:00,"Short sell, position reconciled, bought quantity: 27000, Sold in CN No.:opening, Settlement No.:opening",7780,3061,,-1,7,81,1851,,,30
3214,4,2022-04-27 00:00:00,"Short sell, position reconciled, bought quantity: 13000, Sold in CN No.:opening, Settlement No.:opening",7777,3061,,-1,7,81,1851,,,30
3215,4,2022-04-25 00:00:00,"Short sell, position reconciled, bought quantity: 30000, Sold in CN No.:opening, Settlement No.:opening",7778,3061,,-1,7,81,1840,,,30
3216,4,2022-04-25 00:00:00,"Short sell, position reconciled, bought quantity: 1000, Sold in CN No.:COMBINED/2694",7778,3066,,-1,7,81,1840,,,30
3217,4,2022-04-21 00:00:00,"Short sell, position reconciled, bought quantity: 1000, Sold in CN No.:COMBINED/2694",7763,3066,,-1,7,81,1852,,,30
3218,4,2022-04-25 00:00:00,"Short sell, position reconciled, bought quantity: 1000, Sold in CN No.:COMBINED/4377",7778,3067,,-1,7,81,1840,,,30
3219,4,2022-04-25 00:00:00,"Short sell, position reconciled, bought quantity: 1000, Sold in CN No.:COMBINED/6107",7779,3068,,-1,7,81,1852,,,30
3220,4,2022-04-25 00:00:00,"Short sell, position reconciled, bought quantity: 2000, Sold in CN No.:COMBINED/11209",7778,3074,,-1,7,81,1840,,,30
3221,4,2023-01-06 00:00:00,"Short sell, position reconciled, bought quantity: 2000, Sold in CN No.:0008365",8622,3093,,-1,7,81,1885,,,30
3222,4,2022-06-14 00:00:00,"Short sell, position reconciled, bought quantity: 2000, Sold in CN No.:0008365",7943,3093,,-1,7,81,1887,,,30
3223,4,2023-01-06 00:00:00,"Short sell, position reconciled, bought quantity: 1000, Sold in CN No.:0007218",8622,3094,,-1,7,81,1885,,,30
3224,4,2022-06-14 00:00:00,"Short sell, position reconciled, bought quantity: 1000, Sold in CN No.:0007218",7943,3094,,-1,7,81,1887,,,30
3225,4,2022-05-30 00:00:00,"Short sell, position reconciled, bought quantity: 1000, Sold in CN No.:0007218",7896,3094,,-1,7,81,1888,,,30
3226,4,2022-05-30 00:00:00,"Short sell, position reconciled, bought quantity: 1000, Sold in CN No.:0006145",7896,3095,,-1,7,81,1888,,,30
3227,4,2022-05-30 00:00:00,"Short sell, position reconciled, bought quantity: 2000, Sold in CN No.:0005447",7895,3096,,-1,7,81,1887,,,30
3228,4,2022-06-14 00:00:00,"Short sell, position reconciled, bought quantity: 3000, Sold in CN No.:0005447",7943,3096,,-1,7,81,1887,,,30
3229,4,2022-05-30 00:00:00,"Short sell, position reconciled, bought quantity: 5000, Sold in CN No.:0005447",7896,3096,,-1,7,81,1888,,,30
3230,4,2023-01-06 00:00:00,"Short sell, position reconciled, bought quantity: 6000, Sold in CN No.:0004444",8622,3097,,-1,7,81,1885,,,30
3231,4,2022-05-30 00:00:00,"Short sell, position reconciled, bought quantity: 2000, Sold in CN No.:0004444",7896,3097,,-1,7,81,1888,,,30
3232,4,2023-01-06 00:00:00,"Short sell, position reconciled, bought quantity: 1000, Sold in CN No.:0004163",8622,3098,,-1,7,81,1885,,,30
3233,4,2022-12-13 00:00:00,"Short sell, position reconciled, bought quantity: 1000, Sold in CN No.:0000558",8753,3099,,-1,7,81,1885,,,30
3234,4,2022-12-13 00:00:00,"Short sell, position reconciled, bought quantity: 1000, Sold in CN No.:0001490",8754,3100,,-1,7,81,1885,,,30
3235,4,2023-01-06 00:00:00,"Short sell, position reconciled, bought quantity: 4000, Sold in CN No.:0001877",8622,3101,,-1,7,81,1885,,,30
3236,4,2023-01-06 00:00:00,"Short sell, position reconciled, bought quantity: 1000, Sold in CN No.:0002433",8622,3102,,-1,7,81,1885,,,30
3237,4,2023-01-06 00:00:00,"Short sell, position reconciled, bought quantity: 1000, Sold in CN No.:0002969",8622,3103,,-1,7,81,1885,,,30
3238,4,2022-05-30 00:00:00,"Short sell, position reconciled, bought quantity: 40000, Sold in CN No.:0002969",7895,3103,,-1,7,81,1887,,,30
3239,4,2022-05-30 00:00:00,"Short sell, position reconciled, bought quantity: 2000, Sold in CN No.:0003530",7895,3104,,-1,7,81,1887,,,30
3240,4,2022-04-28 00:00:00,"Short sell, position reconciled, bought quantity: 1000, Sold in CN No.:0003530",7791,3104,,-1,7,81,1888,,,30
3241,4,2022-05-30 00:00:00,"Short sell, position reconciled, bought quantity: 26000, Sold in CN No.:0003530",7896,3104,,-1,7,81,1888,,,30
3242,4,2023-01-06 00:00:00,"Short sell, position reconciled, bought quantity: 2000, Sold in CN No.:0009115",8622,3114,,-1,7,81,1885,,,30
3243,4,2022-05-30 00:00:00,"Short sell, position reconciled, bought quantity: 1000, Sold in CN No.:0013206",7896,3123,,-1,7,81,1888,,,30
3244,4,2022-06-14 00:00:00,"Short sell, position reconciled, bought quantity: 1000, Sold in CN No.:0018487",7943,3134,,-1,7,81,1887,,,30
3245,4,2022-05-30 00:00:00,"Short sell, position reconciled, bought quantity: 2000, Sold in CN No.:0018487",7896,3134,,-1,7,81,1888,,,30
3246,4,2022-05-30 00:00:00,"Short sell, position reconciled, bought quantity: 1000, Sold in CN No.:0016683",7896,3136,,-1,7,81,1888,,,30
3247,4,2022-06-14 00:00:00,"Short sell, position reconciled, bought quantity: 1000, Sold in CN No.:0018616",7943,3140,,-1,7,81,1887,,,30
3248,4,2022-06-14 00:00:00,"Short sell, position reconciled, bought quantity: 1000, Sold in CN No.:0020732",7943,3141,,-1,7,81,1887,,,30
3249,4,2022-05-30 00:00:00,"Short sell, position reconciled, bought quantity: 1000, Sold in CN No.:0020732",7896,3141,,-1,7,81,1888,,,30
3250,4,2022-07-19 00:00:00,"Short sell, position reconciled, bought quantity: 10000, Sold in CN No.:0022709",8088,3143,,-1,7,81,1897,,,30
3251,4,2022-07-26 00:00:00,"Short sell, position reconciled, bought quantity: 34000, Sold in CN No.:0022709",8080,3143,,-1,7,81,1897,,,30
3252,4,2022-07-12 00:00:00,"Short sell, position reconciled, bought quantity: 5000, Sold in CN No.:0022709",8050,3143,,-1,7,81,1898,,,30
3253,4,2022-07-14 00:00:00,"Short sell, position reconciled, bought quantity: 5000, Sold in CN No.:0022709",8053,3143,,-1,7,81,1898,,,30
3254,4,2022-07-21 00:00:00,"Short sell, position reconciled, bought quantity: 5000, Sold in CN No.:0022709",8073,3143,,-1,7,81,1898,,,30
3255,4,2022-07-26 00:00:00,"Short sell, position reconciled, bought quantity: 5000, Sold in CN No.:0022709",8082,3143,,-1,7,81,1898,,,30
3256,4,2022-08-11 00:00:00,"Short sell, position reconciled, bought quantity: 3000, Sold in CN No.:0022709",8139,3143,,-1,7,81,1898,,,30
3257,4,2022-08-17 00:00:00,"Short sell, position reconciled, bought quantity: 10000, Sold in CN No.:0022709",8142,3143,,-1,7,81,1898,,,30
3258,4,2022-08-18 00:00:00,"Short sell, position reconciled, bought quantity: 7000, Sold in CN No.:0022709",8145,3143,,-1,7,81,1898,,,30
3259,4,2022-07-26 00:00:00,"Short sell, position reconciled, bought quantity: 1000, Sold in CN No.:0028974",8080,3155,,-1,7,81,1897,,,30
3260,4,2022-07-26 00:00:00,"Short sell, position reconciled, bought quantity: 9000, Sold in CN No.:0036577",8080,3167,,-1,7,81,1897,,,30
3261,4,2022-07-26 00:00:00,"Short sell, position reconciled, bought quantity: 2000, Sold in CN No.:0039572",8080,3172,,-1,7,81,1897,,,30
3262,4,2022-07-26 00:00:00,"Short sell, position reconciled, bought quantity: 2000, Sold in CN No.:0042781",8080,3174,,-1,7,81,1897,,,30
3263,4,2022-08-18 00:00:00,"Short sell, position reconciled, bought quantity: 2000, Sold in CN No.:0042781",8145,3174,,-1,7,81,1898,,,30
3264,4,2022-07-26 00:00:00,"Short sell, position reconciled, bought quantity: 2000, Sold in CN No.:0048122",8080,3182,,-1,7,81,1897,,,30
3265,4,2022-08-18 00:00:00,"Short sell, position reconciled, bought quantity: 2000, Sold in CN No.:0050154",8145,3183,,-1,7,81,1898,,,30
3266,4,2022-07-26 00:00:00,"Short sell, position reconciled, bought quantity: 4000, Sold in CN No.:0054133",8080,3186,,-1,7,81,1897,,,30
3267,4,2022-07-26 00:00:00,"Short sell, position reconciled, bought quantity: 2000, Sold in CN No.:0056462",8080,3187,,-1,7,81,1897,,,30
3268,4,2022-08-18 00:00:00,"Short sell, position reconciled, bought quantity: 2000, Sold in CN No.:0056462",8145,3187,,-1,7,81,1898,,,30
3269,4,2023-01-06 00:00:00,"Short sell, position reconciled, bought quantity: 1000, Sold in CN No.:0010837",8622,3188,,-1,7,81,1885,,,30
3270,4,2022-07-26 00:00:00,"Short sell, position reconciled, bought quantity: 12000, Sold in CN No.:0059554",8080,3193,,-1,7,81,1897,,,30
3271,4,2022-07-26 00:00:00,"Short sell, position reconciled, bought quantity: 2000, Sold in CN No.:0063929",8080,3194,,-1,7,81,1897,,,30
3272,4,2022-07-26 00:00:00,"Short sell, position reconciled, bought quantity: 7000, Sold in CN No.:0064082",8080,3196,,-1,7,81,1897,,,30
3273,4,2022-08-18 00:00:00,"Short sell, position reconciled, bought quantity: 6000, Sold in CN No.:0064082",8145,3196,,-1,7,81,1898,,,30
3274,4,2022-07-26 00:00:00,"Short sell, position reconciled, bought quantity: 10000, Sold in CN No.:0066767",8080,3200,,-1,7,81,1897,,,30
3275,4,2023-01-06 00:00:00,"Short sell, position reconciled, bought quantity: 4000, Sold in CN No.:0072223",8622,3203,,-1,7,81,1885,,,30
3276,4,2022-07-26 00:00:00,"Short sell, position reconciled, bought quantity: 11000, Sold in CN No.:0075158",8080,3205,,-1,7,81,1897,,,30
3277,4,2022-08-18 00:00:00,"Short sell, position reconciled, bought quantity: 10000, Sold in CN No.:0075158",8145,3205,,-1,7,81,1898,,,30
3278,4,2022-07-26 00:00:00,"Short sell, position reconciled, bought quantity: 10000, Sold in CN No.:0077849",8080,3206,,-1,7,81,1897,,,30
3279,4,2022-08-18 00:00:00,"Short sell, position reconciled, bought quantity: 3000, Sold in CN No.:0077849",8145,3206,,-1,7,81,1898,,,30
3280,4,2022-08-19 00:00:00,"Short sell, position reconciled, bought quantity: 2000, Sold in CN No.:0077849",8150,3206,,-1,7,81,1898,,,30
3281,4,2022-08-19 00:00:00,"Short sell, position reconciled, bought quantity: 10000, Sold in CN No.:0080838",8150,3207,,-1,7,81,1898,,,30
3282,4,2022-08-19 00:00:00,"Short sell, position reconciled, bought quantity: 5000, Sold in CN No.:0087038",8150,3211,,-1,7,81,1898,,,30
3283,4,2022-07-26 00:00:00,"Short sell, position reconciled, bought quantity: 4000, Sold in CN No.:0096885",8080,3214,,-1,7,81,1897,,,30
3284,4,2022-07-27 00:00:00,"Short sell, position reconciled, bought quantity: 11000, Sold in CN No.:0096885",8085,3214,,-1,7,81,1897,,,30
3285,4,2022-08-19 00:00:00,"Short sell, position reconciled, bought quantity: 5000, Sold in CN No.:0096885",8150,3214,,-1,7,81,1898,,,30
3286,4,2022-08-19 00:00:00,"Short sell, position reconciled, bought quantity: 5000, Sold in CN No.:0104418",8150,3222,,-1,7,81,1898,,,30
3287,4,2022-07-27 00:00:00,"Short sell, position reconciled, bought quantity: 10000, Sold in CN No.:0112361",8085,3229,,-1,7,81,1897,,,30
3288,4,2022-07-27 00:00:00,"Short sell, position reconciled, bought quantity: 3000, Sold in CN No.:0120660",8085,3230,,-1,7,81,1897,,,30
3289,4,2022-08-19 00:00:00,"Short sell, position reconciled, bought quantity: 5000, Sold in CN No.:0120660",8150,3230,,-1,7,81,1898,,,30
3290,4,2022-08-02 00:00:00,"Short sell, position reconciled, bought quantity: 10000, Sold in CN No.:0120660",8097,3230,,-1,7,81,1914,,,30
3291,4,2022-08-19 00:00:00,"Short sell, position reconciled, bought quantity: 5000, Sold in CN No.:0120660",8152,3230,,-1,7,81,1914,,,30
3292,4,2022-08-22 00:00:00,"Short sell, position reconciled, bought quantity: 10000, Sold in CN No.:0120660",8162,3230,,-1,7,81,1914,,,30
3293,4,2022-08-23 00:00:00,"Short sell, position reconciled, bought quantity: 5000, Sold in CN No.:0120660",8171,3230,,-1,7,81,1914,,,30
3294,4,2022-08-24 00:00:00,"Short sell, position reconciled, bought quantity: 5000, Sold in CN No.:0120660",8174,3230,,-1,7,81,1914,,,30
3295,4,2022-08-25 00:00:00,"Short sell, position reconciled, bought quantity: 5000, Sold in CN No.:0120660",8178,3230,,-1,7,81,1914,,,30
3296,4,2022-08-29 00:00:00,"Short sell, position reconciled, bought quantity: 10000, Sold in CN No.:0120660",8192,3230,,-1,7,81,1914,,,30
3297,4,2022-09-02 00:00:00,"Short sell, position reconciled, bought quantity: 5000, Sold in CN No.:0120660",8198,3230,,-1,7,81,1914,,,30
3298,4,2022-09-07 00:00:00,"Short sell, position reconciled, bought quantity: 6000, Sold in CN No.:0120660",8205,3230,,-1,7,81,1914,,,30
3299,4,2022-09-13 00:00:00,"Short sell, position reconciled, bought quantity: 5000, Sold in CN No.:0120660",8218,3230,,-1,7,81,1914,,,30
3300,4,2022-09-14 00:00:00,"Short sell, position reconciled, bought quantity: 15000, Sold in CN No.:0120660",8227,3230,,-1,7,81,1914,,,30
3301,4,2022-09-15 00:00:00,"Short sell, position reconciled, bought quantity: 5000, Sold in CN No.:0120660",8236,3230,,-1,7,81,1914,,,30
3302,4,2022-09-16 00:00:00,"Short sell, position reconciled, bought quantity: 5000, Sold in CN No.:0120660",8244,3230,,-1,7,81,1914,,,30
3303,4,2022-09-21 00:00:00,"Short sell, position reconciled, bought quantity: 18000, Sold in CN No.:0120660",8258,3230,,-1,7,81,1914,,,30
3304,4,2022-09-21 00:00:00,"Short sell, position reconciled, bought quantity: 17000, Sold in CN No.:0124985",8258,3231,,-1,7,81,1914,,,30
3305,4,2022-09-23 00:00:00,"Short sell, position reconciled, bought quantity: 6000, Sold in CN No.:0124985",8269,3231,,-1,7,81,1914,,,30
3306,4,2022-09-26 00:00:00,"Short sell, position reconciled, bought quantity: 7000, Sold in CN No.:0124985",8272,3231,,-1,7,81,1914,,,30
3307,4,2022-09-14 00:00:00,"Short sell, position reconciled, bought quantity: 5000, Sold in CN No.:0124985",8228,3231,,-1,7,81,1915,,,30
3308,4,2022-07-27 00:00:00,"Short sell, position reconciled, bought quantity: 6000, Sold in CN No.:0100531",8085,3232,,-1,7,81,1897,,,30
3309,4,2022-09-26 00:00:00,"Short sell, position reconciled, bought quantity: 5000, Sold in CN No.:0134082",8272,3234,,-1,7,81,1914,,,30
3310,4,2022-09-29 00:00:00,"Short sell, position reconciled, bought quantity: 10000, Sold in CN No.:0143959",8294,3237,,-1,7,81,1917,,,30
3311,4,2022-09-29 00:00:00,"Short sell, position reconciled, bought quantity: 12000, Sold in CN No.:0149097",8294,3242,,-1,7,81,1917,,,30
3312,4,2022-09-29 00:00:00,"Short sell, position reconciled, bought quantity: 5000, Sold in CN No.:0166022",8294,3254,,-1,7,81,1917,,,30
3313,4,2022-08-22 00:00:00,"Short sell, position reconciled, bought quantity: 3000, Sold in CN No.:0176468",8161,3259,,-1,7,81,1898,,,30
3314,4,2022-09-29 00:00:00,"Short sell, position reconciled, bought quantity: 2000, Sold in CN No.:0176468",8294,3259,,-1,7,81,1917,,,30
3315,4,2022-09-29 00:00:00,"Short sell, position reconciled, bought quantity: 5000, Sold in CN No.:0193606",8294,3260,,-1,7,81,1917,,,30
3316,4,2022-08-23 00:00:00,"Short sell, position reconciled, bought quantity: 5000, Sold in CN No.:0193606",8173,3260,,-1,7,81,1925,,,30
3317,4,2022-08-29 00:00:00,"Short sell, position reconciled, bought quantity: 2000, Sold in CN No.:0193606",8196,3260,,-1,7,81,1925,,,30
3318,4,2022-09-08 00:00:00,"Short sell, position reconciled, bought quantity: 3000, Sold in CN No.:0193606",8210,3260,,-1,7,81,1925,,,30
3319,4,2022-09-08 00:00:00,"Short sell, position reconciled, bought quantity: 30000, Sold in CN No.:0200118",8210,3261,,-1,7,81,1925,,,30
3320,4,2022-09-09 00:00:00,"Short sell, position reconciled, bought quantity: 9000, Sold in CN No.:0200118",8214,3261,,-1,7,81,1925,,,30
3321,4,2022-08-22 00:00:00,"Short sell, position reconciled, bought quantity: 10000, Sold in CN No.:0206386",8161,3264,,-1,7,81,1898,,,30
3322,4,2022-09-29 00:00:00,"Short sell, position reconciled, bought quantity: 10000, Sold in CN No.:0206386",8294,3264,,-1,7,81,1917,,,30
3323,4,2022-09-09 00:00:00,"Short sell, position reconciled, bought quantity: 1000, Sold in CN No.:0206386",8214,3264,,-1,7,81,1925,,,30
3324,4,2022-09-13 00:00:00,"Short sell, position reconciled, bought quantity: 5000, Sold in CN No.:0206386",8222,3264,,-1,7,81,1925,,,30
3325,4,2022-09-14 00:00:00,"Short sell, position reconciled, bought quantity: 9000, Sold in CN No.:0206386",8230,3264,,-1,7,81,1925,,,30
3326,4,2022-09-16 00:00:00,"Short sell, position reconciled, bought quantity: 5000, Sold in CN No.:0207830",8245,3266,,-1,7,81,1915,,,30
3327,4,2022-09-21 00:00:00,"Short sell, position reconciled, bought quantity: 8000, Sold in CN No.:0207830",8259,3266,,-1,7,81,1915,,,30
3328,4,2022-09-29 00:00:00,"Short sell, position reconciled, bought quantity: 2000, Sold in CN No.:0207830",8294,3266,,-1,7,81,1917,,,30
3329,4,2022-09-30 00:00:00,"Short sell, position reconciled, bought quantity: 8000, Sold in CN No.:0207830",8306,3266,,-1,7,81,1917,,,30
3330,4,2022-09-21 00:00:00,"Short sell, position reconciled, bought quantity: 5000, Sold in CN No.:0214152",8259,3271,,-1,7,81,1915,,,30
3331,4,2022-09-30 00:00:00,"Short sell, position reconciled, bought quantity: 2000, Sold in CN No.:0224400",8306,3272,,-1,7,81,1917,,,30
3332,4,2022-10-10 00:00:00,"Short sell, position reconciled, bought quantity: 3000, Sold in CN No.:0224400",8338,3272,,-1,7,81,1917,,,30
3333,4,2022-10-10 00:00:00,"Short sell, position reconciled, bought quantity: 5000, Sold in CN No.:0228201",8338,3274,,-1,7,81,1917,,,30
3334,4,2022-10-10 00:00:00,"Short sell, position reconciled, bought quantity: 2000, Sold in CN No.:0239858",8338,3275,,-1,7,81,1917,,,30
3335,4,2022-10-11 00:00:00,"Short sell, position reconciled, bought quantity: 8000, Sold in CN No.:0239858",8344,3275,,-1,7,81,1917,,,30
3336,4,2022-10-27 00:00:00,"Short sell, position reconciled, bought quantity: 5000, Sold in CN No.:0261628",8365,3278,,-1,7,81,1917,,,30
3337,4,2022-09-26 00:00:00,"Short sell, position reconciled, bought quantity: 3000, Sold in CN No.:0242192",8272,3279,,-1,7,81,1914,,,30
3338,4,2022-09-27 00:00:00,"Short sell, position reconciled, bought quantity: 2000, Sold in CN No.:0242192",8287,3279,,-1,7,81,1914,,,30
3339,4,2022-09-21 00:00:00,"Short sell, position reconciled, bought quantity: 2000, Sold in CN No.:0242192",8259,3279,,-1,7,81,1915,,,30
3340,4,2022-10-11 00:00:00,"Short sell, position reconciled, bought quantity: 12000, Sold in CN No.:0242192",8344,3279,,-1,7,81,1917,,,30
3341,4,2022-10-27 00:00:00,"Short sell, position reconciled, bought quantity: 5000, Sold in CN No.:0242192",8365,3279,,-1,7,81,1917,,,30
3342,4,2022-10-27 00:00:00,"Short sell, position reconciled, bought quantity: 10000, Sold in CN No.:0286178",8365,3287,,-1,7,81,1917,,,30
3343,4,2022-09-21 00:00:00,"Short sell, position reconciled, bought quantity: 7000, Sold in CN No.:0294168",8259,3289,,-1,7,81,1915,,,30
3344,4,2022-09-22 00:00:00,"Short sell, position reconciled, bought quantity: 7000, Sold in CN No.:0294168",8265,3289,,-1,7,81,1915,,,30
3345,4,2022-09-23 00:00:00,"Short sell, position reconciled, bought quantity: 2000, Sold in CN No.:0294168",8270,3289,,-1,7,81,1915,,,30
3346,4,2022-09-28 00:00:00,"Short sell, position reconciled, bought quantity: 10000, Sold in CN No.:0294168",8289,3289,,-1,7,81,1915,,,30
3347,4,2022-09-29 00:00:00,"Short sell, position reconciled, bought quantity: 7000, Sold in CN No.:0294168",8293,3289,,-1,7,81,1915,,,30
3348,4,2022-10-27 00:00:00,"Short sell, position reconciled, bought quantity: 5000, Sold in CN No.:0294168",8365,3289,,-1,7,81,1917,,,30
3349,4,2022-09-29 00:00:00,"Short sell, position reconciled, bought quantity: 7000, Sold in CN No.:0308695",8293,3292,,-1,7,81,1915,,,30
3350,4,2022-09-30 00:00:00,"Short sell, position reconciled, bought quantity: 3000, Sold in CN No.:0308695",8305,3292,,-1,7,81,1915,,,30
3351,4,2022-09-30 00:00:00,"Short sell, position reconciled, bought quantity: 5000, Sold in CN No.:0315524",8305,3295,,-1,7,81,1915,,,30
3352,4,2022-09-27 00:00:00,"Short sell, position reconciled, bought quantity: 5000, Sold in CN No.:0325377",8287,3296,,-1,7,81,1914,,,30
3353,4,2022-09-30 00:00:00,"Short sell, position reconciled, bought quantity: 2000, Sold in CN No.:0325377",8305,3296,,-1,7,81,1915,,,30
3354,4,2022-10-10 00:00:00,"Short sell, position reconciled, bought quantity: 3000, Sold in CN No.:0325377",8337,3296,,-1,7,81,1915,,,30
3355,4,2022-10-27 00:00:00,"Short sell, position reconciled, bought quantity: 4000, Sold in CN No.:0325377",8364,3296,,-1,7,81,1915,,,30
3356,4,2022-10-27 00:00:00,"Short sell, position reconciled, bought quantity: 5000, Sold in CN No.:0325377",8365,3296,,-1,7,81,1917,,,30
3357,4,2022-10-27 00:00:00,"Short sell, position reconciled, bought quantity: 5000, Sold in CN No.:0334458",8365,3299,,-1,7,81,1917,,,30
3358,4,2022-09-26 00:00:00,"Short sell, position reconciled, bought quantity: 10000, Sold in CN No.:0334458",8273,3299,,-1,7,81,1932,,,30
3359,4,2022-10-27 00:00:00,"Short sell, position reconciled, bought quantity: 10000, Sold in CN No.:0336702",8365,3300,,-1,7,81,1917,,,30
3360,4,2022-10-27 00:00:00,"Short sell, position reconciled, bought quantity: 10000, Sold in CN No.:0354663",8365,3307,,-1,7,81,1917,,,30
3361,4,2022-10-20 00:00:00,"Short sell, position reconciled, bought quantity: 5000, Sold in CN No.:0354663",8370,3307,,-1,7,81,1933,,,30
3362,4,2022-09-26 00:00:00,"Short sell, position reconciled, bought quantity: 20000, Sold in CN No.:0379587",8273,3313,,-1,7,81,1932,,,30
3363,4,2022-10-27 00:00:00,"Short sell, position reconciled, bought quantity: 3000, Sold in CN No.:0382643",8365,3316,,-1,7,81,1917,,,30
3364,4,2022-09-26 00:00:00,"Short sell, position reconciled, bought quantity: 9000, Sold in CN No.:0382643",8273,3316,,-1,7,81,1932,,,30
3365,4,2022-10-20 00:00:00,"Short sell, position reconciled, bought quantity: 3000, Sold in CN No.:0382643",8370,3316,,-1,7,81,1933,,,30
3366,4,2022-09-30 00:00:00,"Short sell, position reconciled, bought quantity: 10000, Sold in CN No.:0401848",8307,3319,,-1,7,81,1932,,,30
3367,4,2022-10-10 00:00:00,"Short sell, position reconciled, bought quantity: 5000, Sold in CN No.:0401848",8339,3319,,-1,7,81,1932,,,30
3368,4,2022-11-03 00:00:00,"Short sell, position reconciled, bought quantity: 9000, Sold in CN No.:0401848",8381,3319,,-1,7,81,1932,,,30
3369,4,2022-11-25 00:00:00,"Short sell, position reconciled, bought quantity: 15000, Sold in CN No.:0401848",8428,3319,,-1,7,81,1932,,,30
3370,4,2022-10-20 00:00:00,"Short sell, position reconciled, bought quantity: 12000, Sold in CN No.:0401848",8370,3319,,-1,7,81,1933,,,30
3371,4,2022-11-25 00:00:00,"Short sell, position reconciled, bought quantity: 3000, Sold in CN No.:0401848",8429,3319,,-1,7,81,1933,,,30
3372,4,2022-10-27 00:00:00,"Short sell, position reconciled, bought quantity: 7000, Sold in CN No.:0420311",8365,3324,,-1,7,81,1917,,,30
3373,4,2022-11-25 00:00:00,"Short sell, position reconciled, bought quantity: 10000, Sold in CN No.:0430908",8428,3325,,-1,7,81,1932,,,30
3374,4,2022-11-25 00:00:00,"Short sell, position reconciled, bought quantity: 5000, Sold in CN No.:0452715",8428,3335,,-1,7,81,1932,,,30
3375,4,2022-11-25 00:00:00,"Short sell, position reconciled, bought quantity: 8000, Sold in CN No.:0512402",8428,3342,,-1,7,81,1932,,,30
3376,4,2022-11-25 00:00:00,"Short sell, position reconciled, bought quantity: 20000, Sold in CN No.:0512402",8429,3342,,-1,7,81,1933,,,30
3377,4,2022-11-25 00:00:00,"Short sell, position reconciled, bought quantity: 20000, Sold in CN No.:0514011",8429,3345,,-1,7,81,1933,,,30
3378,4,2022-11-25 00:00:00,"Short sell, position reconciled, bought quantity: 8000, Sold in CN No.:0671718",8428,3356,,-1,7,81,1932,,,30
3379,4,2022-11-25 00:00:00,"Short sell, position reconciled, bought quantity: 65000, Sold in CN No.:0671718",8429,3356,,-1,7,81,1933,,,30
3380,4,2022-12-12 00:00:00,"Short sell, position reconciled, bought quantity: 2000, Sold in CN No.:0671718",8492,3356,,-1,7,81,1958,,,30
3381,4,2022-12-23 00:00:00,"Short sell, position reconciled, bought quantity: 3000, Sold in CN No.:0671718",8560,3356,,-1,7,81,1958,,,30
3382,4,2022-12-23 00:00:00,"Short sell, position reconciled, bought quantity: 2000, Sold in CN No.:0778555",8560,3366,,-1,7,81,1958,,,30
3383,4,2022-12-26 00:00:00,"Short sell, position reconciled, bought quantity: 3000, Sold in CN No.:0778555",8562,3366,,-1,7,81,1958,,,30
3384,4,2022-12-26 00:00:00,"Short sell, position reconciled, bought quantity: 46000, Sold in CN No.:1000987",8562,3383,,-1,7,81,1958,,,30
3385,4,2022-12-12 00:00:00,"Short sell, position reconciled, bought quantity: 1000, Sold in CN No.:1000987",8491,3383,,-1,7,81,1964,,,30
3386,4,2022-12-26 00:00:00,"Short sell, position reconciled, bought quantity: 107000, Sold in CN No.:1000987",8563,3383,,-1,7,81,1964,,,30
3387,4,2023-01-23 00:00:00,"Short sell, position reconciled, bought quantity: 5000, Sold in CN No.:1091393",8607,3398,,-1,7,81,1975,,,30
3388,4,2023-01-23 00:00:00,"Short sell, position reconciled, bought quantity: 5000, Sold in CN No.:1091393",8608,3398,,-1,7,81,1976,,,30
3389,4,2023-01-23 00:00:00,"Short sell, position reconciled, bought quantity: 1000, Sold in CN No.:1204601",8607,3414,,-1,7,81,1975,,,30
3390,4,2023-01-23 00:00:00,"Short sell, position reconciled, bought quantity: 2000, Sold in CN No.:1204601",8608,3414,,-1,7,81,1976,,,30
3391,4,2023-01-23 00:00:00,"Short sell, position reconciled, bought quantity: 5000, Sold in CN No.:1386665",8608,3429,,-1,7,81,1976,,,30
3392,4,2023-01-23 00:00:00,"Short sell, position reconciled, bought quantity: 29000, Sold in CN No.:1406339",8607,3430,,-1,7,81,1975,,,30
3393,4,2023-01-25 00:00:00,"Short sell, position reconciled, bought quantity: 78000, Sold in CN No.:1406339",8611,3430,,-1,7,81,1975,,,30
3394,4,2023-01-23 00:00:00,"Short sell, position reconciled, bought quantity: 49000, Sold in CN No.:1406339",8608,3430,,-1,7,81,1976,,,30
3395,4,2023-01-25 00:00:00,"Short sell, position reconciled, bought quantity: 15000, Sold in CN No.:1834549",8612,3440,,-1,7,81,2097,,,30
3396,4,2023-02-23 00:00:00,"Short sell, position reconciled, bought quantity: 42000, Sold in CN No.:1834549",8654,3440,,-1,7,81,2097,,,30
3397,4,2023-02-23 00:00:00,"Short sell, position reconciled, bought quantity: 61000, Sold in CN No.:1834549",8655,3440,,-1,7,81,2098,,,30
3398,4,2023-02-23 00:00:00,"Short sell, position reconciled, bought quantity: 63000, Sold in CN No.:1880467",8654,3441,,-1,7,81,2097,,,30
3399,4,2023-03-31 00:00:00,"Short sell, position reconciled, bought quantity: 25000, Sold in CN No.:1593094",8749,3444,,-1,7,81,2101,,,30
3400,4,2023-03-08 00:00:00,"Short sell, position reconciled, bought quantity: 50000, Sold in CN No.:2364788",8666,3452,,-1,7,81,2108,,,30
3401,4,2023-03-14 00:00:00,"Short sell, position reconciled, bought quantity: 25000, Sold in CN No.:2364788",8702,3452,,-1,7,81,2108,,,30
3402,4,2023-03-27 00:00:00,"Short sell, position reconciled, bought quantity: 30000, Sold in CN No.:2364788",8705,3452,,-1,7,81,2108,,,30
3403,4,2023-03-08 00:00:00,"Short sell, position reconciled, bought quantity: 20000, Sold in CN No.:2364788",8667,3452,,-1,7,81,2109,,,30
3404,4,2023-03-27 00:00:00,"Short sell, position reconciled, bought quantity: 31000, Sold in CN No.:2364788",8706,3452,,-1,7,81,2109,,,30
3405,4,2023-03-28 00:00:00,"Short sell, position reconciled, bought quantity: 10000, Sold in CN No.:2364788",8734,3452,,-1,7,81,2109,,,30
3406,4,2023-03-31 00:00:00,"Short sell, position reconciled, bought quantity: 50000, Sold in CN No.:2571249",8747,3455,,-1,7,81,2114,,,30
3407,4,2023-03-31 00:00:00,"Short sell, position reconciled, bought quantity: 20000, Sold in CN No.:2571249",8748,3455,,-1,7,81,2115,,,30
3408,4,2023-03-31 00:00:00,"Short sell, position reconciled, bought quantity: 30000, Sold in CN No.:2927505",8747,3464,,-1,7,81,2114,,,30
3409,4,2023-03-31 00:00:00,"Short sell, position reconciled, bought quantity: 31000, Sold in CN No.:2927505",8748,3464,,-1,7,81,2115,,,30
3410,4,2023-03-31 00:00:00,"Short sell, position reconciled, bought quantity: 10000, Sold in CN No.:2953807",8748,3469,,-1,7,81,2115,,,30
3411,4,2023-01-06 00:00:00,"Short sell, position reconciled, bought quantity: 2000, Sold in CN No.:1284115",8622,3477,,-1,7,81,1885,,,30
3412,4,2023-05-22 00:00:00,"Short sell, position reconciled, bought quantity: 30000, Sold in CN No.:COMBINED/8239",8889,3500,,-1,7,81,2195,,,30
3413,4,2023-05-22 00:00:00,"Short sell, position reconciled, bought quantity: 25000, Sold in CN No.:COMBINED/8239",8890,3500,,-1,7,81,2196,,,30
3414,4,2023-05-22 00:00:00,"Short sell, position reconciled, bought quantity: 50000, Sold in CN No.:COMBINED/6982",8889,3502,,-1,7,81,2195,,,30
3415,4,2023-05-22 00:00:00,"Short sell, position reconciled, bought quantity: 61000, Sold in CN No.:COMBINED/6982",8891,3502,,-1,7,81,2198,,,30
3416,4,2023-05-22 00:00:00,"Short sell, position reconciled, bought quantity: 25000, Sold in CN No.:COMBINED/18577",8889,3525,,-1,7,81,2195,,,30
3417,4,2023-06-07 00:00:00,"Short sell, position reconciled, bought quantity: 5000, Sold in CN No.:COMBINED/42548",9029,3526,,-1,7,81,2235,,,30
3418,4,2023-06-19 00:00:00,"Short sell, position reconciled, bought quantity: 5000, Sold in CN No.:COMBINED/42548",9085,3526,,-1,7,81,2235,,,30
3419,4,2023-06-26 00:00:00,"Short sell, position reconciled, bought quantity: 70000, Sold in CN No.:COMBINED/42548",9167,3526,,-1,7,81,2235,,,30
3420,4,2023-06-27 00:00:00,"Short sell, position reconciled, bought quantity: 25000, Sold in CN No.:COMBINED/42548",9369,3526,,-1,7,81,2235,,,30
3421,4,2023-06-05 00:00:00,"Short sell, position reconciled, bought quantity: 5000, Sold in CN No.:COMBINED/42548",8976,3526,,-1,7,81,2236,,,30
3422,4,2023-06-06 00:00:00,"Short sell, position reconciled, bought quantity: 5000, Sold in CN No.:COMBINED/42548",8984,3526,,-1,7,81,2236,,,30
3423,4,2023-06-19 00:00:00,"Short sell, position reconciled, bought quantity: 5000, Sold in CN No.:COMBINED/42548",9086,3526,,-1,7,81,2236,,,30
3424,4,2023-06-26 00:00:00,"Short sell, position reconciled, bought quantity: 46000, Sold in CN No.:COMBINED/42548",9168,3526,,-1,7,81,2236,,,30
3425,4,2023-06-26 00:00:00,"Short sell, position reconciled, bought quantity: 25000, Sold in CN No.:COMBINED/42548",9169,3526,,-1,7,81,2237,,,30
3426,4,2023-03-31 00:00:00,"Short sell, position reconciled, bought quantity: 25000, Sold in CN No.:COMBINED/356233",8910,3529,,-1,7,81,2234,,,30
3427,4,2023-04-26 00:00:00,"Short sell, position reconciled, bought quantity: 25000, Sold in CN No.:opening, Settlement No.:opening",8887,3530,,-1,7,81,2234,,,30
3428,4,2023-07-10 00:00:00,"Short sell, position reconciled, bought quantity: 2000, Sold in CN No.:COMBINED/55205",9460,3549,,-1,7,81,2264,,,30
3429,4,2023-07-11 00:00:00,"Short sell, position reconciled, bought quantity: 3000, Sold in CN No.:COMBINED/55205",9462,3549,,-1,7,81,2264,,,30
3430,4,2023-07-11 00:00:00,"Short sell, position reconciled, bought quantity: 5000, Sold in CN No.:COMBINED/57939",9462,3550,,-1,7,81,2264,,,30
3431,4,2023-07-14 00:00:00,"Short sell, position reconciled, bought quantity: 5000, Sold in CN No.:COMBINED/57939",9524,3550,,-1,7,81,2265,,,30
3432,4,2023-07-11 00:00:00,"Short sell, position reconciled, bought quantity: 5000, Sold in CN No.:COMBINED/59388",9462,3560,,-1,7,81,2264,,,30
3433,4,2023-07-14 00:00:00,"Short sell, position reconciled, bought quantity: 5000, Sold in CN No.:COMBINED/59388",9524,3560,,-1,7,81,2265,,,30
3434,4,2023-07-11 00:00:00,"Short sell, position reconciled, bought quantity: 46000, Sold in CN No.:COMBINED/78001",9462,3585,,-1,7,81,2264,,,30
3435,4,2023-07-14 00:00:00,"Short sell, position reconciled, bought quantity: 45000, Sold in CN No.:COMBINED/78001",9524,3585,,-1,7,81,2265,,,30
3436,4,2023-07-26 00:00:00,"Short sell, position reconciled, bought quantity: 25000, Sold in CN No.:COMBINED/78001",9794,3585,,-1,7,81,2265,,,30
3437,4,2023-07-26 00:00:00,"Short sell, position reconciled, bought quantity: 25000, Sold in CN No.:COMBINED/78001",9795,3585,,-1,7,81,2317,,,30
3438,4,2023-07-26 00:00:00,"Short sell, position reconciled, bought quantity: 25000, Sold in CN No.:COMBINED/79309",9794,3617,,-1,7,81,2265,,,30
3439,4,2023-07-11 00:00:00,"Short sell, position reconciled, bought quantity: 2000, Sold in CN No.:COMBINED/91354",9464,3636,,-1,7,81,2388,,,30
3440,4,2023-07-11 00:00:00,"F and O Contract Note,  No.:COMBINED/92677 Profit/Loss:2,792.27, Less STT:0.00, Less other Charges:0.00",-1,3637,,-1,7,81,-1,,,30
3441,4,2023-07-13 00:00:00,"Short sell, position reconciled, bought quantity: 25000, Sold in CN No.:COMBINED/92677",9516,3637,,-1,7,81,2264,,,30
3442,4,2023-07-14 00:00:00,"Short sell, position reconciled, bought quantity: 24000, Sold in CN No.:COMBINED/92677",9523,3637,,-1,7,81,2264,,,30
3443,4,2023-07-12 00:00:00,"Short sell, position reconciled, bought quantity: 2000, Sold in CN No.:COMBINED/92677",9479,3637,,-1,7,81,2388,,,30
3444,4,2023-07-12 00:00:00,"F and O Contract Note,  No.:COMBINED/94074 Profit/Loss:394.36, Less STT:0.00, Less other Charges:0.00",-1,3639,,-1,7,81,-1,,,30
3445,4,2023-07-13 00:00:00,"Short sell, position reconciled, bought quantity: 2000, Sold in CN No.:COMBINED/94074",9517,3639,,-1,7,81,2388,,,30
3446,4,2023-07-13 00:00:00,"F and O Contract Note,  No.:COMBINED/95576 Profit/Loss:5,678.90, Less STT:0.00, Less other Charges:0.00",-1,3643,,-1,7,81,-1,,,30
3447,4,2023-07-19 00:00:00,"Short sell, position reconciled, bought quantity: 6000, Sold in CN No.:COMBINED/95576",9669,3643,,-1,7,81,2388,,,30
3448,4,2023-07-21 00:00:00,"Short sell, position reconciled, bought quantity: 20000, Sold in CN No.:COMBINED/95576",9738,3643,,-1,7,81,2388,,,30
3449,4,2023-08-24 00:00:00,"Short sell, position reconciled, bought quantity: 1000, Sold in CN No.:COMBINED/95576",9914,3643,,-1,7,81,2388,,,30
3450,4,2022-04-18 00:00:00,"F and O Contract Note,  No.:0000558",-1,3667,,-1,7,81,-1,,,30
3451,4,2022-04-21 00:00:00,"Short sell, position reconciled, bought quantity: 50, Sold in CN No.:0000558",9572,3667,,-1,7,81,2409,,,30
3452,4,2022-04-21 00:00:00,"Short sell, position reconciled, bought quantity: 50, Sold in CN No.:0000558",9573,3667,,-1,7,81,2410,,,30
3453,4,2022-04-21 00:00:00,"F and O Contract Note,  No.:0001877 Profit/Loss:-369.39, Less STT:0.00, Less other Charges:0.00",-1,3668,,-1,7,81,-1,,,30
3454,4,2023-08-24 00:00:00,"Short sell, position reconciled, bought quantity: 6000, Sold in CN No.:COMBINED/101548",9914,3677,,-1,7,81,2388,,,30
3455,4,2023-08-24 00:00:00,"Short sell, position reconciled, bought quantity: 10000, Sold in CN No.:COMBINED/103069",9914,3680,,-1,7,81,2388,,,30
3456,4,2023-08-24 00:00:00,"Short sell, position reconciled, bought quantity: 10000, Sold in CN No.:COMBINED/104663",9914,3683,,-1,7,81,2388,,,30
3457,4,2023-08-24 00:00:00,"Short sell, position reconciled, bought quantity: 50000, Sold in CN No.:COMBINED/109304",9915,3692,,-1,7,81,2493,,,30
3458,4,2023-08-24 00:00:00,"Short sell, position reconciled, bought quantity: 25000, Sold in CN No.:COMBINED/109304",9916,3692,,-1,7,81,2494,,,30
3459,4,2023-09-21 00:00:00,"Short sell, position reconciled, bought quantity: 50000, Sold in CN No.:COMBINED/140173",10037,3698,,-1,7,81,2498,,,30
3460,4,2023-09-21 00:00:00,"Short sell, position reconciled, bought quantity: 27000, Sold in CN No.:COMBINED/140173",10038,3698,,-1,7,81,2499,,,30
3461,4,2023-09-21 00:00:00,"Short sell, position reconciled, bought quantity: 25000, Sold in CN No.:COMBINED/140173",10039,3698,,-1,7,81,2500,,,30
3462,4,2023-10-27 00:00:00,"Short sell, position reconciled, bought quantity: 50000, Sold in CN No.:COMBINED/171527",10188,3713,,-1,7,81,2561,,,30
3463,4,2023-10-27 00:00:00,"Short sell, position reconciled, bought quantity: 27000, Sold in CN No.:COMBINED/171527",10189,3713,,-1,7,81,2562,,,30
3464,4,2023-10-27 00:00:00,"Short sell, position reconciled, bought quantity: 25000, Sold in CN No.:COMBINED/171527",10190,3713,,-1,7,81,2563,,,30
3465,4,2023-11-28 00:00:00,"Short sell, position reconciled, bought quantity: 50000, Sold in CN No.:COMBINED/205278",10936,3738,,-1,7,81,2592,,,30
3466,4,2023-11-28 00:00:00,"Short sell, position reconciled, bought quantity: 27000, Sold in CN No.:COMBINED/205278",10937,3738,,-1,7,81,2593,,,30
3467,4,2023-11-28 00:00:00,"Short sell, position reconciled, bought quantity: 25000, Sold in CN No.:COMBINED/205278",10938,3738,,-1,7,81,2594,,,30
3468,4,2023-12-27 00:00:00,"Short sell, position reconciled, bought quantity: 25000, Sold in CN No.:COMBINED/234468",10952,3827,,-1,7,81,2683,,,30
3469,4,2023-12-27 00:00:00,"Short sell, position reconciled, bought quantity: 14000, Sold in CN No.:COMBINED/234468",10953,3827,,-1,7,81,2684,,,30
3470,4,2023-12-27 00:00:00,"Short sell, position reconciled, bought quantity: 25000, Sold in CN No.:COMBINED/234468",10954,3827,,-1,7,81,2685,,,30
3471,4,2021-07-01 00:00:00,"F and O Contract Note,  No.:IK2408/108403   27/JUL2021/230 Profit/Loss:172.69, Less STT:16.00, Less other Charges:0.00",-1,2925,,-1,8,81,-1,,,30
3472,4,2021-07-02 00:00:00,"F and O Contract Note,  No.:IK2408/110069   27/JUL2021/558 Profit/Loss:660.29, Less STT:6.00, Less other Charges:0.00",-1,2926,,-1,8,81,-1,,,30
3473,4,2021-07-05 00:00:00,"F and O Contract Note,  No.:IK2408/111874   27/JUL2021/898 Profit/Loss:497.85, Less STT:12.00, Less other Charges:0.00",-1,2927,,-1,8,81,-1,,,30
3474,4,2021-07-06 00:00:00,"F and O Contract Note,  No.:IK2408/113795   27/JUL2021/1257 Profit/Loss:-517.44, Less STT:195.00, Less other Charges:0.00",-1,2928,,-1,8,81,-1,,,30
3475,4,2021-10-06 00:00:00,"F and O Contract Note,  No.:IK2408/220648   27/OCT2021/1179 Profit/Loss:25,460.16, Less STT:83.00, Less other Charges:0.00",-1,2929,,-1,8,81,-1,,,30
3476,4,2021-07-07 00:00:00,"F and O Contract Note,  No.:IK2408/115623   27/JUL2021/1620 Profit/Loss:468.30, Less STT:10.00, Less other Charges:0.00",-1,2930,,-1,8,81,-1,,,30
3477,4,2021-07-09 00:00:00,"F and O Contract Note,  No.:IK2408/119097   27/JUL2021/2294 Profit/Loss:523.87, Less STT:10.00, Less other Charges:0.00",-1,2931,,-1,8,81,-1,,,30
3478,4,2021-07-12 00:00:00,"F and O Contract Note,  No.:IK2408/120813   27/JUL2021/2632 Profit/Loss:-4,812.23, Less STT:278.00, Less other Charges:0.00",-1,2932,,-1,8,81,-1,,,30
3479,4,2021-07-13 00:00:00,"F and O Contract Note,  No.:IK2408/122516   27/JUL2021/2987 Profit/Loss:-95.16, Less STT:5.00, Less other Charges:0.00",-1,2933,,-1,8,81,-1,,,30
3480,4,2021-07-15 00:00:00,"F and O Contract Note,  No.:IK2408/125995   27/JUL2021/3696 Profit/Loss:809.41, Less STT:8.00, Less other Charges:0.00",-1,2934,,-1,8,81,-1,,,30
3481,4,2021-09-15 00:00:00,"F and O Contract Note,  No.:IK2408/194430   27/SEP2021/2741",-1,2935,,-1,8,81,-1,,,30
3482,4,2021-09-28 00:00:00,"Short sell, position reconciled, bought quantity: 5700, Sold in CN No.:IK2408/194430   27/SEP2021/2741",7352,2935,,-1,8,81,1784,,,30
3483,4,2021-10-06 00:00:00,"Short sell, position reconciled, bought quantity: 5700, Sold in CN No.:IK2408/194430   27/SEP2021/2741",7309,2935,,-1,8,81,1784,,,30
3484,4,2021-07-16 00:00:00,"F and O Contract Note,  No.:IK2408/127733   27/JUL2021/4027 Profit/Loss:649.16, Less STT:7.00, Less other Charges:0.00",-1,2936,,-1,8,81,-1,,,30
3485,4,2021-09-24 00:00:00,"F and O Contract Note,  No.:IK2408/206593   27/SEP2021/4896",-1,2939,,-1,8,81,-1,,,30
3486,4,2021-10-28 00:00:00,"Short sell, position reconciled, bought quantity: 300, Sold in CN No.:IK2408/206593   27/SEP2021/4896",7399,2939,,-1,8,81,1800,,,30
3487,4,2021-06-28 00:00:00,"F and O Contract Note,  No.:IK2408/103229   27/JUN2021/6988 Profit/Loss:465.52, Less STT:12.00, Less other Charges:0.00",-1,2940,,-1,8,81,-1,,,30
3488,4,2021-07-28 00:00:00,"F and O Contract Note,  No.:IK2408/140407   27/JUL2021/6416",-1,2941,,-1,8,81,-1,,,30
3489,4,2021-09-15 00:00:00,"Short sell, position reconciled, bought quantity: 5700, Sold in CN No.:IK2408/140407   27/JUL2021/6416",7336,2941,,-1,8,81,1795,,,30
3490,4,2021-09-28 00:00:00,"F and O Contract Note,  No.:IK2408/210054   27/SEP2021/5536",-1,2942,,-1,8,81,-1,,,30
3491,4,2021-10-28 00:00:00,"Short sell, position reconciled, bought quantity: 5700, Sold in CN No.:IK2408/210054   27/SEP2021/5536",7400,2942,,-1,8,81,1803,,,30
3492,4,2021-06-29 00:00:00,"F and O Contract Note,  No.:IK2408/104948   27/JUN2021/7313 Profit/Loss:481.72, Less STT:16.00, Less other Charges:0.00",-1,2943,,-1,8,81,-1,,,30
3493,4,2021-06-30 00:00:00,"F and O Contract Note,  No.:IK2408/106698   27/JUN2021/7647 Profit/Loss:-598.16, Less STT:15.00, Less other Charges:0.00",-1,2945,,-1,8,81,-1,,,30
3494,4,2021-08-26 00:00:00,"F and O Contract Note,  Profit/Loss:-1,151.59, Less STT:0.00, Less other Charges:0.00",-1,2947,,-1,8,81,-1,,,30
3495,4,2021-10-27 00:00:00,"F and O Contract Note,  No.:IK2408/246238   27/OCT2021/5745",-1,2968,,-1,8,81,-1,,,30
3496,4,2021-11-22 00:00:00,"Short sell, position reconciled, bought quantity: 300, Sold in CN No.:IK2408/246238   27/OCT2021/5745",7428,2968,,-1,8,81,1817,,,30
3497,4,2021-06-21 00:00:00,"F and O Contract Note, , Settlement No.:manual entry",-1,3053,,-1,8,81,-1,,,30
3498,4,2021-06-24 00:00:00,"Short sell, position reconciled, bought quantity: 5700, Settlement No.:manual entry",7344,3053,,-1,8,81,1798,,,30
3499,4,2021-06-24 00:00:00,"Short sell, position reconciled, bought quantity: 5700, Settlement No.:manual entry",7345,3053,,-1,8,81,1799,,,30
3500,4,2023-06-06 00:00:00,"F and O Contract Note,  No.:COMBINED/57939 Profit/Loss:-698.00, Less STT:6.00, Less other Charges:0.00",-1,3598,,-1,8,30,-1,,,30
3501,4,2023-06-07 00:00:00,"Short sell, position reconciled, bought quantity: 50, Sold in CN No.:COMBINED/57939",9268,3598,,-1,8,30,2267,,,30
3502,4,2023-06-08 00:00:00,"Short sell, position reconciled, bought quantity: 50, Sold in CN No.:COMBINED/57939",9275,3598,,-1,8,30,2269,,,30
3503,4,2023-06-07 00:00:00,"F and O Contract Note,  No.:COMBINED/59388",-1,3599,,-1,8,30,-1,,,30
3504,4,2023-06-08 00:00:00,"Short sell, position reconciled, bought quantity: 50, Sold in CN No.:COMBINED/59388",9270,3599,,-1,8,30,2273,,,30
3505,4,2023-06-08 00:00:00,"F and O Contract Note,  No.:COMBINED/60864 Profit/Loss:-370.79, Less STT:3.00, Less other Charges:0.00",-1,3600,,-1,8,30,-1,,,30
3506,4,2023-06-09 00:00:00,"Short sell, position reconciled, bought quantity: 50, Sold in CN No.:COMBINED/60864",9276,3600,,-1,8,30,2273,,,30
3507,4,2023-06-09 00:00:00,"Short sell, position reconciled, bought quantity: 50, Sold in CN No.:COMBINED/60864",9277,3600,,-1,8,30,2274,,,30
3508,4,2023-06-09 00:00:00,"F and O Contract Note,  No.:COMBINED/62292 Profit/Loss:104.99, Less STT:1.00, Less other Charges:0.00",-1,3601,,-1,8,30,-1,,,30
3509,4,2023-06-12 00:00:00,"F and O Contract Note,  No.:COMBINED/63618",-1,3602,,-1,8,30,-1,,,30
3510,4,2023-06-14 00:00:00,"Short sell, position reconciled, bought quantity: 100, Sold in CN No.:COMBINED/63618",9283,3602,,-1,8,30,2289,,,30
3511,4,2023-06-23 00:00:00,"Short sell, position reconciled, bought quantity: 100, Sold in CN No.:COMBINED/63618",9310,3602,,-1,8,30,2293,,,30
3512,4,2023-06-14 00:00:00,"F and O Contract Note,  No.:COMBINED/66503",-1,3603,,-1,8,30,-1,,,30
3513,4,2023-06-16 00:00:00,"Short sell, position reconciled, bought quantity: 100, Sold in CN No.:COMBINED/66503",9285,3603,,-1,8,30,2290,,,30
3514,4,2023-06-16 00:00:00,"F and O Contract Note,  No.:COMBINED/69487",-1,3604,,-1,8,30,-1,,,30
3515,4,2023-06-20 00:00:00,"Short sell, position reconciled, bought quantity: 100, Sold in CN No.:COMBINED/69487",9298,3604,,-1,8,30,2292,,,30
3516,4,2023-06-19 00:00:00,"F and O Contract Note,  No.:COMBINED/70960",-1,3605,,-1,8,30,-1,,,30
3517,4,2023-06-20 00:00:00,"Short sell, position reconciled, bought quantity: 50, Sold in CN No.:COMBINED/70960",9292,3605,,-1,8,30,2300,,,30
3518,4,2023-06-20 00:00:00,"Short sell, position reconciled, bought quantity: 50, Sold in CN No.:COMBINED/70960",9293,3605,,-1,8,30,2301,,,30
3519,4,2023-06-20 00:00:00,"F and O Contract Note,  No.:COMBINED/72397 Profit/Loss:-1,766.99, Less STT:19.00, Less other Charges:0.00",-1,3606,,-1,8,30,-1,,,30
3520,4,2023-06-23 00:00:00,"Short sell, position reconciled, bought quantity: 50, Sold in CN No.:COMBINED/72397",9306,3606,,-1,8,30,2306,,,30
3521,4,2023-06-21 00:00:00,"Short sell, position reconciled, bought quantity: 100, Sold in CN No.:COMBINED/72397",9301,3606,,-1,8,30,2290,,,30
3522,4,2023-06-21 00:00:00,"Short sell, position reconciled, bought quantity: 50, Sold in CN No.:COMBINED/72397",9303,3606,,-1,8,30,2244,,,30
3523,4,2023-06-23 00:00:00,"Short sell, position reconciled, bought quantity: 50, Sold in CN No.:COMBINED/72397",9309,3606,,-1,8,30,2244,,,30
3524,4,2023-06-21 00:00:00,"F and O Contract Note,  No.:COMBINED/73840 Profit/Loss:-81.58, Less STT:9.00, Less other Charges:0.00",-1,3607,,-1,8,30,-1,,,30
3525,4,2023-06-26 00:00:00,"Short sell, position reconciled, bought quantity: 100, Sold in CN No.:COMBINED/73840",9316,3607,,-1,8,30,2292,,,30
3526,4,2023-06-23 00:00:00,"F and O Contract Note,  No.:COMBINED/76715 Profit/Loss:-687.07, Less STT:12.00, Less other Charges:0.00",-1,3608,,-1,8,30,-1,,,30
3527,4,2023-06-26 00:00:00,"Short sell, position reconciled, bought quantity: 50, Sold in CN No.:COMBINED/76715",9313,3608,,-1,8,30,2306,,,30
3528,4,2023-06-26 00:00:00,"Short sell, position reconciled, bought quantity: 50, Sold in CN No.:COMBINED/76715",9319,3608,,-1,8,30,2268,,,30
3529,4,2023-06-27 00:00:00,"Short sell, position reconciled, bought quantity: 100, Sold in CN No.:COMBINED/76715",11165,3608,,-1,8,30,2316,,,30
3530,4,2023-06-26 00:00:00,"F and O Contract Note,  No.:COMBINED/78001 Profit/Loss:-194.58, Less STT:11.00, Less other Charges:0.00",-1,3609,,-1,8,30,-1,,,30
3531,4,2023-06-27 00:00:00,"Short sell, position reconciled, bought quantity: 50, Sold in CN No.:COMBINED/78001",11163,3609,,-1,8,30,2318,,,30
3532,4,2023-06-28 00:00:00,"Short sell, position reconciled, bought quantity: 100, Sold in CN No.:COMBINED/78001",9320,3609,,-1,8,30,2307,,,30
3533,4,2023-06-27 00:00:00,"Short sell, position reconciled, bought quantity: 50, Sold in CN No.:COMBINED/78001",11164,3609,,-1,8,30,2319,,,30
3534,4,2023-06-28 00:00:00,"F and O Contract Note,  No.:COMBINED/80750 Profit/Loss:110.48, Less STT:16.00, Less other Charges:0.00",-1,3610,,-1,8,30,-1,,,30
3535,4,2023-06-30 00:00:00,"Short sell, position reconciled, bought quantity: 100, Sold in CN No.:COMBINED/80750",9328,3610,,-1,8,30,2325,,,30
3536,4,2023-06-30 00:00:00,"Short sell, position reconciled, bought quantity: 50, Sold in CN No.:COMBINED/80750",9332,3610,,-1,8,30,2326,,,30
3537,4,2023-06-30 00:00:00,"Short sell, position reconciled, bought quantity: 50, Sold in CN No.:COMBINED/80750",9338,3610,,-1,8,30,2329,,,30
3538,4,2023-06-30 00:00:00,"F and O Contract Note,  No.:COMBINED/82268 Profit/Loss:889.64, Less STT:21.00, Less other Charges:0.00",-1,3611,,-1,8,30,-1,,,30
3539,4,2023-07-04 00:00:00,"Short sell, position reconciled, bought quantity: 100, Sold in CN No.:COMBINED/82268",9404,3611,,-1,8,30,2333,,,30
3540,4,2023-07-03 00:00:00,"Short sell, position reconciled, bought quantity: 50, Sold in CN No.:COMBINED/82268",11154,3611,,-1,8,30,2336,,,30
3541,4,2023-07-03 00:00:00,"Short sell, position reconciled, bought quantity: 100, Sold in CN No.:COMBINED/82268",11155,3611,,-1,8,30,2337,,,30
3542,4,2023-07-03 00:00:00,"Short sell, position reconciled, bought quantity: 50, Sold in CN No.:COMBINED/82268",11159,3611,,-1,8,30,2339,,,30
3543,4,2023-05-31 00:00:00,"F and O Contract Note,  No.:COMBINED/52378",-1,3613,,-1,8,30,-1,,,30
3544,4,2023-06-06 00:00:00,"Short sell, position reconciled, bought quantity: 50, Sold in CN No.:COMBINED/52378",9266,3613,,-1,8,30,2250,,,30
3545,4,2023-06-05 00:00:00,"F and O Contract Note,  No.:COMBINED/56544",-1,3614,,-1,8,30,-1,,,30
3546,4,2023-06-06 00:00:00,"Short sell, position reconciled, bought quantity: 50, Sold in CN No.:COMBINED/56544",9262,3614,,-1,8,30,2259,,,30
3547,4,2023-05-29 00:00:00,"F and O Contract Note,  No.:COMBINED/49627",-1,3616,,-1,8,30,-1,,,30
3548,4,2023-06-05 00:00:00,"Short sell, position reconciled, bought quantity: 50, Sold in CN No.:COMBINED/49627",9356,3616,,-1,8,30,2243,,,30
3549,4,2023-05-31 00:00:00,"Short sell, position reconciled, bought quantity: 50, Sold in CN No.:COMBINED/49627",9353,3616,,-1,8,30,2244,,,30
3550,4,2023-07-04 00:00:00,"F and O Contract Note,  No.:COMBINED/85404",-1,3623,,-1,8,30,-1,,,30
3551,4,2023-07-07 00:00:00,"Short sell, position reconciled, bought quantity: 100, Sold in CN No.:COMBINED/85404",9442,3623,,-1,8,30,2369,,,30
3552,4,2023-07-06 00:00:00,"F and O Contract Note,  No.:COMBINED/88465",-1,3628,,-1,8,30,-1,,,30
3553,4,2023-07-07 00:00:00,"Short sell, position reconciled, bought quantity: 100, Sold in CN No.:COMBINED/88465",9440,3628,,-1,8,30,2376,,,30
3554,4,2023-07-07 00:00:00,"F and O Contract Note,  No.:COMBINED/89992",-1,3633,,-1,8,30,-1,,,30
3555,4,2023-07-11 00:00:00,"Short sell, position reconciled, bought quantity: 100, Sold in CN No.:COMBINED/89992",9454,3633,,-1,8,30,2381,,,30
3556,4,2023-07-11 00:00:00,"Short sell, position reconciled, bought quantity: 100, Sold in CN No.:COMBINED/89992",9459,3633,,-1,8,30,2345,,,30
3557,4,2023-07-11 00:00:00,"F and O Contract Note,  No.:COMBINED/92677 Profit/Loss:1,994.83, Less STT:17.00, Less other Charges:0.00",-1,3635,,-1,8,30,-1,,,30
3558,4,2023-07-13 00:00:00,"Short sell, position reconciled, bought quantity: 100, Sold in CN No.:COMBINED/92677",9508,3635,,-1,8,30,2385,,,30
3559,4,2023-07-12 00:00:00,"Short sell, position reconciled, bought quantity: 100, Sold in CN No.:COMBINED/92677",9475,3635,,-1,8,30,2387,,,30
3560,4,2023-07-12 00:00:00,"F and O Contract Note,  No.:COMBINED/94074 Profit/Loss:619.05, Less STT:7.00, Less other Charges:0.00",-1,3638,,-1,8,30,-1,,,30
3561,4,2023-07-13 00:00:00,"Short sell, position reconciled, bought quantity: 100, Sold in CN No.:COMBINED/94074",9515,3638,,-1,8,30,2389,,,30
3562,4,2023-07-13 00:00:00,"F and O Contract Note,  No.:COMBINED/95576 Profit/Loss:1,759.01, Less STT:15.00, Less other Charges:0.00",-1,3642,,-1,8,30,-1,,,30
3563,4,2023-07-14 00:00:00,"Short sell, position reconciled, bought quantity: 100, Sold in CN No.:COMBINED/95576",9664,3642,,-1,8,30,2386,,,30
3564,4,2023-07-14 00:00:00,"Short sell, position reconciled, bought quantity: 100, Sold in CN No.:COMBINED/95576",9665,3642,,-1,8,30,2345,,,30
3565,4,2023-07-17 00:00:00,"F and O Contract Note,  No.:COMBINED/98565 Profit/Loss:238.97, Less STT:11.00, Less other Charges:0.00",-1,3670,,-1,8,30,-1,,,30
3566,4,2023-07-18 00:00:00,"Short sell, position reconciled, bought quantity: 100, Sold in CN No.:COMBINED/98565",9616,3670,,-1,8,30,2420,,,30
3567,4,2023-07-19 00:00:00,"Short sell, position reconciled, bought quantity: 100, Sold in CN No.:COMBINED/98565",9639,3670,,-1,8,30,2423,,,30
3568,4,2023-07-18 00:00:00,"F and O Contract Note,  No.:COMBINED/100048",-1,3672,,-1,8,30,-1,,,30
3569,4,2023-07-19 00:00:00,"Short sell, position reconciled, bought quantity: 100, Sold in CN No.:COMBINED/100048",9636,3672,,-1,8,30,2428,,,30
3570,4,2023-07-19 00:00:00,"F and O Contract Note,  No.:COMBINED/101548",-1,3674,,-1,8,30,-1,,,30
3571,4,2023-07-20 00:00:00,"Short sell, position reconciled, bought quantity: 100, Sold in CN No.:COMBINED/101548",9675,3674,,-1,8,30,2436,,,30
3572,4,2023-07-20 00:00:00,"Short sell, position reconciled, bought quantity: 100, Sold in CN No.:COMBINED/101548",9676,3674,,-1,8,30,2437,,,30
3573,4,2023-07-14 00:00:00,"F and O Contract Note,  No.:COMBINED/97065 Profit/Loss:-2,614.27, Less STT:20.00, Less other Charges:0.00",-1,3676,,-1,8,30,-1,,,30
3574,4,2023-07-17 00:00:00,"Short sell, position reconciled, bought quantity: 100, Sold in CN No.:COMBINED/97065",9599,3676,,-1,8,30,2376,,,30
3575,4,2023-07-17 00:00:00,"Short sell, position reconciled, bought quantity: 100, Sold in CN No.:COMBINED/97065",9600,3676,,-1,8,30,2421,,,30
3576,4,2023-07-20 00:00:00,"F and O Contract Note,  No.:COMBINED/103069 Profit/Loss:-4,683.38, Less STT:27.00, Less other Charges:0.00",-1,3678,,-1,8,30,-1,,,30
3577,4,2023-07-21 00:00:00,"Short sell, position reconciled, bought quantity: 100, Sold in CN No.:COMBINED/103069",9734,3678,,-1,8,30,2441,,,30
3578,4,2023-07-21 00:00:00,"Short sell, position reconciled, bought quantity: 100, Sold in CN No.:COMBINED/103069",9737,3678,,-1,8,30,2443,,,30
3579,4,2023-07-21 00:00:00,"F and O Contract Note,  No.:COMBINED/104663 Profit/Loss:1,710.13, Less STT:32.00, Less other Charges:0.00",-1,3682,,-1,8,30,-1,,,30
3580,4,2023-07-24 00:00:00,"Short sell, position reconciled, bought quantity: 100, Sold in CN No.:COMBINED/104663",9756,3682,,-1,8,30,2488,,,30
3581,4,2023-07-24 00:00:00,"Short sell, position reconciled, bought quantity: 100, Sold in CN No.:COMBINED/104663",9757,3682,,-1,8,30,2437,,,30
3582,4,2023-07-24 00:00:00,"F and O Contract Note,  No.:COMBINED/106210 Profit/Loss:920.95, Less STT:20.00, Less other Charges:0.00",-1,3685,,-1,8,30,-1,,,30
3583,4,2023-07-25 00:00:00,"Short sell, position reconciled, bought quantity: 100, Sold in CN No.:COMBINED/106210",9762,3685,,-1,8,30,2376,,,30
3584,4,2023-07-26 00:00:00,"Short sell, position reconciled, bought quantity: 100, Sold in CN No.:COMBINED/106210",9778,3685,,-1,8,30,2490,,,30
3585,4,2023-07-25 00:00:00,"F and O Contract Note,  No.:COMBINED/107792",-1,3687,,-1,8,30,-1,,,30
3586,4,2023-07-26 00:00:00,"Short sell, position reconciled, bought quantity: 100, Sold in CN No.:COMBINED/107792",9779,3687,,-1,8,30,2387,,,30
3587,4,2023-07-26 00:00:00,"F and O Contract Note,  No.:COMBINED/109304 Profit/Loss:-1,674.64, Less STT:17.00, Less other Charges:0.00",-1,3689,,-1,8,30,-1,,,30
3588,4,2023-07-27 00:00:00,"Short sell, position reconciled, bought quantity: 100, Sold in CN No.:COMBINED/109304",9832,3689,,-1,8,30,2376,,,30
3589,4,2023-07-27 00:00:00,"Short sell, position reconciled, bought quantity: 100, Sold in CN No.:COMBINED/109304",9838,3689,,-1,8,30,2488,,,30
3590,4,2023-07-27 00:00:00,"F and O Contract Note,  No.:COMBINED/110861 Profit/Loss:-7,548.78, Less STT:17.00, Less other Charges:0.00",-1,3693,,-1,8,30,-1,,,30
3591,4,2023-07-03 00:00:00,"F and O Contract Note,  No.:COMBINED/83862 Profit/Loss:-189.87, Less STT:7.00, Less other Charges:0.00",-1,3872,,-1,8,30,-1,,,30
3592,4,2023-07-06 00:00:00,"Short sell, position reconciled, bought quantity: 100, Sold in CN No.:COMBINED/83862",9418,3872,,-1,8,30,2345,,,30
3593,4,2023-06-27 00:00:00,"F and O Contract Note,  No.:COMBINED/79309 Profit/Loss:40.10, Less STT:7.00, Less other Charges:0.00",-1,3873,,-1,8,30,-1,,,30
3594,4,2023-06-28 00:00:00,"Short sell, position reconciled, bought quantity: 50, Sold in CN No.:COMBINED/79309",9323,3873,,-1,8,30,2327,,,30
3595,4,2023-06-28 00:00:00,"Short sell, position reconciled, bought quantity: 50, Sold in CN No.:COMBINED/79309",9325,3873,,-1,8,30,2328,,,30
3596,4,2023-06-30 00:00:00,"Short sell, position reconciled, bought quantity: 100, Sold in CN No.:COMBINED/79309",9337,3873,,-1,8,30,2338,,,30
3597,4,2025-07-23 00:00:00,"F and O Contract Note,  No.:COMBINED/88576:23-07-2025",-1,4104,,-1,8,30,-1,,,30
3598,4,2025-08-28 00:00:00,"Short sell, position reconciled, bought quantity: 2350, Sold in CN No.:COMBINED/88576:23-07-2025",14026,4104,,-1,8,30,3030,,,30
3599,4,2025-08-28 00:00:00,"F and O Contract Note,  No.:COMBINED/114069:28-08-2025 Profit/Loss:-6,362.86, Less STT:147.00, Less other Charges:69.04",-1,4116,,-1,8,30,-1,,,30
3600,4,2023-04-12 00:00:00,"Short sell, position reconciled, bought quantity: 50000, Settlement No.:OPENING",11652,3920,,-1,66,81,2823,,,30
3601,4,2023-04-13 00:00:00,"Short sell, position reconciled, bought quantity: 30000, Settlement No.:OPENING",11648,3920,,-1,66,81,2823,,,30
3602,4,2023-04-12 00:00:00,"Short sell, position reconciled, bought quantity: 61000, Settlement No.:OPENING",11653,3920,,-1,66,81,2824,,,30
3603,4,2023-04-13 00:00:00,"Short sell, position reconciled, bought quantity: 25000, Settlement No.:OPENING",11647,3920,,-1,66,81,2825,,,30
3604,4,2019-04-08 00:00:00,Investment for PPF SPS - ,5845,10,,-1,1,120,777,,,31
3605,4,2019-04-08 00:00:00,Part Payment,5794,-1,,-1,1,50,1114,,,31
3606,4,2019-04-18 00:00:00,Part Payment,5790,-1,,-1,1,50,1118,,,31
3607,4,2019-05-08 00:00:00,Part Payment,5792,-1,,-1,1,50,1349,,,31
3608,4,2020-03-22 00:00:00,Investment for SPS SBI FD 1 - 9TH MAY 2020 - ,6049,17,,-1,1,95,1434,,,31
3609,4,2020-03-23 00:00:00,Investment for SPS SBI FD 2 - 22ND MAY 2020 - ,6050,18,,-1,1,95,1435,,,31
3610,4,2020-03-23 00:00:00,Investment for SPS SBI FD 3 - 6TH JUNE 2020 - ,6051,19,,-1,1,95,1436,,,31
3611,4,2020-03-23 00:00:00,Investment for SPS SBI FD 4 - 21ST JUNE 2020 - ,6052,20,,-1,1,95,1437,,,31
3612,4,2020-03-23 00:00:00,Investment for SPS SBI FD 5 - 16TH  JULY 2020 - ,6053,21,,-1,1,95,1438,,,31
3613,4,2020-03-24 00:00:00,Investment for SPS HDFC FD 1 - 10TH MAY 2020 - ,6074,32,,-1,1,95,1453,,,31
3614,4,2020-03-24 00:00:00,Investment for SPS HDFC FD 2 - 11TH MAY 2020 - ,6075,33,,-1,1,95,1454,,,31
3615,4,2020-03-24 00:00:00,Investment for SPS HDFC FD 3 - 10TH MAY 2020 - ,6076,34,,-1,1,95,1455,,,31
3616,4,2020-03-26 00:00:00,Investment for SPS SBI FD 6 - 13TH MAY 2020 - ,6081,35,,-1,1,95,1456,,,31
3617,4,2020-03-26 00:00:00,Investment for SPS SBI FD 7 - 14TH MAY 2020 - ,6082,36,,-1,1,95,1458,,,31
3618,4,2020-03-26 00:00:00,Investment for SPS SBI FD 8 - 15TH MAY 2020 - ,6083,37,,-1,1,95,1459,,,31
3619,4,2020-03-26 00:00:00,Investment for SPS SBI FD 9 - 16TH MAY 2020 - ,6085,39,,-1,1,95,1461,,,31
3620,4,2020-03-26 00:00:00,Investment for SPS SBI FD 10 - 17TH MAY 2020 - ,6086,40,,-1,1,95,1462,,,31
3621,4,2020-03-26 00:00:00,Investment for SPS HDFC FD 4 - 15TH MAY 2020 - ,6087,41,,-1,1,95,1463,,,31
3622,4,2020-03-26 00:00:00,Investment for SPS HDFC FD 5 - 13TH MAY 2020 - ,6088,42,,-1,1,95,1464,,,31
3623,4,2020-03-27 00:00:00,Investment for SPS HDFC FD 6 - 25TH JULY 2020 - ,6104,43,,-1,1,95,1466,,,31
3624,4,2020-03-27 00:00:00,Investment for SPS HDFC FD 7 - 25TH JULY 2020 - ,6105,44,,-1,1,95,1467,,,31
3625,4,2020-03-28 00:00:00,Investment for SPS SBI FD - 26 JUNE 2020 - ,6137,47,,-1,1,95,1473,,,31
3626,4,2020-03-31 00:00:00,Interest (Cumulative) : ,6175,-1,,-1,1,120,777,,,31
3627,4,2020-04-08 00:00:00,Investment for SPS HDFC FD - 13TH OCT 2020 - ,6180,48,,-1,1,95,1480,,,31
3628,4,2020-04-08 00:00:00,Investment for SPS HDFC FD 2 - 13TH OCT 2020 - ,6181,49,,-1,1,95,1481,,,31
3629,4,2020-04-08 00:00:00,Investment for SPS HDFC FD 3 - 13TH OCT 2020 - ,6182,50,,-1,1,95,1482,,,31
3630,4,2020-05-01 00:00:00,Investment for PPF SPS -  for fy 20-21,6235,10,,-1,1,120,777,,,31
3631,4,2020-05-09 00:00:00,Withdrawal from SPS SBI FD 1 - 9TH MAY 2020,6682,-1,,-1,1,95,1434,,,31
3632,4,2020-05-10 00:00:00,Withdrawal from SPS HDFC FD 1 - 10TH MAY 2020,6674,-1,,-1,1,95,1453,,,31
3633,4,2020-05-10 00:00:00,Withdrawal from SPS HDFC FD 3 - 10TH MAY 2020,6676,-1,,-1,1,95,1455,,,31
3634,4,2020-05-10 00:00:00,Withdrawal from SPS HDFC FD 4 - 15TH MAY 2020,6677,-1,,-1,1,95,1463,,,31
3635,4,2020-05-11 00:00:00,Withdrawal from SPS HDFC FD 2 - 11TH MAY 2020,6675,-1,,-1,1,95,1454,,,31
3636,4,2020-05-13 00:00:00,Withdrawal from SPS SBI FD 6 - 13TH MAY 2020,6687,-1,,-1,1,95,1456,,,31
3637,4,2020-05-13 00:00:00,Withdrawal from SPS HDFC FD 5 - 13TH MAY 2020,6678,-1,,-1,1,95,1464,,,31
3638,4,2020-05-14 00:00:00,Withdrawal from SPS SBI FD 7 - 14TH MAY 2020,6686,-1,,-1,1,95,1458,,,31
3639,4,2020-05-16 00:00:00,Withdrawal from SPS SBI FD 8 - 15TH MAY 2020,6685,-1,,-1,1,95,1459,,,31
3640,4,2020-05-16 00:00:00,Withdrawal from SPS SBI FD 9 - 16TH MAY 2020,6684,-1,,-1,1,95,1461,,,31
3641,4,2020-05-17 00:00:00,Withdrawal from SPS SBI FD 10 - 17TH MAY 2020,6683,-1,,-1,1,95,1462,,,31
3642,4,2020-05-22 00:00:00,Withdrawal from SPS SBI FD 2 - 22ND MAY 2020,6691,-1,,-1,1,95,1435,,,31
3643,4,2020-06-06 00:00:00,Withdrawal from SPS SBI FD 3 - 6TH JUNE 2020,6690,-1,,-1,1,95,1436,,,31
3644,4,2020-06-21 00:00:00,Withdrawal from SPS SBI FD 4 - 21ST JUNE 2020,6689,-1,,-1,1,95,1437,,,31
3645,4,2020-06-26 00:00:00,Withdrawal from SPS SBI FD - 26 JUNE 2020,6681,-1,,-1,1,95,1473,,,31
3646,4,2020-07-16 00:00:00,Withdrawal from SPS SBI FD 5 - 16TH  JULY 2020,6688,-1,,-1,1,95,1438,,,31
3647,4,2020-07-25 00:00:00,Withdrawal from SPS HDFC FD 6 - 25TH JULY 2020,6679,-1,,-1,1,95,1466,,,31
3648,4,2020-07-25 00:00:00,Withdrawal from SPS HDFC FD 7 - 25TH JULY 2020,6680,-1,,-1,1,95,1467,,,31
3649,4,2020-10-05 00:00:00,Quantity bought 10528.865 @37.99,6920,-1,,-1,1,60,1645,,,31
3650,4,2020-10-13 00:00:00,Quantity bought 10448.908 @38.28,6921,-1,,-1,1,60,1645,,,31
3651,4,2020-10-13 00:00:00,Withdrawal from SPS HDFC FD - 13TH OCT 2020,6575,-1,,-1,1,95,1480,,,31
3652,4,2020-10-13 00:00:00,Withdrawal from SPS HDFC FD 2 - 13TH OCT 2020,6576,-1,,-1,1,95,1481,,,31
3653,4,2020-10-13 00:00:00,Withdrawal from SPS HDFC FD 3 - 13TH OCT 2020,6579,-1,,-1,1,95,1482,,,31
3654,4,2021-01-06 00:00:00,Quantity bought 6848.347 @65.71,6922,-1,,-1,1,60,1646,,,31
3655,4,2021-03-31 00:00:00,Interest (Cumulative) :  it for fy 20-21,6833,-1,,-1,1,120,777,,,31
3656,4,2021-04-01 00:00:00,Investment for PPF SPS -  INV FOR FY 21-22,6840,10,,-1,1,120,777,,,31
3657,4,2021-04-15 00:00:00,Quantity bought 121.0007 @41.32,6923,-1,,-1,1,60,1647,,,31
3658,4,2021-05-04 00:00:00,Quantity sold 6848.347  @ 65.14,6981,-1,,-1,1,60,1646,,,31
3659,4,2021-05-05 00:00:00,Quantity bought 119.454 @41.86,6979,-1,,-1,1,60,1647,,,31
3660,4,2021-06-04 00:00:00,Quantity bought 114.727 @43.58,7027,-1,,-1,1,60,1647,,,31
3661,4,2021-06-21 00:00:00,"Quantity bought 84.38 @2,962.79",7097,-1,,-1,1,60,1717,,,31
3662,4,2021-06-28 00:00:00,Quantity bought 26.328 @94.96,7094,-1,,-1,1,60,1715,,,31
3663,4,2021-07-05 00:00:00,Quantity bought 108.64 @46.02,7093,-1,,-1,1,60,1647,,,31
3664,4,2021-07-19 00:00:00,Quantity bought 23.8197 @41.98,7137,-1,,-1,1,60,1731,,,31
3665,4,2021-07-27 00:00:00,Quantity sold 3125  @ 12.66,7155,-1,,-1,1,60,1643,,,31
3666,4,2021-07-28 00:00:00,Quantity bought 25.361 @98.58,7169,-1,,-1,1,60,1715,,,31
3667,4,2021-08-04 00:00:00,Quantity bought 103.313 @48.40,7174,-1,,-1,1,60,1647,,,31
3668,4,2021-08-06 00:00:00,Quantity bought 23.195 @43.11,7177,-1,,-1,1,60,1731,,,31
3669,4,2021-08-30 00:00:00,Quantity bought 24.22 @103.22,7192,-1,,-1,1,60,1715,,,31
3670,4,2021-09-01 00:00:00,Quantity sold 9375  @ 12.74,7187,-1,,-1,1,60,1643,,,31
3671,4,2021-09-03 00:00:00,Quantity bought 98.28 @50.88,7196,-1,,-1,1,60,1647,,,31
3672,4,2021-09-06 00:00:00,Quantity bought 21.757 @45.96,7202,-1,,-1,1,60,1731,,,31
3673,4,2021-09-21 00:00:00,Quantity bought 3058.08 @52.32,7212,-1,,-1,1,60,1754,,,31
3674,4,2021-09-21 00:00:00,Quantity sold 1572.961  @ 101.72,7215,-1,,-1,1,60,1644,,,31
3675,4,2021-09-28 00:00:00,Quantity bought 23.608 @105.90,7440,-1,,-1,1,60,1715,,,31
3676,4,2021-09-30 00:00:00,Quantity bought 94.986 @52.64,7223,-1,,-1,1,60,1647,,,31
3677,4,2021-10-01 00:00:00,Interest (Payout) from National Highways Authority of India NCD NE 7.69% 09/03/2031 (ISIN INE906B07EP5) (),7222,-1,,-1,1,40,1532,,,31
3678,4,2021-10-01 00:00:00,Interest (Payout) from National Highways Authority of India NCD NE 7.69% 09/03/2031 (ISIN INE906B07EP5) ( 378 bonds),7224,-1,,-1,1,40,1532,,,31
3679,4,2021-10-06 00:00:00,Quantity bought 21.376 @46.78,7235,-1,,-1,1,60,1731,,,31
3680,4,2021-10-14 00:00:00,Quantity bought 11.139 @448.87,7241,-1,,-1,1,60,1759,,,31
3681,4,2021-10-16 00:00:00,Interest (Payout) from Indian Railway Finance Corporation NCD NJ 7.53% 21/12/2030 (ISIN INE053F07835) ( Zerodha - 229 qty),7369,-1,,-1,1,40,1530,,,31
3682,4,2021-10-16 00:00:00,Interest (Payout) from Indian Railway Finance Corporation NCD NJ 7.53% 21/12/2030 (ISIN INE053F07835) ( r k global - 13 qty),7370,-1,,-1,1,40,1530,,,31
3683,4,2021-10-16 00:00:00,Interest (Payout) from Indian Railway Finance Corporation NCD NO 7.64% 22/03/2031 (ISIN INE053F07900) ( r k global - 150 qty kotak),7371,-1,,-1,1,40,1685,,,31
3684,4,2021-10-21 00:00:00,Interest (Payout) from National Highways Authority of India NCD NE 7.69% 09/03/2031 (ISIN INE906B07EP5) ( RKSV),7385,-1,,-1,1,40,1532,,,31
3685,4,2021-10-28 00:00:00,Quantity bought 23.354 @107.05,7402,-1,,-1,1,60,1715,,,31
3686,4,2021-10-28 00:00:00,Quantity bought 3.551 @422.42,7409,-1,,-1,1,60,1759,,,31
3687,4,2021-11-06 00:00:00,Quantity bought 21.034 @47.54,7413,-1,,-1,1,60,1731,,,31
3688,4,2021-11-12 00:00:00,Quantity bought 3.369 @445.24,7408,-1,,-1,1,60,1759,,,31
3689,4,2021-11-23 00:00:00,Quantity bought 100 @96.06,7435,68,,-1,1,70,1819,,,31
3690,4,2021-11-29 00:00:00,Quantity bought 23.98 @104.25,7441,-1,,-1,1,60,1715,,,31
3691,4,2021-11-29 00:00:00,Quantity bought 3.51 @427.35,7468,-1,,-1,1,60,1759,,,31
3692,4,2021-12-06 00:00:00,Quantity bought 21.743 @45.99,7465,-1,,-1,1,60,1731,,,31
3693,4,2021-12-06 00:00:00,Investment for 7.72 GS 2055 -  780 @ 109,7566,76,,-1,1,115,1842,,,31
3694,4,2021-12-07 00:00:00,Investment for Bajaj Finserv 1 - ,7444,69,,-1,1,95,1821,,,31
3695,4,2021-12-10 00:00:00,Investment for HDFC FD SPS 1 - ,7478,72,,-1,1,95,1826,,,31
3696,4,2021-12-13 00:00:00,Quantity bought 3.366 @445.63,7469,-1,,-1,1,60,1759,,,31
3697,4,2021-12-27 00:00:00,Quantity bought 3.513 @426.99,7470,-1,,-1,1,60,1759,,,31
3698,4,2021-12-28 00:00:00,Quantity bought 23.625 @105.82,7475,-1,,-1,1,60,1715,,,31
3699,4,2022-01-06 00:00:00,Quantity bought 21.357 @46.82,7466,-1,,-1,1,60,1731,,,31
3700,4,2022-01-11 00:00:00,Quantity bought 3.363 @446.03,7471,-1,,-1,1,60,1759,,,31
3701,4,2022-01-13 00:00:00,Interest (Payout) from Housing & Urban Development Corporation NCD 9.01% 13/01/2034 (ISIN INE031A07AB2) (),7477,-1,,-1,1,40,1576,,,31
3702,4,2022-01-27 00:00:00,Quantity bought 3.503 @428.20,7516,-1,,-1,1,60,1759,,,31
3703,4,2022-01-28 00:00:00,Quantity bought 23.772 @105.17,7513,-1,,-1,1,60,1715,,,31
3704,4,2022-01-31 00:00:00,Interest (Payout) from Housing & Urban Development Corporation NCD 7.64% 08/02/2031 (ISIN INE031A07AO5) (),7524,-1,,-1,1,40,1520,,,31
3705,4,2022-02-08 00:00:00,Quantity bought 21.93 @45.60,7511,-1,,-1,1,60,1731,,,31
3706,4,2022-02-10 00:00:00,Quantity bought 3.366 @445.63,7515,-1,,-1,1,60,1759,,,31
3707,4,2022-02-28 00:00:00,Quantity bought 24.979 @100.08,7553,-1,,-1,1,60,1715,,,31
3708,4,2022-03-02 00:00:00,Quantity bought 3.665 @409.28,7541,-1,,-1,1,60,1759,,,31
3709,4,2022-03-07 00:00:00,Quantity bought 24.22 @41.29,7550,-1,,-1,1,60,1731,,,31
3710,4,2022-03-15 00:00:00,Quantity bought 3.611 @415.40,7565,-1,,-1,1,60,1759,,,31
3711,4,2022-03-23 00:00:00,Interest (Payout) from National Bank for Agriculture & Rural Development NCD 7.64% 23/03/2031 (ISIN INE261F07032) (),7653,-1,,-1,1,40,1526,,,31
3712,4,2022-03-23 00:00:00,Interest (Payout) from National Bank for Agriculture & Rural Development NCD 7.64% 23/03/2031 (ISIN INE261F07032) (),7656,-1,,-1,1,40,1526,,,31
3713,4,2022-03-28 00:00:00,Quantity bought 24.368 @102.59,7669,-1,,-1,1,60,1715,,,31
3714,4,2022-03-28 00:00:00,Quantity bought 3.431 @437.19,7672,-1,,-1,1,60,1759,,,31
3715,4,2022-03-31 00:00:00,Interest (Cumulative) : ,7688,-1,,-1,1,120,777,,,31
3716,4,2022-04-02 00:00:00,Investment for PPF SPS - ,7693,10,,-1,1,120,777,,,31
3717,4,2022-04-06 00:00:00,Quantity bought 21.833 @45.80,7750,-1,,-1,1,60,1731,,,31
3718,4,2022-04-11 00:00:00,Quantity bought 3.19 @470.22,7742,-1,,-1,1,60,1759,,,31
3719,4,2022-04-26 00:00:00,Quantity bought 3.305 @453.86,7830,-1,,-1,1,60,1759,,,31
3720,4,2022-04-27 00:00:00,Quantity sold 20977.773  @ 40.23,7838,-1,,-1,1,60,1645,,,31
3721,4,2022-04-28 00:00:00,Quantity bought 24.362 @102.62,7824,-1,,-1,1,60,1715,,,31
3722,4,2022-05-06 00:00:00,Quantity bought 23.825 @41.97,7869,-1,,-1,1,60,1731,,,31
3723,4,2022-05-11 00:00:00,Quantity bought 3.729 @402.25,7849,-1,,-1,1,60,1759,,,31
3724,4,2022-05-12 00:00:00,Quantity bought 3.801 @394.63,7841,-1,,-1,1,60,1759,,,31
3725,4,2022-05-26 00:00:00,Quantity bought 8.59 @407.45,7893,-1,,-1,1,60,1759,,,31
3726,4,2022-05-30 00:00:00,Quantity bought 25.218 @99.14,7907,-1,,-1,1,60,1715,,,31
3727,4,2022-06-06 00:00:00,Quantity bought 23.645 @42.29,7933,-1,,-1,1,60,1731,,,31
3728,4,2022-06-10 00:00:00,Quantity bought 8.494 @412.06,7937,-1,,-1,1,60,1759,,,31
3729,4,2022-06-15 00:00:00,Interest (Payout) from G-Sec 6.67% GS 2035 (ISIN IN0020210152) (),12055,-1,,-1,1,40,2899,,,31
3730,4,2022-06-16 00:00:00,Quantity sold 4969.915  @ 24.51,7987,-1,,-1,1,60,1642,,,31
3731,4,2022-06-17 00:00:00,Interest (Payout) from G-Sec 6.67% GS 2050 (ISIN IN0020200252) (),12043,-1,,-1,1,40,2896,,,31
3732,4,2022-06-22 00:00:00,Quantity bought 2500 @94.13,8014,84,,-1,1,70,1906,,,31
3733,4,2022-06-28 00:00:00,Quantity bought 26.509 @94.31,8018,-1,,-1,1,60,1715,,,31
3734,4,2022-06-30 00:00:00,Interest (Payout) from Rural Electrification Corporation BONDS 8.12% 27/03/2027 (ISIN INE020B07GH7) (),8112,-1,,-1,1,40,1508,,,31
3735,4,2022-07-06 00:00:00,Quantity bought 23.53 @42.50,8284,-1,,-1,1,60,1731,,,31
3736,4,2022-07-07 00:00:00,Quantity bought 247.809 @403.54,8067,-1,,-1,1,60,1759,,,31
3737,4,2022-07-12 00:00:00,Interest (Payout) from G-Sec 6.10% GS 2031 (ISIN IN0020210095) (),12037,-1,,-1,1,40,2895,,,31
3738,4,2022-07-20 00:00:00,"Quantity bought 162.227 @3,082.10",8076,-1,,-1,1,60,1717,,,31
3739,4,2022-07-21 00:00:00,Quantity bought 8.253 @424.09,8077,-1,,-1,1,60,1759,,,31
3740,4,2022-07-28 00:00:00,Quantity bought 24.217 @103.23,8090,-1,,-1,1,60,1715,,,31
3741,4,2022-08-06 00:00:00,Quantity bought 21.977 @45.50,8131,-1,,-1,1,60,1731,,,31
3742,4,2022-08-10 00:00:00,Quantity bought 7.965 @439.42,8129,-1,,-1,1,60,1759,,,31
3743,4,2022-08-29 00:00:00,Quantity bought 23.574 @106.05,8186,-1,,-1,1,60,1715,,,31
3744,4,2022-08-29 00:00:00,Quantity bought 18.937 @448.86,8188,-1,,-1,1,60,1759,,,31
3745,4,2022-09-28 00:00:00,Quantity bought 24.325 @102.77,8323,-1,,-1,1,60,1715,,,31
3746,4,2022-10-01 00:00:00,Interest (Payout) from National Highways Authority of India NCD NE 7.69% 09/03/2031 (ISIN INE906B07EP5) (),8320,-1,,-1,1,40,1532,,,31
3747,4,2022-10-01 00:00:00,Interest (Payout) from National Highways Authority of India NCD NE 7.69% 09/03/2031 (ISIN INE906B07EP5) (),8322,-1,,-1,1,40,1532,,,31
3748,4,2022-10-15 00:00:00,Interest (Payout) from Indian Railway Finance Corporation NCD NO 7.64% 22/03/2031 (ISIN INE053F07900) (),8378,-1,,-1,1,40,1685,,,31
3749,4,2022-10-27 00:00:00,Interest (Payout) from 7.72 GS 2055 (),8420,-1,,-1,1,115,1842,,,31
3750,4,2022-10-28 00:00:00,Quantity bought 23.711 @105.44,8379,-1,,-1,1,60,1715,,,31
3751,4,2022-11-21 00:00:00,Quantity bought 104.345 @479.18,8400,-1,,-1,1,60,1963,,,31
3752,4,2022-11-23 00:00:00,Interest (Payout) from G-Sec 7.54% GS 2036 (ISIN IN0020220029) (),12032,-1,,-1,1,40,2894,,,31
3753,4,2022-11-24 00:00:00,Interest (Payout) from T Bill 24/11/22 ( INTEREST ON TBILL),9564,-1,,-1,1,70,1819,,,31
3754,4,2022-11-24 00:00:00,Quantity sold 100  @ 96.06,9566,-1,,-1,1,70,1819,,,31
3755,4,2022-11-28 00:00:00,Quantity bought 22.871 @109.31,8459,-1,,-1,1,60,1715,,,31
3756,4,2022-12-07 00:00:00,Withdrawal from Bajaj Finserv 1,8467,-1,,-1,1,95,1821,,,31
3757,4,2022-12-11 00:00:00,"Quantity sold 15.861  @ 3,152.39",8502,-1,,-1,1,60,1717,,,31
3758,4,2022-12-12 00:00:00,"Quantity sold 15.858  @ 3,152.98",8500,-1,,-1,1,60,1717,,,31
3759,4,2022-12-12 00:00:00,"Quantity sold 31.716  @ 3,152.98",8501,-1,,-1,1,60,1717,,,31
3760,4,2022-12-13 00:00:00,"Quantity sold 15.855  @ 3,153.58",8498,-1,,-1,1,60,1717,,,31
3761,4,2022-12-13 00:00:00,"Quantity sold 79.277  @ 3,153.50",8499,-1,,-1,1,60,1717,,,31
3762,4,2022-12-14 00:00:00,IPO/Rights,8524,-1,,-1,1,50,1988,,,31
3763,4,2022-12-14 00:00:00,"Quantity sold 63.41  @ 3,154.08",8497,-1,,-1,1,60,1717,,,31
3764,4,2022-12-15 00:00:00,Interest (Payout) from G-Sec 6.67% GS 2035 (ISIN IN0020210152) (),12056,-1,,-1,1,40,2899,,,31
3765,4,2022-12-17 00:00:00,Interest (Payout) from G-Sec 6.67% GS 2050 (ISIN IN0020200252) (),12044,-1,,-1,1,40,2896,,,31
3766,4,2022-12-28 00:00:00,Quantity bought 23.522 @106.28,8573,-1,,-1,1,60,1715,,,31
3767,4,2023-01-12 00:00:00,Interest (Payout) from G-Sec 6.10% GS 2031 (ISIN IN0020210095) (),12038,-1,,-1,1,40,2895,,,31
3768,4,2023-01-13 00:00:00,Interest (Payout) from Housing & Urban Development Corporation NCD 9.01% 13/01/2034 (ISIN INE031A07AB2) (),8682,-1,,-1,1,40,1576,,,31
3769,4,2023-01-24 00:00:00,Quantity bought 117.98 @152.57,8604,-1,,-1,1,60,2095,,,31
3770,4,2023-01-30 00:00:00,Quantity bought 24.154 @103.50,8632,-1,,-1,1,60,1715,,,31
3771,4,2023-02-08 00:00:00,Interest (Payout) from Housing & Urban Development Corporation NCD 7.64% 08/02/2031 (ISIN INE031A07AO5) (),8683,-1,,-1,1,40,1520,,,31
3772,4,2023-02-28 00:00:00,Quantity bought 24.193 @103.34,8672,-1,,-1,1,60,1715,,,31
3773,4,2023-03-13 00:00:00,Withdrawal from HDFC FD SPS 1,8723,-1,,-1,1,95,1826,,,31
3774,4,2023-03-28 00:00:00,Quantity bought 24.866 @100.54,8725,-1,,-1,1,60,1715,,,31
3775,4,2023-03-31 00:00:00,Quantity bought 423.311 @59.06,8740,-1,,-1,1,60,2132,,,31
3776,4,2023-03-31 00:00:00,Interest (Cumulative) : ,8743,-1,,-1,1,120,777,,,31
3777,4,2023-03-31 00:00:00,Quantity sold 901.311  @ 110.49,8782,-1,,-1,1,60,1644,,,31
3778,4,2023-04-03 00:00:00,"Quantity bought 61.907 @1,211.49",8763,-1,,-1,1,60,2134,,,31
3779,4,2023-04-17 00:00:00,"Quantity bought 40.921 @1,221.87",8821,-1,,-1,1,60,2134,,,31
3780,4,2023-04-17 00:00:00,Quantity bought 201.563 @248.06,8820,-1,,-1,1,60,2203,,,31
3781,4,2023-04-26 00:00:00,Interest (Payout) from 7.72 GS 2055 (),11638,-1,,-1,1,115,1842,,,31
3782,4,2023-04-28 00:00:00,Quantity bought 23.464 @106.55,8841,-1,,-1,1,60,1715,,,31
3783,4,2023-05-03 00:00:00,"Quantity bought 89.881 @4,450.33",8840,-1,,-1,1,60,2209,,,31
3784,4,2023-05-04 00:00:00,"Quantity bought 72.181 @5,541.62",8853,-1,,-1,1,60,2228,,,31
3785,4,2023-05-17 00:00:00,"Quantity sold 5.602  @ 4,462.69",8854,-1,,-1,1,60,2209,,,31
3786,4,2023-05-18 00:00:00,"Quantity bought 19.768 @1,264.67",8855,-1,,-1,1,60,2134,,,31
3787,4,2023-05-23 00:00:00,Interest (Payout) from G-Sec 7.54% GS 2036 (ISIN IN0020220029) (),12033,-1,,-1,1,40,2894,,,31
3788,4,2023-05-25 00:00:00,"Quantity bought 19.628 @1,273.69",8924,-1,,-1,1,60,2134,,,31
3789,4,2023-05-25 00:00:00,"Quantity bought 42.123 @3,561.00",8922,-1,,-1,1,60,2241,,,31
3790,4,2023-05-25 00:00:00,"Quantity sold 1.797  @ 5,564.83",8923,-1,,-1,1,60,2228,,,31
3791,4,2023-05-26 00:00:00,Quantity bought 90.117 @110.97,8927,-1,,-1,1,60,2242,,,31
3792,4,2023-05-29 00:00:00,Quantity bought 22.819 @109.56,8946,-1,,-1,1,60,1715,,,31
3793,4,2023-05-30 00:00:00,Dividend Payout from HDFC Bank (),10864,-1,,-1,1,50,242,,,31
3794,4,2023-05-31 00:00:00,"Quantity bought 70.131 @3,564.76",8947,-1,,-1,1,60,2241,,,31
3795,4,2023-06-01 00:00:00,"Quantity sold 0.421  @ 3,562.95",8948,-1,,-1,1,60,2241,,,31
3796,4,2023-06-02 00:00:00,Quantity bought 5.727 @261.92,8997,-1,,-1,1,60,2203,,,31
3797,4,2023-06-06 00:00:00,"Quantity sold 0.558  @ 4,480.29",8998,-1,,-1,1,60,2209,,,31
3798,4,2023-06-07 00:00:00,"Quantity bought 1.902 @1,314.41",9067,-1,,-1,1,60,2134,,,31
3799,4,2023-06-08 00:00:00,"Quantity sold 0.42  @ 3,571.43",9068,-1,,-1,1,60,2241,,,31
3800,4,2023-06-09 00:00:00,Quantity bought 5.666 @264.74,9069,-1,,-1,1,60,2203,,,31
3801,4,2023-06-13 00:00:00,"Quantity sold 0.557  @ 4,488.33",9070,-1,,-1,1,60,2209,,,31
3802,4,2023-06-14 00:00:00,"Quantity bought 1.889 @1,323.45",9071,-1,,-1,1,60,2134,,,31
3803,4,2023-06-14 00:00:00,Dividend Payout from State Bank Of India (),10860,-1,,-1,1,50,653,,6,31
3804,4,2023-06-15 00:00:00,Interest (Payout) from G-Sec 6.67% GS 2035 (ISIN IN0020210152) (),12057,-1,,-1,1,40,2899,,,31
3805,4,2023-06-15 00:00:00,"Quantity sold 0.895  @ 5,586.59",9073,-1,,-1,1,60,2228,,,31
3806,4,2023-06-15 00:00:00,"Quantity sold 0.268  @ 5,597.01",9074,-1,,-1,1,60,2228,,,31
3807,4,2023-06-15 00:00:00,"Quantity sold 0.42  @ 3,571.43",9072,-1,,-1,1,60,2241,,,31
3808,4,2023-06-16 00:00:00,Quantity bought 5.565 @269.54,9075,-1,,-1,1,60,2203,,,31
3809,4,2023-06-16 00:00:00,Quantity bought 42.326 @118.13,9076,-1,,-1,1,60,2242,,,31
3810,4,2023-06-16 00:00:00,Quantity bought 22.586 @66.41,9077,-1,,-1,1,60,2294,,,31
3811,4,2023-06-17 00:00:00,Interest (Payout) from G-Sec 6.67% GS 2050 (ISIN IN0020200252) (),12138,-1,,-1,1,40,2896,,,31
3812,4,2023-06-20 00:00:00,"Quantity sold 0.557  @ 4,488.33",9147,-1,,-1,1,60,2209,,,31
3813,4,2023-06-21 00:00:00,"Quantity bought 1.871 @1,336.18",9150,-1,,-1,1,60,2134,,,31
3814,4,2023-06-21 00:00:00,Dividend Payout from Tata Power Company (),10861,-1,,-1,1,50,1921,,,31
3815,4,2023-06-22 00:00:00,Interest (Payout) from 364 D T Bill 22-Jun-2023 IN002022Z127 (),9164,-1,,-1,1,70,1906,,,31
3816,4,2023-06-22 00:00:00,Quantity sold 2500  @ 94.13,9165,-1,,-1,1,70,1906,,,31
3817,4,2023-06-22 00:00:00,"Quantity sold 0.268  @ 5,597.01",9153,-1,,-1,1,60,2228,,,31
3818,4,2023-06-22 00:00:00,"Quantity sold 0.894  @ 5,592.84",9154,-1,,-1,1,60,2228,,,31
3819,4,2023-06-22 00:00:00,"Quantity sold 0.419  @ 3,579.95",9152,-1,,-1,1,60,2241,,,31
3820,4,2023-06-23 00:00:00,Quantity bought 5.61 @267.38,9156,-1,,-1,1,60,2203,,,31
3821,4,2023-06-23 00:00:00,Quantity bought 42.329 @118.12,9157,-1,,-1,1,60,2242,,,31
3822,4,2023-06-23 00:00:00,Quantity bought 22.859 @65.62,9159,-1,,-1,1,60,2294,,,31
3823,4,2023-06-27 00:00:00,"Quantity sold 0.556  @ 4,496.40",9391,-1,,-1,1,60,2209,,,31
3824,4,2023-06-28 00:00:00,"Quantity bought 1.866 @1,339.76",9392,-1,,-1,1,60,2134,,,31
3825,4,2023-06-29 00:00:00,Dividend Payout from Tata Investment Corporation (),10862,-1,,-1,1,50,1993,,,31
3826,4,2023-06-30 00:00:00,Dividend Payout from Canara Bank (),10859,-1,,-1,1,50,1603,,,31
3827,4,2023-07-03 00:00:00,"Quantity sold 0.268  @ 5,597.01",9394,-1,,-1,1,60,2228,,,31
3828,4,2023-07-03 00:00:00,"Quantity sold 0.892  @ 5,605.38",9395,-1,,-1,1,60,2228,,,31
3829,4,2023-07-03 00:00:00,"Quantity sold 0.418  @ 3,588.52",9393,-1,,-1,1,60,2241,,,31
3830,4,2023-07-04 00:00:00,Quantity bought 5.431 @276.19,9424,-1,,-1,1,60,2203,,,31
3831,4,2023-07-04 00:00:00,Quantity bought 41.439 @120.66,9425,-1,,-1,1,60,2242,,,31
3832,4,2023-07-04 00:00:00,Quantity bought 22.028 @68.10,9426,-1,,-1,1,60,2294,,,31
3833,4,2023-07-04 00:00:00,"Quantity sold 0.555  @ 4,504.50",9423,-1,,-1,1,60,2209,,,31
3834,4,2023-07-05 00:00:00,"Quantity bought 1.835 @1,362.40",9427,-1,,-1,1,60,2134,,,31
3835,4,2023-07-10 00:00:00,"Quantity sold 0.267  @ 5,617.98",9535,-1,,-1,1,60,2228,,,31
3836,4,2023-07-10 00:00:00,"Quantity sold 0.891  @ 5,611.67",9536,-1,,-1,1,60,2228,,,31
3837,4,2023-07-10 00:00:00,"Quantity sold 0.418  @ 3,588.52",9466,-1,,-1,1,60,2241,,,31
3838,4,2023-07-11 00:00:00,Quantity bought 5.37 @279.33,9468,-1,,-1,1,60,2203,,,31
3839,4,2023-07-11 00:00:00,Quantity bought 40.81 @122.52,9537,-1,,-1,1,60,2242,,,31
3840,4,2023-07-11 00:00:00,Quantity bought 21.843 @68.67,9538,-1,,-1,1,60,2294,,,31
3841,4,2023-07-11 00:00:00,"Quantity sold 0.554  @ 4,512.64",9467,-1,,-1,1,60,2209,,,31
3842,4,2023-07-12 00:00:00,"Quantity bought 1.827 @1,368.36",9469,-1,,-1,1,60,2134,,,31
3843,4,2023-07-12 00:00:00,Interest (Payout) from G-Sec 6.10% GS 2031 (ISIN IN0020210095) (),12039,-1,,-1,1,40,2895,,,31
3844,4,2023-07-13 00:00:00,HDFC Limited merged into HDFC Bank,13998,-1,,-1,1,50,940,,,31
3845,4,2023-07-17 00:00:00,"Quantity sold 0.267  @ 5,617.98",9799,-1,,-1,1,60,2228,,,31
3846,4,2023-07-17 00:00:00,"Quantity sold 0.89  @ 5,617.98",9800,-1,,-1,1,60,2228,,,31
3847,4,2023-07-17 00:00:00,"Quantity sold 0.417  @ 3,597.12",9798,-1,,-1,1,60,2241,,,31
3848,4,2023-07-18 00:00:00,Quantity bought 5.31 @282.49,9802,-1,,-1,1,60,2203,,,31
3849,4,2023-07-18 00:00:00,Quantity bought 40.302 @124.06,9803,-1,,-1,1,60,2242,,,31
3850,4,2023-07-18 00:00:00,Quantity bought 21.544 @69.62,9804,-1,,-1,1,60,2294,,,31
3851,4,2023-07-18 00:00:00,"Quantity sold 0.554  @ 4,512.64",9801,-1,,-1,1,60,2209,,,31
3852,4,2023-07-19 00:00:00,"Quantity bought 1.799 @1,389.66",9805,-1,,-1,1,60,2134,,,31
3853,4,2023-07-19 00:00:00,Interest (Payout) from Sovereign Gold Bond 2.50% JAN 2029 SR-X 2020-21 (IN0020200385) (),11640,-1,,-1,1,40,2188,,,31
3854,4,2023-07-20 00:00:00,Interest (Payout) from Sovereign Gold Bond 2.50% JUL 2029 SR-IV 2021-22 (IN0020210111) (),11639,-1,,-1,1,40,2200,,,31
3855,4,2023-07-24 00:00:00,"Quantity sold 0.267  @ 5,617.98",9807,-1,,-1,1,60,2228,,,31
3856,4,2023-07-24 00:00:00,"Quantity sold 0.888  @ 5,630.63",9808,-1,,-1,1,60,2228,,,31
3857,4,2023-07-24 00:00:00,"Quantity sold 0.417  @ 3,597.12",9806,-1,,-1,1,60,2241,,,31
3858,4,2023-07-25 00:00:00,Quantity bought 5.249 @285.77,9810,-1,,-1,1,60,2203,,,31
3859,4,2023-07-25 00:00:00,Quantity bought 39.818 @125.57,9811,-1,,-1,1,60,2242,,,31
3860,4,2023-07-25 00:00:00,Quantity bought 21.382 @70.15,9812,-1,,-1,1,60,2294,,,31
3861,4,2023-07-25 00:00:00,Dividend Payout from HDFC Life Insurance Company (),10863,-1,,-1,1,50,1733,,,31
3862,4,2023-07-25 00:00:00,"Quantity sold 0.553  @ 4,520.80",9809,-1,,-1,1,60,2209,,,31
3863,4,2023-07-26 00:00:00,"Quantity bought 1.787 @1,398.99",9813,-1,,-1,1,60,2134,,,31
3864,4,2023-07-27 00:00:00,Quantity sold 315.299  @ 52.16,9824,-1,,-1,1,60,1731,,,31
3865,4,2023-08-01 00:00:00,"Quantity sold 0.552  @ 4,528.99",9866,-1,,-1,1,60,2209,,,31
3866,4,2023-08-01 00:00:00,"Quantity sold 0.266  @ 5,639.10",9868,-1,,-1,1,60,2228,,,31
3867,4,2023-08-01 00:00:00,"Quantity sold 0.887  @ 5,636.98",9869,-1,,-1,1,60,2228,,,31
3868,4,2023-08-01 00:00:00,"Quantity sold 0.416  @ 3,605.77",9867,-1,,-1,1,60,2241,,,31
3869,4,2023-08-02 00:00:00,"Quantity bought 1.788 @1,398.21",9873,-1,,-1,1,60,2134,,,31
3870,4,2023-08-02 00:00:00,Quantity bought 5.247 @285.88,9870,-1,,-1,1,60,2203,,,31
3871,4,2023-08-02 00:00:00,Quantity bought 39.51 @126.55,9871,-1,,-1,1,60,2242,,,31
3872,4,2023-08-02 00:00:00,Quantity bought 21.455 @69.91,9872,-1,,-1,1,60,2294,,,31
3873,4,2023-08-08 00:00:00,"Quantity sold 0.552  @ 4,528.99",9874,-1,,-1,1,60,2209,,,31
3874,4,2023-08-08 00:00:00,"Quantity sold 0.266  @ 5,639.10",9876,-1,,-1,1,60,2228,,,31
3875,4,2023-08-08 00:00:00,"Quantity sold 0.886  @ 5,643.34",9877,-1,,-1,1,60,2228,,,31
3876,4,2023-08-08 00:00:00,"Quantity sold 0.416  @ 3,605.77",9875,-1,,-1,1,60,2241,,,31
3877,4,2023-08-09 00:00:00,"Quantity bought 1.765 @1,416.43",9881,-1,,-1,1,60,2134,,,31
3878,4,2023-08-09 00:00:00,Quantity bought 5.168 @290.25,9878,-1,,-1,1,60,2203,,,31
3879,4,2023-08-09 00:00:00,Quantity bought 38.716 @129.15,9879,-1,,-1,1,60,2242,,,31
3880,4,2023-08-09 00:00:00,Quantity bought 21.22 @70.69,9880,-1,,-1,1,60,2294,,,31
3881,4,2023-08-11 00:00:00,Interest (Payout) from Sovereign Gold Bond 2.50% AUG 2028 SR-V 2020-21 (IN0020200161) (),11642,-1,,-1,1,40,1562,,,31
3882,4,2023-08-17 00:00:00,"Quantity sold 0.551  @ 4,537.21",9896,-1,,-1,1,60,2209,,,31
3883,4,2023-08-17 00:00:00,"Quantity sold 0.885  @ 5,649.72",9898,-1,,-1,1,60,2228,,,31
3884,4,2023-08-17 00:00:00,"Quantity sold 0.265  @ 5,660.38",9899,-1,,-1,1,60,2228,,,31
3885,4,2023-08-17 00:00:00,"Quantity sold 0.415  @ 3,614.46",9897,-1,,-1,1,60,2241,,,31
3886,4,2023-08-18 00:00:00,"Quantity bought 1.785 @1,400.56",9903,-1,,-1,1,60,2134,,,31
3887,4,2023-08-18 00:00:00,Quantity bought 5.249 @285.77,9900,-1,,-1,1,60,2203,,,31
3888,4,2023-08-18 00:00:00,Quantity bought 39.068 @127.98,9901,-1,,-1,1,60,2242,,,31
3889,4,2023-08-18 00:00:00,Quantity bought 21.448 @69.94,9902,-1,,-1,1,60,2294,,,31
3890,4,2023-08-22 00:00:00,Dividend Payout from Kotak Mahindra Bank (),10866,-1,,-1,1,50,1747,,,31
3891,4,2023-08-22 00:00:00,"Quantity sold 0.55  @ 4,545.45",9925,-1,,-1,1,60,2209,,,31
3892,4,2023-08-22 00:00:00,"Quantity sold 0.884  @ 5,656.11",9927,-1,,-1,1,60,2228,,,31
3893,4,2023-08-22 00:00:00,"Quantity sold 0.265  @ 5,660.38",9928,-1,,-1,1,60,2228,,,31
3894,4,2023-08-22 00:00:00,"Quantity sold 0.414  @ 3,623.19",9926,-1,,-1,1,60,2241,,,31
3895,4,2023-08-23 00:00:00,"Quantity bought 1.762 @1,418.84",9932,-1,,-1,1,60,2134,,,31
3896,4,2023-08-23 00:00:00,Quantity bought 5.174 @289.91,9929,-1,,-1,1,60,2203,,,31
3897,4,2023-08-23 00:00:00,Quantity bought 38.236 @130.77,9930,-1,,-1,1,60,2242,,,31
3898,4,2023-08-23 00:00:00,Quantity bought 21.143 @70.95,9931,-1,,-1,1,60,2294,,,31
3899,4,2023-08-29 00:00:00,"Quantity sold 0.55  @ 4,545.45",9949,-1,,-1,1,60,2209,,,31
3900,4,2023-08-30 00:00:00,"Quantity bought 1.764 @1,417.23",9950,-1,,-1,1,60,2134,,,31
3901,4,2023-09-03 00:00:00,"Quantity sold 0.882  @ 5,668.93",9952,-1,,-1,1,60,2228,,,31
3902,4,2023-09-03 00:00:00,"Quantity sold 0.265  @ 5,660.38",9953,-1,,-1,1,60,2228,,,31
3903,4,2023-09-03 00:00:00,"Quantity sold 0.414  @ 3,623.19",9951,-1,,-1,1,60,2241,,,31
3904,4,2023-09-04 00:00:00,Quantity bought 5.044 @297.38,9954,-1,,-1,1,60,2203,,,31
3905,4,2023-09-04 00:00:00,Quantity bought 36.707 @136.21,9955,-1,,-1,1,60,2242,,,31
3906,4,2023-09-04 00:00:00,Quantity bought 20.915 @71.72,9956,-1,,-1,1,60,2294,,,31
3907,4,2023-09-05 00:00:00,"Quantity sold 0.549  @ 4,553.73",9957,-1,,-1,1,60,2209,,,31
3908,4,2023-09-06 00:00:00,"Quantity bought 1.733 @1,442.59",9958,-1,,-1,1,60,2134,,,31
3909,4,2023-09-10 00:00:00,"Quantity sold 0.881  @ 5,675.37",10014,-1,,-1,1,60,2228,,,31
3910,4,2023-09-10 00:00:00,"Quantity sold 0.264  @ 5,681.82",10015,-1,,-1,1,60,2228,,,31
3911,4,2023-09-10 00:00:00,"Quantity sold 0.413  @ 3,631.96",10013,-1,,-1,1,60,2241,,,31
3912,4,2023-09-11 00:00:00,Quantity bought 4.942 @303.52,10016,-1,,-1,1,60,2203,,,31
3913,4,2023-09-11 00:00:00,Quantity bought 35.777 @139.75,10017,-1,,-1,1,60,2242,,,31
3914,4,2023-09-11 00:00:00,Quantity bought 20.345 @73.73,10018,-1,,-1,1,60,2294,,,31
3915,4,2023-09-12 00:00:00,Interest (Payout) from G-Sec 7.36% GS 2052 (ISIN IN0020220086) (),12051,-1,,-1,1,40,2898,,,31
3916,4,2023-09-12 00:00:00,"Quantity sold 0.548  @ 4,562.04",10019,-1,,-1,1,60,2209,,,31
3917,4,2023-09-13 00:00:00,"Quantity bought 1.709 @1,462.84",10020,-1,,-1,1,60,2134,,,31
3918,4,2023-09-17 00:00:00,"Quantity sold 0.88  @ 5,681.82",10022,-1,,-1,1,60,2228,,,31
3919,4,2023-09-17 00:00:00,"Quantity sold 0.264  @ 5,681.82",10023,-1,,-1,1,60,2228,,,31
3920,4,2023-09-17 00:00:00,"Quantity sold 0.412  @ 3,640.78",10021,-1,,-1,1,60,2241,,,31
3921,4,2023-09-18 00:00:00,Quantity bought 4.952 @302.91,10024,-1,,-1,1,60,2203,,,31
3922,4,2023-09-18 00:00:00,Quantity bought 36.728 @136.14,10025,-1,,-1,1,60,2242,,,31
3923,4,2023-09-18 00:00:00,Quantity bought 20.416 @73.47,10026,-1,,-1,1,60,2294,,,31
3924,4,2023-09-20 00:00:00,"Quantity sold 0.547  @ 4,570.38",10027,-1,,-1,1,60,2209,,,31
3925,4,2023-09-21 00:00:00,"Quantity bought 1.727 @1,447.60",10050,-1,,-1,1,60,2134,,,31
3926,4,2023-09-22 00:00:00,Dividend Payout from GMM Pfaudler (),10867,-1,,-1,1,50,1895,,,31
3927,4,2023-09-24 00:00:00,"Quantity sold 0.878  @ 5,694.76",10052,-1,,-1,1,60,2228,,,31
3928,4,2023-09-24 00:00:00,"Quantity sold 0.264  @ 5,681.82",10053,-1,,-1,1,60,2228,,,31
3929,4,2023-09-24 00:00:00,"Quantity sold 0.412  @ 3,640.78",10051,-1,,-1,1,60,2241,,,31
3930,4,2023-09-25 00:00:00,Quantity bought 5.019 @298.86,10059,-1,,-1,1,60,2203,,,31
3931,4,2023-09-25 00:00:00,Quantity bought 37.255 @134.21,10060,-1,,-1,1,60,2242,,,31
3932,4,2023-09-25 00:00:00,Quantity bought 20.863 @71.90,10061,-1,,-1,1,60,2294,,,31
3933,4,2023-09-26 00:00:00,"Quantity sold 0.547  @ 4,570.38",10062,-1,,-1,1,60,2209,,,31
3934,4,2023-09-27 00:00:00,"Quantity bought 1.737 @1,439.26",10063,-1,,-1,1,60,2134,,,31
3935,4,2023-10-03 00:00:00,"Quantity sold 0.546  @ 4,578.75",10071,-1,,-1,1,60,2209,,,31
3936,4,2023-10-03 00:00:00,"Quantity sold 0.877  @ 5,701.25",10073,-1,,-1,1,60,2228,,,31
3937,4,2023-10-03 00:00:00,"Quantity sold 0.263  @ 5,703.42",10074,-1,,-1,1,60,2228,,,31
3938,4,2023-10-03 00:00:00,"Quantity sold 0.411  @ 3,649.64",10072,-1,,-1,1,60,2241,,,31
3939,4,2023-10-04 00:00:00,"Quantity bought 1.754 @1,425.31",10075,-1,,-1,1,60,2134,,,31
3940,4,2023-10-04 00:00:00,Quantity bought 5.045 @297.32,10101,-1,,-1,1,60,2203,,,31
3941,4,2023-10-04 00:00:00,Quantity bought 37.084 @134.83,10102,-1,,-1,1,60,2242,,,31
3942,4,2023-10-04 00:00:00,Quantity bought 20.983 @71.49,10103,-1,,-1,1,60,2294,,,31
3943,4,2023-10-09 00:00:00,"Quantity sold 0.876  @ 5,707.76",10105,-1,,-1,1,60,2228,,,31
3944,4,2023-10-09 00:00:00,"Quantity sold 0.263  @ 5,703.42",10106,-1,,-1,1,60,2228,,,31
3945,4,2023-10-09 00:00:00,"Quantity sold 0.411  @ 3,649.64",10104,-1,,-1,1,60,2241,,,31
3946,4,2023-10-10 00:00:00,Quantity bought 5.009 @299.46,10108,-1,,-1,1,60,2203,,,31
3947,4,2023-10-10 00:00:00,Quantity bought 36.788 @135.91,10109,-1,,-1,1,60,2242,,,31
3948,4,2023-10-10 00:00:00,Quantity bought 20.76 @72.25,10110,-1,,-1,1,60,2294,,,31
3949,4,2023-10-10 00:00:00,"Quantity sold 0.545  @ 4,587.16",10107,-1,,-1,1,60,2209,,,31
3950,4,2023-10-11 00:00:00,"Quantity bought 1.728 @1,446.76",10111,-1,,-1,1,60,2134,,,31
3951,4,2023-10-16 00:00:00,"Quantity sold 0.875  @ 5,714.29",10136,-1,,-1,1,60,2228,,,31
3952,4,2023-10-16 00:00:00,"Quantity sold 0.262  @ 5,725.19",10137,-1,,-1,1,60,2228,,,31
3953,4,2023-10-16 00:00:00,"Quantity sold 0.41  @ 3,658.54",10135,-1,,-1,1,60,2241,,,31
3954,4,2023-10-17 00:00:00,Quantity bought 4.937 @303.83,10139,-1,,-1,1,60,2203,,,31
3955,4,2023-10-17 00:00:00,Quantity bought 36.16 @138.27,10140,-1,,-1,1,60,2242,,,31
3956,4,2023-10-17 00:00:00,Quantity bought 20.54 @73.03,10141,-1,,-1,1,60,2294,,,31
3957,4,2023-10-17 00:00:00,Dividend Payout from Wardwizard Innovations & Mobility (),10868,-1,,-1,1,50,2372,,,31
3958,4,2023-10-17 00:00:00,"Quantity sold 0.545  @ 4,587.16",10138,-1,,-1,1,60,2209,,,31
3959,4,2023-10-18 00:00:00,"Quantity bought 1.727 @1,447.60",10142,-1,,-1,1,60,2134,,,31
3960,4,2023-10-24 00:00:00,"Quantity sold 0.873  @ 5,727.38",10144,-1,,-1,1,60,2228,,,31
3961,4,2023-10-24 00:00:00,"Quantity sold 0.262  @ 5,725.19",10145,-1,,-1,1,60,2228,,,31
3962,4,2023-10-24 00:00:00,"Quantity sold 0.41  @ 3,658.54",10143,-1,,-1,1,60,2241,,,31
3963,4,2023-10-25 00:00:00,Quantity bought 5.145 @291.55,10181,-1,,-1,1,60,2203,,,31
3964,4,2023-10-25 00:00:00,Quantity bought 38.07 @131.34,10182,-1,,-1,1,60,2242,,,31
3965,4,2023-10-25 00:00:00,Quantity bought 1071.205 @70.01,10147,-1,,-1,1,60,2294,,,31
3966,4,2023-10-25 00:00:00,Quantity bought 21.424 @70.01,10183,-1,,-1,1,60,2294,,,31
3967,4,2023-10-25 00:00:00,"Quantity sold 0.544  @ 4,595.59",10146,-1,,-1,1,60,2209,,,31
3968,4,2023-10-26 00:00:00,Quantity bought 134.885 @185.34,10185,-1,,-1,1,60,2095,,,31
3969,4,2023-10-26 00:00:00,"Quantity bought 1.799 @1,389.66",10184,-1,,-1,1,60,2134,,,31
3970,4,2023-10-26 00:00:00,Interest (Payout) from 7.72 GS 2055 (),10492,-1,,-1,1,115,1842,,,31
3971,4,2023-10-31 00:00:00,"Quantity sold 0.543  @ 4,604.05",10196,-1,,-1,1,60,2209,,,31
3972,4,2023-11-01 00:00:00,"Quantity bought 1.781 @1,403.71",10200,-1,,-1,1,60,2134,,,31
3973,4,2023-11-01 00:00:00,"Quantity sold 0.872  @ 5,733.94",10198,-1,,-1,1,60,2228,,,31
3974,4,2023-11-01 00:00:00,"Quantity sold 0.262  @ 5,725.19",10199,-1,,-1,1,60,2228,,,31
3975,4,2023-11-01 00:00:00,"Quantity sold 0.409  @ 3,667.48",10197,-1,,-1,1,60,2241,,,31
3976,4,2023-11-02 00:00:00,Quantity bought 5.102 @294.00,10229,-1,,-1,1,60,2203,,,31
3977,4,2023-11-02 00:00:00,Quantity bought 37.09 @134.81,10201,-1,,-1,1,60,2242,,,31
3978,4,2023-11-02 00:00:00,Quantity bought 21.272 @70.52,10202,-1,,-1,1,60,2294,,,31
3979,4,2023-11-07 00:00:00,"Quantity sold 0.542  @ 4,612.55",10233,-1,,-1,1,60,2209,,,31
3980,4,2023-11-08 00:00:00,"Quantity bought 1.734 @1,441.75",10237,-1,,-1,1,60,2134,,,31
3981,4,2023-11-08 00:00:00,"Quantity sold 0.871  @ 5,740.53",10235,-1,,-1,1,60,2228,,,31
3982,4,2023-11-08 00:00:00,"Quantity sold 0.261  @ 5,747.13",10236,-1,,-1,1,60,2228,,,31
3983,4,2023-11-08 00:00:00,"Quantity sold 0.408  @ 3,676.47",10234,-1,,-1,1,60,2241,,,31
3984,4,2023-11-09 00:00:00,Quantity bought 4.989 @300.66,10238,-1,,-1,1,60,2203,,,31
3985,4,2023-11-09 00:00:00,Quantity bought 36.357 @137.53,10239,-1,,-1,1,60,2242,,,31
3986,4,2023-11-09 00:00:00,Quantity bought 20.942 @71.63,10240,-1,,-1,1,60,2294,,,31
3987,4,2023-11-15 00:00:00,"Quantity sold 0.542  @ 4,612.55",10241,-1,,-1,1,60,2209,,,31
3988,4,2023-11-15 00:00:00,"Quantity sold 0.87  @ 5,747.13",10243,-1,,-1,1,60,2228,,,31
3989,4,2023-11-15 00:00:00,"Quantity sold 0.261  @ 5,747.13",10244,-1,,-1,1,60,2228,,,31
3990,4,2023-11-15 00:00:00,"Quantity sold 0.408  @ 3,676.47",10242,-1,,-1,1,60,2241,,,31
3991,4,2023-11-16 00:00:00,"Quantity bought 1.696 @1,474.06",10248,-1,,-1,1,60,2134,,,31
3992,4,2023-11-16 00:00:00,Quantity bought 4.868 @308.13,10245,-1,,-1,1,60,2203,,,31
3993,4,2023-11-16 00:00:00,Quantity bought 35.558 @140.62,10246,-1,,-1,1,60,2242,,,31
3994,4,2023-11-16 00:00:00,Quantity bought 20.618 @72.75,10247,-1,,-1,1,60,2294,,,31
3995,4,2023-11-21 00:00:00,"Quantity sold 0.541  @ 4,621.07",10305,-1,,-1,1,60,2209,,,31
3996,4,2023-11-22 00:00:00,"Quantity bought 1.69 @1,479.29",10309,-1,,-1,1,60,2134,,,31
3997,4,2023-11-22 00:00:00,"Quantity sold 14.874  @ 3,361.57",10340,-1,,-1,1,60,1717,,,31
3998,4,2023-11-22 00:00:00,"Quantity sold 0.869  @ 5,753.74",10307,-1,,-1,1,60,2228,,,31
3999,4,2023-11-22 00:00:00,"Quantity sold 0.261  @ 5,747.13",10308,-1,,-1,1,60,2228,,,31
4000,4,2023-11-22 00:00:00,"Quantity sold 0.407  @ 3,685.50",10306,-1,,-1,1,60,2241,,,31
4001,4,2023-11-23 00:00:00,Quantity bought 4.852 @309.15,10310,-1,,-1,1,60,2203,,,31
4002,4,2023-11-23 00:00:00,Quantity bought 35.06 @142.61,10311,-1,,-1,1,60,2242,,,31
4003,4,2023-11-23 00:00:00,Quantity bought 20.641 @72.67,10312,-1,,-1,1,60,2294,,,31
4004,4,2023-11-23 00:00:00,Interest (Payout) from G-Sec 7.54% GS 2036 (ISIN IN0020220029) (),12034,-1,,-1,1,40,2894,,,31
4005,4,2023-11-28 00:00:00,"Quantity sold 0.54  @ 4,629.63",10318,-1,,-1,1,60,2209,,,31
4006,4,2023-11-29 00:00:00,"Quantity bought 1.664 @1,502.40",10319,-1,,-1,1,60,2134,,,31
4007,4,2023-12-03 00:00:00,"Quantity sold 0.867  @ 5,767.01",10321,-1,,-1,1,60,2228,,,31
4008,4,2023-12-03 00:00:00,"Quantity sold 0.26  @ 5,769.23",10322,-1,,-1,1,60,2228,,,31
4009,4,2023-12-03 00:00:00,"Quantity sold 0.407  @ 3,685.50",10320,-1,,-1,1,60,2241,,,31
4010,4,2023-12-04 00:00:00,Quantity bought 4.647 @322.79,10369,-1,,-1,1,60,2203,,,31
4011,4,2023-12-04 00:00:00,Quantity bought 33.891 @147.53,10323,-1,,-1,1,60,2242,,,31
4012,4,2023-12-04 00:00:00,Quantity bought 19.728 @76.03,10324,-1,,-1,1,60,2294,,,31
4013,4,2023-12-04 00:00:00,Dividend Payout from GMM Pfaudler (),10765,-1,,-1,1,50,1895,,,31
4014,4,2023-12-05 00:00:00,"Quantity sold 0.54  @ 4,629.63",10370,-1,,-1,1,60,2209,,,31
4015,4,2023-12-06 00:00:00,"Quantity bought 1.593 @1,569.37",10371,-1,,-1,1,60,2134,,,31
4016,4,2023-12-07 00:00:00,Dividend Payout from Power Finance Corporation (),10491,-1,,-1,1,50,2613,,,31
4017,4,2023-12-07 00:00:00,Interest (Payout) from Sovereign Gold Bond 2.50% DEC 2029 SR-VIII 2021-22 (IN0020210228) (),10496,-1,,-1,1,40,2187,,,31
4018,4,2023-12-08 00:00:00,Interest (Payout) from Sovereign Gold Bond 2.50% JUNE 2029 SR-III 2021-22 (IN0020210087) (),10495,-1,,-1,1,40,2199,,,31
4019,4,2023-12-10 00:00:00,"Quantity sold 0.866  @ 5,773.67",10373,-1,,-1,1,60,2228,,,31
4020,4,2023-12-10 00:00:00,"Quantity sold 0.26  @ 5,769.23",10374,-1,,-1,1,60,2228,,,31
4021,4,2023-12-10 00:00:00,"Quantity sold 0.406  @ 3,694.58",10372,-1,,-1,1,60,2241,,,31
4022,4,2023-12-11 00:00:00,Quantity bought 4.579 @327.58,10375,-1,,-1,1,60,2203,,,31
4023,4,2023-12-11 00:00:00,Quantity bought 33.624 @148.70,10376,-1,,-1,1,60,2242,,,31
4024,4,2023-12-11 00:00:00,Quantity bought 19.333 @77.59,10377,-1,,-1,1,60,2294,,,31
4025,4,2023-12-12 00:00:00,"Quantity sold 0.539  @ 4,638.22",10378,-1,,-1,1,60,2209,,,31
4026,4,2023-12-13 00:00:00,"Quantity bought 1.576 @1,586.29",10379,-1,,-1,1,60,2134,,,31
4027,4,2023-12-15 00:00:00,"Quantity bought 22.856 @2,625.13",10494,-1,,-1,1,60,2628,,,31
4028,4,2023-12-15 00:00:00,Interest (Payout) from G-Sec 6.67% GS 2035 (ISIN IN0020210152) (),12137,-1,,-1,1,40,2899,,,31
4029,4,2023-12-17 00:00:00,"Quantity sold 0.865  @ 5,780.35",10440,-1,,-1,1,60,2228,,,31
4030,4,2023-12-17 00:00:00,"Quantity sold 0.259  @ 5,791.51",10441,-1,,-1,1,60,2228,,,31
4031,4,2023-12-17 00:00:00,"Quantity sold 0.406  @ 3,694.58",10439,-1,,-1,1,60,2241,,,31
4032,4,2023-12-18 00:00:00,Quantity bought 4.487 @334.30,10442,-1,,-1,1,60,2203,,,31
4033,4,2023-12-18 00:00:00,Quantity bought 32.995 @151.54,10443,-1,,-1,1,60,2242,,,31
4034,4,2023-12-18 00:00:00,Quantity bought 18.869 @79.50,10444,-1,,-1,1,60,2294,,,31
4035,4,2023-12-18 00:00:00,Interest (Payout) from G-Sec 6.67% GS 2050 (ISIN IN0020200252) (),12045,-1,,-1,1,40,2896,,,31
4036,4,2023-12-19 00:00:00,Interest (Payout) from G-Sec 7.30% GS 2053 (ISIN IN0020230051) (),12048,-1,,-1,1,40,2897,,,31
4037,4,2023-12-19 00:00:00,"Quantity sold 0.538  @ 4,646.84",10445,-1,,-1,1,60,2209,,,31
4038,4,2023-12-20 00:00:00,"Quantity bought 1.575 @1,587.30",10446,-1,,-1,1,60,2134,,,31
4039,4,2023-12-25 00:00:00,"Quantity sold 0.863  @ 5,793.74",10448,-1,,-1,1,60,2228,,,31
4040,4,2023-12-25 00:00:00,"Quantity sold 0.259  @ 5,791.51",10449,-1,,-1,1,60,2228,,,31
4041,4,2023-12-25 00:00:00,"Quantity sold 0.405  @ 3,703.70",10447,-1,,-1,1,60,2241,,,31
4042,4,2023-12-26 00:00:00,Quantity bought 4.479 @334.90,10451,-1,,-1,1,60,2203,,,31
4043,4,2023-12-26 00:00:00,Quantity bought 32.949 @151.75,10452,-1,,-1,1,60,2242,,,31
4044,4,2023-12-26 00:00:00,Quantity bought 19.003 @78.93,10453,-1,,-1,1,60,2294,,,31
4045,4,2023-12-26 00:00:00,"Quantity sold 0.537  @ 4,655.49",10450,-1,,-1,1,60,2209,,,31
4046,4,2023-12-27 00:00:00,"Quantity bought 1.539 @1,624.43",10454,-1,,-1,1,60,2134,,,31
4047,4,2024-01-01 00:00:00,"Quantity sold 0.862  @ 5,800.46",10466,-1,,-1,1,60,2228,,,31
4048,4,2024-01-01 00:00:00,"Quantity sold 0.259  @ 5,791.51",10467,-1,,-1,1,60,2228,,,31
4049,4,2024-01-01 00:00:00,"Quantity sold 0.404  @ 3,712.87",10465,-1,,-1,1,60,2241,,,31
4050,4,2024-01-02 00:00:00,Quantity bought 4.392 @341.53,10469,-1,,-1,1,60,2203,,,31
4051,4,2024-01-02 00:00:00,Quantity bought 32.515 @153.78,10470,-1,,-1,1,60,2242,,,31
4052,4,2024-01-02 00:00:00,Quantity bought 18.665 @80.36,10471,-1,,-1,1,60,2294,,,31
4053,4,2024-01-02 00:00:00,"Quantity sold 0.537  @ 4,655.49",10468,-1,,-1,1,60,2209,,,31
4054,4,2024-01-03 00:00:00,"Quantity bought 1.537 @1,626.55",10472,-1,,-1,1,60,2134,,,31
4055,4,2024-01-08 00:00:00,"Quantity sold 0.861  @ 5,807.20",10498,-1,,-1,1,60,2228,,,31
4056,4,2024-01-08 00:00:00,"Quantity sold 0.258  @ 5,813.95",10499,-1,,-1,1,60,2228,,,31
4057,4,2024-01-08 00:00:00,"Quantity sold 0.404  @ 3,712.87",10497,-1,,-1,1,60,2241,,,31
4058,4,2024-01-09 00:00:00,Quantity bought 4.372 @343.09,10501,-1,,-1,1,60,2203,,,31
4059,4,2024-01-09 00:00:00,Quantity bought 32.331 @154.65,10502,-1,,-1,1,60,2242,,,31
4060,4,2024-01-09 00:00:00,Quantity bought 18.606 @80.62,10503,-1,,-1,1,60,2294,,,31
4061,4,2024-01-09 00:00:00,"Quantity sold 0.536  @ 4,664.18",10500,-1,,-1,1,60,2209,,,31
4062,4,2024-01-10 00:00:00,"Quantity bought 1.519 @1,645.82",10504,-1,,-1,1,60,2134,,,31
4063,4,2024-01-12 00:00:00,Interest (Payout) from G-Sec 6.10% GS 2031 (ISIN IN0020210095) (),12040,-1,,-1,1,40,2895,,,31
4064,4,2024-01-15 00:00:00,Interest (Payout) from Housing & Urban Development Corporation NCD 9.01% 13/01/2034 (ISIN INE031A07AB2) (),10764,-1,,-1,1,40,1576,,,31
4065,4,2024-01-15 00:00:00,"Quantity sold 0.859  @ 5,820.72",10549,-1,,-1,1,60,2228,,,31
4066,4,2024-01-15 00:00:00,"Quantity sold 0.258  @ 5,813.95",10550,-1,,-1,1,60,2228,,,31
4067,4,2024-01-15 00:00:00,"Quantity sold 0.403  @ 3,722.08",10548,-1,,-1,1,60,2241,,,31
4068,4,2024-01-16 00:00:00,Quantity bought 4.303 @348.59,10552,-1,,-1,1,60,2203,,,31
4069,4,2024-01-16 00:00:00,Quantity bought 32.013 @156.19,10553,-1,,-1,1,60,2242,,,31
4070,4,2024-01-16 00:00:00,Quantity bought 18.28 @82.06,10554,-1,,-1,1,60,2294,,,31
4071,4,2024-01-16 00:00:00,"Quantity sold 0.535  @ 4,672.90",10551,-1,,-1,1,60,2209,,,31
4072,4,2024-01-17 00:00:00,"Quantity bought 1.528 @1,636.13",10555,-1,,-1,1,60,2134,,,31
4073,4,2024-01-19 00:00:00,Interest (Payout) from Sovereign Gold Bond 2.50% JAN 2029 SR-X 2020-21 (IN0020200385) (),10709,-1,,-1,1,40,2188,,,31
4074,4,2024-01-20 00:00:00,Interest (Payout) from Sovereign Gold Bond 2.50% JUL 2029 SR-IV 2021-22 (IN0020210111) (),10708,-1,,-1,1,40,2200,,,31
4075,4,2024-01-23 00:00:00,Quantity bought 530.39 @235.68,10585,-1,,-1,1,60,2095,,,31
4076,4,2024-01-23 00:00:00,Quantity bought 7617.912 @13.13,10586,-1,,-1,1,60,2653,,,31
4077,4,2024-01-23 00:00:00,"Quantity sold 0.534  @ 4,681.65",10576,-1,,-1,1,60,2209,,,31
4078,4,2024-01-23 00:00:00,"Quantity sold 0.858  @ 5,827.51",10583,-1,,-1,1,60,2228,,,31
4079,4,2024-01-23 00:00:00,"Quantity sold 0.257  @ 5,836.58",10584,-1,,-1,1,60,2228,,,31
4080,4,2024-01-23 00:00:00,"Quantity sold 0.402  @ 3,731.34",10577,-1,,-1,1,60,2241,,,31
4081,4,2024-01-24 00:00:00,"Quantity bought 1.517 @1,647.99",10590,-1,,-1,1,60,2134,,,31
4082,4,2024-01-24 00:00:00,Quantity bought 4.37 @343.25,10587,-1,,-1,1,60,2203,,,31
4083,4,2024-01-24 00:00:00,Quantity bought 32.288 @154.86,10588,-1,,-1,1,60,2242,,,31
4084,4,2024-01-24 00:00:00,Quantity bought 18.677 @80.31,10589,-1,,-1,1,60,2294,,,31
4085,4,2024-01-30 00:00:00,"Quantity sold 0.534  @ 4,681.65",10648,-1,,-1,1,60,2209,,,31
4086,4,2024-01-31 00:00:00,"Quantity bought 1.499 @1,667.78",10649,-1,,-1,1,60,2134,,,31
4087,4,2024-02-01 00:00:00,"Quantity sold 0.857  @ 5,834.31",10651,-1,,-1,1,60,2228,,,31
4088,4,2024-02-01 00:00:00,"Quantity sold 0.257  @ 5,836.58",10652,-1,,-1,1,60,2228,,,31
4089,4,2024-02-01 00:00:00,"Quantity sold 0.402  @ 3,731.34",10650,-1,,-1,1,60,2241,,,31
4090,4,2024-02-02 00:00:00,Quantity bought 4.212 @356.13,10653,-1,,-1,1,60,2203,,,31
4091,4,2024-02-02 00:00:00,Quantity bought 31.408 @159.20,10654,-1,,-1,1,60,2242,,,31
4092,4,2024-02-02 00:00:00,Quantity bought 18.34 @81.79,10655,-1,,-1,1,60,2294,,,31
4093,4,2024-02-06 00:00:00,"Quantity sold 0.533  @ 4,690.43",10672,-1,,-1,1,60,2209,,,31
4094,4,2024-02-07 00:00:00,"Quantity bought 1.482 @1,686.91",10673,-1,,-1,1,60,2134,,,31
4095,4,2024-02-07 00:00:00,"Quantity sold 10.657  @ 4,691.75",10710,-1,,-1,1,60,2209,,,31
4096,4,2024-02-08 00:00:00,Quantity bought 1431.11 @59.39,10679,-1,,-1,1,60,2669,,,31
4097,4,2024-02-08 00:00:00,Quantity bought 1683.658 @59.39,10680,-1,,-1,1,60,2670,,,31
4098,4,2024-02-08 00:00:00,"Quantity sold 0.855  @ 5,847.95",10711,-1,,-1,1,60,2228,,,31
4099,4,2024-02-08 00:00:00,"Quantity sold 0.257  @ 5,836.58",10712,-1,,-1,1,60,2228,,,31
4100,4,2024-02-08 00:00:00,"Quantity sold 0.401  @ 3,740.65",10677,-1,,-1,1,60,2241,,,31
4101,4,2024-02-08 00:00:00,"Quantity sold 18.839  @ 2,654.07",10678,-1,,-1,1,60,2628,,,31
4102,4,2024-02-09 00:00:00,Quantity bought 4.187 @358.25,10713,-1,,-1,1,60,2203,,,31
4103,4,2024-02-09 00:00:00,Quantity bought 31.468 @158.89,10714,-1,,-1,1,60,2242,,,31
4104,4,2024-02-09 00:00:00,Quantity bought 18.099 @82.88,10715,-1,,-1,1,60,2294,,,31
4105,4,2024-02-11 00:00:00,Interest (Payout) from Sovereign Gold Bond 2.50% AUG 2028 SR-V 2020-21 (IN0020200161) (),11643,-1,,-1,1,40,1562,,,31
4106,4,2024-02-13 00:00:00,"Quantity sold 0.532  @ 4,699.25",10745,-1,,-1,1,60,2209,,,31
4107,4,2024-02-14 00:00:00,"Quantity bought 1.474 @1,696.07",10746,-1,,-1,1,60,2134,,,31
4108,4,2024-02-15 00:00:00,"Quantity sold 0.854  @ 5,854.80",10748,-1,,-1,1,60,2228,,,31
4109,4,2024-02-15 00:00:00,"Quantity sold 0.256  @ 5,859.38",10749,-1,,-1,1,60,2228,,,31
4110,4,2024-02-15 00:00:00,"Quantity sold 0.401  @ 3,740.65",10747,-1,,-1,1,60,2241,,,31
4111,4,2024-02-16 00:00:00,Quantity bought 4.129 @363.28,10750,-1,,-1,1,60,2203,,,31
4112,4,2024-02-16 00:00:00,Quantity bought 31.517 @158.64,10751,-1,,-1,1,60,2242,,,31
4113,4,2024-02-16 00:00:00,Quantity bought 17.953 @83.55,10752,-1,,-1,1,60,2294,,,31
4114,4,2024-02-16 00:00:00,Dividend Payout from Gail India (),10763,-1,,-1,1,50,1980,,,31
4115,4,2024-02-20 00:00:00,"Quantity sold 0.531  @ 4,708.10",10809,-1,,-1,1,60,2209,,,31
4116,4,2024-02-21 00:00:00,"Quantity bought 1.452 @1,721.76",10810,-1,,-1,1,60,2134,,,31
4117,4,2024-02-22 00:00:00,"Quantity sold 0.853  @ 5,861.66",10812,-1,,-1,1,60,2228,,,31
4118,4,2024-02-22 00:00:00,"Quantity sold 0.256  @ 5,859.38",10813,-1,,-1,1,60,2228,,,31
4119,4,2024-02-22 00:00:00,"Quantity sold 0.4  @ 3,750.00",10811,-1,,-1,1,60,2241,,,31
4120,4,2024-02-23 00:00:00,Quantity bought 4.124 @363.72,10814,-1,,-1,1,60,2203,,,31
4121,4,2024-02-23 00:00:00,Quantity bought 31.241 @160.05,10815,-1,,-1,1,60,2242,,,31
4122,4,2024-02-23 00:00:00,Quantity bought 17.714 @84.68,10816,-1,,-1,1,60,2294,,,31
4123,4,2024-02-23 00:00:00,Dividend Payout from Bharat Electronics (),11027,-1,,-1,1,50,2634,,,31
4124,4,2024-02-23 00:00:00,Dividend Payout from Rites Ltd (),11095,-1,,-1,1,50,2636,,,31
4125,4,2024-02-27 00:00:00,Dividend Payout from IRCON International (),11026,-1,,-1,1,50,2635,,,31
4126,4,2024-02-27 00:00:00,"Quantity sold 0.531  @ 4,708.10",10884,-1,,-1,1,60,2209,,,31
4127,4,2024-02-28 00:00:00,"Quantity bought 1.454 @1,719.39",10885,-1,,-1,1,60,2134,,,31
4128,4,2024-02-29 00:00:00,Dividend Payout from Power Finance Corporation (),11025,-1,,-1,1,50,2613,,,31
4129,4,2024-03-01 00:00:00,Dividend Payout from Life Insurance Corporation of India (LIC) (),11024,-1,,-1,1,50,1968,,,31
4130,4,2024-03-03 00:00:00,"Quantity sold 0.851  @ 5,875.44",10886,-1,,-1,1,60,2228,,,31
4131,4,2024-03-03 00:00:00,"Quantity sold 0.255  @ 5,882.35",10887,-1,,-1,1,60,2228,,,31
4132,4,2024-03-03 00:00:00,"Quantity sold 0.399  @ 3,759.40",10882,-1,,-1,1,60,2241,,,31
4133,4,2024-03-04 00:00:00,Quantity bought 4.087 @367.02,10921,-1,,-1,1,60,2203,,,31
4134,4,2024-03-04 00:00:00,Quantity bought 31.264 @159.93,10888,-1,,-1,1,60,2242,,,31
4135,4,2024-03-04 00:00:00,Quantity bought 17.474 @85.84,10889,-1,,-1,1,60,2294,,,31
4136,4,2024-03-04 00:00:00,Quantity bought 419.527 @59.59,10883,-1,,-1,1,60,2669,,,31
4137,4,2024-03-04 00:00:00,Quantity bought 1865.063 @13.40,10922,-1,,-1,1,60,2678,,,31
4138,4,2024-03-04 00:00:00,Quantity bought 3730.127 @13.40,10923,-1,,-1,1,60,2678,,,31
4139,4,2024-03-04 00:00:00,Quantity bought 40874.346 @12.23,10892,-1,,-1,1,60,2680,,,31
4140,4,2024-03-05 00:00:00,Quantity bought 839.125 @59.59,11012,-1,,-1,1,60,2669,,,31
4141,4,2024-03-06 00:00:00,Quantity bought 1294.172 @38.63,10924,-1,,-1,1,60,2681,,,31
4142,4,2024-03-11 00:00:00,"Quantity sold 0.85  @ 5,882.35",10999,-1,,-1,1,60,2228,,,31
4143,4,2024-03-11 00:00:00,"Quantity sold 0.255  @ 5,882.35",11000,-1,,-1,1,60,2228,,,31
4144,4,2024-03-11 00:00:00,"Quantity sold 0.399  @ 3,759.40",10998,-1,,-1,1,60,2241,,,31
4145,4,2024-03-12 00:00:00,Quantity bought 4.149 @361.53,11001,-1,,-1,1,60,2203,,,31
4146,4,2024-03-12 00:00:00,Quantity bought 32.535 @153.68,11002,-1,,-1,1,60,2242,,,31
4147,4,2024-03-12 00:00:00,Quantity bought 17.624 @85.11,11003,-1,,-1,1,60,2294,,,31
4148,4,2024-03-12 00:00:00,Interest (Payout) from G-Sec 7.36% GS 2052 (ISIN IN0020220086) (),12052,-1,,-1,1,40,2898,,,31
4149,4,2024-03-17 00:00:00,"Quantity sold 0.849  @ 5,889.28",11005,-1,,-1,1,60,2228,,,31
4150,4,2024-03-17 00:00:00,"Quantity sold 0.255  @ 5,882.35",11006,-1,,-1,1,60,2228,,,31
4151,4,2024-03-17 00:00:00,"Quantity sold 0.398  @ 3,768.84",11004,-1,,-1,1,60,2241,,,31
4152,4,2024-03-17 00:00:00,Quantity sold 77.472  @ 38.72,11007,-1,,-1,1,60,2681,,,31
4153,4,2024-03-17 00:00:00,Quantity sold 77.472  @ 38.72,11008,-1,,-1,1,60,2681,,,31
4154,4,2024-03-18 00:00:00,Quantity bought 12.457 @240.83,11032,-1,,-1,1,60,2095,,,31
4155,4,2024-03-18 00:00:00,Quantity bought 4.234 @354.27,11029,-1,,-1,1,60,2203,,,31
4156,4,2024-03-18 00:00:00,Quantity bought 33.109 @151.02,11030,-1,,-1,1,60,2242,,,31
4157,4,2024-03-18 00:00:00,Quantity bought 17.859 @83.99,11031,-1,,-1,1,60,2294,,,31
4158,4,2024-03-18 00:00:00,Quantity bought 76.119 @39.41,11033,-1,,-1,1,60,2697,,,31
4159,4,2024-03-19 00:00:00,Quantity bought 7509.726 @13.32,11034,-1,,-1,1,60,2678,,,31
4160,4,2024-03-21 00:00:00,"Quantity sold 8.78  @ 3,443.28",11197,-1,,-1,1,60,1717,,,31
4161,4,2024-03-22 00:00:00,Quantity bought 864.432 @86.76,11055,-1,,-1,1,60,2705,,,31
4162,4,2024-03-22 00:00:00,Quantity sold 510.251  @ 141.63,11054,-1,,-1,1,60,1715,,,31
4163,4,2024-03-25 00:00:00,"Quantity sold 0.848  @ 5,896.23",11070,-1,,-1,1,60,2228,,,31
4164,4,2024-03-25 00:00:00,"Quantity sold 0.254  @ 5,905.51",11071,-1,,-1,1,60,2228,,,31
4165,4,2024-03-25 00:00:00,"Quantity sold 0.398  @ 3,768.84",11069,-1,,-1,1,60,2241,,,31
4166,4,2024-03-25 00:00:00,Quantity sold 77.357  @ 38.78,11072,-1,,-1,1,60,2681,,,31
4167,4,2024-03-25 00:00:00,Quantity sold 77.357  @ 38.78,11073,-1,,-1,1,60,2681,,,31
4168,4,2024-03-26 00:00:00,Quantity bought 12.319 @243.53,11074,-1,,-1,1,60,2095,,,31
4169,4,2024-03-26 00:00:00,Quantity bought 4.187 @358.25,11085,-1,,-1,1,60,2203,,,31
4170,4,2024-03-26 00:00:00,Quantity bought 32.301 @154.79,11086,-1,,-1,1,60,2242,,,31
4171,4,2024-03-26 00:00:00,Quantity bought 17.642 @85.02,11087,-1,,-1,1,60,2294,,,31
4172,4,2024-03-26 00:00:00,Quantity bought 74.651 @40.19,11075,-1,,-1,1,60,2697,,,31
4173,4,2024-03-26 00:00:00,"Quantity sold 0.976  @ 3,446.03",11077,-1,,-1,1,60,1717,,,31
4174,4,2024-03-26 00:00:00,"Quantity sold 4.017  @ 2,679.54",11078,-1,,-1,1,60,2628,,,31
4175,4,2024-03-28 00:00:00,"Quantity sold 10.547  @ 4,740.68",11096,-1,,-1,1,60,2209,,,31
4176,4,2024-03-28 00:00:00,"Quantity sold 8.467  @ 5,905.38",11227,-1,,-1,1,60,2228,,,31
4177,4,2024-03-31 00:00:00,Interest (Cumulative) : ,11193,-1,,-1,1,120,777,,,31
4178,4,2024-03-31 00:00:00,Investment for PPF SPS -  for fy 23-24,11194,10,,-1,1,120,777,,,31
4179,4,2024-03-31 00:00:00,Asset write-off tr.to accounts instade of pms,11579,-1,,-1,1,120,777,,,31
4180,4,2024-04-01 00:00:00,Quantity sold 77.233  @ 38.84,11198,-1,,-1,1,60,2681,,,31
4181,4,2024-04-01 00:00:00,Quantity sold 77.233  @ 38.84,11199,-1,,-1,1,60,2681,,,31
4182,4,2024-04-02 00:00:00,Quantity bought 11.717 @256.04,11203,-1,,-1,1,60,2095,,,31
4183,4,2024-04-02 00:00:00,Quantity bought 70.606 @42.49,11204,-1,,-1,1,60,2697,,,31
4184,4,2024-04-02 00:00:00,"Quantity sold 10.532  @ 4,747.44",11200,-1,,-1,1,60,2209,,,31
4185,4,2024-04-02 00:00:00,"Quantity sold 0.845  @ 5,917.16",11210,-1,,-1,1,60,2228,,,31
4186,4,2024-04-02 00:00:00,"Quantity sold 0.254  @ 5,905.51",11211,-1,,-1,1,60,2228,,,31
4187,4,2024-04-02 00:00:00,"Quantity sold 0.397  @ 3,778.34",11201,-1,,-1,1,60,2241,,,31
4188,4,2024-04-03 00:00:00,Quantity bought 4.047 @370.64,11212,-1,,-1,1,60,2203,,,31
4189,4,2024-04-03 00:00:00,Quantity bought 30.831 @162.17,11213,-1,,-1,1,60,2242,,,31
4190,4,2024-04-03 00:00:00,Quantity bought 17.17 @87.36,11214,-1,,-1,1,60,2294,,,31
4191,4,2024-04-03 00:00:00,Quantity bought 7421.495 @13.47,11208,-1,,-1,1,60,2678,,,31
4192,4,2024-04-03 00:00:00,Quantity bought 203.559 @491.26,11207,-1,,-1,1,60,2732,,,31
4193,4,2024-04-03 00:00:00,"Quantity sold 8.455  @ 5,913.66",11206,-1,,-1,1,60,2228,,,31
4194,4,2024-04-03 00:00:00,"Quantity sold 79.304  @ 3,782.91",11205,-1,,-1,1,60,2241,,,31
4195,4,2024-04-04 00:00:00,"Quantity bought 17.364 @3,455.43",11221,-1,,-1,1,60,1717,,,31
4196,4,2024-04-04 00:00:00,"Quantity bought 15.727 @3,815.10",11217,-1,,-1,1,60,2733,,,31
4197,4,2024-04-04 00:00:00,"Quantity sold 18.528  @ 4,749.57",11215,-1,,-1,1,60,2209,,,31
4198,4,2024-04-04 00:00:00,"Quantity sold 8.451  @ 5,916.46",11216,-1,,-1,1,60,2228,,,31
4199,4,2024-04-05 00:00:00,"Quantity bought 22.329 @2,687.09",11226,-1,,-1,1,60,2628,,,31
4200,4,2024-04-07 00:00:00,Quantity sold 77.124  @ 38.90,11228,-1,,-1,1,60,2681,,,31
4201,4,2024-04-07 00:00:00,Quantity sold 77.124  @ 38.90,11229,-1,,-1,1,60,2681,,,31
4202,4,2024-04-08 00:00:00,Quantity bought 11.445 @262.12,11230,-1,,-1,1,60,2095,,,31
4203,4,2024-04-08 00:00:00,Quantity bought 69.263 @43.31,11231,-1,,-1,1,60,2697,,,31
4204,4,2024-04-09 00:00:00,"Quantity sold 0.844  @ 5,924.17",11235,-1,,-1,1,60,2228,,,31
4205,4,2024-04-09 00:00:00,"Quantity sold 0.02  @ 5,922.50",11368,-1,,-1,1,60,2228,,,31
4206,4,2024-04-09 00:00:00,"Quantity sold 0.396  @ 3,787.88",11234,-1,,-1,1,60,2241,,,31
4207,4,2024-04-10 00:00:00,Quantity bought 3.977 @377.17,11369,-1,,-1,1,60,2203,,,31
4208,4,2024-04-10 00:00:00,Quantity bought 30.458 @164.16,11370,-1,,-1,1,60,2242,,,31
4209,4,2024-04-10 00:00:00,Quantity bought 1.336 @88.66,11371,-1,,-1,1,60,2294,,,31
4210,4,2024-04-10 00:00:00,Quantity bought 1284.774 @38.92,11236,-1,,-1,1,60,2681,,,31
4211,4,2024-04-12 00:00:00,Dividend Payout from Housing & Urban Development Corporation (),13017,-1,,-1,1,50,2618,,,31
4212,4,2024-04-14 00:00:00,Quantity sold 77.013  @ 38.95,11372,-1,,-1,1,60,2681,,,31
4213,4,2024-04-14 00:00:00,Quantity sold 77.013  @ 38.95,11373,-1,,-1,1,60,2681,,,31
4214,4,2024-04-15 00:00:00,Quantity bought 11.543 @259.90,11375,-1,,-1,1,60,2095,,,31
4215,4,2024-04-15 00:00:00,Quantity bought 70.089 @42.80,11376,-1,,-1,1,60,2697,,,31
4216,4,2024-04-15 00:00:00,IPO/Rights,11273,-1,,-1,1,50,249,,,31
4217,4,2024-04-15 00:00:00,"Quantity sold 0.396  @ 3,787.88",11374,-1,,-1,1,60,2241,,,31
4218,4,2024-04-16 00:00:00,Quantity bought 4.028 @372.39,11377,-1,,-1,1,60,2203,,,31
4219,4,2024-04-16 00:00:00,Dividend Payout from REC Ltd (),13018,-1,,-1,1,50,2614,,,31
4220,4,2024-04-21 00:00:00,Quantity sold 76.915  @ 39.00,11278,-1,,-1,1,60,2681,,,31
4221,4,2024-04-21 00:00:00,Quantity sold 76.915  @ 39.00,11279,-1,,-1,1,60,2681,,,31
4222,4,2024-04-22 00:00:00,Quantity bought 11.357 @264.15,11281,-1,,-1,1,60,2095,,,31
4223,4,2024-04-22 00:00:00,Quantity bought 69.681 @43.05,11282,-1,,-1,1,60,2697,,,31
4224,4,2024-04-22 00:00:00,"Quantity sold 0.395  @ 3,797.47",11280,-1,,-1,1,60,2241,,,31
4225,4,2024-04-23 00:00:00,Quantity bought 3.996 @375.38,11283,-1,,-1,1,60,2203,,,31
4226,4,2024-04-26 00:00:00,Interest (Payout) from 7.72 GS 2055 (),13007,-1,,-1,1,115,1842,,,31
4227,4,2024-04-28 00:00:00,Quantity sold 76.824  @ 39.05,11284,-1,,-1,1,60,2681,,,31
4228,4,2024-04-28 00:00:00,Quantity sold 76.824  @ 39.05,11285,-1,,-1,1,60,2681,,,31
4229,4,2024-04-29 00:00:00,Quantity bought 11.069 @271.03,11286,-1,,-1,1,60,2095,,,31
4230,4,2024-04-29 00:00:00,Quantity bought 68.338 @43.90,11287,-1,,-1,1,60,2697,,,31
4231,4,2024-05-02 00:00:00,Interest (Payout) from Sovereign Gold Bond 2.50% NOV 2029 SR-VII 2021-22 (IN0020210178) (),11888,-1,,-1,1,40,2186,,,31
4232,4,2024-05-02 00:00:00,"Quantity sold 0.394  @ 3,807.11",11378,-1,,-1,1,60,2241,,,31
4233,4,2024-05-03 00:00:00,Quantity bought 3.93 @381.68,11379,-1,,-1,1,60,2203,,,31
4234,4,2024-05-05 00:00:00,Quantity sold 76.725  @ 39.10,11380,-1,,-1,1,60,2681,,,31
4235,4,2024-05-05 00:00:00,Quantity sold 76.725  @ 39.10,11381,-1,,-1,1,60,2681,,,31
4236,4,2024-05-06 00:00:00,Quantity bought 11.312 @265.21,11382,-1,,-1,1,60,2095,,,31
4237,4,2024-05-06 00:00:00,Quantity bought 69.43 @43.21,11383,-1,,-1,1,60,2697,,,31
4238,4,2024-05-08 00:00:00,"Quantity sold 0.394  @ 3,807.11",11384,-1,,-1,1,60,2241,,,31
4239,4,2024-05-09 00:00:00,Quantity bought 4.056 @369.82,11385,-1,,-1,1,60,2203,,,31
4240,4,2024-05-12 00:00:00,Quantity sold 76.634  @ 39.15,11386,-1,,-1,1,60,2681,,,31
4241,4,2024-05-12 00:00:00,Quantity sold 76.634  @ 39.15,11387,-1,,-1,1,60,2681,,,31
4242,4,2024-05-13 00:00:00,Quantity bought 11.613 @258.33,11388,-1,,-1,1,60,2095,,,31
4243,4,2024-05-13 00:00:00,Quantity bought 71.206 @42.13,11389,-1,,-1,1,60,2697,,,31
4244,4,2024-05-15 00:00:00,"Quantity sold 0.393  @ 3,816.79",11390,-1,,-1,1,60,2241,,,31
4245,4,2024-05-16 00:00:00,Quantity bought 3.951 @379.65,11391,-1,,-1,1,60,2203,,,31
4246,4,2024-05-20 00:00:00,Quantity sold 76.514  @ 39.21,11392,-1,,-1,1,60,2681,,,31
4247,4,2024-05-20 00:00:00,Quantity sold 76.514  @ 39.21,11393,-1,,-1,1,60,2681,,,31
4248,4,2024-05-21 00:00:00,Quantity bought 11.053 @271.42,11394,-1,,-1,1,60,2095,,,31
4249,4,2024-05-21 00:00:00,Quantity bought 66.411 @45.17,11395,-1,,-1,1,60,2697,,,31
4250,4,2024-05-22 00:00:00,Quantity bought 322.029 @512.38,11396,-1,,-1,1,60,2732,,,31
4251,4,2024-05-23 00:00:00,"Quantity sold 0.393  @ 3,816.79",11397,-1,,-1,1,60,2241,,,31
4252,4,2024-05-24 00:00:00,Quantity bought 3.877 @386.90,11398,-1,,-1,1,60,2203,,,31
4253,4,2024-05-24 00:00:00,Quantity bought 2696.909 @61.18,11399,-1,,-1,1,60,2669,,,31
4254,4,2024-05-24 00:00:00,Interest (Payout) from G-Sec 7.54% GS 2036 (ISIN IN0020220029) (),12035,-1,,-1,1,40,2894,,,31
4255,4,2024-05-26 00:00:00,Quantity sold 76.42  @ 39.26,11400,-1,,-1,1,60,2681,,,31
4256,4,2024-05-26 00:00:00,Quantity sold 76.42  @ 39.26,11401,-1,,-1,1,60,2681,,,31
4257,4,2024-05-27 00:00:00,Quantity bought 10.976 @273.32,11402,-1,,-1,1,60,2095,,,31
4258,4,2024-05-27 00:00:00,Quantity bought 65.995 @45.46,11403,-1,,-1,1,60,2697,,,31
4259,4,2024-05-27 00:00:00,Interest (Payout) from Sovereign Gold Bond 2.50% MAY 2029 SR-I 2021-22 (IN0020210053) (),11889,-1,,-1,1,40,2251,,,31
4260,4,2024-06-02 00:00:00,Quantity sold 76.322  @ 39.31,11404,-1,,-1,1,60,2681,,,31
4261,4,2024-06-02 00:00:00,Quantity sold 76.322  @ 39.31,11405,-1,,-1,1,60,2681,,,31
4262,4,2024-06-03 00:00:00,Quantity bought 10.827 @277.09,11407,-1,,-1,1,60,2095,,,31
4263,4,2024-06-03 00:00:00,Quantity bought 64.294 @46.66,11408,-1,,-1,1,60,2697,,,31
4264,4,2024-06-03 00:00:00,"Quantity sold 0.392  @ 3,826.53",11406,-1,,-1,1,60,2241,,,31
4265,4,2024-06-04 00:00:00,Quantity bought 4.089 @366.84,11409,-1,,-1,1,60,2203,,,31
4266,4,2024-06-04 00:00:00,Quantity bought 402.341 @497.09,11410,-1,,-1,1,60,2732,,,31
4267,4,2024-06-05 00:00:00,Dividend Payout from State Bank Of India (),13019,-1,,-1,1,50,653,,,31
4268,4,2024-06-09 00:00:00,Quantity sold 76.223  @ 39.36,11411,-1,,-1,1,60,2681,,,31
4269,4,2024-06-09 00:00:00,Quantity sold 76.223  @ 39.36,11412,-1,,-1,1,60,2681,,,31
4270,4,2024-06-10 00:00:00,Quantity bought 10.852 @276.45,11414,-1,,-1,1,60,2095,,,31
4271,4,2024-06-10 00:00:00,Quantity bought 66.073 @45.40,11415,-1,,-1,1,60,2697,,,31
4272,4,2024-06-10 00:00:00,"Quantity sold 0.391  @ 3,836.32",11413,-1,,-1,1,60,2241,,,31
4273,4,2024-06-11 00:00:00,Quantity bought 3.792 @395.57,11571,-1,,-1,1,60,2203,,,31
4274,4,2024-06-13 00:00:00,Quantity bought 805.48 @62.07,11573,-1,,-1,1,60,2669,,,31
4275,4,2024-06-15 00:00:00,Interest (Payout) from G-Sec 6.67% GS 2035 (ISIN IN0020210152) (),12058,-1,,-1,1,40,2899,,,31
4276,4,2024-06-17 00:00:00,Quantity sold 76.109  @ 39.42,11590,-1,,-1,1,60,2681,,,31
4277,4,2024-06-17 00:00:00,Quantity sold 76.109  @ 39.42,11591,-1,,-1,1,60,2681,,,31
4278,4,2024-06-18 00:00:00,Quantity bought 10.461 @286.78,11593,-1,,-1,1,60,2095,,,31
4279,4,2024-06-18 00:00:00,Quantity bought 64.303 @46.65,11594,-1,,-1,1,60,2697,,,31
4280,4,2024-06-18 00:00:00,"Quantity sold 0.391  @ 3,836.32",11592,-1,,-1,1,60,2241,,,31
4281,4,2024-06-19 00:00:00,Quantity bought 3.729 @402.25,11599,-1,,-1,1,60,2203,,,31
4282,4,2024-06-19 00:00:00,Interest (Payout) from G-Sec 6.67% GS 2050 (ISIN IN0020200252) (),12046,-1,,-1,1,40,2896,,,31
4283,4,2024-06-19 00:00:00,Interest (Payout) from G-Sec 7.30% GS 2053 (ISIN IN0020230051) (),12049,-1,,-1,1,40,2897,,,31
4284,4,2024-06-19 00:00:00,"Quantity sold 18.341  @ 2,726.13",11613,-1,,-1,1,60,2628,,,31
4285,4,2024-06-23 00:00:00,Quantity sold 76.024  @ 39.46,11616,-1,,-1,1,60,2681,,,31
4286,4,2024-06-23 00:00:00,Quantity sold 76.024  @ 39.46,11617,-1,,-1,1,60,2681,,,31
4287,4,2024-06-24 00:00:00,Quantity bought 10.503 @285.63,11620,-1,,-1,1,60,2095,,,31
4288,4,2024-06-24 00:00:00,Quantity bought 64.971 @46.17,11621,-1,,-1,1,60,2697,,,31
4289,4,2024-06-24 00:00:00,"Quantity sold 0.39  @ 3,846.15",11619,-1,,-1,1,60,2241,,,31
4290,4,2024-06-24 00:00:00,"Quantity sold 3.988  @ 2,729.27",12112,-1,,-1,1,60,2628,,,31
4291,4,2024-06-25 00:00:00,Quantity bought 3.707 @404.64,11709,-1,,-1,1,60,2203,,,31
4292,4,2024-06-25 00:00:00,Quantity sold 252  @ 284.03,11630,-1,,-1,1,60,2095,,,31
4293,4,2024-06-25 00:00:00,Quantity sold 31.666  @ 39.47,11629,-1,,-1,1,60,2681,,,31
4294,4,2024-06-26 00:00:00,Quantity bought 108.066 @11.57,11710,-1,,-1,1,60,2846,,,31
4295,4,2024-06-30 00:00:00,Quantity sold 75.925  @ 39.51,11711,-1,,-1,1,60,2681,,,31
4296,4,2024-06-30 00:00:00,Quantity sold 75.925  @ 39.51,11712,-1,,-1,1,60,2681,,,31
4297,4,2024-07-01 00:00:00,Quantity bought 10.376 @289.13,11714,-1,,-1,1,60,2095,,,31
4298,4,2024-07-01 00:00:00,Quantity bought 64.015 @46.86,11715,-1,,-1,1,60,2697,,,31
4299,4,2024-07-01 00:00:00,Dividend Payout from Canara Bank (),13020,-1,,-1,1,50,1603,,,31
4300,4,2024-07-01 00:00:00,"Quantity sold 0.39  @ 3,846.15",11713,-1,,-1,1,60,2241,,,31
4301,4,2024-07-02 00:00:00,Quantity bought 3.673 @408.39,11716,-1,,-1,1,60,2203,,,31
4302,4,2024-07-02 00:00:00,Quantity sold 31.618  @ 39.53,11717,-1,,-1,1,60,2681,,,31
4303,4,2024-07-03 00:00:00,Quantity bought 106.093 @11.78,11718,-1,,-1,1,60,2846,,,31
4304,4,2024-07-06 00:00:00,Dividend Payout from Larsen & Toubro (),13021,-1,,-1,1,50,251,,,31
4305,4,2024-07-06 00:00:00,Dividend Payout from CARE Ratings (),13022,-1,,-1,1,50,2616,,,31
4306,4,2024-07-07 00:00:00,Quantity sold 61.994  @ 39.57,11719,-1,,-1,1,60,2681,,,31
4307,4,2024-07-08 00:00:00,Quantity bought 8.305 @295.38,11721,-1,,-1,1,60,2095,,,31
4308,4,2024-07-08 00:00:00,"Quantity sold 0.389  @ 3,856.04",11720,-1,,-1,1,60,2241,,,31
4309,4,2024-07-09 00:00:00,Quantity bought 3.606 @415.97,11828,-1,,-1,1,60,2203,,,31
4310,4,2024-07-12 00:00:00,Interest (Payout) from G-Sec 6.10% GS 2031 (ISIN IN0020210095) (),12176,-1,,-1,1,40,2895,,,31
4311,4,2024-07-15 00:00:00,"Quantity sold 0.389  @ 3,856.04",11829,-1,,-1,1,60,2241,,,31
4312,4,2024-07-16 00:00:00,Quantity bought 3.57 @420.17,11830,-1,,-1,1,60,2203,,,31
4313,4,2024-07-19 00:00:00,Interest (Payout) from Sovereign Gold Bond 2.50% JAN 2029 SR-X 2020-21 (IN0020200385) (),12175,-1,,-1,1,40,2188,,,31
4314,4,2024-07-20 00:00:00,Dividend Payout from Bank Of Baroda (),13023,-1,,-1,1,50,888,,,31
4315,4,2024-07-20 00:00:00,Interest (Payout) from Sovereign Gold Bond 2.50% JUL 2029 SR-IV 2021-22 (IN0020210111) (),12177,-1,,-1,1,40,2200,,,31
4316,4,2024-07-22 00:00:00,"Quantity sold 0.388  @ 3,865.98",11831,-1,,-1,1,60,2241,,,31
4317,4,2024-07-23 00:00:00,Quantity bought 3.624 @413.91,11832,-1,,-1,1,60,2203,,,31
4318,4,2024-07-23 00:00:00,Dividend Payout from Concord Biotech (),13024,-1,,-1,1,50,2677,,,31
4319,4,2024-07-24 00:00:00,Quantity bought 1100.426 @118.14,11868,-1,,-1,1,60,2858,,,31
4320,4,2024-07-25 00:00:00,Quantity bought 126.308 @118.76,11875,-1,,-1,1,60,2858,,,31
4321,4,2024-07-25 00:00:00,Quantity sold 71.149  @ 165.61,11878,-1,,-1,1,60,1715,,,31
4322,4,2024-07-31 00:00:00,Quantity bought 8121.421 @39.40,11923,-1,,-1,1,60,2866,,,31
4323,4,2024-07-31 00:00:00,Dividend Payout from AXIS Bank (),12162,-1,,-1,1,50,2612,,,31
4324,4,2024-08-01 00:00:00,Dividend Payout from Transport Corporation of India (),12161,-1,,-1,1,50,2849,,,31
4325,4,2024-08-01 00:00:00,"Quantity sold 156  @ 2,026.22",12063,-1,,-1,1,60,2134,,,31
4326,4,2024-08-01 00:00:00,"Quantity sold 0.387  @ 3,875.97",12062,-1,,-1,1,60,2241,,,31
4327,4,2024-08-02 00:00:00,Quantity bought 3.543 @423.37,12064,-1,,-1,1,60,2203,,,31
4328,4,2024-08-05 00:00:00,Dividend Payout from Union Bank of India (),12159,-1,,-1,1,50,1602,,,31
4329,4,2024-08-05 00:00:00,Dividend Payout from Kotak Mahindra Bank (),12160,-1,,-1,1,50,1747,,,31
4330,4,2024-08-08 00:00:00,Dividend Payout from RBL Bank (),12158,-1,,-1,1,50,2617,,,31
4331,4,2024-08-08 00:00:00,"Quantity sold 0.387  @ 3,875.97",12066,-1,,-1,1,60,2241,,,31
4332,4,2024-08-09 00:00:00,Quantity bought 3.58 @418.99,12081,-1,,-1,1,60,2203,,,31
4333,4,2024-08-09 00:00:00,Dividend Payout from CMS Info Systems (),12157,-1,,-1,1,50,2737,,,31
4334,4,2024-08-12 00:00:00,Dividend Payout from HDFC Bank (),12155,-1,,-1,1,50,242,,,31
4335,4,2024-08-12 00:00:00,Dividend Payout from GIC Housing Finance (),12154,-1,,-1,1,50,2610,,,31
4336,4,2024-08-12 00:00:00,Dividend Payout from Vaibhav Global (),12156,-1,,-1,1,50,2679,,,31
4337,4,2024-08-12 00:00:00,Interest (Payout) from Sovereign Gold Bond 2.50% AUG 2028 SR-V 2020-21 (IN0020200161) (),12153,-1,,-1,1,40,1562,,,31
4338,4,2024-08-14 00:00:00,Dividend Payout from Repco Home Finance (),12152,-1,,-1,1,50,2856,,,31
4339,4,2024-08-16 00:00:00,Dividend Payout from UltraTech Cement (),12151,-1,,-1,1,50,917,,,31
4340,4,2024-08-17 00:00:00,Dividend Payout from The Ramco Cements (),12150,-1,,-1,1,50,2847,,,31
4341,4,2024-08-18 00:00:00,"Quantity sold 0.386  @ 3,886.01",12082,-1,,-1,1,60,2241,,,31
4342,4,2024-08-19 00:00:00,Quantity bought 3.541 @423.61,12083,-1,,-1,1,60,2203,,,31
4343,4,2024-08-22 00:00:00,"Quantity sold 0.386  @ 3,886.01",12084,-1,,-1,1,60,2241,,,31
4344,4,2024-08-23 00:00:00,Quantity bought 3.519 @426.26,12085,-1,,-1,1,60,2203,,,31
4345,4,2024-08-23 00:00:00,Dividend Payout from REC Ltd (),12149,-1,,-1,1,50,2614,,,31
4346,4,2024-08-27 00:00:00,Quantity bought 735.6 @115.55,12092,-1,,-1,1,60,2705,,,31
4347,4,2024-08-27 00:00:00,Quantity sold 104.345  @ 779.97,12091,-1,,-1,1,60,1963,,,31
4348,4,2024-08-28 00:00:00,Dividend Payout from Life Insurance Corporation of India (LIC) (),12146,-1,,-1,1,50,1968,,,31
4349,4,2024-08-28 00:00:00,Dividend Payout from IndusInd Bank (),12147,-1,,-1,1,50,2611,,,31
4350,4,2024-08-28 00:00:00,Dividend Payout from Rites Ltd (),12148,-1,,-1,1,50,2636,,,31
4351,4,2024-08-28 00:00:00,"Quantity sold 10.237  @ 4,884.24",12093,-1,,-1,1,60,2209,,,31
4352,4,2024-08-29 00:00:00,Dividend Payout from Gateway Distriparks (),12145,-1,,-1,1,50,2852,,,31
4353,4,2024-09-02 00:00:00,Dividend Payout from ICICI Bank (),12173,-1,,-1,1,50,986,,,31
4354,4,2024-09-02 00:00:00,"Quantity sold 0.385  @ 3,896.10",12094,-1,,-1,1,60,2241,,,31
4355,4,2024-09-03 00:00:00,Quantity bought 3.477 @431.41,12095,-1,,-1,1,60,2203,,,31
4356,4,2024-09-04 00:00:00,"Quantity sold 14.048  @ 3,559.23",12096,-1,,-1,1,60,1717,,,31
4357,4,2024-09-05 00:00:00,Dividend Payout from Power Finance Corporation (),12172,-1,,-1,1,50,2613,,,31
4358,4,2024-09-05 00:00:00,"Quantity sold 3.316  @ 3,559.88",12098,-1,,-1,1,60,1717,,,31
4359,4,2024-09-05 00:00:00,"Quantity sold 2.543  @ 4,891.60",12097,-1,,-1,1,60,2209,,,31
4360,4,2024-09-05 00:00:00,Quantity sold 40874.346  @ 12.74,12099,-1,,-1,1,60,2680,,,31
4361,4,2024-09-09 00:00:00,Dividend Payout from H.G. Infra Engineering (),12171,-1,,-1,1,50,2851,,,31
4362,4,2024-09-09 00:00:00,"Quantity sold 7.437  @ 3,899.42",12107,-1,,-1,1,60,2241,,,31
4363,4,2024-09-09 00:00:00,"Quantity sold 0.385  @ 3,896.10",12108,-1,,-1,1,60,2241,,,31
4364,4,2024-09-09 00:00:00,"Quantity sold 12.716  @ 3,932.05",12100,-1,,-1,1,60,2733,,,31
4365,4,2024-09-10 00:00:00,Quantity bought 3.497 @428.94,12109,-1,,-1,1,60,2203,,,31
4366,4,2024-09-12 00:00:00,Interest (Payout) from G-Sec 7.36% GS 2052 (ISIN IN0020220086) (),12174,-1,,-1,1,40,2898,,,31
4367,4,2024-09-13 00:00:00,Dividend Payout from Power Finance Corporation (),12170,-1,,-1,1,50,2613,,,31
4368,4,2024-09-16 00:00:00,IPO/Rights,12134,-1,,-1,1,50,2905,,,31
4369,4,2024-09-16 00:00:00,"Quantity sold 0.384  @ 3,906.25",12140,-1,,-1,1,60,2241,,,31
4370,4,2024-09-17 00:00:00,Quantity bought 3.467 @432.65,12141,-1,,-1,1,60,2203,,,31
4371,4,2024-09-17 00:00:00,Dividend Payout from Bharat Heavy Electricals (),12169,-1,,-1,1,50,235,,,31
4372,4,2024-09-17 00:00:00,Dividend Payout from RailTel Corporation of India (),12168,-1,,-1,1,50,2637,,,31
4373,4,2024-09-18 00:00:00,Dividend Payout from REC Ltd (),12167,-1,,-1,1,50,2614,,,31
4374,4,2024-09-18 00:00:00,Dividend Payout from Indian Railway Finance Corporation (),12166,-1,,-1,1,50,2619,,,31
4375,4,2024-09-18 00:00:00,Dividend Payout from LIC Housing Finance (),12165,-1,,-1,1,50,2736,,,31
4376,4,2024-09-23 00:00:00,Dividend Payout from Bharat Electronics (),12164,-1,,-1,1,50,2634,,,31
4377,4,2024-09-23 00:00:00,Dividend Payout from Skipper (),12163,-1,,-1,1,50,2815,,,31
4378,4,2024-09-23 00:00:00,"Quantity sold 0.164  @ 3,910.12",12142,-1,,-1,1,60,2241,,,31
4379,4,2024-09-24 00:00:00,Quantity bought 1.464 @438.02,12232,-1,,-1,1,60,2203,,,31
4380,4,2024-09-27 00:00:00,Dividend Payout from IRCON International (),12251,-1,,-1,1,50,2635,,,31
4381,4,2024-09-30 00:00:00,Quantity bought 2331.288 @122.25,12233,-1,,-1,1,60,2705,,,31
4382,4,2024-10-03 00:00:00,Dividend Payout from Rites Ltd (),12249,-1,,-1,1,50,2636,,,31
4383,4,2024-10-03 00:00:00,Dividend Payout from Allcargo Logistics (),12250,-1,,-1,1,50,2850,,,31
4384,4,2024-10-07 00:00:00,Dividend Payout from Housing & Urban Development Corporation (),12248,-1,,-1,1,50,2618,,,31
4385,4,2024-10-10 00:00:00,Quantity bought 10038.348 @9.96,12258,-1,,-1,1,60,2927,,,31
4386,4,2024-10-10 00:00:00,Quantity sold 214.159  @ 11.83,12257,-1,,-1,1,60,2846,,,31
4387,4,2024-10-11 00:00:00,Quantity bought 4990.518 @10.02,12278,-1,,-1,1,60,2927,,,31
4388,4,2024-10-14 00:00:00,Quantity bought 27946.898 @10.02,12283,-1,,-1,1,60,2927,,,31
4389,4,2024-10-14 00:00:00,Quantity sold 1991.526  @ 87.87,12282,-1,,-1,1,60,1754,,,31
4390,4,2024-10-14 00:00:00,Quantity sold 363.46  @ 749.01,12803,-1,,-1,1,60,1759,,,31
4391,4,2024-10-14 00:00:00,"Quantity sold 31.836  @ 2,066.69",12279,-1,,-1,1,60,2134,,,31
4392,4,2024-10-14 00:00:00,"Quantity sold 20.252  @ 2,087.56",12280,-1,,-1,1,60,2134,,,31
4393,4,2024-10-14 00:00:00,Quantity sold 1095.445  @ 45.11,12281,-1,,-1,1,60,2697,,,31
4394,4,2024-10-18 00:00:00,Dividend Payout from PTC India (),13026,-1,,-1,1,50,231,,,31
4395,4,2024-10-22 00:00:00,Quantity bought 10772.073 @9.28,12356,-1,,-1,1,60,2927,,,31
4396,4,2024-10-22 00:00:00,Dividend Payout from Rail Vikas Nigam (),13027,-1,,-1,1,50,1114,,,31
4397,4,2024-10-28 00:00:00,Interest (Payout) from 7.72 GS 2055 (),13006,-1,,-1,1,115,1842,,,31
4398,4,2024-10-28 00:00:00,Interest (Payout) from Sovereign Gold Bond 2.50% NOV 2029 SR-VII 2021-22 (IN0020210178) (),12697,-1,,-1,1,40,2186,,,31
4399,4,2024-10-30 00:00:00,Dividend Payout from Allcargo Logistics (),13028,-1,,-1,1,50,2850,,,31
4400,4,2024-11-05 00:00:00,Quantity bought 424.984 @117.65,12404,-1,,-1,1,60,2705,,,31
4401,4,2024-11-07 00:00:00,Dividend Payout from Tata Investment Corporation (),13029,-1,,-1,1,50,1993,,,31
4402,4,2024-11-08 00:00:00,Dividend Payout from Infosys (),13030,-1,,-1,1,50,2933,,,31
4403,4,2024-11-14 00:00:00,Quantity bought 15514.005 @9.67,12422,-1,,-1,1,60,2939,,,31
4404,4,2024-11-21 00:00:00,Dividend Payout from RailTel Corporation of India (),13031,-1,,-1,1,50,2637,,,31
4405,4,2024-11-22 00:00:00,Dividend Payout from REC Ltd (),13032,-1,,-1,1,50,2614,,,31
4406,4,2024-11-25 00:00:00,Interest (Payout) from Sovereign Gold Bond 2.50% MAY 2029 SR-I 2021-22 (IN0020210053) (),12698,-1,,-1,1,40,2251,,,31
4407,4,2024-11-25 00:00:00,Interest (Payout) from G-Sec 7.54% GS 2036 (ISIN IN0020220029) (),12696,-1,,-1,1,40,2894,,,31
4408,4,2024-11-26 00:00:00,Dividend Payout from Indian Railway Finance Corporation (),13033,-1,,-1,1,50,2619,,,31
4409,4,2024-11-27 00:00:00,Dividend Payout from Rites Ltd (),13034,-1,,-1,1,50,2636,,,31
4410,4,2024-12-02 00:00:00,Quantity bought 14592.981 @10.28,12461,-1,,-1,1,60,2939,,,31
4411,4,2024-12-02 00:00:00,Interest (Payout) from Sovereign Gold Bond 2.50% JUN 2029 SR-II 2021-22 (IN0020210061) (),12700,-1,,-1,1,40,2189,,,31
4412,4,2024-12-06 00:00:00,Interest (Payout) from Sovereign Gold Bond 2.50% DEC 2029 SR-VIII 2021-22 (IN0020210228) (),12612,-1,,-1,1,40,2187,,,31
4413,4,2024-12-09 00:00:00,Interest (Payout) from Sovereign Gold Bond 2.50% JUNE 2029 SR-III 2021-22 (IN0020210087) (),12611,-1,,-1,1,40,2199,,,31
4414,4,2024-12-16 00:00:00,Interest (Payout) from G-Sec 6.67% GS 2035 (ISIN IN0020210152) (),12610,-1,,-1,1,40,2899,,,31
4415,4,2024-12-17 00:00:00,Quantity bought 14292.895 @10.49,12540,-1,,-1,1,60,2939,,,31
4416,4,2024-12-17 00:00:00,Interest (Payout) from G-Sec 6.67% GS 2050 (ISIN IN0020200252) (),12609,-1,,-1,1,40,2896,,,31
4417,4,2024-12-19 00:00:00,Interest (Payout) from G-Sec 7.30% GS 2053 (ISIN IN0020230051) (),12608,-1,,-1,1,40,2897,,,31
4418,4,2025-01-13 00:00:00,Interest (Payout) from G-Sec 6.10% GS 2031 (ISIN IN0020210095) (),12607,-1,,-1,1,40,2895,,,31
4419,4,2025-01-20 00:00:00,Interest (Payout) from Sovereign Gold Bond 2.50% JAN 2029 SR-X 2020-21 (IN0020200385) (),12606,-1,,-1,1,40,2188,,,31
4420,4,2025-01-20 00:00:00,Interest (Payout) from Sovereign Gold Bond 2.50% JUL 2029 SR-IV 2021-22 (IN0020210111) (),12605,-1,,-1,1,40,2200,,,31
4421,4,2025-02-05 00:00:00,Quantity bought 5602.84 @8.92,12623,-1,,-1,1,60,2939,,,31
4422,4,2025-02-05 00:00:00,Dividend Payout from Transport Corporation of India (),12673,-1,,-1,1,50,2849,,,31
4423,4,2025-02-11 00:00:00,Interest (Payout) from Sovereign Gold Bond 2.50% AUG 2028 SR-V 2020-21 (IN0020200161) (),12672,-1,,-1,1,40,1562,,,31
4424,4,2025-02-12 00:00:00,Quantity bought 14826.008 @20.23,12632,-1,,-1,1,60,2964,,,31
4425,4,2025-02-17 00:00:00,Dividend Payout from Gateway Distriparks (),12674,-1,,-1,1,50,2852,,,31
4426,4,2025-02-17 00:00:00,Dividend Payout from Quess Corp (),12671,-1,,-1,1,50,2936,,,31
4427,4,2025-02-20 00:00:00,Dividend Payout from Rites Ltd (),12670,-1,,-1,1,50,2636,,,31
4428,4,2025-02-24 00:00:00,"Quantity bought 59.342 @5,055.44",12647,-1,,-1,1,60,2209,,,31
4429,4,2025-02-24 00:00:00,"Quantity bought 37.253 @4,026.52",12652,-1,,-1,1,60,2241,,,31
4430,4,2025-02-24 00:00:00,"Quantity bought 36.925 @4,062.29",12648,-1,,-1,1,60,2733,,,31
4431,4,2025-02-24 00:00:00,Quantity bought 325.947 @767.00,12643,-1,,-1,1,60,2968,,,31
4432,4,2025-02-28 00:00:00,Quantity bought 132.253 @756.13,12706,-1,,-1,1,60,2968,,,31
4433,4,2025-02-28 00:00:00,Dividend Payout from IRCON International (),13005,-1,,-1,1,50,2635,,,31
4434,4,2025-03-06 00:00:00,Dividend Payout from REC Ltd (),13004,-1,,-1,1,50,2614,,,31
4435,4,2025-03-12 00:00:00,Interest (Payout) from G-Sec 7.36% GS 2052 (ISIN IN0020220086) (),12835,-1,,-1,1,40,2898,,,31
4436,4,2025-03-21 00:00:00,Quantity bought 829.105 @103.73,12764,-1,,-1,1,60,2858,,,31
4437,4,2025-03-21 00:00:00,Quantity bought 10854.823 @16.31,12765,-1,,-1,1,60,2982,,,31
4438,4,2025-03-21 00:00:00,Quantity bought 3334.401 @62.38,12813,-1,,-1,1,60,2984,,,31
4439,4,2025-03-21 00:00:00,Quantity bought 2308.431 @62.38,12816,-1,,-1,1,60,2985,,,31
4440,4,2025-03-21 00:00:00,Quantity sold 8121.421  @ 34.35,12808,-1,,-1,1,60,2866,,,31
4441,4,2025-03-23 00:00:00,"Quantity sold 12.358  @ 4,045.96",12817,-1,,-1,1,60,2241,,,31
4442,4,2025-03-24 00:00:00,"Quantity sold 9.839  @ 5,081.82",12841,-1,,-1,1,60,2209,,,31
4443,4,2025-03-24 00:00:00,"Quantity sold 12.354  @ 4,047.27",12842,-1,,-1,1,60,2241,,,31
4444,4,2025-03-24 00:00:00,"Quantity sold 12.244  @ 4,083.63",12843,-1,,-1,1,60,2733,,,31
4445,4,2025-03-25 00:00:00,Quantity bought 14285.77 @7.42,12884,-1,,-1,1,60,2989,,,31
4446,4,2025-03-25 00:00:00,Quantity sold 1226  @ 103.99,12844,-1,,-1,1,60,2858,,,31
4447,4,2025-03-25 00:00:00,Quantity sold 38560.183  @ 8.38,12845,-1,,-1,1,60,2939,,,31
4448,4,2025-03-27 00:00:00,Quantity bought 1691.15 @103.48,12866,-1,,-1,1,60,2858,,,31
4449,4,2025-03-27 00:00:00,Quantity bought 291.668 @308.57,12867,-1,,-1,1,60,2988,,,31
4450,4,2025-03-27 00:00:00,Dividend Payout from Indian Railway Finance Corporation (),13002,-1,,-1,1,50,2619,,,31
4451,4,2025-03-27 00:00:00,Dividend Payout from Bharat Electronics (),13003,-1,,-1,1,50,2634,,,31
4452,4,2025-03-31 00:00:00,"Quantity sold 9.816  @ 5,093.72",12899,-1,,-1,1,60,2209,,,31
4453,4,2025-03-31 00:00:00,"Quantity sold 11.285  @ 4,055.83",12900,-1,,-1,1,60,2241,,,31
4454,4,2025-03-31 00:00:00,"Quantity sold 12.216  @ 4,092.99",12901,-1,,-1,1,60,2733,,,31
4455,4,2025-04-09 00:00:00,Dividend Payout from RailTel Corporation of India (),14062,-1,,-1,1,50,2637,,,31
4456,4,2025-04-16 00:00:00,Dividend Payout from REC Ltd (),14061,-1,,-1,1,50,2614,,,31
4457,4,2025-04-24 00:00:00,Quantity bought 2414.253 @103.55,13044,-1,,-1,1,60,2993,,,31
4458,4,2025-04-25 00:00:00,Quantity bought 124.504 @803.19,13050,-1,,-1,1,60,2968,,,31
4459,4,2025-04-28 00:00:00,Interest (Payout) from 7.72 GS 2055 (),14064,-1,,-1,1,115,1842,,,31
4460,4,2025-04-29 00:00:00,Quantity bought 483.196 @103.48,13066,-1,,-1,1,60,2993,,,31
4461,4,2025-05-02 00:00:00,Interest (Payout) from Sovereign Gold Bond 2.50% NOV 2029 SR-VII 2021-22 (IN0020210178) (),14013,-1,,-1,1,40,2186,,,31
4462,4,2025-05-24 00:00:00,Interest (Payout) from G-Sec 7.54% GS 2036 (ISIN IN0020220029) (),14009,-1,,-1,1,40,2894,,,31
4463,4,2025-05-27 00:00:00,Interest (Payout) from Sovereign Gold Bond 2.50% MAY 2029 SR-I 2021-22 (IN0020210053) (),14014,-1,,-1,1,40,2251,,,31
4464,4,2025-06-02 00:00:00,Interest (Payout) from Sovereign Gold Bond 2.50% JUN 2029 SR-II 2021-22 (IN0020210061) (),14015,-1,,-1,1,40,2189,,,31
4465,4,2025-06-09 00:00:00,Interest (Payout) from Sovereign Gold Bond 2.50% DEC 2029 SR-VIII 2021-22 (IN0020210228) (),14018,-1,,-1,1,40,2187,,,31
4466,4,2025-06-09 00:00:00,Interest (Payout) from Sovereign Gold Bond 2.50% JUNE 2029 SR-III 2021-22 (IN0020210087) (),14024,-1,,-1,1,40,2199,,,31
4467,4,2025-06-10 00:00:00,Quantity bought 26.408 @833.08,13296,-1,,-1,1,60,2968,,,31
4468,4,2025-06-15 00:00:00,Interest (Payout) from G-Sec 6.67% GS 2035 (ISIN IN0020210152) (),14012,-1,,-1,1,40,2899,,,31
4469,4,2025-06-17 00:00:00,Interest (Payout) from G-Sec 6.67% GS 2050 (ISIN IN0020200252) (),14010,-1,,-1,1,40,2896,,,31
4470,4,2025-06-19 00:00:00,Quantity bought 805.761 @49.64,14022,-1,,-1,1,60,3020,,,31
4471,4,2025-06-19 00:00:00,Quantity bought 72.456 @828.09,14021,-1,,-1,1,60,3039,,,31
4472,4,2025-06-19 00:00:00,Interest (Payout) from G-Sec 7.30% GS 2053 (ISIN IN0020230051) (),14008,-1,,-1,1,40,2897,,,31
4473,4,2025-06-20 00:00:00,Dividend Payout from Laurus Labs (),14060,-1,,-1,1,50,2942,,,31
4474,4,2025-06-21 00:00:00,Dividend Payout from Larsen & Toubro (),14058,-1,,-1,1,50,251,,,31
4475,4,2025-06-30 00:00:00,Dividend Payout from State Bank Of India (),14059,-1,,-1,1,50,653,,,31
4476,4,2025-06-30 00:00:00,Dividend Payout from Infosys (),14057,-1,,-1,1,50,2933,,,31
4477,4,2025-07-02 00:00:00,Dividend Payout from Tata Investment Corporation (),14056,-1,,-1,1,50,1993,,,31
4478,4,2025-07-03 00:00:00,Quantity bought 485.337 @51.51,13506,-1,,-1,1,60,3020,,,31
4479,4,2025-07-07 00:00:00,Quantity sold 28.433  @ 35.17,14930,-1,,-1,1,60,3014,,,31
4480,4,2025-07-08 00:00:00,Quantity sold 28.44  @ 35.16,14931,-1,,-1,1,60,3014,,,31
4481,4,2025-07-09 00:00:00,Quantity bought 19.426 @51.48,14933,-1,,-1,1,60,3021,,,31
4482,4,2025-07-09 00:00:00,Quantity sold 28.427  @ 35.18,14932,-1,,-1,1,60,3014,,,31
4483,4,2025-07-10 00:00:00,Quantity bought 19.341 @51.70,14935,-1,,-1,1,60,3021,,,31
4484,4,2025-07-10 00:00:00,Quantity sold 28.415  @ 35.19,14934,-1,,-1,1,60,3014,,,31
4485,4,2025-07-11 00:00:00,Quantity bought 19.4 @51.55,14937,-1,,-1,1,60,3021,,,31
4486,4,2025-07-11 00:00:00,Quantity sold 28.412  @ 35.20,14936,-1,,-1,1,60,3014,,,31
4487,4,2025-07-14 00:00:00,Quantity bought 19.29 @51.84,14939,-1,,-1,1,60,3021,,,31
4488,4,2025-07-14 00:00:00,Interest (Payout) from G-Sec 6.10% GS 2031 (ISIN IN0020210095) (),14011,-1,,-1,1,40,2895,,,31
4489,4,2025-07-14 00:00:00,Quantity sold 28.419  @ 35.19,14938,-1,,-1,1,60,3014,,,31
4490,4,2025-07-15 00:00:00,Quantity bought 19.092 @52.38,14941,-1,,-1,1,60,3021,,,31
4491,4,2025-07-15 00:00:00,Quantity sold 28.41  @ 35.20,14940,-1,,-1,1,60,3014,,,31
4492,4,2025-07-16 00:00:00,Quantity bought 19.012 @52.60,14943,-1,,-1,1,60,3021,,,31
4493,4,2025-07-16 00:00:00,Quantity sold 28.392  @ 35.22,14942,-1,,-1,1,60,3014,,,31
4494,4,2025-07-17 00:00:00,Quantity bought 473.614 @52.79,13681,-1,,-1,1,60,3020,,,31
4495,4,2025-07-17 00:00:00,Quantity bought 18.945 @52.78,14945,-1,,-1,1,60,3021,,,31
4496,4,2025-07-17 00:00:00,Quantity bought 5311.011 @14.12,13723,-1,,-1,1,60,3027,,,31
4497,4,2025-07-17 00:00:00,Quantity sold 28.4  @ 35.21,14944,-1,,-1,1,60,3014,,,31
4498,4,2025-07-18 00:00:00,Quantity bought 19.025 @52.56,14947,-1,,-1,1,60,3021,,,31
4499,4,2025-07-18 00:00:00,Quantity sold 28.39  @ 35.22,14946,-1,,-1,1,60,3014,,,31
4500,4,2025-07-19 00:00:00,Interest (Payout) from Sovereign Gold Bond 2.50% JAN 2029 SR-X 2020-21 (IN0020200385) (),14017,-1,,-1,1,40,2188,,,31
4501,4,2025-07-20 00:00:00,Interest (Payout) from Sovereign Gold Bond 2.50% JUL 2029 SR-IV 2021-22 (IN0020210111) (),14016,-1,,-1,1,40,2200,,,31
4502,4,2025-07-21 00:00:00,Quantity bought 475.108 @52.62,13729,-1,,-1,1,60,3020,,,31
4503,4,2025-07-21 00:00:00,Quantity bought 19.004 @52.62,14949,-1,,-1,1,60,3021,,,31
4504,4,2025-07-21 00:00:00,Quantity bought 4916.175 @20.34,13730,-1,,-1,1,60,3028,,,31
4505,4,2025-07-21 00:00:00,Quantity bought 3523.432 @14.19,14023,-1,,-1,1,60,3040,,,31
4506,4,2025-07-21 00:00:00,Quantity sold 28.377  @ 35.24,14948,-1,,-1,1,60,3014,,,31
4507,4,2025-07-22 00:00:00,Quantity bought 19.054 @52.48,14951,-1,,-1,1,60,3021,,,31
4508,4,2025-07-22 00:00:00,Quantity sold 28.366  @ 35.25,14950,-1,,-1,1,60,3014,,,31
4509,4,2025-07-23 00:00:00,Quantity bought 19.086 @52.39,14953,-1,,-1,1,60,3021,,,31
4510,4,2025-07-23 00:00:00,Quantity sold 28.37  @ 35.25,14952,-1,,-1,1,60,3014,,,31
4511,4,2025-07-24 00:00:00,Quantity bought 19.162 @52.19,14955,-1,,-1,1,60,3021,,,31
4512,4,2025-07-24 00:00:00,Quantity sold 28.363  @ 35.26,14954,-1,,-1,1,60,3014,,,31
4513,4,2025-07-25 00:00:00,Quantity bought 19.4 @51.55,14956,-1,,-1,1,60,3021,,,31
4514,4,2025-07-28 00:00:00,Quantity bought 19.608 @51.00,14959,-1,,-1,1,60,3021,,,31
4515,4,2025-07-28 00:00:00,Quantity bought 1246.199 @20.06,13819,-1,,-1,1,60,3028,,,31
4516,4,2025-07-28 00:00:00,Quantity sold 28.344  @ 35.28,14957,-1,,-1,1,60,3014,,,31
4517,4,2025-07-28 00:00:00,Quantity sold 28.344  @ 35.28,14958,-1,,-1,1,60,3014,,,31
4518,4,2025-07-29 00:00:00,Quantity bought 486.234 @51.42,13773,-1,,-1,1,60,3020,,,31
4519,4,2025-07-29 00:00:00,Quantity sold 28.347  @ 35.28,14960,-1,,-1,1,60,3014,,,31
4520,4,2025-07-30 00:00:00,Quantity bought 19.394 @51.56,14962,-1,,-1,1,60,3021,,,31
4521,4,2025-07-30 00:00:00,Quantity bought 19.394 @51.56,14963,-1,,-1,1,60,3021,,,31
4522,4,2025-07-30 00:00:00,Quantity sold 28.33  @ 35.30,14961,-1,,-1,1,60,3014,,,31
4523,4,2025-07-31 00:00:00,Quantity bought 19.587 @51.05,14965,-1,,-1,1,60,3021,,,31
4524,4,2025-07-31 00:00:00,Dividend Payout from IDFC First Bank (),14055,-1,,-1,1,50,1630,,,31
4525,4,2025-07-31 00:00:00,Quantity sold 28.322  @ 35.31,14964,-1,,-1,1,60,3014,,,31
4526,4,2025-08-01 00:00:00,Quantity bought 19.837 @50.41,14967,-1,,-1,1,60,3021,,,31
4527,4,2025-08-01 00:00:00,Quantity sold 28.29  @ 35.35,14966,-1,,-1,1,60,3014,,,31
4528,4,2025-08-04 00:00:00,Quantity bought 19.724 @50.70,14969,-1,,-1,1,60,3021,,,31
4529,4,2025-08-04 00:00:00,Quantity sold 28.303  @ 35.33,14968,-1,,-1,1,60,3014,,,31
4530,4,2025-08-05 00:00:00,Quantity bought 19.805 @50.49,14971,-1,,-1,1,60,3021,,,31
4531,4,2025-08-05 00:00:00,Quantity sold 28.283  @ 35.36,14970,-1,,-1,1,60,3014,,,31
4532,4,2025-08-06 00:00:00,Quantity bought 19.986 @50.04,14973,-1,,-1,1,60,3021,,,31
4533,4,2025-08-06 00:00:00,Quantity sold 28.286  @ 35.35,14972,-1,,-1,1,60,3014,,,31
4534,4,2025-08-07 00:00:00,Quantity bought 1001.051 @49.95,13836,-1,,-1,1,60,3020,,,31
4535,4,2025-08-07 00:00:00,Quantity bought 20.021 @49.95,14976,-1,,-1,1,60,3021,,,31
4536,4,2025-08-07 00:00:00,Quantity bought 1254.957 @19.92,13837,-1,,-1,1,60,3028,,,31
4537,4,2025-08-07 00:00:00,Quantity sold 141.538  @ 35.33,14974,-1,,-1,1,60,3014,,,31
4538,4,2025-08-07 00:00:00,Quantity sold 28.308  @ 35.33,14975,-1,,-1,1,60,3014,,,31
4539,4,2025-08-08 00:00:00,Quantity bought 20.192 @49.52,14978,-1,,-1,1,60,3021,,,31
4540,4,2025-08-08 00:00:00,Quantity sold 28.281  @ 35.36,14977,-1,,-1,1,60,3014,,,31
4541,4,2025-08-11 00:00:00,Quantity bought 100.483 @49.76,14980,-1,,-1,1,60,3021,,,31
4542,4,2025-08-11 00:00:00,Quantity bought 20.097 @49.76,14981,-1,,-1,1,60,3021,,,31
4543,4,2025-08-11 00:00:00,Dividend Payout from HDFC Bank (),14053,-1,,-1,1,50,242,,,31
4544,4,2025-08-11 00:00:00,Dividend Payout from HDFC Bank (),14054,-1,,-1,1,50,242,,,31
4545,4,2025-08-11 00:00:00,Interest (Payout) from Sovereign Gold Bond 2.50% AUG 2028 SR-V 2020-21 (IN0020200161) (),14063,-1,,-1,1,40,1562,,,31
4546,4,2025-08-11 00:00:00,Quantity sold 28.271  @ 35.37,14979,-1,,-1,1,60,3014,,,31
4547,4,2025-08-12 00:00:00,Quantity bought 20.102 @49.75,14983,-1,,-1,1,60,3021,,,31
4548,4,2025-08-12 00:00:00,Dividend Payout from Wendt India (),14052,-1,,-1,1,50,3013,,,31
4549,4,2025-08-12 00:00:00,Quantity sold 28.271  @ 35.37,14982,-1,,-1,1,60,3014,,,31
4550,4,2025-08-13 00:00:00,Quantity bought 20.04 @49.90,14985,-1,,-1,1,60,3021,,,31
4551,4,2025-08-13 00:00:00,Dividend Payout from Gateway Distriparks (),14051,-1,,-1,1,50,2852,,,31
4552,4,2025-08-13 00:00:00,Quantity sold 28.284  @ 35.36,14984,-1,,-1,1,60,3014,,,31
4553,4,2025-08-14 00:00:00,Quantity bought 20.089 @49.78,14987,-1,,-1,1,60,3021,,,31
4554,4,2025-08-14 00:00:00,Quantity sold 28.25  @ 35.40,14986,-1,,-1,1,60,3014,,,31
4555,4,2025-08-18 00:00:00,Quantity bought 19.932 @50.17,14989,-1,,-1,1,60,3021,,,31
4556,4,2025-08-18 00:00:00,Quantity sold 28.259  @ 35.39,14988,-1,,-1,1,60,3014,,,31
4557,4,2025-08-19 00:00:00,Quantity bought 19.765 @50.59,14990,-1,,-1,1,60,3021,,,31
4558,4,2025-08-20 00:00:00,Quantity bought 19.763 @50.60,14991,-1,,-1,1,60,3021,,,31
4559,4,2025-08-20 00:00:00,Dividend Payout from UltraTech Cement (),14050,-1,,-1,1,50,917,,,31
4560,4,2025-08-28 00:00:00,Quantity bought 5063.038 @19.75,13995,-1,,-1,1,60,3028,,,31
4561,4,2025-08-28 00:00:00,Dividend Payout from Jio Financial Services (),14049,-1,,-1,1,50,2695,,,31
4562,4,2025-08-29 00:00:00,Quantity bought 1015.569 @49.23,13997,-1,,-1,1,60,3020,,,31
4563,4,2025-08-29 00:00:00,Quantity bought 5641.18 @35.45,13996,-1,,-1,1,60,3037,,,31
4564,4,2025-08-29 00:00:00,Dividend Payout from Reliance Industries (),14048,-1,,-1,1,50,939,,,31
4565,4,2025-09-06 00:00:00,Dividend Payout from H.G. Infra Engineering (),14047,-1,,-1,1,50,2851,,,31
4566,4,2025-09-12 00:00:00,Dividend Payout from Ajmera Realty & Infra India (),14046,-1,,-1,1,50,2937,,,31
4567,4,2025-09-12 00:00:00,Interest (Payout) from G-Sec 7.36% GS 2052 (ISIN IN0020220086) (),14042,-1,,-1,1,40,2898,,,31
4568,4,2025-09-15 00:00:00,Dividend Payout from Indian Oil Corporation (),14246,-1,,-1,1,50,2959,,,31
4569,4,2025-09-20 00:00:00,Dividend Payout from Bhandari Hosiery Exports (),14245,-1,,-1,1,50,589,,,31
4570,4,2025-09-22 00:00:00,Dividend Payout from Concord Biotech (),14244,-1,,-1,1,50,2677,,,31
4571,4,2025-09-23 00:00:00,Dividend Payout from Bharat Electronics (),14243,-1,,-1,1,50,2634,,,31
4572,4,2025-09-25 00:00:00,Dividend Payout from Skipper (),14242,-1,,-1,1,50,2815,,,31
4573,4,2025-09-26 00:00:00,"Quantity sold 9.525  @ 5,249.34",14141,-1,,-1,1,60,2209,,,31
4574,4,2025-09-26 00:00:00,"Quantity sold 9.525  @ 5,249.34",14142,-1,,-1,1,60,2209,,,31
4575,4,2025-09-26 00:00:00,"Quantity sold 11.85  @ 4,219.41",14143,-1,,-1,1,60,2733,,,31
4576,4,2025-09-28 00:00:00,"Quantity sold 9.522  @ 5,251.00",14171,-1,,-1,1,60,2209,,,31
4577,4,2025-09-28 00:00:00,"Quantity sold 8.57  @ 5,250.88",14172,-1,,-1,1,60,2209,,,31
4578,4,2025-09-28 00:00:00,"Quantity sold 1.124  @ 4,181.49",14173,-1,,-1,1,60,2241,,,31
4579,4,2025-09-28 00:00:00,"Quantity sold 3.246  @ 4,220.58",14174,-1,,-1,1,60,2733,,,31
4580,4,2025-09-29 00:00:00,Quantity sold 2520.989  @ 110.60,14175,-1,,-1,1,60,2858,,,31
4581,4,2025-10-13 00:00:00,IPO/Rights,14239,-1,,-1,1,50,3052,,,31
4582,4,2025-10-16 00:00:00,Dividend Payout from Navneet Education (),14241,-1,,-1,1,50,3045,,,31
4583,4,2025-10-28 00:00:00,Interest (Payout) from 7.72 GS 2055 (),14249,-1,,-1,1,115,1842,,,31
4584,4,2025-11-10 00:00:00,Interest (Payout) from Sovereign Gold Bond 2.50% NOV 2029 SR-VII 2021-22 (IN0020210178) (),14238,-1,,-1,1,40,2186,,,31
4585,4,2025-11-24 00:00:00,Interest (Payout) from G-Sec 7.54% GS 2036 (ISIN IN0020220029) (),14237,-1,,-1,1,40,2894,,,31
4586,4,2025-11-25 00:00:00,Interest (Payout) from Sovereign Gold Bond 2.50% MAY 2029 SR-I 2021-22 (IN0020210053) (),14236,-1,,-1,1,40,2251,,,31
4587,4,2025-12-01 00:00:00,Interest (Payout) from Sovereign Gold Bond 2.50% JUN 2029 SR-II 2021-22 (IN0020210061) (),14520,-1,,-1,1,40,2189,,,31
4588,4,2025-12-03 00:00:00,Dividend Payout from Navneet Education (),14637,-1,,-1,1,50,3045,,,31
4589,4,2025-12-08 00:00:00,Interest (Payout) from Sovereign Gold Bond 2.50% DEC 2029 SR-VIII 2021-22 (IN0020210228) (),14521,-1,,-1,1,40,2187,,,31
4590,4,2025-12-08 00:00:00,Interest (Payout) from Sovereign Gold Bond 2.50% JUNE 2029 SR-III 2021-22 (IN0020210087) (),14522,-1,,-1,1,40,2199,,,31
4591,4,2025-12-11 00:00:00,Quantity sold 7617.912  @ 16.02,14378,-1,,-1,1,60,2653,,,31
4592,4,2025-12-15 00:00:00,Interest (Payout) from G-Sec 6.67% GS 2035 (ISIN IN0020210152) (),14519,-1,,-1,1,40,2899,,,31
4593,4,2025-12-15 00:00:00,"Quantity sold 2.545  @ 5,316.62",14389,-1,,-1,1,60,2209,,,31
4594,4,2025-12-17 00:00:00,Interest (Payout) from G-Sec 6.67% GS 2050 (ISIN IN0020200252) (),14523,-1,,-1,1,40,2896,,,31
4595,4,2025-12-18 00:00:00,IPO/Rights,14405,-1,,-1,1,50,3064,,,31
4596,4,2025-12-19 00:00:00,Interest (Payout) from G-Sec 7.30% GS 2053 (ISIN IN0020230051) (),14518,-1,,-1,1,40,2897,,,31
4597,4,2025-12-24 00:00:00,IPO/Rights,14409,-1,,-1,1,50,249,,,31
4598,4,2025-12-31 00:00:00,Dividend Payout from Indian Oil Corporation (),14479,-1,,-1,1,50,2959,,,31
4599,4,2026-01-12 00:00:00,Interest (Payout) from G-Sec 6.10% GS 2031 (ISIN IN0020210095) (),14524,-1,,-1,1,40,2895,,,31
4600,4,2026-01-13 00:00:00,Quantity sold 5641.18  @ 36.31,14480,-1,,-1,1,60,3037,,,31
4601,4,2026-01-19 00:00:00,Interest (Payout) from Sovereign Gold Bond 2.50% JAN 2029 SR-X 2020-21 (IN0020200385) (),14525,-1,,-1,1,40,2188,,,31
4602,4,2026-01-20 00:00:00,Interest (Payout) from Sovereign Gold Bond 2.50% JUL 2029 SR-IV 2021-22 (IN0020210111) (),14526,-1,,-1,1,40,2200,,,31
4603,4,2026-02-11 00:00:00,Interest (Payout) from Sovereign Gold Bond 2.50% AUG 2028 SR-V 2020-21 (IN0020200161) (),14601,-1,,-1,1,40,1562,,,31
4604,4,2026-03-05 00:00:00,Dividend Payout from Hindustan Copper (),14636,-1,,-1,1,50,913,,,31
4605,4,2026-03-10 00:00:00,Dividend Payout from Bharat Electronics (),14635,-1,,-1,1,50,2634,,,31
4606,4,2026-03-12 00:00:00,Interest (Payout) from G-Sec 7.36% GS 2052 (ISIN IN0020220086) (),14738,-1,,-1,1,40,2898,,,31
4607,4,2026-03-25 00:00:00,Quantity bought 4533.988 @16.54,15010,-1,,-1,1,60,3112,,,31
4608,4,2026-03-25 00:00:00,Quantity bought 24218.683 @8.88,15011,-1,,-1,1,60,3113,,,31
4609,4,2026-03-25 00:00:00,Quantity sold 423.311  @ 95.62,14992,-1,,-1,1,60,2132,,,31
4610,4,2026-03-25 00:00:00,Quantity sold 1850.804  @ 95.62,14993,-1,,-1,1,60,2294,,,31
4611,4,2026-03-25 00:00:00,Quantity sold 6882.413  @ 21.79,14775,-1,,-1,1,60,2964,,,31
4612,4,2026-03-25 00:00:00,Quantity sold 6882.413  @ 21.79,14776,-1,,-1,1,60,2964,,,31
4613,4,2026-03-25 00:00:00,Quantity sold 4742.674  @ 46.23,14994,-1,,-1,1,60,3020,,,31
4614,4,2026-03-25 00:00:00,Quantity sold 12480.369  @ 17.48,14995,-1,,-1,1,60,3028,,,31
4615,4,2026-03-27 00:00:00,Quantity bought 24128.984 @8.91,15012,-1,,-1,1,60,3114,,,31
4616,4,2026-03-27 00:00:00,Dividend Payout from Indian Oil Corporation (),15052,-1,,-1,1,50,2959,,,31
4617,4,2026-03-30 00:00:00,Quantity bought 18740.629 @8.00,15060,-1,,-1,1,60,2939,,,31
4618,4,2026-03-30 00:00:00,Quantity bought 9347.54 @16.05,15059,-1,,-1,1,60,2982,,,31
4619,4,2019-04-17 00:00:00,"Quantity bought 26.338 @3,796.80",5584,-1,,-1,13,60,1345,,,31
4620,4,2019-04-18 00:00:00,"Quantity bought 48.066 @2,080.47",5633,-1,,-1,13,60,1354,,,31
4621,4,2019-07-17 00:00:00,"Quantity bought 109.927 @2,729.08",5671,-1,,-1,13,60,1035,,,31
4622,4,2019-07-23 00:00:00,"Quantity sold 18.303  @ 2,731.79",5678,-1,,-1,13,60,1035,,,31
4623,4,2019-07-24 00:00:00,Quantity bought 2475.877 @20.34,5679,-1,,-1,13,60,1366,,,31
4624,4,2019-07-24 00:00:00,Quantity bought 4626.801 @20.34,5680,-1,,-1,13,60,1366,,,31
4625,4,2019-07-24 00:00:00,Quantity sold 5106.818  @ 46.99,5741,-1,,-1,13,60,649,,,31
4626,4,2019-07-24 00:00:00,Quantity sold 178.231  @ 282.59,5742,-1,,-1,13,60,701,,,31
4627,4,2019-07-24 00:00:00,Quantity sold 1379.678  @ 68.22,5740,-1,,-1,13,60,850,,,31
4628,4,2019-07-24 00:00:00,Quantity sold 2362.331  @ 307.33,5743,-1,,-1,13,60,1083,,,31
4629,4,2019-07-24 00:00:00,"Quantity sold 23.592  @ 2,119.36",5762,-1,,-1,13,60,1354,,,31
4630,4,2019-07-24 00:00:00,"Quantity sold 24.474  @ 2,119.77",5763,-1,,-1,13,60,1354,,,31
4631,4,2019-07-25 00:00:00,Quantity bought 1900.495 @382.01,5931,-1,,-1,13,60,1372,,,31
4632,4,2019-07-25 00:00:00,Quantity bought 4914.995 @20.35,5694,-1,,-1,13,60,1373,,,31
4633,4,2019-07-28 00:00:00,"Quantity sold 18.287  @ 2,734.18",5725,-1,,-1,13,60,1035,,,31
4634,4,2019-07-29 00:00:00,Quantity bought 456.213 @54.80,5726,-1,,-1,13,60,1376,,,31
4635,4,2019-07-29 00:00:00,"Quantity sold 155.451  @ 2,734.77",5744,-1,,-1,13,60,1034,,,31
4636,4,2019-07-31 00:00:00,Quantity bought 3676.809 @27.20,5788,-1,,-1,13,60,1388,,,31
4637,4,2019-07-31 00:00:00,"Quantity sold 18.276  @ 2,735.83",5727,-1,,-1,13,60,1035,,,31
4638,4,2019-08-01 00:00:00,Quantity bought 1044.653 @382.90,5728,-1,,-1,13,60,1372,,,31
4639,4,2019-08-01 00:00:00,"Quantity sold 36.546  @ 2,736.28",5729,-1,,-1,13,60,1035,,,31
4640,4,2019-08-02 00:00:00,Quantity bought 5508.003 @27.23,5787,-1,,-1,13,60,1388,,,31
4641,4,2019-08-08 00:00:00,"Quantity sold 18.25  @ 2,739.73",5754,-1,,-1,13,60,1035,,,31
4642,4,2019-08-12 00:00:00,"Quantity sold 2.234  @ 2,741.57",5756,-1,,-1,13,60,1035,,,31
4643,4,2019-08-12 00:00:00,"Quantity sold 26.338  @ 3,879.56",5755,-1,,-1,13,60,1345,,,31
4644,4,2019-09-01 00:00:00,"Quantity sold 11.305  @ 4,690.17",5839,-1,,-1,13,60,1060,,,31
4645,4,2019-09-25 00:00:00,Quantity sold 1375.038  @ 47.75,5856,-1,,-1,13,60,723,,,31
4646,4,2019-11-04 00:00:00,Quantity bought 14384.833 @20.86,5885,-1,,-1,13,60,1373,,,31
4647,4,2019-11-04 00:00:00,Quantity sold 4461.086  @ 40.54,5882,-1,,-1,13,60,395,,,31
4648,4,2019-11-06 00:00:00,Quantity bought 16777.719 @20.86,5887,-1,,-1,13,60,1373,,,31
4649,4,2019-11-27 00:00:00,Quantity sold 479.567  @ 40.41,5928,-1,,-1,13,60,1353,,,31
4650,4,2020-01-28 00:00:00,Quantity bought 398.241 @62.78,5964,-1,,-1,13,60,1376,,,31
4651,4,2020-02-25 00:00:00,Quantity bought 164.078 @45.71,6135,-1,,-1,13,60,1472,,,31
4652,4,2020-02-28 00:00:00,Quantity bought 419.752 @59.56,5998,-1,,-1,13,60,1376,,,31
4653,4,2020-03-04 00:00:00,Quantity sold 2489.822  @ 399.63,6006,-1,,-1,13,60,1372,,,31
4654,4,2020-03-06 00:00:00,Quantity sold 7102.678  @ 21.42,6008,-1,,-1,13,60,1366,,,31
4655,4,2020-03-06 00:00:00,Quantity sold 455.326  @ 399.71,6024,-1,,-1,13,60,1372,,,31
4656,4,2020-03-17 00:00:00,Quantity sold 2141.991  @ 118.27,6038,-1,,-1,13,60,852,,,31
4657,4,2020-03-23 00:00:00,Quantity sold 36077.547  @ 21.23,6063,-1,,-1,13,60,1373,,,31
4658,4,2020-03-23 00:00:00,Quantity sold 9184.812  @ 27.35,6062,-1,,-1,13,60,1388,,,31
4659,4,2020-03-24 00:00:00,Quantity bought 224.417 @33.42,6136,-1,,-1,13,60,1472,,,31
4660,4,2020-03-25 00:00:00,Quantity sold 1274.206  @ 42.74,6114,-1,,-1,13,60,1376,,,31
4661,4,2020-06-15 00:00:00,Quantity sold 695.929  @ 1.43,6437,-1,,-1,13,60,1536,,,31
4662,4,2020-06-22 00:00:00,Quantity sold 1058.134  @ 34.68,6363,-1,,-1,13,60,1094,,,31
4663,4,2020-06-22 00:00:00,Quantity sold 388.495  @ 40.72,6425,-1,,-1,13,60,1472,,,31
4664,4,2020-07-10 00:00:00,Quantity sold 8488.883  @ 1.43,6438,-1,,-1,13,60,1536,,,31
4665,4,2020-10-27 00:00:00,Quantity bought 4586.536 @76.31,6606,-1,,-1,13,60,1572,,,31
4666,4,2020-11-13 00:00:00,Quantity bought 3272.692 @76.39,6636,-1,,-1,13,60,1572,,,31
4667,4,2020-12-22 00:00:00,Quantity sold 3915.8816  @ 76.61,6660,-1,,-1,13,60,1572,,,31
4668,4,2021-01-05 00:00:00,Quantity sold 3943.3464  @ 77.12,6696,-1,,-1,13,60,1572,,,31
4669,4,2019-04-15 00:00:00,"Share Contract Note,  No.:I22099/14333   27/APR2019/3082",-1,134,,-1,1,50,-1,,,31
4670,4,2019-05-08 00:00:00,"Share Contract Note,  No.:I22099/32344   27/MAY2019/1217",-1,2242,,-1,1,50,-1,,,31
4671,4,2019-09-18 00:00:00,"Share Contract Note,  No.:I22099/149258   27/SEP2019/2852",-1,2353,,-1,1,50,-1,,,31
4672,4,2019-10-12 00:00:00,"Share Contract Note,  No.:fpo, Settlement No.:fpo",-1,2362,,-1,1,50,-1,,,31
4673,4,2020-01-14 00:00:00,"Share Contract Note,  No.:I22099/250395   27/JAN2020/2468",-1,2392,,-1,1,50,-1,,,31
4674,4,2020-03-04 00:00:00,"Share Contract Note,  No.:I22099/295750   27/MAR2020/545",-1,2401,,-1,1,50,-1,,,31
4675,4,2020-03-12 00:00:00,"Share Contract Note,  No.:I22099/302213   27/MAR2020/1926",-1,2411,,-1,1,50,-1,,,31
4676,4,2020-03-13 00:00:00,"Share Contract Note,  No.:I22099/303662   27/MAR2020/2215",-1,2415,,-1,1,40,-1,,,31
4677,4,2020-03-16 00:00:00,"Share Contract Note,  No.:I22099/305048   27/MAR2020/2476",-1,2417,,-1,1,50,-1,,,31
4678,4,2020-03-17 00:00:00,"Share Contract Note,  No.:I22099/306479   27/MAR2020/2757",-1,2418,,-1,1,50,-1,,,31
4679,4,2020-03-17 00:00:00,"Share Contract Note,  No.:5954673",-1,2420,,-1,1,40,-1,,,31
4680,4,2020-03-19 00:00:00,"Share Contract Note,  No.:6104817",-1,2423,,-1,1,40,-1,,,31
4681,4,2020-03-24 00:00:00,"Share Contract Note,  No.:6294779",-1,2427,,-1,1,40,-1,,,31
4682,4,2020-03-31 00:00:00,"Share Contract Note,  No.:I22099/319643   27/MAR2020/5657",-1,2444,,-1,1,40,-1,,,31
4683,4,2020-04-01 00:00:00,"Share Contract Note,  No.:I22099/395   27/APR2020/64",-1,2452,,-1,1,40,-1,,,31
4684,4,2019-11-04 00:00:00,"Share Contract Note,  No.:I22099/188595   27/NOV2019/343",-1,2462,,-1,1,50,-1,,,31
4685,4,2019-07-24 00:00:00,"Share Contract Note,  No.:I22099/103814   27/JUL2019/4586",-1,2463,,-1,1,50,-1,,,31
4686,4,2019-06-25 00:00:00,"Share Contract Note,  No.:I22099/77357   27/JUN2019/4265",-1,2464,,-1,1,50,-1,,,31
4687,4,2020-04-01 00:00:00,"Share Contract Note,  No.:3928",-1,2468,,-1,1,40,-1,,,31
4688,4,2020-04-07 00:00:00,"Share Contract Note,  No.:123025",-1,2481,,-1,1,40,-1,,,31
4689,4,2020-04-09 00:00:00,"Share Contract Note,  No.:I22099/5768   27/APR2020/1251",-1,2485,,-1,1,40,-1,,,31
4690,4,2020-04-15 00:00:00,"Share Contract Note,  No.:I22099/8695   27/APR2020/1909",-1,2498,,-1,1,40,-1,,,31
4691,4,2020-04-24 00:00:00,"Share Contract Note,  No.:I22099/19380   27/APR2020/4211",-1,2503,,-1,1,40,-1,,,31
4692,4,2020-05-07 00:00:00,"Share Contract Note,  No.:1595688",-1,2517,,-1,1,40,-1,,,31
4693,4,2020-05-08 00:00:00,"Share Contract Note,  No.:1666573",-1,2518,,-1,1,40,-1,,,31
4694,4,2020-06-08 00:00:00,"Share Contract Note,  No.:3346239",-1,2535,,-1,1,40,-1,,,31
4695,4,2020-06-04 00:00:00,"Share Contract Note,  No.:3155501",-1,2537,,-1,1,40,-1,,,31
4696,4,2020-06-03 00:00:00,"Share Contract Note,  No.:3053300",-1,2538,,-1,1,40,-1,,,31
4697,4,2020-06-09 00:00:00,"Share Contract Note,  No.:3459676",-1,2540,,-1,1,40,-1,,,31
4698,4,2020-06-12 00:00:00,"Share Contract Note,  No.:3737352",-1,2544,,-1,1,40,-1,,,31
4699,4,2020-06-15 00:00:00,"Share Contract Note,  No.:3825409",-1,2547,,-1,1,40,-1,,,31
4700,4,2020-06-18 00:00:00,"Share Contract Note,  No.:4077958",-1,2554,,-1,1,40,-1,,,31
4701,4,2020-06-19 00:00:00,"Share Contract Note,  No.:4164080",-1,2557,,-1,1,40,-1,,,31
4702,4,2020-06-22 00:00:00,"Share Contract Note,  No.:4264477",-1,2558,,-1,1,40,-1,,,31
4703,4,2020-06-24 00:00:00,"Share Contract Note,  No.:4489108",-1,2561,,-1,1,40,-1,,,31
4704,4,2020-06-25 00:00:00,"Share Contract Note,  No.:4601821",-1,2564,,-1,1,40,-1,,,31
4705,4,2020-06-26 00:00:00,"Share Contract Note,  No.:4693879",-1,2569,,-1,1,40,-1,,,31
4706,4,2020-07-02 00:00:00,"Share Contract Note,  No.:5061970",-1,2578,,-1,1,40,-1,,,31
4707,4,2020-07-03 00:00:00,"Share Contract Note,  No.:5160816",-1,2580,,-1,1,40,-1,,,31
4708,4,2020-07-10 00:00:00,"Share Contract Note,  No.:5693446",-1,2584,,-1,1,40,-1,,,31
4709,4,2020-07-10 00:00:00,"Share Contract Note,  No.:CNT-20/21-34009824",-1,2586,,-1,1,40,-1,,,31
4710,4,2020-07-13 00:00:00,"Share Contract Note,  No.:5799269",-1,2587,,-1,1,40,-1,,,31
4711,4,2020-07-15 00:00:00,"Share Contract Note,  No.:I22099/108443   27/JUL2020/3633",-1,2589,,-1,1,40,-1,,,31
4712,4,2020-07-15 00:00:00,"Share Contract Note,  No.:CNT-20/21-35815361",-1,2591,,-1,1,40,-1,,,31
4713,4,2020-07-15 00:00:00,"Share Contract Note,  No.:6008005",-1,2592,,-1,1,40,-1,,,31
4714,4,2020-07-16 00:00:00,"Share Contract Note,  No.:6105178",-1,2595,,-1,1,40,-1,,,31
4715,4,2020-07-16 00:00:00,"Share Contract Note,  No.:CNT-20/21-36306894",-1,2596,,-1,1,40,-1,,,31
4716,4,2020-07-17 00:00:00,"Share Contract Note,  No.:CNT-20/21-36884211",-1,2597,,-1,1,40,-1,,,31
4717,4,2020-07-17 00:00:00,"Share Contract Note,  No.:6200291",-1,2599,,-1,1,40,-1,,,31
4718,4,2020-07-20 00:00:00,"Share Contract Note,  No.:CNT-20/21-37423949",-1,2600,,-1,1,40,-1,,,31
4719,4,2020-07-21 00:00:00,"Share Contract Note,  No.:I22099/115023   27/JUL2020/5051",-1,2601,,-1,1,40,-1,,,31
4720,4,2020-07-21 00:00:00,"Share Contract Note,  No.:6391607",-1,2603,,-1,1,40,-1,,,31
4721,4,2020-07-22 00:00:00,"Share Contract Note,  No.:6515055",-1,2608,,-1,1,40,-1,,,31
4722,4,2020-07-23 00:00:00,"Share Contract Note,  No.:I22099/118458   27/JUL2020/5795",-1,2612,,-1,1,40,-1,,,31
4723,4,2020-07-23 00:00:00,"Share Contract Note,  No.:6635265",-1,2613,,-1,1,40,-1,,,31
4724,4,2020-07-27 00:00:00,"Share Contract Note,  No.:6848801",-1,2619,,-1,1,40,-1,,,31
4725,4,2020-07-28 00:00:00,"Share Contract Note,  No.:I22099/123376   27/JUL2020/6853",-1,2621,,-1,1,40,-1,,,31
4726,4,2020-08-14 00:00:00,"Share Contract Note,  No.:CNT-20/21-48737267",-1,2625,,-1,1,40,-1,,,31
4727,4,2020-08-14 00:00:00,"Share Contract Note,  No.:8350861",-1,2626,,-1,1,40,-1,,,31
4728,4,2020-08-20 00:00:00,"Share Contract Note,  No.:8782115",-1,2634,,-1,1,40,-1,,,31
4729,4,2020-08-21 00:00:00,"Share Contract Note,  No.:8896293",-1,2635,,-1,1,40,-1,,,31
4730,4,2020-08-24 00:00:00,"Share Contract Note,  No.:CNT-20/21-52426936",-1,2639,,-1,1,40,-1,,,31
4731,4,2020-08-25 00:00:00,"Share Contract Note,  No.:9160069",-1,2641,,-1,1,40,-1,,,31
4732,4,2020-08-26 00:00:00,"Share Contract Note,  No.:9271204",-1,2650,,-1,1,40,-1,,,31
4733,4,2020-08-18 00:00:00,"Share Contract Note,  No.:8571588",-1,2653,,-1,1,40,-1,,,31
4734,4,2020-08-26 00:00:00,"Share Contract Note,  No.:CNT-20/21-53701438",-1,2654,,-1,1,40,-1,,,31
4735,4,2020-09-03 00:00:00,"Share Contract Note,  No.:9949247",-1,2660,,-1,1,40,-1,,,31
4736,4,2020-09-07 00:00:00,"Share Contract Note,  No.:CNT-20/21-58910125",-1,2664,,-1,1,40,-1,,,31
4737,4,2020-09-22 00:00:00,"Share Contract Note,  No.:I22099/187074   27/SEP2020/4627",-1,2674,,-1,1,40,-1,,,31
4738,4,2020-10-06 00:00:00,"Share Contract Note,  No.:I22099/199474   27/OCT2020/629",-1,2681,,-1,1,40,-1,,,31
4739,4,2020-10-06 00:00:00,"Share Contract Note,  No.:CNT-20/21-70550587",-1,2683,,-1,1,40,-1,,,31
4740,4,2020-10-07 00:00:00,"Share Contract Note,  No.:I22099/200839   27/OCT2020/944",-1,2687,,-1,1,40,-1,,,31
4741,4,2020-10-09 00:00:00,"Share Contract Note,  No.:12395789",-1,2688,,-1,1,40,-1,,,31
4742,4,2020-10-07 00:00:00,"Share Contract Note,  No.:CNT-20/21-71109326",-1,2690,,-1,1,40,-1,,,31
4743,4,2020-10-12 00:00:00,"Share Contract Note,  No.:CNT-20/21-72872257",-1,2691,,-1,1,40,-1,,,31
4744,4,2020-10-13 00:00:00,"Share Contract Note,  No.:CNT-20/21-73465916",-1,2692,,-1,1,50,-1,,,31
4745,4,2020-10-14 00:00:00,"Share Contract Note,  No.:CNT-20/21-74000891",-1,2693,,-1,1,40,-1,,,31
4746,4,2020-10-15 00:00:00,"Share Contract Note,  No.:CNT-20/21-74556367",-1,2695,,-1,1,40,-1,,,31
4747,4,2020-10-23 00:00:00,"Share Contract Note,  No.:13309473",-1,2699,,-1,1,40,-1,,,31
4748,4,2020-10-23 00:00:00,"Share Contract Note,  No.:CNT-20/21-77867362",-1,2700,,-1,1,40,-1,,,31
4749,4,2020-10-26 00:00:00,"Share Contract Note,  No.:CNT-20/21-78385149",-1,2701,,-1,1,40,-1,,,31
4750,4,2020-10-26 00:00:00,"Share Contract Note,  No.:13385616",-1,2702,,-1,1,40,-1,,,31
4751,4,2020-10-29 00:00:00,"Share Contract Note,  No.:CNT-20/21-80165739",-1,2707,,-1,1,40,-1,,,31
4752,4,2020-11-12 00:00:00,"Share Contract Note,  No.:CNT-20/21-85842732",-1,2711,,-1,1,40,-1,,,31
4753,4,2020-11-20 00:00:00,"Share Contract Note,  No.:CNT-20/21-89435382",-1,2717,,-1,1,40,-1,,,31
4754,4,2020-11-23 00:00:00,"Share Contract Note,  No.:CNT-20/21-90193032",-1,2721,,-1,1,40,-1,,,31
4755,4,2020-11-23 00:00:00,"Share Contract Note,  No.:15223474",-1,2723,,-1,1,40,-1,,,31
4756,4,2020-11-24 00:00:00,"Share Contract Note,  No.:CNT-20/21-90737996",-1,2725,,-1,1,40,-1,,,31
4757,4,2020-11-24 00:00:00,"Share Contract Note,  No.:15324734",-1,2726,,-1,1,40,-1,,,31
4758,4,2020-12-10 00:00:00,"Share Contract Note,  No.:CNT-20/21-98387734",-1,2735,,-1,1,40,-1,,,31
4759,4,2020-12-07 00:00:00,"Share Contract Note,  No.:16169131",-1,2737,,-1,1,40,-1,,,31
4760,4,2020-12-11 00:00:00,"Share Contract Note,  No.:16640437",-1,2738,,-1,1,40,-1,,,31
4761,4,2021-01-06 00:00:00,"Share Contract Note,  No.:CNT-20/21-111321719",-1,2742,,-1,1,40,-1,,,31
4762,4,2021-01-08 00:00:00,"Share Contract Note,  No.:CNT-20/21-113350509",-1,2744,,-1,1,40,-1,,,31
4763,4,2021-01-07 00:00:00,"Share Contract Note,  No.:CNT-20/21-112187062",-1,2745,,-1,1,40,-1,,,31
4764,4,2021-01-11 00:00:00,"Share Contract Note,  No.:CNT-20/21-114152915",-1,2747,,-1,1,40,-1,,,31
4765,4,2021-01-15 00:00:00,"Share Contract Note,  No.:CNT-20/21-117371694",-1,2749,,-1,1,40,-1,,,31
4766,4,2021-01-14 00:00:00,"Share Contract Note,  No.:CNT-20/21-116298693",-1,2751,,-1,1,40,-1,,,31
4767,4,2020-10-20 00:00:00,"Share Contract Note,  No.:13086266",-1,2754,,-1,1,40,-1,,,31
4768,4,2020-08-31 00:00:00,"Share Contract Note,  No.:9627228",-1,2755,,-1,1,40,-1,,,31
4769,4,2021-03-26 00:00:00,"Share Contract Note,  No.:CNT-20/21-157911262",-1,2757,,-1,1,50,-1,,,31
4770,4,2021-03-30 00:00:00,"Share Contract Note,  No.:CNT-20/21-158633116",-1,2763,,-1,1,50,-1,,,31
4771,4,2021-03-31 00:00:00,"Share Contract Note,  No.:CNT-20/21-159365435",-1,2768,,-1,1,50,-1,,,31
4772,4,2021-04-01 00:00:00,"Share Contract Note,  No.:CNT-21/22-390290",-1,2772,,-1,1,50,-1,,,31
4773,4,2021-04-05 00:00:00,"Share Contract Note,  No.:CNT-21/22-1198639",-1,2774,,-1,1,50,-1,,,31
4774,4,2021-04-08 00:00:00,"Share Contract Note,  No.:CNT-21/22-3642869",-1,2778,,-1,1,50,-1,,,31
4775,4,2021-04-12 00:00:00,"Share Contract Note,  No.:CNT-21/22-5396142",-1,2780,,-1,1,50,-1,,,31
4776,4,2021-04-19 00:00:00,"Share Contract Note,  No.:CNT-21/22-8763474",-1,2793,,-1,1,50,-1,,,31
4777,4,2021-04-30 00:00:00,"Share Contract Note,  No.:I22099/28463   27/APR2021/5654",-1,2813,,-1,1,40,-1,,,31
4778,4,2021-05-11 00:00:00,"Share Contract Note,  No.:CNT-21/22-21686882",-1,2829,,-1,1,50,-1,,,31
4779,4,2021-05-12 00:00:00,"Share Contract Note,  No.:CNT-21/22-22744039",-1,2836,,-1,1,50,-1,,,31
4780,4,2021-05-19 00:00:00,"Share Contract Note,  No.:CNT-21/22-26712913",-1,2837,,-1,1,50,-1,,,31
4781,4,2021-06-03 00:00:00,"Share Contract Note,  No.:I22099/69945   27/JUN2021/728",-1,2839,,-1,1,40,-1,,,31
4782,4,2021-07-19 00:00:00,"Share Contract Note,  No.:CNT-21/22-70195967",-1,2862,,-1,1,50,-1,,,31
4783,4,2021-07-20 00:00:00,"Share Contract Note,  No.:CNT-21/22-71271395",-1,2863,,-1,1,50,-1,,,31
4784,4,2021-07-22 00:00:00,"Share Contract Note,  No.:CNT-21/22-72315094",-1,2865,,-1,1,50,-1,,,31
4785,4,2021-07-23 00:00:00,"Share Contract Note,  No.:CNT-21/22-73380855",-1,2866,,-1,1,50,-1,,,31
4786,4,2021-07-27 00:00:00,"Share Contract Note,  No.:CNT-21/22-75516456",-1,2867,,-1,1,50,-1,,,31
4787,4,2021-07-28 00:00:00,"Share Contract Note,  No.:CNT-21/22-76576138",-1,2869,,-1,1,50,-1,,,31
4788,4,2021-07-30 00:00:00,"Share Contract Note,  No.:CNT-21/22-78658494",-1,2873,,-1,1,50,-1,,,31
4789,4,2021-08-02 00:00:00,"Share Contract Note,  No.:CNT-21/22-79643610",-1,2875,,-1,1,50,-1,,,31
4790,4,2021-08-09 00:00:00,"Share Contract Note,  No.:CNT-21/22-84871188",-1,2876,,-1,1,50,-1,,,31
4791,4,2021-08-16 00:00:00,"Share Contract Note,  No.:CNT-21/22-89408975",-1,2877,,-1,1,50,-1,,,31
4792,4,2021-08-23 00:00:00,"Share Contract Note,  No.:CNT-21/22-93669301",-1,2878,,-1,1,50,-1,,,31
4793,4,2021-08-31 00:00:00,"Share Contract Note,  No.:CNT-21/22-98904068",-1,2886,,-1,1,50,-1,,,31
4794,4,2021-09-16 00:00:00,"Share Contract Note,  No.:CNT-21/22-109471460",-1,2891,,-1,1,50,-1,,,31
4795,4,2021-10-01 00:00:00,"Share Contract Note,  No.:CNT-21/22-123123919",-1,2896,,-1,1,50,-1,,,31
4796,4,2021-10-18 00:00:00,"Share Contract Note,  No.:CNT-21/22-134843331",-1,2904,,-1,1,50,-1,,,31
4797,4,2021-10-21 00:00:00,"Share Contract Note,  No.:CNT-21/22-138753585",-1,2952,,-1,1,50,-1,,,31
4798,4,2021-10-26 00:00:00,"Share Contract Note,  No.:CNT-21/22-142140073",-1,2954,,-1,1,50,-1,,,31
4799,4,2021-10-27 00:00:00,"Share Contract Note,  No.:CNT-21/22-143151740",-1,2955,,-1,1,50,-1,,,31
4800,4,2021-11-30 00:00:00,"Share Contract Note,  No.:CNT-21/22-166590629",-1,2970,,-1,1,50,-1,,,31
4801,4,2021-12-17 00:00:00,"Share Contract Note,  No.:CNT-21/22-179542638",-1,2977,,-1,1,50,-1,,,31
4802,4,2022-01-20 00:00:00,"Share Contract Note,  No.:CNT-21/22-207026462",-1,2982,,-1,1,50,-1,,,31
4803,4,2022-01-24 00:00:00,"Share Contract Note,  No.:CNT-21/22-209543352",-1,2985,,-1,1,50,-1,,,31
4804,4,2022-02-08 00:00:00,"Share Contract Note,  No.:CNT-21/22-221028149",-1,2986,,-1,1,50,-1,,,31
4805,4,2022-03-02 00:00:00,"Share Contract Note,  No.:CNT-21/22-237804210",-1,2994,,-1,1,50,-1,,,31
4806,4,2022-03-03 00:00:00,"Share Contract Note,  No.:CNT-21/22-238912250",-1,2995,,-1,1,50,-1,,,31
4807,4,2022-03-04 00:00:00,"Share Contract Note,  No.:CNT-21/22-240011418",-1,2996,,-1,1,50,-1,,,31
4808,4,2021-07-16 00:00:00,"Share Contract Note,  No.:CNT-21/22-69176191",-1,3003,,-1,1,50,-1,,,31
4809,4,2021-04-15 00:00:00,"Share Contract Note,  No.:CNT-21/22-7163870",-1,3004,,-1,1,50,-1,,,31
4810,4,2022-03-15 00:00:00,"Share Contract Note,  No.:CNT-21/22-247437939",-1,3005,,-1,1,50,-1,,,31
4811,4,2022-03-21 00:00:00,"Share Contract Note,  No.:redemption, Settlement No.:redemption",-1,3026,,-1,1,50,-1,,,31
4812,4,2022-03-21 00:00:00,"Share Contract Note,  No.:CNT-21/22-250511876",-1,3027,,-1,1,50,-1,,,31
4813,4,2022-04-11 00:00:00,"Share Contract Note,  No.:CNT-22/23-7254230",-1,3072,,-1,1,50,-1,,,31
4814,4,2022-04-12 00:00:00,"Share Contract Note,  No.:CNT-22/23-8370050",-1,3077,,-1,1,50,-1,,,31
4815,4,2022-04-18 00:00:00,"Share Contract Note,  No.:CNT-22/23-10091809",-1,3079,,-1,1,50,-1,,,31
4816,4,2022-04-20 00:00:00,"Share Contract Note,  No.:CNT-22/23-12465744",-1,3082,,-1,1,50,-1,,,31
4817,4,2022-05-04 00:00:00,"Share Contract Note,  No.:CNT-22/23-21578769",-1,3109,,-1,1,50,-1,,,31
4818,4,2022-05-06 00:00:00,"Share Contract Note,  No.:CNT-22/23-24162065",-1,3110,,-1,1,50,-1,,,31
4819,4,2022-05-09 00:00:00,"Share Contract Note,  No.:CNT-22/23-24796400",-1,3115,,-1,1,50,-1,,,31
4820,4,2022-05-16 00:00:00,"Share Contract Note,  No.:CNT-22/23-30342849",-1,3124,,-1,1,50,-1,,,31
4821,4,2022-05-20 00:00:00,"Share Contract Note,  No.:CNT-22/23-34263682",-1,3132,,-1,1,50,-1,,,31
4822,4,2022-05-26 00:00:00,"Share Contract Note,  No.:CNT-22/23-37960055",-1,3139,,-1,1,50,-1,,,31
4823,4,2022-05-30 00:00:00,"Share Contract Note,  No.:CNT-22/23-39661892",-1,3144,,-1,1,50,-1,,,31
4824,4,2022-05-31 00:00:00,"Share Contract Note,  No.:CNT-22/23-40533088",-1,3148,,-1,1,50,-1,,,31
4825,4,2022-06-02 00:00:00,"Share Contract Note,  No.:CNT-22/23-42315207",-1,3152,,-1,1,50,-1,,,31
4826,4,2022-06-03 00:00:00,"Share Contract Note,  No.:CNT-22/23-43190557",-1,3154,,-1,1,50,-1,,,31
4827,4,2022-06-06 00:00:00,"Share Contract Note,  No.:CNT-22/23-44015826",-1,3157,,-1,1,50,-1,,,31
4828,4,2022-06-08 00:00:00,"Share Contract Note,  No.:CNT-22/23-46499685",-1,3159,,-1,1,50,-1,,,31
4829,4,2022-06-09 00:00:00,"Share Contract Note,  No.:CNT-22/23-47359916",-1,3160,,-1,1,50,-1,,,31
4830,4,2022-06-10 00:00:00,"Share Contract Note,  No.:CNT-22/23-48185864",-1,3161,,-1,1,50,-1,,,31
4831,4,2022-06-13 00:00:00,"Share Contract Note,  No.:CNT-22/23-49088736",-1,3165,,-1,1,50,-1,,,31
4832,4,2022-06-16 00:00:00,"Share Contract Note,  No.:CNT-22/23-51315976",-1,3171,,-1,1,50,-1,,,31
4833,4,2022-06-20 00:00:00,"Share Contract Note,  No.:COMBINED/82858",-1,3179,,-1,1,40,-1,,,31
4834,4,2022-06-20 00:00:00,"Share Contract Note,  No.:CNT-22/23-53345303",-1,3180,,-1,1,50,-1,,,31
4835,4,2022-06-29 00:00:00,"Share Contract Note,  No.:CNT-22/23-60591960",-1,3192,,-1,1,50,-1,,,31
4836,4,2022-07-04 00:00:00,"Share Contract Note,  No.:CNT-22/23-62922137",-1,3198,,-1,1,50,-1,,,31
4837,4,2022-07-11 00:00:00,"Share Contract Note,  No.:CNT-22/23-66963843",-1,3216,,-1,1,50,-1,,,31
4838,4,2022-07-18 00:00:00,"Share Contract Note,  No.:CNT-22/23-71044770",-1,3218,,-1,1,50,-1,,,31
4839,4,2022-07-20 00:00:00,"Share Contract Note,  No.:CNT-22/23-72712333",-1,3224,,-1,1,50,-1,,,31
4840,4,2022-08-05 00:00:00,"Share Contract Note,  No.:CNT-22/23-83749634",-1,3246,,-1,1,50,-1,,,31
4841,4,2022-08-08 00:00:00,"Share Contract Note,  No.:CNT-22/23-84654480",-1,3251,,-1,1,50,-1,,,31
4842,4,2022-09-27 00:00:00,"Share Contract Note,  No.:CNT-22/23-81787396",-1,3323,,-1,1,50,-1,,,31
4843,4,2022-11-28 00:00:00,"Share Contract Note,  No.:CNT-22/23-155714297",-1,3385,,-1,1,50,-1,,,31
4844,4,2022-11-29 00:00:00,"Share Contract Note,  No.:CNT-22/23-156632127",-1,3391,,-1,1,50,-1,,,31
4845,4,2022-11-30 00:00:00,"Share Contract Note,  No.:CNT-22/23-157551661",-1,3392,,-1,1,50,-1,,,31
4846,4,2022-12-01 00:00:00,"Share Contract Note,  No.:CNT-22/23-158538373",-1,3394,,-1,1,50,-1,,,31
4847,4,2022-12-05 00:00:00,"Share Contract Note,  No.:CNT-22/23-160449663",-1,3399,,-1,1,50,-1,,,31
4848,4,2022-12-07 00:00:00,"Share Contract Note,  No.:CNT-22/23-162326893",-1,3402,,-1,1,50,-1,,,31
4849,4,2022-12-08 00:00:00,"Share Contract Note,  No.:CNT-22/23-163275777",-1,3404,,-1,1,50,-1,,,31
4850,4,2022-12-09 00:00:00,"Share Contract Note,  No.:CNT-22/23-164250942",-1,3408,,-1,1,50,-1,,,31
4851,4,2022-12-12 00:00:00,"Share Contract Note,  No.:CNT-22/23-165202026",-1,3410,,-1,1,50,-1,,,31
4852,4,2022-12-15 00:00:00,"Share Contract Note,  No.:CNT-22/23-168133114",-1,3417,,-1,1,50,-1,,,31
4853,4,2022-12-21 00:00:00,"Share Contract Note,  No.:CNT-22/23-172050730",-1,3426,,-1,1,50,-1,,,31
4854,4,2022-12-22 00:00:00,"Share Contract Note,  No.:CNT-22/23-173141783",-1,3427,,-1,1,50,-1,,,31
4855,4,2023-01-02 00:00:00,"Share Contract Note,  No.:CNT-22/23-179651628",-1,3428,,-1,1,50,-1,,,31
4856,4,2023-03-14 00:00:00,"Share Contract Note,  No.:CNT-22/23-224738149",-1,3462,,-1,1,50,-1,,,31
4857,4,2023-03-27 00:00:00,"Share Contract Note,  No.:CNT-22/23-232782663",-1,3467,,-1,1,50,-1,,,31
4858,4,2023-03-31 00:00:00,"Share Contract Note,  No.:CNT-22/23-235374868",-1,3471,,-1,1,50,-1,,,31
4859,4,2022-12-16 00:00:00,"Share Contract Note,  No.:CNT-22/23-169158533",-1,3481,,-1,1,50,-1,,,31
4860,4,2023-04-05 00:00:00,"Share Contract Note,  No.:CNT-23/24-1248202",-1,3485,,-1,1,50,-1,,,31
4861,4,2023-03-20 00:00:00,"Share Contract Note,  No.:CNT-22/23-228476909",-1,3487,,-1,1,50,-1,,,31
4862,4,2023-04-10 00:00:00,"Share Contract Note,  No.:CNT-23/24-2908491",-1,3488,,-1,1,40,-1,,,31
4863,4,2023-04-06 00:00:00,"Share Contract Note,  No.:COMBINED/3498",-1,3490,,-1,1,40,-1,,,31
4864,4,2023-04-10 00:00:00,"Share Contract Note,  No.:COMBINED/4707",-1,3491,,-1,1,40,-1,,,31
4865,4,2023-04-11 00:00:00,"Share Contract Note,  No.:CNT-23/24-3687565",-1,3493,,-1,1,40,-1,,,31
4866,4,2023-04-11 00:00:00,"Share Contract Note,  No.:COMBINED/5865",-1,3494,,-1,1,40,-1,,,31
4867,4,2023-04-12 00:00:00,"Share Contract Note,  No.:COMBINED/7083",-1,3495,,-1,1,40,-1,,,31
4868,4,2023-04-12 00:00:00,"Share Contract Note,  No.:CNT-23/24-4477599",-1,3496,,-1,1,50,-1,,,31
4869,4,2023-04-13 00:00:00,"Share Contract Note,  No.:COMBINED/8334",-1,3497,,-1,1,40,-1,,,31
4870,4,2023-04-17 00:00:00,"Share Contract Note,  No.:COMBINED/9629",-1,3505,,-1,1,40,-1,,,31
4871,4,2023-04-19 00:00:00,"Share Contract Note,  No.:COMBINED/12243",-1,3508,,-1,1,40,-1,,,31
4872,4,2023-04-20 00:00:00,"Share Contract Note,  No.:CNT-23/24-8768976",-1,3510,,-1,1,40,-1,,,31
4873,4,2023-04-21 00:00:00,"Share Contract Note,  No.:CNT-23/24-9562701",-1,3512,,-1,1,40,-1,,,31
4874,4,2023-04-27 00:00:00,"Share Contract Note,  No.:CNT-23/24-12798123",-1,3515,,-1,1,50,-1,,,31
4875,4,2023-05-30 00:00:00,"Share Contract Note,  No.:CNT-23/24-32721824",-1,3536,,-1,1,50,-1,,,31
4876,4,2023-05-30 00:00:00,"Share Contract Note,  No.:COMBINED/51097",-1,3539,,-1,1,40,-1,,,31
4877,4,2023-06-05 00:00:00,"Share Contract Note,  No.:CNT-23/24-36434911",-1,3553,,-1,1,50,-1,,,31
4878,4,2023-06-07 00:00:00,"Share Contract Note,  No.:CNT-23/24-38336306",-1,3556,,-1,1,50,-1,,,31
4879,4,2023-06-08 00:00:00,"Share Contract Note,  No.:CNT-23/24-39349941",-1,3557,,-1,1,50,-1,,,31
4880,4,2023-06-12 00:00:00,"Share Contract Note,  No.:CNT-23/24-40884806",-1,3570,,-1,1,50,-1,,,31
4881,4,2023-06-30 00:00:00,"Share Contract Note,  No.:CNT-23/24-53905282",-1,3594,,-1,1,50,-1,,,31
4882,4,2023-07-05 00:00:00,"Share Contract Note,  No.:CNT-23/24-58017963",-1,3625,,-1,1,50,-1,,,31
4883,4,2022-07-15 00:00:00,"Share Contract Note,  No.:CNT-22/23-70269399",-1,3650,,-1,1,50,-1,,,31
4884,4,2022-07-21 00:00:00,"Share Contract Note,  No.:CNT-22/23-73617027",-1,3651,,-1,1,50,-1,,,31
4885,4,2022-08-01 00:00:00,"Share Contract Note,  No.:CNT-22/23-79805918",-1,3652,,-1,1,50,-1,,,31
4886,4,2022-08-02 00:00:00,"Share Contract Note,  No.:CNT-22/23-80808139",-1,3653,,-1,1,50,-1,,,31
4887,4,2023-07-27 00:00:00,"Share Contract Note,  No.:CNT-23/24-74676675",-1,3696,,-1,1,50,-1,,,31
4888,4,2023-08-02 00:00:00,"Share Contract Note,  No.:CNT-23/24-79027025",-1,3700,,-1,1,50,-1,,,31
4889,4,2023-09-01 00:00:00,"Share Contract Note,  No.:CNT-23/24-102258204",-1,3707,,-1,1,50,-1,,,31
4890,4,2023-10-04 00:00:00,"Share Contract Note,  No.:COMBINED/183372",-1,3719,,-1,1,50,-1,,,31
4891,4,2023-10-12 00:00:00,"Share Contract Note,  No.:CNT-23/24-132759475",-1,3724,,-1,1,50,-1,,,31
4892,4,2023-10-16 00:00:00,"Share Contract Note,  No.:CNT-23/24-134674710",-1,3731,,-1,1,50,-1,,,31
4893,4,2023-11-21 00:00:00,"Share Contract Note,  No.:CNT-23/24-159479318",-1,3746,,-1,1,50,-1,,,31
4894,4,2023-12-06 00:00:00,"Share Contract Note,  No.:CNT-23/24-170592021",-1,3756,,-1,1,50,-1,,,31
4895,4,2023-12-13 00:00:00,"Share Contract Note,  No.:CNT-23/24-176897848",-1,3758,,-1,1,50,-1,,,31
4896,4,2024-01-15 00:00:00,"Share Contract Note,  No.:CNT-23/24-204725076",-1,3769,,-1,1,50,-1,,,31
4897,4,2024-01-17 00:00:00,"Share Contract Note,  No.:CNT-23/24-207910458",-1,3773,,-1,1,50,-1,,,31
4898,4,2024-01-18 00:00:00,"Share Contract Note,  No.:CNT-23/24-209384496",-1,3777,,-1,1,50,-1,,,31
4899,4,2024-01-20 00:00:00,"Share Contract Note,  No.:CNT-23/24-211698026",-1,3780,,-1,1,50,-1,,,31
4900,4,2024-01-23 00:00:00,"Share Contract Note,  No.:CNT-23/24-213525010",-1,3784,,-1,1,50,-1,,,31
4901,4,2024-01-29 00:00:00,"Share Contract Note,  No.:CNT-23/24-217349170",-1,3785,,-1,1,50,-1,,,31
4902,4,2024-01-30 00:00:00,"Share Contract Note,  No.:CNT-23/24-219122236",-1,3790,,-1,1,50,-1,,,31
4903,4,2024-02-05 00:00:00,"Share Contract Note,  No.:CNT-23/24-225276516",-1,3792,,-1,1,50,-1,,,31
4904,4,2024-02-07 00:00:00,"Share Contract Note,  No.:CNT-23/24-228454779",-1,3797,,-1,1,50,-1,,,31
4905,4,2024-02-08 00:00:00,"Share Contract Note,  No.:CNT-23/24-230069349",-1,3799,,-1,1,50,-1,,,31
4906,4,2024-02-09 00:00:00,"Share Contract Note,  No.:CNT-23/24-231607307",-1,3801,,-1,1,50,-1,,,31
4907,4,2024-02-12 00:00:00,"Share Contract Note,  No.:CNT-23/24-233147375",-1,3806,,-1,1,50,-1,,,31
4908,4,2024-02-22 00:00:00,"Share Contract Note,  No.:CNT-23/24-243398797",-1,3812,,-1,1,50,-1,,,31
4909,4,2024-02-23 00:00:00,"Share Contract Note,  No.:CNT-23/24-244616052",-1,3813,,-1,1,50,-1,,,31
4910,4,2024-02-27 00:00:00,"Share Contract Note,  No.:CNT-23/24-246562185",-1,3816,,-1,1,50,-1,,,31
4911,4,2024-02-28 00:00:00,"Share Contract Note,  No.:CNT-23/24-248343653",-1,3817,,-1,1,50,-1,,,31
4912,4,2024-02-29 00:00:00,"Share Contract Note,  No.:CNT-23/24-249619984",-1,3818,,-1,1,50,-1,,,31
4913,4,2024-03-01 00:00:00,"Share Contract Note,  No.:CNT-23/24-250809956",-1,3821,,-1,1,50,-1,,,31
4914,4,2024-03-04 00:00:00,"Share Contract Note,  No.:CNT-23/24-251945195",-1,3822,,-1,1,50,-1,,,31
4915,4,2024-03-06 00:00:00,"Share Contract Note,  No.:CNT-23/24-254382976",-1,3824,,-1,1,50,-1,,,31
4916,4,2024-03-13 00:00:00,"Share Contract Note,  No.:CNT-23/24-260404339",-1,3832,,-1,1,50,-1,,,31
4917,4,2024-03-11 00:00:00,"Share Contract Note,  No.:CNT-23/24-257409215",-1,3838,,-1,1,50,-1,,,31
4918,4,2024-03-15 00:00:00,"Share Contract Note,  No.:CNT-23/24-262610921",-1,3839,,-1,1,50,-1,,,31
4919,4,2023-04-18 00:00:00,"Share Contract Note,  No.:CNT-23/24-7089025",-1,3841,,-1,1,50,-1,,,31
4920,4,2024-03-18 00:00:00,"Share Contract Note,  No.:CNT-23/24-263683132",-1,3846,,-1,1,50,-1,,,31
4921,4,2024-03-26 00:00:00,"Share Contract Note,  No.:CNT-23/24-268816484",-1,3855,,-1,1,50,-1,,,31
4922,4,2024-03-22 00:00:00,"Share Contract Note,  No.:CNT-23/24-267819624",-1,3861,,-1,1,50,-1,,,31
4923,4,2023-10-18 00:00:00,"Share Contract Note,  No.:CNT-23/24-136675501",-1,3862,,-1,1,50,-1,,,31
4924,4,2024-04-12 00:00:00,"Share Contract Note,  No.:CNT-24/25-9369441",-1,3875,,-1,1,50,-1,,,31
4925,4,2024-04-18 00:00:00,"Share Contract Note,  No.:CNT-24/25-12855645",-1,3877,,-1,1,50,-1,,,31
4926,4,2024-04-22 00:00:00,"Share Contract Note,  No.:CNT-24/25-15002398",-1,3878,,-1,1,50,-1,,,31
4927,4,2024-04-26 00:00:00,"Share Contract Note,  No.:CNT-24/25-19401012",-1,3881,,-1,1,50,-1,,,31
4928,4,2024-05-06 00:00:00,"Share Contract Note,  No.:CNT-24/25-25496874",-1,3883,,-1,1,50,-1,,,31
4929,4,2024-05-09 00:00:00,"Share Contract Note,  No.:CNT-24/25-29097700",-1,3885,,-1,1,50,-1,,,31
4930,4,2024-05-13 00:00:00,"Share Contract Note,  No.:CNT-24/25-31319277",-1,3888,,-1,1,50,-1,,,31
4931,4,2024-04-29 00:00:00,"Share Contract Note,  No.:CNT-24/25-20566753",-1,3897,,-1,1,50,-1,,,31
4932,4,2024-05-21 00:00:00,"Share Contract Note,  No.:CNT-24/25-36910390",-1,3898,,-1,1,50,-1,,,31
4933,4,2024-05-23 00:00:00,"Share Contract Note,  No.:CNT-24/25-39907815",-1,3899,,-1,1,50,-1,,,31
4934,4,2024-05-27 00:00:00,"Share Contract Note,  No.:CNT-24/25-42341337",-1,3900,,-1,1,50,-1,,,31
4935,4,2024-06-04 00:00:00,"Share Contract Note,  No.:CNT-24/25-50773431",-1,3901,,-1,1,50,-1,,,31
4936,4,2024-06-12 00:00:00,"Share Contract Note,  No.:CNT-24/25-58983123",-1,3902,,-1,1,50,-1,,,31
4937,4,2024-06-12 00:00:00,"Share Contract Note,  No.:COMBINED/74573",-1,3903,,-1,1,50,-1,,,31
4938,4,2024-06-18 00:00:00,"Share Contract Note,  No.:CNT-24/25-62873746",-1,3913,,-1,1,50,-1,,,31
4939,4,2024-06-27 00:00:00,"Share Contract Note,  No.:CNT-24/25-72034064",-1,3915,,-1,1,50,-1,,,31
4940,4,2024-06-28 00:00:00,"Share Contract Note,  No.:CNT-24/25-73282986",-1,3916,,-1,1,50,-1,,,31
4941,4,2024-07-03 00:00:00,"Share Contract Note,  No.:CNT-24/25-77162422",-1,3925,,-1,1,50,-1,,,31
4942,4,2024-07-08 00:00:00,"Share Contract Note,  No.:CNT-24/25-80652100",-1,3928,,-1,1,50,-1,,,31
4943,4,2024-07-10 00:00:00,"Share Contract Note,  No.:CNT-24/25-84234449",-1,3929,,-1,1,50,-1,,,31
4944,4,2024-07-12 00:00:00,"Share Contract Note,  No.:CNT-24/25-86544384",-1,3935,,-1,1,50,-1,,,31
4945,4,2024-07-18 00:00:00,"Share Contract Note,  No.:CNT-24/25-89931227",-1,3940,,-1,1,50,-1,,,31
4946,4,2024-07-23 00:00:00,"Share Contract Note,  No.:CNT-24/25-94926128",-1,3941,,-1,1,50,-1,,,31
4947,4,2024-07-24 00:00:00,"Share Contract Note,  No.:CNT-24/25-95939691",-1,3942,,-1,1,50,-1,,,31
4948,4,2024-07-26 00:00:00,"Share Contract Note,  No.:CNT-24/25-98523658",-1,3944,,-1,1,50,-1,,,31
4949,4,2024-07-29 00:00:00,"Share Contract Note,  No.:CNT-24/25-99279472",-1,3945,,-1,1,50,-1,,,31
4950,4,2024-07-31 00:00:00,"Share Contract Note,  No.:CNT-24/25-102357285",-1,3946,,-1,1,50,-1,,,31
4951,4,2024-08-02 00:00:00,"Share Contract Note,  No.:CNT-24/25-104973277",-1,3963,,-1,1,50,-1,,,31
4952,4,2022-07-04 00:00:00,"Share Contract Note, ",-1,3967,,-1,1,50,-1,,,31
4953,4,2022-09-08 00:00:00,"Share Contract Note, ",-1,3968,,-1,1,50,-1,,,31
4954,4,2022-03-08 00:00:00,"Share Contract Note, ",-1,3969,,-1,1,50,-1,,,31
4955,4,2022-03-09 00:00:00,"Share Contract Note, ",-1,3970,,-1,1,50,-1,,,31
4956,4,2022-03-08 00:00:00,"Share Contract Note, ",-1,3971,,-1,1,50,-1,,,31
4957,4,2023-08-10 00:00:00,"Share Contract Note, ",-1,3972,,-1,1,50,-1,,,31
4958,4,2023-06-21 00:00:00,"Share Contract Note, ",-1,3973,,-1,1,50,-1,,,31
4959,4,2022-05-30 00:00:00,"Share Contract Note, ",-1,3974,,-1,1,50,-1,,,31
4960,4,2022-06-08 00:00:00,"Share Contract Note, ",-1,3975,,-1,1,50,-1,,,31
4961,4,2024-08-05 00:00:00,"Share Contract Note,  No.:CNT-24/25-106988598",-1,3977,,-1,1,50,-1,,,31
4962,4,2024-08-12 00:00:00,"Share Contract Note,  No.:CNT-24/25-113093787",-1,3978,,-1,1,50,-1,,,31
4963,4,2024-08-19 00:00:00,"Share Contract Note,  No.:CNT-24/25-118012493",-1,3979,,-1,1,50,-1,,,31
4964,4,2024-08-22 00:00:00,"Share Contract Note,  No.:CNT-24/25-121208316",-1,3982,,-1,1,50,-1,,,31
4965,4,2024-09-16 00:00:00,"Share Contract Note,  No.:CNT-24/25-141094388",-1,3985,,-1,1,50,-1,,,31
4966,4,2024-10-03 00:00:00,"Share Contract Note,  No.:CNT-24/25-157171143",-1,3995,,-1,1,50,-1,,,31
4967,4,2024-10-09 00:00:00,"Share Contract Note,  No.:CNT-24/25-161810256",-1,3999,,-1,1,50,-1,,,31
4968,4,2024-10-11 00:00:00,"Share Contract Note,  No.:CNT-24/25-163788551",-1,4004,,-1,1,50,-1,,,31
4969,4,2024-10-14 00:00:00,"Share Contract Note,  No.:CNT-24/25-164733638",-1,4007,,-1,1,50,-1,,,31
4970,4,2024-10-16 00:00:00,"Share Contract Note,  No.:CNT-24/25-166325427",-1,4012,,-1,1,50,-1,,,31
4971,4,2024-10-18 00:00:00,"Share Contract Note,  No.:CNT-24/25-168835559",-1,4014,,-1,1,50,-1,,,31
4972,4,2024-10-21 00:00:00,"Share Contract Note,  No.:CNT-24/25-169871504",-1,4015,,-1,1,50,-1,,,31
4973,4,2024-10-29 00:00:00,"Share Contract Note,  No.:CNT-24/25-176473563",-1,4017,,-1,1,50,-1,,,31
4974,4,2024-11-04 00:00:00,"Share Contract Note,  No.:CNT-24/25-180475092",-1,4018,,-1,1,50,-1,,,31
4975,4,2024-11-06 00:00:00,"Share Contract Note,  No.:CNT-24/25-182670637",-1,4019,,-1,1,50,-1,,,31
4976,4,2024-11-11 00:00:00,"Share Contract Note,  No.:CNT-24/25-185884625",-1,4022,,-1,1,50,-1,,,31
4977,4,2024-11-26 00:00:00,"Share Contract Note,  No.:CNT-24/25-195110973",-1,4023,,-1,1,50,-1,,,31
4978,4,2024-11-27 00:00:00,"Share Contract Note,  No.:CNT-24/25-196071378",-1,4024,,-1,1,50,-1,,,31
4979,4,2024-11-29 00:00:00,"Share Contract Note,  No.:CNT-24/25-198107625",-1,4026,,-1,1,50,-1,,,31
4980,4,2024-12-05 00:00:00,"Share Contract Note,  No.:CNT-24/25-202159590",-1,4029,,-1,1,50,-1,,,31
4981,4,2024-12-09 00:00:00,"Share Contract Note,  No.:CNT-24/25-204227935",-1,4032,,-1,1,50,-1,,,31
4982,4,2024-12-10 00:00:00,"Share Contract Note,  No.:CNT-24/25-205240316",-1,4033,,-1,1,50,-1,,,31
4983,4,2024-12-11 00:00:00,"Share Contract Note,  No.:CNT-24/25-206208593",-1,4035,,-1,1,50,-1,,,31
4984,4,2024-12-12 00:00:00,"Share Contract Note,  No.:CNT-24/25-207198575",-1,4036,,-1,1,50,-1,,,31
4985,4,2024-12-13 00:00:00,"Share Contract Note,  No.:CNT-24/25-208213079",-1,4039,,-1,1,50,-1,,,31
4986,4,2024-12-16 00:00:00,"Share Contract Note,  No.:CNT-24/25-209170269",-1,4041,,-1,1,50,-1,,,31
4987,4,2024-12-17 00:00:00,"Share Contract Note,  No.:CNT-24/25-210139116",-1,4043,,-1,1,50,-1,,,31
4988,4,2024-12-18 00:00:00,"Share Contract Note,  No.:CNT-24/25-211249724",-1,4044,,-1,1,50,-1,,,31
4989,4,2024-12-19 00:00:00,"Share Contract Note,  No.:CNT-24/25-212399118",-1,4046,,-1,1,50,-1,,,31
4990,4,2024-12-20 00:00:00,"Share Contract Note,  No.:CNT-24/25-213516978",-1,4047,,-1,1,50,-1,,,31
4991,4,2024-12-23 00:00:00,"Share Contract Note,  No.:CNT-24/25-214536551",-1,4048,,-1,1,50,-1,,,31
4992,4,2024-12-24 00:00:00,"Share Contract Note,  No.:CNT-24/25-215404249",-1,4051,,-1,1,50,-1,,,31
4993,4,2025-01-01 00:00:00,"Share Contract Note,  No.:CNT-24/25-219713887",-1,4053,,-1,1,50,-1,,,31
4994,4,2025-01-03 00:00:00,"Share Contract Note,  No.:CNT-24/25-221510761",-1,4055,,-1,1,50,-1,,,31
4995,4,2025-01-06 00:00:00,"Share Contract Note,  No.:CNT-24/25-222535414",-1,4057,,-1,1,50,-1,,,31
4996,4,2025-01-07 00:00:00,"Share Contract Note,  No.:CNT-24/25-223508581",-1,4061,,-1,1,50,-1,,,31
4997,4,2025-01-13 00:00:00,"Share Contract Note,  No.:CNT-24/25-226811557",-1,4066,,-1,1,50,-1,,,31
4998,4,2025-01-20 00:00:00,"Share Contract Note,  No.:CNT-24/25-231548797",-1,4067,,-1,1,50,-1,,,31
4999,4,2025-01-21 00:00:00,"Share Contract Note,  No.:CNT-24/25-232420067",-1,4069,,-1,1,50,-1,,,31
5000,4,2025-01-24 00:00:00,"Share Contract Note,  No.:CNT-24/25-234958474",-1,4070,,-1,1,50,-1,,,31
5001,4,2025-01-28 00:00:00,"Share Contract Note,  No.:CNT-24/25-236846468",-1,4071,,-1,1,50,-1,,,31
5002,4,2024-09-18 00:00:00,"Share Contract Note,  No.:CNT-24/25-143714051",-1,4073,,-1,1,50,-1,,,31
5003,4,2025-03-21 00:00:00,"Share Contract Note,  No.:CNT-24/25-267551017",-1,4074,,-1,1,50,-1,,,31
5004,4,2025-03-24 00:00:00,"Share Contract Note,  No.:CNT-24/25-268401390",-1,4076,,-1,1,50,-1,,,31
5005,4,2025-03-25 00:00:00,"Share Contract Note,  No.:CNT-24/25-269264763",-1,4080,,-1,1,50,-1,,,31
5006,4,2025-03-27 00:00:00,"Share Contract Note,  No.:CNT-24/25-270836805",-1,4082,,-1,1,50,-1,,,31
5007,4,2025-06-17 00:00:00,"Share Contract Note,  No.:CNT-25/26-43861806",-1,4084,,-1,1,50,-1,,,31
5008,4,2025-06-18 00:00:00,"Share Contract Note,  No.:CNT-25/26-44663413",-1,4085,,-1,1,50,-1,,,31
5009,4,2025-06-24 00:00:00,"Share Contract Note,  No.:CNT-25/26-47954627",-1,4086,,-1,1,50,-1,,,31
5010,4,2025-06-25 00:00:00,"Share Contract Note,  No.:CNT-25/26-48789983",-1,4087,,-1,1,50,-1,,,31
5011,4,2025-07-01 00:00:00,"Share Contract Note,  No.:CNT-25/26-52211723",-1,4089,,-1,1,50,-1,,,31
5012,4,2025-07-10 00:00:00,"Share Contract Note,  No.:CNT-25/26-58166324",-1,4092,,-1,1,50,-1,,,31
5013,4,2025-07-14 00:00:00,"Share Contract Note,  No.:CNT-25/26-59823044",-1,4093,,-1,1,50,-1,,,31
5014,4,2025-07-15 00:00:00,"Share Contract Note,  No.:CNT-25/26-60646490",-1,4094,,-1,1,50,-1,,,31
5015,4,2025-07-16 00:00:00,"Share Contract Note,  No.:CNT-25/26-61453227",-1,4096,,-1,1,50,-1,,,31
5016,4,2025-07-18 00:00:00,"Share Contract Note,  No.:CNT-25/26-63079972",-1,4098,,-1,1,50,-1,,,31
5017,4,2025-07-22 00:00:00,"Share Contract Note,  No.:CNT-25/26-64784492",-1,4102,,-1,1,50,-1,,,31
5018,4,2025-07-29 00:00:00,"Share Contract Note,  No.:CNT-25/26-68977154",-1,4105,,-1,1,50,-1,,,31
5019,4,2025-07-31 00:00:00,"Share Contract Note,  No.:CNT-25/26-70582464",-1,4106,,-1,1,50,-1,,,31
5020,4,2025-08-01 00:00:00,"Share Contract Note,  No.:CNT-25/26-71468100",-1,4107,,-1,1,50,-1,,,31
5021,4,2025-08-06 00:00:00,"Share Contract Note,  No.:CNT-25/26-73922770",-1,4108,,-1,1,50,-1,,,31
5022,4,2025-08-08 00:00:00,"Share Contract Note,  No.:CNT-25/26-75668410",-1,4109,,-1,1,50,-1,,,31
5023,4,2025-08-11 00:00:00,"Share Contract Note,  No.:CNT-25/26-76485896",-1,4111,,-1,1,50,-1,,,31
5024,4,2025-08-18 00:00:00,"Share Contract Note,  No.:CNT-25/26-79719065",-1,4112,,-1,1,50,-1,,,31
5025,4,2025-08-25 00:00:00,"Share Contract Note,  No.:CNT-25/26-83956343",-1,4113,,-1,1,50,-1,,,31
5026,4,2025-09-08 00:00:00,"Share Contract Note,  No.:CNT-25/26-91395204",-1,4117,,-1,1,50,-1,,,31
5027,4,2025-09-09 00:00:00,"Share Contract Note,  No.:CNT-25/26-92238821",-1,4119,,-1,1,50,-1,,,31
5028,4,2025-09-15 00:00:00,"Share Contract Note,  No.:CNT-25/26-95464353",-1,4122,,-1,1,50,-1,,,31
5029,4,2025-09-19 00:00:00,"Share Contract Note,  No.:CNT-25/26-98820345",-1,4127,,-1,1,50,-1,,,31
5030,4,2025-09-22 00:00:00,"Share Contract Note,  No.:CNT-25/26-99700433",-1,4128,,-1,1,50,-1,,,31
5031,4,2025-10-08 00:00:00,"Share Contract Note,  No.:CNT-25/26-108999107",-1,4138,,-1,1,50,-1,,,31
5032,4,2025-10-20 00:00:00,"Share Contract Note,  No.:CNT-25/26-116320887",-1,4141,,-1,1,50,-1,,,31
5033,4,2025-10-14 00:00:00,"Share Contract Note,  No.:CNT-25/26-112706647",-1,4142,,-1,1,50,-1,,,31
5034,4,2025-12-15 00:00:00,"Share Contract Note,  No.:CNT-25/26-148779372",-1,4147,,-1,1,50,-1,,,31
5035,4,2025-12-19 00:00:00,"Share Contract Note,  No.:CNT-25/26-152082713",-1,4152,,-1,1,50,-1,,,31
5036,4,2025-12-23 00:00:00,"Share Contract Note,  No.:CNT-25/26-153779616",-1,4153,,-1,1,50,-1,,,31
5037,4,2025-12-24 00:00:00,"Share Contract Note,  No.:CNT-25/26-154587553",-1,4154,,-1,1,50,-1,,,31
5038,4,2025-12-26 00:00:00,"Share Contract Note,  No.:CNT-25/26-155390495",-1,4156,,-1,1,50,-1,,,31
5039,4,2025-12-29 00:00:00,"Share Contract Note,  No.:CNT-25/26-156265814",-1,4159,,-1,1,50,-1,,,31
5040,4,2026-01-19 00:00:00,"Share Contract Note,  No.:CNT-25/26-168616921",-1,4165,,-1,1,50,-1,,,31
5041,4,2026-01-20 00:00:00,"Share Contract Note,  No.:CNT-25/26-169668464",-1,4166,,-1,1,50,-1,,,31
5042,4,2026-01-22 00:00:00,"Share Contract Note,  No.:CNT-25/26-171692549",-1,4172,,-1,1,50,-1,,,31
5043,4,2026-01-27 00:00:00,"Share Contract Note,  No.:CNT-25/26-173597372",-1,4175,,-1,1,50,-1,,,31
5044,4,2026-02-03 00:00:00,"Share Contract Note,  No.:CNT-25/26-179837707",-1,4179,,-1,1,50,-1,,,31
5045,4,2026-02-02 00:00:00,"Share Contract Note,  No.:CNT-25/26-178741310",-1,4180,,-1,1,50,-1,,,31
5046,4,2026-02-04 00:00:00,"Share Contract Note,  No.:CNT-25/26-180840918",-1,4182,,-1,1,50,-1,,,31
5047,4,2026-02-05 00:00:00,"Share Contract Note,  No.:CNT-25/26-181785860",-1,4183,,-1,1,50,-1,,,31
5048,4,2026-02-09 00:00:00,"Share Contract Note,  No.:CNT-25/26-183532706",-1,4184,,-1,1,50,-1,,,31
5049,4,2026-02-12 00:00:00,"Share Contract Note,  No.:CNT-25/26-186159027",-1,4185,,-1,1,50,-1,,,31
5050,4,2026-02-13 00:00:00,"Share Contract Note,  No.:CNT-25/26-187092868",-1,4186,,-1,1,50,-1,,,31
5051,4,2026-02-27 00:00:00,"Share Contract Note,  No.:CNT-25/26-195384484",-1,4187,,-1,1,50,-1,,,31
5052,4,2026-03-19 00:00:00,"Share Contract Note,  No.:CNT-25/26-207297926",-1,4191,,-1,1,50,-1,,,31
5053,4,2026-03-24 00:00:00,"Share Contract Note,  No.:CNT-25/26-210154634",-1,4197,,-1,1,50,-1,,,31
5054,4,2026-03-25 00:00:00,"Share Contract Note,  No.:CNT-25/26-210993140",-1,4201,,-1,1,50,-1,,,31
5055,4,2026-03-04 00:00:00,"Share Contract Note,  No.:CNT-25/26-197552010",-1,4202,,-1,1,50,-1,,,31
5056,4,2026-03-30 00:00:00,"Share Contract Note,  No.:CNT-25/26-212856092",-1,4204,,-1,1,50,-1,,,31
5057,4,2019-05-08 00:00:00,"Short sell, position reconciled, bought quantity: 26000, Sold in CN No.:I22099/14333   27/APR2019/3082",5589,2235,,-1,11,81,1344,,,31
5058,4,2019-05-08 00:00:00,"F and O Contract Note,  No.:I22099/32344   27/MAY2019/1217 Profit/Loss:-33.91, Less STT:0.00, Less other Charges:0.00",-1,2237,,-1,11,81,-1,,,31
5059,4,2019-05-27 00:00:00,"Short sell, position reconciled, bought quantity: 4000, Sold in CN No.:I22099/34965   27/MAY2019/1797",5638,2238,,-1,11,81,1344,,,31
5060,4,2019-04-15 00:00:00,"Short sell, position reconciled, bought quantity: 26000, Sold in CN No.:opening",5581,2254,,-1,11,81,1109,,,31
5061,4,2019-05-30 00:00:00,"Short sell, position reconciled, bought quantity: 4000, Sold in CN No.:I22099/50183   27/MAY2019/5042",5647,2266,,-1,11,81,1355,,,31
5062,4,2019-07-24 00:00:00,"Short sell, position reconciled, bought quantity: 4000, Sold in CN No.:I22099/54657   27/MAY2019/6029",5665,2271,,-1,11,81,1358,,,31
5063,4,2019-08-23 00:00:00,"Short sell, position reconciled, bought quantity: 4000, Sold in CN No.:I22099/103814   27/JUL2019/4586",5857,2285,,-1,11,81,1362,,,31
5064,4,2019-08-23 00:00:00,"Short sell, position reconciled, bought quantity: 2000, Sold in CN No.:I22099/115049   27/AUG2019/908",5857,2301,,-1,11,81,1362,,,31
5065,4,2019-08-23 00:00:00,"Short sell, position reconciled, bought quantity: 4000, Sold in CN No.:I22099/116255   27/AUG2019/1184",5857,2302,,-1,11,81,1362,,,31
5066,4,2019-08-23 00:00:00,"Short sell, position reconciled, bought quantity: 3000, Sold in CN No.:I22099/117505   27/AUG2019/1459",5857,2303,,-1,11,81,1362,,,31
5067,4,2019-08-23 00:00:00,"Short sell, position reconciled, bought quantity: 4000, Sold in CN No.:I22099/120107   27/AUG2019/2031",5857,2304,,-1,11,81,1362,,,31
5068,4,2019-08-28 00:00:00,"Short sell, position reconciled, bought quantity: 17000, Sold in CN No.:I22099/128834   27/AUG2019/3946",5860,2350,,-1,11,81,1393,,,31
5069,4,2019-08-28 00:00:00,"Short sell, position reconciled, bought quantity: 2000, Sold in CN No.:I22099/130103   27/AUG2019/4235",5860,2351,,-1,11,81,1393,,,31
5070,4,2019-10-29 00:00:00,"Short sell, position reconciled, bought quantity: 19000, Sold in CN No.:I22099/132758   27/AUG2019/4832",5875,2352,,-1,11,81,1394,,,31
5071,4,2019-11-27 00:00:00,"Short sell, position reconciled, bought quantity: 4000, Sold in CN No.:I22099/182989   27/OCT2019/4543",5953,2357,,-1,11,81,1397,,,31
5072,4,2019-11-27 00:00:00,"Short sell, position reconciled, bought quantity: 15000, Sold in CN No.:I22099/184343   27/OCT2019/4821",5953,2358,,-1,11,81,1397,,,31
5073,4,2019-12-09 00:00:00,"Short sell, position reconciled, bought quantity: 19000, Sold in CN No.:I22099/209954   27/NOV2019/4720",5920,2371,,-1,11,81,1405,,,31
5074,4,2020-01-21 00:00:00,"Short sell, position reconciled, bought quantity: 19000, Sold in CN No.:I22099/220257   27/DEC2019/1337",5957,2379,,-1,11,81,1407,,,31
5075,4,2020-02-26 00:00:00,"Short sell, position reconciled, bought quantity: 19000, Sold in CN No.:I22099/256776   27/JAN2020/3833",5975,2391,,-1,11,81,1415,,,31
5076,4,2020-03-26 00:00:00,"Short sell, position reconciled, bought quantity: 19000, Sold in CN No.:I22099/289614   27/FEB2020/4705",6094,2397,,-1,11,81,1420,,,31
5077,4,2020-03-27 00:00:00,"Short sell, position reconciled, bought quantity: 3000, Sold in CN No.:I22099/294564   27/MAR2020/312",6098,2405,,-1,11,81,1423,,,31
5078,4,2020-03-27 00:00:00,"Short sell, position reconciled, bought quantity: 9000, Sold in CN No.:I22099/296997   27/MAR2020/819",6098,2406,,-1,11,81,1423,,,31
5079,4,2020-03-27 00:00:00,"Short sell, position reconciled, bought quantity: 2000, Sold in CN No.:I22099/298279   27/MAR2020/1093",6098,2407,,-1,11,81,1423,,,31
5080,4,2020-03-31 00:00:00,"Short sell, position reconciled, bought quantity: 7000, Sold in CN No.:I22099/298279   27/MAR2020/1093",6128,2407,,-1,11,81,1423,,,31
5081,4,2020-03-31 00:00:00,"Short sell, position reconciled, bought quantity: 12000, Sold in CN No.:I22099/299555   27/MAR2020/1345",6128,2408,,-1,11,81,1423,,,31
5082,4,2020-03-31 00:00:00,"Short sell, position reconciled, bought quantity: 33000, Sold in CN No.:I22099/315747   27/MAR2020/4763",6128,2434,,-1,11,81,1423,,,31
5083,4,2020-03-27 00:00:00,"F and O Contract Note,  No.:I22099/317138   27/MAR2020/5081 Profit/Loss:1,635.47, Less STT:0.00, Less other Charges:0.00",-1,2437,,-1,11,81,-1,,,31
5084,4,2020-04-03 00:00:00,"Short sell, position reconciled, bought quantity: 20000, Sold in CN No.:opening, Settlement No.:opening",6166,2448,,-1,11,81,1423,,,31
5085,4,2020-04-17 00:00:00,"Short sell, position reconciled, bought quantity: 30000, Sold in CN No.:opening, Settlement No.:opening",6225,2448,,-1,11,81,1423,,,31
5086,4,2020-04-24 00:00:00,"Short sell, position reconciled, bought quantity: 2000, Sold in CN No.:opening, Settlement No.:opening",6222,2448,,-1,11,81,1423,,,31
5087,4,2019-04-25 00:00:00,"F and O Contract Note,  No.:closeout Profit/Loss:-3,971.23, Less STT:0.00, Less other Charges:0.00",-1,2466,,-1,11,81,-1,,,31
5088,4,2020-04-15 00:00:00,"Short sell, position reconciled, bought quantity: 4000, Sold in CN No.:I22099/4325   27/APR2020/930",6224,2484,,-1,11,81,1479,,,31
5089,4,2020-05-27 00:00:00,"Short sell, position reconciled, bought quantity: 2000, Sold in CN No.:I22099/19380   27/APR2020/4211",6507,2508,,-1,11,81,1492,,,31
5090,4,2020-08-27 00:00:00,"Short sell, position reconciled, bought quantity: 1000, Sold in CN No.:I22099/128274   27/JUL2020/7919",6534,2643,,-1,11,81,1543,,,31
5091,4,2020-09-28 00:00:00,"Short sell, position reconciled, bought quantity: 1000, Sold in CN No.:I22099/159910   27/AUG2020/6355",6543,2666,,-1,11,81,1551,,,31
5092,4,2020-10-27 00:00:00,"Short sell, position reconciled, bought quantity: 1000, Sold in CN No.:I22099/192618   27/SEP2020/5780",6593,2672,,-1,11,81,1554,,,31
5093,4,2020-10-01 00:00:00,"Short sell, position reconciled, bought quantity: 2000, Sold in CN No.:I22099/193930   27/SEP2020/6053",6551,2673,,-1,11,81,1555,,,31
5094,4,2020-10-01 00:00:00,"F and O Contract Note,  No.:I22099/196621   27/OCT2020/56 Profit/Loss:725.01, Less STT:0.00, Less other Charges:0.00",-1,2678,,-1,11,81,-1,,,31
5095,4,2020-10-27 00:00:00,"Short sell, position reconciled, bought quantity: 2000, Sold in CN No.:I22099/196621   27/OCT2020/56",6594,2678,,-1,11,81,1555,,,31
5096,4,2020-10-27 00:00:00,"Short sell, position reconciled, bought quantity: 1000, Sold in CN No.:I22099/198113   27/OCT2020/351",6594,2679,,-1,11,81,1555,,,31
5097,4,2020-10-27 00:00:00,"Short sell, position reconciled, bought quantity: 2000, Sold in CN No.:I22099/215786   27/OCT2020/4195",6594,2697,,-1,11,81,1555,,,31
5098,4,2020-11-25 00:00:00,"Short sell, position reconciled, bought quantity: 1000, Sold in CN No.:I22099/219906   27/OCT2020/5088",6645,2703,,-1,11,81,1566,,,31
5099,4,2020-11-25 00:00:00,"Short sell, position reconciled, bought quantity: 5000, Sold in CN No.:I22099/219906   27/OCT2020/5088",6646,2703,,-1,11,81,1567,,,31
5100,4,2020-11-25 00:00:00,"Short sell, position reconciled, bought quantity: 4000, Sold in CN No.:I22099/246739   27/NOV2020/4485",6646,2718,,-1,11,81,1567,,,31
5101,4,2020-12-29 00:00:00,"Short sell, position reconciled, bought quantity: 1000, Sold in CN No.:I22099/249790   27/NOV2020/5156",6755,2729,,-1,11,81,1581,,,31
5102,4,2020-12-29 00:00:00,"Short sell, position reconciled, bought quantity: 9000, Sold in CN No.:I22099/249790   27/NOV2020/5156",6756,2729,,-1,11,81,1582,,,31
5103,4,2021-04-27 00:00:00,"Short sell, position reconciled, bought quantity: 2000, Sold in CN No.:I22099/12943   27/APR2021/2515",6957,2805,,-1,11,81,1657,,,31
5104,4,2021-04-26 00:00:00,"Short sell, position reconciled, bought quantity: 3000, Sold in CN No.:I22099/12943   27/APR2021/2515",6955,2805,,-1,11,81,1658,,,31
5105,4,2021-05-10 00:00:00,"Short sell, position reconciled, bought quantity: 2000, Sold in CN No.:I22099/12943   27/APR2021/2515",7006,2805,,-1,11,81,1659,,,31
5106,4,2021-04-30 00:00:00,"Short sell, position reconciled, bought quantity: 3000, Sold in CN No.:I22099/22004   27/APR2021/4333",6960,2806,,-1,11,81,1660,,,31
5107,4,2021-04-30 00:00:00,"Short sell, position reconciled, bought quantity: 2000, Sold in CN No.:I22099/23498   27/APR2021/4642",6959,2807,,-1,11,81,1661,,,31
5108,4,2021-06-28 00:00:00,"Short sell, position reconciled, bought quantity: 3000, Sold in CN No.:I22099/28463   27/APR2021/5654",7048,2808,,-1,11,81,1662,,,31
5109,4,2021-06-28 00:00:00,"Short sell, position reconciled, bought quantity: 2000, Sold in CN No.:I22099/28463   27/APR2021/5654",7049,2808,,-1,11,81,1663,,,31
5110,4,2021-05-10 00:00:00,"F and O Contract Note,  No.:I22099/38598   27/MAY2021/1742 Profit/Loss:136.04, Less STT:0.00, Less other Charges:0.00",-1,2828,,-1,11,81,-1,,,31
5111,4,2021-07-28 00:00:00,"Short sell, position reconciled, bought quantity: 1000, Sold in CN No.:I22099/40461   27/MAY2021/2120",7265,2835,,-1,11,81,1682,,,31
5112,4,2022-10-12 00:00:00,"Short sell, position reconciled, bought quantity: 2000, Sold in CN No.:COMBINED/181278",8415,3315,,-1,11,81,1936,,,31
5113,4,2022-10-27 00:00:00,"Short sell, position reconciled, bought quantity: 3000, Sold in CN No.:COMBINED/189261",8355,3326,,-1,11,81,1938,,,31
5114,4,2022-10-27 00:00:00,"Short sell, position reconciled, bought quantity: 5000, Sold in CN No.:COMBINED/190814",8355,3329,,-1,11,81,1938,,,31
5115,4,2022-10-27 00:00:00,"Short sell, position reconciled, bought quantity: 31000, Sold in CN No.:COMBINED/190814",8357,3329,,-1,11,81,1940,,,31
5116,4,2022-10-10 00:00:00,"Short sell, position reconciled, bought quantity: 9000, Sold in CN No.:COMBINED/190814",8371,3329,,-1,11,81,1941,,,31
5117,4,2022-10-27 00:00:00,"Short sell, position reconciled, bought quantity: 3000, Sold in CN No.:COMBINED/192372",8355,3333,,-1,11,81,1938,,,31
5118,4,2022-11-02 00:00:00,"Short sell, position reconciled, bought quantity: 5000, Sold in CN No.:COMBINED/192372",8411,3333,,-1,11,81,1938,,,31
5119,4,2022-11-03 00:00:00,"Short sell, position reconciled, bought quantity: 2000, Sold in CN No.:COMBINED/192372",8413,3333,,-1,11,81,1938,,,31
5120,4,2022-10-12 00:00:00,"Short sell, position reconciled, bought quantity: 3000, Sold in CN No.:COMBINED/193779",8415,3336,,-1,11,81,1936,,,31
5121,4,2022-10-21 00:00:00,"Short sell, position reconciled, bought quantity: 2000, Sold in CN No.:COMBINED/193779",8354,3336,,-1,11,81,1936,,,31
5122,4,2022-12-23 00:00:00,"Short sell, position reconciled, bought quantity: 7000, Sold in CN No.:COMBINED/210023",8537,3350,,-1,11,81,1953,,,31
5123,4,2022-11-03 00:00:00,"Short sell, position reconciled, bought quantity: 3000, Sold in CN No.:COMBINED/217199",8413,3352,,-1,11,81,1938,,,31
5124,4,2022-11-23 00:00:00,"Short sell, position reconciled, bought quantity: 10000, Sold in CN No.:COMBINED/217199",8409,3352,,-1,11,81,1938,,,31
5125,4,2022-11-25 00:00:00,"Short sell, position reconciled, bought quantity: 29000, Sold in CN No.:COMBINED/217199",8421,3352,,-1,11,81,1938,,,31
5126,4,2022-12-23 00:00:00,"Short sell, position reconciled, bought quantity: 1000, Sold in CN No.:COMBINED/218709",8538,3353,,-1,11,81,1954,,,31
5127,4,2022-12-26 00:00:00,"Short sell, position reconciled, bought quantity: 4000, Sold in CN No.:COMBINED/218709",8541,3353,,-1,11,81,1954,,,31
5128,4,2022-12-26 00:00:00,"Short sell, position reconciled, bought quantity: 10000, Sold in CN No.:COMBINED/245215",8541,3374,,-1,11,81,1954,,,31
5129,4,2022-12-26 00:00:00,"Short sell, position reconciled, bought quantity: 5000, Sold in CN No.:COMBINED/223319",8541,3375,,-1,11,81,1954,,,31
5130,4,2022-12-26 00:00:00,"Short sell, position reconciled, bought quantity: 5000, Sold in CN No.:COMBINED/227977",8541,3377,,-1,11,81,1954,,,31
5131,4,2022-10-21 00:00:00,"Short sell, position reconciled, bought quantity: 5000, Sold in CN No.:COMBINED/202802",8354,3378,,-1,11,81,1936,,,31
5132,4,2022-12-23 00:00:00,"Short sell, position reconciled, bought quantity: 2000, Sold in CN No.:COMBINED/202802",8537,3378,,-1,11,81,1953,,,31
5133,4,2022-12-23 00:00:00,"Short sell, position reconciled, bought quantity: 5000, Sold in CN No.:COMBINED/205656",8537,3379,,-1,11,81,1953,,,31
5134,4,2022-11-25 00:00:00,"F and O Contract Note,  No.:COMBINED/248494 Profit/Loss:104.43, Less STT:0.00, Less other Charges:0.00",-1,3380,,-1,11,81,-1,,,31
5135,4,2022-12-26 00:00:00,"Short sell, position reconciled, bought quantity: 25000, Sold in CN No.:COMBINED/248494",8541,3380,,-1,11,81,1954,,,31
5136,4,2022-11-28 00:00:00,"F and O Contract Note,  No.:COMBINED/250115 Profit/Loss:-186.06, Less STT:0.00, Less other Charges:0.00",-1,3388,,-1,11,81,-1,,,31
5137,4,2023-01-06 00:00:00,"Short sell, position reconciled, bought quantity: 1000, Sold in CN No.:COMBINED/280358",8587,3420,,-1,11,81,1989,,,31
5138,4,2023-01-23 00:00:00,"Short sell, position reconciled, bought quantity: 14000, Sold in CN No.:COMBINED/280358",8626,3420,,-1,11,81,1990,,,31
5139,4,2023-01-06 00:00:00,"Short sell, position reconciled, bought quantity: 49000, Sold in CN No.:COMBINED/281811",8587,3421,,-1,11,81,1989,,,31
5140,4,2023-02-10 00:00:00,"Short sell, position reconciled, bought quantity: 10000, Sold in CN No.:COMBINED/294696",8652,3436,,-1,11,81,1995,,,31
5141,4,2023-02-16 00:00:00,"Short sell, position reconciled, bought quantity: 40000, Sold in CN No.:COMBINED/294696",8642,3436,,-1,11,81,1995,,,31
5142,4,2023-02-16 00:00:00,"Short sell, position reconciled, bought quantity: 14000, Sold in CN No.:COMBINED/309708",8643,3446,,-1,11,81,2102,,,31
5143,4,2023-03-06 00:00:00,"Short sell, position reconciled, bought quantity: 40000, Sold in CN No.:COMBINED/333665",8662,3448,,-1,11,81,2104,,,31
5144,4,2023-03-06 00:00:00,"Short sell, position reconciled, bought quantity: 14000, Sold in CN No.:COMBINED/333665",8663,3448,,-1,11,81,2105,,,31
5145,4,2023-03-06 00:00:00,"Short sell, position reconciled, bought quantity: 10000, Sold in CN No.:COMBINED/328255",8662,3451,,-1,11,81,2104,,,31
5146,4,2023-03-31 00:00:00,"Short sell, position reconciled, bought quantity: 50000, Sold in CN No.:COMBINED/349674",8745,3454,,-1,11,81,2112,,,31
5147,4,2023-03-31 00:00:00,"Short sell, position reconciled, bought quantity: 14000, Sold in CN No.:COMBINED/349674",8746,3454,,-1,11,81,2113,,,31
5148,4,2023-06-26 00:00:00,"Short sell, position reconciled, bought quantity: 5000, Sold in CN No.:COMBINED/21521",9181,3516,,-1,11,81,2230,,,31
5149,4,2023-06-26 00:00:00,"Short sell, position reconciled, bought quantity: 20000, Sold in CN No.:COMBINED/32987",9181,3517,,-1,11,81,2230,,,31
5150,4,2023-06-26 00:00:00,"Short sell, position reconciled, bought quantity: 15000, Sold in CN No.:COMBINED/34400",9181,3518,,-1,11,81,2230,,,31
5151,4,2023-06-26 00:00:00,"Short sell, position reconciled, bought quantity: 14000, Sold in CN No.:COMBINED/39905",9182,3519,,-1,11,81,2232,,,31
5152,4,2023-06-26 00:00:00,"Short sell, position reconciled, bought quantity: 10000, Sold in CN No.:COMBINED/44102",9181,3520,,-1,11,81,2230,,,31
5153,4,2023-04-28 00:00:00,"Short sell, position reconciled, bought quantity: 5000, Sold in CN No.:COMBINED/18687",8867,3521,,-1,11,81,2229,,,31
5154,4,2023-05-11 00:00:00,"Short sell, position reconciled, bought quantity: 20000, Sold in CN No.:COMBINED/18687",8869,3521,,-1,11,81,2229,,,31
5155,4,2023-05-12 00:00:00,"Short sell, position reconciled, bought quantity: 15000, Sold in CN No.:COMBINED/18687",8871,3521,,-1,11,81,2229,,,31
5156,4,2023-05-23 00:00:00,"Short sell, position reconciled, bought quantity: 10000, Sold in CN No.:COMBINED/18687",8875,3521,,-1,11,81,2229,,,31
5157,4,2023-05-18 00:00:00,"Short sell, position reconciled, bought quantity: 14000, Sold in CN No.:COMBINED/18687",8873,3521,,-1,11,81,2231,,,31
5158,4,2023-04-26 00:00:00,"Short sell, position reconciled, bought quantity: 50000, Sold in CN No.:opening, Settlement No.:opening",8877,3523,,-1,11,81,2112,,,31
5159,4,2023-04-26 00:00:00,"Short sell, position reconciled, bought quantity: 14000, Sold in CN No.:opening, Settlement No.:opening",8878,3524,,-1,11,81,2113,,,31
5160,4,2023-07-11 00:00:00,"Short sell, position reconciled, bought quantity: 14000, Sold in CN No.:COMBINED/78100",9519,3587,,-1,11,81,2321,,,31
5161,4,2023-07-11 00:00:00,"Short sell, position reconciled, bought quantity: 5000, Sold in CN No.:COMBINED/78100",9520,3587,,-1,11,81,2322,,,31
5162,4,2023-07-14 00:00:00,"Short sell, position reconciled, bought quantity: 15000, Sold in CN No.:COMBINED/78100",9527,3587,,-1,11,81,2322,,,31
5163,4,2023-07-26 00:00:00,"Short sell, position reconciled, bought quantity: 30000, Sold in CN No.:COMBINED/78100",9947,3587,,-1,11,81,2322,,,31
5164,4,2023-09-21 00:00:00,"Short sell, position reconciled, bought quantity: 30000, Sold in CN No.:COMBINED/140320",10048,3699,,-1,11,81,2502,,,31
5165,4,2023-08-24 00:00:00,"Short sell, position reconciled, bought quantity: 30000, Sold in CN No.:COMBINED/109423",9920,3708,,-1,11,81,2501,,,31
5166,4,2023-10-25 00:00:00,"Short sell, position reconciled, bought quantity: 30000, Sold in CN No.:COMBINED/171650",10194,3715,,-1,11,81,2566,,,31
5167,4,2023-11-28 00:00:00,"Short sell, position reconciled, bought quantity: 30000, Sold in CN No.:COMBINED/202796",10932,3739,,-1,11,81,2595,,,31
5168,4,2023-12-27 00:00:00,"Short sell, position reconciled, bought quantity: 15000, Sold in CN No.:COMBINED/234595",10935,3825,,-1,11,81,2682,,,31
5169,4,2021-09-13 00:00:00,"F and O Contract Note,  No.:CNT-21/22-106333531",-1,2888,,-1,12,30,-1,,,31
5170,4,2021-09-30 00:00:00,"Short sell, position reconciled, bought quantity: 300, Sold in CN No.:CNT-21/22-106333531",7220,2888,,-1,12,30,1752,,,31
5171,4,2025-01-29 00:00:00,"Quantity bought 37.778 @3,308.80",12626,-1,,-1,67,60,2962,,,62
5172,4,2025-01-29 00:00:00,Quantity bought 9216.741 @13.56,12627,-1,,-1,67,60,2963,,,62
5173,4,2025-02-05 00:00:00,Quantity bought 6320.157 @7.91,12636,-1,,-1,67,60,2966,,,62
5174,4,2025-02-05 00:00:00,Quantity bought 5678.824 @8.80,12637,-1,,-1,67,60,2967,,,62
5175,4,2025-02-17 00:00:00,"Quantity bought 7.527 @3,321.38",12638,-1,,-1,67,60,2962,,,62
5176,4,2025-02-17 00:00:00,Quantity bought 1836.766 @13.61,12639,-1,,-1,67,60,2963,,,62
5177,4,2025-03-06 00:00:00,"Quantity sold 0.225  @ 3,333.33",12737,-1,,-1,67,60,2962,,,62
5178,4,2025-03-06 00:00:00,Quantity sold 54.933  @ 13.65,12738,-1,,-1,67,60,2963,,,62
5179,4,2025-03-07 00:00:00,Quantity bought 105.103 @7.14,12739,-1,,-1,67,60,2966,,,62
5180,4,2025-03-07 00:00:00,Quantity bought 93.181 @8.05,12740,-1,,-1,67,60,2967,,,62
5181,4,2025-03-09 00:00:00,"Quantity sold 0.27  @ 3,333.33",12741,-1,,-1,67,60,2962,,,62
5182,4,2025-03-09 00:00:00,Quantity sold 65.887  @ 13.66,12742,-1,,-1,67,60,2963,,,62
5183,4,2025-03-10 00:00:00,Quantity bought 128.716 @6.99,12745,-1,,-1,67,60,2966,,,62
5184,4,2025-03-10 00:00:00,Quantity bought 114.278 @7.88,12746,-1,,-1,67,60,2967,,,62
5185,4,2025-03-10 00:00:00,"Quantity sold 0.315  @ 3,333.33",12743,-1,,-1,67,60,2962,,,62
5186,4,2025-03-10 00:00:00,Quantity sold 76.854  @ 13.66,12744,-1,,-1,67,60,2963,,,62
5187,4,2025-03-11 00:00:00,Quantity bought 149.819 @7.01,12749,-1,,-1,67,60,2966,,,62
5188,4,2025-03-11 00:00:00,Quantity bought 132.508 @7.92,12750,-1,,-1,67,60,2967,,,62
5189,4,2025-03-11 00:00:00,"Quantity sold 0.36  @ 3,333.33",12747,-1,,-1,67,60,2962,,,62
5190,4,2025-03-11 00:00:00,Quantity sold 87.821  @ 13.66,12748,-1,,-1,67,60,2963,,,62
5191,4,2025-03-12 00:00:00,Quantity bought 171.931 @6.98,12753,-1,,-1,67,60,2966,,,62
5192,4,2025-03-12 00:00:00,Quantity bought 152.757 @7.86,12754,-1,,-1,67,60,2967,,,62
5193,4,2025-03-12 00:00:00,"Quantity sold 0.405  @ 3,333.33",12751,-1,,-1,67,60,2962,,,62
5194,4,2025-03-12 00:00:00,Quantity sold 98.783  @ 13.67,12752,-1,,-1,67,60,2963,,,62
5195,4,2025-03-13 00:00:00,Quantity bought 194.635 @6.94,12755,-1,,-1,67,60,2966,,,62
5196,4,2025-03-13 00:00:00,Quantity bought 171.738 @7.86,12756,-1,,-1,67,60,2967,,,62
5197,4,2025-03-16 00:00:00,"Quantity sold 0.449  @ 3,340.76",12757,-1,,-1,67,60,2962,,,62
5198,4,2025-03-16 00:00:00,Quantity sold 109.676  @ 13.68,12758,-1,,-1,67,60,2963,,,62
5199,4,2025-03-17 00:00:00,Quantity bought 214.426 @7.00,12761,-1,,-1,67,60,2966,,,62
5200,4,2025-03-17 00:00:00,Quantity bought 189.687 @7.91,12762,-1,,-1,67,60,2967,,,62
5201,4,2025-03-17 00:00:00,"Quantity sold 0.539  @ 3,339.52",12759,-1,,-1,67,60,2962,,,62
5202,4,2025-03-17 00:00:00,Quantity sold 131.59  @ 13.68,12760,-1,,-1,67,60,2963,,,62
5203,4,2025-03-18 00:00:00,Quantity bought 250.102 @7.20,12789,-1,,-1,67,60,2966,,,62
5204,4,2025-03-18 00:00:00,Quantity bought 221.776 @8.12,12790,-1,,-1,67,60,2967,,,62
5205,4,2025-03-18 00:00:00,"Quantity sold 0.584  @ 3,339.04",12787,-1,,-1,67,60,2962,,,62
5206,4,2025-03-18 00:00:00,Quantity sold 142.534  @ 13.68,12788,-1,,-1,67,60,2963,,,62
5207,4,2025-03-19 00:00:00,Quantity bought 267.051 @7.30,12793,-1,,-1,67,60,2966,,,62
5208,4,2025-03-19 00:00:00,Quantity bought 236.745 @8.24,12794,-1,,-1,67,60,2967,,,62
5209,4,2025-03-19 00:00:00,"Quantity sold 0.629  @ 3,338.63",12791,-1,,-1,67,60,2962,,,62
5210,4,2025-03-19 00:00:00,Quantity sold 153.475  @ 13.68,12792,-1,,-1,67,60,2963,,,62
5211,4,2025-03-20 00:00:00,Quantity bought 285.219 @7.36,12797,-1,,-1,67,60,2966,,,62
5212,4,2025-03-20 00:00:00,Quantity bought 253.887 @8.27,12798,-1,,-1,67,60,2967,,,62
5213,4,2025-03-20 00:00:00,"Quantity sold 0.673  @ 3,343.24",12795,-1,,-1,67,60,2962,,,62
5214,4,2025-03-20 00:00:00,Quantity sold 164.4  @ 13.69,12796,-1,,-1,67,60,2963,,,62
5215,4,2025-03-21 00:00:00,Quantity bought 302.344 @7.44,12799,-1,,-1,67,60,2966,,,62
5216,4,2025-03-21 00:00:00,Quantity bought 270.079 @8.33,12800,-1,,-1,67,60,2967,,,62
5217,4,2025-03-23 00:00:00,"Quantity sold 0.718  @ 3,342.62",12801,-1,,-1,67,60,2962,,,62
5218,4,2025-03-23 00:00:00,Quantity sold 175.254  @ 13.69,12802,-1,,-1,67,60,2963,,,62
5219,4,2025-03-24 00:00:00,Quantity bought 319.082 @7.52,12830,-1,,-1,67,60,2966,,,62
5220,4,2025-03-24 00:00:00,Quantity bought 283.865 @8.45,12831,-1,,-1,67,60,2967,,,62
5221,4,2025-03-24 00:00:00,"Quantity sold 0.763  @ 3,342.07",12828,-1,,-1,67,60,2962,,,62
5222,4,2025-03-24 00:00:00,Quantity sold 186.157  @ 13.70,12829,-1,,-1,67,60,2963,,,62
5223,4,2025-03-25 00:00:00,Quantity bought 343.667 @7.42,12852,-1,,-1,67,60,2966,,,62
5224,4,2025-03-25 00:00:00,Quantity bought 304.404 @8.38,12853,-1,,-1,67,60,2967,,,62
5225,4,2025-03-25 00:00:00,"Quantity sold 0.807  @ 3,345.72",12850,-1,,-1,67,60,2962,,,62
5226,4,2025-03-25 00:00:00,Quantity sold 197.063  @ 13.70,12851,-1,,-1,67,60,2963,,,62
5227,4,2025-03-26 00:00:00,Quantity bought 367.219 @7.35,12864,-1,,-1,67,60,2966,,,62
5228,4,2025-03-26 00:00:00,Quantity bought 321.907 @8.39,12865,-1,,-1,67,60,2967,,,62
5229,4,2025-03-26 00:00:00,"Quantity sold 0.852  @ 3,345.07",12862,-1,,-1,67,60,2962,,,62
5230,4,2025-03-26 00:00:00,Quantity sold 207.962  @ 13.70,12863,-1,,-1,67,60,2963,,,62
5231,4,2025-03-27 00:00:00,Quantity bought 383.066 @7.44,12880,-1,,-1,67,60,2966,,,62
5232,4,2025-03-27 00:00:00,Quantity bought 337.297 @8.45,12881,-1,,-1,67,60,2967,,,62
5233,4,2025-03-27 00:00:00,"Quantity sold 0.897  @ 3,344.48",12878,-1,,-1,67,60,2962,,,62
5234,4,2025-03-27 00:00:00,Quantity sold 218.892  @ 13.71,12879,-1,,-1,67,60,2963,,,62
5235,4,2025-03-28 00:00:00,Quantity bought 403.537 @7.43,12882,-1,,-1,67,60,2966,,,62
5236,4,2025-03-28 00:00:00,Quantity bought 357.333 @8.40,12883,-1,,-1,67,60,2967,,,62
5237,4,2025-04-01 00:00:00,"Quantity sold 0.94  @ 3,351.06",12917,-1,,-1,67,60,2962,,,62
5238,4,2025-04-01 00:00:00,Quantity sold 229.505  @ 13.73,12918,-1,,-1,67,60,2963,,,62
5239,4,2025-04-02 00:00:00,Quantity bought 422.378 @7.46,12923,-1,,-1,67,60,2966,,,62
5240,4,2025-04-02 00:00:00,Quantity bought 377.204 @8.35,12924,-1,,-1,67,60,2967,,,62
5241,4,2025-04-02 00:00:00,"Quantity sold 1.029  @ 3,352.77",12919,-1,,-1,67,60,2962,,,62
5242,4,2025-04-02 00:00:00,"Quantity sold 1.073  @ 3,355.08",12920,-1,,-1,67,60,2962,,,62
5243,4,2025-04-02 00:00:00,Quantity sold 251.249  @ 13.73,12921,-1,,-1,67,60,2963,,,62
5244,4,2025-04-02 00:00:00,Quantity sold 262.173  @ 13.73,12922,-1,,-1,67,60,2963,,,62
5245,4,2025-04-03 00:00:00,Quantity bought 466.755 @7.39,12927,-1,,-1,67,60,2966,,,62
5246,4,2025-04-03 00:00:00,Quantity bought 487.048 @7.39,12928,-1,,-1,67,60,2966,,,62
5247,4,2025-04-03 00:00:00,Quantity bought 417.362 @8.27,12929,-1,,-1,67,60,2967,,,62
5248,4,2025-04-03 00:00:00,Quantity bought 435.508 @8.27,12930,-1,,-1,67,60,2967,,,62
5249,4,2025-04-03 00:00:00,"Quantity sold 1.118  @ 3,354.20",12925,-1,,-1,67,60,2962,,,62
5250,4,2025-04-03 00:00:00,Quantity sold 272.995  @ 13.74,12926,-1,,-1,67,60,2963,,,62
5251,4,2025-04-04 00:00:00,Quantity bought 526.348 @7.12,12931,-1,,-1,67,60,2966,,,62
5252,4,2025-04-04 00:00:00,Quantity bought 470.148 @7.98,12932,-1,,-1,67,60,2967,,,62
5253,4,2025-04-06 00:00:00,"Quantity sold 1.162  @ 3,356.28",12933,-1,,-1,67,60,2962,,,62
5254,4,2025-04-06 00:00:00,Quantity sold 283.768  @ 13.74,12934,-1,,-1,67,60,2963,,,62
5255,4,2025-04-07 00:00:00,Quantity bought 568.253 @6.86,12937,-1,,-1,67,60,2966,,,62
5256,4,2025-04-07 00:00:00,Quantity bought 508.165 @7.67,12938,-1,,-1,67,60,2967,,,62
5257,4,2025-04-07 00:00:00,"Quantity sold 1.206  @ 3,358.21",12935,-1,,-1,67,60,2962,,,62
5258,4,2025-04-07 00:00:00,Quantity sold 294.646  @ 13.75,12936,-1,,-1,67,60,2963,,,62
5259,4,2025-04-08 00:00:00,Quantity bought 575.027 @7.04,12967,-1,,-1,67,60,2966,,,62
5260,4,2025-04-08 00:00:00,Quantity bought 518.096 @7.82,12968,-1,,-1,67,60,2967,,,62
5261,4,2025-04-08 00:00:00,"Quantity sold 1.251  @ 3,357.31",12965,-1,,-1,67,60,2962,,,62
5262,4,2025-04-08 00:00:00,Quantity sold 305.499  @ 13.75,12966,-1,,-1,67,60,2963,,,62
5263,4,2025-04-09 00:00:00,Quantity bought 605.855 @6.93,12969,-1,,-1,67,60,2966,,,62
5264,4,2025-04-09 00:00:00,Quantity bought 541.671 @7.75,12970,-1,,-1,67,60,2967,,,62
5265,4,2025-04-10 00:00:00,"Quantity sold 1.295  @ 3,359.07",12971,-1,,-1,67,60,2962,,,62
5266,4,2025-04-10 00:00:00,Quantity sold 316.279  @ 13.75,12972,-1,,-1,67,60,2963,,,62
5267,4,2025-04-11 00:00:00,Quantity bought 609.29 @7.14,12973,-1,,-1,67,60,2966,,,62
5268,4,2025-04-11 00:00:00,Quantity bought 546.393 @7.96,12974,-1,,-1,67,60,2967,,,62
5269,4,2025-04-14 00:00:00,"Quantity sold 1.383  @ 3,362.26",12975,-1,,-1,67,60,2962,,,62
5270,4,2025-04-14 00:00:00,Quantity sold 337.875  @ 13.76,12976,-1,,-1,67,60,2963,,,62
5271,4,2025-04-15 00:00:00,Quantity bought 630.58 @7.37,12979,-1,,-1,67,60,2966,,,62
5272,4,2025-04-15 00:00:00,Quantity bought 566.81 @8.20,12980,-1,,-1,67,60,2967,,,62
5273,4,2025-04-15 00:00:00,"Quantity sold 1.472  @ 3,362.77",12977,-1,,-1,67,60,2962,,,62
5274,4,2025-04-15 00:00:00,Quantity sold 359.602  @ 13.77,12978,-1,,-1,67,60,2963,,,62
5275,4,2025-04-16 00:00:00,Quantity bought 668.759 @7.40,12983,-1,,-1,67,60,2966,,,62
5276,4,2025-04-16 00:00:00,Quantity bought 600.698 @8.24,12984,-1,,-1,67,60,2967,,,62
5277,4,2025-04-16 00:00:00,"Quantity sold 1.516  @ 3,364.12",12981,-1,,-1,67,60,2962,,,62
5278,4,2025-04-16 00:00:00,Quantity sold 370.443  @ 13.77,12982,-1,,-1,67,60,2963,,,62
5279,4,2025-04-17 00:00:00,Quantity bought 683.631 @7.46,13042,-1,,-1,67,60,2966,,,62
5280,4,2025-04-17 00:00:00,Quantity bought 613.696 @8.31,13043,-1,,-1,67,60,2967,,,62
5281,4,2025-05-09 00:00:00,Quantity bought 621.263 @80.48,13088,-1,,-1,67,60,3002,,,62
5282,4,2025-05-09 00:00:00,Quantity bought 1355.129 @36.90,13089,-1,,-1,67,60,3003,,,62
5283,4,2025-05-12 00:00:00,"Quantity bought 13.377 @3,737.76",13090,-1,,-1,67,60,3004,,,62
5284,4,2025-05-12 00:00:00,Quantity bought 3683.464 @13.57,13091,-1,,-1,67,60,3005,,,62
5285,4,2025-05-21 00:00:00,"Quantity sold 1.034  @ 3,384.91",13213,-1,,-1,67,60,2962,,,62
5286,4,2025-05-21 00:00:00,"Quantity sold 0.148  @ 3,378.38",13214,-1,,-1,67,60,2962,,,62
5287,4,2025-05-21 00:00:00,Quantity sold 252.786  @ 13.85,13215,-1,,-1,67,60,2963,,,62
5288,4,2025-05-21 00:00:00,Quantity sold 36.112  @ 13.85,13216,-1,,-1,67,60,2963,,,62
5289,4,2025-05-22 00:00:00,Quantity bought 380.743 @9.19,13221,-1,,-1,67,60,2967,,,62
5290,4,2025-05-22 00:00:00,Quantity bought 54.392 @9.19,13222,-1,,-1,67,60,2967,,,62
5291,4,2025-05-22 00:00:00,Quantity bought 256.088 @13.67,13219,-1,,-1,67,60,3007,,,62
5292,4,2025-05-22 00:00:00,Quantity bought 36.584 @13.67,13220,-1,,-1,67,60,3007,,,62
5293,4,2025-05-22 00:00:00,"Quantity sold 0.148  @ 3,378.38",13217,-1,,-1,67,60,2962,,,62
5294,4,2025-05-22 00:00:00,Quantity sold 36.105  @ 13.85,13218,-1,,-1,67,60,2963,,,62
5295,4,2025-05-23 00:00:00,Quantity bought 54.197 @9.23,13224,-1,,-1,67,60,2967,,,62
5296,4,2025-05-23 00:00:00,Quantity bought 36.291 @13.78,13223,-1,,-1,67,60,3007,,,62
5297,4,2025-05-25 00:00:00,"Quantity sold 0.148  @ 3,378.38",13225,-1,,-1,67,60,2962,,,62
5298,4,2025-05-25 00:00:00,Quantity sold 36.087  @ 13.86,13226,-1,,-1,67,60,2963,,,62
5299,4,2025-05-26 00:00:00,Quantity bought 53.747 @9.30,13231,-1,,-1,67,60,2967,,,62
5300,4,2025-05-26 00:00:00,Quantity bought 36.135 @13.84,13230,-1,,-1,67,60,3007,,,62
5301,4,2025-05-26 00:00:00,"Quantity sold 0.148  @ 3,378.38",13227,-1,,-1,67,60,2962,,,62
5302,4,2025-05-26 00:00:00,Quantity sold 36.08  @ 13.86,13229,-1,,-1,67,60,2963,,,62
5303,4,2025-05-26 00:00:00,Quantity sold 500  @ 36.94,13228,-1,,-1,67,60,3003,,,62
5304,4,2025-05-27 00:00:00,Quantity bought 53.748 @9.30,13236,-1,,-1,67,60,2967,,,62
5305,4,2025-05-27 00:00:00,Quantity bought 36.317 @13.77,13235,-1,,-1,67,60,3007,,,62
5306,4,2025-05-27 00:00:00,"Quantity sold 0.148  @ 3,378.38",13232,-1,,-1,67,60,2962,,,62
5307,4,2025-05-27 00:00:00,Quantity sold 36.075  @ 13.86,13234,-1,,-1,67,60,2963,,,62
5308,4,2025-05-27 00:00:00,Quantity sold 500  @ 37.02,13233,-1,,-1,67,60,3003,,,62
5309,4,2025-05-28 00:00:00,Quantity bought 53.7 @9.31,13244,-1,,-1,67,60,2967,,,62
5310,4,2025-05-28 00:00:00,Quantity bought 36.347 @13.76,13243,-1,,-1,67,60,3007,,,62
5311,4,2025-05-28 00:00:00,Quantity bought 228.814 @80.71,13237,-1,,-1,67,60,3008,,,62
5312,4,2025-05-28 00:00:00,"Quantity sold 0.148  @ 3,378.38",13238,-1,,-1,67,60,2962,,,62
5313,4,2025-05-28 00:00:00,"Quantity sold 1.033  @ 3,388.19",13239,-1,,-1,67,60,2962,,,62
5314,4,2025-05-28 00:00:00,Quantity sold 36.069  @ 13.86,13241,-1,,-1,67,60,2963,,,62
5315,4,2025-05-28 00:00:00,Quantity sold 252.482  @ 13.86,13242,-1,,-1,67,60,2963,,,62
5316,4,2025-05-28 00:00:00,Quantity sold 355.129  @ 37.05,13240,-1,,-1,67,60,3003,,,62
5317,4,2025-05-29 00:00:00,Quantity bought 53.48 @9.35,13250,-1,,-1,67,60,2967,,,62
5318,4,2025-05-29 00:00:00,Quantity bought 374.357 @9.35,13251,-1,,-1,67,60,2967,,,62
5319,4,2025-05-29 00:00:00,Quantity bought 36.251 @13.79,13248,-1,,-1,67,60,3007,,,62
5320,4,2025-05-29 00:00:00,Quantity bought 253.758 @13.79,13249,-1,,-1,67,60,3007,,,62
5321,4,2025-05-29 00:00:00,Quantity bought 229.054 @80.82,13245,-1,,-1,67,60,3008,,,62
5322,4,2025-05-29 00:00:00,"Quantity sold 0.148  @ 3,378.38",13246,-1,,-1,67,60,2962,,,62
5323,4,2025-05-29 00:00:00,Quantity sold 36.063  @ 13.86,13247,-1,,-1,67,60,2963,,,62
5324,4,2025-05-30 00:00:00,Quantity bought 53.987 @9.26,13254,-1,,-1,67,60,2967,,,62
5325,4,2025-05-30 00:00:00,Quantity bought 36.295 @13.78,13253,-1,,-1,67,60,3007,,,62
5326,4,2025-05-30 00:00:00,Quantity bought 162.921 @80.77,13252,-1,,-1,67,60,3008,,,62
5327,4,2025-06-01 00:00:00,"Quantity sold 0.147  @ 3,401.36",13255,-1,,-1,67,60,2962,,,62
5328,4,2025-06-01 00:00:00,Quantity sold 36.045  @ 13.87,13256,-1,,-1,67,60,2963,,,62
5329,4,2025-06-02 00:00:00,Quantity bought 53.884 @9.28,13260,-1,,-1,67,60,2967,,,62
5330,4,2025-06-02 00:00:00,Quantity bought 36.313 @13.77,13259,-1,,-1,67,60,3007,,,62
5331,4,2025-06-02 00:00:00,"Quantity sold 0.147  @ 3,401.36",13257,-1,,-1,67,60,2962,,,62
5332,4,2025-06-02 00:00:00,Quantity sold 36.039  @ 13.87,13258,-1,,-1,67,60,2963,,,62
5333,4,2025-06-03 00:00:00,Quantity bought 53.96 @9.27,13264,-1,,-1,67,60,2967,,,62
5334,4,2025-06-03 00:00:00,Quantity bought 36.505 @13.70,13263,-1,,-1,67,60,3007,,,62
5335,4,2025-06-03 00:00:00,"Quantity sold 0.147  @ 3,401.36",13261,-1,,-1,67,60,2962,,,62
5336,4,2025-06-03 00:00:00,Quantity sold 36.032  @ 13.88,13262,-1,,-1,67,60,2963,,,62
5337,4,2025-06-04 00:00:00,Quantity bought 53.671 @9.32,13270,-1,,-1,67,60,2967,,,62
5338,4,2025-06-04 00:00:00,Quantity bought 36.376 @13.75,13269,-1,,-1,67,60,3007,,,62
5339,4,2025-06-04 00:00:00,"Quantity sold 0.147  @ 3,401.36",13265,-1,,-1,67,60,2962,,,62
5340,4,2025-06-04 00:00:00,"Quantity sold 1.032  @ 3,391.47",13266,-1,,-1,67,60,2962,,,62
5341,4,2025-06-04 00:00:00,Quantity sold 36.027  @ 13.88,13267,-1,,-1,67,60,2963,,,62
5342,4,2025-06-04 00:00:00,Quantity sold 252.19  @ 13.88,13268,-1,,-1,67,60,2963,,,62
5343,4,2025-06-05 00:00:00,Quantity bought 53.178 @9.40,13290,-1,,-1,67,60,2967,,,62
5344,4,2025-06-05 00:00:00,Quantity bought 372.243 @9.40,13291,-1,,-1,67,60,2967,,,62
5345,4,2025-06-05 00:00:00,Quantity bought 36.21 @13.81,13288,-1,,-1,67,60,3007,,,62
5346,4,2025-06-05 00:00:00,Quantity bought 253.469 @13.81,13289,-1,,-1,67,60,3007,,,62
5347,4,2025-06-05 00:00:00,"Quantity sold 0.147  @ 3,401.36",13286,-1,,-1,67,60,2962,,,62
5348,4,2025-06-05 00:00:00,Quantity sold 36.02  @ 13.88,13287,-1,,-1,67,60,2963,,,62
5349,4,2025-06-06 00:00:00,Quantity bought 53.06 @9.42,13293,-1,,-1,67,60,2967,,,62
5350,4,2025-06-06 00:00:00,Quantity bought 35.694 @14.01,13292,-1,,-1,67,60,3007,,,62
5351,4,2025-06-08 00:00:00,"Quantity sold 0.147  @ 3,401.36",13294,-1,,-1,67,60,2962,,,62
5352,4,2025-06-08 00:00:00,Quantity sold 35.993  @ 13.89,13295,-1,,-1,67,60,2963,,,62
5353,4,2025-06-09 00:00:00,Quantity bought 52.489 @9.53,13322,-1,,-1,67,60,2967,,,62
5354,4,2025-06-09 00:00:00,Quantity bought 35.454 @14.10,13321,-1,,-1,67,60,3007,,,62
5355,4,2025-06-09 00:00:00,"Quantity sold 0.147  @ 3,401.36",13319,-1,,-1,67,60,2962,,,62
5356,4,2025-06-09 00:00:00,Quantity sold 35.987  @ 13.89,13320,-1,,-1,67,60,2963,,,62
5357,4,2025-06-10 00:00:00,Quantity bought 52.326 @9.56,13327,-1,,-1,67,60,2967,,,62
5358,4,2025-06-10 00:00:00,Quantity bought 35.477 @14.09,13326,-1,,-1,67,60,3007,,,62
5359,4,2025-06-10 00:00:00,Quantity bought 427.429 @51.47,13325,-1,,-1,67,60,3012,,,62
5360,4,2025-06-10 00:00:00,"Quantity sold 0.147  @ 3,401.36",13323,-1,,-1,67,60,2962,,,62
5361,4,2025-06-10 00:00:00,Quantity sold 35.981  @ 13.90,13324,-1,,-1,67,60,2963,,,62
5362,4,2025-06-11 00:00:00,Quantity bought 52.47 @9.53,13425,-1,,-1,67,60,2967,,,62
5363,4,2025-06-11 00:00:00,Quantity bought 35.466 @14.10,13424,-1,,-1,67,60,3007,,,62
5364,4,2025-06-11 00:00:00,"Quantity sold 0.147  @ 3,401.36",13420,-1,,-1,67,60,2962,,,62
5365,4,2025-06-11 00:00:00,"Quantity sold 1.03  @ 3,398.06",13421,-1,,-1,67,60,2962,,,62
5366,4,2025-06-11 00:00:00,Quantity sold 35.977  @ 13.90,13422,-1,,-1,67,60,2963,,,62
5367,4,2025-06-11 00:00:00,Quantity sold 251.838  @ 13.90,13423,-1,,-1,67,60,2963,,,62
5368,4,2025-06-12 00:00:00,Quantity bought 53.253 @9.39,13430,-1,,-1,67,60,2967,,,62
5369,4,2025-06-12 00:00:00,Quantity bought 372.77 @9.39,13431,-1,,-1,67,60,2967,,,62
5370,4,2025-06-12 00:00:00,Quantity bought 35.904 @13.93,13428,-1,,-1,67,60,3007,,,62
5371,4,2025-06-12 00:00:00,Quantity bought 251.323 @13.93,13429,-1,,-1,67,60,3007,,,62
5372,4,2025-06-12 00:00:00,"Quantity sold 0.147  @ 3,401.36",13426,-1,,-1,67,60,2962,,,62
5373,4,2025-06-12 00:00:00,Quantity sold 35.973  @ 13.90,13427,-1,,-1,67,60,2963,,,62
5374,4,2025-06-13 00:00:00,Quantity bought 53.312 @9.38,13433,-1,,-1,67,60,2967,,,62
5375,4,2025-06-13 00:00:00,Quantity bought 36.159 @13.83,13432,-1,,-1,67,60,3007,,,62
5376,4,2025-06-15 00:00:00,"Quantity sold 0.147  @ 3,401.36",13434,-1,,-1,67,60,2962,,,62
5377,4,2025-06-15 00:00:00,Quantity sold 35.957  @ 13.91,13435,-1,,-1,67,60,2963,,,62
5378,4,2025-06-16 00:00:00,Quantity bought 52.858 @9.46,13439,-1,,-1,67,60,2967,,,62
5379,4,2025-06-16 00:00:00,Quantity bought 35.878 @13.94,13438,-1,,-1,67,60,3007,,,62
5380,4,2025-06-16 00:00:00,"Quantity sold 0.147  @ 3,401.36",13436,-1,,-1,67,60,2962,,,62
5381,4,2025-06-16 00:00:00,Quantity sold 35.952  @ 13.91,13437,-1,,-1,67,60,2963,,,62
5382,4,2025-06-17 00:00:00,Quantity bought 52.725 @9.48,13443,-1,,-1,67,60,2967,,,62
5383,4,2025-06-17 00:00:00,Quantity bought 35.982 @13.90,13442,-1,,-1,67,60,3007,,,62
5384,4,2025-06-17 00:00:00,"Quantity sold 0.147  @ 3,401.36",13440,-1,,-1,67,60,2962,,,62
5385,4,2025-06-17 00:00:00,Quantity sold 35.946  @ 13.91,13441,-1,,-1,67,60,2963,,,62
5386,4,2025-06-18 00:00:00,Quantity bought 52.965 @9.44,13449,-1,,-1,67,60,2967,,,62
5387,4,2025-06-18 00:00:00,Quantity bought 36.016 @13.88,13448,-1,,-1,67,60,3007,,,62
5388,4,2025-06-18 00:00:00,"Quantity sold 1.029  @ 3,401.36",13444,-1,,-1,67,60,2962,,,62
5389,4,2025-06-18 00:00:00,"Quantity sold 0.147  @ 3,401.36",13445,-1,,-1,67,60,2962,,,62
5390,4,2025-06-18 00:00:00,Quantity sold 251.589  @ 13.91,13446,-1,,-1,67,60,2963,,,62
5391,4,2025-06-18 00:00:00,Quantity sold 35.941  @ 13.91,13447,-1,,-1,67,60,2963,,,62
5392,4,2025-06-19 00:00:00,Quantity bought 375.236 @9.33,13456,-1,,-1,67,60,2967,,,62
5393,4,2025-06-19 00:00:00,Quantity bought 53.606 @9.33,13457,-1,,-1,67,60,2967,,,62
5394,4,2025-06-19 00:00:00,Quantity bought 252.98 @13.84,13454,-1,,-1,67,60,3007,,,62
5395,4,2025-06-19 00:00:00,Quantity bought 36.14 @13.84,13455,-1,,-1,67,60,3007,,,62
5396,4,2025-06-19 00:00:00,Quantity bought 72.456 @828.09,13450,-1,,-1,67,60,3015,,,62
5397,4,2025-06-19 00:00:00,Quantity bought 805.761 @49.64,13453,-1,,-1,67,60,3016,,,62
5398,4,2025-06-19 00:00:00,"Quantity sold 0.147  @ 3,401.36",13451,-1,,-1,67,60,2962,,,62
5399,4,2025-06-19 00:00:00,Quantity sold 35.936  @ 13.91,13452,-1,,-1,67,60,2963,,,62
5400,4,2025-06-20 00:00:00,Quantity bought 52.924 @9.45,13459,-1,,-1,67,60,2967,,,62
5401,4,2025-06-20 00:00:00,Quantity bought 35.687 @14.01,13458,-1,,-1,67,60,3007,,,62
5402,4,2025-06-22 00:00:00,"Quantity sold 0.147  @ 3,401.36",13460,-1,,-1,67,60,2962,,,62
5403,4,2025-06-22 00:00:00,Quantity sold 35.92  @ 13.92,13461,-1,,-1,67,60,2963,,,62
5404,4,2025-06-23 00:00:00,Quantity bought 52.596 @9.51,13465,-1,,-1,67,60,2967,,,62
5405,4,2025-06-23 00:00:00,Quantity bought 35.845 @13.95,13464,-1,,-1,67,60,3007,,,62
5406,4,2025-06-23 00:00:00,"Quantity sold 0.147  @ 3,401.36",13462,-1,,-1,67,60,2962,,,62
5407,4,2025-06-23 00:00:00,Quantity sold 35.914  @ 13.92,13463,-1,,-1,67,60,2963,,,62
5408,4,2025-06-24 00:00:00,Quantity bought 52.466 @9.53,13469,-1,,-1,67,60,2967,,,62
5409,4,2025-06-24 00:00:00,Quantity bought 35.634 @14.03,13468,-1,,-1,67,60,3007,,,62
5410,4,2025-06-24 00:00:00,"Quantity sold 0.147  @ 3,401.36",13466,-1,,-1,67,60,2962,,,62
5411,4,2025-06-24 00:00:00,Quantity sold 35.908  @ 13.92,13467,-1,,-1,67,60,2963,,,62
5412,4,2025-06-25 00:00:00,Quantity bought 52.365 @9.55,13475,-1,,-1,67,60,2967,,,62
5413,4,2025-06-25 00:00:00,Quantity bought 35.374 @14.13,13474,-1,,-1,67,60,3007,,,62
5414,4,2025-06-25 00:00:00,"Quantity sold 1.028  @ 3,404.67",13470,-1,,-1,67,60,2962,,,62
5415,4,2025-06-25 00:00:00,"Quantity sold 0.147  @ 3,401.36",13471,-1,,-1,67,60,2962,,,62
5416,4,2025-06-25 00:00:00,Quantity sold 251.325  @ 13.93,13472,-1,,-1,67,60,2963,,,62
5417,4,2025-06-25 00:00:00,Quantity sold 35.904  @ 13.93,13473,-1,,-1,67,60,2963,,,62
5418,4,2025-06-26 00:00:00,Quantity bought 366.106 @9.56,13480,-1,,-1,67,60,2967,,,62
5419,4,2025-06-26 00:00:00,Quantity bought 52.301 @9.56,13481,-1,,-1,67,60,2967,,,62
5420,4,2025-06-26 00:00:00,Quantity bought 245.55 @14.25,13478,-1,,-1,67,60,3007,,,62
5421,4,2025-06-26 00:00:00,Quantity bought 35.079 @14.25,13479,-1,,-1,67,60,3007,,,62
5422,4,2025-06-26 00:00:00,"Quantity sold 0.147  @ 3,401.36",13476,-1,,-1,67,60,2962,,,62
5423,4,2025-06-26 00:00:00,Quantity sold 35.898  @ 13.93,13477,-1,,-1,67,60,2963,,,62
5424,4,2025-06-27 00:00:00,Quantity bought 52.146 @9.59,13612,-1,,-1,67,60,2967,,,62
5425,4,2025-06-27 00:00:00,Quantity bought 34.959 @14.30,13611,-1,,-1,67,60,3007,,,62
5426,4,2025-06-29 00:00:00,"Quantity sold 0.147  @ 3,401.36",13613,-1,,-1,67,60,2962,,,62
5427,4,2025-06-29 00:00:00,Quantity sold 35.883  @ 13.93,13614,-1,,-1,67,60,2963,,,62
5428,4,2025-06-30 00:00:00,Quantity bought 51.839 @9.65,13618,-1,,-1,67,60,2967,,,62
5429,4,2025-06-30 00:00:00,Quantity bought 35.002 @14.28,13617,-1,,-1,67,60,3007,,,62
5430,4,2025-06-30 00:00:00,"Quantity sold 0.147  @ 3,401.36",13615,-1,,-1,67,60,2962,,,62
5431,4,2025-06-30 00:00:00,Quantity sold 35.876  @ 13.94,13616,-1,,-1,67,60,2963,,,62
5432,4,2025-07-01 00:00:00,Quantity bought 52.127 @9.59,13622,-1,,-1,67,60,2967,,,62
5433,4,2025-07-01 00:00:00,Quantity bought 35.035 @14.27,13621,-1,,-1,67,60,3007,,,62
5434,4,2025-07-01 00:00:00,"Quantity sold 0.147  @ 3,401.36",13619,-1,,-1,67,60,2962,,,62
5435,4,2025-07-01 00:00:00,Quantity sold 35.868  @ 13.94,13620,-1,,-1,67,60,2963,,,62
5436,4,2025-07-02 00:00:00,Quantity bought 52.468 @9.53,13628,-1,,-1,67,60,2967,,,62
5437,4,2025-07-02 00:00:00,Quantity bought 34.954 @14.30,13627,-1,,-1,67,60,3007,,,62
5438,4,2025-07-02 00:00:00,"Quantity sold 1.027  @ 3,407.98",13623,-1,,-1,67,60,2962,,,62
5439,4,2025-07-02 00:00:00,"Quantity sold 0.147  @ 3,401.36",13624,-1,,-1,67,60,2962,,,62
5440,4,2025-07-02 00:00:00,Quantity sold 251.026  @ 13.94,13625,-1,,-1,67,60,2963,,,62
5441,4,2025-07-02 00:00:00,Quantity sold 35.861  @ 13.94,13626,-1,,-1,67,60,2963,,,62
5442,4,2025-07-03 00:00:00,Quantity bought 366.394 @9.55,13633,-1,,-1,67,60,2967,,,62
5443,4,2025-07-03 00:00:00,Quantity bought 52.342 @9.55,13634,-1,,-1,67,60,2967,,,62
5444,4,2025-07-03 00:00:00,Quantity bought 245.277 @14.27,13631,-1,,-1,67,60,3007,,,62
5445,4,2025-07-03 00:00:00,Quantity bought 35.04 @14.27,13632,-1,,-1,67,60,3007,,,62
5446,4,2025-07-03 00:00:00,"Quantity sold 0.147  @ 3,401.36",13629,-1,,-1,67,60,2962,,,62
5447,4,2025-07-03 00:00:00,Quantity sold 35.854  @ 13.95,13630,-1,,-1,67,60,2963,,,62
5448,4,2025-07-04 00:00:00,Quantity bought 52.323 @9.56,13636,-1,,-1,67,60,2967,,,62
5449,4,2025-07-04 00:00:00,Quantity bought 34.97 @14.30,13635,-1,,-1,67,60,3007,,,62
5450,4,2025-07-06 00:00:00,"Quantity sold 0.147  @ 3,401.36",13637,-1,,-1,67,60,2962,,,62
5451,4,2025-07-06 00:00:00,Quantity sold 35.838  @ 13.95,13638,-1,,-1,67,60,2963,,,62
5452,4,2025-07-07 00:00:00,Quantity bought 52.317 @9.56,13642,-1,,-1,67,60,2967,,,62
5453,4,2025-07-07 00:00:00,Quantity bought 34.962 @14.30,13641,-1,,-1,67,60,3007,,,62
5454,4,2025-07-07 00:00:00,"Quantity sold 0.147  @ 3,401.36",13639,-1,,-1,67,60,2962,,,62
5455,4,2025-07-07 00:00:00,Quantity sold 35.832  @ 13.95,13640,-1,,-1,67,60,2963,,,62
5456,4,2025-07-08 00:00:00,Quantity bought 52.538 @9.52,13646,-1,,-1,67,60,2967,,,62
5457,4,2025-07-08 00:00:00,Quantity bought 34.784 @14.37,13645,-1,,-1,67,60,3007,,,62
5458,4,2025-07-08 00:00:00,"Quantity sold 0.146  @ 3,424.66",13643,-1,,-1,67,60,2962,,,62
5459,4,2025-07-08 00:00:00,Quantity sold 35.827  @ 13.96,13644,-1,,-1,67,60,2963,,,62
5460,4,2025-07-09 00:00:00,Quantity bought 52.417 @9.54,13652,-1,,-1,67,60,2967,,,62
5461,4,2025-07-09 00:00:00,Quantity bought 34.705 @14.41,13651,-1,,-1,67,60,3007,,,62
5462,4,2025-07-09 00:00:00,"Quantity sold 1.025  @ 3,414.63",13647,-1,,-1,67,60,2962,,,62
5463,4,2025-07-09 00:00:00,"Quantity sold 0.146  @ 3,424.66",13648,-1,,-1,67,60,2962,,,62
5464,4,2025-07-09 00:00:00,Quantity sold 250.761  @ 13.96,13649,-1,,-1,67,60,2963,,,62
5465,4,2025-07-09 00:00:00,Quantity sold 35.823  @ 13.96,13650,-1,,-1,67,60,2963,,,62
5466,4,2025-07-10 00:00:00,Quantity bought 369.5 @9.47,13657,-1,,-1,67,60,2967,,,62
5467,4,2025-07-10 00:00:00,Quantity bought 52.786 @9.47,13658,-1,,-1,67,60,2967,,,62
5468,4,2025-07-10 00:00:00,Quantity bought 242.616 @14.43,13655,-1,,-1,67,60,3007,,,62
5469,4,2025-07-10 00:00:00,Quantity bought 34.66 @14.43,13656,-1,,-1,67,60,3007,,,62
5470,4,2025-07-10 00:00:00,"Quantity sold 0.146  @ 3,424.66",13653,-1,,-1,67,60,2962,,,62
5471,4,2025-07-10 00:00:00,Quantity sold 35.818  @ 13.96,13654,-1,,-1,67,60,2963,,,62
5472,4,2025-07-11 00:00:00,Quantity bought 53.379 @9.37,13660,-1,,-1,67,60,2967,,,62
5473,4,2025-07-11 00:00:00,Quantity bought 34.939 @14.31,13659,-1,,-1,67,60,3007,,,62
5474,4,2025-07-13 00:00:00,"Quantity sold 0.146  @ 3,424.66",13661,-1,,-1,67,60,2962,,,62
5475,4,2025-07-13 00:00:00,Quantity sold 35.803  @ 13.97,13662,-1,,-1,67,60,2963,,,62
5476,4,2025-07-14 00:00:00,Quantity bought 53.38 @9.37,13666,-1,,-1,67,60,2967,,,62
5477,4,2025-07-14 00:00:00,Quantity bought 34.997 @14.29,13665,-1,,-1,67,60,3007,,,62
5478,4,2025-07-14 00:00:00,"Quantity sold 0.146  @ 3,424.66",13663,-1,,-1,67,60,2962,,,62
5479,4,2025-07-14 00:00:00,Quantity sold 35.797  @ 13.97,13664,-1,,-1,67,60,2963,,,62
5480,4,2025-07-15 00:00:00,Quantity bought 52.981 @9.44,13670,-1,,-1,67,60,2967,,,62
5481,4,2025-07-15 00:00:00,Quantity bought 34.799 @14.37,13669,-1,,-1,67,60,3007,,,62
5482,4,2025-07-15 00:00:00,"Quantity sold 0.146  @ 3,424.66",13667,-1,,-1,67,60,2962,,,62
5483,4,2025-07-15 00:00:00,Quantity sold 35.792  @ 13.97,13668,-1,,-1,67,60,2963,,,62
5484,4,2025-07-16 00:00:00,Quantity bought 52.989 @9.44,13703,-1,,-1,67,60,2967,,,62
5485,4,2025-07-16 00:00:00,Quantity bought 34.73 @14.40,13702,-1,,-1,67,60,3007,,,62
5486,4,2025-07-16 00:00:00,"Quantity sold 0.146  @ 3,424.66",13698,-1,,-1,67,60,2962,,,62
5487,4,2025-07-16 00:00:00,"Quantity sold 1.024  @ 3,417.97",13699,-1,,-1,67,60,2962,,,62
5488,4,2025-07-16 00:00:00,Quantity sold 250.508  @ 13.97,13700,-1,,-1,67,60,2963,,,62
5489,4,2025-07-16 00:00:00,Quantity sold 35.787  @ 13.97,13701,-1,,-1,67,60,2963,,,62
5490,4,2025-07-17 00:00:00,Quantity bought 53.143 @9.41,13708,-1,,-1,67,60,2967,,,62
5491,4,2025-07-17 00:00:00,Quantity bought 371.998 @9.41,13709,-1,,-1,67,60,2967,,,62
5492,4,2025-07-17 00:00:00,Quantity bought 243.763 @14.36,13706,-1,,-1,67,60,3007,,,62
5493,4,2025-07-17 00:00:00,Quantity bought 34.824 @14.36,13707,-1,,-1,67,60,3007,,,62
5494,4,2025-07-17 00:00:00,"Quantity sold 0.146  @ 3,424.66",13704,-1,,-1,67,60,2962,,,62
5495,4,2025-07-17 00:00:00,Quantity sold 35.782  @ 13.97,13705,-1,,-1,67,60,2963,,,62
5496,4,2025-07-18 00:00:00,Quantity bought 53.525 @9.34,13752,-1,,-1,67,60,2967,,,62
5497,4,2025-07-18 00:00:00,Quantity bought 35.027 @14.27,13751,-1,,-1,67,60,3007,,,62
5498,4,2025-07-20 00:00:00,"Quantity sold 0.146  @ 3,424.66",13753,-1,,-1,67,60,2962,,,62
5499,4,2025-07-20 00:00:00,Quantity sold 35.766  @ 13.98,13754,-1,,-1,67,60,2963,,,62
5500,4,2025-07-21 00:00:00,Quantity bought 53.248 @9.39,13758,-1,,-1,67,60,2967,,,62
5501,4,2025-07-21 00:00:00,Quantity bought 34.828 @14.36,13757,-1,,-1,67,60,3007,,,62
5502,4,2025-07-21 00:00:00,"Quantity sold 0.146  @ 3,424.66",13755,-1,,-1,67,60,2962,,,62
5503,4,2025-07-21 00:00:00,Quantity sold 35.762  @ 13.98,13756,-1,,-1,67,60,2963,,,62
5504,4,2025-07-22 00:00:00,Quantity bought 53.409 @9.36,13760,-1,,-1,67,60,2967,,,62
5505,4,2025-07-22 00:00:00,Quantity bought 34.814 @14.36,13759,-1,,-1,67,60,3007,,,62
5506,4,2025-07-23 00:00:00,"Quantity sold 1.023  @ 3,421.31",13797,-1,,-1,67,60,2962,,,62
5507,4,2025-07-23 00:00:00,"Quantity sold 0.146  @ 3,424.66",13798,-1,,-1,67,60,2962,,,62
5508,4,2025-07-23 00:00:00,Quantity sold 250.257  @ 13.99,13799,-1,,-1,67,60,2963,,,62
5509,4,2025-07-23 00:00:00,Quantity sold 35.751  @ 13.99,13800,-1,,-1,67,60,2963,,,62
5510,4,2025-07-24 00:00:00,Quantity bought 380.102 @9.21,13805,-1,,-1,67,60,2967,,,62
5511,4,2025-07-24 00:00:00,Quantity bought 54.301 @9.21,13806,-1,,-1,67,60,2967,,,62
5512,4,2025-07-24 00:00:00,Quantity bought 243.855 @14.35,13803,-1,,-1,67,60,3007,,,62
5513,4,2025-07-24 00:00:00,Quantity bought 34.837 @14.35,13804,-1,,-1,67,60,3007,,,62
5514,4,2025-07-24 00:00:00,"Quantity sold 0.146  @ 3,424.66",13801,-1,,-1,67,60,2962,,,62
5515,4,2025-07-24 00:00:00,Quantity sold 35.746  @ 13.99,13802,-1,,-1,67,60,2963,,,62
5516,4,2025-07-25 00:00:00,Quantity bought 55.22 @9.05,13808,-1,,-1,67,60,2967,,,62
5517,4,2025-07-25 00:00:00,Quantity bought 35.253 @14.18,13807,-1,,-1,67,60,3007,,,62
5518,4,2025-07-27 00:00:00,"Quantity sold 0.146  @ 3,424.66",13809,-1,,-1,67,60,2962,,,62
5519,4,2025-07-27 00:00:00,Quantity sold 35.731  @ 13.99,13810,-1,,-1,67,60,2963,,,62
5520,4,2025-07-28 00:00:00,Quantity bought 55.817 @8.96,13814,-1,,-1,67,60,2967,,,62
5521,4,2025-07-28 00:00:00,Quantity bought 35.544 @14.07,13813,-1,,-1,67,60,3007,,,62
5522,4,2025-07-28 00:00:00,"Quantity sold 0.146  @ 3,424.66",13811,-1,,-1,67,60,2962,,,62
5523,4,2025-07-28 00:00:00,Quantity sold 35.726  @ 14.00,13812,-1,,-1,67,60,2963,,,62
5524,4,2025-07-29 00:00:00,Quantity bought 55.446 @9.02,13818,-1,,-1,67,60,2967,,,62
5525,4,2025-07-29 00:00:00,Quantity bought 35.326 @14.15,13817,-1,,-1,67,60,3007,,,62
5526,4,2025-07-29 00:00:00,"Quantity sold 0.146  @ 3,424.66",13815,-1,,-1,67,60,2962,,,62
5527,4,2025-07-29 00:00:00,Quantity sold 35.721  @ 14.00,13816,-1,,-1,67,60,2963,,,62
5528,4,2025-07-30 00:00:00,Quantity bought 55.199 @9.06,13868,-1,,-1,67,60,2967,,,62
5529,4,2025-07-30 00:00:00,Quantity bought 35.198 @14.21,13867,-1,,-1,67,60,3007,,,62
5530,4,2025-07-30 00:00:00,"Quantity sold 1.022  @ 3,424.66",13863,-1,,-1,67,60,2962,,,62
5531,4,2025-07-30 00:00:00,"Quantity sold 0.146  @ 3,424.66",13864,-1,,-1,67,60,2962,,,62
5532,4,2025-07-30 00:00:00,Quantity sold 250.021  @ 14.00,13865,-1,,-1,67,60,2963,,,62
5533,4,2025-07-30 00:00:00,Quantity sold 35.717  @ 14.00,13866,-1,,-1,67,60,2963,,,62
5534,4,2025-07-31 00:00:00,Quantity bought 387.874 @9.02,13875,-1,,-1,67,60,2967,,,62
5535,4,2025-07-31 00:00:00,Quantity bought 55.411 @9.02,13876,-1,,-1,67,60,2967,,,62
5536,4,2025-07-31 00:00:00,Quantity bought 247.883 @14.12,13873,-1,,-1,67,60,3007,,,62
5537,4,2025-07-31 00:00:00,Quantity bought 35.412 @14.12,13874,-1,,-1,67,60,3007,,,62
5538,4,2025-07-31 00:00:00,"Quantity sold 0.146  @ 3,424.66",13869,-1,,-1,67,60,2962,,,62
5539,4,2025-07-31 00:00:00,"Quantity sold 0.146  @ 3,424.66",13870,-1,,-1,67,60,2962,,,62
5540,4,2025-07-31 00:00:00,Quantity sold 35.711  @ 14.00,13871,-1,,-1,67,60,2963,,,62
5541,4,2025-07-31 00:00:00,Quantity sold 35.711  @ 14.00,13872,-1,,-1,67,60,2963,,,62
5542,4,2025-08-01 00:00:00,Quantity bought 55.869 @8.95,13879,-1,,-1,67,60,2967,,,62
5543,4,2025-08-01 00:00:00,Quantity bought 55.869 @8.95,13880,-1,,-1,67,60,2967,,,62
5544,4,2025-08-01 00:00:00,Quantity bought 35.755 @13.98,13877,-1,,-1,67,60,3007,,,62
5545,4,2025-08-01 00:00:00,Quantity bought 35.755 @13.98,13878,-1,,-1,67,60,3007,,,62
5546,4,2025-08-03 00:00:00,"Quantity sold 0.146  @ 3,424.66",13881,-1,,-1,67,60,2962,,,62
5547,4,2025-08-03 00:00:00,Quantity sold 35.696  @ 14.01,13882,-1,,-1,67,60,2963,,,62
5548,4,2025-08-04 00:00:00,Quantity bought 55.132 @9.07,13886,-1,,-1,67,60,2967,,,62
5549,4,2025-08-04 00:00:00,Quantity bought 35.604 @14.04,13885,-1,,-1,67,60,3007,,,62
5550,4,2025-08-04 00:00:00,"Quantity sold 0.146  @ 3,424.66",13883,-1,,-1,67,60,2962,,,62
5551,4,2025-08-04 00:00:00,Quantity sold 35.69  @ 14.01,13884,-1,,-1,67,60,2963,,,62
5552,4,2025-08-05 00:00:00,Quantity bought 55.202 @9.06,13890,-1,,-1,67,60,2967,,,62
5553,4,2025-08-05 00:00:00,Quantity bought 35.685 @14.01,13889,-1,,-1,67,60,3007,,,62
5554,4,2025-08-05 00:00:00,"Quantity sold 0.146  @ 3,424.66",13887,-1,,-1,67,60,2962,,,62
5555,4,2025-08-05 00:00:00,Quantity sold 35.685  @ 14.01,13888,-1,,-1,67,60,2963,,,62
5556,4,2025-08-06 00:00:00,Quantity bought 55.865 @8.95,13896,-1,,-1,67,60,2967,,,62
5557,4,2025-08-06 00:00:00,Quantity bought 35.848 @13.95,13895,-1,,-1,67,60,3007,,,62
5558,4,2025-08-06 00:00:00,"Quantity sold 0.146  @ 3,424.66",13891,-1,,-1,67,60,2962,,,62
5559,4,2025-08-06 00:00:00,"Quantity sold 1.021  @ 3,428.01",13892,-1,,-1,67,60,2962,,,62
5560,4,2025-08-06 00:00:00,Quantity sold 35.68  @ 14.01,13893,-1,,-1,67,60,2963,,,62
5561,4,2025-08-06 00:00:00,Quantity sold 249.763  @ 14.01,13894,-1,,-1,67,60,2963,,,62
5562,4,2025-08-07 00:00:00,Quantity bought 55.742 @8.97,13902,-1,,-1,67,60,2967,,,62
5563,4,2025-08-07 00:00:00,Quantity bought 390.188 @8.97,13903,-1,,-1,67,60,2967,,,62
5564,4,2025-08-07 00:00:00,Quantity bought 3563.893 @14.03,13899,-1,,-1,67,60,3005,,,62
5565,4,2025-08-07 00:00:00,Quantity bought 35.77 @13.98,13900,-1,,-1,67,60,3007,,,62
5566,4,2025-08-07 00:00:00,Quantity bought 250.387 @13.98,13901,-1,,-1,67,60,3007,,,62
5567,4,2025-08-07 00:00:00,"Quantity sold 0.146  @ 3,424.66",13897,-1,,-1,67,60,2962,,,62
5568,4,2025-08-07 00:00:00,Quantity sold 35.675  @ 14.02,13898,-1,,-1,67,60,2963,,,62
5569,4,2025-08-08 00:00:00,Quantity bought 56.673 @8.82,13905,-1,,-1,67,60,2967,,,62
5570,4,2025-08-08 00:00:00,Quantity bought 36.011 @13.88,13904,-1,,-1,67,60,3007,,,62
5571,4,2025-08-10 00:00:00,"Quantity sold 0.146  @ 3,424.66",13906,-1,,-1,67,60,2962,,,62
5572,4,2025-08-10 00:00:00,Quantity sold 35.659  @ 14.02,13907,-1,,-1,67,60,2963,,,62
5573,4,2025-08-11 00:00:00,Quantity bought 56.405 @8.86,13956,-1,,-1,67,60,2967,,,62
5574,4,2025-08-11 00:00:00,Quantity bought 35.742 @13.99,13955,-1,,-1,67,60,3007,,,62
5575,4,2025-08-11 00:00:00,"Quantity sold 0.146  @ 3,424.66",13953,-1,,-1,67,60,2962,,,62
5576,4,2025-08-11 00:00:00,Quantity sold 35.655  @ 14.02,13954,-1,,-1,67,60,2963,,,62
5577,4,2025-08-12 00:00:00,Quantity bought 56.828 @8.80,13960,-1,,-1,67,60,2967,,,62
5578,4,2025-08-12 00:00:00,Quantity bought 35.79 @13.97,13959,-1,,-1,67,60,3007,,,62
5579,4,2025-08-12 00:00:00,"Quantity sold 0.146  @ 3,424.66",13957,-1,,-1,67,60,2962,,,62
5580,4,2025-08-12 00:00:00,Quantity sold 35.649  @ 14.03,13958,-1,,-1,67,60,2963,,,62
5581,4,2025-08-13 00:00:00,Quantity bought 56.329 @8.88,13966,-1,,-1,67,60,2967,,,62
5582,4,2025-08-13 00:00:00,Quantity bought 35.647 @14.03,13965,-1,,-1,67,60,3007,,,62
5583,4,2025-08-13 00:00:00,"Quantity sold 0.146  @ 3,424.66",13961,-1,,-1,67,60,2962,,,62
5584,4,2025-08-13 00:00:00,"Quantity sold 1.02  @ 3,431.37",13962,-1,,-1,67,60,2962,,,62
5585,4,2025-08-13 00:00:00,Quantity sold 35.643  @ 14.03,13963,-1,,-1,67,60,2963,,,62
5586,4,2025-08-13 00:00:00,Quantity sold 249.503  @ 14.03,13964,-1,,-1,67,60,2963,,,62
5587,4,2025-08-14 00:00:00,Quantity bought 56.326 @8.88,13969,-1,,-1,67,60,2967,,,62
5588,4,2025-08-14 00:00:00,Quantity bought 394.28 @8.88,13970,-1,,-1,67,60,2967,,,62
5589,4,2025-08-14 00:00:00,Quantity bought 35.655 @14.02,13967,-1,,-1,67,60,3007,,,62
5590,4,2025-08-14 00:00:00,Quantity bought 249.583 @14.02,13968,-1,,-1,67,60,3007,,,62
5591,4,2025-08-17 00:00:00,"Quantity sold 0.146  @ 3,424.66",13971,-1,,-1,67,60,2962,,,62
5592,4,2025-08-17 00:00:00,Quantity sold 35.622  @ 14.04,13972,-1,,-1,67,60,2963,,,62
5593,4,2025-08-18 00:00:00,Quantity bought 55.77 @8.97,13976,-1,,-1,67,60,2967,,,62
5594,4,2025-08-18 00:00:00,Quantity bought 35.316 @14.16,13975,-1,,-1,67,60,3007,,,62
5595,4,2025-08-18 00:00:00,"Quantity sold 0.146  @ 3,424.66",13973,-1,,-1,67,60,2962,,,62
5596,4,2025-08-18 00:00:00,Quantity sold 35.616  @ 14.04,13974,-1,,-1,67,60,2963,,,62
5597,4,2025-08-19 00:00:00,Quantity bought 55.606 @8.99,13980,-1,,-1,67,60,2967,,,62
5598,4,2025-08-19 00:00:00,Quantity bought 35.118 @14.24,13979,-1,,-1,67,60,3007,,,62
5599,4,2025-08-19 00:00:00,"Quantity sold 0.146  @ 3,424.66",13977,-1,,-1,67,60,2962,,,62
5600,4,2025-08-19 00:00:00,Quantity sold 35.611  @ 14.04,13978,-1,,-1,67,60,2963,,,62
5601,4,2025-08-20 00:00:00,Quantity bought 55.249 @9.05,13985,-1,,-1,67,60,2967,,,62
5602,4,2025-08-20 00:00:00,Quantity bought 35.037 @14.27,13984,-1,,-1,67,60,3007,,,62
5603,4,2025-08-20 00:00:00,"Quantity sold 0.146  @ 3,424.66",13981,-1,,-1,67,60,2962,,,62
5604,4,2025-08-20 00:00:00,Quantity sold 35.605  @ 14.04,13982,-1,,-1,67,60,2963,,,62
5605,4,2025-08-20 00:00:00,Quantity sold 103.933  @ 14.04,13983,-1,,-1,67,60,2963,,,62
5606,4,2025-08-21 00:00:00,Quantity bought 55.529 @9.00,13989,-1,,-1,67,60,2967,,,62
5607,4,2025-08-21 00:00:00,Quantity bought 102.009 @14.31,13987,-1,,-1,67,60,3007,,,62
5608,4,2025-08-21 00:00:00,Quantity bought 34.946 @14.31,13988,-1,,-1,67,60,3007,,,62
5609,4,2025-08-21 00:00:00,"Quantity sold 0.146  @ 3,424.66",13986,-1,,-1,67,60,2962,,,62
5610,4,2025-08-22 00:00:00,Quantity bought 55.636 @8.99,13990,-1,,-1,67,60,2967,,,62
5611,4,2025-08-24 00:00:00,"Quantity sold 0.145  @ 3,448.28",13991,-1,,-1,67,60,2962,,,62
5612,4,2025-08-25 00:00:00,Quantity bought 55.494 @9.01,13993,-1,,-1,67,60,2967,,,62
5613,4,2025-08-25 00:00:00,"Quantity sold 0.145  @ 3,448.28",13992,-1,,-1,67,60,2962,,,62
5614,4,2025-08-26 00:00:00,Quantity bought 56.126 @8.91,13994,-1,,-1,67,60,2967,,,62
5615,4,2025-09-18 00:00:00,"Quantity sold 0.059  @ 3,450.85",14154,-1,,-1,67,60,2962,,,62
5616,4,2025-09-19 00:00:00,Quantity bought 21.768 @9.35,14155,-1,,-1,67,60,2967,,,62
5617,4,2025-09-29 00:00:00,"Quantity sold 0.262  @ 3,816.79",14200,-1,,-1,67,60,3004,,,62
5618,4,2025-09-30 00:00:00,Quantity bought 67.51 @14.81,14207,-1,,-1,67,60,3050,,,62
5619,4,2025-09-30 00:00:00,"Quantity sold 0.261  @ 3,831.42",14206,-1,,-1,67,60,3004,,,62
5620,4,2025-10-01 00:00:00,Quantity bought 66.95 @14.94,14208,-1,,-1,67,60,3050,,,62
5621,4,2025-10-02 00:00:00,"Quantity sold 0.261  @ 3,831.42",14209,-1,,-1,67,60,3004,,,62
5622,4,2025-10-03 00:00:00,Quantity bought 66.655 @15.00,14210,-1,,-1,67,60,3050,,,62
5623,4,2025-10-05 00:00:00,"Quantity sold 0.261  @ 3,831.42",14211,-1,,-1,67,60,3004,,,62
5624,4,2025-10-06 00:00:00,Quantity bought 66.242 @15.10,14213,-1,,-1,67,60,3050,,,62
5625,4,2025-10-06 00:00:00,"Quantity sold 0.261  @ 3,831.42",14212,-1,,-1,67,60,3004,,,62
5626,4,2025-10-07 00:00:00,Quantity bought 66.21 @15.10,14285,-1,,-1,67,60,3050,,,62
5627,4,2025-10-07 00:00:00,"Quantity sold 0.261  @ 3,831.42",14214,-1,,-1,67,60,3004,,,62
5628,4,2025-10-08 00:00:00,Quantity bought 66.001 @15.15,14287,-1,,-1,67,60,3050,,,62
5629,4,2025-10-08 00:00:00,"Quantity sold 0.261  @ 3,831.42",14286,-1,,-1,67,60,3004,,,62
5630,4,2025-10-09 00:00:00,Quantity bought 65.775 @15.20,14289,-1,,-1,67,60,3050,,,62
5631,4,2025-10-09 00:00:00,"Quantity sold 0.261  @ 3,831.42",14288,-1,,-1,67,60,3004,,,62
5632,4,2025-10-10 00:00:00,Quantity bought 66.117 @15.12,14290,-1,,-1,67,60,3050,,,62
5633,4,2025-10-12 00:00:00,"Quantity sold 0.261  @ 3,831.42",14291,-1,,-1,67,60,3004,,,62
5634,4,2025-10-13 00:00:00,Quantity bought 65.664 @15.23,14293,-1,,-1,67,60,3050,,,62
5635,4,2025-10-13 00:00:00,"Quantity sold 0.261  @ 3,831.42",14292,-1,,-1,67,60,3004,,,62
5636,4,2025-10-14 00:00:00,Quantity bought 65.676 @15.23,14295,-1,,-1,67,60,3050,,,62
5637,4,2025-10-14 00:00:00,"Quantity sold 0.261  @ 3,831.42",14294,-1,,-1,67,60,3004,,,62
5638,4,2025-10-15 00:00:00,Quantity bought 65.426 @15.28,14297,-1,,-1,67,60,3050,,,62
5639,4,2025-10-15 00:00:00,"Quantity sold 0.261  @ 3,831.42",14296,-1,,-1,67,60,3004,,,62
5640,4,2025-10-16 00:00:00,Quantity bought 65.357 @15.30,14299,-1,,-1,67,60,3050,,,62
5641,4,2025-10-16 00:00:00,"Quantity sold 0.261  @ 3,831.42",14298,-1,,-1,67,60,3004,,,62
5642,4,2025-10-17 00:00:00,Quantity bought 65.204 @15.34,14300,-1,,-1,67,60,3050,,,62
5643,4,2025-10-19 00:00:00,"Quantity sold 0.261  @ 3,831.42",14301,-1,,-1,67,60,3004,,,62
5644,4,2025-10-20 00:00:00,Quantity bought 65.297 @15.31,14302,-1,,-1,67,60,3050,,,62
5645,4,2025-10-22 00:00:00,"Quantity sold 0.261  @ 3,831.42",14303,-1,,-1,67,60,3004,,,62
5646,4,2025-10-23 00:00:00,Quantity bought 65.602 @15.24,14305,-1,,-1,67,60,3050,,,62
5647,4,2025-10-23 00:00:00,"Quantity sold 0.26  @ 3,846.15",14304,-1,,-1,67,60,3004,,,62
5648,4,2025-10-24 00:00:00,Quantity bought 65.63 @15.24,14306,-1,,-1,67,60,3050,,,62
5649,4,2025-10-26 00:00:00,"Quantity sold 0.26  @ 3,846.15",14307,-1,,-1,67,60,3004,,,62
5650,4,2025-10-27 00:00:00,Quantity bought 65.12 @15.36,14309,-1,,-1,67,60,3050,,,62
5651,4,2025-10-27 00:00:00,"Quantity sold 0.26  @ 3,846.15",14308,-1,,-1,67,60,3004,,,62
5652,4,2025-10-28 00:00:00,Quantity bought 65.572 @15.25,14311,-1,,-1,67,60,3050,,,62
5653,4,2025-10-28 00:00:00,"Quantity sold 0.26  @ 3,846.15",14310,-1,,-1,67,60,3004,,,62
5654,4,2025-10-29 00:00:00,Quantity bought 64.888 @15.41,14313,-1,,-1,67,60,3050,,,62
5655,4,2025-10-29 00:00:00,"Quantity sold 0.26  @ 3,846.15",14312,-1,,-1,67,60,3004,,,62
5656,4,2025-10-30 00:00:00,Quantity bought 65.179 @15.34,14315,-1,,-1,67,60,3050,,,62
5657,4,2025-10-30 00:00:00,"Quantity sold 0.26  @ 3,846.15",14314,-1,,-1,67,60,3004,,,62
5658,4,2025-10-31 00:00:00,Quantity bought 65.261 @15.32,14316,-1,,-1,67,60,3050,,,62
5659,4,2025-11-02 00:00:00,"Quantity sold 0.26  @ 3,846.15",14317,-1,,-1,67,60,3004,,,62
5660,4,2025-11-03 00:00:00,Quantity bought 64.931 @15.40,14319,-1,,-1,67,60,3050,,,62
5661,4,2025-11-03 00:00:00,"Quantity sold 0.26  @ 3,846.15",14318,-1,,-1,67,60,3004,,,62
5662,4,2025-11-04 00:00:00,Quantity bought 65.396 @15.29,14320,-1,,-1,67,60,3050,,,62
5663,4,2025-11-05 00:00:00,"Quantity sold 0.26  @ 3,846.15",14321,-1,,-1,67,60,3004,,,62
5664,4,2025-11-06 00:00:00,Quantity bought 65.557 @15.25,14323,-1,,-1,67,60,3050,,,62
5665,4,2025-11-06 00:00:00,"Quantity sold 0.26  @ 3,846.15",14322,-1,,-1,67,60,3004,,,62
5666,4,2025-11-07 00:00:00,Quantity bought 65.562 @15.25,14324,-1,,-1,67,60,3050,,,62
5667,4,2025-11-09 00:00:00,"Quantity sold 0.26  @ 3,846.15",14325,-1,,-1,67,60,3004,,,62
5668,4,2025-11-10 00:00:00,Quantity bought 65.126 @15.35,14327,-1,,-1,67,60,3050,,,62
5669,4,2025-11-10 00:00:00,"Quantity sold 0.26  @ 3,846.15",14326,-1,,-1,67,60,3004,,,62
5670,4,2025-11-11 00:00:00,Quantity bought 64.74 @15.45,14329,-1,,-1,67,60,3050,,,62
5671,4,2025-11-11 00:00:00,"Quantity sold 0.26  @ 3,846.15",14328,-1,,-1,67,60,3004,,,62
5672,4,2025-11-12 00:00:00,Quantity bought 64.505 @15.50,14331,-1,,-1,67,60,3050,,,62
5673,4,2025-11-12 00:00:00,"Quantity sold 0.26  @ 3,846.15",14330,-1,,-1,67,60,3004,,,62
5674,4,2025-11-13 00:00:00,Quantity bought 64.271 @15.56,14333,-1,,-1,67,60,3050,,,62
5675,4,2025-11-13 00:00:00,"Quantity sold 0.26  @ 3,846.15",14332,-1,,-1,67,60,3004,,,62
5676,4,2025-11-14 00:00:00,Quantity bought 64.64 @15.47,14334,-1,,-1,67,60,3050,,,62
5677,4,2025-11-16 00:00:00,"Quantity sold 0.259  @ 3,861.00",14335,-1,,-1,67,60,3004,,,62
5678,4,2025-11-17 00:00:00,Quantity bought 64.654 @15.47,14337,-1,,-1,67,60,3050,,,62
5679,4,2025-11-17 00:00:00,"Quantity sold 0.259  @ 3,861.00",14336,-1,,-1,67,60,3004,,,62
5680,4,2025-11-18 00:00:00,Quantity bought 65.052 @15.37,14339,-1,,-1,67,60,3050,,,62
5681,4,2025-11-18 00:00:00,"Quantity sold 0.259  @ 3,861.00",14338,-1,,-1,67,60,3004,,,62
5682,4,2025-11-19 00:00:00,Quantity bought 64.664 @15.46,14341,-1,,-1,67,60,3050,,,62
5683,4,2025-11-19 00:00:00,"Quantity sold 0.259  @ 3,861.00",14340,-1,,-1,67,60,3004,,,62
5684,4,2025-11-20 00:00:00,Quantity bought 64.762 @15.44,14343,-1,,-1,67,60,3050,,,62
5685,4,2025-11-20 00:00:00,"Quantity sold 0.259  @ 3,861.00",14342,-1,,-1,67,60,3004,,,62
5686,4,2025-11-21 00:00:00,Quantity bought 65.165 @15.35,14344,-1,,-1,67,60,3050,,,62
5687,4,2025-11-23 00:00:00,"Quantity sold 0.259  @ 3,861.00",14345,-1,,-1,67,60,3004,,,62
5688,4,2025-11-24 00:00:00,Quantity bought 65.179 @15.34,14347,-1,,-1,67,60,3050,,,62
5689,4,2025-11-24 00:00:00,"Quantity sold 0.259  @ 3,861.00",14346,-1,,-1,67,60,3004,,,62
5690,4,2025-11-25 00:00:00,Quantity bought 64.944 @15.40,14349,-1,,-1,67,60,3050,,,62
5691,4,2025-11-25 00:00:00,"Quantity sold 0.259  @ 3,861.00",14348,-1,,-1,67,60,3004,,,62
5692,4,2025-11-26 00:00:00,Quantity bought 64.459 @15.51,14351,-1,,-1,67,60,3050,,,62
5693,4,2025-11-26 00:00:00,"Quantity sold 0.259  @ 3,861.00",14350,-1,,-1,67,60,3004,,,62
5694,4,2025-11-27 00:00:00,"Quantity sold 0.259  @ 3,861.00",14352,-1,,-1,67,60,3004,,,62
5695,4,2025-11-28 00:00:00,Quantity bought 64.317 @15.55,14353,-1,,-1,67,60,3050,,,62
5696,4,2025-11-28 00:00:00,Quantity bought 64.317 @15.55,14354,-1,,-1,67,60,3050,,,62
5697,4,2025-11-30 00:00:00,"Quantity sold 0.259  @ 3,861.00",14355,-1,,-1,67,60,3004,,,62
5698,4,2025-12-01 00:00:00,Quantity bought 64.02 @15.62,14357,-1,,-1,67,60,3050,,,62
5699,4,2025-12-01 00:00:00,"Quantity sold 0.259  @ 3,861.00",14356,-1,,-1,67,60,3004,,,62
5700,4,2025-12-02 00:00:00,Quantity bought 64.043 @15.61,14359,-1,,-1,67,60,3050,,,62
5701,4,2025-12-02 00:00:00,"Quantity sold 0.259  @ 3,861.00",14358,-1,,-1,67,60,3004,,,62
5702,4,2025-12-03 00:00:00,Quantity bought 64.006 @15.62,14361,-1,,-1,67,60,3050,,,62
5703,4,2025-12-03 00:00:00,"Quantity sold 0.259  @ 3,861.00",14360,-1,,-1,67,60,3004,,,62
5704,4,2025-12-04 00:00:00,Quantity bought 64.004 @15.62,14363,-1,,-1,67,60,3050,,,62
5705,4,2025-12-04 00:00:00,"Quantity sold 0.259  @ 3,861.00",14362,-1,,-1,67,60,3004,,,62
5706,4,2025-12-05 00:00:00,Quantity bought 63.695 @15.70,14364,-1,,-1,67,60,3050,,,62
5707,4,2025-12-07 00:00:00,"Quantity sold 0.259  @ 3,861.00",14365,-1,,-1,67,60,3004,,,62
5708,4,2025-12-08 00:00:00,Quantity bought 64.046 @15.61,14367,-1,,-1,67,60,3050,,,62
5709,4,2025-12-08 00:00:00,"Quantity sold 0.259  @ 3,861.00",14366,-1,,-1,67,60,3004,,,62
5710,4,2025-12-09 00:00:00,Quantity bought 64.245 @15.57,14369,-1,,-1,67,60,3050,,,62
5711,4,2025-12-09 00:00:00,"Quantity sold 0.259  @ 3,861.00",14368,-1,,-1,67,60,3004,,,62
5712,4,2025-12-10 00:00:00,Quantity bought 64.157 @15.59,14371,-1,,-1,67,60,3050,,,62
5713,4,2025-12-10 00:00:00,"Quantity sold 0.258  @ 3,875.97",14370,-1,,-1,67,60,3004,,,62
5714,4,2025-12-11 00:00:00,Quantity bought 63.851 @15.66,14383,-1,,-1,67,60,3050,,,62
5715,4,2025-12-11 00:00:00,"Quantity sold 0.258  @ 3,875.97",14382,-1,,-1,67,60,3004,,,62
5716,4,2025-12-12 00:00:00,Quantity bought 63.353 @15.78,14384,-1,,-1,67,60,3050,,,62
5717,4,2025-12-14 00:00:00,"Quantity sold 0.258  @ 3,875.97",14385,-1,,-1,67,60,3004,,,62
5718,4,2025-12-15 00:00:00,Quantity bought 63.33 @15.79,14393,-1,,-1,67,60,3050,,,62
5719,4,2025-12-15 00:00:00,"Quantity sold 0.125  @ 3,871.52",14391,-1,,-1,67,60,3004,,,62
5720,4,2025-12-16 00:00:00,Quantity bought 30.829 @15.70,14396,-1,,-1,67,60,3050,,,62
5721,4,2025-12-16 00:00:00,Quantity bought 1935.772 @25.83,14394,-1,,-1,67,60,3061,,,62
5722,4,2025-12-23 00:00:00,Quantity bought 3556.288 @28.12,14412,-1,,-1,67,60,3061,,,62
5723,4,2026-03-02 00:00:00,Quantity bought 4060.923 @8.62,14633,-1,,-1,67,60,2967,,,62
5724,4,2026-03-02 00:00:00,Quantity bought 2000.563 @17.50,14631,-1,,-1,67,60,3093,,,62
5725,4,2026-03-02 00:00:00,Quantity bought 3817.436 @9.17,14632,-1,,-1,67,60,3094,,,62
5726,4,2026-03-04 00:00:00,Quantity bought 3705.087 @9.45,14634,-1,,-1,67,60,3095,,,62
5727,4,2026-05-11 00:00:00,Quantity bought 9483.844 @26.36,15749,-1,,-1,67,60,3133,,,62
5728,4,2019-04-08 00:00:00,Part Payment,5798,-1,,-1,2,50,1115,,,29
5729,4,2019-04-18 00:00:00,Part Payment,5800,-1,,-1,2,50,1119,,,29
5730,4,2019-06-02 00:00:00,Investment for PPF UPS - ,5841,11,,-1,2,120,1389,,,29
5731,4,2019-07-15 00:00:00,"Quantity sold 190  @ 1,704.62",5795,-1,,-1,2,40,1011,,,29
5732,4,2019-11-01 00:00:00,"Aditya Birla Real Estate 255 shares/units demerged to Aditya Birla Real Estate 255 shares/units, UltraTech Cement 31 shares/units,",5894,-1,,-1,2,50,303,,,29
5733,4,2020-03-23 00:00:00,Investment for UPS HDFC FD 1 - 9TH MAY 2020 - ,6047,15,,-1,2,95,1432,,,29
5734,4,2020-03-23 00:00:00,Investment for UPS HDFC FD 1 - 22ND MAY 2020 - ,6048,16,,-1,2,95,1433,,,29
5735,4,2020-03-23 00:00:00,Investment for UPS HDFC FD 3 - 6TH JUNE 2020 - ,6055,22,,-1,2,95,1439,,,29
5736,4,2020-03-23 00:00:00,Investment for UPS HDFC FD 4 - 21ST JUNE 2020 - ,6056,23,,-1,2,95,1440,,,29
5737,4,2020-03-24 00:00:00,Investment for UPS SBI FD 1 - 11TH MAY 2020 - ,6070,28,,-1,2,95,1447,,,29
5738,4,2020-03-24 00:00:00,Investment for UPS SBI FD 2 - 23RD MAY 2020 - ,6071,29,,-1,2,95,1448,,,29
5739,4,2020-03-24 00:00:00,Investment for UPS SBI FD 3 - 11TH MAY 2020 - ,6072,30,,-1,2,95,1449,,,29
5740,4,2020-03-24 00:00:00,Investment for UPS HDFC FD 5 - 17 JULY 2020 - ,6073,31,,-1,2,95,1452,,,29
5741,4,2020-03-25 00:00:00,Investment for UPS SBI FD 5 - 26TH jUNE  2020 - ,6112,46,,-1,2,95,1471,,,29
5742,4,2020-03-26 00:00:00,Investment for UPS SBI FD 4 - 26th June 2020 - ,6111,45,,-1,2,95,1470,,,29
5743,4,2020-03-31 00:00:00,Interest (Cumulative) : ,6177,-1,,-1,2,120,1389,,,29
5744,4,2020-04-08 00:00:00,Investment for UPS HDFC FD 7 - 13TH OCT 2020 - ,6183,51,,-1,2,95,1483,,,29
5745,4,2020-04-08 00:00:00,Investment for UPS HDFC FD 6 - 13TH OCT 2020 - ,6184,52,,-1,2,95,1484,,,29
5746,4,2020-04-08 00:00:00,Investment for UPS HDFC FD 8 - 13TH OCT 2020 - ,6185,53,,-1,2,95,1485,,,29
5747,4,2020-05-01 00:00:00,Investment for PPF UPS -  for fy 20-21,6234,11,,-1,2,120,1389,,,29
5748,4,2020-05-09 00:00:00,Withdrawal from UPS HDFC FD 1 - 9TH MAY 2020,6665,-1,,-1,2,95,1432,,,29
5749,4,2020-05-11 00:00:00,Withdrawal from UPS SBI FD 1 - 11TH MAY 2020,6669,-1,,-1,2,95,1447,,,29
5750,4,2020-05-11 00:00:00,Withdrawal from UPS SBI FD 3 - 11TH MAY 2020,6671,-1,,-1,2,95,1449,,,29
5751,4,2020-05-22 00:00:00,Withdrawal from UPS HDFC FD 1 - 22ND MAY 2020,6664,-1,,-1,2,95,1433,,,29
5752,4,2020-05-23 00:00:00,Withdrawal from UPS SBI FD 2 - 23RD MAY 2020,6670,-1,,-1,2,95,1448,,,29
5753,4,2020-05-25 00:00:00,Buy Off-Market/Op. Bal,6314,-1,,-1,2,40,1507,,,29
5754,4,2020-06-06 00:00:00,Withdrawal from UPS HDFC FD 3 - 6TH JUNE 2020,6666,-1,,-1,2,95,1439,,,29
5755,4,2020-06-21 00:00:00,Withdrawal from UPS HDFC FD 4 - 21ST JUNE 2020,6667,-1,,-1,2,95,1440,,,29
5756,4,2020-06-26 00:00:00,Withdrawal from UPS SBI FD 4 - 26th June 2020,6673,-1,,-1,2,95,1470,,,29
5757,4,2020-06-26 00:00:00,Withdrawal from UPS SBI FD 5 - 26TH jUNE  2020,6672,-1,,-1,2,95,1471,,,29
5758,4,2020-07-17 00:00:00,Withdrawal from UPS HDFC FD 5 - 17 JULY 2020,6668,-1,,-1,2,95,1452,,,29
5759,4,2020-10-05 00:00:00,Quantity bought 10528.865 @37.99,6925,-1,,-1,2,60,1649,,,29
5760,4,2020-10-13 00:00:00,Quantity bought 10448.908 @38.28,6926,-1,,-1,2,60,1649,,,29
5761,4,2020-10-13 00:00:00,Withdrawal from UPS HDFC FD 7 - 13TH OCT 2020,6580,-1,,-1,2,95,1483,,,29
5762,4,2020-10-13 00:00:00,Withdrawal from UPS HDFC FD 6 - 13TH OCT 2020,6577,-1,,-1,2,95,1484,,,29
5763,4,2020-10-13 00:00:00,Withdrawal from UPS HDFC FD 8 - 13TH OCT 2020,6578,-1,,-1,2,95,1485,,,29
5764,4,2020-11-13 00:00:00,Quantity bought 3887.311 @64.31,6927,-1,,-1,2,60,1650,,,29
5765,4,2020-12-04 00:00:00,Quantity bought 6904.291 @65.18,6928,-1,,-1,2,60,1650,,,29
5766,4,2021-01-06 00:00:00,Quantity bought 4565.565 @65.71,6929,-1,,-1,2,60,1650,,,29
5767,4,2021-03-16 00:00:00,Quantity sold 6245.219  @ 64.05,6930,-1,,-1,2,60,1650,,,29
5768,4,2021-03-31 00:00:00,Interest (Cumulative) : ,6835,-1,,-1,2,120,1389,,,29
5769,4,2021-04-01 00:00:00,Investment for PPF UPS -  INV FOR FY 21-22,6841,11,,-1,2,120,1389,,,29
5770,4,2021-05-04 00:00:00,Quantity sold 9111.948  @ 65.14,6980,-1,,-1,2,60,1650,,,29
5771,4,2021-05-24 00:00:00,Quantity bought 70.044 @35.69,7024,-1,,-1,2,60,1684,,,29
5772,4,2021-06-01 00:00:00,Quantity bought 26.976 @92.68,7028,-1,,-1,2,60,1686,,,29
5773,4,2021-06-23 00:00:00,Quantity bought 62.843 @39.78,7139,-1,,-1,2,60,1684,,,29
5774,4,2021-06-24 00:00:00,ICICI Prudential Value Fund - Series 19 - Direct Plan - Cumulative Option merged into ICICI Prudential Value Fund - Direct Plan - Growth,7851,-1,,-1,2,60,1648,,,29
5775,4,2021-07-01 00:00:00,Quantity bought 26.197 @95.43,7095,-1,,-1,2,60,1686,,,29
5776,4,2021-07-26 00:00:00,Quantity bought 60.618 @41.24,7146,-1,,-1,2,60,1684,,,29
5777,4,2021-08-02 00:00:00,Quantity bought 24.951 @100.20,7175,-1,,-1,2,60,1686,,,29
5778,4,2021-08-06 00:00:00,IPO/Rights,7170,-1,,-1,2,50,1748,,,29
5779,4,2021-08-23 00:00:00,Quantity bought 59.323 @42.14,7182,-1,,-1,2,60,1684,,,29
5780,4,2021-08-27 00:00:00,Quantity sold 1300.383  @ 240.81,7181,-1,,-1,2,60,1721,,,29
5781,4,2021-09-01 00:00:00,Quantity bought 23.803 @105.03,7191,-1,,-1,2,60,1686,,,29
5782,4,2021-09-23 00:00:00,Quantity bought 58.89 @42.45,7229,-1,,-1,2,60,1684,,,29
5783,4,2021-09-23 00:00:00,Quantity bought 18.829 @53.11,7533,-1,,-1,2,60,1835,,,29
5784,4,2021-10-01 00:00:00,Quantity bought 23.349 @107.07,7394,-1,,-1,2,60,1686,,,29
5785,4,2021-10-01 00:00:00,Interest (Payout) from National Highways Authority of India NCD NE 7.69% 09/03/2031 (ISIN INE906B07EP5) (),7230,-1,,-1,2,40,1512,,,29
5786,4,2021-10-04 00:00:00,Interest (Payout) from Rural Electrification Corporation BONDS 8.12% 27/03/2027 (ISIN INE020B07GH7) (),7228,-1,,-1,2,40,1503,,,29
5787,4,2021-10-16 00:00:00,Interest (Payout) from National Highways Authority of India NCD NE 7.69% 09/03/2031 (ISIN INE906B07EP5) ( rksv),7378,-1,,-1,2,40,1512,,,29
5788,4,2021-10-16 00:00:00,Interest (Payout) from Indian Railway Finance Corporation NCD NJ 7.53% 21/12/2030 (ISIN INE053F07835) (),7379,-1,,-1,2,40,1547,,,29
5789,4,2021-10-21 00:00:00,Interest (Payout) from National Highways Authority of India NCD NE 7.69% 09/03/2031 (ISIN INE906B07EP5) ( rk gloabl),7380,-1,,-1,2,40,1512,,,29
5790,4,2021-10-25 00:00:00,Quantity bought 57.376 @43.57,7393,-1,,-1,2,60,1684,,,29
5791,4,2021-11-01 00:00:00,Quantity bought 22.907 @109.14,7401,-1,,-1,2,60,1686,,,29
5792,4,2021-11-23 00:00:00,Quantity bought 57.535 @43.45,7410,-1,,-1,2,60,1684,,,29
5793,4,2021-12-01 00:00:00,Quantity bought 23.594 @105.96,7438,-1,,-1,2,60,1686,,,29
5794,4,2021-12-10 00:00:00,Investment for Bajaj Finserv UPS FD 1 - ,7474,71,,-1,2,95,1825,,,29
5795,4,2021-12-15 00:00:00,Interest (Payout) from Housing & Urban Development Corporation NCD 7.69% 15/03/2031 (ISIN INE031A07AT4) (),7455,-1,,-1,2,40,1523,,,29
5796,4,2021-12-24 00:00:00,Quantity bought 60.064 @41.62,7467,-1,,-1,2,60,1684,,,29
5797,4,2022-01-07 00:00:00,Interest (Payout) from Housing & Urban Development Corporation NCD 9.01% 13/01/2034 (ISIN INE031A07AB2) (),7526,-1,,-1,2,40,1575,,,29
5798,4,2022-01-17 00:00:00,Quantity bought 18.249 @54.80,7492,-1,,-1,2,60,1829,,,29
5799,4,2022-01-24 00:00:00,Quantity bought 72.968 @34.26,7514,-1,,-1,2,60,1684,,,29
5800,4,2022-01-25 00:00:00,Quantity bought 20.75 @48.19,7522,-1,,-1,2,60,1831,,,29
5801,4,2022-02-01 00:00:00,Quantity bought 23.013 @108.63,7512,-1,,-1,2,60,1686,,,29
5802,4,2022-02-08 00:00:00,Interest (Payout) from Housing & Urban Development Corporation NCD 7.64% 08/02/2031 (ISIN INE031A07AO5) (),7525,-1,,-1,2,40,1528,,,29
5803,4,2022-02-09 00:00:00,Quantity bought 95.025 @52.62,7531,-1,,-1,2,60,1829,,,29
5804,4,2022-02-24 00:00:00,Quantity bought 76.426 @32.71,7529,-1,,-1,2,60,1684,,,29
5805,4,2022-03-02 00:00:00,Quantity bought 24.979 @100.08,7554,-1,,-1,2,60,1686,,,29
5806,4,2022-03-09 00:00:00,Quantity bought 102.792 @48.64,7558,-1,,-1,2,60,1829,,,29
5807,4,2022-03-21 00:00:00,Quantity bought 22.57 @44.31,7647,-1,,-1,2,60,1831,,,29
5808,4,2022-03-23 00:00:00,Interest (Payout) from National Bank for Agriculture & Rural Development NCD 7.64% 23/03/2031 (ISIN INE261F07032) (),7657,-1,,-1,2,40,1488,,,29
5809,4,2022-03-23 00:00:00,Interest (Payout) from National Bank for Agriculture & Rural Development NCD 7.64% 23/03/2031 (ISIN INE261F07032) (),7658,-1,,-1,2,40,1488,,,29
5810,4,2022-03-25 00:00:00,Quantity bought 72.46 @34.50,7660,-1,,-1,2,60,1684,,,29
5811,4,2022-03-25 00:00:00,Interest (Payout) from NTPC NCD N7 8.49% 25/03/2025 (ISIN INE733E07JP6) (),7655,-1,,-1,2,40,1424,,,29
5812,4,2022-03-29 00:00:00,Quantity bought 47.172 @42.40,7671,-1,,-1,2,60,1872,,,29
5813,4,2022-03-31 00:00:00,Interest (Cumulative) : ,7689,-1,,-1,2,120,1389,,,29
5814,4,2022-04-02 00:00:00,Investment for PPF UPS - ,7695,11,,-1,2,120,1389,,,29
5815,4,2022-04-04 00:00:00,Quantity bought 233.111 @42.90,7749,-1,,-1,2,60,1872,,,29
5816,4,2022-04-06 00:00:00,Quantity bought 47.044 @42.51,7751,-1,,-1,2,60,1872,,,29
5817,4,2022-04-11 00:00:00,Quantity bought 93.484 @53.49,7729,-1,,-1,2,60,1829,,,29
5818,4,2022-04-11 00:00:00,Quantity bought 945.132 @26.45,7728,-1,,-1,2,60,1880,,,29
5819,4,2022-04-12 00:00:00,Quantity bought 49.024 @40.80,7734,-1,,-1,2,60,1872,,,29
5820,4,2022-04-18 00:00:00,Quantity bought 254.268 @39.33,7773,-1,,-1,2,60,1872,,,29
5821,4,2022-04-18 00:00:00,Quantity bought 481.672 @25.95,7756,-1,,-1,2,60,1880,,,29
5822,4,2022-04-20 00:00:00,Quantity bought 22.778 @43.90,7868,-1,,-1,2,60,1831,,,29
5823,4,2022-04-20 00:00:00,Quantity bought 51.775 @38.63,7774,-1,,-1,2,60,1872,,,29
5824,4,2022-04-25 00:00:00,Quantity bought 77.829 @32.12,7822,-1,,-1,2,60,1684,,,29
5825,4,2022-04-26 00:00:00,Quantity bought 52.219 @38.30,7823,-1,,-1,2,60,1872,,,29
5826,4,2022-04-27 00:00:00,Quantity sold 20977.773  @ 40.23,7837,-1,,-1,2,60,1649,,,29
5827,4,2022-05-02 00:00:00,Quantity bought 25.046 @99.82,7826,-1,,-1,2,60,1889,,,29
5828,4,2022-05-05 00:00:00,Quantity bought 53.111 @37.66,7827,-1,,-1,2,60,1872,,,29
5829,4,2022-05-09 00:00:00,Quantity bought 102.455 @48.80,7829,-1,,-1,2,60,1829,,,29
5830,4,2022-05-11 00:00:00,Quantity bought 55.792 @35.85,7834,-1,,-1,2,60,1872,,,29
5831,4,2022-05-18 00:00:00,Quantity bought 55.838 @35.82,7873,-1,,-1,2,60,1872,,,29
5832,4,2022-05-20 00:00:00,Quantity bought 23.837 @41.95,7876,-1,,-1,2,60,1831,,,29
5833,4,2022-05-25 00:00:00,Quantity bought 60.105 @33.28,7888,-1,,-1,2,60,1872,,,29
5834,4,2022-06-01 00:00:00,Quantity bought 56.674 @35.29,7917,-1,,-1,2,60,1872,,,29
5835,4,2022-06-01 00:00:00,Quantity bought 25.179 @99.29,7916,-1,,-1,2,60,1889,,,29
5836,4,2022-06-08 00:00:00,Quantity bought 56.673 @35.29,7934,-1,,-1,2,60,1872,,,29
5837,4,2022-06-10 00:00:00,Quantity bought 103.682 @48.22,7936,-1,,-1,2,60,1829,,,29
5838,4,2022-06-15 00:00:00,Quantity bought 59.507 @33.61,8005,-1,,-1,2,60,1872,,,29
5839,4,2022-06-17 00:00:00,Interest (Payout) from G-Sec 6.67% GS 2050 (ISIN IN0020200252) (),11958,-1,,-1,2,40,2876,,,29
5840,4,2022-06-20 00:00:00,Quantity bought 24.899 @40.16,8006,-1,,-1,2,60,1831,,,29
5841,4,2022-06-22 00:00:00,Quantity bought 60.313 @33.16,8007,-1,,-1,2,60,1872,,,29
5842,4,2022-06-29 00:00:00,Quantity bought 58.645 @34.10,8019,-1,,-1,2,60,1872,,,29
5843,4,2022-07-01 00:00:00,Quantity bought 26.099 @95.79,8033,-1,,-1,2,60,1889,,,29
5844,4,2022-07-02 00:00:00,Interest (Payout) from Rural Electrification Corporation BONDS 8.12% 27/03/2027 (ISIN INE020B07GH7) (),8113,-1,,-1,2,40,1503,,,29
5845,4,2022-07-06 00:00:00,Quantity bought 4180.437 @47.84,8031,-1,,-1,2,60,1829,,,29
5846,4,2022-07-06 00:00:00,Quantity bought 58.599 @34.13,8037,-1,,-1,2,60,1872,,,29
5847,4,2022-07-12 00:00:00,Interest (Payout) from G-Sec 6.10% GS 2031 (ISIN IN0020210095) (),11941,-1,,-1,2,40,2873,,,29
5848,4,2022-07-20 00:00:00,Quantity bought 22.861 @43.74,8091,-1,,-1,2,60,1831,,,29
5849,4,2022-08-01 00:00:00,Quantity bought 23.951 @104.38,8132,-1,,-1,2,60,1889,,,29
5850,4,2022-08-11 00:00:00,"Quantity bought 208.206 @2,401.47",8126,-1,,-1,2,60,1923,,,29
5851,4,2022-08-16 00:00:00,"Quantity bought 73.202 @3,415.21",8138,-1,,-1,2,60,1924,,,29
5852,4,2022-08-20 00:00:00,Quantity bought 21.982 @45.49,8329,-1,,-1,2,60,1831,,,29
5853,4,2022-09-01 00:00:00,Quantity bought 23.7 @105.49,8233,-1,,-1,2,60,1889,,,29
5854,4,2022-09-09 00:00:00,Interest (Payout) from State Bank of India BONDS 7.74% (ISIN INE062A08249) (),8321,-1,,-1,2,40,1823,,,29
5855,4,2022-09-13 00:00:00,"Quantity sold 4.083  @ 3,428.85",8234,-1,,-1,2,60,1924,,,29
5856,4,2022-09-14 00:00:00,Quantity bought 398.289 @35.15,8235,-1,,-1,2,60,1872,,,29
5857,4,2022-09-20 00:00:00,Quantity bought 21.5 @46.51,8324,-1,,-1,2,60,1831,,,29
5858,4,2022-10-01 00:00:00,Interest (Payout) from National Highways Authority of India NCD NE 7.69% 09/03/2031 (ISIN INE906B07EP5) (),8328,-1,,-1,2,40,1512,,,29
5859,4,2022-10-03 00:00:00,Quantity bought 24.593 @101.65,8325,-1,,-1,2,60,1889,,,29
5860,4,2022-11-01 00:00:00,Quantity bought 23.62 @105.84,8383,-1,,-1,2,60,1889,,,29
5861,4,2022-11-09 00:00:00,Quantity bought 96.655 @51.73,8384,-1,,-1,2,60,1829,,,29
5862,4,2022-11-23 00:00:00,Interest (Payout) from G-Sec 7.54% GS 2036 (ISIN IN0020220029) (),11934,-1,,-1,2,40,2871,,,29
5863,4,2022-11-28 00:00:00,Interest (Payout) from Bank of Baroda BONDS 8.7% (ISIN INE028A08174) (),8463,-1,,-1,2,40,1411,,,29
5864,4,2022-12-01 00:00:00,Quantity bought 22.744 @109.92,8515,-1,,-1,2,60,1889,,,29
5865,4,2022-12-09 00:00:00,Quantity bought 96.064 @52.05,8516,-1,,-1,2,60,1829,,,29
5866,4,2022-12-12 00:00:00,"Quantity sold 14.366  @ 3,480.44",8503,-1,,-1,2,60,1924,,,29
5867,4,2022-12-12 00:00:00,Withdrawal from Bajaj Finserv UPS FD 1,8511,-1,,-1,2,95,1825,,,29
5868,4,2022-12-13 00:00:00,"Quantity sold 20.407  @ 2,450.14",8505,-1,,-1,2,60,1923,,,29
5869,4,2022-12-14 00:00:00,"Quantity sold 14.361  @ 3,481.65",8517,-1,,-1,2,60,1924,,,29
5870,4,2022-12-15 00:00:00,Interest (Payout) from G-Sec 6.99% GS 2051 (ISIN IN0020210194) (),11946,-1,,-1,2,40,2874,,,29
5871,4,2022-12-15 00:00:00,Interest (Payout) from G-Sec 6.67% GS 2035 (ISIN IN0020210152) (),11952,-1,,-1,2,40,2875,,,29
5872,4,2022-12-17 00:00:00,Interest (Payout) from G-Sec 6.67% GS 2050 (ISIN IN0020200252) (),11959,-1,,-1,2,40,2876,,,29
5873,4,2023-01-02 00:00:00,Quantity bought 23.511 @106.33,8583,-1,,-1,2,60,1889,,,29
5874,4,2023-01-12 00:00:00,Interest (Payout) from G-Sec 6.10% GS 2031 (ISIN IN0020210095) (),11942,-1,,-1,2,40,2873,,,29
5875,4,2023-01-13 00:00:00,Interest (Payout) from Housing & Urban Development Corporation NCD 9.01% 13/01/2034 (ISIN INE031A07AB2) (),8684,-1,,-1,2,40,1575,,,29
5876,4,2023-02-01 00:00:00,Quantity bought 24.126 @103.62,8633,-1,,-1,2,60,1889,,,29
5877,4,2023-02-08 00:00:00,Interest (Payout) from Housing & Urban Development Corporation NCD 7.64% 08/02/2031 (ISIN INE031A07AO5) (),8685,-1,,-1,2,40,1528,,,29
5878,4,2023-03-01 00:00:00,Quantity bought 24.349 @102.67,8673,-1,,-1,2,60,1889,,,29
5879,4,2023-03-10 00:00:00,Quantity bought 489.726 @102.10,8694,-1,,-1,2,60,2116,,,29
5880,4,2023-03-14 00:00:00,Quantity bought 395.517 @63.21,8703,-1,,-1,2,60,2119,,,29
5881,4,2023-03-14 00:00:00,Quantity bought 57.654 @433.62,8704,-1,,-1,2,60,2120,,,29
5882,4,2023-03-15 00:00:00,Quantity bought 104.313 @239.66,8699,-1,,-1,2,60,2117,,,29
5883,4,2023-03-15 00:00:00,Quantity bought 250.718 @99.71,8700,-1,,-1,2,60,2118,,,29
5884,4,2023-03-28 00:00:00,Quantity bought 398.59 @62.72,8727,-1,,-1,2,60,2119,,,29
5885,4,2023-03-28 00:00:00,Quantity bought 182.193 @137.22,8726,-1,,-1,2,60,2129,,,29
5886,4,2023-03-29 00:00:00,Quantity bought 104.295 @239.70,8728,-1,,-1,2,60,2117,,,29
5887,4,2023-03-29 00:00:00,Quantity bought 429.871 @58.16,8729,-1,,-1,2,60,2130,,,29
5888,4,2023-03-31 00:00:00,Interest (Cumulative) : ,8742,-1,,-1,2,120,1389,,,29
5889,4,2023-04-03 00:00:00,Quantity bought 24.324 @102.78,8780,-1,,-1,2,60,1889,,,29
5890,4,2023-04-11 00:00:00,Dividend Payout from SBI Cards & Payment Services (),10841,-1,,-1,2,50,1926,,,29
5891,4,2023-05-02 00:00:00,Quantity bought 23.501 @106.38,8843,-1,,-1,2,60,1889,,,29
5892,4,2023-05-15 00:00:00,Interest (Payout) from Sovereign Gold Bond 2.50% Nov 2026 Sr-III 2018-19 (IN0020180314) (),10877,-1,,-1,2,40,1549,,,29
5893,4,2023-05-23 00:00:00,Interest (Payout) from G-Sec 7.54% GS 2036 (ISIN IN0020220029) (),11935,-1,,-1,2,40,2871,,,29
5894,4,2023-05-30 00:00:00,Dividend Payout from HDFC Bank (),10833,-1,,-1,2,50,1629,,,29
5895,4,2023-06-01 00:00:00,Quantity bought 22.741 @109.93,8999,-1,,-1,2,60,1889,,,29
5896,4,2023-06-14 00:00:00,Dividend Payout from State Bank Of India (),10830,-1,,-1,2,50,267,,,29
5897,4,2023-06-15 00:00:00,Interest (Payout) from G-Sec 6.99% GS 2051 (ISIN IN0020210194) (),11947,-1,,-1,2,40,2874,,,29
5898,4,2023-06-15 00:00:00,Interest (Payout) from G-Sec 6.67% GS 2035 (ISIN IN0020210152) (),11953,-1,,-1,2,40,2875,,,29
5899,4,2023-06-17 00:00:00,Interest (Payout) from G-Sec 6.67% GS 2050 (ISIN IN0020200252) (),11960,-1,,-1,2,40,2876,,,29
5900,4,2023-06-29 00:00:00,Dividend Payout from Tata Investment Corporation (),10828,-1,,-1,2,50,1930,,,29
5901,4,2023-06-30 00:00:00,Dividend Payout from Canara Bank (),10827,-1,,-1,2,50,1977,,,29
5902,4,2023-07-03 00:00:00,Dividend Payout from Infosys (),10829,-1,,-1,2,50,288,,,29
5903,4,2023-07-05 00:00:00,Interest (Payout) from Sovereign Gold Bond 2.50% JAN 2029 SR-IX 2020-21 (IN0020200377) (),10876,-1,,-1,2,40,1949,,,29
5904,4,2023-07-12 00:00:00,Interest (Payout) from G-Sec 6.10% GS 2031 (ISIN IN0020210095) (),11943,-1,,-1,2,40,2873,,,29
5905,4,2023-07-13 00:00:00,HDFC Limited merged into HDFC Bank,9530,-1,,-1,2,50,1604,,,29
5906,4,2023-07-25 00:00:00,Dividend Payout from HDFC Life Insurance Company (),10840,-1,,-1,2,50,1610,,,29
5907,4,2023-07-27 00:00:00,Quantity sold 786.376  @ 35.70,9882,-1,,-1,2,60,1684,,,29
5908,4,2023-07-27 00:00:00,Quantity sold 181.178  @ 52.08,9825,-1,,-1,2,60,1831,,,29
5909,4,2023-07-28 00:00:00,Dividend Payout from Bajaj Finance (),10839,-1,,-1,2,50,761,,,29
5910,4,2023-08-04 00:00:00,Dividend Payout from Fiem Industries (),10835,-1,,-1,2,50,1912,,,29
5911,4,2023-08-07 00:00:00,Dividend Payout from Mahindra & Mahindra (),10842,-1,,-1,2,50,890,,,29
5912,4,2023-08-14 00:00:00,Dividend Payout from UltraTech Cement (),10837,-1,,-1,2,50,1400,,,29
5913,4,2023-08-14 00:00:00,Dividend Payout from HDFC Bank (),10836,-1,,-1,2,50,1629,,,29
5914,4,2023-08-17 00:00:00,Dividend Payout from Pidilite Industries (),10843,-1,,-1,2,50,1606,,,29
5915,4,2023-08-22 00:00:00,Dividend Payout from Kotak Mahindra Bank (),10844,-1,,-1,2,50,762,,,29
5916,4,2023-08-25 00:00:00,Dividend Payout from Computer Age Management Services (),10845,-1,,-1,2,50,1879,,,29
5917,4,2023-08-29 00:00:00,Dividend Payout from Computer Age Management Services (),10838,-1,,-1,2,50,1879,,,29
5918,4,2023-09-01 00:00:00,Dividend Payout from Life Insurance Corporation of India (LIC) (),10832,-1,,-1,2,50,1978,,,29
5919,4,2023-09-11 00:00:00,Interest (Payout) from State Bank of India BONDS 7.74% (ISIN INE062A08249) (),10058,-1,,-1,2,40,1823,,,29
5920,4,2023-09-22 00:00:00,Dividend Payout from GMM Pfaudler (),10928,-1,,-1,2,50,1878,,,29
5921,4,2023-09-26 00:00:00,Quantity bought 946.294 @66.05,10064,-1,,-1,2,60,2572,,,29
5922,4,2023-09-26 00:00:00,Quantity bought 10120.869 @12.35,10065,-1,,-1,2,60,2573,,,29
5923,4,2023-10-17 00:00:00,Dividend Payout from Wardwizard Innovations & Mobility (),10930,-1,,-1,2,50,1913,,,29
5924,4,2023-11-06 00:00:00,Quantity bought 243.332 @226.03,10231,-1,,-1,2,60,2603,,,29
5925,4,2023-11-06 00:00:00,Dividend Payout from Infosys (),10834,-1,,-1,2,50,288,,,29
5926,4,2023-11-13 00:00:00,Interest (Payout) from Sovereign Gold Bond 2.50% Nov 2026 Sr-III 2018-19 (IN0020180314) (),10931,-1,,-1,2,40,1549,,,29
5927,4,2023-11-23 00:00:00,Interest (Payout) from G-Sec 7.54% GS 2036 (ISIN IN0020220029) (),11936,-1,,-1,2,40,2871,,,29
5928,4,2023-11-28 00:00:00,Dividend Payout from Computer Age Management Services (),10929,-1,,-1,2,50,1879,,,29
5929,4,2023-11-28 00:00:00,Interest (Payout) from Bank of Baroda BONDS 8.7% (ISIN INE028A08174) (),10333,-1,,-1,2,40,1411,,,29
5930,4,2023-12-04 00:00:00,Dividend Payout from GMM Pfaudler (),10490,-1,,-1,2,50,1878,,,29
5931,4,2023-12-14 00:00:00,"Quantity bought 16.229 @3,697.09",10412,-1,,-1,2,60,2622,,,29
5932,4,2023-12-15 00:00:00,"Quantity bought 10.381 @5,779.79",10413,-1,,-1,2,60,2623,,,29
5933,4,2023-12-15 00:00:00,Interest (Payout) from G-Sec 6.99% GS 2051 (ISIN IN0020210194) (),11948,-1,,-1,2,40,2874,,,29
5934,4,2023-12-15 00:00:00,Interest (Payout) from G-Sec 6.67% GS 2035 (ISIN IN0020210152) (),11954,-1,,-1,2,40,2875,,,29
5935,4,2023-12-18 00:00:00,Interest (Payout) from G-Sec 6.67% GS 2050 (ISIN IN0020200252) (),11961,-1,,-1,2,40,2876,,,29
5936,4,2024-01-05 00:00:00,Interest (Payout) from Sovereign Gold Bond 2.50% JAN 2029 SR-IX 2020-21 (IN0020200377) (),10489,-1,,-1,2,40,1949,,,29
5937,4,2024-01-12 00:00:00,Interest (Payout) from G-Sec 6.10% GS 2031 (ISIN IN0020210095) (),11944,-1,,-1,2,40,2873,,,29
5938,4,2024-01-15 00:00:00,Interest (Payout) from Housing & Urban Development Corporation NCD 9.01% 13/01/2034 (ISIN INE031A07AB2) (),10761,-1,,-1,2,40,1575,,,29
5939,4,2024-01-22 00:00:00,"Quantity sold 13.308  @ 3,757.14",10578,-1,,-1,2,60,1924,,,29
5940,4,2024-01-23 00:00:00,Quantity bought 7705.675 @12.98,10580,-1,,-1,2,60,2573,,,29
5941,4,2024-01-23 00:00:00,Quantity bought 318.234 @235.68,10591,-1,,-1,2,60,2654,,,29
5942,4,2024-01-23 00:00:00,"Quantity sold 18.897  @ 2,645.92",10579,-1,,-1,2,60,1923,,,29
5943,4,2024-01-23 00:00:00,"Quantity sold 16.229  @ 3,726.89",10656,-1,,-1,2,60,2622,,,29
5944,4,2024-01-24 00:00:00,Quantity bought 882.631 @68.53,10592,-1,,-1,2,60,2572,,,29
5945,4,2024-02-07 00:00:00,Quantity bought 2862.33 @59.39,10671,-1,,-1,2,60,2668,,,29
5946,4,2024-02-16 00:00:00,Dividend Payout from Gail India (),10762,-1,,-1,2,50,1981,,,29
5947,4,2024-03-01 00:00:00,Dividend Payout from Life Insurance Corporation of India (LIC) (),11028,-1,,-1,2,50,1978,,,29
5948,4,2024-03-21 00:00:00,Quantity bought 308.844 @242.84,11042,-1,,-1,2,60,2654,,,29
5949,4,2024-03-21 00:00:00,Quantity sold 219.769  @ 140.91,11048,-1,,-1,2,60,1686,,,29
5950,4,2024-03-21 00:00:00,Quantity sold 1426.804  @ 34.73,11049,-1,,-1,2,60,1880,,,29
5951,4,2024-03-31 00:00:00,Interest (Cumulative) : ,11223,-1,,-1,2,120,1389,,,29
5952,4,2024-03-31 00:00:00,Investment for PPF UPS -  FOR FY 23-24,11224,11,,-1,2,120,1389,,,29
5953,4,2024-03-31 00:00:00,Asset write-off tr to accounts instade of pms,11578,-1,,-1,2,120,1389,,,29
5954,4,2024-04-04 00:00:00,"Quantity bought 15.857 @3,783.82",11225,-1,,-1,2,60,2622,,,29
5955,4,2024-04-04 00:00:00,Quantity sold 869.048  @ 49.48,11220,-1,,-1,2,60,1872,,,29
5956,4,2024-04-04 00:00:00,"Quantity sold 18.613  @ 2,686.29",11218,-1,,-1,2,60,1923,,,29
5957,4,2024-04-04 00:00:00,"Quantity sold 126.54  @ 2,686.90",11219,-1,,-1,2,60,1923,,,29
5958,4,2024-04-08 00:00:00,Quantity bought 1671.861 @59.81,11232,-1,,-1,2,60,2734,,,29
5959,4,2024-04-09 00:00:00,Quantity bought 203.097 @492.38,11237,-1,,-1,2,60,2735,,,29
5960,4,2024-05-13 00:00:00,Interest (Payout) from Sovereign Gold Bond 2.50% Nov 2026 Sr-III 2018-19 (IN0020180314) (),13001,-1,,-1,2,40,1549,,,29
5961,4,2024-05-22 00:00:00,Quantity bought 574.456 @60.93,11417,-1,,-1,2,60,2734,,,29
5962,4,2024-05-22 00:00:00,Quantity bought 68.309 @512.38,11416,-1,,-1,2,60,2735,,,29
5963,4,2024-05-24 00:00:00,Interest (Payout) from G-Sec 7.54% GS 2036 (ISIN IN0020220029) (),11937,-1,,-1,2,40,2871,,,29
5964,4,2024-06-13 00:00:00,Quantity bought 563.836 @62.07,11574,-1,,-1,2,60,2734,,,29
5965,4,2024-06-15 00:00:00,Interest (Payout) from G-Sec 6.99% GS 2051 (ISIN IN0020210194) (),11949,-1,,-1,2,40,2874,,,29
5966,4,2024-06-15 00:00:00,Interest (Payout) from G-Sec 6.67% GS 2035 (ISIN IN0020210152) (),11955,-1,,-1,2,40,2875,,,29
5967,4,2024-06-18 00:00:00,Interest (Payout) from G-Sec 6.67% GS 2050 (ISIN IN0020200252) (),11962,-1,,-1,2,40,2876,,,29
5968,4,2024-06-19 00:00:00,Quantity bought 108.987 @458.77,11601,-1,,-1,2,60,2819,,,29
5969,4,2024-06-19 00:00:00,Quantity bought 3839.906 @13.02,11602,-1,,-1,2,60,2820,,,29
5970,4,2024-06-19 00:00:00,Interest (Payout) from G-Sec 7.30% GS 2053 (ISIN IN0020230051) (),11939,-1,,-1,2,40,2872,,,29
5971,4,2024-06-19 00:00:00,"Quantity sold 18.341  @ 2,726.13",11600,-1,,-1,2,60,1923,,,29
5972,4,2024-06-24 00:00:00,"Quantity sold 5.408  @ 2,729.27",11622,-1,,-1,2,60,1923,,,29
5973,4,2024-07-01 00:00:00,Dividend Payout from Canara Bank ( canbank),12894,-1,,-1,2,50,1977,,,29
5974,4,2024-07-02 00:00:00,Dividend Payout from Larsen & Toubro ( l & t),12893,-1,,-1,2,50,306,,,29
5975,4,2024-07-05 00:00:00,Interest (Payout) from Sovereign Gold Bond 2.50% JAN 2029 SR-IX 2020-21 (IN0020200377) (),12694,-1,,-1,2,40,1949,,,29
5976,4,2024-07-09 00:00:00,Quantity sold 382.491  @ 13.07,11833,-1,,-1,2,60,2820,,,29
5977,4,2024-07-10 00:00:00,Quantity bought 45.599 @109.65,11834,-1,,-1,2,60,2853,,,29
5978,4,2024-07-10 00:00:00,Dividend Payout from Tata Investment Corporation ( ticl),12892,-1,,-1,2,50,1930,,,29
5979,4,2024-07-12 00:00:00,Interest (Payout) from G-Sec 6.10% GS 2031 (ISIN IN0020210095) (),12692,-1,,-1,2,40,2873,,,29
5980,4,2024-07-17 00:00:00,Quantity sold 381.924  @ 13.09,11835,-1,,-1,2,60,2820,,,29
5981,4,2024-07-18 00:00:00,Quantity bought 45.104 @110.85,11836,-1,,-1,2,60,2853,,,29
5982,4,2024-07-23 00:00:00,Quantity bought 3585.335 @55.78,11837,-1,,-1,2,60,2854,,,29
5983,4,2024-07-23 00:00:00,Dividend Payout from Concord Biotech ( concord),12891,-1,,-1,2,50,2672,,,29
5984,4,2024-07-23 00:00:00,Quantity sold 381.505  @ 13.11,11838,-1,,-1,2,60,2820,,,29
5985,4,2024-07-24 00:00:00,Quantity bought 44.809 @111.58,11869,-1,,-1,2,60,2853,,,29
5986,4,2024-07-24 00:00:00,Quantity bought 1787.221 @55.95,11870,-1,,-1,2,60,2854,,,29
5987,4,2024-07-25 00:00:00,Quantity sold 18.829  @ 82.96,11879,-1,,-1,2,60,1835,,,29
5988,4,2024-07-26 00:00:00,Quantity bought 3361.841 @120.47,11885,-1,,-1,2,60,2862,,,29
5989,4,2024-07-26 00:00:00,Quantity sold 4715.396  @ 84.01,11899,-1,,-1,2,60,1829,,,29
5990,4,2024-07-26 00:00:00,Quantity sold 173.447  @ 83.17,11900,-1,,-1,2,60,1829,,,29
5991,4,2024-07-30 00:00:00,Quantity sold 57.654  @ 784.77,11909,-1,,-1,2,60,2120,,,29
5992,4,2024-07-30 00:00:00,Quantity sold 381.013  @ 13.12,11910,-1,,-1,2,60,2820,,,29
5993,4,2024-07-31 00:00:00,Quantity bought 43.915 @113.86,11924,-1,,-1,2,60,2853,,,29
5994,4,2024-07-31 00:00:00,Quantity bought 2215.001 @20.32,11925,-1,,-1,2,60,2867,,,29
5995,4,2024-08-02 00:00:00,Dividend Payout from Mahindra & Mahindra (),13016,-1,,-1,2,50,890,,,29
5996,4,2024-08-06 00:00:00,Quantity sold 380.535  @ 13.14,12067,-1,,-1,2,60,2820,,,29
5997,4,2024-08-07 00:00:00,Quantity bought 44.706 @111.84,12068,-1,,-1,2,60,2853,,,29
5998,4,2024-08-12 00:00:00,Dividend Payout from HDFC Bank (),12669,-1,,-1,2,50,1629,,,29
5999,4,2024-08-13 00:00:00,Dividend Payout from Zydus Lifesciences (),12668,-1,,-1,2,50,554,,,29
6000,4,2024-08-13 00:00:00,Quantity sold 380.058  @ 13.16,12086,-1,,-1,2,60,2820,,,29
6001,4,2024-08-14 00:00:00,Quantity bought 45 @111.11,12087,-1,,-1,2,60,2853,,,29
6002,4,2024-08-15 00:00:00,Dividend Payout from Karur Vysya Bank (),12667,-1,,-1,2,50,2787,,,29
6003,4,2024-08-16 00:00:00,Dividend Payout from UltraTech Cement (),12666,-1,,-1,2,50,1400,,,29
6004,4,2024-08-26 00:00:00,Dividend Payout from Kirloskar Oil Engines (),12665,-1,,-1,2,50,2795,,,29
6005,4,2024-08-27 00:00:00,"Quantity sold 12.747  @ 3,922.49",12101,-1,,-1,2,60,1924,,,29
6006,4,2024-08-28 00:00:00,Dividend Payout from Life Insurance Corporation of India (LIC) (),12663,-1,,-1,2,50,1978,,,29
6007,4,2024-08-28 00:00:00,Dividend Payout from Indian Oil Corporation (),12664,-1,,-1,2,50,2690,,,29
6008,4,2024-08-29 00:00:00,Dividend Payout from KPIT Technologies (),12656,-1,,-1,2,50,2886,,,29
6009,4,2024-08-29 00:00:00,"Quantity sold 13.698  @ 3,924.07",12102,-1,,-1,2,60,1924,,,29
6010,4,2024-09-02 00:00:00,Dividend Payout from Kalpataru Projects International ( KALYANI STEEL),12895,-1,,-1,2,50,885,,,29
6011,4,2024-09-05 00:00:00,Dividend Payout from Power Finance Corporation (),13012,-1,,-1,2,50,2786,,,29
6012,4,2024-09-05 00:00:00,"Quantity sold 8.206  @ 6,093.10",12103,-1,,-1,2,60,2623,,,29
6013,4,2024-09-09 00:00:00,Dividend Payout from Apar Industries (),13015,-1,,-1,2,50,2784,,,29
6014,4,2024-09-09 00:00:00,"Quantity sold 12.822  @ 3,899.55",12110,-1,,-1,2,60,2622,,,29
6015,4,2024-09-10 00:00:00,Dividend Payout from Hindustan Aeronautics (),13014,-1,,-1,2,50,2797,,,29
6016,4,2024-09-10 00:00:00,"Quantity sold 2.731  @ 3,900.77",12111,-1,,-1,2,60,2622,,,29
6017,4,2024-09-11 00:00:00,Dividend Payout from NTPC Limited (),13013,-1,,-1,2,50,2785,,,29
6018,4,2024-09-13 00:00:00,Dividend Payout from Power Finance Corporation (),13011,-1,,-1,2,50,2786,,,29
6019,4,2024-09-23 00:00:00,Dividend Payout from Skipper (),13010,-1,,-1,2,50,2813,,,29
6020,4,2024-09-26 00:00:00,Dividend Payout from Engineers India (),13009,-1,,-1,2,50,2794,,,29
6021,4,2024-10-03 00:00:00,Quantity bought 2900.512 @68.95,12234,-1,,-1,2,60,2922,,,29
6022,4,2024-10-03 00:00:00,Dividend Payout from Marathon Nextgen Realty ( NACH/MARATHON NEXTGEN),12896,-1,,-1,2,50,2771,,,29
6023,4,2024-10-07 00:00:00,Quantity bought 5313.231 @9.41,12236,-1,,-1,2,60,2923,,,29
6024,4,2024-10-07 00:00:00,Quantity sold 182.193  @ 262.03,12235,-1,,-1,2,60,2129,,,29
6025,4,2024-10-10 00:00:00,Quantity bought 432.254 @69.40,12260,-1,,-1,2,60,2922,,,29
6026,4,2024-10-10 00:00:00,Quantity bought 3011.505 @9.96,12262,-1,,-1,2,60,2923,,,29
6027,4,2024-10-10 00:00:00,Quantity sold 337.484  @ 168.98,12259,-1,,-1,2,60,1889,,,29
6028,4,2024-10-10 00:00:00,Quantity sold 37.602  @ 13.30,12261,-1,,-1,2,60,2820,,,29
6029,4,2024-10-11 00:00:00,Quantity bought 50.108 @9.98,12271,-1,,-1,2,60,2923,,,29
6030,4,2024-10-13 00:00:00,Quantity sold 37.582  @ 13.30,12272,-1,,-1,2,60,2820,,,29
6031,4,2024-10-14 00:00:00,Quantity bought 49.906 @10.02,12285,-1,,-1,2,60,2923,,,29
6032,4,2024-10-14 00:00:00,Quantity sold 37.576  @ 13.31,12284,-1,,-1,2,60,2820,,,29
6033,4,2024-10-15 00:00:00,Quantity bought 49.818 @10.04,12327,-1,,-1,2,60,2923,,,29
6034,4,2024-10-15 00:00:00,Quantity bought 6479.976 @20.06,12326,-1,,-1,2,60,2931,,,29
6035,4,2024-10-15 00:00:00,Dividend Payout from KNR Constructions ( NACH/KNR CONST FINDIV),12897,-1,,-1,2,50,2901,,,29
6036,4,2024-10-15 00:00:00,Quantity sold 37.57  @ 13.31,12325,-1,,-1,2,60,2820,,,29
6037,4,2024-10-16 00:00:00,Quantity bought 50.16 @9.97,12352,-1,,-1,2,60,2923,,,29
6038,4,2024-10-16 00:00:00,Quantity sold 37.563  @ 13.31,12351,-1,,-1,2,60,2820,,,29
6039,4,2024-10-17 00:00:00,Quantity bought 51.511 @9.71,12354,-1,,-1,2,60,2923,,,29
6040,4,2024-10-17 00:00:00,Quantity sold 37.557  @ 13.31,12353,-1,,-1,2,60,2820,,,29
6041,4,2024-10-18 00:00:00,Quantity bought 51.268 @9.75,12357,-1,,-1,2,60,2923,,,29
6042,4,2024-10-20 00:00:00,Quantity sold 37.537  @ 13.32,12358,-1,,-1,2,60,2820,,,29
6043,4,2024-10-21 00:00:00,Quantity bought 52.039 @9.61,12360,-1,,-1,2,60,2923,,,29
6044,4,2024-10-21 00:00:00,Quantity sold 37.53  @ 13.32,12359,-1,,-1,2,60,2820,,,29
6045,4,2024-10-22 00:00:00,Quantity bought 53.861 @9.28,12362,-1,,-1,2,60,2923,,,29
6046,4,2024-10-22 00:00:00,Interest (Payout) from G-Sec 7.34% GS 2064 (ISIN IN0020240035) (),12447,-1,,-1,2,40,2907,,,29
6047,4,2024-10-22 00:00:00,Quantity sold 37.525  @ 13.32,12361,-1,,-1,2,60,2820,,,29
6048,4,2024-10-23 00:00:00,Quantity bought 54.103 @9.24,12364,-1,,-1,2,60,2923,,,29
6049,4,2024-10-23 00:00:00,Quantity sold 37.518  @ 13.33,12363,-1,,-1,2,60,2820,,,29
6050,4,2024-10-24 00:00:00,Quantity bought 54.005 @9.26,12366,-1,,-1,2,60,2923,,,29
6051,4,2024-10-24 00:00:00,Dividend Payout from Coforge ( NACH/COFORGE LTD/42639),12898,-1,,-1,2,50,2883,,,29
6052,4,2024-10-24 00:00:00,Quantity sold 37.511  @ 13.33,12365,-1,,-1,2,60,2820,,,29
6053,4,2024-10-25 00:00:00,Quantity bought 55.377 @9.03,12367,-1,,-1,2,60,2923,,,29
6054,4,2024-10-27 00:00:00,Quantity sold 37.491  @ 13.34,12368,-1,,-1,2,60,2820,,,29
6055,4,2024-10-28 00:00:00,Quantity bought 54.839 @9.12,12392,-1,,-1,2,60,2923,,,29
6056,4,2024-10-28 00:00:00,Quantity bought 3527.084 @18.43,12394,-1,,-1,2,60,2931,,,29
6057,4,2024-10-28 00:00:00,Quantity sold 37.485  @ 13.34,12391,-1,,-1,2,60,2820,,,29
6058,4,2024-10-29 00:00:00,Quantity bought 54.074 @9.25,12396,-1,,-1,2,60,2923,,,29
6059,4,2024-10-29 00:00:00,Quantity sold 37.478  @ 13.34,12395,-1,,-1,2,60,2820,,,29
6060,4,2024-10-30 00:00:00,Quantity bought 54.116 @9.24,12406,-1,,-1,2,60,2923,,,29
6061,4,2024-10-30 00:00:00,Dividend Payout from HCL Technologies ( NACH/HCL 3rdIntDiv2024),12890,-1,,-1,2,50,255,,,29
6062,4,2024-10-30 00:00:00,Quantity sold 37.471  @ 13.34,12405,-1,,-1,2,60,2820,,,29
6063,4,2024-10-31 00:00:00,Quantity bought 54.218 @9.22,12408,-1,,-1,2,60,2923,,,29
6064,4,2024-10-31 00:00:00,Quantity bought 267.724 @18.68,12407,-1,,-1,2,60,2931,,,29
6065,4,2024-11-03 00:00:00,Quantity sold 37.444  @ 13.35,12409,-1,,-1,2,60,2820,,,29
6066,4,2024-11-04 00:00:00,Quantity bought 54.498 @9.17,12411,-1,,-1,2,60,2923,,,29
6067,4,2024-11-04 00:00:00,Quantity sold 37.437  @ 13.36,12410,-1,,-1,2,60,2820,,,29
6068,4,2024-11-05 00:00:00,Quantity bought 54.2 @9.23,12414,-1,,-1,2,60,2923,,,29
6069,4,2024-11-05 00:00:00,Quantity bought 804.129 @18.65,12413,-1,,-1,2,60,2931,,,29
6070,4,2024-11-05 00:00:00,Dividend Payout from Tata Consultancy Services ( NACH/TCS2ndINTDiv051124/123624),12889,-1,,-1,2,50,2882,,,29
6071,4,2024-11-05 00:00:00,Quantity sold 37.429  @ 13.36,12412,-1,,-1,2,60,2820,,,29
6072,4,2024-11-06 00:00:00,Quantity bought 52.792 @9.47,12416,-1,,-1,2,60,2923,,,29
6073,4,2024-11-06 00:00:00,Quantity sold 37.422  @ 13.36,12415,-1,,-1,2,60,2820,,,29
6074,4,2024-11-07 00:00:00,Quantity bought 53.406 @9.36,12424,-1,,-1,2,60,2923,,,29
6075,4,2024-11-07 00:00:00,Dividend Payout from LTIMindtree ( NACH/LTIMIN Int 2024 25/248895),12888,-1,,-1,2,50,2885,,,29
6076,4,2024-11-07 00:00:00,Quantity sold 37.416  @ 13.36,12423,-1,,-1,2,60,2820,,,29
6077,4,2024-11-08 00:00:00,Quantity bought 54.183 @9.23,12425,-1,,-1,2,60,2923,,,29
6078,4,2024-11-08 00:00:00,Dividend Payout from Infosys ( NACH/INFOSYS),12887,-1,,-1,2,50,288,,,29
6079,4,2024-11-10 00:00:00,Quantity sold 37.395  @ 13.37,12426,-1,,-1,2,60,2820,,,29
6080,4,2024-11-11 00:00:00,Quantity bought 54.231 @9.22,12428,-1,,-1,2,60,2923,,,29
6081,4,2024-11-11 00:00:00,Quantity sold 37.389  @ 13.37,12427,-1,,-1,2,60,2820,,,29
6082,4,2024-11-12 00:00:00,Quantity bought 55.42 @9.02,12430,-1,,-1,2,60,2923,,,29
6083,4,2024-11-12 00:00:00,Quantity sold 37.382  @ 13.38,12429,-1,,-1,2,60,2820,,,29
6084,4,2024-11-13 00:00:00,Quantity bought 57.139 @8.75,12432,-1,,-1,2,60,2923,,,29
6085,4,2024-11-13 00:00:00,Dividend Payout from L&T Technology Services ( NACH/LANDTTECHNOLGYSERLD/47970),12886,-1,,-1,2,50,2698,,,29
6086,4,2024-11-13 00:00:00,Interest (Payout) from Sovereign Gold Bond 2.50% Nov 2026 Sr-III 2018-19 (IN0020180314) (),12691,-1,,-1,2,40,1549,,,29
6087,4,2024-11-13 00:00:00,Quantity sold 37.376  @ 13.38,12431,-1,,-1,2,60,2820,,,29
6088,4,2024-11-14 00:00:00,Quantity bought 57.053 @8.76,12433,-1,,-1,2,60,2923,,,29
6089,4,2024-11-17 00:00:00,Quantity sold 37.349  @ 13.39,12434,-1,,-1,2,60,2820,,,29
6090,4,2024-11-18 00:00:00,Quantity bought 57.084 @8.76,12436,-1,,-1,2,60,2923,,,29
6091,4,2024-11-18 00:00:00,Quantity sold 37.343  @ 13.39,12435,-1,,-1,2,60,2820,,,29
6092,4,2024-11-19 00:00:00,Quantity bought 56.329 @8.88,12437,-1,,-1,2,60,2923,,,29
6093,4,2024-11-20 00:00:00,Quantity sold 37.33  @ 13.39,12438,-1,,-1,2,60,2820,,,29
6094,4,2024-11-21 00:00:00,Quantity bought 57.327 @8.72,12440,-1,,-1,2,60,2923,,,29
6095,4,2024-11-21 00:00:00,Quantity sold 37.323  @ 13.40,12439,-1,,-1,2,60,2820,,,29
6096,4,2024-11-22 00:00:00,Quantity bought 56.387 @8.87,12441,-1,,-1,2,60,2923,,,29
6097,4,2024-11-24 00:00:00,Quantity sold 37.304  @ 13.40,12462,-1,,-1,2,60,2820,,,29
6098,4,2024-11-25 00:00:00,Quantity bought 55.139 @9.07,12464,-1,,-1,2,60,2923,,,29
6099,4,2024-11-25 00:00:00,Interest (Payout) from G-Sec 7.54% GS 2036 (ISIN IN0020220029) (),12689,-1,,-1,2,40,2871,,,29
6100,4,2024-11-25 00:00:00,Quantity sold 37.297  @ 13.41,12463,-1,,-1,2,60,2820,,,29
6101,4,2024-11-26 00:00:00,Quantity bought 55.494 @9.01,12466,-1,,-1,2,60,2923,,,29
6102,4,2024-11-26 00:00:00,Quantity sold 37.291  @ 13.41,12465,-1,,-1,2,60,2820,,,29
6103,4,2024-11-27 00:00:00,Quantity bought 54.432 @9.19,12468,-1,,-1,2,60,2923,,,29
6104,4,2024-11-27 00:00:00,Quantity sold 37.284  @ 13.41,12467,-1,,-1,2,60,2820,,,29
6105,4,2024-11-28 00:00:00,Quantity bought 54.355 @9.20,12470,-1,,-1,2,60,2923,,,29
6106,4,2024-11-28 00:00:00,Interest (Payout) from Bank of Baroda BONDS 8.7% (ISIN INE028A08174) (),12496,-1,,-1,2,40,1411,,,29
6107,4,2024-11-28 00:00:00,Quantity sold 37.278  @ 13.41,12469,-1,,-1,2,60,2820,,,29
6108,4,2024-11-28 00:00:00,"Quantity sold 1  @ 10,00,000.00",12495,-1,,-1,2,40,1411,,,29
6109,4,2024-11-29 00:00:00,Quantity bought 54.181 @9.23,12471,-1,,-1,2,60,2923,,,29
6110,4,2024-12-01 00:00:00,Quantity sold 37.257  @ 13.42,12472,-1,,-1,2,60,2820,,,29
6111,4,2024-12-02 00:00:00,Quantity bought 53.797 @9.29,12474,-1,,-1,2,60,2923,,,29
6112,4,2024-12-02 00:00:00,Quantity sold 37.251  @ 13.42,12473,-1,,-1,2,60,2820,,,29
6113,4,2024-12-03 00:00:00,Quantity bought 53.159 @9.41,12476,-1,,-1,2,60,2923,,,29
6114,4,2024-12-03 00:00:00,Quantity sold 37.245  @ 13.42,12475,-1,,-1,2,60,2820,,,29
6115,4,2024-12-04 00:00:00,Quantity bought 52.949 @9.44,12478,-1,,-1,2,60,2923,,,29
6116,4,2024-12-04 00:00:00,Quantity sold 37.238  @ 13.43,12477,-1,,-1,2,60,2820,,,29
6117,4,2024-12-05 00:00:00,Quantity bought 52.566 @9.51,12527,-1,,-1,2,60,2923,,,29
6118,4,2024-12-05 00:00:00,Quantity bought 2023.411 @148.26,12526,-1,,-1,2,60,2954,,,29
6119,4,2024-12-05 00:00:00,Quantity sold 37.23  @ 13.43,12541,-1,,-1,2,60,2820,,,29
6120,4,2024-12-06 00:00:00,Quantity bought 52.15 @9.59,12528,-1,,-1,2,60,2923,,,29
6121,4,2024-12-08 00:00:00,Quantity sold 37.21  @ 13.44,12542,-1,,-1,2,60,2820,,,29
6122,4,2024-12-09 00:00:00,Quantity bought 51.958 @9.62,12529,-1,,-1,2,60,2923,,,29
6123,4,2024-12-09 00:00:00,Quantity sold 37.203  @ 13.44,12543,-1,,-1,2,60,2820,,,29
6124,4,2024-12-10 00:00:00,Quantity bought 52.101 @9.60,12530,-1,,-1,2,60,2923,,,29
6125,4,2024-12-10 00:00:00,Quantity sold 37.197  @ 13.44,12544,-1,,-1,2,60,2820,,,29
6126,4,2024-12-11 00:00:00,Quantity bought 51.78 @9.66,12531,-1,,-1,2,60,2923,,,29
6127,4,2024-12-11 00:00:00,Quantity sold 19.064  @ 13.44,12545,-1,,-1,2,60,2820,,,29
6128,4,2024-12-12 00:00:00,Quantity bought 26.631 @9.62,12532,-1,,-1,2,60,2923,,,29
6129,4,2024-12-16 00:00:00,Interest (Payout) from G-Sec 6.99% GS 2051 (ISIN IN0020210194) (),12713,-1,,-1,2,40,2874,,,29
6130,4,2024-12-16 00:00:00,Interest (Payout) from G-Sec 6.67% GS 2035 (ISIN IN0020210152) (),12712,-1,,-1,2,40,2875,,,29
6131,4,2024-12-17 00:00:00,Interest (Payout) from G-Sec 6.67% GS 2050 (ISIN IN0020200252) (),12690,-1,,-1,2,40,2876,,,29
6132,4,2024-12-19 00:00:00,Interest (Payout) from G-Sec 7.30% GS 2053 (ISIN IN0020230051) (),12693,-1,,-1,2,40,2872,,,29
6133,4,2025-01-01 00:00:00,Interest (Payout) from Sovereign Gold Bond 2.50% SEP 2029 SR-VI 2021-22 (IN0020210145) (),12695,-1,,-1,2,40,2949,,,29
6134,4,2025-01-05 00:00:00,Interest (Payout) from Sovereign Gold Bond 2.50% JAN 2029 SR-IX 2020-21 (IN0020200377) (),12661,-1,,-1,2,40,1949,,,29
6135,4,2025-01-13 00:00:00,Interest (Payout) from G-Sec 6.10% GS 2031 (ISIN IN0020210095) (),12628,-1,,-1,2,40,2873,,,29
6136,4,2025-01-24 00:00:00,Dividend Payout from HCL Technologies (),12660,-1,,-1,2,50,255,,,29
6137,4,2025-02-03 00:00:00,Dividend Payout from Tata Consultancy Services (),12659,-1,,-1,2,50,2882,,,29
6138,4,2025-02-10 00:00:00,Dividend Payout from Persistent Systems (),12658,-1,,-1,2,50,2884,,,29
6139,4,2025-02-13 00:00:00,Dividend Payout from Coforge (),12657,-1,,-1,2,50,2883,,,29
6140,4,2025-02-14 00:00:00,Quantity bought 6122.943 @8.17,12633,-1,,-1,2,60,2965,,,29
6141,4,2025-02-18 00:00:00,Dividend Payout from KPIT Technologies (),12662,-1,,-1,2,50,2886,,,29
6142,4,2025-02-24 00:00:00,Quantity bought 524.868 @381.05,12649,-1,,-1,2,60,2971,,,29
6143,4,2025-03-07 00:00:00,Interest (Payout) from Sovereign Gold Bond 2.50% SEP 2029 SR-VI 2021-22 (IN0020210145) (),13058,-1,,-1,2,40,2949,,,29
6144,4,2025-03-11 00:00:00,Interest (Payout) from Sovereign Gold Bond 2.5% MAR 2028 Sr-X 2019-20 (ISIN IN0020190552) (),13008,-1,,-1,2,40,2951,,,29
6145,4,2025-03-17 00:00:00,Quantity sold 130.732  @ 382.46,12715,-1,,-1,2,60,2971,,,29
6146,4,2025-03-21 00:00:00,Quantity bought 53212.417 @7.44,12766,-1,,-1,2,60,2923,,,29
6147,4,2025-03-21 00:00:00,Quantity sold 3332.766  @ 61.75,12809,-1,,-1,2,60,2922,,,29
6148,4,2025-03-21 00:00:00,Quantity sold 11078.913  @ 16.31,12810,-1,,-1,2,60,2931,,,29
6149,4,2025-03-24 00:00:00,Quantity bought 42012.471 @7.52,12821,-1,,-1,2,60,2923,,,29
6150,4,2025-03-24 00:00:00,"Quantity sold 0.639  @ 4,083.79",12820,-1,,-1,2,60,1924,,,29
6151,4,2025-03-24 00:00:00,"Quantity sold 0.304  @ 4,047.30",12818,-1,,-1,2,60,2622,,,29
6152,4,2025-03-24 00:00:00,Quantity sold 394.136  @ 383.05,12819,-1,,-1,2,60,2971,,,29
6153,4,2025-03-25 00:00:00,Quantity bought 38557.87 @8.38,12846,-1,,-1,2,60,2965,,,29
6154,4,2025-03-27 00:00:00,Dividend Payout from Bharat Electronics (),12885,-1,,-1,2,50,2921,,,29
6155,4,2025-04-22 00:00:00,Interest (Payout) from G-Sec 7.34% GS 2064 (ISIN IN0020240035) (),14065,-1,,-1,2,40,2907,,,29
6156,4,2025-05-06 00:00:00,Quantity bought 155.199 @386.60,13071,-1,,-1,2,60,2971,,,29
6157,4,2025-05-06 00:00:00,"Quantity bought 16.068 @3,734.13",13072,-1,,-1,2,60,2996,,,29
6158,4,2025-05-06 00:00:00,Dividend Payout from HCL Technologies (),14089,-1,,-1,2,50,255,,,29
6159,4,2025-05-07 00:00:00,Quantity bought 4344.115 @13.81,13074,-1,,-1,2,60,2820,,,29
6160,4,2025-05-07 00:00:00,Quantity bought 5041.036 @39.67,13073,-1,,-1,2,60,2997,,,29
6161,4,2025-05-09 00:00:00,Quantity bought 973.157 @102.76,13079,-1,,-1,2,60,3001,,,29
6162,4,2025-05-13 00:00:00,Interest (Payout) from Sovereign Gold Bond 2.50% Nov 2026 Sr-III 2018-19 (IN0020180314) (),14066,-1,,-1,2,40,1549,,,29
6163,4,2025-05-16 00:00:00,Dividend Payout from Oracle Financial Services Software (),14088,-1,,-1,2,50,2881,,,29
6164,4,2025-05-23 00:00:00,Dividend Payout from Coforge (),14087,-1,,-1,2,50,2883,,,29
6165,4,2025-05-24 00:00:00,Interest (Payout) from G-Sec 7.54% GS 2036 (ISIN IN0020220029) (),14001,-1,,-1,2,40,2871,,,29
6166,4,2025-06-03 00:00:00,Dividend Payout from LTIMindtree (),14086,-1,,-1,2,50,2885,,,29
6167,4,2025-06-10 00:00:00,Quantity bought 26.408 @833.08,13297,-1,,-1,2,60,3009,,,29
6168,4,2025-06-10 00:00:00,Quantity bought 1535.357 @14.33,13298,-1,,-1,2,60,3010,,,29
6169,4,2025-06-16 00:00:00,Interest (Payout) from G-Sec 6.99% GS 2051 (ISIN IN0020210194) (),14005,-1,,-1,2,40,2874,,,29
6170,4,2025-06-16 00:00:00,Interest (Payout) from G-Sec 6.67% GS 2035 (ISIN IN0020210152) (),14004,-1,,-1,2,40,2875,,,29
6171,4,2025-06-16 00:00:00,Interest (Payout) from Sovereign Gold Bond 2.50% JUN 2028 SR-III 2020-21 (ISIN IN0020200104) (),14071,-1,,-1,2,40,2952,,,29
6172,4,2025-06-18 00:00:00,Interest (Payout) from G-Sec 6.67% GS 2050 (ISIN IN0020200252) (),14002,-1,,-1,2,40,2876,,,29
6173,4,2025-06-19 00:00:00,Interest (Payout) from G-Sec 7.30% GS 2053 (ISIN IN0020230051) (),14090,-1,,-1,2,40,2872,,,29
6174,4,2025-06-24 00:00:00,Dividend Payout from Tata Consultancy Services (),14085,-1,,-1,2,50,2882,,,29
6175,4,2025-06-25 00:00:00,Dividend Payout from L&T Technology Services (),14084,-1,,-1,2,50,2698,,,29
6176,4,2025-06-30 00:00:00,Dividend Payout from Infosys (),14083,-1,,-1,2,50,288,,,29
6177,4,2025-07-01 00:00:00,Interest (Payout) from Sovereign Gold Bond 2.50% Jan 2026 Sr-XIV 2017-18 (IN0020170166) (),14070,-1,,-1,2,40,2948,,,29
6178,4,2025-07-02 00:00:00,Dividend Payout from Tata Investment Corporation (),14082,-1,,-1,2,50,1930,,,29
6179,4,2025-07-05 00:00:00,Interest (Payout) from Sovereign Gold Bond 2.50% JAN 2029 SR-IX 2020-21 (IN0020200377) (),14069,-1,,-1,2,40,1949,,,29
6180,4,2025-07-14 00:00:00,Interest (Payout) from G-Sec 6.10% GS 2031 (ISIN IN0020210095) (),14003,-1,,-1,2,40,2873,,,29
6181,4,2025-07-28 00:00:00,Dividend Payout from HCL Technologies (),14081,-1,,-1,2,50,255,,,29
6182,4,2025-07-28 00:00:00,Dividend Payout from Mphasis Limited (),14080,-1,,-1,2,50,2880,,,29
6183,4,2025-07-29 00:00:00,Dividend Payout from Persistent Systems (),14079,-1,,-1,2,50,2884,,,29
6184,4,2025-07-31 00:00:00,Dividend Payout from IDFC First Bank (),14078,-1,,-1,2,50,1841,,,29
6185,4,2025-08-04 00:00:00,Dividend Payout from Tata Consultancy Services (),14077,-1,,-1,2,50,2882,,,29
6186,4,2025-08-07 00:00:00,Quantity bought 3563.893 @14.03,13840,-1,,-1,2,60,3031,,,29
6187,4,2025-08-11 00:00:00,Dividend Payout from HDFC Bank (),14075,-1,,-1,2,50,1629,,,29
6188,4,2025-08-11 00:00:00,Dividend Payout from HDFC Bank (),14076,-1,,-1,2,50,1629,,,29
6189,4,2025-08-14 00:00:00,Dividend Payout from KPIT Technologies (),14074,-1,,-1,2,50,2886,,,29
6190,4,2025-08-20 00:00:00,Dividend Payout from UltraTech Cement (),14073,-1,,-1,2,50,1400,,,29
6191,4,2025-08-29 00:00:00,Dividend Payout from Life Insurance Corporation of India (LIC) (),14072,-1,,-1,2,50,1978,,,29
6192,4,2025-09-01 00:00:00,Quantity bought 981.896 @152.77,14019,-1,,-1,2,60,2954,,,29
6193,4,2025-09-02 00:00:00,Quantity bought 6394.523 @23.46,14038,-1,,-1,2,60,3041,,,29
6194,4,2025-09-02 00:00:00,Dividend Payout from Kalyani Steels ( NACH-10-CR-KSL FNL 2024 2025-),14000,-1,,-1,2,50,488,,391200,29
6195,4,2025-09-09 00:00:00,Interest (Payout) from Sovereign Gold Bond 2.50% SEP 2029 SR-VI 2021-22 (IN0020210145) (),14068,-1,,-1,2,40,2949,,,29
6196,4,2025-09-11 00:00:00,Interest (Payout) from Sovereign Gold Bond 2.5% MAR 2028 Sr-X 2019-20 (ISIN IN0020190552) (),14067,-1,,-1,2,40,2951,,,29
6197,4,2025-09-17 00:00:00,"Quantity sold 2.175  @ 6,534.53",14144,-1,,-1,2,60,2623,,,29
6198,4,2025-09-18 00:00:00,Quantity bought 584.573 @24.31,14145,-1,,-1,2,60,3041,,,29
6199,4,2025-09-22 00:00:00,Dividend Payout from Concord Biotech (),14234,-1,,-1,2,50,2672,,,29
6200,4,2025-09-23 00:00:00,Dividend Payout from Bharat Electronics (),14233,-1,,-1,2,50,2921,,,29
6201,4,2025-09-25 00:00:00,Dividend Payout from Skipper (),14232,-1,,-1,2,50,2813,,,29
6202,4,2025-09-26 00:00:00,Quantity sold 126.382  @ 395.63,14146,-1,,-1,2,60,2971,,,29
6203,4,2025-09-26 00:00:00,"Quantity sold 13.082  @ 3,822.05",14176,-1,,-1,2,60,2996,,,29
6204,4,2025-09-28 00:00:00,Quantity sold 25.268  @ 395.76,14177,-1,,-1,2,60,2971,,,29
6205,4,2025-09-28 00:00:00,"Quantity sold 1.308  @ 3,822.63",14178,-1,,-1,2,60,2996,,,29
6206,4,2025-09-29 00:00:00,Quantity sold 108.987  @ 463.00,14180,-1,,-1,2,60,2819,,,29
6207,4,2025-09-29 00:00:00,Quantity sold 3539.823  @ 14.13,14181,-1,,-1,2,60,2820,,,29
6208,4,2025-09-29 00:00:00,Quantity sold 804.292  @ 14.12,14182,-1,,-1,2,60,2820,,,29
6209,4,2025-09-29 00:00:00,"Quantity sold 1.678  @ 3,823.90",14179,-1,,-1,2,60,2996,,,29
6210,4,2025-09-30 00:00:00,Quantity sold 3361.841  @ 110.15,14205,-1,,-1,2,60,2862,,,29
6211,4,2025-10-06 00:00:00,Dividend Payout from Marathon Nextgen Realty (),14231,-1,,-1,2,50,2771,,,29
6212,4,2025-10-23 00:00:00,Interest (Payout) from G-Sec 7.34% GS 2064 (ISIN IN0020240035) (),14230,-1,,-1,2,40,2907,,,29
6213,4,2025-11-04 00:00:00,Dividend Payout from Tata Consultancy Services (),14253,-1,,-1,2,50,2882,,,29
6214,4,2025-11-11 00:00:00,Dividend Payout from L&T Technology Services (),14252,-1,,-1,2,50,2698,,,29
6215,4,2025-11-13 00:00:00,Interest (Payout) from Sovereign Gold Bond 2.50% Nov 2026 Sr-III 2018-19 (IN0020180314) (),14251,-1,,-1,2,40,1549,,,29
6216,4,2025-11-24 00:00:00,Interest (Payout) from G-Sec 7.54% GS 2036 (ISIN IN0020220029) (),14250,-1,,-1,2,40,2871,,,29
6217,4,2025-12-15 00:00:00,Interest (Payout) from G-Sec 6.99% GS 2051 (ISIN IN0020210194) (),14471,-1,,-1,2,40,2874,,,29
6218,4,2025-12-15 00:00:00,Interest (Payout) from G-Sec 6.67% GS 2035 (ISIN IN0020210152) (),14470,-1,,-1,2,40,2875,,,29
6219,4,2025-12-16 00:00:00,Interest (Payout) from Sovereign Gold Bond 2.50% JUN 2028 SR-III 2020-21 (ISIN IN0020200104) (),14474,-1,,-1,2,40,2952,,,29
6220,4,2025-12-17 00:00:00,Interest (Payout) from G-Sec 6.67% GS 2050 (ISIN IN0020200252) (),14469,-1,,-1,2,40,2876,,,29
6221,4,2025-12-19 00:00:00,Interest (Payout) from G-Sec 7.30% GS 2053 (ISIN IN0020230051) (),14473,-1,,-1,2,40,2872,,,29
6222,4,2026-01-01 00:00:00,Interest (Payout) from Sovereign Gold Bond 2.50% Jan 2026 Sr-XIV 2017-18 (IN0020170166) (),14475,-1,,-1,2,40,2948,,,29
6223,4,2026-01-05 00:00:00,Interest (Payout) from Sovereign Gold Bond 2.50% JAN 2029 SR-IX 2020-21 (IN0020200377) (),14472,-1,,-1,2,40,1949,,,29
6224,4,2026-01-12 00:00:00,Interest (Payout) from G-Sec 6.10% GS 2031 (ISIN IN0020210095) (),14468,-1,,-1,2,40,2873,,,29
6225,4,2026-02-05 00:00:00,Quantity bought 5499.882 @18.18,14537,-1,,-1,2,60,2931,,,29
6226,4,2026-02-05 00:00:00,Quantity bought 11160.032 @8.96,14538,-1,,-1,2,60,2965,,,29
6227,4,2026-02-06 00:00:00,"Quantity bought 84.995 @3,529.62",14539,-1,,-1,2,60,3068,,,29
6228,4,2026-02-13 00:00:00,Quantity bought 5458.66 @18.32,14554,-1,,-1,2,60,3077,,,29
6229,4,2026-02-13 00:00:00,Quantity bought 10469.584 @9.55,14555,-1,,-1,2,60,3078,,,29
6230,4,2026-02-13 00:00:00,Quantity bought 11135.549 @8.98,14556,-1,,-1,2,60,3079,,,29
6231,4,2026-02-16 00:00:00,Quantity bought 10206.696 @9.80,14557,-1,,-1,2,60,3080,,,29
6232,4,2026-02-24 00:00:00,Quantity bought 2720.567 @18.38,14577,-1,,-1,2,60,3077,,,29
6233,4,2026-02-24 00:00:00,Quantity bought 2720.567 @18.38,14578,-1,,-1,2,60,3077,,,29
6234,4,2026-02-24 00:00:00,Quantity bought 5538.294 @9.03,14579,-1,,-1,2,60,3079,,,29
6235,4,2026-02-24 00:00:00,Quantity bought 5538.294 @9.03,14580,-1,,-1,2,60,3079,,,29
6236,4,2026-02-24 00:00:00,"Quantity bought 18.07 @5,534.03",14576,-1,,-1,2,60,3086,,,29
6237,4,2026-02-25 00:00:00,Quantity bought 5020.838 @9.96,14582,-1,,-1,2,60,3080,,,29
6238,4,2026-02-25 00:00:00,Quantity bought 5020.838 @9.96,14583,-1,,-1,2,60,3080,,,29
6239,4,2026-02-25 00:00:00,"Quantity bought 56.482 @3,540.95",14581,-1,,-1,2,60,3087,,,29
6240,4,2026-03-05 00:00:00,Dividend Payout from Hindustan Copper (),14641,-1,,-1,2,50,923,,,29
6241,4,2026-03-07 00:00:00,Interest (Payout) from Sovereign Gold Bond 2.50% SEP 2029 SR-VI 2021-22 (IN0020210145) (),14640,-1,,-1,2,40,2949,,,29
6242,4,2026-03-10 00:00:00,Dividend Payout from Bharat Electronics (),14639,-1,,-1,2,50,2921,,,29
6243,4,2026-03-11 00:00:00,Interest (Payout) from Sovereign Gold Bond 2.5% MAR 2028 Sr-X 2019-20 (ISIN IN0020190552) (),14739,-1,,-1,2,40,2951,,,29
6244,4,2026-03-16 00:00:00,"Quantity sold 0.27  @ 5,555.56",14678,-1,,-1,2,60,3086,,,29
6245,4,2026-03-16 00:00:00,"Quantity sold 0.282  @ 3,546.10",14679,-1,,-1,2,60,3087,,,29
6246,4,2026-03-17 00:00:00,Quantity bought 162.593 @9.23,14780,-1,,-1,2,60,3080,,,29
6247,4,2026-03-17 00:00:00,Quantity bought 59.104 @16.92,14779,-1,,-1,2,60,3109,,,29
6248,4,2026-03-17 00:00:00,"Quantity sold 0.27  @ 5,555.56",14777,-1,,-1,2,60,3086,,,29
6249,4,2026-03-17 00:00:00,"Quantity sold 0.282  @ 3,546.10",14778,-1,,-1,2,60,3087,,,29
6250,4,2026-03-18 00:00:00,Quantity bought 160.18 @9.36,14782,-1,,-1,2,60,3080,,,29
6251,4,2026-03-18 00:00:00,Quantity bought 58.007 @17.24,14781,-1,,-1,2,60,3109,,,29
6252,4,2026-03-19 00:00:00,"Quantity sold 0.27  @ 5,555.56",14783,-1,,-1,2,60,3086,,,29
6253,4,2026-03-19 00:00:00,"Quantity sold 0.281  @ 3,558.72",14784,-1,,-1,2,60,3087,,,29
6254,4,2026-03-20 00:00:00,Quantity bought 165.39 @9.07,14786,-1,,-1,2,60,3080,,,29
6255,4,2026-03-20 00:00:00,Quantity bought 59.682 @16.76,14785,-1,,-1,2,60,3109,,,29
6256,4,2026-03-22 00:00:00,"Quantity sold 0.27  @ 5,555.56",14787,-1,,-1,2,60,3086,,,29
6257,4,2026-03-22 00:00:00,"Quantity sold 0.27  @ 5,555.56",14788,-1,,-1,2,60,3086,,,29
6258,4,2026-03-22 00:00:00,"Quantity sold 0.281  @ 3,558.72",14789,-1,,-1,2,60,3087,,,29
6259,4,2026-03-22 00:00:00,"Quantity sold 0.281  @ 3,558.72",14790,-1,,-1,2,60,3087,,,29
6260,4,2026-03-23 00:00:00,Quantity bought 172.267 @8.71,14795,-1,,-1,2,60,3080,,,29
6261,4,2026-03-23 00:00:00,Quantity bought 172.267 @8.71,14796,-1,,-1,2,60,3080,,,29
6262,4,2026-03-23 00:00:00,Quantity bought 62.251 @16.06,14793,-1,,-1,2,60,3109,,,29
6263,4,2026-03-23 00:00:00,Quantity bought 62.251 @16.06,14794,-1,,-1,2,60,3109,,,29
6264,4,2026-03-23 00:00:00,"Quantity sold 0.27  @ 5,555.56",14791,-1,,-1,2,60,3086,,,29
6265,4,2026-03-23 00:00:00,"Quantity sold 0.281  @ 3,558.72",14792,-1,,-1,2,60,3087,,,29
6266,4,2026-03-24 00:00:00,Quantity bought 168.002 @8.93,14800,-1,,-1,2,60,3080,,,29
6267,4,2026-03-24 00:00:00,Quantity bought 60.505 @16.53,14799,-1,,-1,2,60,3109,,,29
6268,4,2026-03-24 00:00:00,"Quantity sold 0.27  @ 5,555.56",14797,-1,,-1,2,60,3086,,,29
6269,4,2026-03-24 00:00:00,"Quantity sold 0.281  @ 3,558.72",14798,-1,,-1,2,60,3087,,,29
6270,4,2026-03-25 00:00:00,Quantity bought 163.302 @9.19,14802,-1,,-1,2,60,3080,,,29
6271,4,2026-03-25 00:00:00,Quantity bought 59.005 @16.95,14801,-1,,-1,2,60,3109,,,29
6272,4,2026-03-26 00:00:00,"Quantity sold 0.27  @ 5,555.56",15013,-1,,-1,2,60,3086,,,29
6273,4,2026-03-26 00:00:00,"Quantity sold 0.281  @ 3,558.72",15014,-1,,-1,2,60,3087,,,29
6274,4,2026-03-27 00:00:00,Quantity bought 168.342 @8.91,15016,-1,,-1,2,60,3080,,,29
6275,4,2026-03-27 00:00:00,Quantity bought 60.453 @16.54,15015,-1,,-1,2,60,3109,,,29
6276,4,2026-03-29 00:00:00,"Quantity sold 0.27  @ 5,555.56",15017,-1,,-1,2,60,3086,,,29
6277,4,2026-03-29 00:00:00,"Quantity sold 0.281  @ 3,558.72",15018,-1,,-1,2,60,3087,,,29
6278,4,2026-03-30 00:00:00,Quantity bought 173.482 @8.65,15062,-1,,-1,2,60,3080,,,29
6279,4,2026-03-30 00:00:00,Quantity bought 62.317 @16.05,15061,-1,,-1,2,60,3109,,,29
6280,4,2026-04-01 00:00:00,"Quantity sold 0.269  @ 5,576.21",15063,-1,,-1,2,60,3086,,,29
6281,4,2026-04-01 00:00:00,"Quantity sold 0.281  @ 3,558.72",15064,-1,,-1,2,60,3087,,,29
6282,4,2026-04-02 00:00:00,Quantity bought 169.521 @8.85,15066,-1,,-1,2,60,3080,,,29
6283,4,2026-04-02 00:00:00,Quantity bought 61.149 @16.35,15065,-1,,-1,2,60,3109,,,29
6284,4,2026-04-05 00:00:00,"Quantity sold 0.269  @ 5,576.21",15099,-1,,-1,2,60,3086,,,29
6285,4,2026-04-05 00:00:00,"Quantity sold 0.28  @ 3,571.43",15100,-1,,-1,2,60,3087,,,29
6286,4,2026-04-05 00:00:00,"Quantity sold 0.28  @ 3,571.43",15101,-1,,-1,2,60,3087,,,29
6287,4,2026-04-06 00:00:00,Quantity bought 166.436 @9.01,15106,-1,,-1,2,60,3080,,,29
6288,4,2026-04-06 00:00:00,Quantity bought 60.024 @16.66,15104,-1,,-1,2,60,3109,,,29
6289,4,2026-04-06 00:00:00,Quantity bought 60.024 @16.66,15105,-1,,-1,2,60,3109,,,29
6290,4,2026-04-06 00:00:00,"Quantity sold 0.269  @ 5,576.21",15102,-1,,-1,2,60,3086,,,29
6291,4,2026-04-06 00:00:00,"Quantity sold 0.28  @ 3,571.43",15103,-1,,-1,2,60,3087,,,29
6292,4,2026-04-07 00:00:00,Quantity bought 166.621 @9.00,15110,-1,,-1,2,60,3080,,,29
6293,4,2026-04-07 00:00:00,Quantity bought 60.136 @16.63,15109,-1,,-1,2,60,3109,,,29
6294,4,2026-04-07 00:00:00,"Quantity sold 0.269  @ 5,576.21",15107,-1,,-1,2,60,3086,,,29
6295,4,2026-04-07 00:00:00,"Quantity sold 0.28  @ 3,571.43",15108,-1,,-1,2,60,3087,,,29
6296,4,2026-04-08 00:00:00,Quantity bought 158.975 @9.44,15114,-1,,-1,2,60,3080,,,29
6297,4,2026-04-08 00:00:00,Quantity bought 57.135 @17.50,15113,-1,,-1,2,60,3109,,,29
6298,4,2026-04-08 00:00:00,"Quantity sold 0.269  @ 5,576.21",15111,-1,,-1,2,60,3086,,,29
6299,4,2026-04-08 00:00:00,"Quantity sold 0.28  @ 3,571.43",15112,-1,,-1,2,60,3087,,,29
6300,4,2026-04-09 00:00:00,Quantity bought 158.387 @9.47,15118,-1,,-1,2,60,3080,,,29
6301,4,2026-04-09 00:00:00,Quantity bought 57.01 @17.54,15117,-1,,-1,2,60,3109,,,29
6302,4,2026-04-09 00:00:00,"Quantity sold 0.269  @ 5,576.21",15115,-1,,-1,2,60,3086,,,29
6303,4,2026-04-09 00:00:00,"Quantity sold 0.28  @ 3,571.43",15116,-1,,-1,2,60,3087,,,29
6304,4,2026-04-10 00:00:00,Quantity bought 154.983 @9.68,15120,-1,,-1,2,60,3080,,,29
6305,4,2026-04-10 00:00:00,Quantity bought 55.826 @17.91,15119,-1,,-1,2,60,3109,,,29
6306,4,2026-04-12 00:00:00,"Quantity sold 0.268  @ 5,597.01",15121,-1,,-1,2,60,3086,,,29
6307,4,2026-04-12 00:00:00,"Quantity sold 0.28  @ 3,571.43",15122,-1,,-1,2,60,3087,,,29
6308,4,2026-04-13 00:00:00,Quantity bought 155.982 @9.62,15124,-1,,-1,2,60,3080,,,29
6309,4,2026-04-13 00:00:00,Quantity bought 56.472 @17.71,15123,-1,,-1,2,60,3109,,,29
6310,4,2026-04-14 00:00:00,"Quantity sold 0.268  @ 5,597.01",15125,-1,,-1,2,60,3086,,,29
6311,4,2026-04-14 00:00:00,"Quantity sold 0.28  @ 3,571.43",15126,-1,,-1,2,60,3087,,,29
6312,4,2026-04-15 00:00:00,Quantity bought 153.429 @9.78,15130,-1,,-1,2,60,3080,,,29
6313,4,2026-04-15 00:00:00,Quantity bought 55.547 @18.00,15129,-1,,-1,2,60,3109,,,29
6314,4,2026-04-15 00:00:00,"Quantity sold 0.268  @ 5,597.01",15127,-1,,-1,2,60,3086,,,29
6315,4,2026-04-15 00:00:00,"Quantity sold 0.279  @ 3,584.23",15128,-1,,-1,2,60,3087,,,29
6316,4,2026-04-16 00:00:00,Quantity bought 152.944 @9.81,15134,-1,,-1,2,60,3080,,,29
6317,4,2026-04-16 00:00:00,Quantity bought 55.569 @18.00,15133,-1,,-1,2,60,3109,,,29
6318,4,2026-04-16 00:00:00,"Quantity sold 0.268  @ 5,597.01",15131,-1,,-1,2,60,3086,,,29
6319,4,2026-04-16 00:00:00,"Quantity sold 0.279  @ 3,584.23",15132,-1,,-1,2,60,3087,,,29
6320,4,2026-04-17 00:00:00,Quantity bought 151.324 @9.91,15136,-1,,-1,2,60,3080,,,29
6321,4,2026-04-17 00:00:00,Quantity bought 54.918 @18.21,15135,-1,,-1,2,60,3109,,,29
6322,4,2026-04-19 00:00:00,"Quantity sold 0.268  @ 5,597.01",15137,-1,,-1,2,60,3086,,,29
6323,4,2026-04-19 00:00:00,"Quantity sold 0.279  @ 3,584.23",15138,-1,,-1,2,60,3087,,,29
6324,4,2026-04-20 00:00:00,Quantity bought 151.035 @9.93,15352,-1,,-1,2,60,3080,,,29
6325,4,2026-04-20 00:00:00,Quantity bought 54.948 @18.20,15351,-1,,-1,2,60,3109,,,29
6326,4,2026-04-20 00:00:00,"Quantity sold 0.268  @ 5,597.01",15349,-1,,-1,2,60,3086,,,29
6327,4,2026-04-20 00:00:00,"Quantity sold 0.279  @ 3,584.23",15350,-1,,-1,2,60,3087,,,29
6328,4,2026-04-21 00:00:00,Quantity bought 150.716 @9.95,15356,-1,,-1,2,60,3080,,,29
6329,4,2026-04-21 00:00:00,Quantity bought 54.661 @18.29,15355,-1,,-1,2,60,3109,,,29
6330,4,2026-04-21 00:00:00,"Quantity sold 0.268  @ 5,597.01",15353,-1,,-1,2,60,3086,,,29
6331,4,2026-04-21 00:00:00,"Quantity sold 0.279  @ 3,584.23",15354,-1,,-1,2,60,3087,,,29
6332,4,2026-04-22 00:00:00,Quantity bought 150.308 @9.98,15360,-1,,-1,2,60,3080,,,29
6333,4,2026-04-22 00:00:00,Quantity bought 54.686 @18.29,15359,-1,,-1,2,60,3109,,,29
6334,4,2026-04-22 00:00:00,"Quantity sold 0.268  @ 5,597.01",15357,-1,,-1,2,60,3086,,,29
6335,4,2026-04-22 00:00:00,"Quantity sold 0.279  @ 3,584.23",15358,-1,,-1,2,60,3087,,,29
6336,4,2026-04-23 00:00:00,Quantity bought 151.141 @9.92,15364,-1,,-1,2,60,3080,,,29
6337,4,2026-04-23 00:00:00,Quantity bought 54.919 @18.21,15363,-1,,-1,2,60,3109,,,29
6338,4,2026-04-23 00:00:00,"Quantity sold 0.268  @ 5,597.01",15361,-1,,-1,2,60,3086,,,29
6339,4,2026-04-23 00:00:00,"Quantity sold 0.279  @ 3,584.23",15362,-1,,-1,2,60,3087,,,29
6340,4,2026-04-24 00:00:00,Quantity bought 151.799 @9.88,15366,-1,,-1,2,60,3080,,,29
6341,4,2026-04-24 00:00:00,Quantity bought 55.376 @18.06,15365,-1,,-1,2,60,3109,,,29
6342,4,2026-04-26 00:00:00,"Quantity sold 0.268  @ 5,597.01",15367,-1,,-1,2,60,3086,,,29
6343,4,2026-04-26 00:00:00,"Quantity sold 0.279  @ 3,584.23",15368,-1,,-1,2,60,3087,,,29
6344,4,2026-04-27 00:00:00,Quantity bought 150.58 @9.96,15372,-1,,-1,2,60,3080,,,29
6345,4,2026-04-27 00:00:00,Quantity bought 54.93 @18.20,15371,-1,,-1,2,60,3109,,,29
6346,4,2026-04-27 00:00:00,"Quantity sold 0.268  @ 5,597.01",15369,-1,,-1,2,60,3086,,,29
6347,4,2026-04-27 00:00:00,"Quantity sold 0.279  @ 3,584.23",15370,-1,,-1,2,60,3087,,,29
6348,4,2026-04-28 00:00:00,Quantity bought 150.928 @9.94,15376,-1,,-1,2,60,3080,,,29
6349,4,2026-04-28 00:00:00,Quantity bought 54.916 @18.21,15375,-1,,-1,2,60,3109,,,29
6350,4,2026-04-28 00:00:00,"Quantity sold 0.268  @ 5,597.01",15373,-1,,-1,2,60,3086,,,29
6351,4,2026-04-28 00:00:00,"Quantity sold 0.279  @ 3,584.23",15374,-1,,-1,2,60,3087,,,29
6352,4,2026-04-29 00:00:00,Quantity bought 150.233 @9.98,15380,-1,,-1,2,60,3080,,,29
6353,4,2026-04-29 00:00:00,Quantity bought 55.001 @18.18,15379,-1,,-1,2,60,3109,,,29
6354,4,2026-04-29 00:00:00,"Quantity sold 0.268  @ 5,597.01",15377,-1,,-1,2,60,3086,,,29
6355,4,2026-04-29 00:00:00,"Quantity sold 0.279  @ 3,584.23",15378,-1,,-1,2,60,3087,,,29
6356,4,2026-04-30 00:00:00,Quantity bought 151.814 @9.88,15382,-1,,-1,2,60,3080,,,29
6357,4,2026-04-30 00:00:00,Quantity bought 55.532 @18.01,15381,-1,,-1,2,60,3109,,,29
6358,4,2026-05-03 00:00:00,"Quantity sold 0.268  @ 5,597.01",15383,-1,,-1,2,60,3086,,,29
6359,4,2026-05-03 00:00:00,"Quantity sold 0.279  @ 3,584.23",15384,-1,,-1,2,60,3087,,,29
6360,4,2026-05-04 00:00:00,Quantity bought 150.716 @9.95,15388,-1,,-1,2,60,3080,,,29
6361,4,2026-05-04 00:00:00,Quantity bought 55.194 @18.12,15387,-1,,-1,2,60,3109,,,29
6362,4,2026-05-04 00:00:00,"Quantity sold 0.268  @ 5,597.01",15385,-1,,-1,2,60,3086,,,29
6363,4,2026-05-04 00:00:00,"Quantity sold 0.279  @ 3,584.23",15386,-1,,-1,2,60,3087,,,29
6364,4,2026-05-05 00:00:00,Quantity bought 149.828 @10.01,15588,-1,,-1,2,60,3080,,,29
6365,4,2026-05-05 00:00:00,Quantity bought 54.985 @18.19,15587,-1,,-1,2,60,3109,,,29
6366,4,2026-05-05 00:00:00,"Quantity sold 0.268  @ 5,597.01",15585,-1,,-1,2,60,3086,,,29
6367,4,2026-05-05 00:00:00,"Quantity sold 0.279  @ 3,584.23",15586,-1,,-1,2,60,3087,,,29
6368,4,2026-05-06 00:00:00,Quantity bought 147.718 @10.15,15633,-1,,-1,2,60,3080,,,29
6369,4,2026-05-06 00:00:00,Quantity bought 53.866 @18.56,15632,-1,,-1,2,60,3109,,,29
6370,4,2026-05-06 00:00:00,"Quantity sold 0.267  @ 5,617.98",15630,-1,,-1,2,60,3086,,,29
6371,4,2026-05-06 00:00:00,"Quantity sold 0.279  @ 3,584.23",15631,-1,,-1,2,60,3087,,,29
6372,4,2026-05-07 00:00:00,Quantity bought 145.173 @10.33,15637,-1,,-1,2,60,3080,,,29
6373,4,2026-05-07 00:00:00,Quantity bought 53.113 @18.83,15636,-1,,-1,2,60,3109,,,29
6374,4,2026-05-07 00:00:00,"Quantity sold 0.267  @ 5,617.98",15634,-1,,-1,2,60,3086,,,29
6375,4,2026-05-07 00:00:00,"Quantity sold 0.279  @ 3,584.23",15635,-1,,-1,2,60,3087,,,29
6376,4,2026-05-08 00:00:00,Quantity bought 145.95 @10.28,15639,-1,,-1,2,60,3080,,,29
6377,4,2026-05-08 00:00:00,Quantity bought 53.241 @18.78,15638,-1,,-1,2,60,3109,,,29
6378,4,2026-05-10 00:00:00,"Quantity sold 0.267  @ 5,617.98",15640,-1,,-1,2,60,3086,,,29
6379,4,2026-05-10 00:00:00,"Quantity sold 0.278  @ 3,597.12",15641,-1,,-1,2,60,3087,,,29
6380,4,2026-05-11 00:00:00,Quantity bought 147.82 @10.15,15645,-1,,-1,2,60,3080,,,29
6381,4,2026-05-11 00:00:00,Quantity bought 53.954 @18.53,15644,-1,,-1,2,60,3109,,,29
6382,4,2026-05-11 00:00:00,"Quantity sold 0.267  @ 5,617.98",15642,-1,,-1,2,60,3086,,,29
6383,4,2026-05-11 00:00:00,"Quantity sold 0.278  @ 3,597.12",15643,-1,,-1,2,60,3087,,,29
6384,4,2026-05-12 00:00:00,Quantity bought 151.538 @9.90,15649,-1,,-1,2,60,3080,,,29
6385,4,2026-05-12 00:00:00,Quantity bought 55.394 @18.05,15648,-1,,-1,2,60,3109,,,29
6386,4,2026-05-12 00:00:00,"Quantity sold 0.267  @ 5,617.98",15646,-1,,-1,2,60,3086,,,29
6387,4,2026-05-12 00:00:00,"Quantity sold 0.278  @ 3,597.12",15647,-1,,-1,2,60,3087,,,29
6388,4,2019-04-16 00:00:00,"Quantity bought 21.855 @4,575.61",5631,-1,,-1,17,60,1352,,,29
6389,4,2019-04-30 00:00:00,Quantity bought 443.805 @56.33,5585,-1,,-1,17,60,1093,,,29
6390,4,2019-05-28 00:00:00,Quantity bought 432.055 @57.86,5629,-1,,-1,17,60,1093,,,29
6391,4,2019-06-25 00:00:00,"Quantity bought 147.195 @2,717.48",5681,-1,,-1,17,60,1046,,,29
6392,4,2019-06-28 00:00:00,Quantity bought 435.138 @57.45,5682,-1,,-1,17,60,1093,,,29
6393,4,2019-07-08 00:00:00,Quantity bought 925.583 @54.02,5683,-1,,-1,17,60,1070,,,29
6394,4,2019-07-08 00:00:00,Quantity bought 1121.204 @44.59,5684,-1,,-1,17,60,1367,,,29
6395,4,2019-07-08 00:00:00,Quantity bought 2572.255 @19.44,5685,-1,,-1,17,60,1368,,,29
6396,4,2019-07-16 00:00:00,"Quantity bought 25.101 @2,987.93",5686,-1,,-1,17,60,1369,,,29
6397,4,2019-07-23 00:00:00,"Quantity sold 18.303  @ 2,731.79",5687,-1,,-1,17,60,1046,,,29
6398,4,2019-07-24 00:00:00,Quantity bought 7369.034 @27.14,5689,-1,,-1,17,60,1370,,,29
6399,4,2019-07-24 00:00:00,Quantity bought 6447.905 @27.14,5690,-1,,-1,17,60,1370,,,29
6400,4,2019-07-24 00:00:00,Quantity bought 7903.922 @20.34,5691,-1,,-1,17,60,1371,,,29
6401,4,2019-07-24 00:00:00,Quantity sold 4913.683  @ 49.10,5746,-1,,-1,17,60,642,,,29
6402,4,2019-07-24 00:00:00,Quantity sold 2356.893  @ 68.22,5745,-1,,-1,17,60,873,,,29
6403,4,2019-07-24 00:00:00,"Quantity sold 164.695  @ 2,732.32",5688,-1,,-1,17,60,1046,,,29
6404,4,2019-07-25 00:00:00,Quantity bought 16561.349 @27.17,5696,-1,,-1,17,60,1370,,,29
6405,4,2019-07-25 00:00:00,"Quantity sold 79.517  @ 2,732.79",5747,-1,,-1,17,60,1033,,,29
6406,4,2019-07-25 00:00:00,"Quantity sold 109.778  @ 2,732.79",5695,-1,,-1,17,60,1046,,,29
6407,4,2019-07-25 00:00:00,"Quantity sold 21.855  @ 4,666.64",5838,-1,,-1,17,60,1352,,,29
6408,4,2019-07-26 00:00:00,Quantity bought 16556.84 @27.18,5718,-1,,-1,17,60,1370,,,29
6409,4,2019-07-29 00:00:00,Quantity bought 456.213 @54.80,5730,-1,,-1,17,60,1093,,,29
6410,4,2019-07-31 00:00:00,"Quantity sold 18.276  @ 2,735.83",5731,-1,,-1,17,60,1046,,,29
6411,4,2019-08-01 00:00:00,"Quantity sold 9.136  @ 2,736.43",5732,-1,,-1,17,60,1046,,,29
6412,4,2019-08-05 00:00:00,Quantity bought 16515.095 @27.25,5733,-1,,-1,17,60,1370,,,29
6413,4,2019-08-08 00:00:00,"Quantity sold 18.25  @ 2,739.73",5757,-1,,-1,17,60,1046,,,29
6414,4,2019-08-12 00:00:00,"Quantity sold 93.4039  @ 3,879.57",5864,-1,,-1,17,60,845,,,29
6415,4,2019-08-12 00:00:00,"Quantity sold 3.088  @ 2,741.57",5759,-1,,-1,17,60,1046,,,29
6416,4,2019-08-12 00:00:00,"Quantity sold 25.101  @ 3,002.10",5758,-1,,-1,17,60,1369,,,29
6417,4,2019-08-28 00:00:00,Quantity bought 458.581 @54.52,5783,-1,,-1,17,60,1093,,,29
6418,4,2019-09-30 00:00:00,Quantity bought 440.63 @56.74,5865,-1,,-1,17,60,1093,,,29
6419,4,2019-10-29 00:00:00,Quantity bought 424.751 @58.86,5881,-1,,-1,17,60,1093,,,29
6420,4,2019-11-04 00:00:00,Quantity sold 2282.57  @ 39.25,5884,-1,,-1,17,60,713,,,29
6421,4,2019-11-04 00:00:00,Quantity sold 4460.171  @ 40.54,5883,-1,,-1,17,60,732,,,29
6422,4,2019-11-06 00:00:00,Quantity bought 16777.719 @20.86,5888,-1,,-1,17,60,1371,,,29
6423,4,2019-11-07 00:00:00,Quantity bought 16775.95 @20.86,5892,-1,,-1,17,60,1371,,,29
6424,4,2019-11-27 00:00:00,Quantity sold 4440.786  @ 40.74,5909,-1,,-1,17,60,732,,,29
6425,4,2019-11-27 00:00:00,Quantity sold 207.669  @ 40.82,5942,-1,,-1,17,60,1058,,,29
6426,4,2019-11-28 00:00:00,Quantity bought 408.143 @61.25,5913,-1,,-1,17,60,1093,,,29
6427,4,2019-12-12 00:00:00,Quantity sold 5210.632  @ 46.12,5927,-1,,-1,17,60,388,,,29
6428,4,2019-12-30 00:00:00,Quantity bought 405.943 @61.59,5954,-1,,-1,17,60,1093,,,29
6429,4,2020-01-28 00:00:00,Quantity bought 398.241 @62.78,5961,-1,,-1,17,60,1093,,,29
6430,4,2020-02-28 00:00:00,Quantity bought 419.752 @59.56,5999,-1,,-1,17,60,1093,,,29
6431,4,2020-03-06 00:00:00,Quantity sold 41457.591  @ 21.42,6009,-1,,-1,17,60,1371,,,29
6432,4,2020-03-17 00:00:00,Quantity sold 1923.129  @ 43.76,6035,-1,,-1,17,60,1070,,,29
6433,4,2020-03-17 00:00:00,Quantity sold 1121.204  @ 34.07,6039,-1,,-1,17,60,1367,,,29
6434,4,2020-03-23 00:00:00,Quantity sold 63450.223  @ 27.35,6077,-1,,-1,17,60,1370,,,29
6435,4,2020-03-25 00:00:00,Quantity sold 5651.575  @ 42.78,6115,-1,,-1,17,60,1093,,,29
6436,4,2020-03-25 00:00:00,Quantity sold 2572.255  @ 13.21,6116,-1,,-1,17,60,1368,,,29
6437,4,2020-03-30 00:00:00,Quantity bought 569.71 @43.88,6118,-1,,-1,17,60,1093,,,29
6438,4,2020-06-15 00:00:00,Quantity sold 4807.591  @ 1.43,6442,-1,,-1,17,60,1534,,,29
6439,4,2020-06-22 00:00:00,Quantity sold 569.71  @ 54.74,6360,-1,,-1,17,60,1093,,,29
6440,4,2020-07-10 00:00:00,Quantity sold 58642.632  @ 1.43,6443,-1,,-1,17,60,1534,,,29
6441,4,2020-10-13 00:00:00,Quantity bought 5278.355 @75.78,6581,-1,,-1,17,60,1564,,,29
6442,4,2020-10-26 00:00:00,Quantity bought 5896.519 @76.31,6605,-1,,-1,17,60,1564,,,29
6443,4,2020-12-21 00:00:00,Quantity sold 3915.8816  @ 76.61,6661,-1,,-1,17,60,1564,,,29
6444,4,2020-12-24 00:00:00,Quantity sold 3263.652  @ 76.60,6663,-1,,-1,17,60,1564,,,29
6445,4,2021-01-05 00:00:00,Quantity sold 3995.3404  @ 77.12,6695,-1,,-1,17,60,1564,,,29
6446,4,2021-03-16 00:00:00,Quantity sold 8866.82  @ 27.79,6747,-1,,-1,17,60,920,,,29
6447,4,2021-03-30 00:00:00,Quantity sold 12500  @ 11.01,6827,-1,,-1,17,60,929,,,29
6448,4,2019-04-15 00:00:00,"Share Contract Note,  No.:I2301/14365   27/APR2019/3113",-1,486,,-1,2,50,-1,,,29
6449,4,2019-05-14 00:00:00,"Share Contract Note,  No.:I2301/37545   27/MAY2019/2404",-1,2245,,-1,2,50,-1,,,29
6450,4,2019-06-06 00:00:00,"Share Contract Note,  No.:I2301/60320   27/JUN2019/647",-1,2267,,-1,2,50,-1,,,29
6451,4,2019-06-18 00:00:00,"Share Contract Note,  No.:I2301/70785   27/JUN2019/2887",-1,2282,,-1,2,50,-1,,,29
6452,4,2019-07-24 00:00:00,"Share Contract Note,  No.:I2301/103848   27/JUL2019/4619",-1,2288,,-1,2,50,-1,,,29
6453,4,2019-06-24 00:00:00,"Share Contract Note,  No.:I2301/76152   27/JUN2019/4029",-1,2342,,-1,2,50,-1,,,29
6454,4,2019-10-12 00:00:00,"Share Contract Note,  No.:fpo, Settlement No.:fpo",-1,2361,,-1,2,50,-1,,,29
6455,4,2019-12-12 00:00:00,"Share Contract Note,  No.:I2301/223824   27/DEC2019/2127",-1,2380,,-1,2,40,-1,,,29
6456,4,2019-12-23 00:00:00,"Share Contract Note,  No.:3722138",-1,2385,,-1,2,40,-1,,,29
6457,4,2020-02-28 00:00:00,"Share Contract Note,  No.:I2301/292162   27/FEB2020/5247",-1,2399,,-1,2,50,-1,,,29
6458,4,2020-03-04 00:00:00,"Share Contract Note,  No.:I2301/295779   27/MAR2020/573",-1,2403,,-1,2,50,-1,,,29
6459,4,2020-03-12 00:00:00,"Share Contract Note,  No.:5780156",-1,2410,,-1,2,40,-1,,,29
6460,4,2020-03-13 00:00:00,"Share Contract Note,  No.:5834763",-1,2414,,-1,2,40,-1,,,29
6461,4,2020-03-16 00:00:00,"Share Contract Note,  No.:5884479",-1,2416,,-1,2,40,-1,,,29
6462,4,2020-03-17 00:00:00,"Share Contract Note,  No.:I2301/306504   27/MAR2020/2782",-1,2419,,-1,2,50,-1,,,29
6463,4,2020-03-17 00:00:00,"Share Contract Note,  No.:5954836",-1,2421,,-1,2,40,-1,,,29
6464,4,2020-03-18 00:00:00,"Share Contract Note,  No.:6024448",-1,2422,,-1,2,40,-1,,,29
6465,4,2020-03-23 00:00:00,"Share Contract Note,  No.:I2301/312047   27/MAR2020/3984",-1,2424,,-1,2,40,-1,,,29
6466,4,2020-03-24 00:00:00,"Share Contract Note,  No.:6294904",-1,2426,,-1,2,40,-1,,,29
6467,4,2020-03-25 00:00:00,"Share Contract Note,  No.:6346137",-1,2431,,-1,2,40,-1,,,29
6468,4,2020-03-30 00:00:00,"Share Contract Note,  No.:I2301/318482   27/MAR2020/5419",-1,2440,,-1,2,40,-1,,,29
6469,4,2020-04-01 00:00:00,"Share Contract Note,  No.:6524047",-1,2442,,-1,2,50,-1,,,29
6470,4,2020-04-01 00:00:00,"Share Contract Note,  No.:I2301/424   27/APR2020/93",-1,2451,,-1,2,40,-1,,,29
6471,4,2020-04-01 00:00:00,"Share Contract Note,  No.:4063",-1,2467,,-1,2,40,-1,,,29
6472,4,2019-11-25 00:00:00,"Share Contract Note,  No.:I2301/207318   27/NOV2019/4232",-1,2470,,-1,2,40,-1,,,29
6473,4,2019-10-17 00:00:00,"Share Contract Note,  No.:I2301/174184   27/OCT2019/2793",-1,2471,,-1,2,50,-1,,,29
6474,4,2020-04-03 00:00:00,"Share Contract Note,  No.:61968",-1,2475,,-1,2,40,-1,,,29
6475,4,2020-04-03 00:00:00,"Share Contract Note,  No.:I2301/1651   27/APR2020/365",-1,2476,,-1,2,40,-1,,,29
6476,4,2020-04-07 00:00:00,"Share Contract Note,  No.:123161",-1,2482,,-1,2,40,-1,,,29
6477,4,2020-04-08 00:00:00,"Share Contract Note,  No.:I2301/4355   27/APR2020/960",-1,2483,,-1,2,40,-1,,,29
6478,4,2020-04-09 00:00:00,"Share Contract Note,  No.:I2301/5803   27/APR2020/1286",-1,2486,,-1,2,40,-1,,,29
6479,4,2020-04-13 00:00:00,"Share Contract Note,  No.:326945",-1,2491,,-1,2,40,-1,,,29
6480,4,2020-04-09 00:00:00,"Share Contract Note,  No.:258606",-1,2492,,-1,2,40,-1,,,29
6481,4,2020-04-15 00:00:00,"Share Contract Note,  No.:407036",-1,2493,,-1,2,40,-1,,,29
6482,4,2020-04-16 00:00:00,"Share Contract Note,  No.:479822",-1,2494,,-1,2,50,-1,,,29
6483,4,2020-04-20 00:00:00,"Share Contract Note,  No.:620822",-1,2495,,-1,2,50,-1,,,29
6484,4,2020-04-21 00:00:00,"Share Contract Note,  No.:704851",-1,2496,,-1,2,50,-1,,,29
6485,4,2020-04-15 00:00:00,"Share Contract Note,  No.:I2301/8730   27/APR2020/1944",-1,2499,,-1,2,40,-1,,,29
6486,4,2020-04-23 00:00:00,"Share Contract Note,  No.:I2301/17867   27/APR2020/3902",-1,2500,,-1,2,40,-1,,,29
6487,4,2020-04-24 00:00:00,"Share Contract Note,  No.:I2301/19408   27/APR2020/4239",-1,2504,,-1,2,40,-1,,,29
6488,4,2020-05-06 00:00:00,"Share Contract Note,  No.:1524920",-1,2515,,-1,2,40,-1,,,29
6489,4,2020-05-04 00:00:00,"Share Contract Note,  No.:1352771",-1,2519,,-1,2,50,-1,,,29
6490,4,2020-05-05 00:00:00,"Share Contract Note,  No.:1444631",-1,2520,,-1,2,50,-1,,,29
6491,4,2020-05-11 00:00:00,"Share Contract Note,  No.:1741515",-1,2521,,-1,2,40,-1,,,29
6492,4,2020-05-19 00:00:00,"Share Contract Note,  No.:2224819",-1,2522,,-1,2,50,-1,,,29
6493,4,2020-06-01 00:00:00,"Share Contract Note,  No.:2869456",-1,2529,,-1,2,40,-1,,,29
6494,4,2020-06-05 00:00:00,"Share Contract Note,  No.:3248610",-1,2533,,-1,2,40,-1,,,29
6495,4,2020-06-10 00:00:00,"Share Contract Note,  No.:3558320",-1,2541,,-1,2,40,-1,,,29
6496,4,2020-06-11 00:00:00,"Share Contract Note,  No.:3643047",-1,2543,,-1,2,40,-1,,,29
6497,4,2020-06-12 00:00:00,"Share Contract Note,  No.:3737469",-1,2546,,-1,2,40,-1,,,29
6498,4,2020-06-15 00:00:00,"Share Contract Note,  No.:3825523",-1,2548,,-1,2,40,-1,,,29
6499,4,2020-06-16 00:00:00,"Share Contract Note,  No.:3911961",-1,2550,,-1,2,40,-1,,,29
6500,4,2020-06-17 00:00:00,"Share Contract Note,  No.:4000530",-1,2552,,-1,2,40,-1,,,29
6501,4,2020-06-19 00:00:00,"Share Contract Note,  No.:4164217",-1,2555,,-1,2,40,-1,,,29
6502,4,2020-06-22 00:00:00,"Share Contract Note,  No.:4264623",-1,2559,,-1,2,40,-1,,,29
6503,4,2020-06-25 00:00:00,"Share Contract Note,  No.:4601943",-1,2566,,-1,2,40,-1,,,29
6504,4,2020-06-26 00:00:00,"Share Contract Note,  No.:4693999",-1,2571,,-1,2,40,-1,,,29
6505,4,2020-06-30 00:00:00,"Share Contract Note,  No.:4885958",-1,2574,,-1,2,40,-1,,,29
6506,4,2020-07-02 00:00:00,"Share Contract Note,  No.:5062083",-1,2577,,-1,2,40,-1,,,29
6507,4,2020-07-08 00:00:00,"Share Contract Note,  No.:5483892",-1,2581,,-1,2,40,-1,,,29
6508,4,2020-07-09 00:00:00,"Share Contract Note,  No.:5594426",-1,2582,,-1,2,40,-1,,,29
6509,4,2020-07-10 00:00:00,"Share Contract Note,  No.:5693583",-1,2585,,-1,2,40,-1,,,29
6510,4,2020-07-13 00:00:00,"Share Contract Note,  No.:5799378",-1,2588,,-1,2,40,-1,,,29
6511,4,2020-07-15 00:00:00,"Share Contract Note,  No.:I2301/108480   27/JUL2020/3670",-1,2590,,-1,2,40,-1,,,29
6512,4,2020-07-15 00:00:00,"Share Contract Note,  No.:6008127",-1,2593,,-1,2,40,-1,,,29
6513,4,2020-07-16 00:00:00,"Share Contract Note,  No.:6105291",-1,2594,,-1,2,40,-1,,,29
6514,4,2020-07-17 00:00:00,"Share Contract Note,  No.:6200390",-1,2598,,-1,2,40,-1,,,29
6515,4,2020-07-21 00:00:00,"Share Contract Note,  No.:6391746",-1,2602,,-1,2,40,-1,,,29
6516,4,2020-07-22 00:00:00,"Share Contract Note,  No.:I2301/116790   27/JUL2020/5467",-1,2606,,-1,2,40,-1,,,29
6517,4,2020-07-22 00:00:00,"Share Contract Note,  No.:CNT-20/21-39106118",-1,2607,,-1,2,40,-1,,,29
6518,4,2020-07-23 00:00:00,"Share Contract Note,  No.:CNT-20/21-39716160",-1,2610,,-1,2,40,-1,,,29
6519,4,2020-07-22 00:00:00,"Share Contract Note,  No.:6515165",-1,2614,,-1,2,50,-1,,,29
6520,4,2020-07-28 00:00:00,"Share Contract Note,  No.:I2301/123406   27/JUL2020/6883",-1,2615,,-1,2,40,-1,,,29
6521,4,2020-07-28 00:00:00,"Share Contract Note,  No.:CNT-20/21-41496073",-1,2618,,-1,2,40,-1,,,29
6522,4,2020-08-14 00:00:00,"Share Contract Note,  No.:CNT-20/21-49273950",-1,2622,,-1,2,40,-1,,,29
6523,4,2020-08-13 00:00:00,"Share Contract Note,  No.:8228173",-1,2624,,-1,2,40,-1,,,29
6524,4,2020-08-17 00:00:00,"Share Contract Note,  No.:8468768",-1,2627,,-1,2,40,-1,,,29
6525,4,2020-08-19 00:00:00,"Share Contract Note,  No.:8672514",-1,2631,,-1,2,40,-1,,,29
6526,4,2020-08-20 00:00:00,"Share Contract Note,  No.:8782249",-1,2636,,-1,2,40,-1,,,29
6527,4,2020-08-21 00:00:00,"Share Contract Note,  No.:8896429",-1,2637,,-1,2,40,-1,,,29
6528,4,2020-08-24 00:00:00,"Share Contract Note,  No.:CNT-20/21-52967045",-1,2638,,-1,2,40,-1,,,29
6529,4,2020-08-26 00:00:00,"Share Contract Note,  No.:CNT-20/21-54235486",-1,2640,,-1,2,40,-1,,,29
6530,4,2020-08-25 00:00:00,"Share Contract Note,  No.:9160193",-1,2649,,-1,2,40,-1,,,29
6531,4,2020-08-27 00:00:00,"Share Contract Note,  No.:CNT-20/21-54896393",-1,2652,,-1,2,40,-1,,,29
6532,4,2020-08-28 00:00:00,"Share Contract Note,  No.:CNT-20/21-55556729",-1,2658,,-1,2,40,-1,,,29
6533,4,2020-09-03 00:00:00,"Share Contract Note,  No.:9949353",-1,2661,,-1,2,40,-1,,,29
6534,4,2020-09-03 00:00:00,"Share Contract Note,  No.:CNT-20/21-58186516",-1,2662,,-1,2,40,-1,,,29
6535,4,2020-09-04 00:00:00,"Share Contract Note,  No.:CNT-20/21-58811565",-1,2663,,-1,2,40,-1,,,29
6536,4,2020-09-30 00:00:00,"Share Contract Note,  No.:CNT-20/21-69313766",-1,2675,,-1,2,40,-1,,,29
6537,4,2020-07-29 00:00:00,"Share Contract Note,  No.:CNT-20/21-42083937",-1,2676,,-1,2,40,-1,,,29
6538,4,2020-10-06 00:00:00,"Share Contract Note,  No.:CNT-20/21-71019524",-1,2682,,-1,2,40,-1,,,29
6539,4,2020-10-07 00:00:00,"Share Contract Note,  No.:CNT-20/21-71592620",-1,2684,,-1,2,40,-1,,,29
6540,4,2020-10-07 00:00:00,"Share Contract Note,  No.:I2301/200872   27/OCT2020/976",-1,2685,,-1,2,40,-1,,,29
6541,4,2020-10-08 00:00:00,"Share Contract Note,  No.:I2301/202294   27/OCT2020/1291",-1,2686,,-1,2,40,-1,,,29
6542,4,2020-10-09 00:00:00,"Share Contract Note,  No.:I2301/203763   27/OCT2020/1620",-1,2689,,-1,2,40,-1,,,29
6543,4,2020-10-14 00:00:00,"Share Contract Note,  No.:CNT-20/21-74465988",-1,2694,,-1,2,40,-1,,,29
6544,4,2020-10-21 00:00:00,"Share Contract Note,  No.:CNT-20/21-77221119",-1,2696,,-1,2,40,-1,,,29
6545,4,2020-10-28 00:00:00,"Share Contract Note,  No.:CNT-20/21-79976101",-1,2706,,-1,2,40,-1,,,29
6546,4,2020-11-04 00:00:00,"Share Contract Note,  No.:CNT-20/21-82712804",-1,2708,,-1,2,40,-1,,,29
6547,4,2020-11-09 00:00:00,"Share Contract Note,  No.:CNT-20/21-84431978",-1,2709,,-1,2,40,-1,,,29
6548,4,2020-10-30 00:00:00,"Share Contract Note,  No.:CNT-20/21-81047500",-1,2710,,-1,2,40,-1,,,29
6549,4,2020-11-12 00:00:00,"Share Contract Note,  No.:CNT-20/21-86369625",-1,2712,,-1,2,40,-1,,,29
6550,4,2020-11-23 00:00:00,"Share Contract Note,  No.:15223575",-1,2722,,-1,2,40,-1,,,29
6551,4,2020-11-24 00:00:00,"Share Contract Note,  No.:CNT-20/21-91286263",-1,2724,,-1,2,40,-1,,,29
6552,4,2020-12-08 00:00:00,"Share Contract Note,  No.:CNT-20/21-97524918",-1,2732,,-1,2,40,-1,,,29
6553,4,2020-12-10 00:00:00,"Share Contract Note,  No.:CNT-20/21-99025166",-1,2734,,-1,2,40,-1,,,29
6554,4,2020-11-27 00:00:00,"Share Contract Note,  No.:15642097",-1,2739,,-1,2,40,-1,,,29
6555,4,2020-10-20 00:00:00,"Share Contract Note,  No.:CNT-20/21-76654606",-1,2740,,-1,2,40,-1,,,29
6556,4,2021-01-06 00:00:00,"Share Contract Note,  No.:CNT-20/21-112047016",-1,2741,,-1,2,40,-1,,,29
6557,4,2021-01-14 00:00:00,"Share Contract Note,  No.:CNT-20/21-116930430",-1,2746,,-1,2,40,-1,,,29
6558,4,2021-01-11 00:00:00,"Share Contract Note,  No.:CNT-20/21-114495044",-1,2748,,-1,2,40,-1,,,29
6559,4,2021-01-15 00:00:00,"Share Contract Note,  No.:CNT-20/21-117692414",-1,2750,,-1,2,40,-1,,,29
6560,4,2021-03-26 00:00:00,"Share Contract Note,  No.:I2301/385690   27/MAR2021/5792",-1,2758,,-1,2,40,-1,,,29
6561,4,2021-03-30 00:00:00,"Share Contract Note,  No.:25488857",-1,2764,,-1,2,50,-1,,,29
6562,4,2021-03-30 00:00:00,"Share Contract Note,  No.:CNT-20/21-158944960",-1,2765,,-1,2,50,-1,,,29
6563,4,2021-03-31 00:00:00,"Share Contract Note,  No.:CNT-20/21-159669209",-1,2767,,-1,2,50,-1,,,29
6564,4,2021-04-01 00:00:00,"Share Contract Note,  No.:2459",-1,2771,,-1,2,50,-1,,,29
6565,4,2021-04-05 00:00:00,"Share Contract Note,  No.:CNT-21/22-1559602",-1,2775,,-1,2,50,-1,,,29
6566,4,2021-04-12 00:00:00,"Share Contract Note,  No.:CNT-21/22-5520290",-1,2781,,-1,2,50,-1,,,29
6567,4,2021-04-13 00:00:00,"Share Contract Note,  No.:CNT-21/22-6677807",-1,2783,,-1,2,50,-1,,,29
6568,4,2021-04-15 00:00:00,"Share Contract Note,  No.:CNT-21/22-7518556",-1,2785,,-1,2,50,-1,,,29
6569,4,2021-04-19 00:00:00,"Share Contract Note,  No.:CNT-21/22-9132819",-1,2792,,-1,2,50,-1,,,29
6570,4,2021-05-12 00:00:00,"Share Contract Note,  No.:I2301/42401   27/MAY2021/2534",-1,2832,,-1,2,50,-1,,,29
6571,4,2021-08-02 00:00:00,"Share Contract Note,  No.:CNT-21/22-80069085",-1,2874,,-1,2,50,-1,,,29
6572,4,2021-09-16 00:00:00,"Share Contract Note,  No.:CNT-21/22-109974920",-1,2892,,-1,2,50,-1,,,29
6573,4,2021-09-27 00:00:00,"Share Contract Note,  No.:CNT-21/22-119389000",-1,2893,,-1,2,50,-1,,,29
6574,4,2021-12-22 00:00:00,"Share Contract Note,  No.:CNT-21/22-183147280",-1,2978,,-1,2,50,-1,,,29
6575,4,2021-12-23 00:00:00,"Share Contract Note,  No.:CNT-21/22-183303370",-1,2979,,-1,2,40,-1,,,29
6576,4,2022-01-20 00:00:00,"Share Contract Note,  No.:CNT-21/22-206720924",-1,2981,,-1,2,50,-1,,,29
6577,4,2022-01-21 00:00:00,"Share Contract Note,  No.:CNT-21/22-208756513",-1,2983,,-1,2,50,-1,,,29
6578,4,2022-01-24 00:00:00,"Share Contract Note,  No.:CNT-21/22-210131239",-1,2984,,-1,2,50,-1,,,29
6579,4,2022-01-25 00:00:00,"Share Contract Note,  No.:CNT-21/22-210551451",-1,2987,,-1,2,50,-1,,,29
6580,4,2022-02-14 00:00:00,"Share Contract Note,  No.:CNT-21/22-226033975",-1,2988,,-1,2,50,-1,,,29
6581,4,2022-03-07 00:00:00,"Share Contract Note,  No.:CNT-21/22-241686735",-1,2998,,-1,2,50,-1,,,29
6582,4,2022-03-14 00:00:00,"Share Contract Note,  No.:CNT-21/22-246834624",-1,3000,,-1,2,50,-1,,,29
6583,4,2021-06-16 00:00:00,"Share Contract Note,  No.:7534816",-1,3002,,-1,2,40,-1,,,29
6584,4,2022-03-15 00:00:00,"Share Contract Note,  No.:CNT-21/22-247880282",-1,3006,,-1,2,50,-1,,,29
6585,4,2022-03-28 00:00:00,"Share Contract Note,  No.:CNT-21/22-255770537",-1,3046,,-1,2,50,-1,,,29
6586,4,2022-04-04 00:00:00,"Share Contract Note,  No.:CNT-22/23-1967182",-1,3065,,-1,2,50,-1,,,29
6587,4,2022-04-05 00:00:00,"Share Contract Note,  No.:CNT-22/23-3101650",-1,3069,,-1,2,50,-1,,,29
6588,4,2022-04-07 00:00:00,"Share Contract Note,  No.:CNT-22/23-5547869",-1,3071,,-1,2,50,-1,,,29
6589,4,2022-04-11 00:00:00,"Share Contract Note,  No.:CNT-22/23-7719435",-1,3073,,-1,2,50,-1,,,29
6590,4,2022-04-13 00:00:00,"Share Contract Note,  No.:CNT-22/23-9905028",-1,3076,,-1,2,50,-1,,,29
6591,4,2022-04-12 00:00:00,"Share Contract Note,  No.:CNT-22/23-8845126",-1,3078,,-1,2,50,-1,,,29
6592,4,2022-04-18 00:00:00,"Share Contract Note,  No.:CNT-22/23-11085329",-1,3080,,-1,2,50,-1,,,29
6593,4,2022-04-19 00:00:00,"Share Contract Note,  No.:CNT-22/23-12286022",-1,3081,,-1,2,50,-1,,,29
6594,4,2022-04-25 00:00:00,"Share Contract Note,  No.:CNT-22/23-16384325",-1,3089,,-1,2,50,-1,,,29
6595,4,2022-04-29 00:00:00,"Share Contract Note,  No.:CNT-22/23-20108482",-1,3105,,-1,2,50,-1,,,29
6596,4,2022-05-04 00:00:00,"Share Contract Note,  No.:CNT-22/23-22166186",-1,3106,,-1,2,50,-1,,,29
6597,4,2022-05-05 00:00:00,"Share Contract Note,  No.:CNT-22/23-23539099",-1,3107,,-1,2,50,-1,,,29
6598,4,2022-05-06 00:00:00,"Share Contract Note,  No.:CNT-22/23-24619417",-1,3108,,-1,2,50,-1,,,29
6599,4,2022-05-09 00:00:00,"Share Contract Note,  No.:CNT-22/23-25686968",-1,3113,,-1,2,50,-1,,,29
6600,4,2022-05-10 00:00:00,"Share Contract Note,  No.:CNT-22/23-26678239",-1,3117,,-1,2,50,-1,,,29
6601,4,2022-05-11 00:00:00,"Share Contract Note,  No.:CNT-22/23-27743719",-1,3119,,-1,2,50,-1,,,29
6602,4,2022-05-25 00:00:00,"Share Contract Note,  No.:CNT-22/23-37389196",-1,3138,,-1,2,50,-1,,,29
6603,4,2022-05-26 00:00:00,"Share Contract Note,  No.:CNT-22/23-38377474",-1,3146,,-1,2,50,-1,,,29
6604,4,2022-05-30 00:00:00,"Share Contract Note,  No.:CNT-22/23-40022530",-1,3147,,-1,2,50,-1,,,29
6605,4,2022-06-10 00:00:00,"Share Contract Note,  No.:CNT-22/23-48516066",-1,3158,,-1,2,50,-1,,,29
6606,4,2022-06-16 00:00:00,"Share Contract Note,  No.:CNT-22/23-51878864",-1,3169,,-1,2,50,-1,,,29
6607,4,2022-06-20 00:00:00,"Share Contract Note,  No.:CNT-22/23-53956205",-1,3178,,-1,2,50,-1,,,29
6608,4,2022-06-28 00:00:00,"Share Contract Note,  No.:CNT-22/23-60161111",-1,3189,,-1,2,40,-1,,,29
6609,4,2022-06-29 00:00:00,"Share Contract Note,  No.:CNT-22/23-60904723",-1,3191,,-1,2,40,-1,,,29
6610,4,2022-08-05 00:00:00,"Share Contract Note,  No.:CNT-22/23-84123091",-1,3248,,-1,2,50,-1,,,29
6611,4,2022-08-17 00:00:00,"Share Contract Note,  No.:CNT-22/23-89795207",-1,3257,,-1,2,50,-1,,,29
6612,4,2022-08-18 00:00:00,"Share Contract Note,  No.:CNT-22/23-90846019",-1,3263,,-1,2,50,-1,,,29
6613,4,2022-08-19 00:00:00,"Share Contract Note,  No.:CNT-22/23-91849562",-1,3265,,-1,2,50,-1,,,29
6614,4,2022-08-22 00:00:00,"Share Contract Note,  No.:CNT-22/23-92856523",-1,3268,,-1,2,50,-1,,,29
6615,4,2022-08-23 00:00:00,"Share Contract Note,  No.:CNT-22/23-93815358",-1,3273,,-1,2,50,-1,,,29
6616,4,2022-09-01 00:00:00,"Share Contract Note,  No.:CNT-22/23-99804086",-1,3284,,-1,2,50,-1,,,29
6617,4,2022-09-06 00:00:00,"Share Contract Note,  No.:CNT-22/23-102895199",-1,3285,,-1,2,50,-1,,,29
6618,4,2022-09-08 00:00:00,"Share Contract Note,  No.:CNT-22/23-105032410",-1,3293,,-1,2,50,-1,,,29
6619,4,2022-09-13 00:00:00,"Share Contract Note,  No.:CNT-22/23-108094094",-1,3297,,-1,2,50,-1,,,29
6620,4,2022-09-15 00:00:00,"Share Contract Note,  No.:CNT-22/23-110447562",-1,3303,,-1,2,50,-1,,,29
6621,4,2022-09-26 00:00:00,"Share Contract Note,  No.:CNT-22/23-117942964",-1,3320,,-1,2,50,-1,,,29
6622,4,2022-10-07 00:00:00,"Share Contract Note,  No.:CNT-22/23-125323670",-1,3340,,-1,2,50,-1,,,29
6623,4,2022-10-10 00:00:00,"Share Contract Note,  No.:CNT-22/23-126173727",-1,3341,,-1,2,40,-1,,,29
6624,4,2022-10-28 00:00:00,"Share Contract Note,  No.:CNT-22/23-137414953",-1,3357,,-1,2,50,-1,,,29
6625,4,2022-11-02 00:00:00,"Share Contract Note,  No.:COMBINED/223142",-1,3364,,-1,2,40,-1,,,29
6626,4,2022-11-17 00:00:00,"Share Contract Note,  No.:CNT-22/23-149841514",-1,3389,,-1,2,50,-1,,,29
6627,4,2022-11-29 00:00:00,"Share Contract Note,  No.:CNT-22/23-157018212",-1,3390,,-1,2,50,-1,,,29
6628,4,2022-12-05 00:00:00,"Share Contract Note,  No.:CNT-22/23-160857993",-1,3400,,-1,2,50,-1,,,29
6629,4,2022-12-07 00:00:00,"Share Contract Note,  No.:CNT-22/23-162716611",-1,3403,,-1,2,50,-1,,,29
6630,4,2022-12-08 00:00:00,"Share Contract Note,  No.:CNT-22/23-163685804",-1,3405,,-1,2,50,-1,,,29
6631,4,2022-12-12 00:00:00,"Share Contract Note,  No.:CNT-22/23-165591861",-1,3411,,-1,2,50,-1,,,29
6632,4,2022-12-16 00:00:00,"Share Contract Note,  No.:CNT-22/23-169574443",-1,3418,,-1,2,50,-1,,,29
6633,4,2022-12-19 00:00:00,"Share Contract Note,  No.:CNT-22/23-170506862",-1,3431,,-1,2,50,-1,,,29
6634,4,2022-12-23 00:00:00,"Share Contract Note,  No.:CNT-22/23-174718971",-1,3432,,-1,2,50,-1,,,29
6635,4,2023-01-03 00:00:00,"Share Contract Note,  No.:CNT-22/23-180947324",-1,3433,,-1,2,40,-1,,,29
6636,4,2023-01-06 00:00:00,"Share Contract Note,  No.:CNT-22/23-183838684",-1,3435,,-1,2,50,-1,,,29
6637,4,2023-01-19 00:00:00,"Share Contract Note,  No.:CNT-22/23-191710161",-1,3437,,-1,2,40,-1,,,29
6638,4,2023-03-31 00:00:00,"Share Contract Note,  No.:CNT-22/23-235712859",-1,3470,,-1,2,50,-1,,,29
6639,4,2023-04-10 00:00:00,"Share Contract Note,  No.:CNT-23/24-3229466",-1,3489,,-1,2,40,-1,,,29
6640,4,2023-04-11 00:00:00,"Share Contract Note,  No.:CNT-23/24-4022102",-1,3492,,-1,2,40,-1,,,29
6641,4,2023-04-13 00:00:00,"Share Contract Note,  No.:CNT-23/24-5666713",-1,3501,,-1,2,40,-1,,,29
6642,4,2023-04-18 00:00:00,"Share Contract Note,  No.:COMBINED/10798",-1,3506,,-1,2,40,-1,,,29
6643,4,2022-12-09 00:00:00,"Share Contract Note,  No.:CNT-22/23-164662849",-1,3534,,-1,2,50,-1,,,29
6644,4,2023-06-19 00:00:00,"Share Contract Note,  No.:CNT-23/24-46573453",-1,3578,,-1,2,50,-1,,,29
6645,4,2023-07-05 00:00:00,"Share Contract Note,  No.:CNT-23/24-58440563",-1,3624,,-1,2,50,-1,,,29
6646,4,2022-07-18 00:00:00,"Share Contract Note,  No.:CNT-22/23-71383504",-1,3655,,-1,2,50,-1,,,29
6647,4,2022-07-20 00:00:00,"Share Contract Note,  No.:CNT-22/23-73089845",-1,3656,,-1,2,50,-1,,,29
6648,4,2022-07-12 00:00:00,"Share Contract Note,  No.:CNT-22/23-68136391",-1,3657,,-1,2,50,-1,,,29
6649,4,2022-07-14 00:00:00,"Share Contract Note,  No.:CNT-22/23-69830294",-1,3658,,-1,2,50,-1,,,29
6650,4,2022-07-28 00:00:00,"Share Contract Note,  No.:CNT-22/23-78329194",-1,3659,,-1,2,50,-1,,,29
6651,4,2022-08-01 00:00:00,"Share Contract Note,  No.:CNT-22/23-80224518",-1,3660,,-1,2,50,-1,,,29
6652,4,2022-07-04 00:00:00,"Share Contract Note,  No.:CNT-22/23-63237632",-1,3661,,-1,2,40,-1,,,29
6653,4,2022-07-05 00:00:00,"Share Contract Note,  No.:CNT-22/23-64035756",-1,3662,,-1,2,40,-1,,,29
6654,4,2023-09-11 00:00:00,"Share Contract Note,  No.:CNT-23/24-110155607",-1,3712,,-1,2,50,-1,,,29
6655,4,2023-10-04 00:00:00,"Share Contract Note,  No.:CNT-23/24-127176520",-1,3718,,-1,2,50,-1,,,29
6656,4,2023-10-06 00:00:00,"Share Contract Note,  No.:CNT-23/24-129222510",-1,3720,,-1,2,50,-1,,,29
6657,4,2023-10-11 00:00:00,"Share Contract Note,  No.:CNT-23/24-132203765",-1,3723,,-1,2,50,-1,,,29
6658,4,2023-10-12 00:00:00,"Share Contract Note,  No.:CNT-23/24-133162684",-1,3725,,-1,2,50,-1,,,29
6659,4,2023-10-13 00:00:00,"Share Contract Note,  No.:CNT-23/24-134118848",-1,3728,,-1,2,50,-1,,,29
6660,4,2023-10-16 00:00:00,"Share Contract Note,  No.:CNT-23/24-135079460",-1,3730,,-1,2,50,-1,,,29
6661,4,2023-11-21 00:00:00,"Share Contract Note,  No.:CNT-23/24-159904929",-1,3748,,-1,2,50,-1,,,29
6662,4,2023-11-22 00:00:00,"Share Contract Note,  No.:CNT-23/24-160912443",-1,3750,,-1,2,50,-1,,,29
6663,4,2023-11-22 00:00:00,"Share Contract Note,  No.:COMBINED/230432",-1,3751,,-1,2,50,-1,,,29
6664,4,2023-11-24 00:00:00,"Share Contract Note,  No.:CNT-23/24-162768672",-1,3752,,-1,2,50,-1,,,29
6665,4,2023-12-06 00:00:00,"Share Contract Note,  No.:CNT-23/24-171158313",-1,3754,,-1,2,50,-1,,,29
6666,4,2024-01-15 00:00:00,"Share Contract Note,  No.:CNT-23/24-205297929",-1,3771,,-1,2,50,-1,,,29
6667,4,2024-01-17 00:00:00,"Share Contract Note,  No.:CNT-23/24-207476844",-1,3775,,-1,2,50,-1,,,29
6668,4,2024-01-29 00:00:00,"Share Contract Note,  No.:CNT-23/24-217937569",-1,3786,,-1,2,50,-1,,,29
6669,4,2024-02-05 00:00:00,"Share Contract Note,  No.:CNT-23/24-224789565",-1,3793,,-1,2,50,-1,,,29
6670,4,2024-02-07 00:00:00,"Share Contract Note,  No.:CNT-23/24-228005022",-1,3796,,-1,2,40,-1,,,29
6671,4,2024-02-08 00:00:00,"Share Contract Note,  No.:CNT-23/24-229600053",-1,3798,,-1,2,50,-1,,,29
6672,4,2024-02-09 00:00:00,"Share Contract Note,  No.:CNT-23/24-231174356",-1,3800,,-1,2,50,-1,,,29
6673,4,2024-02-12 00:00:00,"Share Contract Note,  No.:CNT-23/24-232702499",-1,3802,,-1,2,50,-1,,,29
6674,4,2024-02-14 00:00:00,"Share Contract Note,  No.:CNT-23/24-236179046",-1,3803,,-1,2,50,-1,,,29
6675,4,2024-02-15 00:00:00,"Share Contract Note,  No.:CNT-23/24-237514598",-1,3804,,-1,2,50,-1,,,29
6676,4,2024-02-19 00:00:00,"Share Contract Note,  No.:CNT-23/24-240078594",-1,3810,,-1,2,50,-1,,,29
6677,4,2024-02-22 00:00:00,"Share Contract Note,  No.:CNT-23/24-243916409",-1,3811,,-1,2,50,-1,,,29
6678,4,2024-03-07 00:00:00,"Share Contract Note,  No.:CNT-23/24-256695749",-1,3833,,-1,2,50,-1,,,29
6679,4,2024-03-13 00:00:00,"Share Contract Note,  No.:CNT-23/24-259976135",-1,3834,,-1,2,50,-1,,,29
6680,4,2023-10-26 00:00:00,"Share Contract Note,  No.:CNT-23/24-142363696",-1,3843,,-1,2,50,-1,,,29
6681,4,2023-10-30 00:00:00,"Share Contract Note,  No.:CNT-23/24-144203106",-1,3844,,-1,2,50,-1,,,29
6682,4,2024-03-21 00:00:00,"Share Contract Note,  No.:CNT-23/24-267251695",-1,3848,,-1,2,50,-1,,,29
6683,4,2023-10-17 00:00:00,"Share Contract Note,  No.:CNT-23/24-136069445",-1,3863,,-1,2,50,-1,,,29
6684,4,2023-10-27 00:00:00,"Share Contract Note,  No.:CNT-23/24-143291827",-1,3864,,-1,2,50,-1,,,29
6685,4,2024-03-22 00:00:00,"Share Contract Note,  No.:CNT-23/24-268231561",-1,3865,,-1,2,50,-1,,,29
6686,4,2024-04-29 00:00:00,"Share Contract Note,  No.:CNT-24/25-21073881",-1,3882,,-1,2,50,-1,,,29
6687,4,2024-05-13 00:00:00,"Share Contract Note,  No.:CNT-24/25-31880720",-1,3886,,-1,2,50,-1,,,29
6688,4,2024-05-15 00:00:00,"Share Contract Note,  No.:CNT-24/25-34044561",-1,3891,,-1,2,50,-1,,,29
6689,4,2024-05-29 00:00:00,"Share Contract Note,  No.:CNT-24/25-45131438",-1,3892,,-1,2,50,-1,,,29
6690,4,2024-06-03 00:00:00,"Share Contract Note,  No.:CNT-24/25-48248609",-1,3893,,-1,2,50,-1,,,29
6691,4,2024-06-04 00:00:00,"Share Contract Note,  No.:CNT-24/25-50121170",-1,3894,,-1,2,50,-1,,,29
6692,4,2024-06-05 00:00:00,"Share Contract Note,  No.:CNT-24/25-52119546",-1,3895,,-1,2,50,-1,,,29
6693,4,2024-06-12 00:00:00,"Share Contract Note,  No.:CNT-24/25-59535055",-1,3896,,-1,2,50,-1,,,29
6694,4,2024-06-18 00:00:00,"Share Contract Note,  No.:CNT-24/25-63456113",-1,3912,,-1,2,50,-1,,,29
6695,4,2024-06-19 00:00:00,"Share Contract Note,  No.:CNT-24/25-64204220",-1,3914,,-1,2,50,-1,,,29
6696,4,2024-06-20 00:00:00,"Share Contract Note,  No.:CNT-24/25-66197713",-1,3917,,-1,2,50,-1,,,29
6697,4,2024-07-03 00:00:00,"Share Contract Note,  No.:CNT-24/25-77724436",-1,3924,,-1,2,50,-1,,,29
6698,4,2024-07-05 00:00:00,"Share Contract Note,  No.:CNT-24/25-80425720",-1,3926,,-1,2,50,-1,,,29
6699,4,2024-07-11 00:00:00,"Share Contract Note,  No.:CNT-24/25-85775100",-1,3931,,-1,2,50,-1,,,29
6700,4,2024-07-12 00:00:00,"Share Contract Note,  No.:CNT-24/25-87112359",-1,3933,,-1,2,50,-1,,,29
6701,4,2024-07-31 00:00:00,"Share Contract Note,  No.:CNT-24/25-102880119",-1,3947,,-1,2,50,-1,,,29
6702,4,2023-04-18 00:00:00,"Share Contract Note, ",-1,3948,,-1,2,50,-1,,,29
6703,4,2022-09-08 00:00:00,"Share Contract Note, ",-1,3949,,-1,2,50,-1,,,29
6704,4,2022-10-07 00:00:00,"Share Contract Note, ",-1,3950,,-1,2,50,-1,,,29
6705,4,2024-01-01 00:00:00,"Share Contract Note, ",-1,3951,,-1,2,50,-1,,,29
6706,4,2022-06-20 00:00:00,"Share Contract Note, ",-1,3952,,-1,2,50,-1,,,29
6707,4,2022-08-25 00:00:00,"Share Contract Note, ",-1,3953,,-1,2,50,-1,,,29
6708,4,2022-06-28 00:00:00,"Share Contract Note, ",-1,3954,,-1,2,50,-1,,,29
6709,4,2022-06-29 00:00:00,"Share Contract Note, ",-1,3955,,-1,2,50,-1,,,29
6710,4,2022-04-04 00:00:00,"Share Contract Note, ",-1,3956,,-1,2,50,-1,,,29
6711,4,2022-04-11 00:00:00,"Share Contract Note, ",-1,3957,,-1,2,50,-1,,,29
6712,4,2024-08-02 00:00:00,"Share Contract Note,  No.:CNT-24/25-105535954",-1,3964,,-1,2,50,-1,,,29
6713,4,2024-08-08 00:00:00,"Share Contract Note,  No.:CNT-24/25-111180071",-1,3976,,-1,2,40,-1,,,29
6714,4,2024-08-22 00:00:00,"Share Contract Note,  No.:CNT-24/25-122026766",-1,3980,,-1,2,50,-1,,,29
6715,4,2024-09-11 00:00:00,"Share Contract Note,  No.:CNT-24/25-138620849",-1,3983,,-1,2,50,-1,,,29
6716,4,2024-09-12 00:00:00,"Share Contract Note,  No.:CNT-24/25-139757247",-1,3984,,-1,2,50,-1,,,29
6717,4,2024-08-12 00:00:00,"Share Contract Note, ",-1,3989,,-1,2,50,-1,,,29
6718,4,2024-09-24 00:00:00,"Share Contract Note,  No.:CNT-24/25-149986002",-1,3994,,-1,2,50,-1,,,29
6719,4,2024-10-03 00:00:00,"Share Contract Note,  No.:CNT-24/25-156738302",-1,3997,,-1,2,50,-1,,,29
6720,4,2024-10-09 00:00:00,"Share Contract Note,  No.:CNT-24/25-162264177",-1,3998,,-1,2,50,-1,,,29
6721,4,2024-10-11 00:00:00,"Share Contract Note,  No.:CNT-24/25-164162878",-1,4003,,-1,2,50,-1,,,29
6722,4,2024-10-14 00:00:00,"Share Contract Note,  No.:CNT-24/25-165152877",-1,4008,,-1,2,50,-1,,,29
6723,4,2024-10-15 00:00:00,"Share Contract Note,  No.:CNT-24/25-166160175",-1,4011,,-1,2,50,-1,,,29
6724,4,2024-10-29 00:00:00,"Share Contract Note,  No.:CNT-24/25-176916520",-1,4020,,-1,2,50,-1,,,29
6725,4,2024-12-13 00:00:00,"Share Contract Note,  No.:CNT-24/25-208636734",-1,4038,,-1,2,50,-1,,,29
6726,4,2024-12-16 00:00:00,"Share Contract Note,  No.:CNT-24/25-209552062",-1,4040,,-1,2,50,-1,,,29
6727,4,2024-12-18 00:00:00,"Share Contract Note,  No.:CNT-24/25-211753090",-1,4045,,-1,2,50,-1,,,29
6728,4,2024-12-27 00:00:00,"Share Contract Note,  No.:CNT-24/25-217488128",-1,4049,,-1,2,50,-1,,,29
6729,4,2024-12-31 00:00:00,"Share Contract Note,  No.:CNT-24/25-219255905",-1,4050,,-1,2,50,-1,,,29
6730,4,2025-01-01 00:00:00,"Share Contract Note,  No.:CNT-24/25-220043167",-1,4052,,-1,2,50,-1,,,29
6731,4,2025-01-06 00:00:00,"Share Contract Note,  No.:CNT-24/25-222991370",-1,4058,,-1,2,50,-1,,,29
6732,4,2025-01-07 00:00:00,"Share Contract Note,  No.:CNT-24/25-223874430",-1,4059,,-1,2,50,-1,,,29
6733,4,2025-01-08 00:00:00,"Share Contract Note,  No.:CNT-24/25-224764307",-1,4060,,-1,2,50,-1,,,29
6734,4,2025-01-10 00:00:00,"Share Contract Note,  No.:CNT-24/25-226639348",-1,4062,,-1,2,50,-1,,,29
6735,4,2025-01-13 00:00:00,"Share Contract Note,  No.:CNT-24/25-227723317",-1,4063,,-1,2,50,-1,,,29
6736,4,2025-01-15 00:00:00,"Share Contract Note,  No.:CNT-24/25-229424037",-1,4064,,-1,2,50,-1,,,29
6737,4,2025-01-28 00:00:00,"Share Contract Note,  No.:CNT-24/25-237249600",-1,4068,,-1,2,50,-1,,,29
6738,4,2025-02-17 00:00:00,"Share Contract Note,  No.:CNT-24/25-250937332",-1,4072,,-1,2,50,-1,,,29
6739,4,2025-03-24 00:00:00,"Share Contract Note,  No.:CNT-24/25-268770634",-1,4078,,-1,2,50,-1,,,29
6740,4,2025-03-25 00:00:00,"Share Contract Note,  No.:CNT-24/25-269622887",-1,4079,,-1,2,50,-1,,,29
6741,4,2025-07-15 00:00:00,"Share Contract Note,  No.:CNT-25/26-60991928",-1,4095,,-1,2,50,-1,,,29
6742,4,2025-07-18 00:00:00,"Share Contract Note,  No.:CNT-25/26-63421119",-1,4100,,-1,2,50,-1,,,29
6743,4,2025-08-18 00:00:00,"Share Contract Note,  No.:CNT-25/26-80074525",-1,4114,,-1,2,50,-1,,,29
6744,4,2025-09-09 00:00:00,"Share Contract Note,  No.:CNT-25/26-92162106",-1,4118,,-1,2,50,-1,,,29
6745,4,2025-09-15 00:00:00,"Share Contract Note,  No.:CNT-25/26-95390739",-1,4121,,-1,2,50,-1,,,29
6746,4,2025-09-29 00:00:00,"Share Contract Note,  No.:CNT-25/26-103943662",-1,4130,,-1,2,50,-1,,,29
6747,4,2025-09-30 00:00:00,"Share Contract Note,  No.:CNT-25/26-104964523",-1,4135,,-1,2,50,-1,,,29
6748,4,2025-10-01 00:00:00,"Share Contract Note,  No.:CNT-25/26-105591721",-1,4136,,-1,2,50,-1,,,29
6749,4,2025-10-03 00:00:00,"Share Contract Note,  No.:CNT-25/26-106429353",-1,4137,,-1,2,50,-1,,,29
6750,4,2025-12-18 00:00:00,"Share Contract Note,  No.:CNT-25/26-151094695",-1,4151,,-1,2,50,-1,,,29
6751,4,2025-12-30 00:00:00,"Share Contract Note,  No.:CNT-25/26-157058321",-1,4161,,-1,2,50,-1,,,29
6752,4,2026-01-19 00:00:00,"Share Contract Note,  No.:CNT-25/26-168526812",-1,4167,,-1,2,50,-1,,,29
6753,4,2026-01-20 00:00:00,"Share Contract Note,  No.:CNT-25/26-169571025",-1,4168,,-1,2,50,-1,,,29
6754,4,2026-01-01 00:00:00,"Share Contract Note,  No.:redemption, Settlement No.:redemption",-1,4169,,-1,2,40,-1,,,29
6755,4,2026-01-22 00:00:00,"Share Contract Note,  No.:CNT-25/26-171603253",-1,4170,,-1,2,50,-1,,,29
6756,4,2026-01-27 00:00:00,"Share Contract Note,  No.:CNT-25/26-173506633",-1,4174,,-1,2,50,-1,,,29
6757,4,2026-02-02 00:00:00,"Share Contract Note,  No.:CNT-25/26-178642595",-1,4177,,-1,2,50,-1,,,29
6758,4,2026-02-04 00:00:00,"Share Contract Note,  No.:CNT-25/26-180751030",-1,4181,,-1,2,50,-1,,,29
6759,4,2026-03-24 00:00:00,"Share Contract Note,  No.:CNT-25/26-210072258",-1,4195,,-1,2,50,-1,,,29
6760,4,2019-04-11 00:00:00,"Short sell, position reconciled, bought quantity: 8000, Sold in CN No.:I2301/8873   27/APR2019/1921",4562,2124,,-1,14,81,1105,,,29
6761,4,2019-05-15 00:00:00,"Short sell, position reconciled, bought quantity: 40000, Sold in CN No.:I2301/11585   27/APR2019/2509",5603,2129,,-1,14,81,1110,,,29
6762,4,2019-05-20 00:00:00,"Short sell, position reconciled, bought quantity: 14000, Sold in CN No.:I2301/11585   27/APR2019/2509",5605,2129,,-1,14,81,1110,,,29
6763,4,2019-05-20 00:00:00,"Short sell, position reconciled, bought quantity: 12000, Sold in CN No.:I2301/36211   27/MAY2019/2092",5605,2244,,-1,14,81,1110,,,29
6764,4,2019-05-30 00:00:00,"Short sell, position reconciled, bought quantity: 40000, Sold in CN No.:I2301/38792   27/MAY2019/2678",5641,2246,,-1,14,81,1350,,,29
6765,4,2019-05-27 00:00:00,"Short sell, position reconciled, bought quantity: 23000, Sold in CN No.:I2301/42790   27/MAY2019/3521",5622,2247,,-1,14,81,1110,,,29
6766,4,2019-05-30 00:00:00,"Short sell, position reconciled, bought quantity: 3000, Sold in CN No.:I2301/42790   27/MAY2019/3521",5641,2247,,-1,14,81,1350,,,29
6767,4,2019-04-09 00:00:00,"Short sell, position reconciled, bought quantity: 8000, Sold in CN No.:opening",4548,2255,,-1,14,81,1105,,,29
6768,4,2019-04-11 00:00:00,"Short sell, position reconciled, bought quantity: 46000, Sold in CN No.:opening",4562,2255,,-1,14,81,1105,,,29
6769,4,2019-05-30 00:00:00,"Short sell, position reconciled, bought quantity: 23000, Sold in CN No.:I2301/50223   27/MAY2019/5081",5641,2261,,-1,14,81,1350,,,29
6770,4,2019-06-28 00:00:00,"Short sell, position reconciled, bought quantity: 20000, Sold in CN No.:I2301/54701   27/MAY2019/6072",5714,2268,,-1,14,81,1356,,,29
6771,4,2019-07-24 00:00:00,"Short sell, position reconciled, bought quantity: 46000, Sold in CN No.:I2301/54701   27/MAY2019/6072",5667,2268,,-1,14,81,1356,,,29
6772,4,2019-06-21 00:00:00,"Short sell, position reconciled, bought quantity: 30000, Sold in CN No.:I2301/68269   27/JUN2019/2336",5716,2281,,-1,14,81,1359,,,29
6773,4,2019-06-12 00:00:00,"F and O Contract Note,  No.:I2301/65614   27/JUN2019/1776 Profit/Loss:10,193.78, Less STT:0.00, Less other Charges:0.00",-1,2283,,-1,14,81,-1,,,29
6774,4,2019-08-23 00:00:00,"Short sell, position reconciled, bought quantity: 46000, Sold in CN No.:I2301/103848   27/JUL2019/4619",5775,2286,,-1,14,81,1363,,,29
6775,4,2019-08-23 00:00:00,"Short sell, position reconciled, bought quantity: 20000, Sold in CN No.:I2301/81523   27/JUN2019/5193",5775,2297,,-1,14,81,1363,,,29
6776,4,2019-08-28 00:00:00,"Short sell, position reconciled, bought quantity: 68000, Sold in CN No.:I2301/128867   27/AUG2019/3979",5777,2307,,-1,14,81,1384,,,29
6777,4,2019-10-29 00:00:00,"Short sell, position reconciled, bought quantity: 68000, Sold in CN No.:I2301/132796   27/AUG2019/4869",5867,2308,,-1,14,81,1385,,,29
6778,4,2019-08-23 00:00:00,"Short sell, position reconciled, bought quantity: 2000, Sold in CN No.:I2301/113862   27/AUG2019/655",5775,2310,,-1,14,81,1363,,,29
6779,4,2019-11-25 00:00:00,"Short sell, position reconciled, bought quantity: 68000, Sold in CN No.:I2301/183021   27/OCT2019/4575",5951,2354,,-1,14,81,1396,,,29
6780,4,2020-01-10 00:00:00,"Short sell, position reconciled, bought quantity: 29000, Sold in CN No.:I2301/223824   27/DEC2019/2127",5949,2381,,-1,14,81,1408,,,29
6781,4,2020-01-10 00:00:00,"Short sell, position reconciled, bought quantity: 39000, Sold in CN No.:I2301/227539   27/DEC2019/2897",5949,2383,,-1,14,81,1408,,,29
6782,4,2020-02-25 00:00:00,"Short sell, position reconciled, bought quantity: 68000, Sold in CN No.:I2301/247892   27/JAN2020/1951",5977,2387,,-1,14,81,1413,,,29
6783,4,2019-12-12 00:00:00,"Short sell, position reconciled, bought quantity: 29000, Sold in CN No.:I2301/207318   27/NOV2019/4232",5924,2388,,-1,14,81,1402,,,29
6784,4,2019-12-17 00:00:00,"Short sell, position reconciled, bought quantity: 39000, Sold in CN No.:I2301/207318   27/NOV2019/4232",5944,2388,,-1,14,81,1402,,,29
6785,4,2020-03-26 00:00:00,"Short sell, position reconciled, bought quantity: 68000, Sold in CN No.:I2301/288448   27/FEB2020/4472",6090,2398,,-1,14,81,1421,,,29
6786,4,2020-03-27 00:00:00,"Short sell, position reconciled, bought quantity: 60000, Sold in CN No.:I2301/315781   27/MAR2020/4797",6100,2432,,-1,14,81,1465,,,29
6787,4,2020-03-31 00:00:00,"Short sell, position reconciled, bought quantity: 8000, Sold in CN No.:I2301/315781   27/MAR2020/4797",6130,2432,,-1,14,81,1465,,,29
6788,4,2020-04-03 00:00:00,"Short sell, position reconciled, bought quantity: 8000, Sold in CN No.:OPENING, Settlement No.:OPENING",6167,2450,,-1,14,81,1465,,,29
6789,4,2019-04-25 00:00:00,"F and O Contract Note,  No.:I2301/22875   27/APR2019/4954 Profit/Loss:-46,328.00, Less STT:0.00, Less other Charges:0.00",-1,2474,,-1,14,81,-1,,,29
6790,4,2020-04-03 00:00:00,"F and O Contract Note,  No.:I2301/1651   27/APR2020/365 Profit/Loss:761.99, Less STT:0.00, Less other Charges:0.00",-1,2479,,-1,14,81,-1,,,29
6791,4,2020-04-27 00:00:00,"Short sell, position reconciled, bought quantity: 4000, Sold in CN No.:I2301/7290   27/APR2020/1610",6231,2489,,-1,14,81,1475,,,29
6792,4,2020-05-18 00:00:00,"Short sell, position reconciled, bought quantity: 4000, Sold in CN No.:I2301/20855   27/APR2020/4552",6296,2514,,-1,14,81,1494,,,29
6793,4,2020-06-24 00:00:00,"Short sell, position reconciled, bought quantity: 2000, Sold in CN No.:I2301/48718   27/MAY2020/4910",6379,2525,,-1,14,81,1500,,,29
6794,4,2020-06-26 00:00:00,"Short sell, position reconciled, bought quantity: 4000, Sold in CN No.:I2301/53369   27/MAY2020/5904",6369,2526,,-1,14,81,1501,,,29
6795,4,2020-06-24 00:00:00,"Short sell, position reconciled, bought quantity: 1000, Sold in CN No.:I2301/56566   27/JUN2020/460",6379,2532,,-1,14,81,1500,,,29
6796,4,2020-06-25 00:00:00,"Short sell, position reconciled, bought quantity: 1000, Sold in CN No.:I2301/56566   27/JUN2020/460",6367,2532,,-1,14,81,1500,,,29
6797,4,2020-06-25 00:00:00,"Short sell, position reconciled, bought quantity: 2000, Sold in CN No.:I2301/66675   27/JUN2020/2553",6367,2542,,-1,14,81,1500,,,29
6798,4,2020-07-28 00:00:00,"Short sell, position reconciled, bought quantity: 3000, Sold in CN No.:I2301/85154   27/JUN2020/6320",6470,2567,,-1,14,81,1524,,,29
6799,4,2020-07-28 00:00:00,"Short sell, position reconciled, bought quantity: 4000, Sold in CN No.:I2301/86890   27/JUN2020/6683",6471,2568,,-1,14,81,1525,,,29
6800,4,2020-07-28 00:00:00,"Short sell, position reconciled, bought quantity: 3000, Sold in CN No.:I2301/83338   27/JUN2020/5953",6470,2573,,-1,14,81,1524,,,29
6801,4,2020-08-27 00:00:00,"Short sell, position reconciled, bought quantity: 4000, Sold in CN No.:I2301/123406   27/JUL2020/6883",6510,2616,,-1,14,81,1539,,,29
6802,4,2020-08-27 00:00:00,"Short sell, position reconciled, bought quantity: 6000, Sold in CN No.:I2301/123406   27/JUL2020/6883",6511,2616,,-1,14,81,1540,,,29
6803,4,2020-08-27 00:00:00,"Short sell, position reconciled, bought quantity: 4000, Sold in CN No.:I2301/128302   27/JUL2020/7947",6510,2645,,-1,14,81,1539,,,29
6804,4,2020-09-28 00:00:00,"Short sell, position reconciled, bought quantity: 8000, Sold in CN No.:I2301/159945   27/AUG2020/6389",6538,2647,,-1,14,81,1544,,,29
6805,4,2020-09-11 00:00:00,"Short sell, position reconciled, bought quantity: 3000, Sold in CN No.:I2301/159945   27/AUG2020/6389",6536,2647,,-1,14,81,1545,,,29
6806,4,2020-09-23 00:00:00,"Short sell, position reconciled, bought quantity: 3000, Sold in CN No.:I2301/159945   27/AUG2020/6389",6537,2647,,-1,14,81,1545,,,29
6807,4,2020-10-27 00:00:00,"Short sell, position reconciled, bought quantity: 8000, Sold in CN No.:I2301/192645   27/SEP2020/5807",6597,2669,,-1,14,81,1552,,,29
6808,4,2020-10-27 00:00:00,"Short sell, position reconciled, bought quantity: 2000, Sold in CN No.:I2301/193954   27/SEP2020/6077",6597,2671,,-1,14,81,1552,,,29
6809,4,2020-10-27 00:00:00,"Short sell, position reconciled, bought quantity: 5000, Sold in CN No.:I2301/196655   27/OCT2020/89",6597,2677,,-1,14,81,1552,,,29
6810,4,2020-10-27 00:00:00,"Short sell, position reconciled, bought quantity: 2000, Sold in CN No.:I2301/198145   27/OCT2020/383",6598,2680,,-1,14,81,1557,,,29
6811,4,2020-11-25 00:00:00,"Short sell, position reconciled, bought quantity: 15000, Sold in CN No.:I2301/219936   27/OCT2020/5117",6641,2704,,-1,14,81,1568,,,29
6812,4,2020-11-25 00:00:00,"Short sell, position reconciled, bought quantity: 2000, Sold in CN No.:I2301/219936   27/OCT2020/5117",6642,2704,,-1,14,81,1569,,,29
6813,4,2020-11-25 00:00:00,"Short sell, position reconciled, bought quantity: 2000, Sold in CN No.:I2301/246771   27/NOV2020/4516",6642,2720,,-1,14,81,1569,,,29
6814,4,2020-12-29 00:00:00,"Short sell, position reconciled, bought quantity: 15000, Sold in CN No.:I2301/249827   27/NOV2020/5192",6761,2728,,-1,14,81,1579,,,29
6815,4,2020-12-29 00:00:00,"Short sell, position reconciled, bought quantity: 4000, Sold in CN No.:I2301/249827   27/NOV2020/5192",6762,2728,,-1,14,81,1580,,,29
6816,4,2021-03-31 00:00:00,"Short sell, position reconciled, bought quantity: 5000, Sold in CN No.:I2301/387143   27/MAR2021/6070",6897,2761,,-1,14,81,1598,,,29
6817,4,2021-03-31 00:00:00,"Short sell, position reconciled, bought quantity: 2000, Sold in CN No.:I2301/387143   27/MAR2021/6070",6896,2761,,-1,14,81,1599,,,29
6818,4,2021-03-31 00:00:00,"Short sell, position reconciled, bought quantity: 2000, Sold in CN No.:I2301/387143   27/MAR2021/6070",7686,2761,,-1,14,81,1600,,,29
6819,4,2021-04-26 00:00:00,"Short sell, position reconciled, bought quantity: 1000, Sold in CN No.:I2301/8165   27/APR2021/1588",6966,2809,,-1,14,81,1599,,,29
6820,4,2021-04-26 00:00:00,"Short sell, position reconciled, bought quantity: 1000, Sold in CN No.:I2301/9814   27/APR2021/1916",6966,2810,,-1,14,81,1599,,,29
6821,4,2021-04-30 00:00:00,"Short sell, position reconciled, bought quantity: 5000, Sold in CN No.:I2301/22038   27/APR2021/4367",6969,2811,,-1,14,81,1600,,,29
6822,4,2021-04-30 00:00:00,"Short sell, position reconciled, bought quantity: 4000, Sold in CN No.:I2301/22038   27/APR2021/4367",6970,2811,,-1,14,81,1664,,,29
6823,4,2021-04-30 00:00:00,"F and O Contract Note,  No.:I2301/28495   27/APR2021/5686",-1,2812,,-1,14,81,-1,,,29
6824,4,2021-06-28 00:00:00,"Short sell, position reconciled, bought quantity: 4000, Sold in CN No.:I2301/28495   27/APR2021/5686",7046,2812,,-1,14,81,1665,,,29
6825,4,2021-06-28 00:00:00,"Short sell, position reconciled, bought quantity: 7000, Sold in CN No.:I2301/28495   27/APR2021/5686",7047,2812,,-1,14,81,1666,,,29
6826,4,2021-04-26 00:00:00,"Short sell, position reconciled, bought quantity: 5000, Sold in CN No.:opening, Settlement No.:opening",6965,2814,,-1,14,81,1598,,,29
6827,4,2021-04-26 00:00:00,"Short sell, position reconciled, bought quantity: 2000, Sold in CN No.:opening, Settlement No.:opening",6966,2815,,-1,14,81,1599,,,29
6828,4,2021-07-28 00:00:00,"Short sell, position reconciled, bought quantity: 27000, Sold in CN No.:I2301/93451   27/JUN2021/5174",7157,2842,,-1,14,81,1689,,,29
6829,4,2021-07-28 00:00:00,"Short sell, position reconciled, bought quantity: 26000, Sold in CN No.:I2301/93451   27/JUN2021/5174",7158,2842,,-1,14,81,1690,,,29
6830,4,2021-08-27 00:00:00,"Short sell, position reconciled, bought quantity: 20000, Sold in CN No.:I2301/139817   27/JUL2021/6270",7183,2870,,-1,14,81,1741,,,29
6831,4,2021-09-28 00:00:00,"Short sell, position reconciled, bought quantity: 6000, Sold in CN No.:I2301/139817   27/JUL2021/6270",7260,2870,,-1,14,81,1742,,,29
6832,4,2021-08-27 00:00:00,"Short sell, position reconciled, bought quantity: 27000, Sold in CN No.:I2301/139817   27/JUL2021/6270",7184,2870,,-1,14,81,1743,,,29
6833,4,2022-03-28 00:00:00,"Short sell, position reconciled, bought quantity: 1000, Sold in CN No.:COMBINED/409918",7664,3028,,-1,14,81,1860,,,29
6834,4,2022-03-28 00:00:00,"Short sell, position reconciled, bought quantity: 1000, Sold in CN No.:COMBINED/411469",7664,3029,,-1,14,81,1860,,,29
6835,4,2022-03-28 00:00:00,"Short sell, position reconciled, bought quantity: 1000, Sold in CN No.:COMBINED/408392",7664,3030,,-1,14,81,1860,,,29
6836,4,2022-03-28 00:00:00,"Short sell, position reconciled, bought quantity: 6000, Sold in CN No.:COMBINED/406814",7663,3031,,-1,14,81,1861,,,29
6837,4,2022-03-28 00:00:00,"Short sell, position reconciled, bought quantity: 15000, Sold in CN No.:COMBINED/403830",7662,3032,,-1,14,81,1863,,,29
6838,4,2022-03-28 00:00:00,"Short sell, position reconciled, bought quantity: 27000, Sold in CN No.:COMBINED/403830",7663,3032,,-1,14,81,1861,,,29
6839,4,2022-02-25 00:00:00,"Short sell, position reconciled, bought quantity: 15000, Sold in CN No.:COMBINED/370893",7620,3033,,-1,14,81,1864,,,29
6840,4,2022-02-25 00:00:00,"Short sell, position reconciled, bought quantity: 27000, Sold in CN No.:COMBINED/370893",7622,3033,,-1,14,81,1862,,,29
6841,4,2022-03-02 00:00:00,"Short sell, position reconciled, bought quantity: 6000, Sold in CN No.:COMBINED/370893",7618,3033,,-1,14,81,1862,,,29
6842,4,2022-01-22 00:00:00,"Short sell, position reconciled, bought quantity: 5000, Sold in CN No.:COMBINED/289182",7644,3035,,-1,14,81,1865,,,29
6843,4,2022-01-22 00:00:00,"Short sell, position reconciled, bought quantity: 17000, Sold in CN No.:COMBINED/289182",7645,3035,,-1,14,81,1866,,,29
6844,4,2022-01-22 00:00:00,"Short sell, position reconciled, bought quantity: 16000, Sold in CN No.:COMBINED/259551",7645,3036,,-1,14,81,1866,,,29
6845,4,2022-01-22 00:00:00,"Short sell, position reconciled, bought quantity: 5000, Sold in CN No.:COMBINED/230773",7644,3037,,-1,14,81,1865,,,29
6846,4,2022-01-22 00:00:00,"Short sell, position reconciled, bought quantity: 5000, Sold in CN No.:COMBINED/225356",7644,3038,,-1,14,81,1865,,,29
6847,4,2021-11-23 00:00:00,"Short sell, position reconciled, bought quantity: 15000, Sold in CN No.:COMBINED/225356",7631,3038,,-1,14,81,1867,,,29
6848,4,2021-11-23 00:00:00,"Short sell, position reconciled, bought quantity: 2000, Sold in CN No.:COMBINED/232650",7631,3039,,-1,14,81,1867,,,29
6849,4,2021-11-23 00:00:00,"Short sell, position reconciled, bought quantity: 5000, Sold in CN No.:COMBINED/227177",7632,3040,,-1,14,81,1868,,,29
6850,4,2021-09-30 00:00:00,"Short sell, position reconciled, bought quantity: 10000, Sold in CN No.:COMBINED/201468",7637,3041,,-1,14,81,1869,,,29
6851,4,2021-10-01 00:00:00,"Short sell, position reconciled, bought quantity: 5000, Sold in CN No.:COMBINED/201468",7640,3041,,-1,14,81,1869,,,29
6852,4,2021-10-27 00:00:00,"Short sell, position reconciled, bought quantity: 13000, Sold in CN No.:COMBINED/201468",7646,3041,,-1,14,81,1869,,,29
6853,4,2021-09-28 00:00:00,"Short sell, position reconciled, bought quantity: 3000, Sold in CN No.:COMBINED/205195",7260,3042,,-1,14,81,1742,,,29
6854,4,2021-10-27 00:00:00,"Short sell, position reconciled, bought quantity: 3000, Sold in CN No.:COMBINED/205195",7646,3042,,-1,14,81,1869,,,29
6855,4,2021-04-30 00:00:00,"Short sell, position reconciled, bought quantity: 2000, Sold in CN No.:opening, Settlement No.:opening",6969,3062,,-1,14,81,1600,,,29
6856,4,2023-07-14 00:00:00,"F and O Contract Note,  No.:COMBINED/97033 Profit/Loss:-690.88, Less STT:0.00, Less other Charges:0.00",-1,3645,,-1,14,81,-1,,,29
6857,4,2023-07-26 00:00:00,"F and O Contract Note,  No.:COMBINED/109271 Profit/Loss:79.91, Less STT:0.00, Less other Charges:0.00",-1,3691,,-1,14,81,-1,,,29
6858,4,2023-06-05 00:00:00,"F and O Contract Note,  No.:COMBINED/56517 Profit/Loss:-22.26, Less STT:3.00, Less other Charges:0.00",-1,3548,,-1,15,30,-1,,,29
6859,4,2023-06-06 00:00:00,"Short sell, position reconciled, bought quantity: 50, Sold in CN No.:COMBINED/56517",8987,3548,,-1,15,30,2261,,,29
6860,4,2023-06-06 00:00:00,"Short sell, position reconciled, bought quantity: 50, Sold in CN No.:COMBINED/56517",8990,3548,,-1,15,30,2263,,,29
6861,4,2023-06-06 00:00:00,"F and O Contract Note,  No.:COMBINED/57912 Profit/Loss:-251.71, Less STT:1.00, Less other Charges:0.00",-1,3551,,-1,15,30,-1,,,29
6862,4,2023-06-08 00:00:00,"F and O Contract Note,  No.:COMBINED/60836 Profit/Loss:-824.16, Less STT:4.00, Less other Charges:0.00",-1,3554,,-1,15,30,-1,,,29
6863,4,2023-06-12 00:00:00,"Short sell, position reconciled, bought quantity: 50, Sold in CN No.:COMBINED/60836",9061,3554,,-1,15,30,2271,,,29
6864,4,2023-06-09 00:00:00,"Short sell, position reconciled, bought quantity: 50, Sold in CN No.:COMBINED/60836",9032,3554,,-1,15,30,2266,,,29
6865,4,2023-06-07 00:00:00,"F and O Contract Note,  No.:COMBINED/59357 Profit/Loss:90.03, Less STT:2.00, Less other Charges:0.00",-1,3558,,-1,15,30,-1,,,29
6866,4,2023-06-08 00:00:00,"Short sell, position reconciled, bought quantity: 50, Sold in CN No.:COMBINED/59357",9007,3558,,-1,15,30,2271,,,29
6867,4,2023-06-08 00:00:00,"Short sell, position reconciled, bought quantity: 50, Sold in CN No.:COMBINED/59357",9013,3558,,-1,15,30,2263,,,29
6868,4,2023-06-09 00:00:00,"F and O Contract Note,  No.:COMBINED/62268 Profit/Loss:167.32, Less STT:1.00, Less other Charges:0.00",-1,3561,,-1,15,30,-1,,,29
6869,4,2023-06-12 00:00:00,"Short sell, position reconciled, bought quantity: 50, Sold in CN No.:COMBINED/62268",9063,3561,,-1,15,30,2279,,,29
6870,4,2023-06-13 00:00:00,"F and O Contract Note,  No.:COMBINED/65001 Profit/Loss:-285.95, Less STT:9.00, Less other Charges:0.00",-1,3563,,-1,15,30,-1,,,29
6871,4,2023-06-16 00:00:00,"Short sell, position reconciled, bought quantity: 50, Sold in CN No.:COMBINED/65001",9057,3563,,-1,15,30,2283,,,29
6872,4,2023-06-16 00:00:00,"Short sell, position reconciled, bought quantity: 50, Sold in CN No.:COMBINED/65001",9058,3563,,-1,15,30,2285,,,29
6873,4,2023-06-16 00:00:00,"F and O Contract Note,  No.:COMBINED/69458 Profit/Loss:-355.68, Less STT:1.00, Less other Charges:0.00",-1,3566,,-1,15,30,-1,,,29
6874,4,2023-06-12 00:00:00,"F and O Contract Note,  No.:COMBINED/63595",-1,3568,,-1,15,30,-1,,,29
6875,4,2023-06-13 00:00:00,"Short sell, position reconciled, bought quantity: 50, Sold in CN No.:COMBINED/63595",9040,3568,,-1,15,30,2281,,,29
6876,4,2023-06-13 00:00:00,"Short sell, position reconciled, bought quantity: 50, Sold in CN No.:COMBINED/63595",9049,3568,,-1,15,30,2286,,,29
6877,4,2023-06-19 00:00:00,"F and O Contract Note,  No.:COMBINED/70928 Profit/Loss:597.05, Less STT:3.00, Less other Charges:0.00",-1,3573,,-1,15,30,-1,,,29
6878,4,2023-06-20 00:00:00,"Short sell, position reconciled, bought quantity: 100, Sold in CN No.:COMBINED/70928",9097,3573,,-1,15,30,2296,,,29
6879,4,2023-06-20 00:00:00,"Short sell, position reconciled, bought quantity: 100, Sold in CN No.:COMBINED/70928",9099,3573,,-1,15,30,2297,,,29
6880,4,2023-06-20 00:00:00,"F and O Contract Note,  No.:COMBINED/72367 Profit/Loss:-996.09, Less STT:6.00, Less other Charges:0.00",-1,3575,,-1,15,30,-1,,,29
6881,4,2023-06-21 00:00:00,"Short sell, position reconciled, bought quantity: 100, Sold in CN No.:COMBINED/72367",9119,3575,,-1,15,30,2302,,,29
6882,4,2023-06-23 00:00:00,"Short sell, position reconciled, bought quantity: 100, Sold in CN No.:COMBINED/72367",9136,3575,,-1,15,30,2304,,,29
6883,4,2023-06-21 00:00:00,"F and O Contract Note,  No.:COMBINED/73811 Profit/Loss:-1,093.84, Less STT:8.00, Less other Charges:0.00",-1,3580,,-1,15,30,-1,,,29
6884,4,2023-06-22 00:00:00,"Short sell, position reconciled, bought quantity: 100, Sold in CN No.:COMBINED/73811",9125,3580,,-1,15,30,2309,,,29
6885,4,2023-06-22 00:00:00,"F and O Contract Note,  No.:COMBINED/75276",-1,3582,,-1,15,30,-1,,,29
6886,4,2023-06-23 00:00:00,"Short sell, position reconciled, bought quantity: 100, Sold in CN No.:COMBINED/75276",9131,3582,,-1,15,30,2302,,,29
6887,4,2023-06-23 00:00:00,"F and O Contract Note,  No.:COMBINED/76689 Profit/Loss:-2,147.59, Less STT:12.00, Less other Charges:0.00",-1,3583,,-1,15,30,-1,,,29
6888,4,2023-06-27 00:00:00,"Short sell, position reconciled, bought quantity: 100, Sold in CN No.:COMBINED/76689",9376,3583,,-1,15,30,2312,,,29
6889,4,2023-06-27 00:00:00,"Short sell, position reconciled, bought quantity: 100, Sold in CN No.:COMBINED/76689",9377,3583,,-1,15,30,2314,,,29
6890,4,2023-06-28 00:00:00,"F and O Contract Note,  No.:COMBINED/80723 Profit/Loss:-23.15, Less STT:15.00, Less other Charges:0.00",-1,3588,,-1,15,30,-1,,,29
6891,4,2023-06-30 00:00:00,"Short sell, position reconciled, bought quantity: 150, Sold in CN No.:COMBINED/80723",9196,3588,,-1,15,30,2324,,,29
6892,4,2023-06-30 00:00:00,"F and O Contract Note,  No.:COMBINED/82236",-1,3590,,-1,15,30,-1,,,29
6893,4,2023-07-03 00:00:00,"Short sell, position reconciled, bought quantity: 150, Sold in CN No.:COMBINED/82236",9216,3590,,-1,15,30,2330,,,29
6894,4,2023-07-04 00:00:00,"Short sell, position reconciled, bought quantity: 150, Sold in CN No.:COMBINED/82236",9402,3590,,-1,15,30,2332,,,29
6895,4,2023-07-03 00:00:00,"F and O Contract Note,  No.:COMBINED/83832",-1,3592,,-1,15,30,-1,,,29
6896,4,2023-07-06 00:00:00,"Short sell, position reconciled, bought quantity: 150, Sold in CN No.:COMBINED/83832",9419,3592,,-1,15,30,2342,,,29
6897,4,2023-06-27 00:00:00,"F and O Contract Note,  No.:COMBINED/79281 Profit/Loss:-486.29, Less STT:12.00, Less other Charges:0.00",-1,3618,,-1,15,30,-1,,,29
6898,4,2023-06-28 00:00:00,"Short sell, position reconciled, bought quantity: 150, Sold in CN No.:COMBINED/79281",9185,3618,,-1,15,30,2323,,,29
6899,4,2023-06-30 00:00:00,"Short sell, position reconciled, bought quantity: 150, Sold in CN No.:COMBINED/79281",9198,3618,,-1,15,30,2331,,,29
6900,4,2023-05-31 00:00:00,"F and O Contract Note,  No.:COMBINED/52346 Profit/Loss:184.01, Less STT:4.00, Less other Charges:0.00",-1,3620,,-1,15,30,-1,,,29
6901,4,2023-06-02 00:00:00,"Short sell, position reconciled, bought quantity: 50, Sold in CN No.:COMBINED/52346",9379,3620,,-1,15,30,2245,,,29
6902,4,2023-06-01 00:00:00,"Short sell, position reconciled, bought quantity: 50, Sold in CN No.:COMBINED/52346",9390,3620,,-1,15,30,2249,,,29
6903,4,2023-06-02 00:00:00,"Short sell, position reconciled, bought quantity: 50, Sold in CN No.:COMBINED/53738",9380,3621,,-1,15,30,2248,,,29
6904,4,2023-07-04 00:00:00,"F and O Contract Note,  No.:COMBINED/85369",-1,3622,,-1,15,30,-1,,,29
6905,4,2023-07-11 00:00:00,"Short sell, position reconciled, bought quantity: 150, Sold in CN No.:COMBINED/85369",9446,3622,,-1,15,30,2368,,,29
6906,4,2023-07-06 00:00:00,"F and O Contract Note,  No.:COMBINED/88430 Profit/Loss:172.19, Less STT:11.00, Less other Charges:0.00",-1,3629,,-1,15,30,-1,,,29
6907,4,2023-07-07 00:00:00,"Short sell, position reconciled, bought quantity: 150, Sold in CN No.:COMBINED/88430",9439,3629,,-1,15,30,2378,,,29
6908,4,2023-07-07 00:00:00,"F and O Contract Note,  No.:COMBINED/89965",-1,3632,,-1,15,30,-1,,,29
6909,4,2023-07-11 00:00:00,"Short sell, position reconciled, bought quantity: 150, Sold in CN No.:COMBINED/89965",9451,3632,,-1,15,30,2380,,,29
6910,4,2023-07-11 00:00:00,"F and O Contract Note,  No.:COMBINED/92647 Profit/Loss:2,176.27, Less STT:25.00, Less other Charges:0.00",-1,3634,,-1,15,30,-1,,,29
6911,4,2023-07-13 00:00:00,"Short sell, position reconciled, bought quantity: 150, Sold in CN No.:COMBINED/92647",9488,3634,,-1,15,30,2383,,,29
6912,4,2023-07-12 00:00:00,"Short sell, position reconciled, bought quantity: 150, Sold in CN No.:COMBINED/92647",9481,3634,,-1,15,30,2342,,,29
6913,4,2023-07-12 00:00:00,"F and O Contract Note,  No.:COMBINED/94044 Profit/Loss:199.38, Less STT:9.00, Less other Charges:0.00",-1,3640,,-1,15,30,-1,,,29
6914,4,2023-07-13 00:00:00,"Short sell, position reconciled, bought quantity: 150, Sold in CN No.:COMBINED/94044",9497,3640,,-1,15,30,2391,,,29
6915,4,2023-07-13 00:00:00,"Short sell, position reconciled, bought quantity: 50, Sold in CN No.:COMBINED/94044",9503,3640,,-1,15,30,2392,,,29
6916,4,2023-07-13 00:00:00,"Short sell, position reconciled, bought quantity: 50, Sold in CN No.:COMBINED/94044",9506,3640,,-1,15,30,2393,,,29
6917,4,2023-07-13 00:00:00,"F and O Contract Note,  No.:COMBINED/95543 Profit/Loss:1,845.26, Less STT:30.00, Less other Charges:0.00",-1,3641,,-1,15,30,-1,,,29
6918,4,2023-07-14 00:00:00,"Short sell, position reconciled, bought quantity: 150, Sold in CN No.:COMBINED/95543",9644,3641,,-1,15,30,2384,,,29
6919,4,2023-07-14 00:00:00,"Short sell, position reconciled, bought quantity: 150, Sold in CN No.:COMBINED/95543",9646,3641,,-1,15,30,2380,,,29
6920,4,2023-07-14 00:00:00,"Short sell, position reconciled, bought quantity: 50, Sold in CN No.:COMBINED/95543",9654,3641,,-1,15,30,2399,,,29
6921,4,2023-07-14 00:00:00,"Short sell, position reconciled, bought quantity: 50, Sold in CN No.:COMBINED/95543",9658,3641,,-1,15,30,2401,,,29
6922,4,2023-07-17 00:00:00,"F and O Contract Note,  No.:COMBINED/98531 Profit/Loss:22.51, Less STT:32.00, Less other Charges:0.00",-1,3669,,-1,15,30,-1,,,29
6923,4,2023-07-18 00:00:00,"Short sell, position reconciled, bought quantity: 150, Sold in CN No.:COMBINED/98531",9604,3669,,-1,15,30,2415,,,29
6924,4,2023-07-18 00:00:00,"Short sell, position reconciled, bought quantity: 50, Sold in CN No.:COMBINED/98531",9608,3669,,-1,15,30,2416,,,29
6925,4,2023-07-18 00:00:00,"Short sell, position reconciled, bought quantity: 50, Sold in CN No.:COMBINED/98531",9614,3669,,-1,15,30,2419,,,29
6926,4,2023-07-19 00:00:00,"Short sell, position reconciled, bought quantity: 150, Sold in CN No.:COMBINED/98531",9635,3669,,-1,15,30,2378,,,29
6927,4,2023-07-18 00:00:00,"F and O Contract Note,  No.:COMBINED/100014 Profit/Loss:-89.23, Less STT:25.00, Less other Charges:0.00",-1,3671,,-1,15,30,-1,,,29
6928,4,2023-07-19 00:00:00,"Short sell, position reconciled, bought quantity: 150, Sold in CN No.:COMBINED/100014",9620,3671,,-1,15,30,2424,,,29
6929,4,2023-07-19 00:00:00,"Short sell, position reconciled, bought quantity: 50, Sold in CN No.:COMBINED/100014",9626,3671,,-1,15,30,2416,,,29
6930,4,2023-07-19 00:00:00,"Short sell, position reconciled, bought quantity: 50, Sold in CN No.:COMBINED/100014",9630,3671,,-1,15,30,2427,,,29
6931,4,2023-07-19 00:00:00,"F and O Contract Note,  No.:COMBINED/101512 Profit/Loss:-1,302.01, Less STT:38.00, Less other Charges:0.00",-1,3673,,-1,15,30,-1,,,29
6932,4,2023-07-20 00:00:00,"Short sell, position reconciled, bought quantity: 15, Sold in CN No.:COMBINED/101512",9688,3673,,-1,15,30,2430,,,29
6933,4,2023-07-20 00:00:00,"Short sell, position reconciled, bought quantity: 150, Sold in CN No.:COMBINED/101512",9691,3673,,-1,15,30,2431,,,29
6934,4,2023-07-20 00:00:00,"Short sell, position reconciled, bought quantity: 50, Sold in CN No.:COMBINED/101512",9696,3673,,-1,15,30,2432,,,29
6935,4,2023-07-20 00:00:00,"Short sell, position reconciled, bought quantity: 150, Sold in CN No.:COMBINED/101512",9698,3673,,-1,15,30,2433,,,29
6936,4,2023-07-20 00:00:00,"Short sell, position reconciled, bought quantity: 100, Sold in CN No.:COMBINED/101512",9700,3673,,-1,15,30,2434,,,29
6937,4,2023-07-20 00:00:00,"Short sell, position reconciled, bought quantity: 50, Sold in CN No.:COMBINED/101512",9702,3673,,-1,15,30,2435,,,29
6938,4,2023-07-14 00:00:00,"F and O Contract Note,  No.:COMBINED/97033 Profit/Loss:-4,426.89, Less STT:42.00, Less other Charges:0.00",-1,3675,,-1,15,30,-1,,,29
6939,4,2023-07-17 00:00:00,"Short sell, position reconciled, bought quantity: 150, Sold in CN No.:COMBINED/97033",9577,3675,,-1,15,30,2382,,,29
6940,4,2023-07-17 00:00:00,"Short sell, position reconciled, bought quantity: 150, Sold in CN No.:COMBINED/97033",9578,3675,,-1,15,30,2413,,,29
6941,4,2023-07-17 00:00:00,"Short sell, position reconciled, bought quantity: 50, Sold in CN No.:COMBINED/97033",9583,3675,,-1,15,30,2396,,,29
6942,4,2023-07-17 00:00:00,"Short sell, position reconciled, bought quantity: 50, Sold in CN No.:COMBINED/97033",9589,3675,,-1,15,30,2398,,,29
6943,4,2023-07-17 00:00:00,"Short sell, position reconciled, bought quantity: 50, Sold in CN No.:COMBINED/97033",9596,3675,,-1,15,30,2401,,,29
6944,4,2023-07-20 00:00:00,"F and O Contract Note,  No.:COMBINED/103034 Profit/Loss:-2,696.89, Less STT:52.00, Less other Charges:0.00",-1,3679,,-1,15,30,-1,,,29
6945,4,2023-07-21 00:00:00,"Short sell, position reconciled, bought quantity: 150, Sold in CN No.:COMBINED/103034",9720,3679,,-1,15,30,2432,,,29
6946,4,2023-07-21 00:00:00,"Short sell, position reconciled, bought quantity: 150, Sold in CN No.:COMBINED/103034",9724,3679,,-1,15,30,2448,,,29
6947,4,2023-07-21 00:00:00,"F and O Contract Note,  No.:COMBINED/104631 Profit/Loss:133.48, Less STT:55.00, Less other Charges:0.00",-1,3681,,-1,15,30,-1,,,29
6948,4,2023-07-27 00:00:00,"Short sell, position reconciled, bought quantity: 15, Sold in CN No.:COMBINED/104631",9850,3681,,-1,15,30,2487,,,29
6949,4,2023-07-24 00:00:00,"Short sell, position reconciled, bought quantity: 150, Sold in CN No.:COMBINED/104631",9745,3681,,-1,15,30,2447,,,29
6950,4,2023-07-24 00:00:00,"Short sell, position reconciled, bought quantity: 100, Sold in CN No.:COMBINED/104631",9747,3681,,-1,15,30,2377,,,29
6951,4,2023-07-24 00:00:00,"Short sell, position reconciled, bought quantity: 50, Sold in CN No.:COMBINED/104631",9748,3681,,-1,15,30,2432,,,29
6952,4,2023-07-24 00:00:00,"F and O Contract Note,  No.:COMBINED/106178 Profit/Loss:-152.99, Less STT:43.00, Less other Charges:0.00",-1,3684,,-1,15,30,-1,,,29
6953,4,2023-07-25 00:00:00,"Short sell, position reconciled, bought quantity: 150, Sold in CN No.:COMBINED/106178",9760,3684,,-1,15,30,2382,,,29
6954,4,2023-07-26 00:00:00,"Short sell, position reconciled, bought quantity: 150, Sold in CN No.:COMBINED/106178",9766,3684,,-1,15,30,2489,,,29
6955,4,2023-07-25 00:00:00,"F and O Contract Note,  No.:COMBINED/107764",-1,3686,,-1,15,30,-1,,,29
6956,4,2023-07-26 00:00:00,"Short sell, position reconciled, bought quantity: 150, Sold in CN No.:COMBINED/107764",9767,3686,,-1,15,30,2342,,,29
6957,4,2023-07-26 00:00:00,"F and O Contract Note,  No.:COMBINED/109271 Profit/Loss:-1,231.48, Less STT:23.00, Less other Charges:0.00",-1,3688,,-1,15,30,-1,,,29
6958,4,2023-07-27 00:00:00,"Short sell, position reconciled, bought quantity: 150, Sold in CN No.:COMBINED/109271",9847,3688,,-1,15,30,2382,,,29
6959,4,2023-07-27 00:00:00,"Short sell, position reconciled, bought quantity: 150, Sold in CN No.:COMBINED/109271",9855,3688,,-1,15,30,2447,,,29
6960,4,2023-07-27 00:00:00,"F and O Contract Note,  No.:COMBINED/110829 Profit/Loss:-9,238.65, Less STT:17.00, Less other Charges:0.00",-1,3694,,-1,15,30,-1,,,29
